Date,Portfolio,Cumulative
2010-01-01,0.0,1.0
2010-01-02,0.0,1.0
2010-01-03,0.0,1.0
2010-01-04,0.0,1.0
2010-01-05,0.0,1.0
2010-01-06,0.0,1.0
2010-01-07,0.0,1.0
2010-01-08,0.0,1.0
2010-01-09,0.0,1.0
2010-01-10,0.0,1.0
2010-01-11,0.0,1.0
2010-01-12,0.0,1.0
2010-01-13,0.0,1.0
2010-01-14,0.0,1.0
2010-01-15,0.0,1.0
2010-01-16,0.0,1.0
2010-01-17,0.0,1.0
2010-01-18,0.0,1.0
2010-01-19,0.0,1.0
2010-01-20,0.0,1.0
2010-01-21,0.0,1.0
2010-01-22,0.0,1.0
2010-01-23,0.0,1.0
2010-01-24,0.0,1.0
2010-01-25,0.0,1.0
2010-01-26,0.0,1.0
2010-01-27,0.0,1.0
2010-01-28,0.0,1.0
2010-01-29,0.0,1.0
2010-01-30,0.0,1.0
2010-01-31,0.0,1.0
2010-02-01,0.0,1.0
2010-02-02,0.0,1.0
2010-02-03,0.0,1.0
2010-02-04,0.0,1.0
2010-02-05,0.0,1.0
2010-02-06,0.0,1.0
2010-02-07,0.0,1.0
2010-02-08,0.0,1.0
2010-02-09,0.0,1.0
2010-02-10,0.0,1.0
2010-02-11,0.0,1.0
2010-02-12,0.0,1.0
2010-02-13,0.0,1.0
2010-02-14,0.0,1.0
2010-02-15,0.0,1.0
2010-02-16,0.0,1.0
2010-02-17,0.0,1.0
2010-02-18,0.0,1.0
2010-02-19,0.0,1.0
2010-02-20,0.0,1.0
2010-02-21,0.0,1.0
2010-02-22,0.0,1.0
2010-02-23,0.0,1.0
2010-02-24,0.0,1.0
2010-02-25,0.0,1.0
2010-02-26,0.0,1.0
2010-02-27,0.0,1.0
2010-02-28,0.0,1.0
2010-03-01,0.0,1.0
2010-03-02,0.0,1.0
2010-03-03,0.0,1.0
2010-03-04,0.0,1.0
2010-03-05,0.0,1.0
2010-03-06,0.0,1.0
2010-03-07,0.0,1.0
2010-03-08,0.0,1.0
2010-03-09,0.0,1.0
2010-03-10,0.0,1.0
2010-03-11,0.0,1.0
2010-03-12,0.0,1.0
2010-03-13,0.0,1.0
2010-03-14,0.0,1.0
2010-03-15,-0.0017790764946385984,0.9982209235053614
2010-03-16,0.0,0.9982209235053614
2010-03-17,0.0,0.9982209235053614
2010-03-18,0.0,0.9982209235053614
2010-03-19,0.0,0.9982209235053614
2010-03-20,0.0,0.9982209235053614
2010-03-21,0.0,0.9982209235053614
2010-03-22,0.0,0.9982209235053614
2010-03-23,0.0,0.9982209235053614
2010-03-24,0.0,0.9982209235053614
2010-03-25,0.00263993123593913,1.0008561581016913
2010-03-26,0.0,1.0008561581016913
2010-03-27,0.0,1.0008561581016913
2010-03-28,0.0,1.0008561581016913
2010-03-29,0.0,1.0008561581016913
2010-03-30,0.0006718436442210209,1.0015285769502913
2010-03-31,0.0,1.0015285769502913
2010-04-01,0.0,1.0015285769502913
2010-04-02,0.0,1.0015285769502913
2010-04-03,0.0,1.0015285769502913
2010-04-04,0.0,1.0015285769502913
2010-04-05,0.0,1.0015285769502913
2010-04-06,0.0,1.0015285769502913
2010-04-07,0.0,1.0015285769502913
2010-04-08,0.0,1.0015285769502913
2010-04-09,0.00529679125937974,1.0068334647627006
2010-04-10,0.0,1.0068334647627006
2010-04-11,0.0,1.0068334647627006
2010-04-12,0.0,1.0068334647627006
2010-04-13,0.0,1.0068334647627006
2010-04-14,0.005222154978926352,1.0120913051536609
2010-04-15,0.0,1.0120913051536609
2010-04-16,0.0,1.0120913051536609
2010-04-17,0.0,1.0120913051536609
2010-04-18,0.0,1.0120913051536609
2010-04-19,0.0020142461385753933,1.0141299061569524
2010-04-20,0.0,1.0141299061569524
2010-04-21,0.0,1.0141299061569524
2010-04-22,0.0,1.0141299061569524
2010-04-23,0.0,1.0141299061569524
2010-04-24,0.0,1.0141299061569524
2010-04-25,0.0,1.0141299061569524
2010-04-26,0.0,1.0141299061569524
2010-04-27,0.0,1.0141299061569524
2010-04-28,0.0,1.0141299061569524
2010-04-29,0.008862960258352898,1.0231180992120288
2010-04-30,0.0,1.0231180992120288
2010-05-01,0.0,1.0231180992120288
2010-05-02,0.0,1.0231180992120288
2010-05-03,0.0,1.0231180992120288
2010-05-04,-0.015617274109593491,1.0071397834101483
2010-05-05,0.0,1.0071397834101483
2010-05-06,0.0,1.0071397834101483
2010-05-07,0.0,1.0071397834101483
2010-05-08,0.0,1.0071397834101483
2010-05-09,0.0,1.0071397834101483
2010-05-10,0.0,1.0071397834101483
2010-05-11,0.0,1.0071397834101483
2010-05-12,0.0,1.0071397834101483
2010-05-13,0.0,1.0071397834101483
2010-05-14,-0.009622495274148712,0.9974485856038771
2010-05-15,0.0,0.9974485856038771
2010-05-16,0.0,0.9974485856038771
2010-05-17,0.0,0.9974485856038771
2010-05-18,0.0,0.9974485856038771
2010-05-19,-0.006879869321353666,0.9905862696801534
2010-05-20,0.0,0.9905862696801534
2010-05-21,0.0,0.9905862696801534
2010-05-22,0.0,0.9905862696801534
2010-05-23,0.0,0.9905862696801534
2010-05-24,-0.004181421114003886,0.9864442113368704
2010-05-25,0.0,0.9864442113368704
2010-05-26,0.0,0.9864442113368704
2010-05-27,0.0,0.9864442113368704
2010-05-28,0.0,0.9864442113368704
2010-05-29,0.0,0.9864442113368704
2010-05-30,0.0,0.9864442113368704
2010-05-31,0.0,0.9864442113368704
2010-06-01,0.0,0.9864442113368704
2010-06-02,0.0,0.9864442113368704
2010-06-03,0.0027211690100113935,0.9891284927548654
2010-06-04,0.0,0.9891284927548654
2010-06-05,0.0,0.9891284927548654
2010-06-06,0.0,0.9891284927548654
2010-06-07,0.0,0.9891284927548654
2010-06-08,0.002436870928590917,0.9915388712235006
2010-06-09,0.0,0.9915388712235006
2010-06-10,0.0,0.9915388712235006
2010-06-11,0.0,0.9915388712235006
2010-06-12,0.0,0.9915388712235006
2010-06-13,0.0,0.9915388712235006
2010-06-14,0.0,0.9915388712235006
2010-06-15,0.0,0.9915388712235006
2010-06-16,0.0,0.9915388712235006
2010-06-17,0.0,0.9915388712235006
2010-06-18,0.0006191405251338711,0.9921527731209205
2010-06-19,0.0,0.9921527731209205
2010-06-20,0.0,0.9921527731209205
2010-06-21,0.0,0.9921527731209205
2010-06-22,0.0,0.9921527731209205
2010-06-23,-0.003757565012794806,0.9884246945732941
2010-06-24,0.0,0.9884246945732941
2010-06-25,0.0,0.9884246945732941
2010-06-26,0.0,0.9884246945732941
2010-06-27,0.0,0.9884246945732941
2010-06-28,-0.005896918730046735,0.9825960344786241
2010-06-29,0.0,0.9825960344786241
2010-06-30,0.0,0.9825960344786241
2010-07-01,0.0,0.9825960344786241
2010-07-02,0.0,0.9825960344786241
2010-07-03,0.0,0.9825960344786241
2010-07-04,0.0,0.9825960344786241
2010-07-05,0.0,0.9825960344786241
2010-07-06,0.0,0.9825960344786241
2010-07-07,0.0,0.9825960344786241
2010-07-08,0.005097467312070913,0.9876047856453494
2010-07-09,0.0,0.9876047856453494
2010-07-10,0.0,0.9876047856453494
2010-07-11,0.0,0.9876047856453494
2010-07-12,0.0,0.9876047856453494
2010-07-13,0.011441717402777152,0.9989046805083338
2010-07-14,0.0,0.9989046805083338
2010-07-15,0.0,0.9989046805083338
2010-07-16,0.0,0.9989046805083338
2010-07-17,0.0,0.9989046805083338
2010-07-18,0.0,0.9989046805083338
2010-07-19,0.0,0.9989046805083338
2010-07-20,0.0,0.9989046805083338
2010-07-21,0.0,0.9989046805083338
2010-07-22,0.0,0.9989046805083338
2010-07-23,0.0021553457095419724,1.0010576654257088
2010-07-24,0.0,1.0010576654257088
2010-07-25,0.0,1.0010576654257088
2010-07-26,0.0,1.0010576654257088
2010-07-27,0.0,1.0010576654257088
2010-07-28,-0.002841372700646894,0.9982132875033949
2010-07-29,0.0,0.9982132875033949
2010-07-30,0.0,0.9982132875033949
2010-07-31,0.0,0.9982132875033949
2010-08-01,0.0,0.9982132875033949
2010-08-02,0.01171031550790902,1.0099026800442468
2010-08-03,0.0,1.0099026800442468
2010-08-04,0.0,1.0099026800442468
2010-08-05,0.0,1.0099026800442468
2010-08-06,0.0,1.0099026800442468
2010-08-07,0.0,1.0099026800442468
2010-08-08,0.0,1.0099026800442468
2010-08-09,0.0,1.0099026800442468
2010-08-10,0.0,1.0099026800442468
2010-08-11,0.0,1.0099026800442468
2010-08-12,-0.0024079478122959017,1.0074708870952025
2010-08-13,0.0,1.0074708870952025
2010-08-14,0.0,1.0074708870952025
2010-08-15,0.0,1.0074708870952025
2010-08-16,0.0,1.0074708870952025
2010-08-17,0.007410060415709152,1.014936307235646
2010-08-18,0.0,1.014936307235646
2010-08-19,0.0,1.014936307235646
2010-08-20,0.0,1.014936307235646
2010-08-21,0.0,1.014936307235646
2010-08-22,0.0,1.014936307235646
2010-08-23,0.0,1.014936307235646
2010-08-24,0.0,1.014936307235646
2010-08-25,0.0,1.014936307235646
2010-08-26,0.0,1.014936307235646
2010-08-27,0.006459900733879753,1.0214926950315988
2010-08-28,0.0,1.0214926950315988
2010-08-29,0.0,1.0214926950315988
2010-08-30,0.0,1.0214926950315988
2010-08-31,0.0,1.0214926950315988
2010-09-01,0.014136064318392143,1.0359325814693332
2010-09-02,0.0,1.0359325814693332
2010-09-03,0.0,1.0359325814693332
2010-09-04,0.0,1.0359325814693332
2010-09-05,0.0,1.0359325814693332
2010-09-06,0.0,1.0359325814693332
2010-09-07,0.0,1.0359325814693332
2010-09-08,0.0,1.0359325814693332
2010-09-09,0.0,1.0359325814693332
2010-09-10,0.0,1.0359325814693332
2010-09-11,0.0,1.0359325814693332
2010-09-12,0.0,1.0359325814693332
2010-09-13,0.0,1.0359325814693332
2010-09-14,0.0,1.0359325814693332
2010-09-15,0.0,1.0359325814693332
2010-09-16,0.0011156137530117516,1.0370882821044134
2010-09-17,0.0,1.0370882821044134
2010-09-18,0.0,1.0370882821044134
2010-09-19,0.0,1.0370882821044134
2010-09-20,0.0,1.0370882821044134
2010-09-21,-0.003991873738768831,1.0329483566262958
2010-09-22,0.0,1.0329483566262958
2010-09-23,0.0,1.0329483566262958
2010-09-24,0.0,1.0329483566262958
2010-09-25,0.0,1.0329483566262958
2010-09-26,0.0,1.0329483566262958
2010-09-27,0.0,1.0329483566262958
2010-09-28,0.0,1.0329483566262958
2010-09-29,0.0,1.0329483566262958
2010-09-30,0.0,1.0329483566262958
2010-10-01,0.0009811929351690506,1.033961878256212
2010-10-02,0.0,1.033961878256212
2010-10-03,0.0,1.033961878256212
2010-10-04,0.0,1.033961878256212
2010-10-05,0.0,1.033961878256212
2010-10-06,-0.0015207981928087814,1.0323894309003268
2010-10-07,0.0,1.0323894309003268
2010-10-08,0.0,1.0323894309003268
2010-10-09,0.0,1.0323894309003268
2010-10-10,0.0,1.0323894309003268
2010-10-11,0.0006862790633657412,1.0330979381519938
2010-10-12,0.0,1.0330979381519938
2010-10-13,0.0,1.0330979381519938
2010-10-14,0.0,1.0330979381519938
2010-10-15,0.0,1.0330979381519938
2010-10-16,0.0,1.0330979381519938
2010-10-17,0.0,1.0330979381519938
2010-10-18,0.0,1.0330979381519938
2010-10-19,0.0,1.0330979381519938
2010-10-20,0.0,1.0330979381519938
2010-10-21,0.00012350899504547428,1.0332255350401185
2010-10-22,0.0,1.0332255350401185
2010-10-23,0.0,1.0332255350401185
2010-10-24,0.0,1.0332255350401185
2010-10-25,0.0,1.0332255350401185
2010-10-26,0.0026070681092484676,1.0359192243821829
2010-10-27,0.0,1.0359192243821829
2010-10-28,0.0,1.0359192243821829
2010-10-29,0.0,1.0359192243821829
2010-10-30,0.0,1.0359192243821829
2010-10-31,0.0,1.0359192243821829
2010-11-01,0.0,1.0359192243821829
2010-11-02,0.0,1.0359192243821829
2010-11-03,0.0,1.0359192243821829
2010-11-04,0.0,1.0359192243821829
2010-11-05,0.0025766782090143377,1.0385884548739475
2010-11-06,0.0,1.0385884548739475
2010-11-07,0.0,1.0385884548739475
2010-11-08,0.0,1.0385884548739475
2010-11-09,0.0,1.0385884548739475
2010-11-10,0.0026999952558090737,1.0413926387748453
2010-11-11,0.0,1.0413926387748453
2010-11-12,0.0,1.0413926387748453
2010-11-13,0.0,1.0413926387748453
2010-11-14,0.0,1.0413926387748453
2010-11-15,-0.003475091825225351,1.0377737037289891
2010-11-16,0.0,1.0377737037289891
2010-11-17,0.0,1.0377737037289891
2010-11-18,0.0,1.0377737037289891
2010-11-19,0.0,1.0377737037289891
2010-11-20,0.0,1.0377737037289891
2010-11-21,0.0,1.0377737037289891
2010-11-22,0.0,1.0377737037289891
2010-11-23,0.0,1.0377737037289891
2010-11-24,0.0,1.0377737037289891
2010-11-25,0.0,1.0377737037289891
2010-11-26,0.0,1.0377737037289891
2010-11-27,0.0,1.0377737037289891
2010-11-28,0.0,1.0377737037289891
2010-11-29,0.0,1.0377737037289891
2010-11-30,-0.003152873017685859,1.034501735020038
2010-12-01,0.0,1.034501735020038
2010-12-02,0.0,1.034501735020038
2010-12-03,0.0,1.034501735020038
2010-12-04,0.0,1.034501735020038
2010-12-05,0.0,1.034501735020038
2010-12-06,0.0,1.034501735020038
2010-12-07,0.0,1.034501735020038
2010-12-08,0.0,1.034501735020038
2010-12-09,0.0,1.034501735020038
2010-12-10,0.002256234345663893,1.0368358133652391
2010-12-11,0.0,1.0368358133652391
2010-12-12,0.0,1.0368358133652391
2010-12-13,0.0,1.0368358133652391
2010-12-14,0.0,1.0368358133652391
2010-12-15,-0.0028580725913128994,1.0338724613453683
2010-12-16,0.0,1.0338724613453683
2010-12-17,0.0,1.0338724613453683
2010-12-18,0.0,1.0338724613453683
2010-12-19,0.0,1.0338724613453683
2010-12-20,0.003859948245955491,1.03786315553908
2010-12-21,0.0,1.03786315553908
2010-12-22,0.0,1.03786315553908
2010-12-23,0.0,1.03786315553908
2010-12-24,0.0,1.03786315553908
2010-12-25,0.0,1.03786315553908
2010-12-26,0.0,1.03786315553908
2010-12-27,0.0,1.03786315553908
2010-12-28,0.0,1.03786315553908
2010-12-29,0.0,1.03786315553908
2010-12-30,-0.0019449877171936914,1.0358445244494288
2010-12-31,0.0,1.0358445244494288
2011-01-01,0.0,1.0358445244494288
2011-01-02,0.0,1.0358445244494288
2011-01-03,0.0,1.0358445244494288
2011-01-04,-0.009076949592603906,1.0264422159152267
2011-01-05,0.0,1.0264422159152267
2011-01-06,0.0,1.0264422159152267
2011-01-07,0.0,1.0264422159152267
2011-01-08,0.0,1.0264422159152267
2011-01-09,0.0,1.0264422159152267
2011-01-10,0.0,1.0264422159152267
2011-01-11,0.0,1.0264422159152267
2011-01-12,0.0,1.0264422159152267
2011-01-13,0.0,1.0264422159152267
2011-01-14,-0.00034740887518065007,1.0260856207795577
2011-01-15,0.0,1.0260856207795577
2011-01-16,0.0,1.0260856207795577
2011-01-17,0.0,1.0260856207795577
2011-01-18,0.0,1.0260856207795577
2011-01-19,-0.005586487895648181,1.0203534058791741
2011-01-20,0.0,1.0203534058791741
2011-01-21,0.0,1.0203534058791741
2011-01-22,0.0,1.0203534058791741
2011-01-23,0.0,1.0203534058791741
2011-01-24,0.0038962024805223408,1.02432890935017
2011-01-25,0.0,1.02432890935017
2011-01-26,0.0,1.02432890935017
2011-01-27,0.0,1.02432890935017
2011-01-28,0.0,1.02432890935017
2011-01-29,0.0,1.02432890935017
2011-01-30,0.0,1.02432890935017
2011-01-31,0.0,1.02432890935017
2011-02-01,0.0,1.02432890935017
2011-02-02,0.0,1.02432890935017
2011-02-03,0.003157331065684286,1.0275630548371397
2011-02-04,0.0,1.0275630548371397
2011-02-05,0.0,1.0275630548371397
2011-02-06,0.0,1.0275630548371397
2011-02-07,0.0,1.0275630548371397
2011-02-08,0.005649427375690346,1.0333681976893847
2011-02-09,0.0,1.0333681976893847
2011-02-10,0.0,1.0333681976893847
2011-02-11,0.0,1.0333681976893847
2011-02-12,0.0,1.0333681976893847
2011-02-13,0.0,1.0333681976893847
2011-02-14,0.0,1.0333681976893847
2011-02-15,0.0,1.0333681976893847
2011-02-16,0.0,1.0333681976893847
2011-02-17,0.0,1.0333681976893847
2011-02-18,0.0009976354966949505,1.0343991224845552
2011-02-19,0.0,1.0343991224845552
2011-02-20,0.0,1.0343991224845552
2011-02-21,0.0,1.0343991224845552
2011-02-22,0.0,1.0343991224845552
2011-02-23,-0.0004732806927112731,1.0339095613513258
2011-02-24,0.0,1.0339095613513258
2011-02-25,0.0,1.0339095613513258
2011-02-26,0.0,1.0339095613513258
2011-02-27,0.0,1.0339095613513258
2011-02-28,0.004197363097178343,1.0382492551899618
2011-03-01,0.0,1.0382492551899618
2011-03-02,0.0,1.0382492551899618
2011-03-03,0.0,1.0382492551899618
2011-03-04,0.0,1.0382492551899618
2011-03-05,0.0,1.0382492551899618
2011-03-06,0.0,1.0382492551899618
2011-03-07,0.0,1.0382492551899618
2011-03-08,0.0,1.0382492551899618
2011-03-09,0.0,1.0382492551899618
2011-03-10,-0.011482786856603533,1.026327260288588
2011-03-11,0.0,1.026327260288588
2011-03-12,0.0,1.026327260288588
2011-03-13,0.0,1.026327260288588
2011-03-14,0.0,1.026327260288588
2011-03-15,-0.010155527982095848,1.0159043650779396
2011-03-16,0.0,1.0159043650779396
2011-03-17,0.0,1.0159043650779396
2011-03-18,0.0,1.0159043650779396
2011-03-19,0.0,1.0159043650779396
2011-03-20,0.0,1.0159043650779396
2011-03-21,0.0,1.0159043650779396
2011-03-22,0.0,1.0159043650779396
2011-03-23,0.0,1.0159043650779396
2011-03-24,0.0,1.0159043650779396
2011-03-25,-0.0017004322624167105,1.014176888520031
2011-03-26,0.0,1.014176888520031
2011-03-27,0.0,1.014176888520031
2011-03-28,0.0,1.014176888520031
2011-03-29,0.0,1.014176888520031
2011-03-30,0.0052836660686448695,1.019535460533508
2011-03-31,0.0,1.019535460533508
2011-04-01,0.0,1.019535460533508
2011-04-02,0.0,1.019535460533508
2011-04-03,0.0,1.019535460533508
2011-04-04,0.0007019271196243849,1.0202511001226753
2011-04-05,0.0,1.0202511001226753
2011-04-06,0.0,1.0202511001226753
2011-04-07,0.0,1.0202511001226753
2011-04-08,0.0,1.0202511001226753
2011-04-09,0.0,1.0202511001226753
2011-04-10,0.0,1.0202511001226753
2011-04-11,0.0,1.0202511001226753
2011-04-12,0.0,1.0202511001226753
2011-04-13,0.0,1.0202511001226753
2011-04-14,0.004188550798425188,1.0245244736826882
2011-04-15,0.0,1.0245244736826882
2011-04-16,0.0,1.0245244736826882
2011-04-17,0.0,1.0245244736826882
2011-04-18,0.0,1.0245244736826882
2011-04-19,0.0028937354914910693,1.027489176514085
2011-04-20,0.0,1.027489176514085
2011-04-21,0.0,1.027489176514085
2011-04-22,0.0,1.027489176514085
2011-04-23,0.0,1.027489176514085
2011-04-24,0.0,1.027489176514085
2011-04-25,0.0,1.027489176514085
2011-04-26,0.0,1.027489176514085
2011-04-27,0.0,1.027489176514085
2011-04-28,0.0,1.027489176514085
2011-04-29,0.0015546850488699178,1.029086598574687
2011-04-30,0.0,1.029086598574687
2011-05-01,0.0,1.029086598574687
2011-05-02,0.0,1.029086598574687
2011-05-03,0.0,1.029086598574687
2011-05-04,-0.0048617522021055706,1.0240834345379093
2011-05-05,0.0,1.0240834345379093
2011-05-06,0.0,1.0240834345379093
2011-05-07,0.0,1.0240834345379093
2011-05-08,0.0,1.0240834345379093
2011-05-09,0.004714423632153033,1.0289113976829913
2011-05-10,0.0,1.0289113976829913
2011-05-11,0.0,1.0289113976829913
2011-05-12,0.0,1.0289113976829913
2011-05-13,0.0,1.0289113976829913
2011-05-14,0.0,1.0289113976829913
2011-05-15,0.0,1.0289113976829913
2011-05-16,0.0,1.0289113976829913
2011-05-17,0.0,1.0289113976829913
2011-05-18,0.0,1.0289113976829913
2011-05-19,0.0010708289323124115,1.0300131857764163
2011-05-20,0.0,1.0300131857764163
2011-05-21,0.0,1.0300131857764163
2011-05-22,0.0,1.0300131857764163
2011-05-23,0.0,1.0300131857764163
2011-05-24,0.0008624235019023417,1.0309014933550993
2011-05-25,0.0,1.0309014933550993
2011-05-26,0.0,1.0309014933550993
2011-05-27,0.0,1.0309014933550993
2011-05-28,0.0,1.0309014933550993
2011-05-29,0.0,1.0309014933550993
2011-05-30,0.0,1.0309014933550993
2011-05-31,0.0,1.0309014933550993
2011-06-01,0.0,1.0309014933550993
2011-06-02,0.0,1.0309014933550993
2011-06-03,-0.0024782940402754547,1.0283466163280064
2011-06-04,0.0,1.0283466163280064
2011-06-05,0.0,1.0283466163280064
2011-06-06,0.0,1.0283466163280064
2011-06-07,0.0,1.0283466163280064
2011-06-08,-0.0026780204356249776,1.0255926830745743
2011-06-09,0.0,1.0255926830745743
2011-06-10,0.0,1.0255926830745743
2011-06-11,0.0,1.0255926830745743
2011-06-12,0.0,1.0255926830745743
2011-06-13,-0.0010393647587951865,1.0245267181829083
2011-06-14,0.0,1.0245267181829083
2011-06-15,0.0,1.0245267181829083
2011-06-16,0.0,1.0245267181829083
2011-06-17,0.0,1.0245267181829083
2011-06-18,0.0,1.0245267181829083
2011-06-19,0.0,1.0245267181829083
2011-06-20,0.0,1.0245267181829083
2011-06-21,0.0,1.0245267181829083
2011-06-22,0.0,1.0245267181829083
2011-06-23,-0.0077555992904624615,1.016580899494309
2011-06-24,0.0,1.016580899494309
2011-06-25,0.0,1.016580899494309
2011-06-26,0.0,1.016580899494309
2011-06-27,0.0,1.016580899494309
2011-06-28,0.007723411377538848,1.0244323719796522
2011-06-29,0.0,1.0244323719796522
2011-06-30,0.0,1.0244323719796522
2011-07-01,0.0,1.0244323719796522
2011-07-02,0.0,1.0244323719796522
2011-07-03,0.0,1.0244323719796522
2011-07-04,0.0,1.0244323719796522
2011-07-05,0.0,1.0244323719796522
2011-07-06,0.0,1.0244323719796522
2011-07-07,0.0,1.0244323719796522
2011-07-08,-0.0009833755790247195,1.023424970202685
2011-07-09,0.0,1.023424970202685
2011-07-10,0.0,1.023424970202685
2011-07-11,0.0,1.023424970202685
2011-07-12,0.0,1.023424970202685
2011-07-13,0.0038865515924546663,1.0274025641503841
2011-07-14,0.0,1.0274025641503841
2011-07-15,0.0,1.0274025641503841
2011-07-16,0.0,1.0274025641503841
2011-07-17,0.0,1.0274025641503841
2011-07-18,-0.002038978427891907,1.0253077124853207
2011-07-19,0.0,1.0253077124853207
2011-07-20,0.0,1.0253077124853207
2011-07-21,0.0,1.0253077124853207
2011-07-22,0.0,1.0253077124853207
2011-07-23,0.0,1.0253077124853207
2011-07-24,0.0,1.0253077124853207
2011-07-25,0.0,1.0253077124853207
2011-07-26,0.0,1.0253077124853207
2011-07-27,0.0,1.0253077124853207
2011-07-28,0.000829154420397675,1.0261578509073959
2011-07-29,0.0,1.0261578509073959
2011-07-30,0.0,1.0261578509073959
2011-07-31,0.0,1.0261578509073959
2011-08-01,0.0,1.0261578509073959
2011-08-02,-0.0106081011025437,1.0152722646778012
2011-08-03,0.0,1.0152722646778012
2011-08-04,0.0,1.0152722646778012
2011-08-05,0.0,1.0152722646778012
2011-08-06,0.0,1.0152722646778012
2011-08-07,0.0,1.0152722646778012
2011-08-08,0.0,1.0152722646778012
2011-08-09,0.0,1.0152722646778012
2011-08-10,0.0,1.0152722646778012
2011-08-11,0.0,1.0152722646778012
2011-08-12,0.0010755026083750414,1.016364192646673
2011-08-13,0.0,1.016364192646673
2011-08-14,0.0,1.016364192646673
2011-08-15,0.0,1.016364192646673
2011-08-16,0.0,1.016364192646673
2011-08-17,0.00019371912626484707,1.0165610818300395
2011-08-18,0.0,1.0165610818300395
2011-08-19,0.0,1.0165610818300395
2011-08-20,0.0,1.0165610818300395
2011-08-21,0.0,1.0165610818300395
2011-08-22,0.005438300354343284,1.0220894463215673
2011-08-23,0.0,1.0220894463215673
2011-08-24,0.0,1.0220894463215673
2011-08-25,0.0,1.0220894463215673
2011-08-26,0.0,1.0220894463215673
2011-08-27,0.0,1.0220894463215673
2011-08-28,0.0,1.0220894463215673
2011-08-29,0.0,1.0220894463215673
2011-08-30,0.0,1.0220894463215673
2011-08-31,0.0,1.0220894463215673
2011-09-01,-0.006749276166928017,1.0151910823810404
2011-09-02,0.0,1.0151910823810404
2011-09-03,0.0,1.0151910823810404
2011-09-04,0.0,1.0151910823810404
2011-09-05,0.0,1.0151910823810404
2011-09-06,-0.0022715020976180364,1.0128850737079287
2011-09-07,0.0,1.0128850737079287
2011-09-08,0.0,1.0128850737079287
2011-09-09,0.0,1.0128850737079287
2011-09-10,0.0,1.0128850737079287
2011-09-11,0.0,1.0128850737079287
2011-09-12,0.0,1.0128850737079287
2011-09-13,0.0,1.0128850737079287
2011-09-14,0.0,1.0128850737079287
2011-09-15,0.0,1.0128850737079287
2011-09-16,0.008198664185834838,1.0211893782861046
2011-09-17,0.0,1.0211893782861046
2011-09-18,0.0,1.0211893782861046
2011-09-19,0.0,1.0211893782861046
2011-09-20,0.0,1.0211893782861046
2011-09-21,-0.016138882630552846,1.004708522766378
2011-09-22,0.0,1.004708522766378
2011-09-23,0.0,1.004708522766378
2011-09-24,0.0,1.004708522766378
2011-09-25,0.0,1.004708522766378
2011-09-26,0.002787856442822318,1.0075095058947305
2011-09-27,0.0,1.0075095058947305
2011-09-28,0.0,1.0075095058947305
2011-09-29,0.0,1.0075095058947305
2011-09-30,0.0,1.0075095058947305
2011-10-01,0.0,1.0075095058947305
2011-10-02,0.0,1.0075095058947305
2011-10-03,0.0,1.0075095058947305
2011-10-04,0.0,1.0075095058947305
2011-10-05,0.0,1.0075095058947305
2011-10-06,0.0122878818485741,1.0198896636644803
2011-10-07,0.0,1.0198896636644803
2011-10-08,0.0,1.0198896636644803
2011-10-09,0.0,1.0198896636644803
2011-10-10,0.0,1.0198896636644803
2011-10-11,-0.0021916885625532945,1.0176543831535605
2011-10-12,0.0,1.0176543831535605
2011-10-13,0.0,1.0176543831535605
2011-10-14,0.0,1.0176543831535605
2011-10-15,0.0,1.0176543831535605
2011-10-16,0.0,1.0176543831535605
2011-10-17,0.0,1.0176543831535605
2011-10-18,0.0,1.0176543831535605
2011-10-19,0.0,1.0176543831535605
2011-10-20,0.0,1.0176543831535605
2011-10-21,0.012503617410572643,1.030378744216705
2011-10-22,0.0,1.030378744216705
2011-10-23,0.0,1.030378744216705
2011-10-24,0.0,1.030378744216705
2011-10-25,0.0,1.030378744216705
2011-10-26,0.0010535355085241926,1.0314642848109659
2011-10-27,0.0,1.0314642848109659
2011-10-28,0.0,1.0314642848109659
2011-10-29,0.0,1.0314642848109659
2011-10-30,0.0,1.0314642848109659
2011-10-31,-0.011149171633014567,1.0199643124662838
2011-11-01,0.0,1.0199643124662838
2011-11-02,0.0,1.0199643124662838
2011-11-03,0.0,1.0199643124662838
2011-11-04,0.0,1.0199643124662838
2011-11-05,0.0,1.0199643124662838
2011-11-06,0.0,1.0199643124662838
2011-11-07,0.0,1.0199643124662838
2011-11-08,0.0,1.0199643124662838
2011-11-09,0.0,1.0199643124662838
2011-11-10,-0.0021885131852668266,1.0177321071199499
2011-11-11,0.0,1.0177321071199499
2011-11-12,0.0,1.0177321071199499
2011-11-13,0.0,1.0177321071199499
2011-11-14,0.0,1.0177321071199499
2011-11-15,0.003477351439789278,1.021271119327963
2011-11-16,0.0,1.021271119327963
2011-11-17,0.0,1.021271119327963
2011-11-18,0.0,1.021271119327963
2011-11-19,0.0,1.021271119327963
2011-11-20,0.0,1.021271119327963
2011-11-21,0.0,1.021271119327963
2011-11-22,0.0,1.021271119327963
2011-11-23,0.0,1.021271119327963
2011-11-24,0.0,1.021271119327963
2011-11-25,-0.003331317182159316,1.0178689413005029
2011-11-26,0.0,1.0178689413005029
2011-11-27,0.0,1.0178689413005029
2011-11-28,0.0,1.0178689413005029
2011-11-29,0.0,1.0178689413005029
2011-11-30,0.02321280708520827,1.0414965366729365
2011-12-01,0.0,1.0414965366729365
2011-12-02,0.0,1.0414965366729365
2011-12-03,0.0,1.0414965366729365
2011-12-04,0.0,1.0414965366729365
2011-12-05,0.0034877246977356724,1.0451289898664968
2011-12-06,0.0,1.0451289898664968
2011-12-07,0.0,1.0451289898664968
2011-12-08,0.0,1.0451289898664968
2011-12-09,0.0,1.0451289898664968
2011-12-10,0.0,1.0451289898664968
2011-12-11,0.0,1.0451289898664968
2011-12-12,0.0,1.0451289898664968
2011-12-13,0.0,1.0451289898664968
2011-12-14,0.0,1.0451289898664968
2011-12-15,0.0013287326913312262,1.0465176869219903
2011-12-16,0.0,1.0465176869219903
2011-12-17,0.0,1.0465176869219903
2011-12-18,0.0,1.0465176869219903
2011-12-19,0.0,1.0465176869219903
2011-12-20,0.0165366800978801,1.0638236151273928
2011-12-21,0.0,1.0638236151273928
2011-12-22,0.0,1.0638236151273928
2011-12-23,0.0,1.0638236151273928
2011-12-24,0.0,1.0638236151273928
2011-12-25,0.0,1.0638236151273928
2011-12-26,0.0,1.0638236151273928
2011-12-27,0.0,1.0638236151273928
2011-12-28,0.0,1.0638236151273928
2011-12-29,0.0,1.0638236151273928
2011-12-30,0.0017895080857391397,1.0657273360884634
2011-12-31,0.0,1.0657273360884634
2012-01-01,0.0,1.0657273360884634
2012-01-02,0.0,1.0657273360884634
2012-01-03,0.0,1.0657273360884634
2012-01-04,0.0009799066742155658,1.0667716494179904
2012-01-05,0.0,1.0667716494179904
2012-01-06,0.0,1.0667716494179904
2012-01-07,0.0,1.0667716494179904
2012-01-08,0.0,1.0667716494179904
2012-01-09,-0.004957881937741993,1.0614827215256457
2012-01-10,0.0,1.0614827215256457
2012-01-11,0.0,1.0614827215256457
2012-01-12,0.0,1.0614827215256457
2012-01-13,0.0,1.0614827215256457
2012-01-14,0.0,1.0614827215256457
2012-01-15,0.0,1.0614827215256457
2012-01-16,0.0,1.0614827215256457
2012-01-17,0.0,1.0614827215256457
2012-01-18,0.0,1.0614827215256457
2012-01-19,0.002175880189042745,1.0637923807504246
2012-01-20,0.0,1.0637923807504246
2012-01-21,0.0,1.0637923807504246
2012-01-22,0.0,1.0637923807504246
2012-01-23,0.0,1.0637923807504246
2012-01-24,-0.0017330207618660631,1.0619488064682692
2012-01-25,0.0,1.0619488064682692
2012-01-26,0.0,1.0619488064682692
2012-01-27,0.0,1.0619488064682692
2012-01-28,0.0,1.0619488064682692
2012-01-29,0.0,1.0619488064682692
2012-01-30,0.0,1.0619488064682692
2012-01-31,0.0,1.0619488064682692
2012-02-01,0.0,1.0619488064682692
2012-02-02,0.0,1.0619488064682692
2012-02-03,0.005878004754975168,1.06819094660223
2012-02-04,0.0,1.06819094660223
2012-02-05,0.0,1.06819094660223
2012-02-06,0.0,1.06819094660223
2012-02-07,0.0,1.06819094660223
2012-02-08,0.0006818742662032712,1.0689193185201094
2012-02-09,0.0,1.0689193185201094
2012-02-10,0.0,1.0689193185201094
2012-02-11,0.0,1.0689193185201094
2012-02-12,0.0,1.0689193185201094
2012-02-13,0.004999965416726315,1.0742638781459806
2012-02-14,0.0,1.0742638781459806
2012-02-15,0.0,1.0742638781459806
2012-02-16,0.0,1.0742638781459806
2012-02-17,0.0,1.0742638781459806
2012-02-18,0.0,1.0742638781459806
2012-02-19,0.0,1.0742638781459806
2012-02-20,0.0,1.0742638781459806
2012-02-21,0.0,1.0742638781459806
2012-02-22,0.0,1.0742638781459806
2012-02-23,0.004400763222696373,1.0789914591123966
2012-02-24,0.0,1.0789914591123966
2012-02-25,0.0,1.0789914591123966
2012-02-26,0.0,1.0789914591123966
2012-02-27,0.0,1.0789914591123966
2012-02-28,0.003812615569585528,1.0831052387488582
2012-02-29,0.0,1.0831052387488582
2012-03-01,0.0,1.0831052387488582
2012-03-02,0.0,1.0831052387488582
2012-03-03,0.0,1.0831052387488582
2012-03-04,0.0,1.0831052387488582
2012-03-05,0.0,1.0831052387488582
2012-03-06,0.0,1.0831052387488582
2012-03-07,0.0,1.0831052387488582
2012-03-08,0.0,1.0831052387488582
2012-03-09,0.0020172631690917506,1.0852901470552367
2012-03-10,0.0,1.0852901470552367
2012-03-11,0.0,1.0852901470552367
2012-03-12,0.0,1.0852901470552367
2012-03-13,0.0,1.0852901470552367
2012-03-14,-0.005568736432321513,1.0792464522736906
2012-03-15,0.0,1.0792464522736906
2012-03-16,0.0,1.0792464522736906
2012-03-17,0.0,1.0792464522736906
2012-03-18,0.0,1.0792464522736906
2012-03-19,0.002513918944282675,1.0819595903756114
2012-03-20,0.0,1.0819595903756114
2012-03-21,0.0,1.0819595903756114
2012-03-22,0.0,1.0819595903756114
2012-03-23,0.0,1.0819595903756114
2012-03-24,0.0,1.0819595903756114
2012-03-25,0.0,1.0819595903756114
2012-03-26,0.0,1.0819595903756114
2012-03-27,0.0,1.0819595903756114
2012-03-28,0.0,1.0819595903756114
2012-03-29,-0.001360961087513065,1.0804870854748487
2012-03-30,0.0,1.0804870854748487
2012-03-31,0.0,1.0804870854748487
2012-04-01,0.0,1.0804870854748487
2012-04-02,0.0,1.0804870854748487
2012-04-03,-0.002733024421743983,1.077534087882867
2012-04-04,0.0,1.077534087882867
2012-04-05,0.0,1.077534087882867
2012-04-06,0.0,1.077534087882867
2012-04-07,0.0,1.077534087882867
2012-04-08,0.0,1.077534087882867
2012-04-09,0.0,1.077534087882867
2012-04-10,0.0,1.077534087882867
2012-04-11,0.0,1.077534087882867
2012-04-12,0.0,1.077534087882867
2012-04-13,-0.0076205520496670145,1.069322683280865
2012-04-14,0.0,1.069322683280865
2012-04-15,0.0,1.069322683280865
2012-04-16,0.0,1.069322683280865
2012-04-17,0.0,1.069322683280865
2012-04-18,-0.0033166307292288684,1.0657761348100343
2012-04-19,0.0,1.0657761348100343
2012-04-20,0.0,1.0657761348100343
2012-04-21,0.0,1.0657761348100343
2012-04-22,0.0,1.0657761348100343
2012-04-23,-0.00538329761235303,1.0600387446882087
2012-04-24,0.0,1.0600387446882087
2012-04-25,0.0,1.0600387446882087
2012-04-26,0.0,1.0600387446882087
2012-04-27,0.0,1.0600387446882087
2012-04-28,0.0,1.0600387446882087
2012-04-29,0.0,1.0600387446882087
2012-04-30,0.0,1.0600387446882087
2012-05-01,0.0,1.0600387446882087
2012-05-02,0.0,1.0600387446882087
2012-05-03,-0.00435956183507752,1.0554174402331624
2012-05-04,0.0,1.0554174402331624
2012-05-05,0.0,1.0554174402331624
2012-05-06,0.0,1.0554174402331624
2012-05-07,0.0,1.0554174402331624
2012-05-08,-0.004947965580332984,1.0501952710660056
2012-05-09,0.0,1.0501952710660056
2012-05-10,0.0,1.0501952710660056
2012-05-11,0.0,1.0501952710660056
2012-05-12,0.0,1.0501952710660056
2012-05-13,0.0,1.0501952710660056
2012-05-14,0.0,1.0501952710660056
2012-05-15,0.0,1.0501952710660056
2012-05-16,0.0,1.0501952710660056
2012-05-17,0.0,1.0501952710660056
2012-05-18,-0.005669810127091484,1.044240863282692
2012-05-19,0.0,1.044240863282692
2012-05-20,0.0,1.044240863282692
2012-05-21,0.0,1.044240863282692
2012-05-22,0.0,1.044240863282692
2012-05-23,-0.0033106957778264445,1.0407836994655884
2012-05-24,0.0,1.0407836994655884
2012-05-25,0.0,1.0407836994655884
2012-05-26,0.0,1.0407836994655884
2012-05-27,0.0,1.0407836994655884
2012-05-28,0.0,1.0407836994655884
2012-05-29,0.0,1.0407836994655884
2012-05-30,0.0,1.0407836994655884
2012-05-31,0.0,1.0407836994655884
2012-06-01,0.0,1.0407836994655884
2012-06-02,0.0,1.0407836994655884
2012-06-03,0.0,1.0407836994655884
2012-06-04,0.0,1.0407836994655884
2012-06-05,0.0,1.0407836994655884
2012-06-06,0.0,1.0407836994655884
2012-06-07,-0.006047328608201564,1.0344897384248601
2012-06-08,0.0,1.0344897384248601
2012-06-09,0.0,1.0344897384248601
2012-06-10,0.0,1.0344897384248601
2012-06-11,0.0,1.0344897384248601
2012-06-12,0.006301668158971485,1.0410087494702747
2012-06-13,0.0,1.0410087494702747
2012-06-14,0.0,1.0410087494702747
2012-06-15,0.0,1.0410087494702747
2012-06-16,0.0,1.0410087494702747
2012-06-17,0.0,1.0410087494702747
2012-06-18,0.0,1.0410087494702747
2012-06-19,0.0,1.0410087494702747
2012-06-20,0.0,1.0410087494702747
2012-06-21,0.0,1.0410087494702747
2012-06-22,0.004419848645649371,1.04560985058173
2012-06-23,0.0,1.04560985058173
2012-06-24,0.0,1.04560985058173
2012-06-25,0.0,1.04560985058173
2012-06-26,0.0,1.04560985058173
2012-06-27,0.003462461150270306,1.049230234067709
2012-06-28,0.0,1.049230234067709
2012-06-29,0.0,1.049230234067709
2012-06-30,0.0,1.049230234067709
2012-07-01,0.0,1.049230234067709
2012-07-02,0.0014695414319859657,1.050772121368364
2012-07-03,0.0,1.050772121368364
2012-07-04,0.0,1.050772121368364
2012-07-05,0.0,1.050772121368364
2012-07-06,0.0,1.050772121368364
2012-07-07,0.0,1.050772121368364
2012-07-08,0.0,1.050772121368364
2012-07-09,0.0,1.050772121368364
2012-07-10,0.0,1.050772121368364
2012-07-11,0.0,1.050772121368364
2012-07-12,-0.0036506182081113194,1.046936153529521
2012-07-13,0.0,1.046936153529521
2012-07-14,0.0,1.046936153529521
2012-07-15,0.0,1.046936153529521
2012-07-16,0.0,1.046936153529521
2012-07-17,0.00284030822021758,1.0499097748924338
2012-07-18,0.0,1.0499097748924338
2012-07-19,0.0,1.0499097748924338
2012-07-20,0.0,1.0499097748924338
2012-07-21,0.0,1.0499097748924338
2012-07-22,0.0,1.0499097748924338
2012-07-23,0.0,1.0499097748924338
2012-07-24,0.0,1.0499097748924338
2012-07-25,0.0,1.0499097748924338
2012-07-26,0.0,1.0499097748924338
2012-07-27,0.01152929406312908,1.0620144934269222
2012-07-28,0.0,1.0620144934269222
2012-07-29,0.0,1.0620144934269222
2012-07-30,0.0,1.0620144934269222
2012-07-31,0.0,1.0620144934269222
2012-08-01,-0.0020585141186812246,1.059828321597959
2012-08-02,0.0,1.059828321597959
2012-08-03,0.0,1.059828321597959
2012-08-04,0.0,1.059828321597959
2012-08-05,0.0,1.059828321597959
2012-08-06,0.0017888686409943124,1.0617242152473032
2012-08-07,0.0,1.0617242152473032
2012-08-08,0.0,1.0617242152473032
2012-08-09,0.0,1.0617242152473032
2012-08-10,0.0,1.0617242152473032
2012-08-11,0.0,1.0617242152473032
2012-08-12,0.0,1.0617242152473032
2012-08-13,0.0,1.0617242152473032
2012-08-14,0.0,1.0617242152473032
2012-08-15,0.0,1.0617242152473032
2012-08-16,0.0067447200796534705,1.068885247880936
2012-08-17,0.0,1.068885247880936
2012-08-18,0.0,1.068885247880936
2012-08-19,0.0,1.068885247880936
2012-08-20,0.0,1.068885247880936
2012-08-21,0.0012389182087654829,1.0702095092776167
2012-08-22,0.0,1.0702095092776167
2012-08-23,0.0,1.0702095092776167
2012-08-24,0.0,1.0702095092776167
2012-08-25,0.0,1.0702095092776167
2012-08-26,0.0,1.0702095092776167
2012-08-27,0.0,1.0702095092776167
2012-08-28,0.0,1.0702095092776167
2012-08-29,0.0,1.0702095092776167
2012-08-30,0.0,1.0702095092776167
2012-08-31,0.006542304021550686,1.0772111452540654
2012-09-01,0.0,1.0772111452540654
2012-09-02,0.0,1.0772111452540654
2012-09-03,0.0,1.0772111452540654
2012-09-04,0.0,1.0772111452540654
2012-09-05,-0.0008398353530395901,1.0763064652515928
2012-09-06,0.0,1.0763064652515928
2012-09-07,0.0,1.0763064652515928
2012-09-08,0.0,1.0763064652515928
2012-09-09,0.0,1.0763064652515928
2012-09-10,-0.004895832218645628,1.0710370493818775
2012-09-11,0.0,1.0710370493818775
2012-09-12,0.0,1.0710370493818775
2012-09-13,0.0,1.0710370493818775
2012-09-14,0.0,1.0710370493818775
2012-09-15,0.0,1.0710370493818775
2012-09-16,0.0,1.0710370493818775
2012-09-17,0.0,1.0710370493818775
2012-09-18,0.0,1.0710370493818775
2012-09-19,0.0,1.0710370493818775
2012-09-20,-0.0014785540368209378,1.0694534632289292
2012-09-21,0.0,1.0694534632289292
2012-09-22,0.0,1.0694534632289292
2012-09-23,0.0,1.0694534632289292
2012-09-24,0.0,1.0694534632289292
2012-09-25,-0.006749037716472636,1.0622356814695848
2012-09-26,0.0,1.0622356814695848
2012-09-27,0.0,1.0622356814695848
2012-09-28,0.0,1.0622356814695848
2012-09-29,0.0,1.0622356814695848
2012-09-30,0.0,1.0622356814695848
2012-10-01,0.0,1.0622356814695848
2012-10-02,0.0,1.0622356814695848
2012-10-03,0.0,1.0622356814695848
2012-10-04,0.0,1.0622356814695848
2012-10-05,-0.0022137517141125147,1.05988415540894
2012-10-06,0.0,1.05988415540894
2012-10-07,0.0,1.05988415540894
2012-10-08,0.0,1.05988415540894
2012-10-09,0.0,1.05988415540894
2012-10-10,-0.0021597890250962632,1.0575950292422143
2012-10-11,0.0,1.0575950292422143
2012-10-12,0.0,1.0575950292422143
2012-10-13,0.0,1.0575950292422143
2012-10-14,0.0,1.0575950292422143
2012-10-15,0.001196371641870494,1.0588603059437829
2012-10-16,0.0,1.0588603059437829
2012-10-17,0.0,1.0588603059437829
2012-10-18,0.0,1.0588603059437829
2012-10-19,0.0,1.0588603059437829
2012-10-20,0.0,1.0588603059437829
2012-10-21,0.0,1.0588603059437829
2012-10-22,0.0,1.0588603059437829
2012-10-23,0.0,1.0588603059437829
2012-10-24,0.0,1.0588603059437829
2012-10-25,4.8461006563194076e-05,1.0589116193800188
2012-10-26,0.0,1.0589116193800188
2012-10-27,0.0,1.0589116193800188
2012-10-28,0.0,1.0589116193800188
2012-10-29,0.0,1.0589116193800188
2012-10-30,0.0,1.0589116193800188
2012-10-31,0.0,1.0589116193800188
2012-11-01,0.0,1.0589116193800188
2012-11-02,0.0,1.0589116193800188
2012-11-03,0.0,1.0589116193800188
2012-11-04,0.0,1.0589116193800188
2012-11-05,0.0,1.0589116193800188
2012-11-06,0.0,1.0589116193800188
2012-11-07,0.0,1.0589116193800188
2012-11-08,0.0,1.0589116193800188
2012-11-09,0.0008742586178481969,1.0598373819888014
2012-11-10,0.0,1.0598373819888014
2012-11-11,0.0,1.0598373819888014
2012-11-12,0.0,1.0598373819888014
2012-11-13,0.0,1.0598373819888014
2012-11-14,-0.006545512865011371,1.0529002027701737
2012-11-15,0.0,1.0529002027701737
2012-11-16,0.0,1.0529002027701737
2012-11-17,0.0,1.0529002027701737
2012-11-18,0.0,1.0529002027701737
2012-11-19,0.010569148706447836,1.0640284615863007
2012-11-20,0.0,1.0640284615863007
2012-11-21,0.0,1.0640284615863007
2012-11-22,0.0,1.0640284615863007
2012-11-23,0.0,1.0640284615863007
2012-11-24,0.0,1.0640284615863007
2012-11-25,0.0,1.0640284615863007
2012-11-26,0.0,1.0640284615863007
2012-11-27,0.0,1.0640284615863007
2012-11-28,0.0,1.0640284615863007
2012-11-29,0.003112710853572639,1.0673404745271906
2012-11-30,0.0,1.0673404745271906
2012-12-01,0.0,1.0673404745271906
2012-12-02,0.0,1.0673404745271906
2012-12-03,0.0,1.0673404745271906
2012-12-04,-0.0028537477864656884,1.0642945540106032
2012-12-05,0.0,1.0642945540106032
2012-12-06,0.0,1.0642945540106032
2012-12-07,0.0,1.0642945540106032
2012-12-08,0.0,1.0642945540106032
2012-12-09,0.0,1.0642945540106032
2012-12-10,0.0,1.0642945540106032
2012-12-11,0.0,1.0642945540106032
2012-12-12,0.0,1.0642945540106032
2012-12-13,0.0,1.0642945540106032
2012-12-14,-0.0020734247843522775,1.0620878193044665
2012-12-15,0.0,1.0620878193044665
2012-12-16,0.0,1.0620878193044665
2012-12-17,0.0,1.0620878193044665
2012-12-18,0.0,1.0620878193044665
2012-12-19,-0.0034503917408450126,1.0584232002646863
2012-12-20,0.0,1.0584232002646863
2012-12-21,0.0,1.0584232002646863
2012-12-22,0.0,1.0584232002646863
2012-12-23,0.0,1.0584232002646863
2012-12-24,-0.002551582000604939,1.0557225466778684
2012-12-25,0.0,1.0557225466778684
2012-12-26,0.0,1.0557225466778684
2012-12-27,0.0,1.0557225466778684
2012-12-28,0.0,1.0557225466778684
2012-12-29,0.0,1.0557225466778684
2012-12-30,0.0,1.0557225466778684
2012-12-31,0.0,1.0557225466778684
2013-01-01,0.0,1.0557225466778684
2013-01-02,0.0,1.0557225466778684
2013-01-03,-0.00281557563871766,1.0527500799941971
2013-01-04,0.0,1.0527500799941971
2013-01-05,0.0,1.0527500799941971
2013-01-06,0.0,1.0527500799941971
2013-01-07,0.0,1.0527500799941971
2013-01-08,-0.0003761601423330152,1.0523540773742655
2013-01-09,0.0,1.0523540773742655
2013-01-10,0.0,1.0523540773742655
2013-01-11,0.0,1.0523540773742655
2013-01-12,0.0,1.0523540773742655
2013-01-13,0.0,1.0523540773742655
2013-01-14,0.0,1.0523540773742655
2013-01-15,0.0,1.0523540773742655
2013-01-16,0.0,1.0523540773742655
2013-01-17,0.0,1.0523540773742655
2013-01-18,0.0003345417378862347,1.0527061337361818
2013-01-19,0.0,1.0527061337361818
2013-01-20,0.0,1.0527061337361818
2013-01-21,0.0,1.0527061337361818
2013-01-22,0.0,1.0527061337361818
2013-01-23,0.00439777121376398,1.0573356944676795
2013-01-24,0.0,1.0573356944676795
2013-01-25,0.0,1.0573356944676795
2013-01-26,0.0,1.0573356944676795
2013-01-27,0.0,1.0573356944676795
2013-01-28,-0.0012467326237529442,1.056017479563128
2013-01-29,0.0,1.056017479563128
2013-01-30,0.0,1.056017479563128
2013-01-31,0.0,1.056017479563128
2013-02-01,0.0,1.056017479563128
2013-02-02,0.0,1.056017479563128
2013-02-03,0.0,1.056017479563128
2013-02-04,0.0,1.056017479563128
2013-02-05,0.0,1.056017479563128
2013-02-06,0.0,1.056017479563128
2013-02-07,-0.001614892338020041,1.0543121250265663
2013-02-08,0.0,1.0543121250265663
2013-02-09,0.0,1.0543121250265663
2013-02-10,0.0,1.0543121250265663
2013-02-11,0.0,1.0543121250265663
2013-02-12,0.0011369059665252423,1.0555107787720888
2013-02-13,0.0,1.0555107787720888
2013-02-14,0.0,1.0555107787720888
2013-02-15,0.0,1.0555107787720888
2013-02-16,0.0,1.0555107787720888
2013-02-17,0.0,1.0555107787720888
2013-02-18,0.0,1.0555107787720888
2013-02-19,0.0,1.0555107787720888
2013-02-20,0.0,1.0555107787720888
2013-02-21,0.0,1.0555107787720888
2013-02-22,0.0036777036838453294,1.0593926346515175
2013-02-23,0.0,1.0593926346515175
2013-02-24,0.0,1.0593926346515175
2013-02-25,0.0,1.0593926346515175
2013-02-26,0.0,1.0593926346515175
2013-02-27,0.004086773498140084,1.063722132394936
2013-02-28,0.0,1.063722132394936
2013-03-01,0.0,1.063722132394936
2013-03-02,0.0,1.063722132394936
2013-03-03,0.0,1.063722132394936
2013-03-04,0.005031568323926877,1.0690743229817543
2013-03-05,0.0,1.0690743229817543
2013-03-06,0.0,1.0690743229817543
2013-03-07,0.0,1.0690743229817543
2013-03-08,0.0,1.0690743229817543
2013-03-09,0.0,1.0690743229817543
2013-03-10,0.0,1.0690743229817543
2013-03-11,0.0,1.0690743229817543
2013-03-12,0.0,1.0690743229817543
2013-03-13,0.0,1.0690743229817543
2013-03-14,0.0003358365711059294,1.069433357236642
2013-03-15,0.0,1.069433357236642
2013-03-16,0.0,1.069433357236642
2013-03-17,0.0,1.069433357236642
2013-03-18,0.0,1.069433357236642
2013-03-19,-0.0005035539886975137,1.0688948398039593
2013-03-20,0.0,1.0688948398039593
2013-03-21,0.0,1.0688948398039593
2013-03-22,0.0,1.0688948398039593
2013-03-23,0.0,1.0688948398039593
2013-03-24,0.0,1.0688948398039593
2013-03-25,0.0,1.0688948398039593
2013-03-26,0.0,1.0688948398039593
2013-03-27,0.0,1.0688948398039593
2013-03-28,0.0,1.0688948398039593
2013-03-29,0.0,1.0688948398039593
2013-03-30,0.0,1.0688948398039593
2013-03-31,0.0,1.0688948398039593
2013-04-01,0.0,1.0688948398039593
2013-04-02,0.0,1.0688948398039593
2013-04-03,-0.006913165486447897,1.0615053928887843
2013-04-04,0.0,1.0615053928887843
2013-04-05,0.0,1.0615053928887843
2013-04-06,0.0,1.0615053928887843
2013-04-07,0.0,1.0615053928887843
2013-04-08,0.00167990373717955,1.0632886197653344
2013-04-09,0.0,1.0632886197653344
2013-04-10,0.0,1.0632886197653344
2013-04-11,0.0,1.0632886197653344
2013-04-12,0.0,1.0632886197653344
2013-04-13,0.0,1.0632886197653344
2013-04-14,0.0,1.0632886197653344
2013-04-15,0.0,1.0632886197653344
2013-04-16,0.0,1.0632886197653344
2013-04-17,0.0,1.0632886197653344
2013-04-18,-0.002652720742292413,1.0604680119886394
2013-04-19,0.0,1.0604680119886394
2013-04-20,0.0,1.0604680119886394
2013-04-21,0.0,1.0604680119886394
2013-04-22,0.0,1.0604680119886394
2013-04-23,0.0019966931406614546,1.062585441194068
2013-04-24,0.0,1.062585441194068
2013-04-25,0.0,1.062585441194068
2013-04-26,0.0,1.062585441194068
2013-04-27,0.0,1.062585441194068
2013-04-28,0.0,1.062585441194068
2013-04-29,0.0,1.062585441194068
2013-04-30,0.0,1.062585441194068
2013-05-01,0.0,1.062585441194068
2013-05-02,0.0,1.062585441194068
2013-05-03,0.004765786395984528,1.067649496434282
2013-05-04,0.0,1.067649496434282
2013-05-05,0.0,1.067649496434282
2013-05-06,0.0,1.067649496434282
2013-05-07,0.0,1.067649496434282
2013-05-08,0.0038288278977322452,1.0717373426112293
2013-05-09,0.0,1.0717373426112293
2013-05-10,0.0,1.0717373426112293
2013-05-11,0.0,1.0717373426112293
2013-05-12,0.0,1.0717373426112293
2013-05-13,0.0031949419101291567,1.0751614811637884
2013-05-14,0.0,1.0751614811637884
2013-05-15,0.0,1.0751614811637884
2013-05-16,0.0,1.0751614811637884
2013-05-17,0.0,1.0751614811637884
2013-05-18,0.0,1.0751614811637884
2013-05-19,0.0,1.0751614811637884
2013-05-20,0.0,1.0751614811637884
2013-05-21,0.0,1.0751614811637884
2013-05-22,0.0,1.0751614811637884
2013-05-23,-0.0012325671967022948,1.073836272390948
2013-05-24,0.0,1.073836272390948
2013-05-25,0.0,1.073836272390948
2013-05-26,0.0,1.073836272390948
2013-05-27,0.0,1.073836272390948
2013-05-28,0.004384738807189481,1.0785447639670684
2013-05-29,0.0,1.0785447639670684
2013-05-30,0.0,1.0785447639670684
2013-05-31,0.0,1.0785447639670684
2013-06-01,0.0,1.0785447639670684
2013-06-02,0.0,1.0785447639670684
2013-06-03,0.0,1.0785447639670684
2013-06-04,0.0,1.0785447639670684
2013-06-05,0.0,1.0785447639670684
2013-06-06,0.0,1.0785447639670684
2013-06-07,0.0035978009885686674,1.0824251533850846
2013-06-08,0.0,1.0824251533850846
2013-06-09,0.0,1.0824251533850846
2013-06-10,0.0,1.0824251533850846
2013-06-11,0.0,1.0824251533850846
2013-06-12,-0.0018766207499932794,1.0803938518819274
2013-06-13,0.0,1.0803938518819274
2013-06-14,0.0,1.0803938518819274
2013-06-15,0.0,1.0803938518819274
2013-06-16,0.0,1.0803938518819274
2013-06-17,0.004251155104969435,1.084986773720733
2013-06-18,0.0,1.084986773720733
2013-06-19,0.0,1.084986773720733
2013-06-20,0.0,1.084986773720733
2013-06-21,0.0,1.084986773720733
2013-06-22,0.0,1.084986773720733
2013-06-23,0.0,1.084986773720733
2013-06-24,0.0,1.084986773720733
2013-06-25,0.0,1.084986773720733
2013-06-26,0.0,1.084986773720733
2013-06-27,0.0033469991217874085,1.0886182234995272
2013-06-28,0.0,1.0886182234995272
2013-06-29,0.0,1.0886182234995272
2013-06-30,0.0,1.0886182234995272
2013-07-01,0.0,1.0886182234995272
2013-07-02,-0.00033570700602414405,1.0882527667350128
2013-07-03,0.0,1.0882527667350128
2013-07-04,0.0,1.0882527667350128
2013-07-05,0.0,1.0882527667350128
2013-07-06,0.0,1.0882527667350128
2013-07-07,0.0,1.0882527667350128
2013-07-08,0.0,1.0882527667350128
2013-07-09,0.0,1.0882527667350128
2013-07-10,0.0,1.0882527667350128
2013-07-11,0.0,1.0882527667350128
2013-07-12,0.0009375095571996009,1.0892730141044757
2013-07-13,0.0,1.0892730141044757
2013-07-14,0.0,1.0892730141044757
2013-07-15,0.0,1.0892730141044757
2013-07-16,0.0,1.0892730141044757
2013-07-17,0.0003750071227286933,1.089681499243361
2013-07-18,0.0,1.089681499243361
2013-07-19,0.0,1.089681499243361
2013-07-20,0.0,1.089681499243361
2013-07-21,0.0,1.089681499243361
2013-07-22,0.008095045547038094,1.0985025206115007
2013-07-23,0.0,1.0985025206115007
2013-07-24,0.0,1.0985025206115007
2013-07-25,0.0,1.0985025206115007
2013-07-26,0.0,1.0985025206115007
2013-07-27,0.0,1.0985025206115007
2013-07-28,0.0,1.0985025206115007
2013-07-29,0.0,1.0985025206115007
2013-07-30,0.0,1.0985025206115007
2013-07-31,0.0,1.0985025206115007
2013-08-01,0.00251525770716487,1.1012655375428086
2013-08-02,0.0,1.1012655375428086
2013-08-03,0.0,1.1012655375428086
2013-08-04,0.0,1.1012655375428086
2013-08-05,0.0,1.1012655375428086
2013-08-06,-0.00486795872713181,1.0959046223584377
2013-08-07,0.0,1.0959046223584377
2013-08-08,0.0,1.0959046223584377
2013-08-09,0.0,1.0959046223584377
2013-08-10,0.0,1.0959046223584377
2013-08-11,0.0,1.0959046223584377
2013-08-12,0.0,1.0959046223584377
2013-08-13,0.0,1.0959046223584377
2013-08-14,0.0,1.0959046223584377
2013-08-15,0.0,1.0959046223584377
2013-08-16,-0.0028663564511594627,1.092763369074285
2013-08-17,0.0,1.092763369074285
2013-08-18,0.0,1.092763369074285
2013-08-19,0.0,1.092763369074285
2013-08-20,0.0,1.092763369074285
2013-08-21,-0.0018834042625533454,1.0907052538870086
2013-08-22,0.0,1.0907052538870086
2013-08-23,0.0,1.0907052538870086
2013-08-24,0.0,1.0907052538870086
2013-08-25,0.0,1.0907052538870086
2013-08-26,-0.002925434852786857,1.0875144667231698
2013-08-27,0.0,1.0875144667231698
2013-08-28,0.0,1.0875144667231698
2013-08-29,0.0,1.0875144667231698
2013-08-30,0.0,1.0875144667231698
2013-08-31,0.0,1.0875144667231698
2013-09-01,0.0,1.0875144667231698
2013-09-02,0.0,1.0875144667231698
2013-09-03,0.0,1.0875144667231698
2013-09-04,0.0,1.0875144667231698
2013-09-05,-0.002297499390439589,1.0850159028987791
2013-09-06,0.0,1.0850159028987791
2013-09-07,0.0,1.0850159028987791
2013-09-08,0.0,1.0850159028987791
2013-09-09,0.0,1.0850159028987791
2013-09-10,0.0012312846072223605,1.08635186627861
2013-09-11,0.0,1.08635186627861
2013-09-12,0.0,1.08635186627861
2013-09-13,0.0,1.08635186627861
2013-09-14,0.0,1.08635186627861
2013-09-15,0.0,1.08635186627861
2013-09-16,0.0,1.08635186627861
2013-09-17,0.0,1.08635186627861
2013-09-18,0.0,1.08635186627861
2013-09-19,0.0,1.08635186627861
2013-09-20,-0.008438577475296449,1.0771846018895852
2013-09-21,0.0,1.0771846018895852
2013-09-22,0.0,1.0771846018895852
2013-09-23,0.0,1.0771846018895852
2013-09-24,0.0,1.0771846018895852
2013-09-25,0.0019104482614000495,1.079242507339472
2013-09-26,0.0,1.079242507339472
2013-09-27,0.0,1.079242507339472
2013-09-28,0.0,1.079242507339472
2013-09-29,0.0,1.079242507339472
2013-09-30,-0.003513820637372267,1.0754502427444532
2013-10-01,0.0,1.0754502427444532
2013-10-02,0.0,1.0754502427444532
2013-10-03,0.0,1.0754502427444532
2013-10-04,0.0,1.0754502427444532
2013-10-05,0.0,1.0754502427444532
2013-10-06,0.0,1.0754502427444532
2013-10-07,0.0,1.0754502427444532
2013-10-08,0.0,1.0754502427444532
2013-10-09,0.0,1.0754502427444532
2013-10-10,0.010013867682877247,1.0862196591748143
2013-10-11,0.0,1.0862196591748143
2013-10-12,0.0,1.0862196591748143
2013-10-13,0.0,1.0862196591748143
2013-10-14,0.0,1.0862196591748143
2013-10-15,-0.0013558753480019446,1.084746880716424
2013-10-16,0.0,1.084746880716424
2013-10-17,0.0,1.084746880716424
2013-10-18,0.0,1.084746880716424
2013-10-19,0.0,1.084746880716424
2013-10-20,0.0,1.084746880716424
2013-10-21,0.0,1.084746880716424
2013-10-22,0.0,1.084746880716424
2013-10-23,0.0,1.084746880716424
2013-10-24,0.0,1.084746880716424
2013-10-25,0.009781819798311187,1.0953576792303723
2013-10-26,0.0,1.0953576792303723
2013-10-27,0.0,1.0953576792303723
2013-10-28,0.0,1.0953576792303723
2013-10-29,0.0,1.0953576792303723
2013-10-30,-0.002661873269185794,1.0924419759038315
2013-10-31,0.0,1.0924419759038315
2013-11-01,0.0,1.0924419759038315
2013-11-02,0.0,1.0924419759038315
2013-11-03,0.0,1.0924419759038315
2013-11-04,0.0035860813413990614,1.0963595616901813
2013-11-05,0.0,1.0963595616901813
2013-11-06,0.0,1.0963595616901813
2013-11-07,0.0,1.0963595616901813
2013-11-08,0.0,1.0963595616901813
2013-11-09,0.0,1.0963595616901813
2013-11-10,0.0,1.0963595616901813
2013-11-11,0.0,1.0963595616901813
2013-11-12,0.0,1.0963595616901813
2013-11-13,0.0,1.0963595616901813
2013-11-14,0.0046499277255560795,1.101457554413263
2013-11-15,0.0,1.101457554413263
2013-11-16,0.0,1.101457554413263
2013-11-17,0.0,1.101457554413263
2013-11-18,0.0,1.101457554413263
2013-11-19,-0.0021608316641624327,1.0990774900529559
2013-11-20,0.0,1.0990774900529559
2013-11-21,0.0,1.0990774900529559
2013-11-22,0.0,1.0990774900529559
2013-11-23,0.0,1.0990774900529559
2013-11-24,0.0,1.0990774900529559
2013-11-25,0.0,1.0990774900529559
2013-11-26,0.0,1.0990774900529559
2013-11-27,0.0,1.0990774900529559
2013-11-28,0.0,1.0990774900529559
2013-11-29,0.0020985919253198207,1.1013840051988817
2013-11-30,0.0,1.1013840051988817
2013-12-01,0.0,1.1013840051988817
2013-12-02,0.0,1.1013840051988817
2013-12-03,0.0,1.1013840051988817
2013-12-04,0.0046361688293965145,1.1064902073929808
2013-12-05,0.0,1.1064902073929808
2013-12-06,0.0,1.1064902073929808
2013-12-07,0.0,1.1064902073929808
2013-12-08,0.0,1.1064902073929808
2013-12-09,0.0033947259029022516,1.1102464383613255
2013-12-10,0.0,1.1102464383613255
2013-12-11,0.0,1.1102464383613255
2013-12-12,0.0,1.1102464383613255
2013-12-13,0.0,1.1102464383613255
2013-12-14,0.0,1.1102464383613255
2013-12-15,0.0,1.1102464383613255
2013-12-16,0.0,1.1102464383613255
2013-12-17,0.0,1.1102464383613255
2013-12-18,0.0,1.1102464383613255
2013-12-19,-0.008494699068183958,1.100815228975923
2013-12-20,0.0,1.100815228975923
2013-12-21,0.0,1.100815228975923
2013-12-22,0.0,1.100815228975923
2013-12-23,0.0,1.100815228975923
2013-12-24,0.0017058690973308643,1.1026930756569042
2013-12-25,0.0,1.1026930756569042
2013-12-26,0.0,1.1026930756569042
2013-12-27,0.0,1.1026930756569042
2013-12-28,0.0,1.1026930756569042
2013-12-29,0.0,1.1026930756569042
2013-12-30,0.0,1.1026930756569042
2013-12-31,0.0,1.1026930756569042
2014-01-01,0.0,1.1026930756569042
2014-01-02,0.0,1.1026930756569042
2014-01-03,0.0014469704354676755,1.1042886399367746
2014-01-04,0.0,1.1042886399367746
2014-01-05,0.0,1.1042886399367746
2014-01-06,0.0,1.1042886399367746
2014-01-07,0.0,1.1042886399367746
2014-01-08,-0.0015963535664080541,1.1025258048280677
2014-01-09,0.0,1.1025258048280677
2014-01-10,0.0,1.1025258048280677
2014-01-11,0.0,1.1025258048280677
2014-01-12,0.0,1.1025258048280677
2014-01-13,-0.006374055056557748,1.095498244646818
2014-01-14,0.0,1.095498244646818
2014-01-15,0.0,1.095498244646818
2014-01-16,0.0,1.095498244646818
2014-01-17,0.0,1.095498244646818
2014-01-18,0.0,1.095498244646818
2014-01-19,0.0,1.095498244646818
2014-01-20,0.0,1.095498244646818
2014-01-21,0.0,1.095498244646818
2014-01-22,0.0,1.095498244646818
2014-01-23,0.002239136579371785,1.0979512148390442
2014-01-24,0.0,1.0979512148390442
2014-01-25,0.0,1.0979512148390442
2014-01-26,0.0,1.0979512148390442
2014-01-27,0.0,1.0979512148390442
2014-01-28,0.002929324930104677,1.101167470704711
2014-01-29,0.0,1.101167470704711
2014-01-30,0.0,1.101167470704711
2014-01-31,0.0,1.101167470704711
2014-02-01,0.0,1.101167470704711
2014-02-02,0.0,1.101167470704711
2014-02-03,0.0,1.101167470704711
2014-02-04,0.0,1.101167470704711
2014-02-05,0.0,1.101167470704711
2014-02-06,0.0,1.101167470704711
2014-02-07,0.007864670624444946,1.1098277901641567
2014-02-08,0.0,1.1098277901641567
2014-02-09,0.0,1.1098277901641567
2014-02-10,0.0,1.1098277901641567
2014-02-11,0.0,1.1098277901641567
2014-02-12,0.0004807962355057872,1.1103613911877273
2014-02-13,0.0,1.1103613911877273
2014-02-14,0.0,1.1103613911877273
2014-02-15,0.0,1.1103613911877273
2014-02-16,0.0,1.1103613911877273
2014-02-17,0.0,1.1103613911877273
2014-02-18,0.0,1.1103613911877273
2014-02-19,0.0,1.1103613911877273
2014-02-20,0.0,1.1103613911877273
2014-02-21,0.0,1.1103613911877273
2014-02-22,0.0,1.1103613911877273
2014-02-23,0.0,1.1103613911877273
2014-02-24,0.0,1.1103613911877273
2014-02-25,0.0,1.1103613911877273
2014-02-26,0.0,1.1103613911877273
2014-02-27,0.0016548991706640847,1.1121989273331414
2014-02-28,0.0,1.1121989273331414
2014-03-01,0.0,1.1121989273331414
2014-03-02,0.0,1.1121989273331414
2014-03-03,0.0,1.1121989273331414
2014-03-04,0.004710846758735522,1.117438326045038
2014-03-05,0.0,1.117438326045038
2014-03-06,0.0,1.117438326045038
2014-03-07,0.0,1.117438326045038
2014-03-08,0.0,1.117438326045038
2014-03-09,0.0,1.117438326045038
2014-03-10,0.0,1.117438326045038
2014-03-11,0.0,1.117438326045038
2014-03-12,0.0,1.117438326045038
2014-03-13,0.0,1.117438326045038
2014-03-14,-0.0008352729584420336,1.116504960028566
2014-03-15,0.0,1.116504960028566
2014-03-16,0.0,1.116504960028566
2014-03-17,0.0,1.116504960028566
2014-03-18,0.0,1.116504960028566
2014-03-19,-0.007802255427579387,1.1077937031442637
2014-03-20,0.0,1.1077937031442637
2014-03-21,0.0,1.1077937031442637
2014-03-22,0.0,1.1077937031442637
2014-03-23,0.0,1.1077937031442637
2014-03-24,-0.0077548093179173674,1.0992029742127905
2014-03-25,0.0,1.0992029742127905
2014-03-26,0.0,1.0992029742127905
2014-03-27,0.0,1.0992029742127905
2014-03-28,0.0,1.0992029742127905
2014-03-29,0.0,1.0992029742127905
2014-03-30,0.0,1.0992029742127905
2014-03-31,0.0,1.0992029742127905
2014-04-01,0.0,1.0992029742127905
2014-04-02,0.0,1.0992029742127905
2014-04-03,-0.0032772030718391494,1.0956006628491257
2014-04-04,0.0,1.0956006628491257
2014-04-05,0.0,1.0956006628491257
2014-04-06,0.0,1.0956006628491257
2014-04-07,0.0,1.0956006628491257
2014-04-08,0.006799826129770457,1.1030505568641609
2014-04-09,0.0,1.1030505568641609
2014-04-10,0.0,1.1030505568641609
2014-04-11,0.0,1.1030505568641609
2014-04-12,0.0,1.1030505568641609
2014-04-13,0.0,1.1030505568641609
2014-04-14,0.0,1.1030505568641609
2014-04-15,0.0,1.1030505568641609
2014-04-16,0.0,1.1030505568641609
2014-04-17,0.0,1.1030505568641609
2014-04-18,0.0,1.1030505568641609
2014-04-19,0.0,1.1030505568641609
2014-04-20,0.0,1.1030505568641609
2014-04-21,0.0,1.1030505568641609
2014-04-22,0.0,1.1030505568641609
2014-04-23,-0.0033323421798337255,1.0993748149670335
2014-04-24,0.0,1.0993748149670335
2014-04-25,0.0,1.0993748149670335
2014-04-26,0.0,1.0993748149670335
2014-04-27,0.0,1.0993748149670335
2014-04-28,0.002132135857532068,1.1017188314308926
2014-04-29,0.0,1.1017188314308926
2014-04-30,0.0,1.1017188314308926
2014-05-01,0.0,1.1017188314308926
2014-05-02,0.0,1.1017188314308926
2014-05-03,0.0,1.1017188314308926
2014-05-04,0.0,1.1017188314308926
2014-05-05,0.0,1.1017188314308926
2014-05-06,0.0,1.1017188314308926
2014-05-07,0.0,1.1017188314308926
2014-05-08,-0.0024182249896253626,1.0990546274211854
2014-05-09,0.0,1.0990546274211854
2014-05-10,0.0,1.0990546274211854
2014-05-11,0.0,1.0990546274211854
2014-05-12,0.0,1.0990546274211854
2014-05-13,0.0008865021477851134,1.1000289417089275
2014-05-14,0.0,1.1000289417089275
2014-05-15,0.0,1.1000289417089275
2014-05-16,0.0,1.1000289417089275
2014-05-17,0.0,1.1000289417089275
2014-05-18,0.0,1.1000289417089275
2014-05-19,0.0,1.1000289417089275
2014-05-20,0.0,1.1000289417089275
2014-05-21,0.0,1.1000289417089275
2014-05-22,0.0,1.1000289417089275
2014-05-23,0.0032077053268400172,1.1035575104049253
2014-05-24,0.0,1.1035575104049253
2014-05-25,0.0,1.1035575104049253
2014-05-26,0.0,1.1035575104049253
2014-05-27,0.0,1.1035575104049253
2014-05-28,-0.0030071579503537383,1.1002389386638385
2014-05-29,0.0,1.1002389386638385
2014-05-30,0.0,1.1002389386638385
2014-05-31,0.0,1.1002389386638385
2014-06-01,0.0,1.1002389386638385
2014-06-02,-0.0011645574779461068,1.09895764718029
2014-06-03,0.0,1.09895764718029
2014-06-04,0.0,1.09895764718029
2014-06-05,0.0,1.09895764718029
2014-06-06,0.0,1.09895764718029
2014-06-07,0.0,1.09895764718029
2014-06-08,0.0,1.09895764718029
2014-06-09,0.0,1.09895764718029
2014-06-10,0.0,1.09895764718029
2014-06-11,0.0,1.09895764718029
2014-06-12,-0.0013219768542247798,1.0975048506069442
2014-06-13,0.0,1.0975048506069442
2014-06-14,0.0,1.0975048506069442
2014-06-15,0.0,1.0975048506069442
2014-06-16,0.0,1.0975048506069442
2014-06-17,0.0007775730353743953,1.0983582407849688
2014-06-18,0.0,1.0983582407849688
2014-06-19,0.0,1.0983582407849688
2014-06-20,0.0,1.0983582407849688
2014-06-21,0.0,1.0983582407849688
2014-06-22,0.0,1.0983582407849688
2014-06-23,0.0,1.0983582407849688
2014-06-24,0.0,1.0983582407849688
2014-06-25,0.0,1.0983582407849688
2014-06-26,0.0,1.0983582407849688
2014-06-27,0.0030037249997765863,1.1016574068915252
2014-06-28,0.0,1.1016574068915252
2014-06-29,0.0,1.1016574068915252
2014-06-30,0.0,1.1016574068915252
2014-07-01,0.0,1.1016574068915252
2014-07-02,-0.0003161832996725991,1.1013090812175055
2014-07-03,0.0,1.1013090812175055
2014-07-04,0.0,1.1013090812175055
2014-07-05,0.0,1.1013090812175055
2014-07-06,0.0,1.1013090812175055
2014-07-07,-0.0019021667435696705,1.0992142077088223
2014-07-08,0.0,1.0992142077088223
2014-07-09,0.0,1.0992142077088223
2014-07-10,0.0,1.0992142077088223
2014-07-11,0.0,1.0992142077088223
2014-07-12,0.0,1.0992142077088223
2014-07-13,0.0,1.0992142077088223
2014-07-14,0.0,1.0992142077088223
2014-07-15,0.0,1.0992142077088223
2014-07-16,0.0,1.0992142077088223
2014-07-17,-0.000823255767735771,1.098309273272349
2014-07-18,0.0,1.098309273272349
2014-07-19,0.0,1.098309273272349
2014-07-20,0.0,1.098309273272349
2014-07-21,0.0,1.098309273272349
2014-07-22,0.0007387789382249624,1.0991206810310996
2014-07-23,0.0,1.0991206810310996
2014-07-24,0.0,1.0991206810310996
2014-07-25,0.0,1.0991206810310996
2014-07-26,0.0,1.0991206810310996
2014-07-27,0.0,1.0991206810310996
2014-07-28,0.0,1.0991206810310996
2014-07-29,0.0,1.0991206810310996
2014-07-30,0.0,1.0991206810310996
2014-07-31,0.0,1.0991206810310996
2014-08-01,0.0005562704419087295,1.0997320893780478
2014-08-02,0.0,1.0997320893780478
2014-08-03,0.0,1.0997320893780478
2014-08-04,0.0,1.0997320893780478
2014-08-05,0.0,1.0997320893780478
2014-08-06,0.0042887480110591625,1.104448563189066
2014-08-07,0.0,1.104448563189066
2014-08-08,0.0,1.104448563189066
2014-08-09,0.0,1.104448563189066
2014-08-10,0.0,1.104448563189066
2014-08-11,0.002771094639349936,1.107509094681957
2014-08-12,0.0,1.107509094681957
2014-08-13,0.0,1.107509094681957
2014-08-14,0.0,1.107509094681957
2014-08-15,0.0,1.107509094681957
2014-08-16,0.0,1.107509094681957
2014-08-17,0.0,1.107509094681957
2014-08-18,0.0,1.107509094681957
2014-08-19,0.0,1.107509094681957
2014-08-20,0.0,1.107509094681957
2014-08-21,-0.0031922424603750806,1.1039736571246617
2014-08-22,0.0,1.1039736571246617
2014-08-23,0.0,1.1039736571246617
2014-08-24,0.0,1.1039736571246617
2014-08-25,0.0,1.1039736571246617
2014-08-26,0.0015054791804778376,1.1056356664812588
2014-08-27,0.0,1.1056356664812588
2014-08-28,0.0,1.1056356664812588
2014-08-29,0.0,1.1056356664812588
2014-08-30,0.0,1.1056356664812588
2014-08-31,0.0,1.1056356664812588
2014-09-01,0.0,1.1056356664812588
2014-09-02,0.0,1.1056356664812588
2014-09-03,0.0,1.1056356664812588
2014-09-04,0.0,1.1056356664812588
2014-09-05,0.002785088851758951,1.1087149600500827
2014-09-06,0.0,1.1087149600500827
2014-09-07,0.0,1.1087149600500827
2014-09-08,0.0,1.1087149600500827
2014-09-09,0.0,1.1087149600500827
2014-09-10,-0.001115778941053349,1.107477879246028
2014-09-11,0.0,1.107477879246028
2014-09-12,0.0,1.107477879246028
2014-09-13,0.0,1.107477879246028
2014-09-14,0.0,1.107477879246028
2014-09-15,-0.004073703235045047,1.1029663430266026
2014-09-16,0.0,1.1029663430266026
2014-09-17,0.0,1.1029663430266026
2014-09-18,0.0,1.1029663430266026
2014-09-19,0.0,1.1029663430266026
2014-09-20,0.00141148512565877,1.1045231636138868
2014-09-21,0.0,1.1045231636138868
2014-09-22,0.0,1.1045231636138868
2014-09-23,0.0,1.1045231636138868
2014-09-24,0.0,1.1045231636138868
2014-09-25,-0.013907446691545422,1.0891620665963495
2014-09-26,0.0,1.0891620665963495
2014-09-27,0.0,1.0891620665963495
2014-09-28,0.0,1.0891620665963495
2014-09-29,0.0,1.0891620665963495
2014-09-30,0.006632678345720299,1.096386128250443
2014-10-01,0.0,1.096386128250443
2014-10-02,0.0,1.096386128250443
2014-10-03,0.0,1.096386128250443
2014-10-04,0.0,1.096386128250443
2014-10-05,-0.010217104434815953,1.0851842366772246
2014-10-06,0.0,1.0851842366772246
2014-10-07,0.0,1.0851842366772246
2014-10-08,0.0,1.0851842366772246
2014-10-09,0.0,1.0851842366772246
2014-10-10,-0.013540127055125525,1.0704907042343956
2014-10-11,0.0,1.0704907042343956
2014-10-12,0.0,1.0704907042343956
2014-10-13,0.0,1.0704907042343956
2014-10-14,0.0,1.0704907042343956
2014-10-15,-0.003463592158585383,1.0667829610253707
2014-10-16,0.0,1.0667829610253707
2014-10-17,0.0,1.0667829610253707
2014-10-18,0.0,1.0667829610253707
2014-10-19,0.0,1.0667829610253707
2014-10-20,0.0031961064534545168,1.0701925129315393
2014-10-21,0.0,1.0701925129315393
2014-10-22,0.0,1.0701925129315393
2014-10-23,0.0,1.0701925129315393
2014-10-24,0.0,1.0701925129315393
2014-10-25,-0.005228585690370917,1.0645969196724834
2014-10-26,0.0,1.0645969196724834
2014-10-27,0.0,1.0645969196724834
2014-10-28,0.0,1.0645969196724834
2014-10-29,0.0,1.0645969196724834
2014-10-30,0.0013771673372178716,1.066063047777559
2014-10-31,0.0,1.066063047777559
2014-11-01,0.0,1.066063047777559
2014-11-02,0.0,1.066063047777559
2014-11-03,0.0,1.066063047777559
2014-11-04,-0.000397091634237916,1.0656397230597163
2014-11-05,0.0,1.0656397230597163
2014-11-06,0.0,1.0656397230597163
2014-11-07,0.0,1.0656397230597163
2014-11-08,0.0,1.0656397230597163
2014-11-09,0.0066418829626064945,1.0727175773805833
2014-11-10,0.0,1.0727175773805833
2014-11-11,0.0,1.0727175773805833
2014-11-12,0.0,1.0727175773805833
2014-11-13,0.0,1.0727175773805833
2014-11-14,-0.0028550985781075565,1.069654862950693
2014-11-15,0.0,1.069654862950693
2014-11-16,0.0,1.069654862950693
2014-11-17,0.0,1.069654862950693
2014-11-18,0.0,1.069654862950693
2014-11-19,-0.000938054409791984,1.0686514684895467
2014-11-20,0.0,1.0686514684895467
2014-11-21,0.0,1.0686514684895467
2014-11-22,0.0,1.0686514684895467
2014-11-23,0.0,1.0686514684895467
2014-11-24,0.004284180509367094,1.0732297642821562
2014-11-25,0.0,1.0732297642821562
2014-11-26,0.0,1.0732297642821562
2014-11-27,0.0,1.0732297642821562
2014-11-28,0.0,1.0732297642821562
2014-11-29,-0.0008679136493771858,1.0722982935208178
2014-11-30,0.0,1.0722982935208178
2014-12-01,0.0,1.0722982935208178
2014-12-02,0.0,1.0722982935208178
2014-12-03,0.0,1.0722982935208178
2014-12-04,-0.0006575825067810207,1.0715931689209475
2014-12-05,0.0,1.0715931689209475
2014-12-06,0.0,1.0715931689209475
2014-12-07,0.0,1.0715931689209475
2014-12-08,0.0,1.0715931689209475
2014-12-09,0.0012388007217911147,1.0729206593120733
2014-12-10,0.0,1.0729206593120733
2014-12-11,0.0,1.0729206593120733
2014-12-12,0.0,1.0729206593120733
2014-12-13,0.0,1.0729206593120733
2014-12-14,0.0010607545944103947,1.0740587648308764
2014-12-15,0.0,1.0740587648308764
2014-12-16,0.0,1.0740587648308764
2014-12-17,0.0,1.0740587648308764
2014-12-18,0.0,1.0740587648308764
2014-12-19,0.005969683856333588,1.080470556100041
2014-12-20,0.0,1.080470556100041
2014-12-21,0.0,1.080470556100041
2014-12-22,0.0,1.080470556100041
2014-12-23,0.0,1.080470556100041
2014-12-24,-0.012248964981344689,1.0672359100949975
2014-12-25,0.0,1.0672359100949975
2014-12-26,0.0,1.0672359100949975
2014-12-27,0.0,1.0672359100949975
2014-12-28,0.0,1.0672359100949975
2014-12-29,-0.005545397777585682,1.061317662450997
2014-12-30,0.0,1.061317662450997
2014-12-31,0.0,1.061317662450997
2015-01-01,0.0,1.061317662450997
2015-01-02,0.0,1.061317662450997
2015-01-03,-0.03523062202845336,1.0239267810330643
2015-01-04,0.0,1.0239267810330643
2015-01-05,0.0,1.0239267810330643
2015-01-06,0.0,1.0239267810330643
2015-01-07,0.0,1.0239267810330643
2015-01-08,-0.003292913282932526,1.0205550789350502
2015-01-09,0.0,1.0205550789350502
2015-01-10,0.0,1.0205550789350502
2015-01-11,0.0,1.0205550789350502
2015-01-12,0.0,1.0205550789350502
2015-01-13,-0.023877041105071495,0.9961872433653285
2015-01-14,0.0,0.9961872433653285
2015-01-15,0.0,0.9961872433653285
2015-01-16,0.0,0.9961872433653285
2015-01-17,0.0,0.9961872433653285
2015-01-18,0.007245015577646841,1.0034046354617634
2015-01-19,0.0,1.0034046354617634
2015-01-20,0.0,1.0034046354617634
2015-01-21,0.0,1.0034046354617634
2015-01-22,0.0,1.0034046354617634
2015-01-23,-0.0013705401520340153,1.002029429120126
2015-01-24,0.0,1.002029429120126
2015-01-25,0.0,1.002029429120126
2015-01-26,0.0,1.002029429120126
2015-01-27,0.0,1.002029429120126
2015-01-28,-0.029272233636524758,0.9726977895602481
2015-01-29,0.0,0.9726977895602481
2015-01-30,0.0,0.9726977895602481
2015-01-31,0.0,0.9726977895602481
2015-02-01,0.0,0.9726977895602481
2015-02-02,0.012642605359438237,0.9849952238476561
2015-02-03,0.0,0.9849952238476561
2015-02-04,0.0,0.9849952238476561
2015-02-05,0.0,0.9849952238476561
2015-02-06,0.0,0.9849952238476561
2015-02-07,0.0031645005894980083,0.9881122418141748
2015-02-08,0.0,0.9881122418141748
2015-02-09,0.0,0.9881122418141748
2015-02-10,0.0,0.9881122418141748
2015-02-11,0.0,0.9881122418141748
2015-02-12,0.008312792338123105,0.9963262136871334
2015-02-13,0.0,0.9963262136871334
2015-02-14,0.0,0.9963262136871334
2015-02-15,0.0,0.9963262136871334
2015-02-16,0.0,0.9963262136871334
2015-02-17,0.002428631244785104,0.9987459226596925
2015-02-18,0.0,0.9987459226596925
2015-02-19,0.0,0.9987459226596925
2015-02-20,0.0,0.9987459226596925
2015-02-21,0.0,0.9987459226596925
2015-02-22,-0.006061468987800584,0.9926920552227986
2015-02-23,0.0,0.9926920552227986
2015-02-24,0.0,0.9926920552227986
2015-02-25,0.0,0.9926920552227986
2015-02-26,0.0,0.9926920552227986
2015-02-27,0.007846428276775492,1.000481142235029
2015-02-28,0.0,1.000481142235029
2015-03-01,0.0,1.000481142235029
2015-03-02,0.0,1.000481142235029
2015-03-03,0.0,1.000481142235029
2015-03-04,-0.006611078889936327,0.9938668824758197
2015-03-05,0.0,0.9938668824758197
2015-03-06,0.0,0.9938668824758197
2015-03-07,0.0,0.9938668824758197
2015-03-08,0.0,0.9938668824758197
2015-03-09,0.010242493204723282,1.0040465572659778
2015-03-10,0.0,1.0040465572659778
2015-03-11,0.0,1.0040465572659778
2015-03-12,0.0,1.0040465572659778
2015-03-13,0.0,1.0040465572659778
2015-03-14,-0.0016146832210579061,1.0024253401367995
2015-03-15,0.0,1.0024253401367995
2015-03-16,0.0,1.0024253401367995
2015-03-17,0.0,1.0024253401367995
2015-03-18,0.0,1.0024253401367995
2015-03-19,0.003943364257830016,1.006378268394238
2015-03-20,0.0,1.006378268394238
2015-03-21,0.0,1.006378268394238
2015-03-22,0.0,1.006378268394238
2015-03-23,0.0,1.006378268394238
2015-03-24,-0.015455229822680014,0.9908244609676543
2015-03-25,0.0,0.9908244609676543
2015-03-26,0.0,0.9908244609676543
2015-03-27,0.0,0.9908244609676543
2015-03-28,0.0,0.9908244609676543
2015-03-29,-0.006353107548603904,0.9845296466053394
2015-03-30,0.0,0.9845296466053394
2015-03-31,0.0,0.9845296466053394
2015-04-01,0.0,0.9845296466053394
2015-04-02,0.0,0.9845296466053394
2015-04-03,0.0020322834417724816,0.9865304899040696
2015-04-04,0.0,0.9865304899040696
2015-04-05,0.0,0.9865304899040696
2015-04-06,0.0,0.9865304899040696
2015-04-07,0.0,0.9865304899040696
2015-04-08,-0.004998231553023049,0.9815995820814117
2015-04-09,0.0,0.9815995820814117
2015-04-10,0.0,0.9815995820814117
2015-04-11,0.0,0.9815995820814117
2015-04-12,0.0,0.9815995820814117
2015-04-13,-0.01320220801120547,0.9686403002150606
2015-04-14,0.0,0.9686403002150606
2015-04-15,0.0,0.9686403002150606
2015-04-16,0.0,0.9686403002150606
2015-04-17,0.0,0.9686403002150606
2015-04-18,0.0001999211787225779,0.9688339519256377
2015-04-19,0.0,0.9688339519256377
2015-04-20,0.0,0.9688339519256377
2015-04-21,0.0,0.9688339519256377
2015-04-22,0.0,0.9688339519256377
2015-04-23,0.004822651574132722,0.9735063005089651
2015-04-24,0.0,0.9735063005089651
2015-04-25,0.0,0.9735063005089651
2015-04-26,0.0,0.9735063005089651
2015-04-27,0.0,0.9735063005089651
2015-04-28,-0.00016280898326358683,0.9733478049379786
2015-04-29,0.0,0.9733478049379786
2015-04-30,0.0,0.9733478049379786
2015-05-01,0.0,0.9733478049379786
2015-05-02,0.0,0.9733478049379786
2015-05-03,0.0024477256690142507,0.9757302933450039
2015-05-04,0.0,0.9757302933450039
2015-05-05,0.0,0.9757302933450039
2015-05-06,0.0,0.9757302933450039
2015-05-07,0.0,0.9757302933450039
2015-05-08,0.012472507259858767,0.9879000965124137
2015-05-09,0.0,0.9879000965124137
2015-05-10,0.0,0.9879000965124137
2015-05-11,0.0,0.9879000965124137
2015-05-12,0.0,0.9879000965124137
2015-05-13,0.002922119562443334,0.9907868587101724
2015-05-14,0.0,0.9907868587101724
2015-05-15,0.0,0.9907868587101724
2015-05-16,0.0,0.9907868587101724
2015-05-17,0.0,0.9907868587101724
2015-05-18,-0.0012867510321638146,0.9895119626970728
2015-05-19,0.0,0.9895119626970728
2015-05-20,0.0,0.9895119626970728
2015-05-21,0.0,0.9895119626970728
2015-05-22,0.0,0.9895119626970728
2015-05-23,-0.0038399497814913903,0.985712286452131
2015-05-24,0.0,0.985712286452131
2015-05-25,0.0,0.985712286452131
2015-05-26,0.0,0.985712286452131
2015-05-27,0.0,0.985712286452131
2015-05-28,-0.0005807168940103746,0.9851398666747547
2015-05-29,0.0,0.9851398666747547
2015-05-30,0.0,0.9851398666747547
2015-05-31,0.0,0.9851398666747547
2015-06-01,0.0,0.9851398666747547
2015-06-02,0.004808842993623907,0.9898772496203533
2015-06-03,0.0,0.9898772496203533
2015-06-04,0.0,0.9898772496203533
2015-06-05,0.0,0.9898772496203533
2015-06-06,0.0,0.9898772496203533
2015-06-07,-0.003006691481663761,0.986900994126027
2015-06-08,0.0,0.986900994126027
2015-06-09,0.0,0.986900994126027
2015-06-10,0.0,0.986900994126027
2015-06-11,0.0,0.986900994126027
2015-06-12,-0.0024329719610748464,0.9844998916789616
2015-06-13,0.0,0.9844998916789616
2015-06-14,0.0,0.9844998916789616
2015-06-15,0.0,0.9844998916789616
2015-06-16,0.0,0.9844998916789616
2015-06-17,0.0018523060540965863,0.9863234867885761
2015-06-18,0.0,0.9863234867885761
2015-06-19,0.0,0.9863234867885761
2015-06-20,0.0,0.9863234867885761
2015-06-21,0.0,0.9863234867885761
2015-06-22,-0.0020735162846670994,0.9842783289767703
2015-06-23,0.0,0.9842783289767703
2015-06-24,0.0,0.9842783289767703
2015-06-25,0.0,0.9842783289767703
2015-06-26,0.0,0.9842783289767703
2015-06-27,0.013616083469580136,0.9976803448614169
2015-06-28,0.0,0.9976803448614169
2015-06-29,0.0,0.9976803448614169
2015-06-30,0.0,0.9976803448614169
2015-07-01,0.0,0.9976803448614169
2015-07-02,0.0045008441947715794,1.0021707486498241
2015-07-03,0.0,1.0021707486498241
2015-07-04,0.0,1.0021707486498241
2015-07-05,0.0,1.0021707486498241
2015-07-06,0.0,1.0021707486498241
2015-07-07,-0.00669063637516431,0.995465588584782
2015-07-08,0.0,0.995465588584782
2015-07-09,0.0,0.995465588584782
2015-07-10,0.0,0.995465588584782
2015-07-11,0.0,0.995465588584782
2015-07-12,0.03302118151982327,1.028337038482178
2015-07-13,0.0,1.028337038482178
2015-07-14,0.0,1.028337038482178
2015-07-15,0.0,1.028337038482178
2015-07-16,0.0,1.028337038482178
2015-07-17,0.009228659277147958,1.0378272106324014
2015-07-18,0.0,1.0378272106324014
2015-07-19,0.0,1.0378272106324014
2015-07-20,0.0,1.0378272106324014
2015-07-21,0.0,1.0378272106324014
2015-07-22,-0.0025733533486047545,1.0351565145046473
2015-07-23,0.0,1.0351565145046473
2015-07-24,0.0,1.0351565145046473
2015-07-25,0.0,1.0351565145046473
2015-07-26,0.0,1.0351565145046473
2015-07-27,-2.961286692747668e-05,1.0351258605525342
2015-07-28,0.0,1.0351258605525342
2015-07-29,0.0,1.0351258605525342
2015-07-30,0.0,1.0351258605525342
2015-07-31,0.0,1.0351258605525342
2015-08-01,-0.015298542046542291,1.019289944051408
2015-08-02,0.0,1.019289944051408
2015-08-03,0.0,1.019289944051408
2015-08-04,0.0,1.019289944051408
2015-08-05,0.0,1.019289944051408
2015-08-06,-0.01475629307405002,1.0042490029095534
2015-08-07,0.0,1.0042490029095534
2015-08-08,0.0,1.0042490029095534
2015-08-09,0.0,1.0042490029095534
2015-08-10,0.0,1.0042490029095534
2015-08-11,0.008149682177662118,1.0124333131105003
2015-08-12,0.0,1.0124333131105003
2015-08-13,0.0,1.0124333131105003
2015-08-14,0.0,1.0124333131105003
2015-08-15,0.0,1.0124333131105003
2015-08-16,0.00022305010502400124,1.0126591364673194
2015-08-17,0.0,1.0126591364673194
2015-08-18,0.0,1.0126591364673194
2015-08-19,0.0,1.0126591364673194
2015-08-20,0.0,1.0126591364673194
2015-08-21,-0.01864328479969586,0.993779843781145
2015-08-22,0.0,0.993779843781145
2015-08-23,0.0,0.993779843781145
2015-08-24,0.0,0.993779843781145
2015-08-25,0.0,0.993779843781145
2015-08-26,0.02028706814112602,1.0139407231892108
2015-08-27,0.0,1.0139407231892108
2015-08-28,0.0,1.0139407231892108
2015-08-29,0.0,1.0139407231892108
2015-08-30,0.0,1.0139407231892108
2015-08-31,-0.006051843178812877,1.0078045129398576
2015-09-01,0.0,1.0078045129398576
2015-09-02,0.0,1.0078045129398576
2015-09-03,0.0,1.0078045129398576
2015-09-04,0.0,1.0078045129398576
2015-09-05,0.012420553198295036,1.020322002506309
2015-09-06,0.0,1.020322002506309
2015-09-07,0.0,1.020322002506309
2015-09-08,0.0,1.020322002506309
2015-09-09,0.0,1.020322002506309
2015-09-10,0.005893567616636638,1.026335339218822
2015-09-11,0.0,1.026335339218822
2015-09-12,0.0,1.026335339218822
2015-09-13,0.0,1.026335339218822
2015-09-14,0.0,1.026335339218822
2015-09-15,0.003966337205048529,1.0304061312596215
2015-09-16,0.0,1.0304061312596215
2015-09-17,0.0,1.0304061312596215
2015-09-18,0.0,1.0304061312596215
2015-09-19,0.0,1.0304061312596215
2015-09-20,-0.0013824061624599648,1.0289816914739316
2015-09-21,0.0,1.0289816914739316
2015-09-22,0.0,1.0289816914739316
2015-09-23,0.0,1.0289816914739316
2015-09-24,0.0,1.0289816914739316
2015-09-25,-0.005339738962838743,1.0234871978439204
2015-09-26,0.0,1.0234871978439204
2015-09-27,0.0,1.0234871978439204
2015-09-28,0.0,1.0234871978439204
2015-09-29,0.0,1.0234871978439204
2015-09-30,0.008233783378102344,1.0319143697212283
2015-10-01,0.0,1.0319143697212283
2015-10-02,0.0,1.0319143697212283
2015-10-03,0.0,1.0319143697212283
2015-10-04,0.0,1.0319143697212283
2015-10-05,0.00967797888697117,1.0419012152045526
2015-10-06,0.0,1.0419012152045526
2015-10-07,0.0,1.0419012152045526
2015-10-08,0.0,1.0419012152045526
2015-10-09,0.0,1.0419012152045526
2015-10-10,0.0001598740670930638,1.0420677881893368
2015-10-11,0.0,1.0420677881893368
2015-10-12,0.0,1.0420677881893368
2015-10-13,0.0,1.0420677881893368
2015-10-14,0.0,1.0420677881893368
2015-10-15,0.007877597750300013,1.0502767790532372
2015-10-16,0.0,1.0502767790532372
2015-10-17,0.0,1.0502767790532372
2015-10-18,0.0,1.0502767790532372
2015-10-19,0.0,1.0502767790532372
2015-10-20,0.001023816082429537,1.0513520693106344
2015-10-21,0.0,1.0513520693106344
2015-10-22,0.0,1.0513520693106344
2015-10-23,0.0,1.0513520693106344
2015-10-24,0.0,1.0513520693106344
2015-10-25,-0.001059497048397285,1.0502381648963734
2015-10-26,0.0,1.0502381648963734
2015-10-27,0.0,1.0502381648963734
2015-10-28,0.0,1.0502381648963734
2015-10-29,0.0,1.0502381648963734
2015-10-30,0.0087937435384755,1.0594736899727912
2015-10-31,0.0,1.0594736899727912
2015-11-01,0.0,1.0594736899727912
2015-11-02,0.0,1.0594736899727912
2015-11-03,0.0,1.0594736899727912
2015-11-04,-0.009188497680154105,1.049738718430292
2015-11-05,0.0,1.049738718430292
2015-11-06,0.0,1.049738718430292
2015-11-07,0.0,1.049738718430292
2015-11-08,0.0,1.049738718430292
2015-11-09,-0.005681313214399621,1.043774823977607
2015-11-10,0.0,1.043774823977607
2015-11-11,0.0,1.043774823977607
2015-11-12,0.0,1.043774823977607
2015-11-13,0.0,1.043774823977607
2015-11-14,-0.0021634633195209236,1.041516655432092
2015-11-15,0.0,1.041516655432092
2015-11-16,0.0,1.041516655432092
2015-11-17,0.0,1.041516655432092
2015-11-18,0.0,1.041516655432092
2015-11-19,-0.0018470393270324824,1.0395929332097498
2015-11-20,0.0,1.0395929332097498
2015-11-21,0.0,1.0395929332097498
2015-11-22,0.0,1.0395929332097498
2015-11-23,0.0,1.0395929332097498
2015-11-24,-0.0008729855350449054,1.0386853836167227
2015-11-25,0.0,1.0386853836167227
2015-11-26,0.0,1.0386853836167227
2015-11-27,0.0,1.0386853836167227
2015-11-28,0.0,1.0386853836167227
2015-11-29,0.00865042124947797,1.047670449730683
2015-11-30,0.0,1.047670449730683
2015-12-01,0.0,1.047670449730683
2015-12-02,0.0,1.047670449730683
2015-12-03,0.0,1.047670449730683
2015-12-04,0.013747148799998579,1.062072931296492
2015-12-05,0.0,1.062072931296492
2015-12-06,0.0,1.062072931296492
2015-12-07,0.0,1.062072931296492
2015-12-08,0.0,1.062072931296492
2015-12-09,-0.0053719827443644095,1.0563674938363108
2015-12-10,0.0,1.0563674938363108
2015-12-11,0.0,1.0563674938363108
2015-12-12,0.0,1.0563674938363108
2015-12-13,0.0,1.0563674938363108
2015-12-14,0.003715422488162424,1.060292345378674
2015-12-15,0.0,1.060292345378674
2015-12-16,0.0,1.060292345378674
2015-12-17,0.0,1.060292345378674
2015-12-18,0.0,1.060292345378674
2015-12-19,-0.001572525028561453,1.0586250091279739
2015-12-20,0.0,1.0586250091279739
2015-12-21,0.0,1.0586250091279739
2015-12-22,0.0,1.0586250091279739
2015-12-23,0.0,1.0586250091279739
2015-12-24,0.005279648013827141,1.064214176554804
2015-12-25,0.0,1.064214176554804
2015-12-26,0.0,1.064214176554804
2015-12-27,0.0,1.064214176554804
2015-12-28,0.0,1.064214176554804
2015-12-29,0.011774261673200573,1.0767445127458901
2015-12-30,0.0,1.0767445127458901
2015-12-31,0.0,1.0767445127458901
2016-01-01,0.0,1.0767445127458901
2016-01-02,0.0,1.0767445127458901
2016-01-03,-0.0016656878425956314,1.0749509925014276
2016-01-04,0.0,1.0749509925014276
2016-01-05,0.0,1.0749509925014276
2016-01-06,0.0,1.0749509925014276
2016-01-07,0.0,1.0749509925014276
2016-01-08,-0.008854139652751041,1.0654332262939565
2016-01-09,0.0,1.0654332262939565
2016-01-10,0.0,1.0654332262939565
2016-01-11,0.0,1.0654332262939565
2016-01-12,0.0,1.0654332262939565
2016-01-13,-0.0143781322182621,1.0501142864965725
2016-01-14,0.0,1.0501142864965725
2016-01-15,0.0,1.0501142864965725
2016-01-16,0.0,1.0501142864965725
2016-01-17,0.0,1.0501142864965725
2016-01-18,0.0024080834205305237,1.052643049299547
2016-01-19,0.0,1.052643049299547
2016-01-20,0.0,1.052643049299547
2016-01-21,0.0,1.052643049299547
2016-01-22,0.0,1.052643049299547
2016-01-23,0.0026423194830790626,1.0554244685374392
2016-01-24,0.0,1.0554244685374392
2016-01-25,0.0,1.0554244685374392
2016-01-26,0.0,1.0554244685374392
2016-01-27,0.0,1.0554244685374392
2016-01-28,-0.005148263281698484,1.0499908654994619
2016-01-29,0.0,1.0499908654994619
2016-01-30,0.0,1.0499908654994619
2016-01-31,0.0,1.0499908654994619
2016-02-01,0.0,1.0499908654994619
2016-02-02,-0.008993812506053413,1.0405474445220908
2016-02-03,0.0,1.0405474445220908
2016-02-04,0.0,1.0405474445220908
2016-02-05,0.0,1.0405474445220908
2016-02-06,0.0,1.0405474445220908
2016-02-07,-0.0006778868411665233,1.03984207110184
2016-02-08,0.0,1.03984207110184
2016-02-09,0.0,1.03984207110184
2016-02-10,0.0,1.03984207110184
2016-02-11,0.0,1.03984207110184
2016-02-12,0.008921954511636207,1.049119494759496
2016-02-13,0.0,1.049119494759496
2016-02-14,0.0,1.049119494759496
2016-02-15,0.0,1.049119494759496
2016-02-16,0.0,1.049119494759496
2016-02-17,0.013765690983246835,1.0635613495288552
2016-02-18,0.0,1.0635613495288552
2016-02-19,0.0,1.0635613495288552
2016-02-20,0.0,1.0635613495288552
2016-02-21,0.0,1.0635613495288552
2016-02-22,0.006640603129341413,1.070624038354783
2016-02-23,0.0,1.070624038354783
2016-02-24,0.0,1.070624038354783
2016-02-25,0.0,1.070624038354783
2016-02-26,0.0,1.070624038354783
2016-02-27,-0.00010950025684998885,1.0705068047475934
2016-02-28,0.0,1.0705068047475934
2016-02-29,0.0,1.0705068047475934
2016-03-01,0.0,1.0705068047475934
2016-03-02,0.0,1.0705068047475934
2016-03-03,-0.00012523518350643337,1.070372739631456
2016-03-04,0.0,1.070372739631456
2016-03-05,0.0,1.070372739631456
2016-03-06,0.0,1.070372739631456
2016-03-07,0.0,1.070372739631456
2016-03-08,-0.004026781823250947,1.0660625821394047
2016-03-09,0.0,1.0660625821394047
2016-03-10,0.0,1.0660625821394047
2016-03-11,0.0,1.0660625821394047
2016-03-12,0.0,1.0660625821394047
2016-03-13,0.001427693709842711,1.0675845929822239
2016-03-14,0.0,1.0675845929822239
2016-03-15,0.0,1.0675845929822239
2016-03-16,0.0,1.0675845929822239
2016-03-17,0.0,1.0675845929822239
2016-03-18,-0.013359364754762295,1.05332234099801
2016-03-19,0.0,1.05332234099801
2016-03-20,0.0,1.05332234099801
2016-03-21,0.0,1.05332234099801
2016-03-22,0.0,1.05332234099801
2016-03-23,-0.006762990917897023,1.0461987315722223
2016-03-24,0.0,1.0461987315722223
2016-03-25,0.0,1.0461987315722223
2016-03-26,0.0,1.0461987315722223
2016-03-27,0.0,1.0461987315722223
2016-03-28,-0.0022615506895316186,1.043832700109448
2016-03-29,0.0,1.043832700109448
2016-03-30,0.0,1.043832700109448
2016-03-31,0.0,1.043832700109448
2016-04-01,0.0,1.043832700109448
2016-04-02,0.0017970443752394207,1.045708513791871
2016-04-03,0.0,1.045708513791871
2016-04-04,0.0,1.045708513791871
2016-04-05,0.0,1.045708513791871
2016-04-06,0.0,1.045708513791871
2016-04-07,-0.0046006894768180024,1.0408975336366497
2016-04-08,0.0,1.0408975336366497
2016-04-09,0.0,1.0408975336366497
2016-04-10,0.0,1.0408975336366497
2016-04-11,0.0,1.0408975336366497
2016-04-12,0.005784017533120967,1.0469181032213866
2016-04-13,0.0,1.0469181032213866
2016-04-14,0.0,1.0469181032213866
2016-04-15,0.0,1.0469181032213866
2016-04-16,0.0,1.0469181032213866
2016-04-17,-0.0015208271175385741,1.0453259217801654
2016-04-18,0.0,1.0453259217801654
2016-04-19,0.0,1.0453259217801654
2016-04-20,0.0,1.0453259217801654
2016-04-21,0.0,1.0453259217801654
2016-04-22,-0.011078391757728567,1.033745391704176
2016-04-23,0.0,1.033745391704176
2016-04-24,0.0,1.033745391704176
2016-04-25,0.0,1.033745391704176
2016-04-26,0.0,1.033745391704176
2016-04-27,-0.011892818079190442,1.0214512458204368
2016-04-28,0.0,1.0214512458204368
2016-04-29,0.0,1.0214512458204368
2016-04-30,0.0,1.0214512458204368
2016-05-01,0.0,1.0214512458204368
2016-05-02,0.004632351968412107,1.02618296750965
2016-05-03,0.0,1.02618296750965
2016-05-04,0.0,1.02618296750965
2016-05-05,0.0,1.02618296750965
2016-05-06,0.0,1.02618296750965
2016-05-07,0.00549935807973151,1.0318263151033071
2016-05-08,0.0,1.0318263151033071
2016-05-09,0.0,1.0318263151033071
2016-05-10,0.0,1.0318263151033071
2016-05-11,0.0,1.0318263151033071
2016-05-12,7.163697878450237e-05,1.0319002320231516
2016-05-13,0.0,1.0319002320231516
2016-05-14,0.0,1.0319002320231516
2016-05-15,0.0,1.0319002320231516
2016-05-16,0.0,1.0319002320231516
2016-05-17,-0.008646235939032337,1.0229781791515373
2016-05-18,0.0,1.0229781791515373
2016-05-19,0.0,1.0229781791515373
2016-05-20,0.0,1.0229781791515373
2016-05-21,0.0,1.0229781791515373
2016-05-22,-0.001887874501120509,1.0210469247319145
2016-05-23,0.0,1.0210469247319145
2016-05-24,0.0,1.0210469247319145
2016-05-25,0.0,1.0210469247319145
2016-05-26,0.0,1.0210469247319145
2016-05-27,0.022967331894795107,1.0444976483323922
2016-05-28,0.0,1.0444976483323922
2016-05-29,0.0,1.0444976483323922
2016-05-30,0.0,1.0444976483323922
2016-05-31,0.0,1.0444976483323922
2016-06-01,0.003570957172513952,1.0482275047013787
2016-06-02,0.0,1.0482275047013787
2016-06-03,0.0,1.0482275047013787
2016-06-04,0.0,1.0482275047013787
2016-06-05,0.0,1.0482275047013787
2016-06-06,0.007595230149554341,1.0561890338486788
2016-06-07,0.0,1.0561890338486788
2016-06-08,0.0,1.0561890338486788
2016-06-09,0.0,1.0561890338486788
2016-06-10,0.0,1.0561890338486788
2016-06-11,0.011418932015974659,1.0682495846222146
2016-06-12,0.0,1.0682495846222146
2016-06-13,0.0,1.0682495846222146
2016-06-14,0.0,1.0682495846222146
2016-06-15,0.0,1.0682495846222146
2016-06-16,0.02822274339723552,1.0983985185332108
2016-06-17,0.0,1.0983985185332108
2016-06-18,0.0,1.0983985185332108
2016-06-19,0.0,1.0983985185332108
2016-06-20,0.0,1.0983985185332108
2016-06-21,-0.027026131757496095,1.0687130554490938
2016-06-22,0.0,1.0687130554490938
2016-06-23,0.0,1.0687130554490938
2016-06-24,0.0,1.0687130554490938
2016-06-25,0.0,1.0687130554490938
2016-06-26,-0.012294688109015777,1.0555735617543138
2016-06-27,0.0,1.0555735617543138
2016-06-28,0.0,1.0555735617543138
2016-06-29,0.0,1.0555735617543138
2016-06-30,0.0,1.0555735617543138
2016-07-01,0.007240145162313103,1.063216067570915
2016-07-02,0.0,1.063216067570915
2016-07-03,0.0,1.063216067570915
2016-07-04,0.0,1.063216067570915
2016-07-05,0.0,1.063216067570915
2016-07-06,0.004421371657984989,1.0679169409583873
2016-07-07,0.0,1.0679169409583873
2016-07-08,0.0,1.0679169409583873
2016-07-09,0.0,1.0679169409583873
2016-07-10,0.0,1.0679169409583873
2016-07-11,0.0027529164214510913,1.0708568270418974
2016-07-12,0.0,1.0708568270418974
2016-07-13,0.0,1.0708568270418974
2016-07-14,0.0,1.0708568270418974
2016-07-15,0.0,1.0708568270418974
2016-07-16,-0.0015071463016698152,1.0692428891354033
2016-07-17,0.0,1.0692428891354033
2016-07-18,0.0,1.0692428891354033
2016-07-19,0.0,1.0692428891354033
2016-07-20,0.0,1.0692428891354033
2016-07-21,-9.462139826963799e-05,1.0691417158781436
2016-07-22,0.0,1.0691417158781436
2016-07-23,0.0,1.0691417158781436
2016-07-24,0.0,1.0691417158781436
2016-07-25,0.0,1.0691417158781436
2016-07-26,-0.0037095881587288684,1.065175640428919
2016-07-27,0.0,1.065175640428919
2016-07-28,0.0,1.065175640428919
2016-07-29,0.0,1.065175640428919
2016-07-30,0.0,1.065175640428919
2016-07-31,-0.007154960380346465,1.0575543509235399
2016-08-01,0.0,1.0575543509235399
2016-08-02,0.0,1.0575543509235399
2016-08-03,0.0,1.0575543509235399
2016-08-04,0.0,1.0575543509235399
2016-08-05,-0.0011325164281759856,1.05635665324743
2016-08-06,0.0,1.05635665324743
2016-08-07,0.0,1.05635665324743
2016-08-08,0.0,1.05635665324743
2016-08-09,0.0,1.05635665324743
2016-08-10,-0.001330421283691837,1.05495125387278
2016-08-11,0.0,1.05495125387278
2016-08-12,0.0,1.05495125387278
2016-08-13,0.0,1.05495125387278
2016-08-14,0.0,1.05495125387278
2016-08-15,-0.0028905235267020677,1.051901892453937
2016-08-16,0.0,1.051901892453937
2016-08-17,0.0,1.051901892453937
2016-08-18,0.0,1.051901892453937
2016-08-19,0.0,1.051901892453937
2016-08-20,0.0016583098619202081,1.0536462717359658
2016-08-21,0.0,1.0536462717359658
2016-08-22,0.0,1.0536462717359658
2016-08-23,0.0,1.0536462717359658
2016-08-24,0.0,1.0536462717359658
2016-08-25,-0.002543268457674719,1.0509665664075132
2016-08-26,0.0,1.0509665664075132
2016-08-27,0.0,1.0509665664075132
2016-08-28,0.0,1.0509665664075132
2016-08-29,0.0,1.0509665664075132
2016-08-30,-0.0004371600342151969,1.0505071258273835
2016-08-31,0.0,1.0505071258273835
2016-09-01,0.0,1.0505071258273835
2016-09-02,0.0,1.0505071258273835
2016-09-03,0.0,1.0505071258273835
2016-09-04,0.007276805882080869,1.058151462259772
2016-09-05,0.0,1.058151462259772
2016-09-06,0.0,1.058151462259772
2016-09-07,0.0,1.058151462259772
2016-09-08,0.0,1.058151462259772
2016-09-09,-0.01675513196921841,1.0404219948661881
2016-09-10,0.0,1.0404219948661881
2016-09-11,0.0,1.0404219948661881
2016-09-12,0.0,1.0404219948661881
2016-09-13,0.0,1.0404219948661881
2016-09-14,0.0014691715242608483,1.0419505532342601
2016-09-15,0.0,1.0419505532342601
2016-09-16,0.0,1.0419505532342601
2016-09-17,0.0,1.0419505532342601
2016-09-18,0.0,1.0419505532342601
2016-09-19,-0.007277728205431692,1.0343675203043219
2016-09-20,0.0,1.0343675203043219
2016-09-21,0.0,1.0343675203043219
2016-09-22,0.0,1.0343675203043219
2016-09-23,0.0,1.0343675203043219
2016-09-24,-0.00037878770029505426,1.033975714610046
2016-09-25,0.0,1.033975714610046
2016-09-26,0.0,1.033975714610046
2016-09-27,0.0,1.033975714610046
2016-09-28,0.0,1.033975714610046
2016-09-29,-0.004022126431707186,1.0298169335585694
2016-09-30,0.0,1.0298169335585694
2016-10-01,0.0,1.0298169335585694
2016-10-02,0.0,1.0298169335585694
2016-10-03,0.0,1.0298169335585694
2016-10-04,-0.009650328884854788,1.0198788614585366
2016-10-05,0.0,1.0198788614585366
2016-10-06,0.0,1.0198788614585366
2016-10-07,0.0,1.0198788614585366
2016-10-08,0.0,1.0198788614585366
2016-10-09,-0.001413018929505979,1.0184377533214928
2016-10-10,0.0,1.0184377533214928
2016-10-11,0.0,1.0184377533214928
2016-10-12,0.0,1.0184377533214928
2016-10-13,0.0,1.0184377533214928
2016-10-14,-0.0005781104007819653,1.0178489838637486
2016-10-15,0.0,1.0178489838637486
2016-10-16,0.0,1.0178489838637486
2016-10-17,0.0,1.0178489838637486
2016-10-18,0.0,1.0178489838637486
2016-10-19,-0.0005087730141472755,1.0173311297682814
2016-10-20,0.0,1.0173311297682814
2016-10-21,0.0,1.0173311297682814
2016-10-22,0.0,1.0173311297682814
2016-10-23,0.0,1.0173311297682814
2016-10-24,0.0017059706127295535,1.019066666779081
2016-10-25,0.0,1.019066666779081
2016-10-26,0.0,1.019066666779081
2016-10-27,0.0,1.019066666779081
2016-10-28,0.0,1.019066666779081
2016-10-29,0.009006493807427539,1.0282448844027827
2016-10-30,0.0,1.0282448844027827
2016-10-31,0.0,1.0282448844027827
2016-11-01,0.0,1.0282448844027827
2016-11-02,0.0,1.0282448844027827
2016-11-03,-0.021494274972468346,1.0061435061183954
2016-11-04,0.0,1.0061435061183954
2016-11-05,0.0,1.0061435061183954
2016-11-06,0.0,1.0061435061183954
2016-11-07,0.0,1.0061435061183954
2016-11-08,0.003375235936511845,1.0095394778375342
2016-11-09,0.0,1.0095394778375342
2016-11-10,0.0,1.0095394778375342
2016-11-11,0.0,1.0095394778375342
2016-11-12,0.0,1.0095394778375342
2016-11-13,0.004562199377868615,1.0141451982152583
2016-11-14,0.0,1.0141451982152583
2016-11-15,0.0,1.0141451982152583
2016-11-16,0.0,1.0141451982152583
2016-11-17,0.0,1.0141451982152583
2016-11-18,0.00045377919895002916,1.0146053962109234
2016-11-19,0.0,1.0146053962109234
2016-11-20,0.0,1.0146053962109234
2016-11-21,0.0,1.0146053962109234
2016-11-22,0.0,1.0146053962109234
2016-11-23,-0.0070862885286876835,1.0074156096306093
2016-11-24,0.0,1.0074156096306093
2016-11-25,0.0,1.0074156096306093
2016-11-26,0.0,1.0074156096306093
2016-11-27,0.0,1.0074156096306093
2016-11-28,0.002170686868550043,1.0096023934656069
2016-11-29,0.0,1.0096023934656069
2016-11-30,0.0,1.0096023934656069
2016-12-01,0.0,1.0096023934656069
2016-12-02,0.0,1.0096023934656069
2016-12-03,-0.001977412225868632,1.0076059933495016
2016-12-04,0.0,1.0076059933495016
2016-12-05,0.0,1.0076059933495016
2016-12-06,0.0,1.0076059933495016
2016-12-07,0.0,1.0076059933495016
2016-12-08,0.004245429774361431,1.0118837138344927
2016-12-09,0.0,1.0118837138344927
2016-12-10,0.0,1.0118837138344927
2016-12-11,0.0,1.0118837138344927
2016-12-12,0.0,1.0118837138344927
2016-12-13,0.002489501417605733,1.014402799774536
2016-12-14,0.0,1.014402799774536
2016-12-15,0.0,1.014402799774536
2016-12-16,0.0,1.014402799774536
2016-12-17,0.0,1.014402799774536
2016-12-18,-0.0009711203768956179,1.013417692545295
2016-12-19,0.0,1.013417692545295
2016-12-20,0.0,1.013417692545295
2016-12-21,0.0,1.013417692545295
2016-12-22,0.0,1.013417692545295
2016-12-23,0.051099011749843534,1.0652023351241662
2016-12-24,0.0,1.0652023351241662
2016-12-25,0.0,1.0652023351241662
2016-12-26,0.0,1.0652023351241662
2016-12-27,0.0,1.0652023351241662
2016-12-28,0.006913869206706504,1.072567004747893
2016-12-29,0.0,1.072567004747893
2016-12-30,0.0,1.072567004747893
2016-12-31,0.0,1.072567004747893
2017-01-01,0.0,1.072567004747893
2017-01-02,0.00811794327467782,1.0812740428507275
2017-01-03,0.0,1.0812740428507275
2017-01-04,0.0,1.0812740428507275
2017-01-05,0.0,1.0812740428507275
2017-01-06,0.0,1.0812740428507275
2017-01-07,0.004719665870133838,1.0863772950470316
2017-01-08,0.0,1.0863772950470316
2017-01-09,0.0,1.0863772950470316
2017-01-10,0.0,1.0863772950470316
2017-01-11,0.0,1.0863772950470316
2017-01-12,0.010479315621862995,1.0977617856062551
2017-01-13,0.0,1.0977617856062551
2017-01-14,0.0,1.0977617856062551
2017-01-15,0.0,1.0977617856062551
2017-01-16,0.0,1.0977617856062551
2017-01-17,0.01623675992559817,1.1155858801746399
2017-01-18,0.0,1.1155858801746399
2017-01-19,0.0,1.1155858801746399
2017-01-20,0.0,1.1155858801746399
2017-01-21,0.0,1.1155858801746399
2017-01-22,-0.00190118263845771,1.1134649476675433
2017-01-23,0.0,1.1134649476675433
2017-01-24,0.0,1.1134649476675433
2017-01-25,0.0,1.1134649476675433
2017-01-26,0.0,1.1134649476675433
2017-01-27,0.0004170505415670656,1.113929318826984
2017-01-28,0.0,1.113929318826984
2017-01-29,0.0,1.113929318826984
2017-01-30,0.0,1.113929318826984
2017-01-31,0.0,1.113929318826984
2017-02-01,-0.00016031089281317006,1.113750743823352
2017-02-02,0.0,1.113750743823352
2017-02-03,0.0,1.113750743823352
2017-02-04,0.0,1.113750743823352
2017-02-05,0.0,1.113750743823352
2017-02-06,0.002854805125674426,1.1169302851555427
2017-02-07,0.0,1.1169302851555427
2017-02-08,0.0,1.1169302851555427
2017-02-09,0.0,1.1169302851555427
2017-02-10,0.0,1.1169302851555427
2017-02-11,0.003040388805071015,1.1203261874905743
2017-02-12,0.0,1.1203261874905743
2017-02-13,0.0,1.1203261874905743
2017-02-14,0.0,1.1203261874905743
2017-02-15,0.0,1.1203261874905743
2017-02-16,0.0033462806479607862,1.1240751133311777
2017-02-17,0.0,1.1240751133311777
2017-02-18,0.0,1.1240751133311777
2017-02-19,0.0,1.1240751133311777
2017-02-20,0.0,1.1240751133311777
2017-02-21,0.009573354552983138,1.1348362829352816
2017-02-22,0.0,1.1348362829352816
2017-02-23,0.0,1.1348362829352816
2017-02-24,0.0,1.1348362829352816
2017-02-25,0.0,1.1348362829352816
2017-02-26,0.002940507557008343,1.1381732776012201
2017-02-27,0.0,1.1381732776012201
2017-02-28,0.0,1.1381732776012201
2017-03-01,0.0,1.1381732776012201
2017-03-02,0.0,1.1381732776012201
2017-03-03,0.0023156388440694177,1.1408088758541153
2017-03-04,0.0,1.1408088758541153
2017-03-05,0.0,1.1408088758541153
2017-03-06,0.0,1.1408088758541153
2017-03-07,0.0,1.1408088758541153
2017-03-08,-0.014048742511961792,1.1247819457018802
2017-03-09,0.0,1.1247819457018802
2017-03-10,0.0,1.1247819457018802
2017-03-11,0.0,1.1247819457018802
2017-03-12,0.0,1.1247819457018802
2017-03-13,0.015049501184707314,1.141709352926258
2017-03-14,0.0,1.141709352926258
2017-03-15,0.0,1.141709352926258
2017-03-16,0.0,1.141709352926258
2017-03-17,0.0,1.141709352926258
2017-03-18,-0.021026476337459375,1.1177032282326982
2017-03-19,0.0,1.1177032282326982
2017-03-20,0.0,1.1177032282326982
2017-03-21,0.0,1.1177032282326982
2017-03-22,0.0,1.1177032282326982
2017-03-23,-0.00017293283914449672,1.117509940640119
2017-03-24,0.0,1.117509940640119
2017-03-25,0.0,1.117509940640119
2017-03-26,0.0,1.117509940640119
2017-03-27,0.0,1.117509940640119
2017-03-28,0.00639341438454587,1.1246546447694805
2017-03-29,0.0,1.1246546447694805
2017-03-30,0.0,1.1246546447694805
2017-03-31,0.0,1.1246546447694805
2017-04-01,0.0,1.1246546447694805
2017-04-02,0.02185443086833988,1.1492333319543526
2017-04-03,0.0,1.1492333319543526
2017-04-04,0.0,1.1492333319543526
2017-04-05,0.0,1.1492333319543526
2017-04-06,0.0,1.1492333319543526
2017-04-07,-0.013228146369750242,1.1340311052262646
2017-04-08,0.0,1.1340311052262646
2017-04-09,0.0,1.1340311052262646
2017-04-10,0.0,1.1340311052262646
2017-04-11,0.0,1.1340311052262646
2017-04-12,0.03015144622192961,1.1682237831094897
2017-04-13,0.0,1.1682237831094897
2017-04-14,0.0,1.1682237831094897
2017-04-15,0.0,1.1682237831094897
2017-04-16,0.0,1.1682237831094897
2017-04-17,0.0031227730458683097,1.1718718808509263
2017-04-18,0.0,1.1718718808509263
2017-04-19,0.0,1.1718718808509263
2017-04-20,0.0,1.1718718808509263
2017-04-21,0.0,1.1718718808509263
2017-04-22,0.025791233020912217,1.2020959016006072
2017-04-23,0.0,1.2020959016006072
2017-04-24,0.0,1.2020959016006072
2017-04-25,0.0,1.2020959016006072
2017-04-26,0.0,1.2020959016006072
2017-04-27,0.003644005867354488,1.2064763461191628
2017-04-28,0.0,1.2064763461191628
2017-04-29,0.0,1.2064763461191628
2017-04-30,0.0,1.2064763461191628
2017-05-01,0.0,1.2064763461191628
2017-05-02,0.003021631006423081,1.2101218724551124
2017-05-03,0.0,1.2101218724551124
2017-05-04,0.0,1.2101218724551124
2017-05-05,0.0,1.2101218724551124
2017-05-06,0.0,1.2101218724551124
2017-05-07,0.013238453508502133,1.226142014603231
2017-05-08,0.0,1.226142014603231
2017-05-09,0.0,1.226142014603231
2017-05-10,0.0,1.226142014603231
2017-05-11,0.0,1.226142014603231
2017-05-12,-0.026823161777282174,1.1932530089836058
2017-05-13,0.0,1.1932530089836058
2017-05-14,0.0,1.1932530089836058
2017-05-15,0.0,1.1932530089836058
2017-05-16,0.0,1.1932530089836058
2017-05-17,0.01863082471699069,1.215484296637001
2017-05-18,0.0,1.215484296637001
2017-05-19,0.0,1.215484296637001
2017-05-20,0.0,1.215484296637001
2017-05-21,0.0,1.215484296637001
2017-05-22,0.010285854381768735,1.2279865911155359
2017-05-23,0.0,1.2279865911155359
2017-05-24,0.0,1.2279865911155359
2017-05-25,0.0,1.2279865911155359
2017-05-26,0.0,1.2279865911155359
2017-05-27,-0.013045271388739444,1.2119671727727006
2017-05-28,0.0,1.2119671727727006
2017-05-29,0.0,1.2119671727727006
2017-05-30,0.0,1.2119671727727006
2017-05-31,0.0,1.2119671727727006
2017-06-01,0.0315568807206226,1.250213076281199
2017-06-02,0.0,1.250213076281199
2017-06-03,0.0,1.250213076281199
2017-06-04,0.0,1.250213076281199
2017-06-05,0.0,1.250213076281199
2017-06-06,0.010647944310221768,1.2635252754933524
2017-06-07,0.0,1.2635252754933524
2017-06-08,0.0,1.2635252754933524
2017-06-09,0.0,1.2635252754933524
2017-06-10,0.0,1.2635252754933524
2017-06-11,0.01430807996445812,1.2816038961722254
2017-06-12,0.0,1.2816038961722254
2017-06-13,0.0,1.2816038961722254
2017-06-14,0.0,1.2816038961722254
2017-06-15,0.0,1.2816038961722254
2017-06-16,0.031198584093272762,1.3215881231012205
2017-06-17,0.0,1.3215881231012205
2017-06-18,0.0,1.3215881231012205
2017-06-19,0.0,1.3215881231012205
2017-06-20,0.0,1.3215881231012205
2017-06-21,0.0016074173344991446,1.3237124667593616
2017-06-22,0.0,1.3237124667593616
2017-06-23,0.0,1.3237124667593616
2017-06-24,0.0,1.3237124667593616
2017-06-25,0.0,1.3237124667593616
2017-06-26,-0.019772863757955658,1.2975388804994215
2017-06-27,0.0,1.2975388804994215
2017-06-28,0.0,1.2975388804994215
2017-06-29,0.0,1.2975388804994215
2017-06-30,0.0,1.2975388804994215
2017-07-01,-0.00838229518741851,1.2866625265859228
2017-07-02,0.0,1.2866625265859228
2017-07-03,0.0,1.2866625265859228
2017-07-04,0.0,1.2866625265859228
2017-07-05,0.0,1.2866625265859228
2017-07-06,-0.01164393841465398,1.2716807073659133
2017-07-07,0.0,1.2716807073659133
2017-07-08,0.0,1.2716807073659133
2017-07-09,0.0,1.2716807073659133
2017-07-10,0.0,1.2716807073659133
2017-07-11,-0.005608556601850012,1.264548414139171
2017-07-12,0.0,1.264548414139171
2017-07-13,0.0,1.264548414139171
2017-07-14,0.0,1.264548414139171
2017-07-15,0.0,1.264548414139171
2017-07-16,0.0017125659066829276,1.2667140366405758
2017-07-17,0.0,1.2667140366405758
2017-07-18,0.0,1.2667140366405758
2017-07-19,0.0,1.2667140366405758
2017-07-20,0.0,1.2667140366405758
2017-07-21,-0.006712046182543174,1.2582117935265686
2017-07-22,0.0,1.2582117935265686
2017-07-23,0.0,1.2582117935265686
2017-07-24,0.0,1.2582117935265686
2017-07-25,0.0,1.2582117935265686
2017-07-26,-0.001772784691954793,1.2559812549197678
2017-07-27,0.0,1.2559812549197678
2017-07-28,0.0,1.2559812549197678
2017-07-29,0.0,1.2559812549197678
2017-07-30,0.0,1.2559812549197678
2017-07-31,0.01349749621178924,1.2729338571501256
2017-08-01,0.0,1.2729338571501256
2017-08-02,0.0,1.2729338571501256
2017-08-03,0.0,1.2729338571501256
2017-08-04,0.0,1.2729338571501256
2017-08-05,0.03396721879520114,1.3161718799877633
2017-08-06,0.0,1.3161718799877633
2017-08-07,0.0,1.3161718799877633
2017-08-08,0.0,1.3161718799877633
2017-08-09,0.0,1.3161718799877633
2017-08-10,-0.008935273083419171,1.3044115248153556
2017-08-11,0.0,1.3044115248153556
2017-08-12,0.0,1.3044115248153556
2017-08-13,0.0,1.3044115248153556
2017-08-14,0.0,1.3044115248153556
2017-08-15,-0.01654593876027339,1.282828811607566
2017-08-16,0.0,1.282828811607566
2017-08-17,0.0,1.282828811607566
2017-08-18,0.0,1.282828811607566
2017-08-19,0.0,1.282828811607566
2017-08-20,-0.002220765479073173,1.2799799496671873
2017-08-21,0.0,1.2799799496671873
2017-08-22,0.0,1.2799799496671873
2017-08-23,0.0,1.2799799496671873
2017-08-24,0.0,1.2799799496671873
2017-08-25,0.005169025630378321,1.2865961988333872
2017-08-26,0.0,1.2865961988333872
2017-08-27,0.0,1.2865961988333872
2017-08-28,0.0,1.2865961988333872
2017-08-29,0.0,1.2865961988333872
2017-08-30,0.005688735700538438,1.2939153045618677
2017-08-31,0.0,1.2939153045618677
2017-09-01,0.0,1.2939153045618677
2017-09-02,0.0,1.2939153045618677
2017-09-03,0.0,1.2939153045618677
2017-09-04,-0.03685407038255996,1.2462292588584731
2017-09-05,0.0,1.2462292588584731
2017-09-06,0.0,1.2462292588584731
2017-09-07,0.0,1.2462292588584731
2017-09-08,0.0,1.2462292588584731
2017-09-09,-0.004069210882206531,1.241158089196602
2017-09-10,0.0,1.241158089196602
2017-09-11,0.0,1.241158089196602
2017-09-12,0.0,1.241158089196602
2017-09-13,0.0,1.241158089196602
2017-09-14,-0.08316646912258573,1.1379353532951855
2017-09-15,0.0,1.1379353532951855
2017-09-16,0.0,1.1379353532951855
2017-09-17,0.0,1.1379353532951855
2017-09-18,0.0,1.1379353532951855
2017-09-19,-0.014843147665727485,1.1210448108121733
2017-09-20,0.0,1.1210448108121733
2017-09-21,0.0,1.1210448108121733
2017-09-22,0.0,1.1210448108121733
2017-09-23,0.0,1.1210448108121733
2017-09-24,-0.010360337729769315,1.109430407961954
2017-09-25,0.0,1.109430407961954
2017-09-26,0.0,1.109430407961954
2017-09-27,0.0,1.109430407961954
2017-09-28,0.0,1.109430407961954
2017-09-29,-0.002580750773570056,1.106567244578384
2017-09-30,0.0,1.106567244578384
2017-10-01,0.0,1.106567244578384
2017-10-02,0.0,1.106567244578384
2017-10-03,0.0,1.106567244578384
2017-10-04,-0.0042198977737886115,1.1018976439264403
2017-10-05,0.0,1.1018976439264403
2017-10-06,0.0,1.1018976439264403
2017-10-07,0.0,1.1018976439264403
2017-10-08,0.0,1.1018976439264403
2017-10-09,-0.0011839866412095886,1.1005930118360512
2017-10-10,0.0,1.1005930118360512
2017-10-11,0.0,1.1005930118360512
2017-10-12,0.0,1.1005930118360512
2017-10-13,0.0,1.1005930118360512
2017-10-14,0.01759742732201728,1.1199606173729562
2017-10-15,0.0,1.1199606173729562
2017-10-16,0.0,1.1199606173729562
2017-10-17,0.0,1.1199606173729562
2017-10-18,0.0,1.1199606173729562
2017-10-19,0.0005004347151158005,1.120521084545452
2017-10-20,0.0,1.120521084545452
2017-10-21,0.0,1.120521084545452
2017-10-22,0.0,1.120521084545452
2017-10-23,0.0,1.120521084545452
2017-10-24,-0.010220240936726134,1.1090690890867159
2017-10-25,0.0,1.1090690890867159
2017-10-26,0.0,1.1090690890867159
2017-10-27,0.0,1.1090690890867159
2017-10-28,0.0,1.1090690890867159
2017-10-29,0.019812346443094597,1.1310423501090292
2017-10-30,0.0,1.1310423501090292
2017-10-31,0.0,1.1310423501090292
2017-11-01,0.0,1.1310423501090292
2017-11-02,0.0,1.1310423501090292
2017-11-03,0.008860473513349504,1.141063920894647
2017-11-04,0.0,1.141063920894647
2017-11-05,0.0,1.141063920894647
2017-11-06,0.0,1.141063920894647
2017-11-07,0.0,1.141063920894647
2017-11-08,0.014571307446785786,1.1576907141024375
2017-11-09,0.0,1.1576907141024375
2017-11-10,0.0,1.1576907141024375
2017-11-11,0.0,1.1576907141024375
2017-11-12,0.0,1.1576907141024375
2017-11-13,0.02810191534779519,1.190224040549073
2017-11-14,0.0,1.190224040549073
2017-11-15,0.0,1.190224040549073
2017-11-16,0.0,1.190224040549073
2017-11-17,0.0,1.190224040549073
2017-11-18,0.007002776420474655,1.198558913395312
2017-11-19,0.0,1.198558913395312
2017-11-20,0.0,1.198558913395312
2017-11-21,0.0,1.198558913395312
2017-11-22,0.0,1.198558913395312
2017-11-23,-0.0015152298829205547,1.1967428211132947
2017-11-24,0.0,1.1967428211132947
2017-11-25,0.0,1.1967428211132947
2017-11-26,0.0,1.1967428211132947
2017-11-27,0.0,1.1967428211132947
2017-11-28,0.01292868498741006,1.2122151320584127
2017-11-29,0.0,1.2122151320584127
2017-11-30,0.0,1.2122151320584127
2017-12-01,0.0,1.2122151320584127
2017-12-02,0.0,1.2122151320584127
2017-12-03,0.0058152488804536825,1.2192644647479844
2017-12-04,0.0,1.2192644647479844
2017-12-05,0.0,1.2192644647479844
2017-12-06,0.0,1.2192644647479844
2017-12-07,0.0,1.2192644647479844
2017-12-08,0.029366665984328612,1.2550701970307996
2017-12-09,0.0,1.2550701970307996
2017-12-10,0.0,1.2550701970307996
2017-12-11,0.0,1.2550701970307996
2017-12-12,0.0,1.2550701970307996
2017-12-13,-0.016174470605860053,1.234770101020634
2017-12-14,0.0,1.234770101020634
2017-12-15,0.0,1.234770101020634
2017-12-16,0.0,1.234770101020634
2017-12-17,0.0,1.234770101020634
2017-12-18,0.02215852404713063,1.2621307839967777
2017-12-19,0.0,1.2621307839967777
2017-12-20,0.0,1.2621307839967777
2017-12-21,0.0,1.2621307839967777
2017-12-22,0.0,1.2621307839967777
2017-12-23,0.025783840268983338,1.2946733625299174
2017-12-24,0.0,1.2946733625299174
2017-12-25,0.0,1.2946733625299174
2017-12-26,0.0,1.2946733625299174
2017-12-27,0.0,1.2946733625299174
2017-12-28,-0.0252491280710138,1.2619839889892694
2017-12-29,0.0,1.2619839889892694
2017-12-30,0.0,1.2619839889892694
2017-12-31,0.0,1.2619839889892694
2018-01-01,0.0,1.2619839889892694
2018-01-02,0.03495073088654509,1.3060912517715622
2018-01-03,0.0,1.3060912517715622
2018-01-04,0.0,1.3060912517715622
2018-01-05,0.0,1.3060912517715622
2018-01-06,0.0,1.3060912517715622
2018-01-07,-0.010764745880941461,1.2920315113489205
2018-01-08,0.0,1.2920315113489205
2018-01-09,0.0,1.2920315113489205
2018-01-10,0.0,1.2920315113489205
2018-01-11,0.0,1.2920315113489205
2018-01-12,0.015958971901175373,1.312651005933971
2018-01-13,0.0,1.312651005933971
2018-01-14,0.0,1.312651005933971
2018-01-15,0.0,1.312651005933971
2018-01-16,0.0,1.312651005933971
2018-01-17,-0.00015366102271849574,1.3124493026379267
2018-01-18,0.0,1.3124493026379267
2018-01-19,0.0,1.3124493026379267
2018-01-20,0.0,1.3124493026379267
2018-01-21,0.0,1.3124493026379267
2018-01-22,-0.009768544688854758,1.299628582973252
2018-01-23,0.0,1.299628582973252
2018-01-24,0.0,1.299628582973252
2018-01-25,0.0,1.299628582973252
2018-01-26,0.0,1.299628582973252
2018-01-27,0.00691161239509331,1.3086111119963475
2018-01-28,0.0,1.3086111119963475
2018-01-29,0.0,1.3086111119963475
2018-01-30,0.0,1.3086111119963475
2018-01-31,0.0,1.3086111119963475
2018-02-01,-0.03666909544571455,1.2606255262292307
2018-02-02,0.0,1.2606255262292307
2018-02-03,0.0,1.2606255262292307
2018-02-04,0.0,1.2606255262292307
2018-02-05,0.0,1.2606255262292307
2018-02-06,0.04401340727612135,1.3161099509378327
2018-02-07,0.0,1.3161099509378327
2018-02-08,0.0,1.3161099509378327
2018-02-09,0.0,1.3161099509378327
2018-02-10,0.0,1.3161099509378327
2018-02-11,-0.013769669111330065,1.2979875523992899
2018-02-12,0.0,1.2979875523992899
2018-02-13,0.0,1.2979875523992899
2018-02-14,0.0,1.2979875523992899
2018-02-15,0.0,1.2979875523992899
2018-02-16,0.0040720918268286575,1.3032730769027403
2018-02-17,0.0,1.3032730769027403
2018-02-18,0.0,1.3032730769027403
2018-02-19,0.0,1.3032730769027403
2018-02-20,0.0,1.3032730769027403
2018-02-21,-0.02353778586390061,1.2725969142964166
2018-02-22,0.0,1.2725969142964166
2018-02-23,0.0,1.2725969142964166
2018-02-24,0.0,1.2725969142964166
2018-02-25,0.0,1.2725969142964166
2018-02-26,0.015531491037203589,1.2923622418647842
2018-02-27,0.0,1.2923622418647842
2018-02-28,0.0,1.2923622418647842
2018-03-01,0.0,1.2923622418647842
2018-03-02,0.0,1.2923622418647842
2018-03-03,0.0034443319628420692,1.2968135664420093
2018-03-04,0.0,1.2968135664420093
2018-03-05,0.0,1.2968135664420093
2018-03-06,0.0,1.2968135664420093
2018-03-07,0.0,1.2968135664420093
2018-03-08,-0.013734037593137925,1.2790030801692034
2018-03-09,0.0,1.2790030801692034
2018-03-10,0.0,1.2790030801692034
2018-03-11,0.0,1.2790030801692034
2018-03-12,0.0,1.2790030801692034
2018-03-13,-0.005514958198853482,1.2719494316458653
2018-03-14,0.0,1.2719494316458653
2018-03-15,0.0,1.2719494316458653
2018-03-16,0.0,1.2719494316458653
2018-03-17,0.0,1.2719494316458653
2018-03-18,0.005802535289770625,1.279329963109794
2018-03-19,0.0,1.279329963109794
2018-03-20,0.0,1.279329963109794
2018-03-21,0.0,1.279329963109794
2018-03-22,0.0,1.279329963109794
2018-03-23,-0.0018591580591417458,1.276951486498577
2018-03-24,0.0,1.276951486498577
2018-03-25,0.0,1.276951486498577
2018-03-26,0.0,1.276951486498577
2018-03-27,0.0,1.276951486498577
2018-03-28,-0.0061146220348211825,1.2691434108018351
2018-03-29,0.0,1.2691434108018351
2018-03-30,0.0,1.2691434108018351
2018-03-31,0.0,1.2691434108018351
2018-04-01,0.0,1.2691434108018351
2018-04-02,1.4290820362313807e-05,1.269161547902333
2018-04-03,0.0,1.269161547902333
2018-04-04,0.0,1.269161547902333
2018-04-05,0.0,1.269161547902333
2018-04-06,0.0,1.269161547902333
2018-04-07,0.009555708287504214,1.281289285423805
2018-04-08,0.0,1.281289285423805
2018-04-09,0.0,1.281289285423805
2018-04-10,0.0,1.281289285423805
2018-04-11,0.0,1.281289285423805
2018-04-12,0.03108630003538567,1.3211198285826142
2018-04-13,0.0,1.3211198285826142
2018-04-14,0.0,1.3211198285826142
2018-04-15,0.0,1.3211198285826142
2018-04-16,0.0,1.3211198285826142
2018-04-17,0.011070537379394677,1.3357453350275976
2018-04-18,0.0,1.3357453350275976
2018-04-19,0.0,1.3357453350275976
2018-04-20,0.0,1.3357453350275976
2018-04-21,0.0,1.3357453350275976
2018-04-22,-0.0031348927328910445,1.3315579166838265
2018-04-23,0.0,1.3315579166838265
2018-04-24,0.0,1.3315579166838265
2018-04-25,0.0,1.3315579166838265
2018-04-26,0.0,1.3315579166838265
2018-04-27,-0.005909200180063215,1.3236894744027938
2018-04-28,0.0,1.3236894744027938
2018-04-29,0.0,1.3236894744027938
2018-04-30,0.0,1.3236894744027938
2018-05-01,0.0,1.3236894744027938
2018-05-02,0.0011777164985652961,1.3252484053357754
2018-05-03,0.0,1.3252484053357754
2018-05-04,0.0,1.3252484053357754
2018-05-05,0.0,1.3252484053357754
2018-05-06,0.0,1.3252484053357754
2018-05-07,-0.0060235516938111165,1.3172657030590946
2018-05-08,0.0,1.3172657030590946
2018-05-09,0.0,1.3172657030590946
2018-05-10,0.0,1.3172657030590946
2018-05-11,0.0,1.3172657030590946
2018-05-12,0.005890371438116869,1.3250248873328048
2018-05-13,0.0,1.3250248873328048
2018-05-14,0.0,1.3250248873328048
2018-05-15,0.0,1.3250248873328048
2018-05-16,0.0,1.3250248873328048
2018-05-17,-0.013496599162402242,1.3071415575482668
2018-05-18,0.0,1.3071415575482668
2018-05-19,0.0,1.3071415575482668
2018-05-20,0.0,1.3071415575482668
2018-05-21,0.0,1.3071415575482668
2018-05-22,-0.013348366338369855,1.2896933531820052
2018-05-23,0.0,1.2896933531820052
2018-05-24,0.0,1.2896933531820052
2018-05-25,0.0,1.2896933531820052
2018-05-26,0.0,1.2896933531820052
2018-05-27,-0.0003743915502729832,1.2892105028881307
2018-05-28,0.0,1.2892105028881307
2018-05-29,0.0,1.2892105028881307
2018-05-30,0.0,1.2892105028881307
2018-05-31,0.0,1.2892105028881307
2018-06-01,0.007835383402319892,1.2993119614645567
2018-06-02,0.0,1.2993119614645567
2018-06-03,0.0,1.2993119614645567
2018-06-04,0.0,1.2993119614645567
2018-06-05,0.0,1.2993119614645567
2018-06-06,0.0024710644591696296,1.3025226450739058
2018-06-07,0.0,1.3025226450739058
2018-06-08,0.0,1.3025226450739058
2018-06-09,0.0,1.3025226450739058
2018-06-10,0.0,1.3025226450739058
2018-06-11,0.004100182381168,1.30786322547431
2018-06-12,0.0,1.30786322547431
2018-06-13,0.0,1.30786322547431
2018-06-14,0.0,1.30786322547431
2018-06-15,0.0,1.30786322547431
2018-06-16,0.003337854341230647,1.3122286824191953
2018-06-17,0.0,1.3122286824191953
2018-06-18,0.0,1.3122286824191953
2018-06-19,0.0,1.3122286824191953
2018-06-20,0.0,1.3122286824191953
2018-06-21,-0.005973022964045255,1.3043907103650267
2018-06-22,0.0,1.3043907103650267
2018-06-23,0.0,1.3043907103650267
2018-06-24,0.0,1.3043907103650267
2018-06-25,0.0,1.3043907103650267
2018-06-26,-0.011653747143127488,1.2891896708505883
2018-06-27,0.0,1.2891896708505883
2018-06-28,0.0,1.2891896708505883
2018-06-29,0.0,1.2891896708505883
2018-06-30,0.0,1.2891896708505883
2018-07-01,-0.002324240914176138,1.286193283471464
2018-07-02,0.0,1.286193283471464
2018-07-03,0.0,1.286193283471464
2018-07-04,0.0,1.286193283471464
2018-07-05,0.0,1.286193283471464
2018-07-06,0.00418488494279169,1.2915758543769835
2018-07-07,0.0,1.2915758543769835
2018-07-08,0.0,1.2915758543769835
2018-07-09,0.0,1.2915758543769835
2018-07-10,0.0,1.2915758543769835
2018-07-11,0.002225558107729838,1.2944503314914402
2018-07-12,0.0,1.2944503314914402
2018-07-13,0.0,1.2944503314914402
2018-07-14,0.0,1.2944503314914402
2018-07-15,0.0,1.2944503314914402
2018-07-16,0.016097315001058543,1.3152875062306826
2018-07-17,0.0,1.3152875062306826
2018-07-18,0.0,1.3152875062306826
2018-07-19,0.0,1.3152875062306826
2018-07-20,0.0,1.3152875062306826
2018-07-21,0.004237173805087289,1.3208606079982417
2018-07-22,0.0,1.3208606079982417
2018-07-23,0.0,1.3208606079982417
2018-07-24,0.0,1.3208606079982417
2018-07-25,0.0,1.3208606079982417
2018-07-26,-0.011430862506349091,1.305762031998161
2018-07-27,0.0,1.305762031998161
2018-07-28,0.0,1.305762031998161
2018-07-29,0.0,1.305762031998161
2018-07-30,0.0,1.305762031998161
2018-07-31,-0.007671046993169916,1.2957454700888063
2018-08-01,0.0,1.2957454700888063
2018-08-02,0.0,1.2957454700888063
2018-08-03,0.0,1.2957454700888063
2018-08-04,0.0,1.2957454700888063
2018-08-05,0.003364803690591938,1.3001053992286289
2018-08-06,0.0,1.3001053992286289
2018-08-07,0.0,1.3001053992286289
2018-08-08,0.0,1.3001053992286289
2018-08-09,0.0,1.3001053992286289
2018-08-10,-0.021809497076577113,1.27175075432491
2018-08-11,0.0,1.27175075432491
2018-08-12,0.0,1.27175075432491
2018-08-13,0.0,1.27175075432491
2018-08-14,0.0,1.27175075432491
2018-08-15,-0.004590281882257258,1.2659130598785853
2018-08-16,0.0,1.2659130598785853
2018-08-17,0.0,1.2659130598785853
2018-08-18,0.0,1.2659130598785853
2018-08-19,0.0,1.2659130598785853
2018-08-20,-0.011986581223417229,1.250739090164566
2018-08-21,0.0,1.250739090164566
2018-08-22,0.0,1.250739090164566
2018-08-23,0.0,1.250739090164566
2018-08-24,0.0,1.250739090164566
2018-08-25,0.0007390162428588501,1.2516634066677763
2018-08-26,0.0,1.2516634066677763
2018-08-27,0.0,1.2516634066677763
2018-08-28,0.0,1.2516634066677763
2018-08-29,0.0,1.2516634066677763
2018-08-30,-0.007343287171573978,1.2424720828304643
2018-08-31,0.0,1.2424720828304643
2018-09-01,0.0,1.2424720828304643
2018-09-02,0.0,1.2424720828304643
2018-09-03,0.0,1.2424720828304643
2018-09-04,0.0026819917036627183,1.245804382648648
2018-09-05,0.0,1.245804382648648
2018-09-06,0.0,1.245804382648648
2018-09-07,0.0,1.245804382648648
2018-09-08,0.0,1.245804382648648
2018-09-09,0.005977986547349589,1.2532517844887507
2018-09-10,0.0,1.2532517844887507
2018-09-11,0.0,1.2532517844887507
2018-09-12,0.0,1.2532517844887507
2018-09-13,0.0,1.2532517844887507
2018-09-14,0.0025348797388387335,1.2564286270449148
2018-09-15,0.0,1.2564286270449148
2018-09-16,0.0,1.2564286270449148
2018-09-17,0.0,1.2564286270449148
2018-09-18,0.0,1.2564286270449148
2018-09-19,0.00024809689523295575,1.2567403430863664
2018-09-20,0.0,1.2567403430863664
2018-09-21,0.0,1.2567403430863664
2018-09-22,0.0,1.2567403430863664
2018-09-23,0.0,1.2567403430863664
2018-09-24,-0.012398889604763694,1.2411581583105857
2018-09-25,0.0,1.2411581583105857
2018-09-26,0.0,1.2411581583105857
2018-09-27,0.0,1.2411581583105857
2018-09-28,0.0,1.2411581583105857
2018-09-29,-0.0013129172716536746,1.2395286203276858
2018-09-30,0.0,1.2395286203276858
2018-10-01,0.0,1.2395286203276858
2018-10-02,0.0,1.2395286203276858
2018-10-03,0.0,1.2395286203276858
2018-10-04,-0.004440115349010078,1.2340249702750314
2018-10-05,0.0,1.2340249702750314
2018-10-06,0.0,1.2340249702750314
2018-10-07,0.0,1.2340249702750314
2018-10-08,0.0,1.2340249702750314
2018-10-09,8.164076852991875e-05,1.23412571702199
2018-10-10,0.0,1.23412571702199
2018-10-11,0.0,1.23412571702199
2018-10-12,0.0,1.23412571702199
2018-10-13,0.0,1.23412571702199
2018-10-14,-0.0032679820353376707,1.230092616349414
2018-10-15,0.0,1.230092616349414
2018-10-16,0.0,1.230092616349414
2018-10-17,0.0,1.230092616349414
2018-10-18,0.0,1.230092616349414
2018-10-19,0.0018880976563756934,1.2324151513354684
2018-10-20,0.0,1.2324151513354684
2018-10-21,0.0,1.2324151513354684
2018-10-22,0.0,1.2324151513354684
2018-10-23,0.0,1.2324151513354684
2018-10-24,-0.014744172965335825,1.2142442091790777
2018-10-25,0.0,1.2142442091790777
2018-10-26,0.0,1.2142442091790777
2018-10-27,0.0,1.2142442091790777
2018-10-28,0.0,1.2142442091790777
2018-10-29,-0.018796194546050114,1.191421038796933
2018-10-30,0.0,1.191421038796933
2018-10-31,0.0,1.191421038796933
2018-11-01,0.0,1.191421038796933
2018-11-02,0.0,1.191421038796933
2018-11-03,-0.0015491557131116279,1.1895753420879593
2018-11-04,0.0,1.1895753420879593
2018-11-05,0.0,1.1895753420879593
2018-11-06,0.0,1.1895753420879593
2018-11-07,0.0,1.1895753420879593
2018-11-08,-0.008108079343655174,1.1799301708290544
2018-11-09,0.0,1.1799301708290544
2018-11-10,0.0,1.1799301708290544
2018-11-11,0.0,1.1799301708290544
2018-11-12,0.0,1.1799301708290544
2018-11-13,-0.004098368696422714,1.175094381952964
2018-11-14,0.0,1.175094381952964
2018-11-15,0.0,1.175094381952964
2018-11-16,0.0,1.175094381952964
2018-11-17,0.0,1.175094381952964
2018-11-18,0.0030740759989058503,1.1787067113889746
2018-11-19,0.0,1.1787067113889746
2018-11-20,0.0,1.1787067113889746
2018-11-21,0.0,1.1787067113889746
2018-11-22,0.0,1.1787067113889746
2018-11-23,-0.005577392636373582,1.1721326012564297
2018-11-24,0.0,1.1721326012564297
2018-11-25,0.0,1.1721326012564297
2018-11-26,0.0,1.1721326012564297
2018-11-27,0.0,1.1721326012564297
2018-11-28,0.04635227477741381,1.2264636136654326
2018-11-29,0.0,1.2264636136654326
2018-11-30,0.0,1.2264636136654326
2018-12-01,0.0,1.2264636136654326
2018-12-02,0.0,1.2264636136654326
2018-12-03,-0.009218215880217583,1.2151578073054328
2018-12-04,0.0,1.2151578073054328
2018-12-05,0.0,1.2151578073054328
2018-12-06,0.0,1.2151578073054328
2018-12-07,0.0,1.2151578073054328
2018-12-08,-6.93349192847849e-05,1.215073554436945
2018-12-09,0.0,1.215073554436945
2018-12-10,0.0,1.215073554436945
2018-12-11,0.0,1.215073554436945
2018-12-12,0.0,1.215073554436945
2018-12-13,-0.011149529964656676,1.2015260554324885
2018-12-14,0.0,1.2015260554324885
2018-12-15,0.0,1.2015260554324885
2018-12-16,0.0,1.2015260554324885
2018-12-17,0.0,1.2015260554324885
2018-12-18,0.012996216952103422,1.217141348722494
2018-12-19,0.0,1.217141348722494
2018-12-20,0.0,1.217141348722494
2018-12-21,0.0,1.217141348722494
2018-12-22,0.0,1.217141348722494
2018-12-23,0.006952031311076162,1.2256029534888184
2018-12-24,0.0,1.2256029534888184
2018-12-25,0.0,1.2256029534888184
2018-12-26,0.0,1.2256029534888184
2018-12-27,0.0,1.2256029534888184
2018-12-28,0.03265310972234475,1.2656227012051187
2018-12-29,0.0,1.2656227012051187
2018-12-30,0.0,1.2656227012051187
2018-12-31,0.0,1.2656227012051187
2019-01-01,0.0,1.2656227012051187
2019-01-02,0.010286057455568704,1.2786409690267866
2019-01-03,0.0,1.2786409690267866
2019-01-04,0.0,1.2786409690267866
2019-01-05,0.0,1.2786409690267866
2019-01-06,0.0,1.2786409690267866
2019-01-07,-0.0019550242435239494,1.2761411949335764
2019-01-08,0.0,1.2761411949335764
2019-01-09,0.0,1.2761411949335764
2019-01-10,0.0,1.2761411949335764
2019-01-11,0.0,1.2761411949335764
2019-01-12,-0.0011858394691198538,1.2746278963364543
2019-01-13,0.0,1.2746278963364543
2019-01-14,0.0,1.2746278963364543
2019-01-15,0.0,1.2746278963364543
2019-01-16,0.0,1.2746278963364543
2019-01-17,0.004713396803108283,1.2806357233881993
2019-01-18,0.0,1.2806357233881993
2019-01-19,0.0,1.2806357233881993
2019-01-20,0.0,1.2806357233881993
2019-01-21,0.0,1.2806357233881993
2019-01-22,-0.004096223095773327,1.2753899537607842
2019-01-23,0.0,1.2753899537607842
2019-01-24,0.0,1.2753899537607842
2019-01-25,0.0,1.2753899537607842
2019-01-26,0.0,1.2753899537607842
2019-01-27,-0.003683882339328426,1.2706915672343682
2019-01-28,0.0,1.2706915672343682
2019-01-29,0.0,1.2706915672343682
2019-01-30,0.0,1.2706915672343682
2019-01-31,0.0,1.2706915672343682
2019-02-01,0.0012422252306745771,1.272270052359592
2019-02-02,0.0,1.272270052359592
2019-02-03,0.0,1.272270052359592
2019-02-04,0.0,1.272270052359592
2019-02-05,0.0,1.272270052359592
2019-02-06,-0.013475865346419914,1.2551251124497116
2019-02-07,0.0,1.2551251124497116
2019-02-08,0.0,1.2551251124497116
2019-02-09,0.0,1.2551251124497116
2019-02-10,0.0,1.2551251124497116
2019-02-11,-0.014280031503114372,1.2372018863035796
2019-02-12,0.0,1.2372018863035796
2019-02-13,0.0,1.2372018863035796
2019-02-14,0.0,1.2372018863035796
2019-02-15,0.0,1.2372018863035796
2019-02-16,0.003686020130801404,1.24176223736236
2019-02-17,0.0,1.24176223736236
2019-02-18,0.0,1.24176223736236
2019-02-19,0.0,1.24176223736236
2019-02-20,0.0,1.24176223736236
2019-02-21,-0.012089855298926377,1.226749511596978
2019-02-22,0.0,1.226749511596978
2019-02-23,0.0,1.226749511596978
2019-02-24,0.0,1.226749511596978
2019-02-25,0.0,1.226749511596978
2019-02-26,-0.003529850828308051,1.222419268817341
2019-02-27,0.0,1.222419268817341
2019-02-28,0.0,1.222419268817341
2019-03-01,0.0,1.222419268817341
2019-03-02,0.0,1.222419268817341
2019-03-03,-0.0029035735353479084,1.2188698845793036
2019-03-04,0.0,1.2188698845793036
2019-03-05,0.0,1.2188698845793036
2019-03-06,0.0,1.2188698845793036
2019-03-07,0.0,1.2188698845793036
2019-03-08,-0.001979450388061593,1.2164571921132765
2019-03-09,0.0,1.2164571921132765
2019-03-10,0.0,1.2164571921132765
2019-03-11,0.0,1.2164571921132765
2019-03-12,0.0,1.2164571921132765
2019-03-13,0.0017609645743487897,1.2185993301348
2019-03-14,0.0,1.2185993301348
2019-03-15,0.0,1.2185993301348
2019-03-16,0.0,1.2185993301348
2019-03-17,0.0,1.2185993301348
2019-03-18,-0.0007462241232722541,1.2176899819180498
2019-03-19,0.0,1.2176899819180498
2019-03-20,0.0,1.2176899819180498
2019-03-21,0.0,1.2176899819180498
2019-03-22,0.0,1.2176899819180498
2019-03-23,0.004443562223320818,1.2231008631214169
2019-03-24,0.0,1.2231008631214169
2019-03-25,0.0,1.2231008631214169
2019-03-26,0.0,1.2231008631214169
2019-03-27,0.0,1.2231008631214169
2019-03-28,-0.004005258440720349,1.2182020280655474
2019-03-29,0.0,1.2182020280655474
2019-03-30,0.0,1.2182020280655474
2019-03-31,0.0,1.2182020280655474
2019-04-01,0.0,1.2182020280655474
2019-04-02,0.07470071190725877,1.30920258680891
2019-04-03,0.0,1.30920258680891
2019-04-04,0.0,1.30920258680891
2019-04-05,0.0,1.30920258680891
2019-04-06,0.0,1.30920258680891
2019-04-07,0.0052284004451493785,1.3160476221965725
2019-04-08,0.0,1.3160476221965725
2019-04-09,0.0,1.3160476221965725
2019-04-10,0.0,1.3160476221965725
2019-04-11,0.0,1.3160476221965725
2019-04-12,0.0022929999429633697,1.3190653193192061
2019-04-13,0.0,1.3190653193192061
2019-04-14,0.0,1.3190653193192061
2019-04-15,0.0,1.3190653193192061
2019-04-16,0.0,1.3190653193192061
2019-04-17,-0.0036835159512378255,1.314206521174769
2019-04-18,0.0,1.314206521174769
2019-04-19,0.0,1.314206521174769
2019-04-20,0.0,1.314206521174769
2019-04-21,0.0,1.314206521174769
2019-04-22,0.0024697966122391836,1.317452343988549
2019-04-23,0.0,1.317452343988549
2019-04-24,0.0,1.317452343988549
2019-04-25,0.0,1.317452343988549
2019-04-26,0.0,1.317452343988549
2019-04-27,-0.002370172322456465,1.314329754906672
2019-04-28,0.0,1.314329754906672
2019-04-29,0.0,1.314329754906672
2019-04-30,0.0,1.314329754906672
2019-05-01,0.0,1.314329754906672
2019-05-02,0.0008554991883559905,1.3154541629452268
2019-05-03,0.0,1.3154541629452268
2019-05-04,0.0,1.3154541629452268
2019-05-05,0.0,1.3154541629452268
2019-05-06,0.0,1.3154541629452268
2019-05-07,-0.006742294329068655,1.3065849838022514
2019-05-08,0.0,1.3065849838022514
2019-05-09,0.0,1.3065849838022514
2019-05-10,0.0,1.3065849838022514
2019-05-11,0.0,1.3065849838022514
2019-05-12,-0.014299405752139295,1.2879015949692108
2019-05-13,0.0,1.2879015949692108
2019-05-14,0.0,1.2879015949692108
2019-05-15,0.0,1.2879015949692108
2019-05-16,0.0,1.2879015949692108
2019-05-17,-0.029994492203411972,1.249271640620145
2019-05-18,0.0,1.249271640620145
2019-05-19,0.0,1.249271640620145
2019-05-20,0.0,1.249271640620145
2019-05-21,0.0,1.249271640620145
2019-05-22,-0.012563875620622344,1.2335759471110226
2019-05-23,0.0,1.2335759471110226
2019-05-24,0.0,1.2335759471110226
2019-05-25,0.0,1.2335759471110226
2019-05-26,0.0,1.2335759471110226
2019-05-27,0.011999358556762972,1.2483780672074063
2019-05-28,0.0,1.2483780672074063
2019-05-29,0.0,1.2483780672074063
2019-05-30,0.0,1.2483780672074063
2019-05-31,0.0,1.2483780672074063
2019-06-01,-0.00281016943340554,1.2448699133216061
2019-06-02,0.0,1.2448699133216061
2019-06-03,0.0,1.2448699133216061
2019-06-04,0.0,1.2448699133216061
2019-06-05,0.0,1.2448699133216061
2019-06-06,0.01547519457778127,1.2641345174542837
2019-06-07,0.0,1.2641345174542837
2019-06-08,0.0,1.2641345174542837
2019-06-09,0.0,1.2641345174542837
2019-06-10,0.0,1.2641345174542837
2019-06-11,0.006751525904351152,1.2726693543954608
2019-06-12,0.0,1.2726693543954608
2019-06-13,0.0,1.2726693543954608
2019-06-14,0.0,1.2726693543954608
2019-06-15,0.0,1.2726693543954608
2019-06-16,0.0023415436284900566,1.2756493652134202
2019-06-17,0.0,1.2756493652134202
2019-06-18,0.0,1.2756493652134202
2019-06-19,0.0,1.2756493652134202
2019-06-20,0.0,1.2756493652134202
2019-06-21,0.014858414576734019,1.2946034923363088
2019-06-22,0.0,1.2946034923363088
2019-06-23,0.0,1.2946034923363088
2019-06-24,0.0,1.2946034923363088
2019-06-25,0.0,1.2946034923363088
2019-06-26,0.012492817527117835,1.3107767375360357
2019-06-27,0.0,1.3107767375360357
2019-06-28,0.0,1.3107767375360357
2019-06-29,0.0,1.3107767375360357
2019-06-30,0.0,1.3107767375360357
2019-07-01,-0.001496733125381016,1.3088148545729867
2019-07-02,0.0,1.3088148545729867
2019-07-03,0.0,1.3088148545729867
2019-07-04,0.0,1.3088148545729867
2019-07-05,0.0,1.3088148545729867
2019-07-06,0.0034062238481362478,1.3132729709434283
2019-07-07,0.0,1.3132729709434283
2019-07-08,0.0,1.3132729709434283
2019-07-09,0.0,1.3132729709434283
2019-07-10,0.0,1.3132729709434283
2019-07-11,-0.02361495537827396,1.282260088335106
2019-07-12,0.0,1.282260088335106
2019-07-13,0.0,1.282260088335106
2019-07-14,0.0,1.282260088335106
2019-07-15,0.0,1.282260088335106
2019-07-16,-0.04764690850498559,1.2211643592266086
2019-07-17,0.0,1.2211643592266086
2019-07-18,0.0,1.2211643592266086
2019-07-19,0.0,1.2211643592266086
2019-07-20,0.0,1.2211643592266086
2019-07-21,-0.004584250915879895,1.2155662353943841
2019-07-22,0.0,1.2155662353943841
2019-07-23,0.0,1.2155662353943841
2019-07-24,0.0,1.2155662353943841
2019-07-25,0.0,1.2155662353943841
2019-07-26,0.006071942693609223,1.2229470839159853
2019-07-27,0.0,1.2229470839159853
2019-07-28,0.0,1.2229470839159853
2019-07-29,0.0,1.2229470839159853
2019-07-30,0.0,1.2229470839159853
2019-07-31,0.016377954863741113,1.242976456057105
2019-08-01,0.0,1.242976456057105
2019-08-02,0.0,1.242976456057105
2019-08-03,0.0,1.242976456057105
2019-08-04,0.0,1.242976456057105
2019-08-05,0.008457403880729401,1.2534888099602177
2019-08-06,0.0,1.2534888099602177
2019-08-07,0.0,1.2534888099602177
2019-08-08,0.0,1.2534888099602177
2019-08-09,0.0,1.2534888099602177
2019-08-10,-0.006751418154544743,1.2450259828521337
2019-08-11,0.0,1.2450259828521337
2019-08-12,0.0,1.2450259828521337
2019-08-13,0.0,1.2450259828521337
2019-08-14,0.0,1.2450259828521337
2019-08-15,0.00798684723433617,1.2549698151799529
2019-08-16,0.0,1.2549698151799529
2019-08-17,0.0,1.2549698151799529
2019-08-18,0.0,1.2549698151799529
2019-08-19,0.0,1.2549698151799529
2019-08-20,-0.010568044596118216,1.2417072382063488
2019-08-21,0.0,1.2417072382063488
2019-08-22,0.0,1.2417072382063488
2019-08-23,0.0,1.2417072382063488
2019-08-24,0.0,1.2417072382063488
2019-08-25,-0.002859513348633635,1.2381565597836026
2019-08-26,0.0,1.2381565597836026
2019-08-27,0.0,1.2381565597836026
2019-08-28,0.0,1.2381565597836026
2019-08-29,0.0,1.2381565597836026
2019-08-30,0.00102408489445045,1.2394245372134418
2019-08-31,0.0,1.2394245372134418
2019-09-01,0.0,1.2394245372134418
2019-09-02,0.0,1.2394245372134418
2019-09-03,0.0,1.2394245372134418
2019-09-04,0.000792625509624883,1.2404069367188921
2019-09-05,0.0,1.2404069367188921
2019-09-06,0.0,1.2404069367188921
2019-09-07,0.0,1.2404069367188921
2019-09-08,0.0,1.2404069367188921
2019-09-09,-0.004756911265395292,1.2345064309879394
2019-09-10,0.0,1.2345064309879394
2019-09-11,0.0,1.2345064309879394
2019-09-12,0.0,1.2345064309879394
2019-09-13,0.0,1.2345064309879394
2019-09-14,0.0035069508800380958,1.2388357844025053
2019-09-15,0.0,1.2388357844025053
2019-09-16,0.0,1.2388357844025053
2019-09-17,0.0,1.2388357844025053
2019-09-18,0.0,1.2388357844025053
2019-09-19,0.0016578322964555527,1.2408895663758925
2019-09-20,0.0,1.2408895663758925
2019-09-21,0.0,1.2408895663758925
2019-09-22,0.0,1.2408895663758925
2019-09-23,0.0,1.2408895663758925
2019-09-24,-0.053729724206224266,1.1742169122041346
2019-09-25,0.0,1.1742169122041346
2019-09-26,0.0,1.1742169122041346
2019-09-27,0.0,1.1742169122041346
2019-09-28,0.0,1.1742169122041346
2019-09-29,-0.007133878671905403,1.165840191217971
2019-09-30,0.0,1.165840191217971
2019-10-01,0.0,1.165840191217971
2019-10-02,0.0,1.165840191217971
2019-10-03,0.0,1.165840191217971
2019-10-04,0.004870690521896015,1.1715186379873819
2019-10-05,0.0,1.1715186379873819
2019-10-06,0.0,1.1715186379873819
2019-10-07,0.0,1.1715186379873819
2019-10-08,0.0,1.1715186379873819
2019-10-09,0.01988522916378137,1.1948145545734021
2019-10-10,0.0,1.1948145545734021
2019-10-11,0.0,1.1948145545734021
2019-10-12,0.0,1.1948145545734021
2019-10-13,0.0,1.1948145545734021
2019-10-14,0.0033288531243964967,1.1987919167364682
2019-10-15,0.0,1.1987919167364682
2019-10-16,0.0,1.1987919167364682
2019-10-17,0.0,1.1987919167364682
2019-10-18,0.0,1.1987919167364682
2019-10-19,0.001881852090915448,1.2010478658115513
2019-10-20,0.0,1.2010478658115513
2019-10-21,0.0,1.2010478658115513
2019-10-22,0.0,1.2010478658115513
2019-10-23,0.0,1.2010478658115513
2019-10-24,0.0065556975539078025,1.2089215723675784
2019-10-25,0.0,1.2089215723675784
2019-10-26,0.0,1.2089215723675784
2019-10-27,0.0,1.2089215723675784
2019-10-28,0.0,1.2089215723675784
2019-10-29,0.005488699938071079,1.215556980126965
2019-10-30,0.0,1.215556980126965
2019-10-31,0.0,1.215556980126965
2019-11-01,0.0,1.215556980126965
2019-11-02,0.0,1.215556980126965
2019-11-03,-0.001839091506472712,1.21332145960918
2019-11-04,0.0,1.21332145960918
2019-11-05,0.0,1.21332145960918
2019-11-06,0.0,1.21332145960918
2019-11-07,0.0,1.21332145960918
2019-11-08,-0.01211359270886341,1.1986237776225508
2019-11-09,0.0,1.1986237776225508
2019-11-10,0.0,1.1986237776225508
2019-11-11,0.0,1.1986237776225508
2019-11-12,0.0,1.1986237776225508
2019-11-13,0.0008434047837643177,1.1996347026505312
2019-11-14,0.0,1.1996347026505312
2019-11-15,0.0,1.1996347026505312
2019-11-16,0.0,1.1996347026505312
2019-11-17,0.0,1.1996347026505312
2019-11-18,-0.01194839349569627,1.18530099517217
2019-11-19,0.0,1.18530099517217
2019-11-20,0.0,1.18530099517217
2019-11-21,0.0,1.18530099517217
2019-11-22,0.0,1.18530099517217
2019-11-23,0.006239793107641434,1.192697028152326
2019-11-24,0.0,1.192697028152326
2019-11-25,0.0,1.192697028152326
2019-11-26,0.0,1.192697028152326
2019-11-27,0.0,1.192697028152326
2019-11-28,-0.004791920121220839,1.1869817192646024
2019-11-29,0.0,1.1869817192646024
2019-11-30,0.0,1.1869817192646024
2019-12-01,0.0,1.1869817192646024
2019-12-02,0.0,1.1869817192646024
2019-12-03,-0.00032227545118794195,1.1865991841954746
2019-12-04,0.0,1.1865991841954746
2019-12-05,0.0,1.1865991841954746
2019-12-06,0.0,1.1865991841954746
2019-12-07,0.0,1.1865991841954746
2019-12-08,0.0013021474207565165,1.1881443112626464
2019-12-09,0.0,1.1881443112626464
2019-12-10,0.0,1.1881443112626464
2019-12-11,0.0,1.1881443112626464
2019-12-12,0.0,1.1881443112626464
2019-12-13,0.003914604015309853,1.1927954257542825
2019-12-14,0.0,1.1927954257542825
2019-12-15,0.0,1.1927954257542825
2019-12-16,0.0,1.1927954257542825
2019-12-17,0.0,1.1927954257542825
2019-12-18,0.03511588491185633,1.2346814926484584
2019-12-19,0.0,1.2346814926484584
2019-12-20,0.0,1.2346814926484584
2019-12-21,0.0,1.2346814926484584
2019-12-22,0.0,1.2346814926484584
2019-12-23,-0.007317983781149945,1.2256461135103711
2019-12-24,0.0,1.2256461135103711
2019-12-25,0.0,1.2256461135103711
2019-12-26,0.0,1.2256461135103711
2019-12-27,0.0,1.2256461135103711
2019-12-28,0.006844957371521365,1.2340356089099205
2019-12-29,0.0,1.2340356089099205
2019-12-30,0.0,1.2340356089099205
2019-12-31,0.0,1.2340356089099205
2020-01-01,0.0,1.2340356089099205
2020-01-02,-0.006474964049341213,1.2260452727066218
2020-01-03,0.0,1.2260452727066218
2020-01-04,0.0,1.2260452727066218
2020-01-05,0.0,1.2260452727066218
2020-01-06,0.0,1.2260452727066218
2020-01-07,0.007519946979574475,1.2352650681519333
2020-01-08,0.0,1.2352650681519333
2020-01-09,0.0,1.2352650681519333
2020-01-10,0.0,1.2352650681519333
2020-01-11,0.0,1.2352650681519333
2020-01-12,0.0078034711092868515,1.2449044234235682
2020-01-13,0.0,1.2449044234235682
2020-01-14,0.0,1.2449044234235682
2020-01-15,0.0,1.2449044234235682
2020-01-16,0.0,1.2449044234235682
2020-01-17,0.015595329021940997,1.2643191175077286
2020-01-18,0.0,1.2643191175077286
2020-01-19,0.0,1.2643191175077286
2020-01-20,0.0,1.2643191175077286
2020-01-21,0.0,1.2643191175077286
2020-01-22,-0.0001270909065080965,1.264158434044969
2020-01-23,0.0,1.264158434044969
2020-01-24,0.0,1.264158434044969
2020-01-25,0.0,1.264158434044969
2020-01-26,0.0,1.264158434044969
2020-01-27,0.004772333330576195,1.270191419474891
2020-01-28,0.0,1.270191419474891
2020-01-29,0.0,1.270191419474891
2020-01-30,0.0,1.270191419474891
2020-01-31,0.0,1.270191419474891
2020-02-01,0.006684930294883392,1.2786825605752397
2020-02-02,0.0,1.2786825605752397
2020-02-03,0.0,1.2786825605752397
2020-02-04,0.0,1.2786825605752397
2020-02-05,0.0,1.2786825605752397
2020-02-06,0.008580011599453029,1.2896536717769935
2020-02-07,0.0,1.2896536717769935
2020-02-08,0.0,1.2896536717769935
2020-02-09,0.0,1.2896536717769935
2020-02-10,0.0,1.2896536717769935
2020-02-11,0.008229328423674027,1.3002666553948437
2020-02-12,0.0,1.3002666553948437
2020-02-13,0.0,1.3002666553948437
2020-02-14,0.0,1.3002666553948437
2020-02-15,0.0,1.3002666553948437
2020-02-16,-0.0019203863704857062,1.2977696410318262
2020-02-17,0.0,1.2977696410318262
2020-02-18,0.0,1.2977696410318262
2020-02-19,0.0,1.2977696410318262
2020-02-20,0.0,1.2977696410318262
2020-02-21,0.006417530868633994,1.306098117763524
2020-02-22,0.0,1.306098117763524
2020-02-23,0.0,1.306098117763524
2020-02-24,0.0,1.306098117763524
2020-02-25,0.0,1.306098117763524
2020-02-26,-0.02987311200216724,1.2670809024057545
2020-02-27,0.0,1.2670809024057545
2020-02-28,0.0,1.2670809024057545
2020-02-29,0.0,1.2670809024057545
2020-03-01,0.0,1.2670809024057545
2020-03-02,0.04123446435441714,1.3193283047101674
2020-03-03,0.0,1.3193283047101674
2020-03-04,0.0,1.3193283047101674
2020-03-05,0.0,1.3193283047101674
2020-03-06,0.0,1.3193283047101674
2020-03-07,-0.00870021016657162,1.3078498711804822
2020-03-08,0.0,1.3078498711804822
2020-03-09,0.0,1.3078498711804822
2020-03-10,0.0,1.3078498711804822
2020-03-11,0.0,1.3078498711804822
2020-03-12,-0.1565343365395542,1.1031264593019041
2020-03-13,0.0,1.1031264593019041
2020-03-14,0.0,1.1031264593019041
2020-03-15,0.0,1.1031264593019041
2020-03-16,0.0,1.1031264593019041
2020-03-17,0.043780902585120365,1.1514223313556695
2020-03-18,0.0,1.1514223313556695
2020-03-19,0.0,1.1514223313556695
2020-03-20,0.0,1.1514223313556695
2020-03-21,0.0,1.1514223313556695
2020-03-22,-0.01784077958438361,1.1308800593334158
2020-03-23,0.0,1.1308800593334158
2020-03-24,0.0,1.1308800593334158
2020-03-25,0.0,1.1308800593334158
2020-03-26,0.0,1.1308800593334158
2020-03-27,-0.024776617673978086,1.102860676468186
2020-03-28,0.0,1.102860676468186
2020-03-29,0.0,1.102860676468186
2020-03-30,0.0,1.102860676468186
2020-03-31,0.0,1.102860676468186
2020-04-01,-0.021247110498355305,1.0794280738109756
2020-04-02,0.0,1.0794280738109756
2020-04-03,0.0,1.0794280738109756
2020-04-04,0.0,1.0794280738109756
2020-04-05,0.0,1.0794280738109756
2020-04-06,0.06372178158217268,1.148211153764024
2020-04-07,0.0,1.148211153764024
2020-04-08,0.0,1.148211153764024
2020-04-09,0.0,1.148211153764024
2020-04-10,0.0,1.148211153764024
2020-04-11,3.1305245989731676e-05,1.1482470987966407
2020-04-12,0.0,1.1482470987966407
2020-04-13,0.0,1.1482470987966407
2020-04-14,0.0,1.1482470987966407
2020-04-15,0.0,1.1482470987966407
2020-04-16,0.024663961049788838,1.176567420516894
2020-04-17,0.0,1.176567420516894
2020-04-18,0.0,1.176567420516894
2020-04-19,0.0,1.176567420516894
2020-04-20,0.0,1.176567420516894
2020-04-21,-0.011838628689424735,1.16263847569732
2020-04-22,0.0,1.16263847569732
2020-04-23,0.0,1.16263847569732
2020-04-24,0.0,1.16263847569732
2020-04-25,0.0,1.16263847569732
2020-04-26,0.001918201427794765,1.1648686504814119
2020-04-27,0.0,1.1648686504814119
2020-04-28,0.0,1.1648686504814119
2020-04-29,0.0,1.1648686504814119
2020-04-30,0.0,1.1648686504814119
2020-05-01,-0.009631616507422527,1.1536490823584562
2020-05-02,0.0,1.1536490823584562
2020-05-03,0.0,1.1536490823584562
2020-05-04,0.0,1.1536490823584562
2020-05-05,0.0,1.1536490823584562
2020-05-06,-0.0025345860667748315,1.150725059468363
2020-05-07,0.0,1.150725059468363
2020-05-08,0.0,1.150725059468363
2020-05-09,0.0,1.150725059468363
2020-05-10,0.0,1.150725059468363
2020-05-11,-0.006493290528510415,1.1432530673387973
2020-05-12,0.0,1.1432530673387973
2020-05-13,0.0,1.1432530673387973
2020-05-14,0.0,1.1432530673387973
2020-05-15,0.0,1.1432530673387973
2020-05-16,0.0020142539513079735,1.1455558693470294
2020-05-17,0.0,1.1455558693470294
2020-05-18,0.0,1.1455558693470294
2020-05-19,0.0,1.1455558693470294
2020-05-20,0.0,1.1455558693470294
2020-05-21,-0.01794422265649565,1.1249997597620107
2020-05-22,0.0,1.1249997597620107
2020-05-23,0.0,1.1249997597620107
2020-05-24,0.0,1.1249997597620107
2020-05-25,0.0,1.1249997597620107
2020-05-26,-0.0005061236202692774,1.1244303708107979
2020-05-27,0.0,1.1244303708107979
2020-05-28,0.0,1.1244303708107979
2020-05-29,0.0,1.1244303708107979
2020-05-30,0.0,1.1244303708107979
2020-05-31,-0.009189960643778248,1.1140968999563778
2020-06-01,0.0,1.1140968999563778
2020-06-02,0.0,1.1140968999563778
2020-06-03,0.0,1.1140968999563778
2020-06-04,0.0,1.1140968999563778
2020-06-05,0.004281055252628442,1.118866410341873
2020-06-06,0.0,1.118866410341873
2020-06-07,0.0,1.118866410341873
2020-06-08,0.0,1.118866410341873
2020-06-09,0.0,1.118866410341873
2020-06-10,0.004349785325945719,1.1237332390352717
2020-06-11,0.0,1.1237332390352717
2020-06-12,0.0,1.1237332390352717
2020-06-13,0.0,1.1237332390352717
2020-06-14,0.0,1.1237332390352717
2020-06-15,0.004972260389252858,1.1293207333078135
2020-06-16,0.0,1.1293207333078135
2020-06-17,0.0,1.1293207333078135
2020-06-18,0.0,1.1293207333078135
2020-06-19,0.0,1.1293207333078135
2020-06-20,0.002848623574469177,1.1325377429718508
2020-06-21,0.0,1.1325377429718508
2020-06-22,0.0,1.1325377429718508
2020-06-23,0.0,1.1325377429718508
2020-06-24,0.0,1.1325377429718508
2020-06-25,0.003026029002880709,1.1359648350289409
2020-06-26,0.0,1.1359648350289409
2020-06-27,0.0,1.1359648350289409
2020-06-28,0.0,1.1359648350289409
2020-06-29,0.0,1.1359648350289409
2020-06-30,0.009644078353209141,1.1469201689044504
2020-07-01,0.0,1.1469201689044504
2020-07-02,0.0,1.1469201689044504
2020-07-03,0.0,1.1469201689044504
2020-07-04,0.0,1.1469201689044504
2020-07-05,-0.002436181099271255,1.1441260636665924
2020-07-06,0.0,1.1441260636665924
2020-07-07,0.0,1.1441260636665924
2020-07-08,0.0,1.1441260636665924
2020-07-09,0.0,1.1441260636665924
2020-07-10,0.004312700988067331,1.1490603372718409
2020-07-11,0.0,1.1490603372718409
2020-07-12,0.0,1.1490603372718409
2020-07-13,0.0,1.1490603372718409
2020-07-14,0.0,1.1490603372718409
2020-07-15,-6.604194905792922e-05,1.1489844510875824
2020-07-16,0.0,1.1489844510875824
2020-07-17,0.0,1.1489844510875824
2020-07-18,0.0,1.1489844510875824
2020-07-19,0.0,1.1489844510875824
2020-07-20,0.009404110977772894,1.1597896283773454
2020-07-21,0.0,1.1597896283773454
2020-07-22,0.0,1.1597896283773454
2020-07-23,0.0,1.1597896283773454
2020-07-24,0.0,1.1597896283773454
2020-07-25,0.016865557682335355,1.1793501272541178
2020-07-26,0.0,1.1793501272541178
2020-07-27,0.0,1.1793501272541178
2020-07-28,0.0,1.1793501272541178
2020-07-29,0.0,1.1793501272541178
2020-07-30,0.002016509775984641,1.1817282983150343
2020-07-31,0.0,1.1817282983150343
2020-08-01,0.0,1.1817282983150343
2020-08-02,0.0,1.1817282983150343
2020-08-03,0.0,1.1817282983150343
2020-08-04,0.0036447740085871817,1.186035430901945
2020-08-05,0.0,1.186035430901945
2020-08-06,0.0,1.186035430901945
2020-08-07,0.0,1.186035430901945
2020-08-08,0.0,1.186035430901945
2020-08-09,-0.0032939035189729258,1.1821287446224704
2020-08-10,0.0,1.1821287446224704
2020-08-11,0.0,1.1821287446224704
2020-08-12,0.0,1.1821287446224704
2020-08-13,0.0,1.1821287446224704
2020-08-14,-0.004656297165923211,1.1766244018991285
2020-08-15,0.0,1.1766244018991285
2020-08-16,0.0,1.1766244018991285
2020-08-17,0.0,1.1766244018991285
2020-08-18,0.0,1.1766244018991285
2020-08-19,-0.019684935542964764,1.1534626263894647
2020-08-20,0.0,1.1534626263894647
2020-08-21,0.0,1.1534626263894647
2020-08-22,0.0,1.1534626263894647
2020-08-23,0.0,1.1534626263894647
2020-08-24,0.007147325193919751,1.161706798879303
2020-08-25,0.0,1.161706798879303
2020-08-26,0.0,1.161706798879303
2020-08-27,0.0,1.161706798879303
2020-08-28,0.0,1.161706798879303
2020-08-29,-0.0005192536177452134,1.1611035784212258
2020-08-30,0.0,1.1611035784212258
2020-08-31,0.0,1.1611035784212258
2020-09-01,0.0,1.1611035784212258
2020-09-02,0.0,1.1611035784212258
2020-09-03,-0.05957303865439219,1.091933110062185
2020-09-04,0.0,1.091933110062185
2020-09-05,0.0,1.091933110062185
2020-09-06,0.0,1.091933110062185
2020-09-07,0.0,1.091933110062185
2020-09-08,-0.02828072465400499,1.0610524504359249
2020-09-09,0.0,1.0610524504359249
2020-09-10,0.0,1.0610524504359249
2020-09-11,0.0,1.0610524504359249
2020-09-12,0.0,1.0610524504359249
2020-09-13,-0.009315000451650755,1.051168746380889
2020-09-14,0.0,1.051168746380889
2020-09-15,0.0,1.051168746380889
2020-09-16,0.0,1.051168746380889
2020-09-17,0.0,1.051168746380889
2020-09-18,-0.006339745829742234,1.0445046037046652
2020-09-19,0.0,1.0445046037046652
2020-09-20,0.0,1.0445046037046652
2020-09-21,0.0,1.0445046037046652
2020-09-22,0.0,1.0445046037046652
2020-09-23,-0.030912280190233538,1.0122165847349578
2020-09-24,0.0,1.0122165847349578
2020-09-25,0.0,1.0122165847349578
2020-09-26,0.0,1.0122165847349578
2020-09-27,0.0,1.0122165847349578
2020-09-28,0.008423746503617654,1.0207432406515227
2020-09-29,0.0,1.0207432406515227
2020-09-30,0.0,1.0207432406515227
2020-10-01,0.0,1.0207432406515227
2020-10-02,0.0,1.0207432406515227
2020-10-03,0.0016984506486285916,1.0224769226706905
2020-10-04,0.0,1.0224769226706905
2020-10-05,0.0,1.0224769226706905
2020-10-06,0.0,1.0224769226706905
2020-10-07,0.0,1.0224769226706905
2020-10-08,0.009908331148826197,1.0326079626125444
2020-10-09,0.0,1.0326079626125444
2020-10-10,0.0,1.0326079626125444
2020-10-11,0.0,1.0326079626125444
2020-10-12,0.0,1.0326079626125444
2020-10-13,-0.010044361351136283,1.0222360751020034
2020-10-14,0.0,1.0222360751020034
2020-10-15,0.0,1.0222360751020034
2020-10-16,0.0,1.0222360751020034
2020-10-17,0.0,1.0222360751020034
2020-10-18,0.003263855409609027,1.0255725058456224
2020-10-19,0.0,1.0255725058456224
2020-10-20,0.0,1.0255725058456224
2020-10-21,0.0,1.0255725058456224
2020-10-22,0.0,1.0255725058456224
2020-10-23,0.0040971194015416,1.02977439885701
2020-10-24,0.0,1.02977439885701
2020-10-25,0.0,1.02977439885701
2020-10-26,0.0,1.02977439885701
2020-10-27,0.0,1.02977439885701
2020-10-28,-0.030749295840877724,0.9981095612171939
2020-10-29,0.0,0.9981095612171939
2020-10-30,0.0,0.9981095612171939
2020-10-31,0.0,0.9981095612171939
2020-11-01,0.0,0.9981095612171939
2020-11-02,0.000933358831398127,0.9990411555908589
2020-11-03,0.0,0.9990411555908589
2020-11-04,0.0,0.9990411555908589
2020-11-05,0.0,0.9990411555908589
2020-11-06,0.0,0.9990411555908589
2020-11-07,-0.015284319519772023,0.983771491355406
2020-11-08,0.0,0.983771491355406
2020-11-09,0.0,0.983771491355406
2020-11-10,0.0,0.983771491355406
2020-11-11,0.0,0.983771491355406
2020-11-12,0.003813173211915109,0.9875227824528882
2020-11-13,0.0,0.9875227824528882
2020-11-14,0.0,0.9875227824528882
2020-11-15,0.0,0.9875227824528882
2020-11-16,0.0,0.9875227824528882
2020-11-17,0.017181421545027137,1.0044898276635295
2020-11-18,0.0,1.0044898276635295
2020-11-19,0.0,1.0044898276635295
2020-11-20,0.0,1.0044898276635295
2020-11-21,0.0,1.0044898276635295
2020-11-22,-0.007864596439392909,0.9965899205414805
2020-11-23,0.0,0.9965899205414805
2020-11-24,0.0,0.9965899205414805
2020-11-25,0.0,0.9965899205414805
2020-11-26,0.0,0.9965899205414805
2020-11-27,-0.004483638074142145,0.9921215720294345
2020-11-28,0.0,0.9921215720294345
2020-11-29,0.0,0.9921215720294345
2020-11-30,0.0,0.9921215720294345
2020-12-01,0.0,0.9921215720294345
2020-12-02,0.008024057795843916,1.0000824128639023
2020-12-03,0.0,1.0000824128639023
2020-12-04,0.0,1.0000824128639023
2020-12-05,0.0,1.0000824128639023
2020-12-06,0.0,1.0000824128639023
2020-12-07,0.004005079803206001,1.0040878227372052
2020-12-08,0.0,1.0040878227372052
2020-12-09,0.0,1.0040878227372052
2020-12-10,0.0,1.0040878227372052
2020-12-11,0.0,1.0040878227372052
2020-12-12,0.014630141567117425,1.0187777697296694
2020-12-13,0.0,1.0187777697296694
2020-12-14,0.0,1.0187777697296694
2020-12-15,0.0,1.0187777697296694
2020-12-16,0.0,1.0187777697296694
2020-12-17,0.030263451016366377,1.0496095008604462
2020-12-18,0.0,1.0496095008604462
2020-12-19,0.0,1.0496095008604462
2020-12-20,0.0,1.0496095008604462
2020-12-21,0.0,1.0496095008604462
2020-12-22,0.016428269025284856,1.0668527681120765
2020-12-23,0.0,1.0668527681120765
2020-12-24,0.0,1.0668527681120765
2020-12-25,0.0,1.0668527681120765
2020-12-26,0.0,1.0668527681120765
2020-12-27,-0.0026887325015608077,1.0639842864000735
2020-12-28,0.0,1.0639842864000735
2020-12-29,0.0,1.0639842864000735
2020-12-30,0.0,1.0639842864000735
2020-12-31,0.0,1.0639842864000735
2021-01-01,0.0,1.0639842864000735
2021-01-02,0.0,1.0639842864000735
2021-01-03,0.0,1.0639842864000735
2021-01-04,0.0,1.0639842864000735
2021-01-05,0.0,1.0639842864000735
2021-01-06,0.02186312105603222,1.0872463036553544
2021-01-07,0.0,1.0872463036553544
2021-01-08,0.0,1.0872463036553544
2021-01-09,0.0,1.0872463036553544
2021-01-10,0.0,1.0872463036553544
2021-01-11,-0.05324356725706403,1.0293574319616863
2021-01-12,0.0,1.0293574319616863
2021-01-13,0.0,1.0293574319616863
2021-01-14,0.0,1.0293574319616863
2021-01-15,0.0,1.0293574319616863
2021-01-16,-0.0030529383329654046,1.0262148671993276
2021-01-17,0.0,1.0262148671993276
2021-01-18,0.0,1.0262148671993276
2021-01-19,0.0,1.0262148671993276
2021-01-20,0.0,1.0262148671993276
2021-01-21,-0.04650453532983932,0.9784912216516501
2021-01-22,0.0,0.9784912216516501
2021-01-23,0.0,0.9784912216516501
2021-01-24,0.0,0.9784912216516501
2021-01-25,0.0,0.9784912216516501
2021-01-26,0.0007013094137926059,0.9791774467567079
2021-01-27,0.0,0.9791774467567079
2021-01-28,0.0,0.9791774467567079
2021-01-29,0.0,0.9791774467567079
2021-01-30,0.0,0.9791774467567079
2021-01-31,-0.01113006562797716,0.9682791375128706
2021-02-01,0.0,0.9682791375128706
2021-02-02,0.0,0.9682791375128706
2021-02-03,0.0,0.9682791375128706
2021-02-04,0.0,0.9682791375128706
2021-02-05,0.020800849266584744,0.9884201659002546
2021-02-06,0.0,0.9884201659002546
2021-02-07,0.0,0.9884201659002546
2021-02-08,0.0,0.9884201659002546
2021-02-09,0.0,0.9884201659002546
2021-02-10,-0.009488179925557482,0.9790418575241436
2021-02-11,0.0,0.9790418575241436
2021-02-12,0.0,0.9790418575241436
2021-02-13,0.0,0.9790418575241436
2021-02-14,0.0,0.9790418575241436
2021-02-15,-0.007878402172898225,0.971328572026467
2021-02-16,0.0,0.971328572026467
2021-02-17,0.0,0.971328572026467
2021-02-18,0.0,0.971328572026467
2021-02-19,0.0,0.971328572026467
2021-02-20,-0.00514921108412269,0.9663269961770633
2021-02-21,0.0,0.9663269961770633
2021-02-22,0.0,0.9663269961770633
2021-02-23,0.0,0.9663269961770633
2021-02-24,0.0,0.9663269961770633
2021-02-25,-0.030731830995534844,0.9366299982441268
2021-02-26,0.0,0.9366299982441268
2021-02-27,0.0,0.9366299982441268
2021-02-28,0.0,0.9366299982441268
2021-03-01,0.0,0.9366299982441268
2021-03-02,-0.009640856816949045,0.927600082540596
2021-03-03,0.0,0.927600082540596
2021-03-04,0.0,0.927600082540596
2021-03-05,0.0,0.927600082540596
2021-03-06,0.0,0.927600082540596
2021-03-07,0.01572027883681184,0.9421822144871839
2021-03-08,0.0,0.9421822144871839
2021-03-09,0.0,0.9421822144871839
2021-03-10,0.0,0.9421822144871839
2021-03-11,0.0,0.9421822144871839
2021-03-12,0.012696935043988215,0.9541450408641287
2021-03-13,0.0,0.9541450408641287
2021-03-14,0.0,0.9541450408641287
2021-03-15,0.0,0.9541450408641287
2021-03-16,0.0,0.9541450408641287
2021-03-17,0.013879217849829551,0.9673878277466164
2021-03-18,0.0,0.9673878277466164
2021-03-19,0.0,0.9673878277466164
2021-03-20,0.0,0.9673878277466164
2021-03-21,0.0,0.9673878277466164
2021-03-22,-0.011269632828729077,0.9564857221249302
2021-03-23,0.0,0.9564857221249302
2021-03-24,0.0,0.9564857221249302
2021-03-25,0.0,0.9564857221249302
2021-03-26,0.0,0.9564857221249302
2021-03-27,0.0034394567234804162,0.9597755133728058
2021-03-28,0.0,0.9597755133728058
2021-03-29,0.0,0.9597755133728058
2021-03-30,0.0,0.9597755133728058
2021-03-31,0.0,0.9597755133728058
2021-04-01,0.014962516902764556,0.9741361707145059
2021-04-02,0.0,0.9741361707145059
2021-04-03,0.0,0.9741361707145059
2021-04-04,0.0,0.9741361707145059
2021-04-05,0.0,0.9741361707145059
2021-04-06,0.009648837102604406,0.9835354519414851
2021-04-07,0.0,0.9835354519414851
2021-04-08,0.0,0.9835354519414851
2021-04-09,0.0,0.9835354519414851
2021-04-10,0.0,0.9835354519414851
2021-04-11,0.0002345654808307842,0.983766155407684
2021-04-12,0.0,0.983766155407684
2021-04-13,0.0,0.983766155407684
2021-04-14,0.0,0.983766155407684
2021-04-15,0.0,0.983766155407684
2021-04-16,0.009399911560277762,0.9930134702645108
2021-04-17,0.0,0.9930134702645108
2021-04-18,0.0,0.9930134702645108
2021-04-19,0.0,0.9930134702645108
2021-04-20,0.0,0.9930134702645108
2021-04-21,-0.0033730128020659617,0.9896640231166847
2021-04-22,0.0,0.9896640231166847
2021-04-23,0.0,0.9896640231166847
2021-04-24,0.0,0.9896640231166847
2021-04-25,0.0,0.9896640231166847
2021-04-26,0.03931958389770514,1.0285772007041616
2021-04-27,0.0,1.0285772007041616
2021-04-28,0.0,1.0285772007041616
2021-04-29,0.0,1.0285772007041616
2021-04-30,0.0,1.0285772007041616
2021-05-01,0.003962455075102534,1.0326528916532265
2021-05-02,0.0,1.0326528916532265
2021-05-03,0.0,1.0326528916532265
2021-05-04,0.0,1.0326528916532265
2021-05-05,0.0,1.0326528916532265
2021-05-06,0.000972766361412797,1.0336574216492425
2021-05-07,0.0,1.0336574216492425
2021-05-08,0.0,1.0336574216492425
2021-05-09,0.0,1.0336574216492425
2021-05-10,0.0,1.0336574216492425
2021-05-11,0.007178203307078817,1.0410772247717117
2021-05-12,0.0,1.0410772247717117
2021-05-13,0.0,1.0410772247717117
2021-05-14,0.0,1.0410772247717117
2021-05-15,0.0,1.0410772247717117
2021-05-16,-0.0029816970643618494,1.037973047866836
2021-05-17,0.0,1.037973047866836
2021-05-18,0.0,1.037973047866836
2021-05-19,0.0,1.037973047866836
2021-05-20,0.0,1.037973047866836
2021-05-21,-0.042926605262347754,0.9934163885681004
2021-05-22,0.0,0.9934163885681004
2021-05-23,0.0,0.9934163885681004
2021-05-24,0.0,0.9934163885681004
2021-05-25,0.0,0.9934163885681004
2021-05-26,0.02087249020143559,1.0141514624044337
2021-05-27,0.0,1.0141514624044337
2021-05-28,0.0,1.0141514624044337
2021-05-29,0.0,1.0141514624044337
2021-05-30,0.0,1.0141514624044337
2021-05-31,0.025361817338178286,1.0398721865471812
2021-06-01,0.0,1.0398721865471812
2021-06-02,0.0,1.0398721865471812
2021-06-03,0.0,1.0398721865471812
2021-06-04,0.0,1.0398721865471812
2021-06-05,-0.011974272839901707,1.02742047326684
2021-06-06,0.0,1.02742047326684
2021-06-07,0.0,1.02742047326684
2021-06-08,0.0,1.02742047326684
2021-06-09,0.0,1.02742047326684
2021-06-10,-0.0020519410716022582,1.0253122669999386
2021-06-11,0.0,1.0253122669999386
2021-06-12,0.0,1.0253122669999386
2021-06-13,0.0,1.0253122669999386
2021-06-14,0.0,1.0253122669999386
2021-06-15,0.0010405602255986971,1.026379166163797
2021-06-16,0.0,1.026379166163797
2021-06-17,0.0,1.026379166163797
2021-06-18,0.0,1.026379166163797
2021-06-19,0.0,1.026379166163797
2021-06-20,0.002553810959698677,1.0290003445271527
2021-06-21,0.0,1.0290003445271527
2021-06-22,0.0,1.0290003445271527
2021-06-23,0.0,1.0290003445271527
2021-06-24,0.0,1.0290003445271527
2021-06-25,-0.02747909503198146,1.0007243462719495
2021-06-26,0.0,1.0007243462719495
2021-06-27,0.0,1.0007243462719495
2021-06-28,0.0,1.0007243462719495
2021-06-29,0.0,1.0007243462719495
2021-06-30,-0.003807697989681275,0.9969138901904246
2021-07-01,0.0,0.9969138901904246
2021-07-02,0.0,0.9969138901904246
2021-07-03,0.0,0.9969138901904246
2021-07-04,0.0,0.9969138901904246
2021-07-05,-0.015926524248810987,0.9810365169443304
2021-07-06,0.0,0.9810365169443304
2021-07-07,0.0,0.9810365169443304
2021-07-08,0.0,0.9810365169443304
2021-07-09,0.0,0.9810365169443304
2021-07-10,-0.002391639788544503,0.9786902309763912
2021-07-11,0.0,0.9786902309763912
2021-07-12,0.0,0.9786902309763912
2021-07-13,0.0,0.9786902309763912
2021-07-14,0.0,0.9786902309763912
2021-07-15,-0.014600151924867015,0.9644012049167527
2021-07-16,0.0,0.9644012049167527
2021-07-17,0.0,0.9644012049167527
2021-07-18,0.0,0.9644012049167527
2021-07-19,0.0,0.9644012049167527
2021-07-20,-0.00587141429091741,0.9587388059000266
2021-07-21,0.0,0.9587388059000266
2021-07-22,0.0,0.9587388059000266
2021-07-23,0.0,0.9587388059000266
2021-07-24,0.0,0.9587388059000266
2021-07-25,0.007485806613030399,0.9659157391934018
2021-07-26,0.0,0.9659157391934018
2021-07-27,0.0,0.9659157391934018
2021-07-28,0.0,0.9659157391934018
2021-07-29,0.0,0.9659157391934018
2021-07-30,0.010586405391376813,0.9761413147824146
2021-07-31,0.0,0.9761413147824146
2021-08-01,0.0,0.9761413147824146
2021-08-02,0.0,0.9761413147824146
2021-08-03,0.0,0.9761413147824146
2021-08-04,0.012296664534562185,0.9881445970686203
2021-08-05,0.0,0.9881445970686203
2021-08-06,0.0,0.9881445970686203
2021-08-07,0.0,0.9881445970686203
2021-08-08,0.0,0.9881445970686203
2021-08-09,0.02552781335139719,1.0133697679067797
2021-08-10,0.0,1.0133697679067797
2021-08-11,0.0,1.0133697679067797
2021-08-12,0.0,1.0133697679067797
2021-08-13,0.0,1.0133697679067797
2021-08-14,-0.0034172510992191434,1.0099068289534847
2021-08-15,0.0,1.0099068289534847
2021-08-16,0.0,1.0099068289534847
2021-08-17,0.0,1.0099068289534847
2021-08-18,0.0,1.0099068289534847
2021-08-19,0.01700482096083341,1.0270801137669616
2021-08-20,0.0,1.0270801137669616
2021-08-21,0.0,1.0270801137669616
2021-08-22,0.0,1.0270801137669616
2021-08-23,0.0,1.0270801137669616
2021-08-24,-0.017890885015454668,1.0087047415498969
2021-08-25,0.0,1.0087047415498969
2021-08-26,0.0,1.0087047415498969
2021-08-27,0.0,1.0087047415498969
2021-08-28,0.0,1.0087047415498969
2021-08-29,-0.0009861438957982803,1.0077100135263546
2021-08-30,0.0,1.0077100135263546
2021-08-31,0.0,1.0077100135263546
2021-09-01,0.0,1.0077100135263546
2021-09-02,0.0,1.0077100135263546
2021-09-03,0.0295159174509919,1.0374534991001363
2021-09-04,0.0,1.0374534991001363
2021-09-05,0.0,1.0374534991001363
2021-09-06,0.0,1.0374534991001363
2021-09-07,0.0,1.0374534991001363
2021-09-08,-0.0009998657283053658,1.0364161849016755
2021-09-09,0.0,1.0364161849016755
2021-09-10,0.0,1.0364161849016755
2021-09-11,0.0,1.0364161849016755
2021-09-12,0.0,1.0364161849016755
2021-09-13,-0.005752006988708464,1.0304547117629106
2021-09-14,0.0,1.0304547117629106
2021-09-15,0.0,1.0304547117629106
2021-09-16,0.0,1.0304547117629106
2021-09-17,0.0,1.0304547117629106
2021-09-18,0.005478747292743236,1.0361003127252764
2021-09-19,0.0,1.0361003127252764
2021-09-20,0.0,1.0361003127252764
2021-09-21,0.0,1.0361003127252764
2021-09-22,0.0,1.0361003127252764
2021-09-23,0.008173082701959062,1.0445684462687057
2021-09-24,0.0,1.0445684462687057
2021-09-25,0.0,1.0445684462687057
2021-09-26,0.0,1.0445684462687057
2021-09-27,0.0,1.0445684462687057
2021-09-28,-0.022314113932917105,1.0212598269479356
2021-09-29,0.0,1.0212598269479356
2021-09-30,0.0,1.0212598269479356
2021-10-01,0.0,1.0212598269479356
2021-10-02,0.0,1.0212598269479356
2021-10-03,0.0032133522897115022,1.0245414945512492
2021-10-04,0.0,1.0245414945512492
2021-10-05,0.0,1.0245414945512492
2021-10-06,0.0,1.0245414945512492
2021-10-07,0.0,1.0245414945512492
2021-10-08,-0.004423149769252821,1.0200097940760349
2021-10-09,0.0,1.0200097940760349
2021-10-10,0.0,1.0200097940760349
2021-10-11,0.0,1.0200097940760349
2021-10-12,0.0,1.0200097940760349
2021-10-13,0.015846853091382472,1.036173739434529
2021-10-14,0.0,1.036173739434529
2021-10-15,0.0,1.036173739434529
2021-10-16,0.0,1.036173739434529
2021-10-17,0.0,1.036173739434529
2021-10-18,0.007175342701162214,1.0436086411129164
2021-10-19,0.0,1.0436086411129164
2021-10-20,0.0,1.0436086411129164
2021-10-21,0.0,1.0436086411129164
2021-10-22,0.0,1.0436086411129164
2021-10-23,0.007105805085180461,1.0510243207018748
2021-10-24,0.0,1.0510243207018748
2021-10-25,0.0,1.0510243207018748
2021-10-26,0.0,1.0510243207018748
2021-10-27,0.0,1.0510243207018748
2021-10-28,0.024040588655707587,1.076291564063013
2021-10-29,0.0,1.076291564063013
2021-10-30,0.0,1.076291564063013
2021-10-31,0.0,1.076291564063013
2021-11-01,0.0,1.076291564063013
2021-11-02,0.009455925810103854,1.0864688972428336
2021-11-03,0.0,1.0864688972428336
2021-11-04,0.0,1.0864688972428336
2021-11-05,0.0,1.0864688972428336
2021-11-06,0.0,1.0864688972428336
2021-11-07,0.008921260020758081,1.0961615687796031
2021-11-08,0.0,1.0961615687796031
2021-11-09,0.0,1.0961615687796031
2021-11-10,0.0,1.0961615687796031
2021-11-11,0.0,1.0961615687796031
2021-11-12,-0.007466869982309577,1.0879766728659213
2021-11-13,0.0,1.0879766728659213
2021-11-14,0.0,1.0879766728659213
2021-11-15,0.0,1.0879766728659213
2021-11-16,0.0,1.0879766728659213
2021-11-17,0.0038561719285995664,1.092172097970798
2021-11-18,0.0,1.092172097970798
2021-11-19,0.0,1.092172097970798
2021-11-20,0.0,1.092172097970798
2021-11-21,0.0,1.092172097970798
2021-11-22,-0.023039277126568898,1.0670092423357427
2021-11-23,0.0,1.0670092423357427
2021-11-24,0.0,1.0670092423357427
2021-11-25,0.0,1.0670092423357427
2021-11-26,0.0,1.0670092423357427
2021-11-27,0.0047838699441323015,1.072113675780264
2021-11-28,0.0,1.072113675780264
2021-11-29,0.0,1.072113675780264
2021-11-30,0.0,1.072113675780264
2021-12-01,0.0,1.072113675780264
2021-12-02,-0.0024536085548968354,1.0694831284935478
2021-12-03,0.0,1.0694831284935478
2021-12-04,0.0,1.0694831284935478
2021-12-05,0.0,1.0694831284935478
2021-12-06,0.0,1.0694831284935478
2021-12-07,0.01376541904288695,1.0842050119165592
2021-12-08,0.0,1.0842050119165592
2021-12-09,0.0,1.0842050119165592
2021-12-10,0.0,1.0842050119165592
2021-12-11,0.0,1.0842050119165592
2021-12-12,0.004043511125690325,1.0885890069447728
2021-12-13,0.0,1.0885890069447728
2021-12-14,0.0,1.0885890069447728
2021-12-15,0.0,1.0885890069447728
2021-12-16,0.0,1.0885890069447728
2021-12-17,-0.012048574488832942,1.0754730612068741
2021-12-18,0.0,1.0754730612068741
2021-12-19,0.0,1.0754730612068741
2021-12-20,0.0,1.0754730612068741
2021-12-21,0.0,1.0754730612068741
2021-12-22,0.010503836901372554,1.086769654833611
2021-12-23,0.0,1.086769654833611
2021-12-24,0.0,1.086769654833611
2021-12-25,0.0,1.086769654833611
2021-12-26,0.0,1.086769654833611
2021-12-27,0.0064935502813755165,1.093826648231546
2021-12-28,0.0,1.093826648231546
2021-12-29,0.0,1.093826648231546
2021-12-30,0.0,1.093826648231546
2021-12-31,0.0,1.093826648231546
2022-01-01,0.0,1.093826648231546
2022-01-02,0.0,1.093826648231546
2022-01-03,0.0,1.093826648231546
2022-01-04,0.0,1.093826648231546
2022-01-05,0.0,1.093826648231546
2022-01-06,-0.006975425137078846,1.086196742333865
2022-01-07,0.0,1.086196742333865
2022-01-08,0.0,1.086196742333865
2022-01-09,0.0,1.086196742333865
2022-01-10,0.0,1.086196742333865
2022-01-11,0.015210007894351587,1.102717803359582
2022-01-12,0.0,1.102717803359582
2022-01-13,0.0,1.102717803359582
2022-01-14,0.0,1.102717803359582
2022-01-15,0.0,1.102717803359582
2022-01-16,-0.0014471142777068569,1.1011220446820587
2022-01-17,0.0,1.1011220446820587
2022-01-18,0.0,1.1011220446820587
2022-01-19,0.0,1.1011220446820587
2022-01-20,0.0,1.1011220446820587
2022-01-21,-0.04412209749736701,1.0525382304700968
2022-01-22,0.0,1.0525382304700968
2022-01-23,0.0,1.0525382304700968
2022-01-24,0.0,1.0525382304700968
2022-01-25,0.0,1.0525382304700968
2022-01-26,-0.0038470772347712037,1.048489034604929
2022-01-27,0.0,1.048489034604929
2022-01-28,0.0,1.048489034604929
2022-01-29,0.0,1.048489034604929
2022-01-30,0.0,1.048489034604929
2022-01-31,0.018339530749392756,1.0677178314954672
2022-02-01,0.0,1.0677178314954672
2022-02-02,0.0,1.0677178314954672
2022-02-03,0.0,1.0677178314954672
2022-02-04,0.0,1.0677178314954672
2022-02-05,0.0010576807065157093,1.0688471360458427
2022-02-06,0.0,1.0688471360458427
2022-02-07,0.0,1.0688471360458427
2022-02-08,0.0,1.0688471360458427
2022-02-09,0.0,1.0688471360458427
2022-02-10,-0.018927471458207862,1.0486165623851478
2022-02-11,0.0,1.0486165623851478
2022-02-12,0.0,1.0486165623851478
2022-02-13,0.0,1.0486165623851478
2022-02-14,0.0,1.0486165623851478
2022-02-15,0.021942959333458006,1.0716263129699555
2022-02-16,0.0,1.0716263129699555
2022-02-17,0.0,1.0716263129699555
2022-02-18,0.0,1.0716263129699555
2022-02-19,0.0,1.0716263129699555
2022-02-20,-0.011767047202795096,1.0590164355614808
2022-02-21,0.0,1.0590164355614808
2022-02-22,0.0,1.0590164355614808
2022-02-23,0.0,1.0590164355614808
2022-02-24,0.0,1.0590164355614808
2022-02-25,0.01509596698167908,1.0750033127057723
2022-02-26,0.0,1.0750033127057723
2022-02-27,0.0,1.0750033127057723
2022-02-28,0.0,1.0750033127057723
2022-03-01,0.0,1.0750033127057723
2022-03-02,0.002729584410377594,1.0779376249892383
2022-03-03,0.0,1.0779376249892383
2022-03-04,0.0,1.0779376249892383
2022-03-05,0.0,1.0779376249892383
2022-03-06,0.0,1.0779376249892383
2022-03-07,-0.017651722172669082,1.0589101695134615
2022-03-08,0.0,1.0589101695134615
2022-03-09,0.0,1.0589101695134615
2022-03-10,0.0,1.0589101695134615
2022-03-11,0.0,1.0589101695134615
2022-03-12,0.0015644864616196075,1.0605668201377365
2022-03-13,0.0,1.0605668201377365
2022-03-14,0.0,1.0605668201377365
2022-03-15,0.0,1.0605668201377365
2022-03-16,0.0,1.0605668201377365
2022-03-17,0.01030834489496193,1.0714995087038692
2022-03-18,0.0,1.0714995087038692
2022-03-19,0.0,1.0714995087038692
2022-03-20,0.0,1.0714995087038692
2022-03-21,0.0,1.0714995087038692
2022-03-22,0.02075649880846059,1.093740086979547
2022-03-23,0.0,1.093740086979547
2022-03-24,0.0,1.093740086979547
2022-03-25,0.0,1.093740086979547
2022-03-26,0.0,1.093740086979547
2022-03-27,0.0122174510347656,1.10710280293698
2022-03-28,0.0,1.10710280293698
2022-03-29,0.0,1.10710280293698
2022-03-30,0.0,1.10710280293698
2022-03-31,0.0,1.10710280293698
2022-04-01,0.00396120744369353,1.1114882668009078
2022-04-02,0.0,1.1114882668009078
2022-04-03,0.0,1.1114882668009078
2022-04-04,0.0,1.1114882668009078
2022-04-05,0.0,1.1114882668009078
2022-04-06,-0.027387310059384797,1.081047593010663
2022-04-07,0.0,1.081047593010663
2022-04-08,0.0,1.081047593010663
2022-04-09,0.0,1.081047593010663
2022-04-10,0.0,1.081047593010663
2022-04-11,-0.031104297349900088,1.0474223672282656
2022-04-12,0.0,1.0474223672282656
2022-04-13,0.0,1.0474223672282656
2022-04-14,0.0,1.0474223672282656
2022-04-15,0.0,1.0474223672282656
2022-04-16,0.003809008511966876,1.0514120079406626
2022-04-17,0.0,1.0514120079406626
2022-04-18,0.0,1.0514120079406626
2022-04-19,0.0,1.0514120079406626
2022-04-20,0.0,1.0514120079406626
2022-04-21,-0.015365048016588608,1.0352570119534366
2022-04-22,0.0,1.0352570119534366
2022-04-23,0.0,1.0352570119534366
2022-04-24,0.0,1.0352570119534366
2022-04-25,0.0,1.0352570119534366
2022-04-26,-0.034536494090996406,0.9995028642774441
2022-04-27,0.0,0.9995028642774441
2022-04-28,0.0,0.9995028642774441
2022-04-29,0.0,0.9995028642774441
2022-04-30,0.0,0.9995028642774441
2022-05-01,0.007647486556193246,1.0071465489948825
2022-05-02,0.0,1.0071465489948825
2022-05-03,0.0,1.0071465489948825
2022-05-04,0.0,1.0071465489948825
2022-05-05,0.0,1.0071465489948825
2022-05-06,-0.0062204058944247105,1.0008816886649652
2022-05-07,0.0,1.0008816886649652
2022-05-08,0.0,1.0008816886649652
2022-05-09,0.0,1.0008816886649652
2022-05-10,0.0,1.0008816886649652
2022-05-11,-0.04322303626178521,0.9576205431420426
2022-05-12,0.0,0.9576205431420426
2022-05-13,0.0,0.9576205431420426
2022-05-14,0.0,0.9576205431420426
2022-05-15,0.0,0.9576205431420426
2022-05-16,-0.019647714072605425,0.9388054885203346
2022-05-17,0.0,0.9388054885203346
2022-05-18,0.0,0.9388054885203346
2022-05-19,0.0,0.9388054885203346
2022-05-20,0.0,0.9388054885203346
2022-05-21,0.0032095495465217197,0.9418186312502871
2022-05-22,0.0,0.9418186312502871
2022-05-23,0.0,0.9418186312502871
2022-05-24,0.0,0.9418186312502871
2022-05-25,0.0,0.9418186312502871
2022-05-26,3.27849894602595e-05,0.9418495087641862
2022-05-27,0.0,0.9418495087641862
2022-05-28,0.0,0.9418495087641862
2022-05-29,0.0,0.9418495087641862
2022-05-30,0.0,0.9418495087641862
2022-05-31,-0.004220510897407539,0.937874422648729
2022-06-01,0.0,0.937874422648729
2022-06-02,0.0,0.937874422648729
2022-06-03,0.0,0.937874422648729
2022-06-04,0.0,0.937874422648729
2022-06-05,-0.0008358781470616126,0.9370904739141489
2022-06-06,0.0,0.9370904739141489
2022-06-07,0.0,0.9370904739141489
2022-06-08,0.0,0.9370904739141489
2022-06-09,0.0,0.9370904739141489
2022-06-10,-0.02644576764304412,0.9123083969805053
2022-06-11,0.0,0.9123083969805053
2022-06-12,0.0,0.9123083969805053
2022-06-13,0.0,0.9123083969805053
2022-06-14,0.0,0.9123083969805053
2022-06-15,0.028844696833001435,0.9386236561096094
2022-06-16,0.0,0.9386236561096094
2022-06-17,0.0,0.9386236561096094
2022-06-18,0.0,0.9386236561096094
2022-06-19,0.0,0.9386236561096094
2022-06-20,-0.0033280390756707896,0.9354998799047276
2022-06-21,0.0,0.9354998799047276
2022-06-22,0.0,0.9354998799047276
2022-06-23,0.0,0.9354998799047276
2022-06-24,0.0,0.9354998799047276
2022-06-25,0.009162685950000348,0.9440715715105575
2022-06-26,0.0,0.9440715715105575
2022-06-27,0.0,0.9440715715105575
2022-06-28,0.0,0.9440715715105575
2022-06-29,0.0,0.9440715715105575
2022-06-30,-0.008320515704198025,0.936216409173917
2022-07-01,0.0,0.936216409173917
2022-07-02,0.0,0.936216409173917
2022-07-03,0.0,0.936216409173917
2022-07-04,0.0,0.936216409173917
2022-07-05,-0.007341862346942735,0.929342837170813
2022-07-06,0.0,0.929342837170813
2022-07-07,0.0,0.929342837170813
2022-07-08,0.0,0.929342837170813
2022-07-09,0.0,0.929342837170813
2022-07-10,-0.009861072259210674,0.9201785202998918
2022-07-11,0.0,0.9201785202998918
2022-07-12,0.0,0.9201785202998918
2022-07-13,0.0,0.9201785202998918
2022-07-14,0.0,0.9201785202998918
2022-07-15,0.0117616911469493,0.931001375855716
2022-07-16,0.0,0.931001375855716
2022-07-17,0.0,0.931001375855716
2022-07-18,0.0,0.931001375855716
2022-07-19,0.0,0.931001375855716
2022-07-20,-0.0005956022111040851,0.9304468693777154
2022-07-21,0.0,0.9304468693777154
2022-07-22,0.0,0.9304468693777154
2022-07-23,0.0,0.9304468693777154
2022-07-24,0.0,0.9304468693777154
2022-07-25,-0.02004364562296568,0.9117973220569106
2022-07-26,0.0,0.9117973220569106
2022-07-27,0.0,0.9117973220569106
2022-07-28,0.0,0.9117973220569106
2022-07-29,0.0,0.9117973220569106
2022-07-30,-0.0020780434124770264,0.909902567638296
2022-07-31,0.0,0.909902567638296
2022-08-01,0.0,0.909902567638296
2022-08-02,0.0,0.909902567638296
2022-08-03,0.0,0.909902567638296
2022-08-04,0.008172929012649642,0.9173391367320314
2022-08-05,0.0,0.9173391367320314
2022-08-06,0.0,0.9173391367320314
2022-08-07,0.0,0.9173391367320314
2022-08-08,0.0,0.9173391367320314
2022-08-09,-0.012510847129703233,0.905862447026283
2022-08-10,0.0,0.905862447026283
2022-08-11,0.0,0.905862447026283
2022-08-12,0.0,0.905862447026283
2022-08-13,0.0,0.905862447026283
2022-08-14,-0.001754080468113684,0.9042734914011566
2022-08-15,0.0,0.9042734914011566
2022-08-16,0.0,0.9042734914011566
2022-08-17,0.0,0.9042734914011566
2022-08-18,0.0,0.9042734914011566
2022-08-19,-0.03682247039886959,0.8709759075315552
2022-08-20,0.0,0.8709759075315552
2022-08-21,0.0,0.8709759075315552
2022-08-22,0.0,0.8709759075315552
2022-08-23,0.0,0.8709759075315552
2022-08-24,-0.0005696822238115193,0.8704797280396663
2022-08-25,0.0,0.8704797280396663
2022-08-26,0.0,0.8704797280396663
2022-08-27,0.0,0.8704797280396663
2022-08-28,0.0,0.8704797280396663
2022-08-29,0.007000243278693651,0.8765732979051152
2022-08-30,0.0,0.8765732979051152
2022-08-31,0.0,0.8765732979051152
2022-09-01,0.0,0.8765732979051152
2022-09-02,0.0,0.8765732979051152
2022-09-03,-0.0030805427825800974,0.8738729763588512
2022-09-04,0.0,0.8738729763588512
2022-09-05,0.0,0.8738729763588512
2022-09-06,0.0,0.8738729763588512
2022-09-07,0.0,0.8738729763588512
2022-09-08,0.003683446775044008,0.8770918409554183
2022-09-09,0.0,0.8770918409554183
2022-09-10,0.0,0.8770918409554183
2022-09-11,0.0,0.8770918409554183
2022-09-12,0.0,0.8770918409554183
2022-09-13,-0.04402704561062001,0.8384760784689714
2022-09-14,0.0,0.8384760784689714
2022-09-15,0.0,0.8384760784689714
2022-09-16,0.0,0.8384760784689714
2022-09-17,0.0,0.8384760784689714
2022-09-18,-0.01736243044444507,0.8239180958772229
2022-09-19,0.0,0.8239180958772229
2022-09-20,0.0,0.8239180958772229
2022-09-21,0.0,0.8239180958772229
2022-09-22,0.0,0.8239180958772229
2022-09-23,-0.01066819755182145,0.8151283748638841
2022-09-24,0.0,0.8151283748638841
2022-09-25,0.0,0.8151283748638841
2022-09-26,0.0,0.8151283748638841
2022-09-27,0.0,0.8151283748638841
2022-09-28,0.01874297462101243,0.8304063053068249
2022-09-29,0.0,0.8304063053068249
2022-09-30,0.0,0.8304063053068249
2022-10-01,0.0,0.8304063053068249
2022-10-02,0.0,0.8304063053068249
2022-10-03,0.021191123612395547,0.8480035479710946
2022-10-04,0.0,0.8480035479710946
2022-10-05,0.0,0.8480035479710946
2022-10-06,0.0,0.8480035479710946
2022-10-07,0.0,0.8480035479710946
2022-10-08,-0.00115995072855487,0.8470199056378084
2022-10-09,0.0,0.8470199056378084
2022-10-10,0.0,0.8470199056378084
2022-10-11,0.0,0.8470199056378084
2022-10-12,0.0,0.8470199056378084
2022-10-13,0.01008685408136781,0.8555636718299909
2022-10-14,0.0,0.8555636718299909
2022-10-15,0.0,0.8555636718299909
2022-10-16,0.0,0.8555636718299909
2022-10-17,0.0,0.8555636718299909
2022-10-18,0.0020354978149679636,0.8573051698145668
2022-10-19,0.0,0.8573051698145668
2022-10-20,0.0,0.8573051698145668
2022-10-21,0.0,0.8573051698145668
2022-10-22,0.0,0.8573051698145668
2022-10-23,0.007472729186933586,0.8637115791791492
2022-10-24,0.0,0.8637115791791492
2022-10-25,0.0,0.8637115791791492
2022-10-26,0.0,0.8637115791791492
2022-10-27,0.0,0.8637115791791492
2022-10-28,0.010824900648487032,0.8730611712127113
2022-10-29,0.0,0.8730611712127113
2022-10-30,0.0,0.8730611712127113
2022-10-31,0.0,0.8730611712127113
2022-11-01,0.0,0.8730611712127113
2022-11-02,-0.004920278518232367,0.8687654670868906
2022-11-03,0.0,0.8687654670868906
2022-11-04,0.0,0.8687654670868906
2022-11-05,0.0,0.8687654670868906
2022-11-06,0.0,0.8687654670868906
2022-11-07,-0.0007703535376406153,0.8680962105359402
2022-11-08,0.0,0.8680962105359402
2022-11-09,0.0,0.8680962105359402
2022-11-10,0.0,0.8680962105359402
2022-11-11,0.0,0.8680962105359402
2022-11-12,-0.005169397503339203,0.8636086761525374
2022-11-13,0.0,0.8636086761525374
2022-11-14,0.0,0.8636086761525374
2022-11-15,0.0,0.8636086761525374
2022-11-16,0.0,0.8636086761525374
2022-11-17,0.00697022612223783,0.869628223906447
2022-11-18,0.0,0.869628223906447
2022-11-19,0.0,0.869628223906447
2022-11-20,0.0,0.869628223906447
2022-11-21,0.0,0.869628223906447
2022-11-22,0.029825523406618586,0.8955653408536248
2022-11-23,0.0,0.8955653408536248
2022-11-24,0.0,0.8955653408536248
2022-11-25,0.0,0.8955653408536248
2022-11-26,0.0,0.8955653408536248
2022-11-27,-0.002655242052354336,0.8931873980999592
2022-11-28,0.0,0.8931873980999592
2022-11-29,0.0,0.8931873980999592
2022-11-30,0.0,0.8931873980999592
2022-12-01,0.0,0.8931873980999592
2022-12-02,-9.388439863621748e-05,0.8931035417382192
2022-12-03,0.0,0.8931035417382192
2022-12-04,0.0,0.8931035417382192
2022-12-05,0.0,0.8931035417382192
2022-12-06,0.0,0.8931035417382192
2022-12-07,-0.007738420590980464,0.8861923309009545
2022-12-08,0.0,0.8861923309009545
2022-12-09,0.0,0.8861923309009545
2022-12-10,0.0,0.8861923309009545
2022-12-11,0.0,0.8861923309009545
2022-12-12,0.0018311579591695955,0.8878150890410389
2022-12-13,0.0,0.8878150890410389
2022-12-14,0.0,0.8878150890410389
2022-12-15,0.0,0.8878150890410389
2022-12-16,0.0,0.8878150890410389
2022-12-17,-0.0015607270002307595,0.8864294520603603
2022-12-18,0.0,0.8864294520603603
2022-12-19,0.0,0.8864294520603603
2022-12-20,0.0,0.8864294520603603
2022-12-21,0.0,0.8864294520603603
2022-12-22,-0.013071634168734933,0.8748423705466352
2022-12-23,0.0,0.8748423705466352
2022-12-24,0.0,0.8748423705466352
2022-12-25,0.0,0.8748423705466352
2022-12-26,0.0,0.8748423705466352
2022-12-27,-0.010237514466843083,0.8658861591219567
2022-12-28,0.0,0.8658861591219567
2022-12-29,0.0,0.8658861591219567
2022-12-30,0.0,0.8658861591219567
2022-12-31,0.0,0.8658861591219567
2023-01-01,0.0,0.8658861591219567
2023-01-02,0.0,0.8658861591219567
2023-01-03,0.0,0.8658861591219567
2023-01-04,0.0,0.8658861591219567
2023-01-05,0.0,0.8658861591219567
2023-01-06,0.019594936191184464,0.8828531431587812
2023-01-07,0.0,0.8828531431587812
2023-01-08,0.0,0.8828531431587812
2023-01-09,0.0,0.8828531431587812
2023-01-10,0.0,0.8828531431587812
2023-01-11,0.02643496138362038,0.9061913319055914
2023-01-12,0.0,0.9061913319055914
2023-01-13,0.0,0.9061913319055914
2023-01-14,0.0,0.9061913319055914
2023-01-15,0.0,0.9061913319055914
2023-01-16,-0.000594286648487504,0.9056527944960648
2023-01-17,0.0,0.9056527944960648
2023-01-18,0.0,0.9056527944960648
2023-01-19,0.0,0.9056527944960648
2023-01-20,0.0,0.9056527944960648
2023-01-21,-0.0035437220993285172,0.9024434126738905
2023-01-22,0.0,0.9024434126738905
2023-01-23,0.0,0.9024434126738905
2023-01-24,0.0,0.9024434126738905
2023-01-25,0.0,0.9024434126738905
2023-01-26,0.007344893496590881,0.9090717634266803
2023-01-27,0.0,0.9090717634266803
2023-01-28,0.0,0.9090717634266803
2023-01-29,0.0,0.9090717634266803
2023-01-30,0.0,0.9090717634266803
2023-01-31,0.0186578183837766,0.9260330592865149
2023-02-01,0.0,0.9260330592865149
2023-02-02,0.0,0.9260330592865149
2023-02-03,0.0,0.9260330592865149
2023-02-04,0.0,0.9260330592865149
2023-02-05,-0.006387438482810981,0.920118080087273
2023-02-06,0.0,0.920118080087273
2023-02-07,0.0,0.920118080087273
2023-02-08,0.0,0.920118080087273
2023-02-09,0.0,0.920118080087273
2023-02-10,-0.0016823697333983598,0.9185701012781815
2023-02-11,0.0,0.9185701012781815
2023-02-12,0.0,0.9185701012781815
2023-02-13,0.0,0.9185701012781815
2023-02-14,0.0,0.9185701012781815
2023-02-15,0.02905812822248177,0.9452620290624609
2023-02-16,0.0,0.9452620290624609
2023-02-17,0.0,0.9452620290624609
2023-02-18,0.0,0.9452620290624609
2023-02-19,0.0,0.9452620290624609
2023-02-20,0.0005765465029472878,0.9458070165796857
2023-02-21,0.0,0.9458070165796857
2023-02-22,0.0,0.9458070165796857
2023-02-23,0.0,0.9458070165796857
2023-02-24,0.0,0.9458070165796857
2023-02-25,0.0028665936076623377,0.9485182609274952
2023-02-26,0.0,0.9485182609274952
2023-02-27,0.0,0.9485182609274952
2023-02-28,0.0,0.9485182609274952
2023-03-01,0.0,0.9485182609274952
2023-03-02,-0.003912606009763713,0.9448070826794197
2023-03-03,0.0,0.9448070826794197
2023-03-04,0.0,0.9448070826794197
2023-03-05,0.0,0.9448070826794197
2023-03-06,0.0,0.9448070826794197
2023-03-07,-0.01578780385290396,0.9298906537792425
2023-03-08,0.0,0.9298906537792425
2023-03-09,0.0,0.9298906537792425
2023-03-10,0.0,0.9298906537792425
2023-03-11,0.0,0.9298906537792425
2023-03-12,0.028145743803408403,0.9560631178856971
2023-03-13,0.0,0.9560631178856971
2023-03-14,0.0,0.9560631178856971
2023-03-15,0.0,0.9560631178856971
2023-03-16,0.0,0.9560631178856971
2023-03-17,0.02754471931831528,0.9823976081184521
2023-03-18,0.0,0.9823976081184521
2023-03-19,0.0,0.9823976081184521
2023-03-20,0.0,0.9823976081184521
2023-03-21,0.0,0.9823976081184521
2023-03-22,-0.006547272308735292,0.9759655834626504
2023-03-23,0.0,0.9759655834626504
2023-03-24,0.0,0.9759655834626504
2023-03-25,0.0,0.9759655834626504
2023-03-26,0.0,0.9759655834626504
2023-03-27,-0.01683358896667975,0.9595365799850144
2023-03-28,0.0,0.9595365799850144
2023-03-29,0.0,0.9595365799850144
2023-03-30,0.0,0.9595365799850144
2023-03-31,0.0,0.9595365799850144
2023-04-01,0.005514593079631296,0.9648280337686528
2023-04-02,0.0,0.9648280337686528
2023-04-03,0.0,0.9648280337686528
2023-04-04,0.0,0.9648280337686528
2023-04-05,0.0,0.9648280337686528
2023-04-06,0.00013815026688429643,0.9649613250190153
2023-04-07,0.0,0.9649613250190153
2023-04-08,0.0,0.9649613250190153
2023-04-09,0.0,0.9649613250190153
2023-04-10,0.0,0.9649613250190153
2023-04-11,0.0037505408777733043,0.9685804519139695
2023-04-12,0.0,0.9685804519139695
2023-04-13,0.0,0.9685804519139695
2023-04-14,0.0,0.9685804519139695
2023-04-15,0.0,0.9685804519139695
2023-04-16,0.005974026257771067,0.9743667769664672
2023-04-17,0.0,0.9743667769664672
2023-04-18,0.0,0.9743667769664672
2023-04-19,0.0,0.9743667769664672
2023-04-20,0.0,0.9743667769664672
2023-04-21,-0.015169580501576853,0.9595860417052123
2023-04-22,0.0,0.9595860417052123
2023-04-23,0.0,0.9595860417052123
2023-04-24,0.0,0.9595860417052123
2023-04-25,0.0,0.9595860417052123
2023-04-26,-0.0029315059510829355,0.9567730095133774
2023-04-27,0.0,0.9567730095133774
2023-04-28,0.0,0.9567730095133774
2023-04-29,0.0,0.9567730095133774
2023-04-30,0.0,0.9567730095133774
2023-05-01,-0.013945158921436869,0.943430657843972
2023-05-02,0.0,0.943430657843972
2023-05-03,0.0,0.943430657843972
2023-05-04,0.0,0.943430657843972
2023-05-05,0.0,0.943430657843972
2023-05-06,-0.01359936115452156,0.9306006036037039
2023-05-07,0.0,0.9306006036037039
2023-05-08,0.0,0.9306006036037039
2023-05-09,0.0,0.9306006036037039
2023-05-10,0.0,0.9306006036037039
2023-05-11,-0.00510876623437164,0.9258463826623274
2023-05-12,0.0,0.9258463826623274
2023-05-13,0.0,0.9258463826623274
2023-05-14,0.0,0.9258463826623274
2023-05-15,0.0,0.9258463826623274
2023-05-16,-0.000750093115691945,0.9251519116645042
2023-05-17,0.0,0.9251519116645042
2023-05-18,0.0,0.9251519116645042
2023-05-19,0.0,0.9251519116645042
2023-05-20,0.0,0.9251519116645042
2023-05-21,-0.0024218696950891,0.9229113142862901
2023-05-22,0.0,0.9229113142862901
2023-05-23,0.0,0.9229113142862901
2023-05-24,0.0,0.9229113142862901
2023-05-25,0.0,0.9229113142862901
2023-05-26,0.012936977088045348,0.9348509968135098
2023-05-27,0.0,0.9348509968135098
2023-05-28,0.0,0.9348509968135098
2023-05-29,0.0,0.9348509968135098
2023-05-30,0.0,0.9348509968135098
2023-05-31,-0.0061767385724397226,0.929076666602008
2023-06-01,0.0,0.929076666602008
2023-06-02,0.0,0.929076666602008
2023-06-03,0.0,0.929076666602008
2023-06-04,0.0,0.929076666602008
2023-06-05,-0.019082092896625994,0.9113479393418209
2023-06-06,0.0,0.9113479393418209
2023-06-07,0.0,0.9113479393418209
2023-06-08,0.0,0.9113479393418209
2023-06-09,0.0,0.9113479393418209
2023-06-10,-0.026409346093146456,0.8872798362004669
2023-06-11,0.0,0.8872798362004669
2023-06-12,0.0,0.8872798362004669
2023-06-13,0.0,0.8872798362004669
2023-06-14,0.0,0.8872798362004669
2023-06-15,0.011671941264534785,0.8976361143338047
2023-06-16,0.0,0.8976361143338047
2023-06-17,0.0,0.8976361143338047
2023-06-18,0.0,0.8976361143338047
2023-06-19,0.0,0.8976361143338047
2023-06-20,0.012404884268408432,0.9087711864472594
2023-06-21,0.0,0.9087711864472594
2023-06-22,0.0,0.9087711864472594
2023-06-23,0.0,0.9087711864472594
2023-06-24,0.0,0.9087711864472594
2023-06-25,-0.0029539624358153236,0.9060867104997429
2023-06-26,0.0,0.9060867104997429
2023-06-27,0.0,0.9060867104997429
2023-06-28,0.0,0.9060867104997429
2023-06-29,0.0,0.9060867104997429
2023-06-30,0.053308411188623325,0.9543887534356102
2023-07-01,0.0,0.9543887534356102
2023-07-02,0.0,0.9543887534356102
2023-07-03,0.0,0.9543887534356102
2023-07-04,0.0,0.9543887534356102
2023-07-05,-0.003407888380046428,0.95113630309273
2023-07-06,0.0,0.95113630309273
2023-07-07,0.0,0.95113630309273
2023-07-08,0.0,0.95113630309273
2023-07-09,0.0,0.95113630309273
2023-07-10,0.0017888596113508164,0.9528377524102222
2023-07-11,0.0,0.9528377524102222
2023-07-12,0.0,0.9528377524102222
2023-07-13,0.0,0.9528377524102222
2023-07-14,0.0,0.9528377524102222
2023-07-15,-0.0009508746365482121,0.9519317231587097
2023-07-16,0.0,0.9519317231587097
2023-07-17,0.0,0.9519317231587097
2023-07-18,0.0,0.9519317231587097
2023-07-19,0.0,0.9519317231587097
2023-07-20,-0.012114169896226048,0.9403998605347579
2023-07-21,0.0,0.9403998605347579
2023-07-22,0.0,0.9403998605347579
2023-07-23,0.0,0.9403998605347579
2023-07-24,0.0,0.9403998605347579
2023-07-25,0.0013963601282666236,0.9417129974046362
2023-07-26,0.0,0.9417129974046362
2023-07-27,0.0,0.9417129974046362
2023-07-28,0.0,0.9417129974046362
2023-07-29,0.0,0.9417129974046362
2023-07-30,-0.0014323706167972592,0.9403641153776977
2023-07-31,0.0,0.9403641153776977
2023-08-01,0.0,0.9403641153776977
2023-08-02,0.0,0.9403641153776977
2023-08-03,0.0,0.9403641153776977
2023-08-04,-0.00205203506605343,0.9384344552380843
2023-08-05,0.0,0.9384344552380843
2023-08-06,0.0,0.9384344552380843
2023-08-07,0.0,0.9384344552380843
2023-08-08,0.0,0.9384344552380843
2023-08-09,-0.00590053426919172,0.9328971905755618
2023-08-10,0.0,0.9328971905755618
2023-08-11,0.0,0.9328971905755618
2023-08-12,0.0,0.9328971905755618
2023-08-13,0.0,0.9328971905755618
2023-08-14,0.0016688173977141656,0.9344540256374729
2023-08-15,0.0,0.9344540256374729
2023-08-16,0.0,0.9344540256374729
2023-08-17,0.0,0.9344540256374729
2023-08-18,0.0,0.9344540256374729
2023-08-19,0.00038634301736365883,0.9348150454253253
2023-08-20,0.0,0.9348150454253253
2023-08-21,0.0,0.9348150454253253
2023-08-22,0.0,0.9348150454253253
2023-08-23,0.0,0.9348150454253253
2023-08-24,-0.011192028934936725,0.9243525683881109
2023-08-25,0.0,0.9243525683881109
2023-08-26,0.0,0.9243525683881109
2023-08-27,0.0,0.9243525683881109
2023-08-28,0.0,0.9243525683881109
2023-08-29,0.031080157308850727,0.9530815916224536
2023-08-30,0.0,0.9530815916224536
2023-08-31,0.0,0.9530815916224536
2023-09-01,0.0,0.9530815916224536
2023-09-02,0.0,0.9530815916224536
2023-09-03,-0.001001966462922869,0.9521266358312188
2023-09-04,0.0,0.9521266358312188
2023-09-05,0.0,0.9521266358312188
2023-09-06,0.0,0.9521266358312188
2023-09-07,0.0,0.9521266358312188
2023-09-08,-0.0046268415190650804,0.9477212967811471
2023-09-09,0.0,0.9477212967811471
2023-09-10,0.0,0.9477212967811471
2023-09-11,0.0,0.9477212967811471
2023-09-12,0.0,0.9477212967811471
2023-09-13,0.008919836948137343,0.9561748162207123
2023-09-14,0.0,0.9561748162207123
2023-09-15,0.0,0.9561748162207123
2023-09-16,0.0,0.9561748162207123
2023-09-17,0.0,0.9561748162207123
2023-09-18,0.004913362789868222,0.9608728499833403
2023-09-19,0.0,0.9608728499833403
2023-09-20,0.0,0.9608728499833403
2023-09-21,0.0,0.9608728499833403
2023-09-22,0.0,0.9608728499833403
2023-09-23,0.001932393113039388,0.9627296340611547
2023-09-24,0.0,0.9627296340611547
2023-09-25,0.0,0.9627296340611547
2023-09-26,0.0,0.9627296340611547
2023-09-27,0.0,0.9627296340611547
2023-09-28,0.011638258897251046,0.9739341307904142
2023-09-29,0.0,0.9739341307904142
2023-09-30,0.0,0.9739341307904142
2023-10-01,0.0,0.9739341307904142
2023-10-02,0.0,0.9739341307904142
2023-10-03,-0.012113931276581077,0.9621359596621024
2023-10-04,0.0,0.9621359596621024
2023-10-05,0.0,0.9621359596621024
2023-10-06,0.0,0.9621359596621024
2023-10-07,0.0,0.9621359596621024
2023-10-08,-0.0005036261161478669,0.9616514028655316
2023-10-09,0.0,0.9616514028655316
2023-10-10,0.0,0.9616514028655316
2023-10-11,0.0,0.9616514028655316
2023-10-12,0.0,0.9616514028655316
2023-10-13,0.0026396678267236093,0.9641898431341993
2023-10-14,0.0,0.9641898431341993
2023-10-15,0.0,0.9641898431341993
2023-10-16,0.0,0.9641898431341993
2023-10-17,0.0,0.9641898431341993
2023-10-18,-0.012257093591299896,0.9523716779871226
2023-10-19,0.0,0.9523716779871226
2023-10-20,0.0,0.9523716779871226
2023-10-21,0.0,0.9523716779871226
2023-10-22,0.0,0.9523716779871226
2023-10-23,0.025276578463192242,0.9764443754318862
2023-10-24,0.0,0.9764443754318862
2023-10-25,0.0,0.9764443754318862
2023-10-26,0.0,0.9764443754318862
2023-10-27,0.0,0.9764443754318862
2023-10-28,0.0026304215368126997,0.9790128357465219
2023-10-29,0.0,0.9790128357465219
2023-10-30,0.0,0.9790128357465219
2023-10-31,0.0,0.9790128357465219
2023-11-01,0.0,0.9790128357465219
2023-11-02,0.009025063386419214,0.9878484886452523
2023-11-03,0.0,0.9878484886452523
2023-11-04,0.0,0.9878484886452523
2023-11-05,0.0,0.9878484886452523
2023-11-06,0.0,0.9878484886452523
2023-11-07,-0.00016761693541339452,0.9876829085089329
2023-11-08,0.0,0.9876829085089329
2023-11-09,0.0,0.9876829085089329
2023-11-10,0.0,0.9876829085089329
2023-11-11,0.0,0.9876829085089329
2023-11-12,-0.0010147519228450401,0.9866806553783622
2023-11-13,0.0,0.9866806553783622
2023-11-14,0.0,0.9866806553783622
2023-11-15,0.0,0.9866806553783622
2023-11-16,0.0,0.9866806553783622
2023-11-17,-0.0013585817931457411,0.9853401690043161
2023-11-18,0.0,0.9853401690043161
2023-11-19,0.0,0.9853401690043161
2023-11-20,0.0,0.9853401690043161
2023-11-21,0.0,0.9853401690043161
2023-11-22,0.014422919778538806,0.9995516512164372
2023-11-23,0.0,0.9995516512164372
2023-11-24,0.0,0.9995516512164372
2023-11-25,0.0,0.9995516512164372
2023-11-26,0.0,0.9995516512164372
2023-11-27,-0.0014511999841522372,0.9981011018760325
2023-11-28,0.0,0.9981011018760325
2023-11-29,0.0,0.9981011018760325
2023-11-30,0.0,0.9981011018760325
2023-12-01,0.0,0.9981011018760325
2023-12-02,0.005234442894627711,1.0033256050968677
2023-12-03,0.0,1.0033256050968677
2023-12-04,0.0,1.0033256050968677
2023-12-05,0.0,1.0033256050968677
2023-12-06,0.0,1.0033256050968677
2023-12-07,0.007589554141195611,1.0109403990979984
2023-12-08,0.0,1.0109403990979984
2023-12-09,0.0,1.0109403990979984
2023-12-10,0.0,1.0109403990979984
2023-12-11,0.0,1.0109403990979984
2023-12-12,0.0011544127192863833,1.0121074415531577
2023-12-13,0.0,1.0121074415531577
2023-12-14,0.0,1.0121074415531577
2023-12-15,0.0,1.0121074415531577
2023-12-16,0.0,1.0121074415531577
2023-12-17,-0.005470517018675921,1.0065706905694125
2023-12-18,0.0,1.0065706905694125
2023-12-19,0.0,1.0065706905694125
2023-12-20,0.0,1.0065706905694125
2023-12-21,0.0,1.0065706905694125
2023-12-22,0.009599880599226306,1.0162336490135597
2023-12-23,0.0,1.0162336490135597
2023-12-24,0.0,1.0162336490135597
2023-12-25,0.0,1.0162336490135597
2023-12-26,0.0,1.0162336490135597
2023-12-27,0.0,1.0162336490135597
2023-12-28,0.0,1.0162336490135597
2023-12-29,0.0,1.0162336490135597
2023-12-30,0.0,1.0162336490135597
2023-12-31,0.0,1.0162336490135597
