Date,Open,High,Low,Close,Adj Close,Volume
2010-01-04,46.45000076293945,46.65999984741211,45.529998779296875,45.810001373291016,27.73301124572754,16952700
2010-01-05,45.810001373291016,45.959999084472656,45.290000915527344,45.91999816894531,27.799591064453125,14523000
2010-01-06,45.939998626708984,46.22999954223633,45.709999084472656,45.900001525878906,27.7874813079834,14859100
2010-01-07,45.869998931884766,46.52000045776367,45.369998931884766,46.310001373291016,28.035696029663086,16364700
2010-01-08,46.189998626708984,46.22999954223633,45.59000015258789,46.0,27.848031997680664,10629500
2010-01-11,46.25,46.470001220703125,45.93000030517578,46.220001220703125,27.98120880126953,7873900
2010-01-12,45.75,46.13999938964844,45.18000030517578,45.439998626708984,27.509010314941406,15196600
2010-01-13,45.47999954223633,46.36000061035156,45.41999816894531,46.290000915527344,28.02359390258789,14826100
2010-01-14,46.220001220703125,46.310001373291016,45.880001068115234,46.130001068115234,27.926725387573242,7233200
2010-01-15,46.0,46.09000015258789,45.560001373291016,45.709999084472656,27.672462463378906,15106200
2010-01-19,45.65999984741211,46.7400016784668,45.619998931884766,46.619998931884766,28.223373413085938,15621900
2010-01-20,46.22999954223633,46.2599983215332,45.68000030517578,46.13999938964844,27.93279266357422,13033200
2010-01-21,46.130001068115234,46.41999816894531,44.7400016784668,44.83000183105469,27.13972282409668,30837300
2010-01-22,44.709999084472656,45.13999938964844,43.66999816894531,43.79999923706055,26.51617431640625,26533200
2010-01-25,44.29999923706055,44.31999969482422,43.290000915527344,44.119998931884766,26.709901809692383,21265300
2010-01-26,43.7400016784668,44.43000030517578,43.630001068115234,43.7400016784668,26.479843139648438,16188000
2010-01-27,43.91999816894531,44.20000076293945,43.119998931884766,44.13999938964844,26.722000122070312,23190400
2010-01-28,44.40999984741211,44.4900016784668,43.36000061035156,43.720001220703125,26.46773338317871,19931500
2010-01-29,44.029998779296875,44.43000030517578,43.209999084472656,43.43000030517578,26.292171478271484,21419500
2010-02-01,43.77000045776367,44.29999923706055,43.68000030517578,44.220001220703125,26.770427703857422,13240700
2010-02-02,44.34000015258789,45.15999984741211,43.95000076293945,44.95000076293945,27.212366104125977,18533500
2010-02-03,44.779998779296875,44.84000015258789,44.119998931884766,44.43000030517578,26.89756202697754,15642000
2010-02-04,44.0099983215332,44.09000015258789,42.7400016784668,42.77000045776367,25.892608642578125,27627500
2010-02-05,42.90999984741211,43.72999954223633,42.27000045776367,43.56999969482422,26.37691879272461,32914100
2010-02-08,43.709999084472656,43.84000015258789,42.4900016784668,42.58000183105469,25.777589797973633,15343700
2010-02-09,43.09000015258789,43.18000030517578,42.119998931884766,42.45000076293945,25.69887924194336,22262300
2010-02-10,42.529998779296875,43.029998779296875,41.709999084472656,42.47999954223633,25.717044830322266,16652800
2010-02-11,42.40999984741211,42.880001068115234,41.959999084472656,42.849998474121094,25.941036224365234,11875700
2010-02-12,42.34000015258789,43.27000045776367,42.189998626708984,43.2400016784668,26.177141189575195,14060900
2010-02-16,43.72999954223633,44.5,43.650001525878906,44.400001525878906,26.879396438598633,16756500
2010-02-17,44.5,45.0,44.4900016784668,44.81999969482422,27.133657455444336,13239000
2010-02-18,44.65999984741211,45.540000915527344,44.5099983215332,45.41999816894531,27.496902465820312,14092700
2010-02-19,45.220001220703125,45.68000030517578,45.04999923706055,45.40999984741211,27.4908447265625,12580700
2010-02-22,45.5099983215332,45.84000015258789,45.31999969482422,45.599998474121094,27.60586166381836,12070700
2010-02-23,45.349998474121094,45.709999084472656,45.119998931884766,45.2400016784668,27.3879337310791,9630700
2010-02-24,45.25,45.709999084472656,45.20000076293945,45.68000030517578,27.6543025970459,9650500
2010-02-25,45.150001525878906,45.93000030517578,44.900001525878906,45.90999984741211,27.793540954589844,13051400
2010-02-26,45.95000076293945,46.349998474121094,45.61000061035156,45.79999923706055,27.726947784423828,11251800
2010-03-01,46.08000183105469,46.459999084472656,45.97999954223633,46.27000045776367,28.011491775512695,6993900
2010-03-02,46.40999984741211,46.5,46.18000030517578,46.290000915527344,28.02359390258789,8746600
2010-03-03,46.349998474121094,46.4900016784668,46.09000015258789,46.189998626708984,27.96305274963379,7785000
2010-03-04,46.20000076293945,46.43000030517578,46.099998474121094,46.380001068115234,28.078075408935547,7619900
2010-03-05,46.5,47.61000061035156,46.45000076293945,47.439998626708984,28.719799041748047,13059100
2010-03-08,47.54999923706055,48.15999984741211,47.459999084472656,48.029998779296875,29.076984405517578,8495800
2010-03-09,47.81999969482422,48.77000045776367,47.689998626708984,48.189998626708984,29.173826217651367,12243200
2010-03-10,48.290000915527344,48.63999938964844,48.0,48.45000076293945,29.33123016357422,10583500
2010-03-11,48.150001525878906,48.70000076293945,48.0099983215332,48.689998626708984,29.476530075073242,8604100
2010-03-12,49.040000915527344,49.29999923706055,48.619998931884766,49.04999923706055,29.694469451904297,12207300
2010-03-15,48.939998626708984,49.2400016784668,48.400001525878906,48.90999984741211,29.60970687866211,12572400
2010-03-16,49.09000015258789,50.25,48.95000076293945,50.18000030517578,30.37857437133789,18134600
2010-03-17,50.290000915527344,50.959999084472656,50.11000061035156,50.790000915527344,30.747861862182617,20060300
2010-03-18,50.709999084472656,51.06999969482422,50.54999923706055,50.59000015258789,30.626773834228516,12631000
2010-03-19,50.15999984741211,50.869998931884766,50.04999923706055,50.15999984741211,30.366455078125,14273200
2010-03-22,49.810001373291016,50.849998474121094,49.65999984741211,50.68000030517578,30.681257247924805,15289000
2010-03-23,50.630001068115234,50.7400016784668,50.060001373291016,50.540000915527344,30.596513748168945,16105700
2010-03-24,50.31999969482422,51.02000045776367,50.27000045776367,50.70000076293945,30.6933650970459,11596300
2010-03-25,50.529998779296875,51.15999984741211,50.290000915527344,50.290000915527344,30.741661071777344,18328500
2010-03-26,50.439998626708984,50.7599983215332,49.90999984741211,50.11000061035156,30.631629943847656,13100800
2010-03-29,50.43000030517578,50.5,50.0099983215332,50.33000183105469,30.766111373901367,12065300
2010-03-30,50.36000061035156,50.5099983215332,50.06999969482422,50.22999954223633,30.70497703552246,8298000
2010-03-31,50.02000045776367,50.34000015258789,49.72999954223633,49.779998779296875,30.429893493652344,8337300
2010-04-01,50.119998931884766,50.189998626708984,49.63999938964844,50.0099983215332,30.57050323486328,11865900
2010-04-05,50.33000183105469,51.099998474121094,50.11000061035156,51.04999923706055,31.206241607666016,14636500
2010-04-06,50.939998626708984,52.189998626708984,50.72999954223633,52.08000183105469,31.83587646484375,16859700
2010-04-07,51.939998626708984,52.06999969482422,50.72999954223633,50.959999084472656,31.151227951049805,15275300
2010-04-08,50.720001220703125,51.11000061035156,50.63999938964844,50.97999954223633,31.163450241088867,8579900
2010-04-09,51.15999984741211,51.83000183105469,50.95000076293945,51.790000915527344,31.658588409423828,11460200
2010-04-12,51.900001525878906,51.95000076293945,51.380001068115234,51.45000076293945,31.450763702392578,7833400
2010-04-13,51.40999984741211,52.77000045776367,51.380001068115234,52.619998931884766,32.165950775146484,13847500
2010-04-14,53.09000015258789,53.130001068115234,52.369998931884766,52.66999816894531,32.196537017822266,17132900
2010-04-15,52.38999938964844,52.58000183105469,51.33000183105469,51.36000061035156,31.3957462310791,19222200
2010-04-16,51.27000045776367,51.689998626708984,50.13999938964844,50.290000915527344,30.741661071777344,32486100
2010-04-19,49.91999816894531,50.86000061035156,49.75,50.47999954223633,30.857807159423828,20990600
2010-04-20,50.810001373291016,51.310001373291016,50.27000045776367,51.27000045776367,31.340723037719727,12239200
2010-04-21,51.2400016784668,52.52000045776367,51.18000030517578,52.22999954223633,31.92755699157715,21471400
2010-04-22,51.900001525878906,53.20000076293945,51.59000015258789,52.9900016784668,32.39213562011719,18688400
2010-04-23,53.150001525878906,53.75,52.66999816894531,53.68000030517578,32.81392288208008,13173900
2010-04-26,53.849998474121094,54.40999984741211,53.619998931884766,54.02000045776367,33.02177047729492,11956700
2010-04-27,53.599998474121094,53.970001220703125,52.22999954223633,52.310001373291016,31.976463317871094,22098000
2010-04-28,52.83000183105469,52.91999816894531,52.220001220703125,52.4900016784668,32.086490631103516,15187700
2010-04-29,53.20000076293945,54.72999954223633,53.09000015258789,54.65999984741211,33.41298294067383,20216600
2010-04-30,54.56999969482422,55.0,52.86000061035156,52.959999084472656,32.373783111572266,20171100
2010-05-03,53.38999938964844,54.900001525878906,53.380001068115234,54.599998474121094,33.376304626464844,20332100
2010-05-04,53.86000061035156,53.97999954223633,52.779998779296875,53.31999969482422,32.593849182128906,25009300
2010-05-05,52.41999816894531,53.529998779296875,51.810001373291016,52.56999969482422,32.13540267944336,21721100
2010-05-06,52.189998626708984,52.59000015258789,43.15999984741211,50.459999084472656,30.845579147338867,40853400
2010-05-07,50.599998474121094,51.65999984741211,48.810001373291016,49.61000061035156,30.325986862182617,31771300
2010-05-10,52.25,52.939998626708984,51.77000045776367,52.880001068115234,32.32490539550781,24930800
2010-05-11,52.130001068115234,53.540000915527344,51.9900016784668,52.939998626708984,32.361572265625,19801500
2010-05-12,53.369998931884766,54.0,52.939998626708984,53.79999923706055,32.88727569580078,13551200
2010-05-13,53.86000061035156,53.95000076293945,52.880001068115234,53.09000015258789,32.4532585144043,12836800
2010-05-14,52.59000015258789,52.59000015258789,50.810001373291016,51.45000076293945,31.450763702392578,21810900
2010-05-17,51.45000076293945,52.31999969482422,49.90999984741211,51.369998931884766,31.4018611907959,19768900
2010-05-18,52.08000183105469,52.22999954223633,49.849998474121094,50.060001373291016,30.60106086730957,17861700
2010-05-19,49.720001220703125,50.72999954223633,48.400001525878906,49.63999938964844,30.344327926635742,23569300
2010-05-20,48.380001068115234,48.88999938964844,47.16999816894531,47.2400016784668,28.877233505249023,31029900
2010-05-21,46.5,48.88999938964844,46.25,48.77000045776367,29.812509536743164,23970300
2010-05-24,48.91999816894531,49.13999938964844,47.70000076293945,47.790000915527344,29.21343994140625,19137900
2010-05-25,46.41999816894531,48.310001373291016,45.93000030517578,48.290000915527344,29.51909065246582,23967400
2010-05-26,48.970001220703125,49.630001068115234,47.7599983215332,48.099998474121094,29.402935028076172,20304200
2010-05-27,49.25,50.72999954223633,48.75,50.709999084472656,30.998395919799805,20292700
2010-05-28,50.66999816894531,51.02000045776367,49.779998779296875,49.95000076293945,30.533828735351562,15463200
2010-06-01,49.29999923706055,50.209999084472656,48.91999816894531,48.97999954223633,29.94087791442871,15112900
2010-06-02,49.400001525878906,50.119998931884766,48.54999923706055,50.060001373291016,30.60106086730957,16033600
2010-06-03,50.25,50.380001068115234,49.5,49.93000030517578,30.521591186523438,10995700
2010-06-04,48.900001525878906,49.369998931884766,47.0099983215332,47.220001220703125,28.865005493164062,26058700
2010-06-07,47.36000061035156,48.25,46.88999938964844,46.97999954223633,28.718294143676758,21973000
2010-06-08,47.119998931884766,47.880001068115234,46.0,47.79999923706055,29.219560623168945,26149600
2010-06-09,48.310001373291016,49.439998626708984,47.810001373291016,48.040000915527344,29.36625862121582,22432100
2010-06-10,49.04999923706055,50.25,48.63999938964844,50.04999923706055,30.594955444335938,25055600
2010-06-11,49.5099983215332,50.720001220703125,49.40999984741211,50.56999969482422,30.912830352783203,14358300
2010-06-14,51.2400016784668,51.72999954223633,50.66999816894531,51.16999816894531,31.279598236083984,16673400
2010-06-15,51.43000030517578,52.380001068115234,51.13999938964844,52.279998779296875,31.958120346069336,21950200
2010-06-16,51.880001068115234,52.29999923706055,51.59000015258789,51.900001525878906,31.72583770751953,12538600
2010-06-17,51.97999954223633,52.209999084472656,51.38999938964844,51.97999954223633,31.774736404418945,15515800
2010-06-18,52.130001068115234,52.20000076293945,51.56999969482422,51.83000183105469,31.68303680419922,10951600
2010-06-21,52.54999923706055,52.689998626708984,51.2400016784668,51.459999084472656,31.456867218017578,12016600
2010-06-22,51.54999923706055,51.7599983215332,49.849998474121094,50.0099983215332,30.57050323486328,20543300
2010-06-23,49.869998931884766,50.650001525878906,49.20000076293945,50.040000915527344,30.58883285522461,17497500
2010-06-24,49.43000030517578,49.54999923706055,48.47999954223633,48.59000015258789,29.958715438842773,20028200
2010-06-25,48.86000061035156,50.0099983215332,48.540000915527344,49.83000183105469,30.723241806030273,20899200
2010-06-28,50.04999923706055,50.06999969482422,49.04999923706055,49.2599983215332,30.37179946899414,10955200
2010-06-29,48.439998626708984,48.58000183105469,47.310001373291016,47.68000030517578,29.397640228271484,26764200
2010-06-30,47.709999084472656,48.40999984741211,47.06999969482422,47.209999084472656,29.107858657836914,16863600
2010-07-01,47.18000030517578,47.5,45.939998626708984,47.119998931884766,29.0523681640625,20930400
2010-07-02,47.33000183105469,47.439998626708984,46.0,46.220001220703125,28.497459411621094,14099300
2010-07-06,47.0,47.400001525878906,44.849998474121094,45.31999969482422,27.94256019592285,25757200
2010-07-07,45.45000076293945,47.540000915527344,45.369998931884766,47.47999954223633,29.27432632446289,22771600
2010-07-08,48.02000045776367,48.41999816894531,47.16999816894531,47.9900016784668,29.58877182006836,15471500
2010-07-09,47.88999938964844,48.72999954223633,47.810001373291016,48.619998931884766,29.977210998535156,13585800
2010-07-12,48.5099983215332,48.970001220703125,48.06999969482422,48.79999923706055,30.088193893432617,10050700
2010-07-13,49.5099983215332,50.119998931884766,49.2599983215332,49.869998931884766,30.747915267944336,17309700
2010-07-14,49.630001068115234,50.02000045776367,48.939998626708984,49.58000183105469,30.569103240966797,12125900
2010-07-15,49.59000015258789,49.65999984741211,48.52000045776367,49.470001220703125,30.501291275024414,16308800
2010-07-16,49.13999938964844,49.220001220703125,47.58000183105469,47.95000076293945,29.56410789489746,22010900
2010-07-19,48.040000915527344,48.779998779296875,47.290000915527344,48.5,29.903213500976562,16259600
2010-07-20,47.75,49.5,47.61000061035156,49.33000183105469,30.41495704650879,19416900
2010-07-21,49.5099983215332,49.7599983215332,48.150001525878906,48.380001068115234,29.829238891601562,18512300
2010-07-22,48.95000076293945,50.5,48.91999816894531,50.119998931884766,30.902048110961914,21544600
2010-07-23,50.06999969482422,50.79999923706055,49.310001373291016,50.709999084472656,31.265819549560547,13185300
2010-07-26,50.720001220703125,52.13999938964844,50.47999954223633,52.02000045776367,32.07352066040039,14626000
2010-07-27,52.459999084472656,52.630001068115234,51.290000915527344,52.0099983215332,32.067344665527344,17355900
2010-07-28,51.779998779296875,52.4900016784668,51.59000015258789,51.93000030517578,32.01803970336914,13959800
2010-07-29,52.31999969482422,52.400001525878906,50.93000030517578,51.470001220703125,31.73442840576172,15297300
2010-07-30,50.869998931884766,51.9900016784668,50.79999923706055,51.650001525878906,31.84539222717285,11730300
2010-08-02,52.439998626708984,53.45000076293945,52.279998779296875,53.220001220703125,32.81338882446289,18843400
2010-08-03,53.11000061035156,53.189998626708984,52.459999084472656,52.939998626708984,32.64075469970703,10431400
2010-08-04,53.0,53.16999816894531,52.59000015258789,53.11000061035156,32.74555969238281,9319200
2010-08-05,52.83000183105469,53.09000015258789,52.310001373291016,52.45000076293945,32.33863830566406,7449400
2010-08-06,51.869998931884766,52.41999816894531,51.459999084472656,52.279998779296875,32.23381423950195,11075000
2010-08-09,52.58000183105469,53.0,52.220001220703125,52.79999923706055,32.55443572998047,8254900
2010-08-10,52.34000015258789,52.869998931884766,51.810001373291016,52.38999938964844,32.301639556884766,15500900
2010-08-11,51.470001220703125,51.75,50.720001220703125,51.130001068115234,31.524778366088867,20175400
2010-08-12,50.459999084472656,51.040000915527344,50.29999923706055,50.540000915527344,31.1610050201416,10760300
2010-08-13,50.45000076293945,50.90999984741211,50.349998474121094,50.43000030517578,31.093189239501953,9818100
2010-08-16,50.34000015258789,50.91999816894531,50.0099983215332,50.47999954223633,31.124011993408203,11577500
2010-08-17,50.93000030517578,51.900001525878906,50.65999984741211,51.58000183105469,31.802227020263672,13384800
2010-08-18,51.630001068115234,51.95000076293945,51.220001220703125,51.59000015258789,31.80838966369629,9191000
2010-08-19,51.41999816894531,51.470001220703125,50.15999984741211,50.41999816894531,31.08702278137207,18212900
2010-08-20,50.189998626708984,50.34000015258789,49.7599983215332,50.27000045776367,30.994544982910156,15910500
2010-08-23,50.459999084472656,50.65999984741211,50.0,50.029998779296875,30.8465633392334,11039300
2010-08-24,49.36000061035156,50.130001068115234,48.95000076293945,49.810001373291016,30.710918426513672,15820700
2010-08-25,49.47999954223633,50.70000076293945,49.310001373291016,50.459999084472656,31.11168670654297,13757000
2010-08-26,50.77000045776367,51.11000061035156,50.099998474121094,50.18000030517578,30.939044952392578,11290600
2010-08-27,50.5,51.04999923706055,49.459999084472656,50.97999954223633,31.43229103088379,17038300
2010-08-30,50.83000183105469,51.310001373291016,50.5099983215332,50.5099983215332,31.142513275146484,10888000
2010-08-31,50.349998474121094,51.119998931884766,50.18000030517578,50.97999954223633,31.43229103088379,11610200
2010-09-01,51.63999938964844,52.720001220703125,51.56999969482422,52.59000015258789,32.42495346069336,17775000
2010-09-02,52.63999938964844,53.31999969482422,52.5099983215332,53.25,32.831886291503906,10102100
2010-09-03,53.95000076293945,54.040000915527344,53.439998626708984,53.95000076293945,33.26348114013672,10942500
2010-09-07,53.61000061035156,53.720001220703125,53.13999938964844,53.20000076293945,32.801055908203125,9147200
2010-09-08,53.349998474121094,53.650001525878906,53.11000061035156,53.22999954223633,32.819557189941406,9256500
2010-09-09,53.849998474121094,53.970001220703125,52.63999938964844,52.83000183105469,32.57294464111328,7312700
2010-09-10,52.97999954223633,53.27000045776367,52.63999938964844,53.040000915527344,32.702415466308594,9708400
2010-09-13,53.459999084472656,53.93000030517578,53.38999938964844,53.869998931884766,33.21415710449219,8810500
2010-09-14,53.650001525878906,54.060001373291016,53.40999984741211,53.709999084472656,33.11552047729492,9984600
2010-09-15,53.45000076293945,54.290000915527344,53.34000015258789,54.130001068115234,33.37446975708008,9842700
2010-09-16,54.02000045776367,54.18000030517578,53.650001525878906,53.84000015258789,33.195648193359375,9198500
2010-09-17,54.0099983215332,54.209999084472656,53.54999923706055,54.0,33.294307708740234,7559200
2010-09-20,54.18000030517578,55.40999984741211,54.08000183105469,55.209999084472656,34.04035568237305,14170600
2010-09-21,55.279998779296875,55.279998779296875,54.290000915527344,54.34000015258789,33.503936767578125,14413000
2010-09-22,54.150001525878906,54.529998779296875,53.63999938964844,53.779998779296875,33.15865707397461,11476400
2010-09-23,52.91999816894531,53.06999969482422,51.939998626708984,52.119998931884766,32.414833068847656,14622000
2010-09-24,52.779998779296875,53.599998474121094,52.709999084472656,53.540000915527344,33.297977447509766,11956700
2010-09-27,53.7400016784668,53.779998779296875,52.779998779296875,53.0099983215332,32.968353271484375,7172900
2010-09-28,53.060001373291016,53.29999923706055,52.22999954223633,53.150001525878906,33.05543518066406,9984300
2010-09-29,53.09000015258789,53.099998474121094,52.56999969482422,52.7599983215332,32.8128662109375,8977400
2010-09-30,53.18000030517578,53.619998931884766,52.52000045776367,52.880001068115234,32.88751220703125,10119400
2010-10-01,53.15999984741211,53.40999984741211,52.540000915527344,53.13999938964844,33.0491828918457,8272400
2010-10-04,53.04999923706055,53.599998474121094,52.9900016784668,53.59000015258789,33.329071044921875,11356500
2010-10-05,53.97999954223633,54.52000045776367,53.59000015258789,54.290000915527344,33.764427185058594,11265200
2010-10-06,54.15999984741211,54.290000915527344,53.810001373291016,54.130001068115234,33.664913177490234,8326400
2010-10-07,54.349998474121094,54.56999969482422,53.9900016784668,54.25,33.73954772949219,6120600
2010-10-08,54.189998626708984,54.4900016784668,53.95000076293945,54.31999969482422,33.7830810546875,6750800
2010-10-11,54.36000061035156,54.52000045776367,54.18000030517578,54.2400016784668,33.73332595825195,5457700
2010-10-12,54.119998931884766,54.88999938964844,53.970001220703125,54.709999084472656,34.02562713623047,7765400
2010-10-13,55.0,55.75,54.86000061035156,55.25,34.36146545410156,9291200
2010-10-14,55.099998474121094,55.45000076293945,54.75,55.08000183105469,34.2557373046875,8283600
2010-10-15,55.31999969482422,55.560001373291016,54.91999816894531,55.04999923706055,34.23707580566406,10031100
2010-10-18,54.900001525878906,55.79999923706055,54.77000045776367,54.77000045776367,34.06293869018555,10987400
2010-10-19,54.959999084472656,55.790000915527344,54.790000915527344,55.040000915527344,34.23087692260742,18057400
2010-10-20,55.09000015258789,56.56999969482422,55.060001373291016,56.13999938964844,34.915000915527344,20963800
2010-10-21,56.400001525878906,56.66999816894531,55.70000076293945,56.029998779296875,34.84657287597656,12328700
2010-10-22,56.25,56.38999938964844,55.709999084472656,56.040000915527344,34.85280227661133,5044900
2010-10-25,56.400001525878906,56.4900016784668,56.099998474121094,56.150001525878906,34.921199798583984,8215500
2010-10-26,55.68000030517578,55.93000030517578,55.47999954223633,55.81999969482422,34.71596908569336,9226500
2010-10-27,55.529998779296875,55.66999816894531,54.900001525878906,55.2599983215332,34.3676872253418,10602600
2010-10-28,55.439998626708984,55.65999984741211,54.380001068115234,54.91999816894531,34.156246185302734,8119800
2010-10-29,54.790000915527344,55.15999984741211,54.689998626708984,54.959999084472656,34.18111038208008,5958400
2010-11-01,55.13999938964844,55.88999938964844,55.040000915527344,55.36000061035156,34.42988586425781,6971600
2010-11-02,55.689998626708984,55.900001525878906,55.41999816894531,55.66999816894531,34.62268829345703,5907600
2010-11-03,55.81999969482422,55.84000015258789,55.25,55.61000061035156,34.58537292480469,9241600
2010-11-04,56.18000030517578,57.15999984741211,56.119998931884766,57.04999923706055,35.48092269897461,10704000
2010-11-05,57.06999969482422,57.970001220703125,56.86000061035156,57.619998931884766,35.8354377746582,10082800
2010-11-08,57.5099983215332,57.63999938964844,56.88999938964844,57.34000015258789,35.66129684448242,5943100
2010-11-09,57.54999923706055,57.59000015258789,54.849998474121094,55.27000045776367,34.3739128112793,15955700
2010-11-10,55.40999984741211,55.95000076293945,55.27000045776367,55.93000030517578,34.78437042236328,11988200
2010-11-11,55.61000061035156,55.970001220703125,55.31999969482422,55.47999954223633,34.504512786865234,6478700
2010-11-12,55.189998626708984,55.63999938964844,54.70000076293945,54.959999084472656,34.18111038208008,8962200
2010-11-15,55.099998474121094,55.38999938964844,54.36000061035156,54.36000061035156,33.80796432495117,9312700
2010-11-16,54.130001068115234,54.150001525878906,52.27000045776367,52.650001525878906,32.744476318359375,25248100
2010-11-17,52.81999969482422,53.400001525878906,52.630001068115234,53.11000061035156,33.03055191040039,8071000
2010-11-18,53.849998474121094,54.0,53.36000061035156,53.47999954223633,33.26065444946289,9727700
2010-11-19,53.31999969482422,53.83000183105469,52.88999938964844,53.72999954223633,33.416133880615234,8482900
2010-11-22,53.540000915527344,54.0099983215332,53.5099983215332,53.84000015258789,33.48454284667969,18122300
2010-11-23,53.20000076293945,53.560001373291016,53.150001525878906,53.459999084472656,33.248233795166016,7534200
2010-11-24,53.900001525878906,54.52000045776367,53.810001373291016,54.4900016784668,33.888790130615234,8095300
2010-11-26,54.099998474121094,54.52000045776367,54.040000915527344,54.33000183105469,33.789306640625,2880400
2010-11-29,53.959999084472656,54.41999816894531,53.54999923706055,54.29999923706055,33.77064895629883,7317300
2010-11-30,53.72999954223633,54.41999816894531,53.720001220703125,54.09000015258789,33.64002990722656,9645100
2010-12-01,54.66999816894531,54.790000915527344,54.029998779296875,54.5,33.89501953125,10578100
2010-12-02,54.68000030517578,55.310001373291016,54.5099983215332,55.2400016784668,34.35525894165039,9225100
2010-12-03,54.93000030517578,55.45000076293945,54.810001373291016,55.31999969482422,34.40501403808594,6490700
2010-12-06,55.25,55.540000915527344,54.7400016784668,55.349998474121094,34.423667907714844,5690600
2010-12-07,55.93000030517578,55.9900016784668,55.439998626708984,55.529998779296875,34.53561019897461,9683100
2010-12-08,55.54999923706055,55.66999816894531,54.34000015258789,54.70000076293945,34.01941680908203,11524900
2010-12-09,54.849998474121094,55.040000915527344,54.08000183105469,54.11000061035156,33.65248489379883,9680300
2010-12-10,54.2599983215332,54.91999816894531,54.220001220703125,54.66999816894531,34.0007438659668,8561300
2010-12-13,54.90999984741211,55.09000015258789,54.61000061035156,54.810001373291016,34.08782958984375,4916500
2010-12-14,54.790000915527344,55.33000183105469,54.02000045776367,54.25,33.73954772949219,11468300
2010-12-15,54.189998626708984,54.56999969482422,53.630001068115234,53.650001525878906,33.36638641357422,14739600
2010-12-16,53.79999923706055,54.02000045776367,53.459999084472656,53.790000915527344,33.45346450805664,8022100
2010-12-17,53.88999938964844,54.2599983215332,53.720001220703125,54.209999084472656,33.71466827392578,9081800
2010-12-20,54.529998779296875,55.0,54.20000076293945,54.83000183105469,34.10026931762695,8590600
2010-12-21,55.0099983215332,55.47999954223633,54.91999816894531,55.43000030517578,34.47342300415039,7888500
2010-12-22,54.63999938964844,55.529998779296875,54.63999938964844,55.220001220703125,34.713558197021484,8385100
2010-12-23,55.15999984741211,55.380001068115234,54.97999954223633,55.04999923706055,34.606693267822266,5137200
2010-12-27,54.91999816894531,55.619998931884766,54.790000915527344,55.4900016784668,34.883296966552734,3042600
2010-12-28,55.7599983215332,55.849998474121094,55.36000061035156,55.709999084472656,35.02159118652344,4406700
2010-12-29,55.86000061035156,56.0099983215332,55.59000015258789,55.959999084472656,35.17875671386719,4285200
2010-12-30,55.95000076293945,56.25,55.849998474121094,56.029998779296875,35.222755432128906,2882900
2010-12-31,55.939998626708984,56.290000915527344,55.86000061035156,55.959999084472656,35.17875671386719,3975100
2011-01-03,56.290000915527344,56.93000030517578,56.25,56.83000183105469,35.72566604614258,8221200
2011-01-04,57.0,57.08000183105469,55.560001373291016,55.81999969482422,35.09074020385742,11275100
2011-01-05,55.63999938964844,56.16999816894531,55.599998474121094,56.04999923706055,35.23532485961914,9167100
2011-01-06,56.13999938964844,56.22999954223633,55.619998931884766,55.75,35.04673385620117,6797500
2011-01-07,55.900001525878906,56.099998474121094,55.22999954223633,55.72999954223633,35.0341682434082,10495700
2011-01-10,55.52000045776367,55.83000183105469,55.150001525878906,55.709999084472656,35.02159118652344,5989200
2011-01-11,55.81999969482422,56.040000915527344,55.20000076293945,55.61000061035156,34.958736419677734,8320200
2011-01-12,55.97999954223633,56.060001373291016,55.61000061035156,55.86000061035156,35.11589431762695,7137800
2011-01-13,55.88999938964844,56.189998626708984,55.70000076293945,56.02000045776367,35.216468811035156,6677700
2011-01-14,55.9900016784668,56.40999984741211,55.869998931884766,56.400001525878906,35.455360412597656,6098100
2011-01-18,56.36000061035156,56.939998626708984,56.18000030517578,56.93000030517578,35.788543701171875,7070500
2011-01-19,56.93000030517578,56.93000030517578,55.95000076293945,56.25,35.36106872558594,8252400
2011-01-20,56.130001068115234,56.63999938964844,55.970001220703125,56.130001068115234,35.28562545776367,7770300
2011-01-21,56.5099983215332,56.5099983215332,56.16999816894531,56.349998474121094,35.42392349243164,5531800
2011-01-24,56.38999938964844,56.900001525878906,56.25,56.630001068115234,35.59994125366211,6358700
2011-01-25,56.47999954223633,57.22999954223633,56.33000183105469,57.22999954223633,35.97712707519531,8312200
2011-01-26,57.36000061035156,57.56999969482422,57.0,57.38999938964844,36.07770919799805,5947400
2011-01-27,57.849998474121094,58.29999923706055,57.54999923706055,58.189998626708984,36.580631256103516,9976400
2011-01-28,58.16999816894531,58.43000030517578,57.099998474121094,57.279998779296875,36.0085563659668,11241800
2011-01-31,57.40999984741211,58.18000030517578,57.349998474121094,57.959999084472656,36.436038970947266,7034900
2011-02-01,58.380001068115234,58.380001068115234,57.599998474121094,58.22999954223633,36.60576629638672,10015600
2011-02-02,58.15999984741211,58.54999923706055,58.09000015258789,58.2400016784668,36.612056732177734,5691800
2011-02-03,58.099998474121094,58.47999954223633,57.93000030517578,58.38999938964844,36.706356048583984,4660700
2011-02-04,58.470001220703125,58.470001220703125,57.65999984741211,57.86000061035156,36.373172760009766,7869000
2011-02-07,57.939998626708984,58.560001373291016,57.880001068115234,58.5099983215332,36.781795501708984,8855600
2011-02-08,58.5099983215332,58.83000183105469,58.439998626708984,58.65999984741211,36.8760871887207,3782600
2011-02-09,58.650001525878906,58.81999969482422,58.470001220703125,58.79999923706055,36.964107513427734,4637000
2011-02-10,58.56999969482422,59.09000015258789,58.52000045776367,58.9900016784668,37.08353042602539,7841500
2011-02-11,58.88999938964844,59.439998626708984,58.72999954223633,59.36000061035156,37.316139221191406,5034600
2011-02-14,59.470001220703125,59.56999969482422,58.97999954223633,59.349998474121094,37.30984878540039,4617700
2011-02-15,59.09000015258789,59.36000061035156,58.83000183105469,59.150001525878906,37.18412780761719,4658100
2011-02-16,59.36000061035156,59.75,59.08000183105469,59.31999969482422,37.29098892211914,4536500
2011-02-17,59.27000045776367,59.61000061035156,59.2599983215332,59.400001525878906,37.34128189086914,3049000
2011-02-18,59.529998779296875,59.779998779296875,59.38999938964844,59.630001068115234,37.48586654663086,5717600
2011-02-22,59.15999984741211,59.7400016784668,58.959999084472656,59.09000015258789,37.14641571044922,11044000
2011-02-23,59.02000045776367,59.310001373291016,58.2400016784668,58.619998931884766,36.85093688964844,10140100
2011-02-24,58.540000915527344,58.7599983215332,57.779998779296875,58.29999923706055,36.649776458740234,6473500
2011-02-25,58.599998474121094,59.369998931884766,58.470001220703125,59.34000015258789,37.30355453491211,5754400
2011-02-28,59.86000061035156,60.630001068115234,59.689998626708984,60.58000183105469,38.083072662353516,7632300
2011-03-01,60.790000915527344,60.790000915527344,58.939998626708984,58.95000076293945,37.05840301513672,10545700
2011-03-02,58.849998474121094,59.09000015258789,58.279998779296875,58.47999954223633,36.76293182373047,11167400
2011-03-03,59.08000183105469,59.349998474121094,58.880001068115234,59.31999969482422,37.29098892211914,4923100
2011-03-04,59.349998474121094,59.400001525878906,58.470001220703125,58.810001373291016,36.97039031982422,5794200
2011-03-07,58.7599983215332,59.15999984741211,58.029998779296875,58.43000030517578,36.73149871826172,8418300
2011-03-08,58.43000030517578,59.43000030517578,58.380001068115234,59.15999984741211,37.19042205810547,8610100
2011-03-09,59.060001373291016,59.470001220703125,58.70000076293945,59.189998626708984,37.20926284790039,5716000
2011-03-10,58.70000076293945,58.75,58.0099983215332,58.27000045776367,36.630924224853516,9453000
2011-03-11,58.0099983215332,59.06999969482422,58.0099983215332,58.93000030517578,37.045814514160156,7274400
2011-03-14,58.54999923706055,58.75,58.2400016784668,58.529998779296875,36.79436492919922,6182800
2011-03-15,57.349998474121094,58.5099983215332,57.09000015258789,58.060001373291016,36.498905181884766,9021200
2011-03-16,58.060001373291016,58.209999084472656,56.95000076293945,57.29999923706055,36.02112579345703,10512300
2011-03-17,57.95000076293945,58.16999816894531,57.2400016784668,57.779998779296875,36.3228874206543,7135300
2011-03-18,58.20000076293945,58.54999923706055,58.060001373291016,58.290000915527344,36.64348602294922,7457600
2011-03-21,58.65999984741211,59.18000030517578,58.65999984741211,58.93000030517578,37.045814514160156,7374800
2011-03-22,58.93000030517578,59.0,58.33000183105469,58.400001525878906,36.7126350402832,4561200
2011-03-23,58.290000915527344,58.33000183105469,57.54999923706055,57.959999084472656,36.436038970947266,9350000
2011-03-24,58.25,58.400001525878906,57.619998931884766,58.22999954223633,36.60576629638672,5258300
2011-03-25,57.95000076293945,58.33000183105469,57.720001220703125,58.02000045776367,36.79156494140625,5726100
2011-03-28,58.130001068115234,58.33000183105469,57.88999938964844,58.02000045776367,36.79156494140625,4996500
2011-03-29,57.95000076293945,58.40999984741211,57.5,58.279998779296875,36.95643997192383,6396500
2011-03-30,58.529998779296875,59.029998779296875,58.34000015258789,58.959999084472656,37.387630462646484,6588600
2011-03-31,58.790000915527344,59.41999816894531,58.790000915527344,59.400001525878906,37.66664505004883,5485100
2011-04-01,59.54999923706055,59.900001525878906,59.2599983215332,59.540000915527344,37.75541687011719,7773600
2011-04-04,59.599998474121094,59.77000045776367,59.380001068115234,59.4900016784668,37.72372055053711,3413200
2011-04-05,59.4900016784668,59.790000915527344,59.380001068115234,59.59000015258789,37.787139892578125,4292400
2011-04-06,59.790000915527344,59.79999923706055,59.369998931884766,59.5099983215332,37.73641586303711,4166500
2011-04-07,59.40999984741211,59.59000015258789,58.619998931884766,58.88999938964844,37.34324645996094,5959800
2011-04-08,59.130001068115234,59.33000183105469,58.2599983215332,58.45000076293945,37.064231872558594,6171500
2011-04-11,58.52000045776367,58.880001068115234,58.220001220703125,58.38999938964844,37.02619552612305,5972100
2011-04-12,58.22999954223633,58.560001373291016,58.13999938964844,58.27000045776367,36.950103759765625,4973900
2011-04-13,58.459999084472656,58.650001525878906,58.060001373291016,58.20000076293945,36.90571594238281,5453600
2011-04-14,57.9900016784668,59.150001525878906,57.939998626708984,58.9900016784668,37.406654357910156,9900800
2011-04-15,59.099998474121094,59.689998626708984,59.04999923706055,59.63999938964844,37.8188362121582,10167200
2011-04-18,59.15999984741211,59.18000030517578,58.709999084472656,59.04999923706055,37.444705963134766,6723200
2011-04-19,59.13999938964844,59.54999923706055,59.04999923706055,59.5099983215332,37.73641586303711,5154500
2011-04-20,60.060001373291016,60.25,59.59000015258789,60.20000076293945,38.17394256591797,6934100
2011-04-21,60.400001525878906,60.650001525878906,59.91999816894531,60.630001068115234,38.44661331176758,6289600
2011-04-25,60.720001220703125,61.09000015258789,60.400001525878906,60.93000030517578,38.63684844970703,3678600
2011-04-26,61.0,61.68000030517578,60.83000183105469,61.5,38.9983024597168,7500000
2011-04-27,61.5,61.86000061035156,61.27000045776367,61.779998779296875,39.17585372924805,5758400
2011-04-28,61.88999938964844,62.66999816894531,61.7599983215332,62.470001220703125,39.61338424682617,6937100
2011-04-29,62.59000015258789,62.59000015258789,61.459999084472656,62.16999816894531,39.42314910888672,8025200
2011-05-02,62.369998931884766,62.61000061035156,61.709999084472656,62.15999984741211,39.41682434082031,6406100
2011-05-03,62.130001068115234,62.41999816894531,61.040000915527344,61.7400016784668,39.15048599243164,8359000
2011-05-04,61.720001220703125,61.77000045776367,61.099998474121094,61.400001525878906,38.93489456176758,7183600
2011-05-05,60.970001220703125,61.790000915527344,60.88999938964844,61.310001373291016,38.8778190612793,7161900
2011-05-06,61.7599983215332,61.900001525878906,60.72999954223633,60.97999954223633,38.6685676574707,9640400
2011-05-09,60.88999938964844,61.34000015258789,60.66999816894531,61.220001220703125,38.82073974609375,4173200
2011-05-10,61.470001220703125,62.20000076293945,61.400001525878906,62.06999969482422,39.359737396240234,9880500
2011-05-11,62.029998779296875,62.040000915527344,61.22999954223633,61.380001068115234,38.92221450805664,6799300
2011-05-12,61.13999938964844,61.540000915527344,60.7400016784668,61.369998931884766,38.915863037109375,5726500
2011-05-13,61.40999984741211,61.529998779296875,60.68000030517578,60.810001373291016,38.560752868652344,4520400
2011-05-16,60.56999969482422,61.31999969482422,60.5,60.95000076293945,38.64952850341797,4892000
2011-05-17,60.77000045776367,61.04999923706055,60.4900016784668,60.86000061035156,38.59246826171875,7169300
2011-05-18,60.93000030517578,61.54999923706055,60.61000061035156,61.540000915527344,39.0236701965332,5997000
2011-05-19,61.619998931884766,61.97999954223633,61.25,61.65999984741211,39.09975814819336,5112300
2011-05-20,61.45000076293945,61.65999984741211,60.97999954223633,61.029998779296875,38.70028305053711,5737100
2011-05-23,60.38999938964844,60.689998626708984,60.290000915527344,60.38999938964844,38.294429779052734,10880900
2011-05-24,60.47999954223633,60.779998779296875,60.349998474121094,60.56999969482422,38.408565521240234,5952100
2011-05-25,60.45000076293945,61.130001068115234,60.06999969482422,60.81999969482422,38.567100524902344,7244500
2011-05-26,60.79999923706055,61.7400016784668,60.54999923706055,61.61000061035156,39.06806182861328,5439200
2011-05-27,61.720001220703125,61.880001068115234,61.40999984741211,61.720001220703125,39.1378173828125,4434300
2011-05-31,62.189998626708984,62.79999923706055,62.029998779296875,62.79999923706055,39.822654724121094,8053800
2011-06-01,62.65999984741211,62.65999984741211,60.939998626708984,61.029998779296875,38.70028305053711,11081400
2011-06-02,61.09000015258789,61.529998779296875,60.61000061035156,60.68000030517578,38.47833251953125,9761900
2011-06-03,60.08000183105469,61.18000030517578,60.0,60.900001525878906,38.617835998535156,8633900
2011-06-06,60.7400016784668,61.02000045776367,60.0099983215332,60.029998779296875,38.0661506652832,9572100
2011-06-07,60.40999984741211,61.25,60.25,60.75,38.522708892822266,10586800
2011-06-08,60.459999084472656,61.040000915527344,60.36000061035156,60.459999084472656,38.33882141113281,10070500
2011-06-09,60.599998474121094,60.709999084472656,59.630001068115234,59.900001525878906,37.98372268676758,14752700
2011-06-10,59.65999984741211,59.77000045776367,58.369998931884766,58.47999954223633,37.0832633972168,19779400
2011-06-13,58.58000183105469,59.09000015258789,58.2599983215332,58.59000015258789,37.153011322021484,11480900
2011-06-14,59.16999816894531,59.650001525878906,59.02000045776367,59.5099983215332,37.73641586303711,9474700
2011-06-15,59.099998474121094,59.310001373291016,58.11000061035156,58.529998779296875,37.114967346191406,13796400
2011-06-16,58.58000183105469,59.20000076293945,58.11000061035156,58.939998626708984,37.37495422363281,16150300
2011-06-17,59.529998779296875,59.619998931884766,58.93000030517578,59.439998626708984,37.6920166015625,10435600
2011-06-20,59.290000915527344,60.22999954223633,59.220001220703125,60.06999969482422,38.09150314331055,9671800
2011-06-21,60.40999984741211,60.689998626708984,60.06999969482422,60.599998474121094,38.427581787109375,10822700
2011-06-22,60.45000076293945,61.02000045776367,60.380001068115234,60.470001220703125,38.345157623291016,7047900
2011-06-23,59.630001068115234,59.689998626708984,58.77000045776367,59.36000061035156,37.64128875732422,16433100
2011-06-24,59.02000045776367,59.27000045776367,58.43000030517578,58.7599983215332,37.60032653808594,6841000
2011-06-27,58.79999923706055,59.25,58.709999084472656,59.06999969482422,37.7987060546875,6923700
2011-06-28,59.16999816894531,59.56999969482422,58.869998931884766,59.560001373291016,38.11225509643555,9195700
2011-06-29,59.75,60.31999969482422,59.54999923706055,60.220001220703125,38.534576416015625,9353500
2011-06-30,60.34000015258789,60.63999938964844,60.09000015258789,60.29999923706055,38.58577346801758,7668800
2011-07-01,60.369998931884766,61.5099983215332,60.36000061035156,61.380001068115234,39.27686309814453,8979800
2011-07-05,61.4900016784668,61.900001525878906,61.060001373291016,61.7599983215332,39.52001953125,7364000
2011-07-06,61.529998779296875,62.209999084472656,61.459999084472656,62.13999938964844,39.76318359375,6769600
2011-07-07,62.52000045776367,63.0,62.470001220703125,62.91999816894531,40.26231384277344,8554700
2011-07-08,62.29999923706055,62.7400016784668,62.0,62.70000076293945,40.121517181396484,6190600
2011-07-11,61.900001525878906,62.16999816894531,61.470001220703125,61.52000045776367,39.36644744873047,9516800
2011-07-12,61.38999938964844,62.52000045776367,61.2599983215332,61.72999954223633,39.50083923339844,13880700
2011-07-13,61.9900016784668,62.02000045776367,61.16999816894531,61.209999084472656,39.1680793762207,11903500
2011-07-14,61.400001525878906,61.40999984741211,60.349998474121094,60.529998779296875,38.73294448852539,10699900
2011-07-15,60.709999084472656,61.209999084472656,60.40999984741211,61.189998626708984,39.15528106689453,7770700
2011-07-18,61.130001068115234,61.130001068115234,60.20000076293945,60.63999938964844,38.803340911865234,7655000
2011-07-19,60.9900016784668,61.75,60.88999938964844,61.689998626708984,39.47522735595703,7002100
2011-07-20,61.88999938964844,62.15999984741211,61.560001373291016,62.150001525878906,39.76958465576172,6354000
2011-07-21,62.33000183105469,62.880001068115234,62.33000183105469,62.54999923706055,40.02553939819336,7590700
2011-07-22,62.630001068115234,62.95000076293945,62.380001068115234,62.869998931884766,40.23031234741211,5746900
2011-07-25,62.2400016784668,62.56999969482422,62.0,62.15999984741211,39.77598190307617,5592900
2011-07-26,62.2599983215332,62.400001525878906,61.709999084472656,62.15999984741211,39.77598190307617,5486200
2011-07-27,61.88999938964844,61.91999816894531,60.43000030517578,60.4900016784668,38.70734786987305,11892500
2011-07-28,60.5,60.9900016784668,59.86000061035156,60.400001525878906,38.64977264404297,9457100
2011-07-29,59.900001525878906,60.529998779296875,59.04999923706055,60.43000030517578,38.66896057128906,10842500
2011-08-01,61.099998474121094,61.099998474121094,59.220001220703125,59.630001068115234,38.15705108642578,10917400
2011-08-02,59.189998626708984,59.630001068115234,57.81999969482422,57.880001068115234,37.0372428894043,13317000
2011-08-03,57.86000061035156,57.97999954223633,56.08000183105469,57.52000045776367,36.80686569213867,18340600
2011-08-04,56.869998931884766,57.060001373291016,54.279998779296875,54.7400016784668,35.0279541015625,19706200
2011-08-05,55.400001525878906,55.5,52.7599983215332,53.61000061035156,34.304866790771484,26113300
2011-08-08,51.869998931884766,52.54999923706055,49.04999923706055,49.04999923706055,31.38694190979004,33376700
2011-08-09,49.869998931884766,53.59000015258789,49.349998474121094,53.59000015258789,34.29206466674805,38397600
2011-08-10,52.310001373291016,54.7599983215332,51.90999984741211,52.33000183105469,33.48579406738281,40944700
2011-08-11,52.630001068115234,55.810001373291016,52.33000183105469,54.77000045776367,35.04715347290039,26720500
2011-08-12,55.5,56.0,54.439998626708984,54.689998626708984,34.99594497680664,14799300
2011-08-15,55.119998931884766,56.65999984741211,55.0,56.63999938964844,36.24374008178711,13562900
2011-08-16,55.97999954223633,56.779998779296875,55.529998779296875,56.43000030517578,36.109371185302734,10901200
2011-08-17,56.72999954223633,57.189998626708984,56.04999923706055,56.5,36.15415573120117,10481300
2011-08-18,54.66999816894531,55.13999938964844,53.47999954223633,54.06999969482422,34.59920883178711,23216900
2011-08-19,53.22999954223633,54.4900016784668,52.869998931884766,52.9900016784668,33.90812683105469,16993800
2011-08-22,54.11000061035156,54.25,52.380001068115234,53.09000015258789,33.97211837768555,13008800
2011-08-23,53.2400016784668,54.45000076293945,52.81999969482422,54.400001525878906,34.810386657714844,15574300
2011-08-24,54.369998931884766,55.16999816894531,53.77000045776367,55.0099983215332,35.20071029663086,11725700
2011-08-25,55.34000015258789,55.869998931884766,53.36000061035156,53.849998474121094,34.458431243896484,12918200
2011-08-26,53.529998779296875,54.790000915527344,52.5,54.650001525878906,34.970367431640625,16861300
2011-08-29,55.41999816894531,56.41999816894531,55.27000045776367,56.38999938964844,36.08378219604492,8022200
2011-08-30,56.20000076293945,56.970001220703125,55.45000076293945,56.61000061035156,36.22454833984375,10478200
2011-08-31,57.04999923706055,57.459999084472656,56.470001220703125,57.220001220703125,36.61488723754883,11908400
2011-09-01,57.060001373291016,57.380001068115234,56.029998779296875,56.2599983215332,36.000579833984375,12358900
2011-09-02,54.970001220703125,55.90999984741211,54.790000915527344,54.900001525878906,35.130332946777344,9481000
2011-09-06,53.18000030517578,54.9900016784668,53.150001525878906,54.779998779296875,35.05354309082031,11734100
2011-09-07,55.65999984741211,56.7599983215332,54.81999969482422,56.619998931884766,36.23095703125,10823500
2011-09-08,56.25,57.02000045776367,55.9900016784668,56.209999084472656,35.968597412109375,10736300
2011-09-09,55.650001525878906,56.02000045776367,54.20000076293945,54.630001068115234,34.957557678222656,13274200
2011-09-12,53.75,54.86000061035156,53.619998931884766,54.79999923706055,35.06635284423828,12596300
2011-09-13,55.0,55.15999984741211,54.29999923706055,54.849998474121094,35.09833526611328,11288700
2011-09-14,55.209999084472656,55.7400016784668,54.34000015258789,55.15999984741211,35.296714782714844,12922800
2011-09-15,55.86000061035156,56.290000915527344,55.47999954223633,56.22999954223633,35.98138427734375,10275200
2011-09-16,56.349998474121094,56.75,55.56999969482422,56.689998626708984,36.2757453918457,11013800
2011-09-19,55.59000015258789,56.08000183105469,55.380001068115234,55.56999969482422,35.559059143066406,10208500
2011-09-20,55.56999969482422,56.22999954223633,55.34000015258789,55.40999984741211,35.456668853759766,9032000
2011-09-21,55.38999938964844,55.56999969482422,52.68000030517578,52.7599983215332,33.760948181152344,14467800
2011-09-22,51.209999084472656,52.369998931884766,50.68000030517578,51.43000030517578,32.909889221191406,15332300
2011-09-23,50.869998931884766,51.4900016784668,50.43000030517578,51.290000915527344,33.174434661865234,14364200
2011-09-26,51.61000061035156,52.04999923706055,50.91999816894531,51.939998626708984,33.59484100341797,8212400
2011-09-27,53.02000045776367,53.36000061035156,52.13999938964844,52.4900016784668,33.950599670410156,9619700
2011-09-28,52.4900016784668,52.84000015258789,51.08000183105469,51.18000030517578,33.10329055786133,7815100
2011-09-29,52.18000030517578,52.2400016784668,51.150001525878906,51.939998626708984,33.59484100341797,7147200
2011-09-30,51.099998474121094,51.93000030517578,50.52000045776367,50.56999969482422,32.708736419677734,8890400
2011-10-03,50.18000030517578,50.91999816894531,48.18000030517578,48.189998626708984,31.16934585571289,14392400
2011-10-04,47.599998474121094,50.08000183105469,46.70000076293945,50.0099983215332,32.34653854370117,22400000
2011-10-05,50.150001525878906,50.150001525878906,47.68000030517578,49.630001068115234,32.100730895996094,17783800
2011-10-06,49.54999923706055,51.060001373291016,49.08000183105469,51.0,32.98685836791992,14341600
2011-10-07,51.290000915527344,51.400001525878906,49.45000076293945,49.560001373291016,32.05546951293945,12756200
2011-10-10,50.630001068115234,51.95000076293945,50.43000030517578,51.95000076293945,33.601322174072266,10483300
2011-10-11,51.540000915527344,51.779998779296875,50.77000045776367,50.9900016784668,32.98039245605469,11825600
2011-10-12,51.459999084472656,52.5099983215332,51.0099983215332,51.81999969482422,33.51724624633789,10793700
2011-10-13,51.54999923706055,51.880001068115234,50.4900016784668,51.459999084472656,33.284385681152344,8153400
2011-10-14,52.0099983215332,52.84000015258789,51.849998474121094,52.650001525878906,34.0540771484375,8252800
2011-10-17,52.43000030517578,52.43000030517578,51.2599983215332,51.439998626708984,33.271453857421875,9316500
2011-10-18,51.41999816894531,53.369998931884766,51.27000045776367,53.13999938964844,34.371009826660156,14139700
2011-10-19,53.04999923706055,53.45000076293945,52.31999969482422,52.47999954223633,33.94412612915039,8868300
2011-10-20,52.61000061035156,52.880001068115234,51.61000061035156,52.79999923706055,34.15110778808594,8817000
2011-10-21,53.41999816894531,54.38999938964844,53.310001373291016,54.36000061035156,35.16011047363281,10177900
2011-10-24,54.54999923706055,55.86000061035156,54.2400016784668,55.79999923706055,36.09150314331055,12133900
2011-10-25,55.459999084472656,55.4900016784668,54.709999084472656,54.939998626708984,35.53526306152344,7113500
2011-10-26,55.439998626708984,55.619998931884766,54.540000915527344,55.45000076293945,35.865116119384766,8169400
2011-10-27,57.06999969482422,58.18000030517578,56.34000015258789,57.81999969482422,37.39804458618164,13735800
2011-10-28,57.04999923706055,58.08000183105469,57.04999923706055,58.0,37.51446533203125,9622000
2011-10-31,57.150001525878906,58.08000183105469,56.93000030517578,57.2400016784668,37.02289962768555,9761100
2011-11-01,55.720001220703125,56.70000076293945,55.27000045776367,55.310001373291016,35.77457809448242,19179600
2011-11-02,56.20000076293945,56.880001068115234,55.529998779296875,56.43000030517578,36.498992919921875,8193000
2011-11-03,57.04999923706055,57.31999969482422,55.630001068115234,57.06999969482422,36.91294479370117,10310200
2011-11-04,56.619998931884766,56.790000915527344,55.810001373291016,56.63999938964844,36.63481140136719,8657800
2011-11-07,56.5,57.34000015258789,55.97999954223633,56.779998779296875,36.72536849975586,5380500
2011-11-08,56.9900016784668,57.529998779296875,55.869998931884766,57.459999084472656,37.165199279785156,10558200
2011-11-09,56.16999816894531,56.4900016784668,54.790000915527344,54.880001068115234,35.496456146240234,11109400
2011-11-10,55.599998474121094,55.7400016784668,54.58000183105469,54.93000030517578,35.52878189086914,11025500
2011-11-11,55.689998626708984,56.459999084472656,55.2400016784668,56.349998474121094,36.447235107421875,7448200
2011-11-14,55.88999938964844,56.040000915527344,54.970001220703125,55.220001220703125,35.71636199951172,6435000
2011-11-15,55.0099983215332,56.08000183105469,54.84000015258789,55.70000076293945,36.026832580566406,6904900
2011-11-16,55.08000183105469,56.040000915527344,55.060001373291016,55.16999816894531,35.684024810791016,8387500
2011-11-17,55.060001373291016,55.15999984741211,53.88999938964844,54.18000030517578,35.04369354248047,9973300
2011-11-18,54.439998626708984,54.599998474121094,53.91999816894531,54.56999969482422,35.29594421386719,6609100
2011-11-21,53.56999969482422,53.709999084472656,52.849998474121094,53.130001068115234,34.36453628540039,6026800
2011-11-22,53.08000183105469,53.41999816894531,52.61000061035156,52.97999954223633,34.26752471923828,5615100
2011-11-23,52.41999816894531,52.560001373291016,51.41999816894531,51.41999816894531,33.25851058959961,5859800
2011-11-25,51.22999954223633,52.59000015258789,51.22999954223633,51.599998474121094,33.37493133544922,2807900
2011-11-28,53.279998779296875,53.41999816894531,52.40999984741211,52.86000061035156,34.18990707397461,6585800
2011-11-29,53.09000015258789,53.09000015258789,52.40999984741211,52.709999084472656,34.09288787841797,5156100
2011-11-30,54.06999969482422,55.209999084472656,53.91999816894531,55.13999938964844,35.66461944580078,10623200
2011-12-01,54.9900016784668,55.09000015258789,54.20000076293945,54.58000183105469,35.30241775512695,5156600
2011-12-02,55.02000045776367,55.560001373291016,54.59000015258789,54.66999816894531,35.36061477661133,4369400
2011-12-05,55.45000076293945,55.70000076293945,54.72999954223633,55.18000030517578,35.69048309326172,4134400
2011-12-06,55.04999923706055,55.36000061035156,54.650001525878906,55.13999938964844,35.66461944580078,5008000
2011-12-07,54.75,55.790000915527344,54.529998779296875,55.65999984741211,36.000946044921875,6718000
2011-12-08,55.310001373291016,55.4900016784668,54.22999954223633,54.33000183105469,35.14071273803711,8026800
2011-12-09,54.63999938964844,55.65999984741211,54.52000045776367,55.40999984741211,35.83924102783203,5869400
2011-12-12,54.9900016784668,54.9900016784668,54.060001373291016,54.41999816894531,35.19891357421875,7176900
2011-12-13,54.7400016784668,55.22999954223633,53.63999938964844,53.939998626708984,34.88844680786133,7736900
2011-12-14,53.65999984741211,54.68000030517578,53.5099983215332,54.25,35.08895492553711,8105400
2011-12-15,54.81999969482422,55.20000076293945,54.4900016784668,54.9900016784668,35.567604064941406,5899600
2011-12-16,55.33000183105469,55.95000076293945,55.119998931884766,55.45000076293945,35.865116119384766,7465500
2011-12-19,55.7599983215332,55.77000045776367,54.7599983215332,54.90999984741211,35.5158576965332,5410800
2011-12-20,55.61000061035156,56.66999816894531,55.599998474121094,56.56999969482422,36.58953857421875,7494700
2011-12-21,56.47999954223633,56.83000183105469,56.20000076293945,56.650001525878906,36.64128494262695,4767600
2011-12-22,56.2599983215332,57.09000015258789,56.209999084472656,56.83000183105469,37.142574310302734,6089000
2011-12-23,57.130001068115234,57.150001525878906,56.68000030517578,57.11000061035156,37.325592041015625,2507300
2011-12-27,57.060001373291016,57.65999984741211,56.7400016784668,57.2400016784668,37.410552978515625,3620200
2011-12-28,57.33000183105469,57.41999816894531,56.58000183105469,56.619998931884766,37.00532913208008,3900300
2011-12-29,56.779998779296875,57.220001220703125,56.63999938964844,57.09000015258789,37.31251907348633,2951900
2011-12-30,57.04999923706055,57.470001220703125,56.779998779296875,56.810001373291016,37.129493713378906,4270000
2012-01-03,57.7400016784668,58.310001373291016,56.779998779296875,57.15999984741211,37.358253479003906,9054000
2012-01-04,56.97999954223633,57.040000915527344,56.290000915527344,56.52000045776367,36.93996810913086,12839200
2012-01-05,56.34000015258789,57.040000915527344,56.060001373291016,56.93000030517578,37.20793151855469,6432700
2012-01-06,57.099998474121094,57.25,56.56999969482422,56.83000183105469,37.142574310302734,4222200
2012-01-09,56.93000030517578,57.040000915527344,56.529998779296875,56.66999816894531,37.03801345825195,4740100
2012-01-10,57.2599983215332,57.59000015258789,57.209999084472656,57.29999923706055,37.44975280761719,4974000
2012-01-11,57.150001525878906,57.88999938964844,57.08000183105469,57.810001373291016,37.78307342529297,3815400
2012-01-12,57.790000915527344,57.880001068115234,57.119998931884766,57.43000030517578,37.53470993041992,5969400
2012-01-13,57.15999984741211,57.70000076293945,56.95000076293945,57.689998626708984,37.70465087890625,5269500
2012-01-17,58.220001220703125,58.41999816894531,57.83000183105469,57.9900016784668,37.90071487426758,3982100
2012-01-18,58.04999923706055,58.560001373291016,57.900001525878906,58.36000061035156,38.142547607421875,4770600
2012-01-19,58.52000045776367,58.90999984741211,58.36000061035156,58.72999954223633,38.384368896484375,4669000
2012-01-20,58.66999816894531,59.04999923706055,58.43000030517578,59.0099983215332,38.56736755371094,4834900
2012-01-23,59.119998931884766,59.45000076293945,58.849998474121094,59.189998626708984,38.68500518798828,4906000
2012-01-24,58.849998474121094,59.58000183105469,58.790000915527344,59.52000045776367,38.90068435668945,3989900
2012-01-25,59.45000076293945,60.369998931884766,59.27000045776367,60.279998779296875,39.39739990234375,6738800
2012-01-26,60.54999923706055,61.02000045776367,60.439998626708984,60.630001068115234,39.62615203857422,10459000
2012-01-27,60.459999084472656,60.91999816894531,60.2400016784668,60.779998779296875,39.724205017089844,4896000
2012-01-30,60.2599983215332,60.369998931884766,59.970001220703125,60.25,39.37779235839844,4588300
2012-01-31,60.540000915527344,60.630001068115234,60.119998931884766,60.560001373291016,39.58039474487305,4973500
2012-02-01,61.0099983215332,61.119998931884766,60.72999954223633,61.0099983215332,39.87451171875,4513700
2012-02-02,61.06999969482422,61.189998626708984,60.849998474121094,61.13999938964844,39.9594841003418,3502700
2012-02-03,61.79999923706055,62.040000915527344,61.45000076293945,62.02000045776367,40.534629821777344,7577900
2012-02-06,61.880001068115234,62.0,61.5,61.720001220703125,40.33854675292969,3969300
2012-02-07,61.619998931884766,61.81999969482422,61.43000030517578,61.66999816894531,40.30587387084961,3224800
2012-02-08,61.66999816894531,61.84000015258789,61.20000076293945,61.709999084472656,40.33201599121094,4331100
2012-02-09,61.630001068115234,61.81999969482422,60.90999984741211,61.2599983215332,40.037906646728516,4309900
2012-02-10,60.650001525878906,61.09000015258789,60.56999969482422,60.75,39.704586029052734,3688700
2012-02-13,61.279998779296875,61.529998779296875,61.02000045776367,61.439998626708984,40.155540466308594,4356200
2012-02-14,61.38999938964844,61.40999984741211,60.470001220703125,60.83000183105469,39.75686264038086,4864400
2012-02-15,60.97999954223633,61.029998779296875,60.310001373291016,60.529998779296875,39.56080627441406,5679400
2012-02-16,60.459999084472656,61.15999984741211,60.459999084472656,61.029998779296875,39.8875846862793,5054600
2012-02-17,61.22999954223633,61.33000183105469,60.7400016784668,61.130001068115234,39.95293426513672,6292400
2012-02-21,61.2400016784668,61.2400016784668,60.150001525878906,60.369998931884766,39.45623016357422,6632600
2012-02-22,60.20000076293945,60.52000045776367,59.810001373291016,59.880001068115234,39.13597106933594,7764200
2012-02-23,59.939998626708984,61.099998474121094,59.83000183105469,60.58000183105469,39.593482971191406,5679800
2012-02-24,60.75,60.900001525878906,60.349998474121094,60.75,39.704586029052734,3372900
2012-02-27,60.310001373291016,60.779998779296875,59.900001525878906,60.68000030517578,39.658836364746094,6416000
2012-02-28,60.70000076293945,60.810001373291016,60.08000183105469,60.220001220703125,39.35818862915039,4905500
2012-02-29,60.310001373291016,60.68000030517578,59.97999954223633,60.13999938964844,39.30590057373047,7484900
2012-03-01,60.310001373291016,60.54999923706055,60.119998931884766,60.459999084472656,39.515045166015625,6113100
2012-03-02,60.22999954223633,60.70000076293945,60.22999954223633,60.439998626708984,39.50197219848633,4189600
2012-03-05,60.36000061035156,60.959999084472656,60.18000030517578,60.93000030517578,39.822227478027344,4755100
2012-03-06,60.34000015258789,60.689998626708984,60.0099983215332,60.11000061035156,39.286293029785156,6241600
2012-03-07,60.290000915527344,60.439998626708984,59.77000045776367,60.369998931884766,39.45623016357422,4925400
2012-03-08,60.4900016784668,60.619998931884766,60.040000915527344,60.22999954223633,39.36473083496094,6407200
2012-03-09,60.20000076293945,60.689998626708984,60.099998474121094,60.5099983215332,39.5477294921875,5175500
2012-03-12,60.54999923706055,61.04999923706055,60.54999923706055,60.93000030517578,39.822227478027344,8116200
2012-03-13,61.290000915527344,62.150001525878906,61.150001525878906,62.02000045776367,40.534629821777344,9652900
2012-03-14,62.09000015258789,62.34000015258789,61.540000915527344,61.869998931884766,40.436580657958984,8735500
2012-03-15,61.9900016784668,62.040000915527344,61.619998931884766,61.83000183105469,40.41044616699219,5472900
2012-03-16,61.9900016784668,62.220001220703125,61.84000015258789,62.20000076293945,40.65226745605469,7662000
2012-03-19,62.13999938964844,62.810001373291016,61.959999084472656,62.56999969482422,40.89408874511719,7038400
2012-03-20,62.25,62.61000061035156,62.15999984741211,62.41999816894531,40.79606246948242,7067600
2012-03-21,62.529998779296875,62.61000061035156,62.279998779296875,62.279998779296875,40.70455551147461,3499100
2012-03-22,61.90999984741211,61.91999816894531,61.130001068115234,61.540000915527344,40.220909118652344,7378200
2012-03-23,61.41999816894531,62.060001373291016,61.22999954223633,61.790000915527344,40.38429641723633,4911300
2012-03-26,61.75,62.02000045776367,61.5099983215332,61.88999938964844,40.80162048339844,4056200
2012-03-27,61.849998474121094,62.25,61.7599983215332,61.86000061035156,40.781829833984375,4415300
2012-03-28,61.849998474121094,61.88999938964844,61.189998626708984,61.720001220703125,40.68952560424805,3666300
2012-03-29,61.43000030517578,61.84000015258789,61.04999923706055,61.779998779296875,40.729095458984375,4231900
2012-03-30,62.0,62.40999984741211,61.95000076293945,62.29999923706055,41.071903228759766,5252900
2012-04-02,62.25,62.77000045776367,62.130001068115234,62.70000076293945,41.33561325073242,5360000
2012-04-03,62.599998474121094,62.75,62.16999816894531,62.40999984741211,41.14441680908203,4991500
2012-04-04,62.0,62.029998779296875,61.52000045776367,61.779998779296875,40.729095458984375,5838800
2012-04-05,61.61000061035156,61.81999969482422,61.33000183105469,61.5099983215332,40.55109786987305,5302600
2012-04-09,60.70000076293945,61.16999816894531,60.54999923706055,60.91999816894531,40.162139892578125,3511800
2012-04-10,60.83000183105469,61.09000015258789,59.63999938964844,59.7400016784668,39.38420867919922,9535200
2012-04-11,60.25,60.5,60.0,60.45000076293945,39.8522834777832,5351500
2012-04-12,60.59000015258789,61.34000015258789,60.34000015258789,61.310001373291016,40.41923522949219,6803200
2012-04-13,61.209999084472656,61.36000061035156,60.83000183105469,60.9900016784668,40.208290100097656,5199100
2012-04-16,61.33000183105469,62.060001373291016,61.16999816894531,61.70000076293945,40.67635726928711,7840500
2012-04-17,62.13999938964844,62.4900016784668,61.59000015258789,62.22999954223633,41.02576446533203,7614800
2012-04-18,62.0,62.22999954223633,61.86000061035156,61.900001525878906,40.80821228027344,3587900
2012-04-19,61.939998626708984,62.22999954223633,61.56999969482422,61.869998931884766,40.78842544555664,5951100
2012-04-20,62.18000030517578,62.790000915527344,62.02000045776367,62.52000045776367,41.216941833496094,6339100
2012-04-23,62.06999969482422,62.09000015258789,61.4900016784668,61.939998626708984,40.834571838378906,5196400
2012-04-24,61.869998931884766,62.7599983215332,61.869998931884766,62.72999954223633,41.35538101196289,6723600
2012-04-25,63.08000183105469,63.470001220703125,63.029998779296875,63.41999816894531,41.81027603149414,6836800
2012-04-26,63.2400016784668,63.7599983215332,63.150001525878906,63.689998626708984,41.988277435302734,5822400
2012-04-27,63.90999984741211,64.12000274658203,63.470001220703125,64.0,42.192657470703125,5728200
2012-04-30,63.88999938964844,64.05999755859375,63.470001220703125,63.90999984741211,42.13331604003906,5658600
2012-05-01,63.849998474121094,64.87000274658203,63.810001373291016,64.47000122070312,42.50249099731445,7777000
2012-05-02,64.1500015258789,64.5199966430664,63.83000183105469,64.37000274658203,42.43656921386719,5012900
2012-05-03,64.52999877929688,64.77999877929688,64.1500015258789,64.1500015258789,42.29154586791992,5842200
2012-05-04,64.0,64.0199966430664,63.47999954223633,63.65999984741211,41.96849822998047,4720700
2012-05-07,63.52000045776367,64.19999694824219,63.380001068115234,64.0199966430664,42.20582962036133,5858900
2012-05-08,63.65999984741211,64.0199966430664,63.34000015258789,63.959999084472656,42.16627883911133,4987900
2012-05-09,63.38999938964844,64.18000030517578,63.2400016784668,63.810001373291016,42.067378997802734,7069200
2012-05-10,64.22000122070312,64.2300033569336,63.459999084472656,63.75,42.027835845947266,8529100
2012-05-11,63.47999954223633,64.20999908447266,63.33000183105469,64.0199966430664,42.20582962036133,5601700
2012-05-14,63.40999984741211,63.7599983215332,63.16999816894531,63.2400016784668,41.69161605834961,7658300
2012-05-15,63.29999923706055,63.29999923706055,62.7400016784668,62.93000030517578,41.48724365234375,6046400
2012-05-16,63.16999816894531,63.20000076293945,62.150001525878906,62.15999984741211,40.97960662841797,6404100
2012-05-17,62.099998474121094,62.2400016784668,60.439998626708984,60.439998626708984,39.84567642211914,14643400
2012-05-18,60.63999938964844,60.91999816894531,59.650001525878906,59.81999969482422,39.43693161010742,11240700
2012-05-21,59.869998931884766,61.20000076293945,59.86000061035156,61.04999923706055,40.247833251953125,9739600
2012-05-22,61.150001525878906,61.58000183105469,60.93000030517578,61.18000030517578,40.333534240722656,6858000
2012-05-23,60.93000030517578,61.5,60.279998779296875,61.439998626708984,40.504940032958984,6889400
2012-05-24,61.58000183105469,61.959999084472656,60.97999954223633,61.630001068115234,40.63020324707031,5218200
2012-05-25,61.66999816894531,61.86000061035156,61.22999954223633,61.45000076293945,40.51153564453125,4495800
2012-05-29,61.91999816894531,62.29999923706055,61.630001068115234,62.290000915527344,41.06532669067383,5856900
2012-05-30,61.779998779296875,61.869998931884766,60.83000183105469,60.84000015258789,40.109378814697266,11691800
2012-05-31,60.90999984741211,61.68000030517578,60.310001373291016,61.220001220703125,40.35990524291992,7653300
2012-06-01,60.2599983215332,60.52000045776367,59.59000015258789,59.66999816894531,39.33804702758789,9818600
2012-06-04,59.689998626708984,59.84000015258789,58.880001068115234,59.25,39.06114959716797,8006900
2012-06-05,59.04999923706055,60.560001373291016,59.040000915527344,60.41999816894531,39.832489013671875,9489500
2012-06-06,60.790000915527344,61.72999954223633,60.65999984741211,61.709999084472656,40.682945251464844,9097400
2012-06-07,62.349998474121094,62.459999084472656,61.2599983215332,61.40999984741211,40.48516082763672,8512900
2012-06-08,61.34000015258789,62.18000030517578,61.209999084472656,62.18000030517578,40.9927978515625,6424900
2012-06-11,62.709999084472656,62.79999923706055,60.880001068115234,60.959999084472656,40.18850326538086,10317900
2012-06-12,61.16999816894531,61.650001525878906,60.689998626708984,61.529998779296875,40.56427001953125,9346100
2012-06-13,61.33000183105469,61.970001220703125,60.9900016784668,61.2400016784668,40.37309646606445,6322900
2012-06-14,61.400001525878906,62.31999969482422,61.22999954223633,62.06999969482422,40.92027282714844,8259900
2012-06-15,62.349998474121094,62.540000915527344,61.959999084472656,62.459999084472656,41.17738342285156,6536800
2012-06-18,62.099998474121094,63.220001220703125,62.099998474121094,62.95000076293945,41.500431060791016,7202500
2012-06-19,62.72999954223633,63.06999969482422,62.2400016784668,62.689998626708984,41.69396209716797,7039700
2012-06-20,62.75,62.88999938964844,62.2599983215332,62.61000061035156,41.6407470703125,8410800
2012-06-21,62.689998626708984,62.810001373291016,61.54999923706055,61.630001068115234,40.98896408081055,8898000
2012-06-22,61.93000030517578,62.04999923706055,61.290000915527344,61.68000030517578,41.02223587036133,6191400
2012-06-25,61.0,61.4900016784668,60.91999816894531,61.34000015258789,40.796112060546875,7217500
2012-06-26,61.52000045776367,61.86000061035156,61.150001525878906,61.61000061035156,40.975685119628906,6527600
2012-06-27,61.75,62.04999923706055,61.5,62.0,41.23506546020508,7841300
2012-06-28,61.70000076293945,62.59000015258789,61.38999938964844,62.52000045776367,41.580909729003906,7067700
2012-06-29,63.52000045776367,64.02999877929688,63.349998474121094,63.939998626708984,42.52532196044922,10343000
2012-07-02,64.27999877929688,64.66000366210938,63.900001525878906,64.62000274658203,42.977569580078125,6104100
2012-07-03,64.83999633789062,65.19000244140625,64.58999633789062,64.9800033569336,43.21699905395508,4649400
2012-07-05,64.91999816894531,65.08999633789062,64.5,64.68000030517578,43.01747512817383,4715600
2012-07-06,64.22000122070312,64.87999725341797,64.05000305175781,64.7699966430664,43.077335357666016,3931500
2012-07-09,64.81999969482422,64.94999694824219,64.5,64.9000015258789,43.163795471191406,5400600
2012-07-10,65.0999984741211,65.18000030517578,63.79999923706055,64.12999725341797,42.65168762207031,10502100
2012-07-11,64.12999725341797,64.4000015258789,63.779998779296875,64.2300033569336,42.71818542480469,8812100
2012-07-12,63.790000915527344,64.77999877929688,63.66999816894531,64.51000213623047,42.904415130615234,11274800
2012-07-13,64.58999633789062,65.31999969482422,64.55000305175781,65.20999908447266,43.369972229003906,5033100
2012-07-16,65.11000061035156,65.56999969482422,65.0999984741211,65.45999908447266,43.53623962402344,5701500
2012-07-17,65.62999725341797,66.20999908447266,65.18000030517578,66.01000213623047,43.90203857421875,7504000
2012-07-18,65.79000091552734,65.9000015258789,65.2699966430664,65.5,43.56283950805664,6567000
2012-07-19,65.66999816894531,65.68000030517578,64.51000213623047,64.94999694824219,43.197059631347656,7554200
2012-07-20,64.56999969482422,64.88999938964844,64.38999938964844,64.7300033569336,43.05073547363281,6163700
2012-07-23,63.9900016784668,64.4800033569336,63.849998474121094,64.33999633789062,42.791351318359375,5483500
2012-07-24,64.41999816894531,64.55000305175781,63.689998626708984,64.08000183105469,42.61842346191406,6932100
2012-07-25,64.33999633789062,64.44000244140625,63.72999954223633,64.06999969482422,42.61178207397461,3505700
2012-07-26,64.70999908447266,65.12999725341797,64.27999877929688,64.58999633789062,42.95762252807617,5363200
2012-07-27,64.80000305175781,65.73999786376953,64.80000305175781,65.31999969482422,43.44312286376953,5330500
2012-07-30,65.30000305175781,65.76000213623047,65.2300033569336,65.5,43.56283950805664,4587500
2012-07-31,65.54000091552734,65.6500015258789,65.22000122070312,65.43000030517578,43.516292572021484,6167500
2012-08-01,65.72000122070312,66.0999984741211,65.20999908447266,65.23999786376953,43.38991928100586,5236200
2012-08-02,64.94999694824219,65.31999969482422,64.70999908447266,65.30999755859375,43.43647384643555,5980800
2012-08-03,65.86000061035156,66.08999633789062,65.68000030517578,65.79000091552734,43.75572204589844,5105400
2012-08-06,65.95999908447266,66.12999725341797,65.56999969482422,65.5999984741211,43.62934875488281,4039300
2012-08-07,65.73999786376953,65.75,64.83000183105469,64.91999816894531,43.177093505859375,5956000
2012-08-08,64.66999816894531,64.7699966430664,64.29000091552734,64.52999877929688,42.9177131652832,5617900
2012-08-09,64.47000122070312,64.75,64.26000213623047,64.33999633789062,42.791351318359375,4924800
2012-08-10,64.33999633789062,64.5199966430664,64.19999694824219,64.4800033569336,42.884456634521484,2794500
2012-08-13,64.45999908447266,64.61000061035156,64.16999816894531,64.45999908447266,42.87115478515625,3482100
2012-08-14,64.69000244140625,64.73999786376953,64.33000183105469,64.43000030517578,42.85121536254883,3634100
2012-08-15,64.41000366210938,64.80999755859375,64.3499984741211,64.61000061035156,42.97092819213867,2981300
2012-08-16,64.68000030517578,65.0999984741211,64.37999725341797,65.08000183105469,43.283512115478516,7335500
2012-08-17,65.08000183105469,65.19000244140625,64.87000274658203,65.05000305175781,43.26355743408203,6843700
2012-08-20,65.08999633789062,65.18000030517578,64.58999633789062,65.0,43.23030471801758,5358700
2012-08-21,65.12000274658203,65.27999877929688,64.88999938964844,65.0,43.23030471801758,3672300
2012-08-22,64.87999725341797,65.0,64.33000183105469,64.94000244140625,43.19041442871094,4938100
2012-08-23,64.9000015258789,65.02999877929688,64.58999633789062,64.7699966430664,43.077335357666016,4522700
2012-08-24,64.6500015258789,65.1500015258789,64.52999877929688,65.0199966430664,43.24359893798828,4141300
2012-08-27,65.19000244140625,65.30999755859375,64.87000274658203,65.16000366210938,43.33671188354492,2892800
2012-08-28,65.1500015258789,65.45999908447266,64.87999725341797,65.41999816894531,43.5096435546875,4204600
2012-08-29,65.48999786376953,65.58000183105469,65.26000213623047,65.44000244140625,43.52293395996094,3326800
2012-08-30,65.19000244140625,65.41000366210938,65.05999755859375,65.37000274658203,43.476383209228516,4427700
2012-08-31,65.58999633789062,65.6500015258789,65.0,65.62999725341797,43.6493034362793,4483800
2012-09-04,65.51000213623047,66.0199966430664,65.08000183105469,65.95999908447266,43.8687858581543,10329200
2012-09-05,65.98999786376953,66.05000305175781,65.56999969482422,65.91999816894531,43.84218215942383,7340300
2012-09-06,66.2300033569336,66.44999694824219,66.13999938964844,66.44000244140625,44.188018798828125,6484900
2012-09-07,66.5199966430664,66.68000030517578,66.33000183105469,66.55999755859375,44.26782989501953,5809300
2012-09-10,66.5,66.5,66.01000213623047,66.12999725341797,43.98183822631836,5922100
2012-09-11,66.12000274658203,66.41999816894531,66.0,66.38999938964844,44.15476989746094,5950900
2012-09-12,66.5,66.63999938964844,66.23999786376953,66.63999938964844,44.32103729248047,6643000
2012-09-13,66.69000244140625,67.55000305175781,66.54000091552734,67.44999694824219,44.85976028442383,9459100
2012-09-14,67.55000305175781,68.26000213623047,67.55000305175781,67.80000305175781,45.09253692626953,8619400
2012-09-17,67.79000091552734,68.02999877929688,67.38999938964844,67.4800033569336,44.87971496582031,4141900
2012-09-18,67.30000305175781,67.36000061035156,66.70999908447266,66.9000015258789,44.493961334228516,8756800
2012-09-19,66.91999816894531,67.0199966430664,66.56999969482422,66.58999633789062,44.28778076171875,6769100
2012-09-20,66.25,66.26000213623047,65.55999755859375,65.80999755859375,43.76901626586914,14539200
2012-09-21,66.0199966430664,66.02999877929688,65.75,65.79000091552734,43.75572204589844,11144100
2012-09-24,65.47000122070312,66.04000091552734,65.44999694824219,65.72000122070312,43.70915603637695,10626600
2012-09-25,65.36000061035156,65.38999938964844,64.20999908447266,64.23999786376953,43.067569732666016,8619000
2012-09-26,64.12999725341797,64.54000091552734,64.05000305175781,64.18000030517578,43.02735137939453,10239100
2012-09-27,64.33999633789062,64.81999969482422,64.22000122070312,64.52999877929688,43.262001037597656,6640100
2012-09-28,64.27999877929688,64.62999725341797,63.9900016784668,64.37999725341797,43.16143798828125,9810800
2012-10-01,64.5,64.61000061035156,63.400001525878906,63.91999816894531,42.85302734375,9355000
2012-10-02,64.04000091552734,64.45999908447266,63.939998626708984,64.45999908447266,43.215065002441406,9009600
2012-10-03,64.45999908447266,65.08999633789062,64.37000274658203,64.6500015258789,43.34243392944336,8690000
2012-10-04,64.83999633789062,65.0,64.26000213623047,64.41000366210938,43.18154525756836,8887000
2012-10-05,64.68000030517578,64.94000244140625,64.4000015258789,64.69000244140625,43.369266510009766,7700000
2012-10-08,64.36000061035156,64.4800033569336,64.19999694824219,64.41999816894531,43.18824005126953,4928500
2012-10-09,64.45999908447266,64.72000122070312,64.06999969482422,64.13999938964844,43.00053405761719,6859200
2012-10-10,64.11000061035156,64.38999938964844,63.95000076293945,64.22000122070312,43.054161071777344,7026600
2012-10-11,64.37999725341797,64.58999633789062,64.16999816894531,64.2300033569336,43.06087875366211,8131800
2012-10-12,64.19999694824219,64.5,63.849998474121094,63.95000076293945,42.87315368652344,5995300
2012-10-15,63.959999084472656,64.4000015258789,63.47999954223633,64.37999725341797,43.16143798828125,5998000
2012-10-16,64.56999969482422,64.77999877929688,64.51000213623047,64.68000030517578,43.362552642822266,6872500
2012-10-17,64.45999908447266,64.8499984741211,64.2699966430664,64.77999877929688,43.429588317871094,9204700
2012-10-18,64.69000244140625,65.41999816894531,64.66000366210938,65.38999938964844,43.83855438232422,8149100
2012-10-19,65.41999816894531,65.55999755859375,64.72000122070312,64.77999877929688,43.429588317871094,8886800
2012-10-22,64.72000122070312,64.77999877929688,64.1500015258789,64.55000305175781,43.27540588378906,6018800
2012-10-23,64.04000091552734,64.18000030517578,63.45000076293945,63.900001525878906,42.83963394165039,6985600
2012-10-24,64.05000305175781,64.26000213623047,63.689998626708984,63.939998626708984,42.86644744873047,4587900
2012-10-25,64.19999694824219,64.44000244140625,63.08000183105469,63.65999984741211,42.678749084472656,7451700
2012-10-26,63.630001068115234,63.68000030517578,62.86000061035156,63.290000915527344,42.43067932128906,9137000
2012-10-31,63.54999923706055,64.02999877929688,63.31999969482422,64.0,42.906681060791016,9157200
2012-11-01,64.0199966430664,64.37000274658203,63.75,64.06999969482422,42.9536018371582,12937500
2012-11-02,64.43000030517578,64.91000366210938,64.41000366210938,64.5,43.24188232421875,8886300
2012-11-05,64.47000122070312,64.51000213623047,63.619998931884766,64.0199966430664,42.920082092285156,10212600
2012-11-06,64.2699966430664,64.29000091552734,63.77000045776367,64.16000366210938,43.013946533203125,5427400
2012-11-07,63.709999084472656,64.13999938964844,63.470001220703125,63.84000015258789,42.79939651489258,10656200
2012-11-08,63.810001373291016,63.880001068115234,63.13999938964844,63.189998626708984,42.363643646240234,9477400
2012-11-09,62.91999816894531,63.45000076293945,62.689998626708984,62.97999954223633,42.22284698486328,9952000
2012-11-12,63.150001525878906,63.189998626708984,62.709999084472656,62.880001068115234,42.15580368041992,5451600
2012-11-13,62.54999923706055,63.04999923706055,62.470001220703125,62.68000030517578,42.021732330322266,6953000
2012-11-14,62.880001068115234,62.880001068115234,61.22999954223633,61.459999084472656,41.20381546020508,15786400
2012-11-15,61.400001525878906,61.81999969482422,60.84000015258789,61.189998626708984,41.022789001464844,15085700
2012-11-16,61.34000015258789,61.95000076293945,61.040000915527344,61.88999938964844,41.49209213256836,13806600
2012-11-19,62.5099983215332,62.7599983215332,62.189998626708984,62.470001220703125,41.880924224853516,12087200
2012-11-20,62.560001373291016,62.86000061035156,62.16999816894531,62.86000061035156,42.14239501953125,12749700
2012-11-21,62.779998779296875,63.060001373291016,62.470001220703125,62.81999969482422,42.11558532714844,5904800
2012-11-23,63.060001373291016,63.349998474121094,62.849998474121094,63.33000183105469,42.457489013671875,3249100
2012-11-26,63.119998931884766,63.77000045776367,62.93000030517578,63.41999816894531,42.51783752441406,16980400
2012-11-27,62.939998626708984,63.59000015258789,62.540000915527344,63.08000183105469,42.289886474609375,22289900
2012-11-28,62.900001525878906,63.09000015258789,62.400001525878906,62.970001220703125,42.21614074707031,12290700
2012-11-29,63.34000015258789,63.43000030517578,62.869998931884766,63.380001068115234,42.49101638793945,15870300
2012-11-30,63.36000061035156,63.79999923706055,63.36000061035156,63.630001068115234,42.658634185791016,10611900
2012-12-03,63.93000030517578,64.12000274658203,63.599998474121094,63.810001373291016,42.779300689697266,9577100
2012-12-04,63.75,64.1500015258789,63.61000061035156,63.72999954223633,42.72565460205078,12665900
2012-12-05,63.91999816894531,63.970001220703125,63.2400016784668,63.560001373291016,42.611698150634766,10757800
2012-12-06,63.689998626708984,64.12999725341797,63.5,64.12000274658203,42.987125396728516,8008000
2012-12-07,64.22000122070312,64.38999938964844,64.11000061035156,64.37999725341797,43.16143798828125,13072600
2012-12-10,64.44999694824219,64.68000030517578,64.2699966430664,64.37999725341797,43.16143798828125,8719000
2012-12-11,64.63999938964844,64.76000213623047,64.38999938964844,64.45999908447266,43.215065002441406,6063400
2012-12-12,64.62999725341797,64.76000213623047,64.12999725341797,64.41999816894531,43.18824005126953,6419000
2012-12-13,64.45999908447266,64.45999908447266,63.7599983215332,63.9900016784668,42.89997100830078,9581700
2012-12-14,63.97999954223633,63.9900016784668,63.7400016784668,63.90999984741211,42.846343994140625,7085200
2012-12-17,64.19999694824219,64.33999633789062,63.91999816894531,64.30999755859375,43.11448669433594,12634700
2012-12-18,64.36000061035156,65.23999786376953,64.30000305175781,64.97000122070312,43.556983947753906,26053500
2012-12-19,64.41999816894531,64.51000213623047,64.02999877929688,64.08999633789062,43.49589920043945,8134800
2012-12-20,64.16000366210938,64.83999633789062,64.0199966430664,64.81999969482422,43.991336822509766,11100800
2012-12-21,64.12000274658203,64.80000305175781,64.12000274658203,64.62000274658203,43.85559844970703,10635700
2012-12-24,64.56999969482422,64.87000274658203,64.31999969482422,64.70999908447266,43.91667556762695,6645400
2012-12-26,64.77999877929688,64.77999877929688,64.22000122070312,64.38999938964844,43.69950485229492,5901700
2012-12-27,64.44999694824219,64.72000122070312,63.810001373291016,64.47000122070312,43.753814697265625,8055400
2012-12-28,64.27999877929688,64.6500015258789,64.02999877929688,64.08000183105469,43.48910903930664,3957300
2012-12-31,64.05000305175781,64.7300033569336,63.880001068115234,64.66999816894531,43.889522552490234,7477900
2013-01-02,65.62999725341797,65.88999938964844,65.29000091552734,65.72000122070312,44.60212707519531,12173500
2013-01-03,65.69000244140625,65.9800033569336,65.56999969482422,65.72000122070312,44.60212707519531,13888200
2013-01-04,65.87999725341797,66.13999938964844,65.63999938964844,66.12000274658203,44.873600006103516,14123400
2013-01-07,66.04000091552734,66.23999786376953,65.88999938964844,66.22000122070312,44.941463470458984,6133600
2013-01-08,66.0999984741211,66.27999877929688,65.9000015258789,66.08999633789062,44.85322189331055,5438600
2013-01-09,66.2300033569336,66.43000030517578,66.12999725341797,66.33999633789062,45.02289962768555,5562300
2013-01-10,66.69999694824219,66.69999694824219,66.2699966430664,66.5,45.13148880004883,6132700
2013-01-11,66.5,66.66999816894531,66.26000213623047,66.48999786376953,45.124698638916016,3889100
2013-01-14,66.5999984741211,66.68000030517578,66.4000015258789,66.58999633789062,45.192569732666016,5420400
2013-01-15,66.48999786376953,66.97000122070312,66.37000274658203,66.9000015258789,45.40296936035156,6783800
2013-01-16,66.7699966430664,66.8499984741211,66.58999633789062,66.83000183105469,45.35544967651367,5176000
2013-01-17,67.05999755859375,67.18000030517578,66.33000183105469,66.9800033569336,45.45726013183594,5652400
2013-01-18,67.37000274658203,67.43000030517578,66.93000030517578,67.37999725341797,45.72872543334961,17259600
2013-01-22,67.41000366210938,67.72000122070312,67.3499984741211,67.72000122070312,45.959468841552734,7006800
2013-01-23,67.72000122070312,67.86000061035156,67.5199966430664,67.7300033569336,45.966243743896484,4036600
2013-01-24,67.80999755859375,68.04000091552734,67.62000274658203,67.80999755859375,46.02054977416992,6017000
2013-01-25,68.05999755859375,68.13999938964844,67.76000213623047,68.08999633789062,46.2105598449707,6291100
2013-01-28,68.30000305175781,68.30000305175781,67.87999725341797,68.16000366210938,46.25809860229492,7967100
2013-01-29,68.05999755859375,68.30999755859375,68.05999755859375,68.29000091552734,46.34632110595703,4723200
2013-01-30,68.12999725341797,68.30999755859375,67.55000305175781,67.66000366210938,45.918758392333984,7716600
2013-01-31,67.6500015258789,67.66000366210938,67.16999816894531,67.2699966430664,45.6540641784668,8189600
2013-02-01,67.62999725341797,67.8499984741211,67.4000015258789,67.72000122070312,45.959468841552734,11330400
2013-02-04,67.4800033569336,67.79000091552734,67.31999969482422,67.58000183105469,45.86445999145508,14185200
2013-02-05,67.75,67.83999633789062,67.41000366210938,67.48999786376953,45.80336380004883,6245900
2013-02-06,67.31999969482422,67.69999694824219,67.19000244140625,67.61000061035156,45.88481521606445,4489500
2013-02-07,67.80999755859375,67.83999633789062,67.1500015258789,67.29000091552734,45.66763687133789,8388300
2013-02-08,67.41999816894531,67.9800033569336,67.41999816894531,67.95999908447266,46.12235641479492,8139600
2013-02-11,67.86000061035156,68.05999755859375,67.86000061035156,68.02999877929688,46.16985321044922,6097100
2013-02-12,68.12000274658203,68.43000030517578,67.97000122070312,68.43000030517578,46.441322326660156,7218400
2013-02-13,68.55000305175781,68.63999938964844,68.20999908447266,68.4000015258789,46.42095947265625,4418400
2013-02-14,68.38999938964844,68.38999938964844,68.06999969482422,68.12999725341797,46.23772048950195,4100400
2013-02-15,68.19999694824219,68.25,67.94999694824219,68.20999908447266,46.2920036315918,6449800
2013-02-19,68.43000030517578,68.69000244140625,68.27999877929688,68.68000030517578,46.61100387573242,12187000
2013-02-20,68.6500015258789,68.87999725341797,68.0999984741211,68.0999984741211,46.21736526489258,9973600
2013-02-21,67.95999908447266,68.08000183105469,67.4000015258789,67.56999969482422,45.857669830322266,13125300
2013-02-22,67.83999633789062,68.1500015258789,67.79000091552734,68.1500015258789,46.251285552978516,6630600
2013-02-25,68.31999969482422,68.45999908447266,66.98999786376953,67.0,45.47083282470703,9204800
2013-02-26,67.33000183105469,67.66999816894531,67.0,67.58999633789062,45.87124252319336,7439200
2013-02-27,67.58999633789062,68.41999816894531,67.44999694824219,68.11000061035156,46.22414016723633,7675200
2013-02-28,68.0999984741211,68.44000244140625,67.97000122070312,68.12000274658203,46.23094177246094,7917800
2013-03-01,67.8499984741211,68.33000183105469,67.58999633789062,68.25,46.319175720214844,11331300
2013-03-04,68.12000274658203,68.91000366210938,68.12000274658203,68.76000213623047,46.66527557373047,9589700
2013-03-05,69.12000274658203,69.41999816894531,68.7699966430664,69.29000091552734,47.02498245239258,6177000
2013-03-06,69.43000030517578,69.55000305175781,68.81999969482422,69.02999877929688,46.84852981567383,11622400
2013-03-07,69.13999938964844,69.2300033569336,68.69000244140625,68.77999877929688,46.6788444519043,6954600
2013-03-08,69.06999969482422,69.12999725341797,68.44000244140625,68.81999969482422,46.70600509643555,6934300
2013-03-11,68.97000122070312,69.08999633789062,68.63999938964844,69.08999633789062,46.88924026489258,11877900
2013-03-12,69.08000183105469,69.08999633789062,68.68000030517578,68.83999633789062,46.719581604003906,6247300
2013-03-13,68.81999969482422,69.0,68.55999755859375,68.86000061035156,46.733154296875,6189700
2013-03-14,68.94999694824219,69.31999969482422,68.86000061035156,69.2300033569336,46.98426818847656,10380200
2013-03-15,69.13999938964844,69.29000091552734,68.86000061035156,69.26000213623047,47.00461959838867,7085100
2013-03-18,68.6500015258789,69.08999633789062,68.6500015258789,69.06999969482422,46.87568283081055,17335600
2013-03-19,69.06999969482422,69.13999938964844,68.2300033569336,68.58000183105469,46.54313278198242,8311400
2013-03-20,68.9800033569336,68.98999786376953,68.63999938964844,68.9800033569336,46.814598083496094,9476900
2013-03-21,68.69000244140625,69.22000122070312,68.69000244140625,68.75,46.65849685668945,4807000
2013-03-22,68.98999786376953,69.26000213623047,68.8499984741211,69.16999816894531,46.94353485107422,5176600
2013-03-25,68.93000030517578,69.0,68.41000366210938,68.54000091552734,46.912052154541016,10970400
2013-03-26,68.62999725341797,69.11000061035156,68.62999725341797,69.05000305175781,47.261112213134766,8879000
2013-03-27,68.81999969482422,69.20999908447266,68.68000030517578,69.16000366210938,47.33640670776367,5747800
2013-03-28,69.26000213623047,69.55000305175781,69.02999877929688,69.4800033569336,47.55542755126953,10163700
2013-04-01,69.51000213623047,69.69999694824219,69.16000366210938,69.69999694824219,47.70601272583008,10676100
2013-04-02,69.95999908447266,70.12000274658203,69.72000122070312,69.87999725341797,47.829200744628906,7683800
2013-04-03,70.11000061035156,70.11000061035156,69.27999877929688,69.51000213623047,47.57596206665039,5906600
2013-04-04,69.58999633789062,70.61000061035156,69.4800033569336,70.52999877929688,48.27410125732422,15045800
2013-04-05,69.88999938964844,70.72000122070312,69.75,70.72000122070312,48.4041633605957,9219300
2013-04-08,70.7300033569336,71.44999694824219,70.47000122070312,71.37999725341797,48.85588836669922,9494700
2013-04-09,71.4800033569336,71.6500015258789,71.01000213623047,71.41000366210938,48.87639236450195,6504500
2013-04-10,71.56999969482422,71.94000244140625,71.44000244140625,71.83000183105469,49.163883209228516,5585900
2013-04-11,71.9000015258789,72.52999877929688,71.83999633789062,72.18000030517578,49.40342712402344,11137100
2013-04-12,72.08000183105469,72.5999984741211,71.9800033569336,72.5999984741211,49.6909294128418,6908300
2013-04-15,72.0999984741211,72.25,70.79000091552734,70.79000091552734,48.45205307006836,10229500
2013-04-16,71.19999694824219,71.94999694824219,70.80000305175781,71.91000366210938,49.21864318847656,6787100
2013-04-17,71.62999725341797,71.66000366210938,70.56999969482422,71.04000091552734,48.623165130615234,8952700
2013-04-18,71.08000183105469,71.18000030517578,70.62999725341797,71.04000091552734,48.623165130615234,16557900
2013-04-19,71.44000244140625,71.9800033569336,71.02999877929688,71.86000061035156,49.18442916870117,16957600
2013-04-22,71.97000122070312,72.13999938964844,71.4800033569336,71.95999908447266,49.25285720825195,5361900
2013-04-23,72.22000122070312,72.5,71.8499984741211,72.37999725341797,49.54032516479492,6056000
2013-04-24,72.58000183105469,72.62000274658203,72.20999908447266,72.61000061035156,49.697750091552734,5241100
2013-04-25,72.48999786376953,72.79000091552734,71.98999786376953,72.5199966430664,49.63614273071289,8899900
2013-04-26,72.41000366210938,72.69999694824219,72.13999938964844,72.19000244140625,49.4102897644043,4196100
2013-04-29,72.43000030517578,72.7699966430664,72.19999694824219,72.75,49.79357147216797,4371600
2013-04-30,72.75,73.48999786376953,72.56999969482422,73.45999908447266,50.279544830322266,7901100
2013-05-01,73.44000244140625,73.5,72.76000213623047,72.95999908447266,49.93730926513672,19735200
2013-05-02,72.94000244140625,73.51000213623047,72.93000030517578,73.23999786376953,50.128963470458984,4746700
2013-05-03,73.5999984741211,73.7699966430664,73.1500015258789,73.30000305175781,50.17002487182617,6804300
2013-05-06,73.3499984741211,73.66999816894531,73.30000305175781,73.58999633789062,50.36851501464844,4539300
2013-05-07,73.87999725341797,74.05000305175781,73.48999786376953,74.0199966430664,50.662841796875,7326500
2013-05-08,73.9000015258789,74.30999755859375,73.79000091552734,74.19999694824219,50.7860221862793,5550500
2013-05-09,74.19999694824219,74.25,73.5999984741211,73.81999969482422,50.52593994140625,12540900
2013-05-10,74.0,74.0,73.6500015258789,73.83999633789062,50.53961944580078,4807500
2013-05-13,73.83999633789062,74.02999877929688,73.6500015258789,73.94999694824219,50.614906311035156,5141500
2013-05-14,74.02999877929688,74.48999786376953,74.02999877929688,74.33999633789062,50.88185119628906,6114500
2013-05-15,74.33999633789062,75.01000213623047,73.97000122070312,75.0,51.333595275878906,12938900
2013-05-16,74.94000244140625,75.16999816894531,74.47000122070312,74.76000213623047,51.16931915283203,11084100
2013-05-17,74.9000015258789,75.23999786376953,74.69000244140625,75.2300033569336,51.49100112915039,11377800
2013-05-20,75.2300033569336,75.3499984741211,74.93000030517578,75.19000244140625,51.463645935058594,6560000
2013-05-21,75.4000015258789,75.69000244140625,75.33000183105469,75.54000091552734,51.70317840576172,5619400
2013-05-22,75.63999938964844,76.20999908447266,73.33000183105469,73.66999816894531,50.42326354980469,26250400
2013-05-23,73.08000183105469,73.08000183105469,72.02999877929688,72.63999938964844,49.718284606933594,17882300
2013-05-24,72.4000015258789,72.45999908447266,71.61000061035156,72.36000061035156,49.526634216308594,11804000
2013-05-28,73.05999755859375,73.22000122070312,71.19999694824219,71.63999938964844,49.03384780883789,15416700
2013-05-29,71.11000061035156,71.1500015258789,69.25,70.20999908447266,48.05507278442383,23698500
2013-05-30,70.20999908447266,70.69999694824219,69.45999908447266,69.54000091552734,47.59650802612305,13778600
2013-05-31,69.25,70.04000091552734,68.66000366210938,68.69000244140625,47.01472091674805,20832400
2013-06-03,68.70999908447266,69.33999633789062,68.05999755859375,68.86000061035156,47.131072998046875,25223500
2013-06-04,68.87000274658203,69.11000061035156,68.05000305175781,68.05999755859375,46.583518981933594,17821400
2013-06-05,68.11000061035156,68.30999755859375,67.20999908447266,67.33000183105469,46.08386993408203,19959500
2013-06-06,67.27999877929688,68.6500015258789,67.0199966430664,68.58999633789062,46.94626235961914,21649800
2013-06-07,68.7699966430664,68.83000183105469,67.63999938964844,68.55000305175781,46.91890335083008,16045900
2013-06-10,68.62999725341797,68.79000091552734,67.77999877929688,67.94999694824219,46.50821304321289,17666100
2013-06-11,67.33000183105469,67.66000366210938,66.87000274658203,66.91000366210938,45.79639434814453,17765800
2013-06-12,67.41000366210938,67.43000030517578,65.7699966430664,65.93000030517578,45.12564468383789,16537000
2013-06-13,65.83999633789062,68.12000274658203,65.79000091552734,67.94000244140625,46.50138473510742,21085000
2013-06-14,67.9000015258789,68.9800033569336,67.73999786376953,68.11000061035156,46.617740631103516,13991400
2013-06-17,68.43000030517578,68.83999633789062,67.73999786376953,68.19999694824219,46.67933654785156,10786100
2013-06-18,68.25,68.87999725341797,67.87000274658203,68.30999755859375,46.754615783691406,14319100
2013-06-19,68.47000122070312,68.66999816894531,66.12999725341797,66.26000213623047,45.35152053833008,34471300
2013-06-20,65.48999786376953,65.7699966430664,63.380001068115234,63.66999816894531,43.57878494262695,31601500
2013-06-21,64.22000122070312,65.08999633789062,63.310001373291016,64.41999816894531,44.092124938964844,24105500
2013-06-24,63.4900016784668,65.43000030517578,62.709999084472656,64.01000213623047,43.81150817871094,30133200
2013-06-25,64.68000030517578,65.52999877929688,64.16000366210938,65.19000244140625,44.61914825439453,18040500
2013-06-26,65.26000213623047,65.7699966430664,65.08999633789062,65.55000305175781,45.28653335571289,16898500
2013-06-27,66.01000213623047,66.83999633789062,65.8499984741211,66.72000122070312,46.0948486328125,13893800
2013-06-28,66.44999694824219,66.88999938964844,65.91999816894531,66.43000030517578,45.894508361816406,12025100
2013-07-01,66.56999969482422,67.04000091552734,65.94999694824219,66.08000183105469,45.65270233154297,14941100
2013-07-02,65.9800033569336,67.0999984741211,65.91999816894531,66.8499984741211,46.18466567993164,12520400
2013-07-03,66.75,67.0,65.66999816894531,66.55999755859375,45.98431396484375,8076200
2013-07-05,66.41000366210938,66.44999694824219,64.62000274658203,65.86000061035156,45.50069808959961,16119500
2013-07-08,66.0199966430664,67.0999984741211,66.0199966430664,66.12000274658203,45.68033218383789,6958000
2013-07-09,66.56999969482422,67.23999786376953,66.19999694824219,66.95999908447266,46.260658264160156,9422400
2013-07-10,66.80999755859375,67.2300033569336,66.54000091552734,66.95999908447266,46.260658264160156,10060200
2013-07-11,67.94000244140625,68.86000061035156,67.86000061035156,68.80999755859375,47.53876495361328,16742100
2013-07-12,68.9000015258789,68.94000244140625,68.12000274658203,68.36000061035156,47.22787857055664,10555600
2013-07-15,68.23999786376953,68.7300033569336,68.18000030517578,68.61000061035156,47.400596618652344,6986300
2013-07-16,68.43000030517578,68.83999633789062,68.31999969482422,68.5,47.324607849121094,6891000
2013-07-17,68.77999877929688,68.91999816894531,68.36000061035156,68.86000061035156,47.57331848144531,14463800
2013-07-18,68.80999755859375,69.36000061035156,68.7699966430664,69.29000091552734,47.870391845703125,7176600
2013-07-19,69.2300033569336,69.41999816894531,68.94999694824219,69.22000122070312,47.82202911376953,7701100
2013-07-22,69.25,69.4800033569336,69.04000091552734,69.41999816894531,47.960205078125,4684700
2013-07-23,69.5999984741211,69.5999984741211,69.06999969482422,69.38999938964844,47.93946838378906,4930000
2013-07-24,69.47000122070312,69.52999877929688,67.52999877929688,68.04000091552734,47.00680160522461,13685200
2013-07-25,67.93000030517578,68.08000183105469,67.52999877929688,67.95999908447266,46.9515266418457,10019400
2013-07-26,67.77999877929688,68.18000030517578,67.52999877929688,68.13999938964844,47.07589340209961,5577000
2013-07-29,68.02999877929688,68.20999908447266,67.48999786376953,67.5999984741211,46.702796936035156,6999900
2013-07-30,67.75,68.30000305175781,67.33999633789062,67.5199966430664,46.647544860839844,6200400
2013-07-31,67.33000183105469,67.68000030517578,66.0,66.58999633789062,46.00503158569336,17578300
2013-08-01,66.86000061035156,66.94999694824219,66.18000030517578,66.22000122070312,45.749420166015625,12801700
2013-08-02,66.55999755859375,66.81999969482422,65.91999816894531,65.93000030517578,45.54905700683594,16858500
2013-08-05,65.9000015258789,66.19000244140625,65.69999694824219,65.88999938964844,45.52143096923828,5471400
2013-08-06,65.79000091552734,66.13999938964844,65.5,65.66000366210938,45.36254119873047,5899900
2013-08-07,65.66000366210938,65.66000366210938,65.08000183105469,65.38999938964844,45.17599868774414,6218300
2013-08-08,65.55000305175781,65.69999694824219,65.12000274658203,65.44999694824219,45.217437744140625,6905300
2013-08-09,65.29000091552734,66.41000366210938,65.19999694824219,66.06999969482422,45.64578628540039,6247000
2013-08-12,65.93000030517578,65.94000244140625,65.33000183105469,65.52999877929688,45.27271270751953,8185500
2013-08-13,65.5999984741211,65.6500015258789,64.44000244140625,64.62999725341797,44.65093994140625,10889000
2013-08-14,64.5,64.8499984741211,64.37000274658203,64.48999786376953,44.554203033447266,13474200
2013-08-15,63.83000183105469,63.849998474121094,63.02000045776367,63.27000045776367,43.71135330200195,17106100
2013-08-16,63.0099983215332,63.2400016784668,61.790000915527344,61.810001373291016,42.70267868041992,22158900
2013-08-19,61.65999984741211,61.880001068115234,60.91999816894531,60.970001220703125,42.122344970703125,15340000
2013-08-20,61.279998779296875,62.709999084472656,61.2400016784668,62.400001525878906,43.110294342041016,20078000
2013-08-21,61.970001220703125,63.209999084472656,61.58000183105469,62.27000045776367,43.02048110961914,19768900
2013-08-22,62.470001220703125,62.650001525878906,61.939998626708984,62.619998931884766,43.26227569580078,15039600
2013-08-23,62.72999954223633,63.36000061035156,62.43000030517578,63.349998474121094,43.76661682128906,9662400
2013-08-26,63.459999084472656,63.47999954223633,63.0099983215332,63.11000061035156,43.600807189941406,5527400
2013-08-27,62.66999816894531,63.25,62.529998779296875,62.91999816894531,43.46953582763672,7907000
2013-08-28,62.779998779296875,62.93000030517578,62.45000076293945,62.619998931884766,43.26227569580078,5761700
2013-08-29,62.43000030517578,62.77000045776367,62.11000061035156,62.720001220703125,43.33137893676758,4663600
2013-08-30,62.75,63.11000061035156,62.11000061035156,62.2400016784668,42.9997444152832,6533700
2013-09-03,62.709999084472656,62.86000061035156,61.25,61.720001220703125,42.64049530029297,12854500
2013-09-04,61.709999084472656,62.47999954223633,61.52000045776367,62.15999984741211,42.94448471069336,11140200
2013-09-05,62.09000015258789,62.22999954223633,61.58000183105469,61.630001068115234,42.57831954956055,7406700
2013-09-06,62.459999084472656,63.209999084472656,62.38999938964844,62.7599983215332,43.359004974365234,12815100
2013-09-09,63.060001373291016,64.0,62.77000045776367,64.0,44.21568298339844,11123300
2013-09-10,64.12000274658203,64.2300033569336,63.52000045776367,63.91999816894531,44.16041946411133,8889000
2013-09-11,63.84000015258789,64.36000061035156,63.84000015258789,64.36000061035156,44.46438980102539,9867700
2013-09-12,64.55999755859375,64.73999786376953,63.86000061035156,63.95000076293945,44.18115234375,9121300
2013-09-13,64.08999633789062,64.2699966430664,63.86000061035156,64.08999633789062,44.27785110473633,8046000
2013-09-16,65.20999908447266,65.62999725341797,64.55999755859375,64.72000122070312,44.713111877441406,13644600
2013-09-17,64.8499984741211,65.20999908447266,64.58000183105469,64.66999816894531,44.67856216430664,8761600
2013-09-18,64.6500015258789,66.97000122070312,63.97999954223633,66.93000030517578,46.239933013916016,37540300
2013-09-19,66.97000122070312,67.5,66.62000274658203,66.66999816894531,46.060298919677734,20322800
2013-09-20,66.7699966430664,66.79000091552734,65.38999938964844,65.5199966430664,45.265804290771484,17910100
2013-09-23,65.51000213623047,65.81999969482422,65.0199966430664,65.0999984741211,44.97562789916992,12152500
2013-09-24,64.45999908447266,64.61000061035156,64.0199966430664,64.06999969482422,44.67856979370117,13075000
2013-09-25,64.16000366210938,64.69000244140625,63.869998931884766,64.29000091552734,44.83198165893555,9013600
2013-09-26,64.37999725341797,64.70999908447266,64.19999694824219,64.68000030517578,45.10394287109375,4380700
2013-09-27,64.51000213623047,64.77999877929688,64.05999755859375,64.44000244140625,44.93659973144531,5971100
2013-09-30,64.06999969482422,64.5199966430664,63.56999969482422,63.790000915527344,44.48330307006836,9374800
2013-10-01,63.779998779296875,65.23999786376953,63.650001525878906,64.76000213623047,45.15973663330078,16465300
2013-10-02,64.38999938964844,64.83000183105469,64.12999725341797,64.80000305175781,45.18763732910156,11800100
2013-10-03,64.52999877929688,64.6500015258789,63.400001525878906,63.79999923706055,44.49028396606445,23591100
2013-10-04,63.849998474121094,64.05000305175781,63.2400016784668,63.56999969482422,44.32990646362305,13296400
2013-10-07,63.22999954223633,64.06999969482422,63.189998626708984,63.849998474121094,44.525142669677734,7675500
2013-10-08,63.68000030517578,63.959999084472656,63.029998779296875,63.119998931884766,44.01609420776367,9526700
2013-10-09,63.18000030517578,63.61000061035156,62.9900016784668,63.099998474121094,44.00215148925781,9436400
2013-10-10,63.5099983215332,64.66000366210938,63.5099983215332,64.61000061035156,45.055145263671875,23726100
2013-10-11,64.58999633789062,65.27999877929688,64.37000274658203,65.2300033569336,45.487483978271484,11282500
2013-10-14,64.91000366210938,65.33000183105469,64.62999725341797,65.20999908447266,45.473548889160156,15004400
2013-10-15,65.0999984741211,65.44000244140625,64.81999969482422,65.0,45.327091217041016,8338500
2013-10-16,65.29000091552734,66.25,65.22000122070312,66.18000030517578,46.149967193603516,16177500
2013-10-17,65.93000030517578,67.41999816894531,65.87000274658203,67.19999694824219,46.861236572265625,19146900
2013-10-18,67.4800033569336,67.61000061035156,66.80000305175781,67.06999969482422,46.770591735839844,11933200
2013-10-21,67.0,67.08000183105469,66.45999908447266,66.72000122070312,46.526512145996094,9373400
2013-10-22,67.05999755859375,67.72000122070312,66.80999755859375,67.43000030517578,47.02164077758789,10465300
2013-10-23,67.33000183105469,67.61000061035156,67.0199966430664,67.56999969482422,47.11925506591797,13218500
2013-10-24,67.7300033569336,67.7300033569336,67.19000244140625,67.5199966430664,47.08439254760742,6881800
2013-10-25,67.73999786376953,68.25,67.5,68.18000030517578,47.54464340209961,7983500
2013-10-28,68.16999816894531,68.16999816894531,67.18000030517578,67.70999908447266,47.2169075012207,8219400
2013-10-29,67.44999694824219,67.48999786376953,66.87000274658203,67.13999938964844,46.81941604614258,8522000
2013-10-30,66.72000122070312,67.04000091552734,66.3499984741211,66.6500015258789,46.47771453857422,7474200
2013-10-31,66.72000122070312,66.86000061035156,65.86000061035156,66.16999816894531,46.14298629760742,9070700
2013-11-01,66.2699966430664,66.76000213623047,65.86000061035156,66.58999633789062,46.43586730957031,16618700
2013-11-04,66.8499984741211,66.9800033569336,66.1500015258789,66.68000030517578,46.498634338378906,4092900
2013-11-05,66.20999908447266,66.2699966430664,65.54000091552734,65.66999816894531,45.79432678222656,9774500
2013-11-06,66.01000213623047,66.19000244140625,65.55000305175781,65.66000366210938,45.7873420715332,4892000
2013-11-07,65.79000091552734,65.83999633789062,64.72000122070312,64.86000061035156,45.22947311401367,9769500
2013-11-08,64.2300033569336,64.4000015258789,63.13999938964844,63.9900016784668,44.62278747558594,17449800
2013-11-11,64.11000061035156,64.37000274658203,63.86000061035156,63.939998626708984,44.587921142578125,6158600
2013-11-12,63.900001525878906,63.900001525878906,63.2599983215332,63.720001220703125,44.43449783325195,10349700
2013-11-13,63.470001220703125,64.18000030517578,63.40999984741211,64.16999816894531,44.74830627441406,6905000
2013-11-14,64.63999938964844,65.0999984741211,64.30000305175781,64.68000030517578,45.10394287109375,7918300
2013-11-15,64.81999969482422,65.0,64.55000305175781,64.83999633789062,45.21552658081055,11699600
2013-11-18,65.05999755859375,65.05999755859375,64.36000061035156,64.38999938964844,44.90172576904297,6279000
2013-11-19,64.41000366210938,64.41999816894531,63.7400016784668,63.900001525878906,44.560028076171875,8551800
2013-11-20,63.970001220703125,64.5999984741211,63.09000015258789,63.34000015258789,44.169525146484375,10075700
2013-11-21,63.40999984741211,63.81999969482422,63.13999938964844,63.68000030517578,44.4066047668457,7412500
2013-11-22,63.849998474121094,63.849998474121094,63.18000030517578,63.4900016784668,44.27412414550781,5750500
2013-11-25,63.5,63.66999816894531,63.18000030517578,63.220001220703125,44.08583450317383,5823800
2013-11-26,63.400001525878906,63.400001525878906,63.02000045776367,63.040000915527344,43.9603157043457,6277300
2013-11-27,63.31999969482422,63.779998779296875,63.02000045776367,63.689998626708984,44.413570404052734,5205300
2013-11-29,63.689998626708984,63.849998474121094,63.04999923706055,63.099998474121094,44.00215148925781,4961700
2013-12-02,62.9900016784668,63.29999923706055,62.560001373291016,62.77000045776367,43.77203369140625,9128400
2013-12-03,62.630001068115234,62.900001525878906,62.470001220703125,62.70000076293945,43.72321319580078,7106800
2013-12-04,62.0,63.22999954223633,61.939998626708984,62.84000015258789,43.82084655761719,15225500
2013-12-05,62.68000030517578,63.060001373291016,62.34000015258789,62.90999984741211,43.86966323852539,11587100
2013-12-06,63.470001220703125,63.540000915527344,63.06999969482422,63.400001525878906,44.21136474609375,9929900
2013-12-09,63.5,63.880001068115234,63.20000076293945,63.810001373291016,44.49727249145508,9697700
2013-12-10,63.86000061035156,64.12000274658203,63.7599983215332,63.810001373291016,44.49727249145508,6791800
2013-12-11,63.810001373291016,63.810001373291016,62.34000015258789,62.43000030517578,43.534934997558594,13703100
2013-12-12,62.38999938964844,62.5,61.900001525878906,62.0099983215332,43.24205017089844,8008900
2013-12-13,62.290000915527344,62.97999954223633,62.11000061035156,62.2599983215332,43.41639709472656,5952900
2013-12-16,62.650001525878906,62.650001525878906,62.130001068115234,62.33000183105469,43.465206146240234,6769100
2013-12-17,62.33000183105469,62.83000183105469,62.13999938964844,62.65999984741211,43.6953239440918,7415100
2013-12-18,62.70000076293945,63.90999984741211,62.02000045776367,63.7599983215332,44.4623908996582,20907600
2013-12-19,63.54999923706055,63.70000076293945,62.66999816894531,62.97999954223633,43.91847610473633,12584500
2013-12-20,63.150001525878906,63.4900016784668,62.900001525878906,63.470001220703125,44.26016616821289,14497800
2013-12-23,63.279998779296875,63.36000061035156,62.90999984741211,62.970001220703125,44.32280731201172,8197500
2013-12-24,63.04999923706055,63.20000076293945,62.88999938964844,63.08000183105469,44.40023422241211,3641500
2013-12-26,63.33000183105469,63.540000915527344,62.90999984741211,63.150001525878906,44.44951248168945,4603100
2013-12-27,63.209999084472656,63.22999954223633,62.720001220703125,63.22999954223633,44.505821228027344,11549200
2013-12-30,63.209999084472656,63.43000030517578,63.11000061035156,63.279998779296875,44.541015625,3941800
2013-12-31,63.290000915527344,63.52000045776367,62.9900016784668,63.08000183105469,44.40023422241211,6767300
2014-01-02,63.130001068115234,63.220001220703125,62.599998474121094,62.97999954223633,44.32986068725586,10310500
2014-01-03,62.95000076293945,63.59000015258789,62.91999816894531,63.349998474121094,44.59028625488281,6368400
2014-01-06,63.47999954223633,63.869998931884766,63.27000045776367,63.61000061035156,44.77328872680664,7108000
2014-01-07,63.88999938964844,64.11000061035156,63.41999816894531,63.83000183105469,44.92815017700195,9676100
2014-01-08,63.63999938964844,63.93000030517578,63.27000045776367,63.72999954223633,44.857757568359375,9098800
2014-01-09,63.91999816894531,63.91999816894531,63.20000076293945,63.70000076293945,44.836639404296875,8012900
2014-01-10,64.30000305175781,64.69999694824219,64.0199966430664,64.45999908447266,45.371578216552734,13050800
2014-01-13,64.51000213623047,64.51000213623047,63.849998474121094,64.04000091552734,45.075958251953125,8248200
2014-01-14,64.05000305175781,64.62000274658203,64.0,64.44000244140625,45.357505798339844,5319500
2014-01-15,64.43000030517578,64.94999694824219,64.41999816894531,64.73999786376953,45.568660736083984,7612600
2014-01-16,64.68000030517578,64.95999908447266,64.68000030517578,64.88999938964844,45.67424774169922,11237800
2014-01-17,64.9800033569336,65.01000213623047,64.51000213623047,64.68000030517578,45.52642059326172,8539200
2014-01-21,64.9000015258789,65.36000061035156,64.75,65.12999725341797,45.84318161010742,10145000
2014-01-22,65.23999786376953,65.62000274658203,65.13999938964844,65.30000305175781,45.96282958984375,8165500
2014-01-23,65.12999725341797,65.38999938964844,64.5199966430664,65.2699966430664,45.941707611083984,10437200
2014-01-24,65.05999755859375,65.05999755859375,64.2300033569336,64.30999755859375,45.265995025634766,13019600
2014-01-27,64.38999938964844,64.7300033569336,63.66999816894531,63.91999816894531,44.991493225097656,11158300
2014-01-28,64.05000305175781,64.68000030517578,64.0199966430664,64.56999969482422,45.449012756347656,7727800
2014-01-29,64.18000030517578,64.55999755859375,63.91999816894531,64.2699966430664,45.23785400390625,9226100
2014-01-30,64.48999786376953,65.2699966430664,64.48999786376953,65.05000305175781,45.78687286376953,9384200
2014-01-31,64.58000183105469,65.5999984741211,64.25,65.25,45.92765808105469,12207500
2014-02-03,65.29000091552734,65.3499984741211,64.05999755859375,64.30000305175781,45.25896072387695,16058300
2014-02-04,64.43000030517578,65.08000183105469,64.12999725341797,64.97000122070312,45.730567932128906,16129900
2014-02-05,64.69999694824219,65.04000091552734,64.58000183105469,64.94999694824219,45.716487884521484,12270400
2014-02-06,65.08000183105469,65.4800033569336,65.05999755859375,65.43000030517578,46.054359436035156,10567500
2014-02-07,65.7300033569336,65.95999908447266,65.38999938964844,65.87000274658203,46.364044189453125,10915400
2014-02-10,65.95999908447266,66.62000274658203,65.69000244140625,66.47000122070312,46.78636932373047,12611400
2014-02-11,66.5999984741211,66.98999786376953,66.29000091552734,66.69999694824219,46.94826126098633,13250700
2014-02-12,66.91000366210938,66.91000366210938,66.45999908447266,66.73999786376953,46.97642135620117,6358300
2014-02-13,66.66999816894531,67.37000274658203,66.38999938964844,67.0,47.1594123840332,10486100
2014-02-14,67.0,67.41000366210938,66.97000122070312,67.2699966430664,47.349464416503906,6953700
2014-02-18,67.41999816894531,67.69999694824219,67.0,67.66999816894531,47.631004333496094,12370800
2014-02-19,67.5,68.23999786376953,67.44999694824219,67.6500015258789,47.61692428588867,13736700
2014-02-20,67.55999755859375,68.08999633789062,67.25,67.52999877929688,47.532470703125,7509200
2014-02-21,67.66999816894531,67.87999725341797,67.19999694824219,67.63999938964844,47.609901428222656,8399400
2014-02-24,67.72000122070312,68.3499984741211,67.70999908447266,67.75,47.68732452392578,11196700
2014-02-25,67.7699966430664,68.13999938964844,67.5999984741211,67.77999877929688,47.70843505859375,6091200
2014-02-26,67.8499984741211,68.26000213623047,67.77999877929688,67.97000122070312,47.84217834472656,10265300
2014-02-27,67.9000015258789,68.26000213623047,67.61000061035156,67.9000015258789,47.79290771484375,5632900
2014-02-28,68.22000122070312,68.68000030517578,67.8499984741211,68.3499984741211,48.10964584350586,14613500
2014-03-03,67.95999908447266,68.45999908447266,67.83000183105469,68.4000015258789,48.14483642578125,11517800
2014-03-04,68.75,69.31999969482422,68.75,69.23999786376953,48.73609924316406,15107900
2014-03-05,69.23999786376953,69.33000183105469,68.5999984741211,69.1500015258789,48.672760009765625,12690500
2014-03-06,69.06999969482422,69.12000274658203,68.56999969482422,68.81999969482422,48.44046401977539,8717000
2014-03-07,68.45999908447266,68.6500015258789,67.73999786376953,68.04000091552734,47.891456604003906,14545300
2014-03-10,67.91999816894531,68.13999938964844,67.48999786376953,67.79000091552734,47.715476989746094,11747500
2014-03-11,67.83999633789062,68.31999969482422,67.79000091552734,68.16000366210938,47.975894927978516,10502200
2014-03-12,67.87999725341797,68.3499984741211,67.87999725341797,68.30999755859375,48.08149719238281,6888400
2014-03-13,68.4000015258789,68.48999786376953,67.91000366210938,68.08999633789062,47.9266357421875,9383600
2014-03-14,67.91000366210938,68.47000122070312,67.86000061035156,68.11000061035156,47.940731048583984,8557400
2014-03-17,68.48999786376953,68.69000244140625,68.0999984741211,68.22000122070312,48.01813888549805,9020200
2014-03-18,68.26000213623047,68.5999984741211,68.08000183105469,68.5199966430664,48.229305267333984,10663100
2014-03-19,68.55000305175781,68.8499984741211,67.02999877929688,67.30999755859375,47.377620697021484,16403800
2014-03-20,67.16000366210938,67.43000030517578,66.6500015258789,67.4000015258789,47.44097137451172,15716900
2014-03-21,67.58000183105469,68.1500015258789,67.5199966430664,67.94999694824219,47.82809829711914,18908000
2014-03-24,68.48999786376953,68.48999786376953,67.16999816894531,67.55000305175781,47.54655075073242,10919300
2014-03-25,67.20999908447266,67.33999633789062,66.79000091552734,67.2699966430664,47.89469909667969,10306800
2014-03-26,67.11000061035156,67.36000061035156,66.48999786376953,66.5199966430664,47.3607177734375,10498200
2014-03-27,66.5,66.9000015258789,66.25,66.83999633789062,47.58856201171875,8288600
2014-03-28,67.05000305175781,67.51000213623047,66.95999908447266,67.27999877929688,47.90181350708008,8326600
2014-03-31,67.63999938964844,67.9000015258789,67.08000183105469,67.66999816894531,48.17948532104492,8762400
2014-04-01,67.88999938964844,68.11000061035156,67.31999969482422,68.0999984741211,48.485633850097656,15963700
2014-04-02,67.87999725341797,68.18000030517578,67.73999786376953,68.11000061035156,48.49278259277344,10488700
2014-04-03,68.0999984741211,68.19999694824219,67.70999908447266,67.87000274658203,48.3218994140625,10216600
2014-04-04,68.22000122070312,68.54000091552734,67.88999938964844,68.13999938964844,48.51412582397461,12050300
2014-04-07,67.91999816894531,68.69999694824219,67.91000366210938,68.20999908447266,48.5639533996582,15098800
2014-04-08,68.16000366210938,68.66999816894531,68.04000091552734,68.58999633789062,48.834510803222656,8741500
2014-04-09,68.76000213623047,68.77999877929688,68.12999725341797,68.54000091552734,48.798927307128906,7283500
2014-04-10,68.5999984741211,68.88999938964844,67.76000213623047,67.93000030517578,48.36461639404297,8403900
2014-04-11,67.79000091552734,68.12000274658203,67.41000366210938,67.5199966430664,48.072696685791016,9716100
2014-04-14,67.69999694824219,67.95999908447266,67.37999725341797,67.7699966430664,48.250694274902344,10463400
2014-04-15,67.87999725341797,68.55000305175781,67.80999755859375,68.48999786376953,48.76331329345703,10085800
2014-04-16,68.68000030517578,69.0,68.48999786376953,68.9000015258789,49.05522155761719,9370800
2014-04-17,68.69999694824219,68.87999725341797,68.37999725341797,68.70999908447266,48.91995620727539,16927900
2014-04-21,68.81999969482422,69.0,68.58999633789062,69.0,49.126407623291016,8530200
2014-04-22,68.94999694824219,69.30999755859375,68.62999725341797,69.2300033569336,49.29018783569336,6935500
2014-04-23,69.19999694824219,69.30000305175781,68.80999755859375,69.0199966430664,49.14065933227539,4599600
2014-04-24,69.0999984741211,69.30999755859375,68.94999694824219,69.25,49.304412841796875,6275800
2014-04-25,69.0,69.26000213623047,68.81999969482422,69.01000213623047,49.133548736572266,5370400
2014-04-28,69.11000061035156,69.47000122070312,68.79000091552734,69.37000274658203,49.38985824584961,10062200
2014-04-29,69.22000122070312,69.66000366210938,69.22000122070312,69.41000366210938,49.4183349609375,4539100
2014-04-30,69.29000091552734,69.75,69.26000213623047,69.72000122070312,49.63905334472656,6472600
2014-05-01,69.72000122070312,70.30000305175781,69.33999633789062,70.26000213623047,50.02350616455078,16973700
2014-05-02,69.94999694824219,70.5199966430664,69.87999725341797,70.2300033569336,50.00214767456055,9439500
2014-05-05,69.95999908447266,70.48999786376953,69.70999908447266,70.4800033569336,50.180145263671875,12375000
2014-05-06,70.41000366210938,70.41000366210938,69.95999908447266,70.22000122070312,49.995052337646484,7561800
2014-05-07,70.37000274658203,71.08000183105469,70.27999877929688,71.04000091552734,50.57884216308594,16037200
2014-05-08,71.01000213623047,71.37000274658203,70.80000305175781,71.08000183105469,50.60732650756836,8538700
2014-05-09,70.95999908447266,71.2699966430664,70.69999694824219,71.06999969482422,50.6002082824707,5697000
2014-05-12,71.12999725341797,71.36000061035156,71.04000091552734,71.22000122070312,50.70701217651367,5852900
2014-05-13,71.0199966430664,71.7300033569336,70.75,70.80000305175781,50.407989501953125,9089000
2014-05-14,70.94999694824219,71.18000030517578,70.62000274658203,70.9800033569336,50.53614044189453,8881100
2014-05-15,70.97000122070312,70.9800033569336,70.29000091552734,70.86000061035156,50.45070266723633,19027700
2014-05-16,70.87999725341797,71.4000015258789,70.62000274658203,71.37999725341797,50.82093048095703,12725700
2014-05-19,71.27999877929688,71.30000305175781,70.80999755859375,71.12000274658203,50.63581085205078,7203000
2014-05-20,71.1500015258789,71.37999725341797,70.69999694824219,70.9000015258789,50.47916793823242,4401400
2014-05-21,70.94999694824219,71.1500015258789,70.4800033569336,70.62000274658203,50.279842376708984,6551900
2014-05-22,70.6500015258789,70.86000061035156,70.44000244140625,70.55999755859375,50.23711013793945,6768400
2014-05-23,70.63999938964844,71.0999984741211,70.62000274658203,71.08999633789062,50.61444091796875,5231400
2014-05-27,71.05000305175781,71.56999969482422,71.04000091552734,71.5199966430664,50.92060852050781,7870600
2014-05-28,71.37000274658203,71.37000274658203,70.80999755859375,71.2300033569336,50.714134216308594,7279400
2014-05-29,71.38999938964844,71.38999938964844,71.06999969482422,71.31999969482422,50.778202056884766,4650500
2014-05-30,71.22000122070312,71.75,71.20999908447266,71.66999816894531,51.02738952636719,11869100
2014-06-02,71.66999816894531,71.94000244140625,71.51000213623047,71.80000305175781,51.119972229003906,8329500
2014-06-03,71.69000244140625,71.76000213623047,71.4800033569336,71.70999908447266,51.05588912963867,4321300
2014-06-04,71.7300033569336,71.95999908447266,71.44999694824219,71.77999877929688,51.105712890625,14897800
2014-06-05,71.75,72.9800033569336,71.68000030517578,72.9000015258789,51.90312957763672,19628800
2014-06-06,73.12999725341797,73.16000366210938,72.58000183105469,72.75,51.79633712768555,7067900
2014-06-09,72.63999938964844,72.94000244140625,71.88999938964844,71.97000122070312,51.24100875854492,8543900
2014-06-10,71.80000305175781,72.02999877929688,71.27999877929688,71.5999984741211,50.97755432128906,14633400
2014-06-11,71.43000030517578,71.58999633789062,70.98999786376953,71.30999755859375,50.771087646484375,11071200
2014-06-12,71.20999908447266,71.31999969482422,70.61000061035156,71.0999984741211,50.62157440185547,11311100
2014-06-13,71.23999786376953,71.36000061035156,70.61000061035156,71.27999877929688,50.749725341796875,5871800
2014-06-16,71.16000366210938,71.43000030517578,70.80000305175781,70.91999816894531,50.493412017822266,11354100
2014-06-17,70.80000305175781,71.12000274658203,70.61000061035156,71.0,50.55036926269531,5946000
2014-06-18,70.94000244140625,71.5999984741211,70.70999908447266,71.44000244140625,50.86363983154297,12276900
2014-06-19,71.4800033569336,71.98999786376953,71.37999725341797,71.98999786376953,51.2552375793457,8030000
2014-06-20,71.69999694824219,72.29000091552734,71.58000183105469,72.23999786376953,51.43321228027344,9347500
2014-06-23,72.23999786376953,72.48999786376953,72.02999877929688,72.06999969482422,51.31219482421875,7420400
2014-06-24,71.44999694824219,71.75,71.30000305175781,71.5,51.33586120605469,6881800
2014-06-25,71.48999786376953,71.63999938964844,71.27999877929688,71.5,51.33586120605469,7041800
2014-06-26,71.43000030517578,71.55000305175781,71.22000122070312,71.41999816894531,51.27843475341797,5258500
2014-06-27,71.26000213623047,71.9000015258789,71.26000213623047,71.8499984741211,51.58719253540039,6817900
2014-06-30,71.91999816894531,72.06999969482422,71.31999969482422,71.79000091552734,51.54410934448242,8877300
2014-07-01,71.7300033569336,72.18000030517578,71.58999633789062,71.97000122070312,51.67335891723633,7629500
2014-07-02,71.9800033569336,72.0,71.5,71.88999938964844,51.61589431762695,8719400
2014-07-03,71.5,71.69000244140625,71.22000122070312,71.55000305175781,51.371788024902344,5647500
2014-07-07,71.4800033569336,71.79000091552734,71.44999694824219,71.62000274658203,51.42203903198242,9888700
2014-07-08,71.5199966430664,72.02999877929688,71.48999786376953,71.83999633789062,51.579986572265625,9211300
2014-07-09,71.79000091552734,72.11000061035156,71.5199966430664,72.0,51.69489288330078,6034300
2014-07-10,71.66999816894531,72.44000244140625,71.58000183105469,72.2300033569336,51.86001968383789,9408700
2014-07-11,72.19999694824219,72.3499984741211,71.97000122070312,72.27999877929688,51.89591598510742,4181600
2014-07-14,72.36000061035156,72.63999938964844,72.1500015258789,72.61000061035156,52.13284683227539,11197000
2014-07-15,72.5199966430664,72.76000213623047,72.26000213623047,72.58999633789062,52.11848449707031,5842900
2014-07-16,72.76000213623047,72.88999938964844,72.41999816894531,72.86000061035156,52.312339782714844,14368800
2014-07-17,72.77999877929688,72.81999969482422,72.33999633789062,72.43000030517578,52.003597259521484,7140300
2014-07-18,72.62999725341797,73.13999938964844,72.44000244140625,73.06999969482422,52.46312713623047,9755300
2014-07-21,72.95999908447266,73.0,72.69000244140625,72.86000061035156,52.312339782714844,4800800
2014-07-22,73.08999633789062,73.30000305175781,73.0,73.16999816894531,52.5349235534668,7678700
2014-07-23,73.23999786376953,73.4000015258789,73.06999969482422,73.33000183105469,52.649803161621094,5012100
2014-07-24,73.4800033569336,73.51000213623047,72.94000244140625,73.13999938964844,52.51339340209961,7350400
2014-07-25,73.13999938964844,73.22000122070312,72.66000366210938,72.7300033569336,52.21901321411133,7043100
2014-07-28,72.76000213623047,73.36000061035156,72.75,73.16999816894531,52.5349235534668,7385900
2014-07-29,73.20999908447266,73.23999786376953,72.77999877929688,72.83000183105469,52.29080581665039,5042400
2014-07-30,72.58999633789062,73.27999877929688,72.37000274658203,72.76000213623047,52.240562438964844,10712100
2014-07-31,72.26000213623047,72.62000274658203,71.70999908447266,71.70999908447266,51.486671447753906,15782800
2014-08-01,71.5999984741211,72.26000213623047,71.5199966430664,71.56999969482422,51.38613510131836,14631500
2014-08-04,71.55999755859375,72.16000366210938,71.30000305175781,72.0,51.69489288330078,8981900
2014-08-05,71.75,71.9800033569336,71.19999694824219,71.36000061035156,51.23537063598633,15723600
2014-08-06,70.88999938964844,71.77999877929688,70.83999633789062,71.48999786376953,51.32870864868164,9586500
2014-08-07,71.68000030517578,71.94999694824219,71.47000122070312,71.5999984741211,51.407676696777344,6944400
2014-08-08,71.88999938964844,72.16999816894531,71.5199966430664,72.13999938964844,51.795406341552734,6750200
2014-08-11,72.25,72.73999786376953,72.16999816894531,72.54000091552734,52.08259201049805,9721300
2014-08-12,72.47000122070312,72.66000366210938,72.22000122070312,72.33000183105469,51.93181610107422,3882900
2014-08-13,72.44999694824219,73.2300033569336,72.44999694824219,73.2300033569336,52.5780143737793,5739400
2014-08-14,73.19999694824219,73.5,73.06999969482422,73.20999908447266,52.563636779785156,6522600
2014-08-15,73.45999908447266,73.62000274658203,73.02999877929688,73.27999877929688,52.613895416259766,9707600
2014-08-18,73.58000183105469,73.95999908447266,73.4800033569336,73.95999908447266,53.10213088989258,15038000
2014-08-19,74.12000274658203,74.2300033569336,73.87999725341797,74.0199966430664,53.145206451416016,7827000
2014-08-20,74.08000183105469,74.45999908447266,73.68000030517578,74.37999725341797,53.403682708740234,15038100
2014-08-21,74.4800033569336,74.69000244140625,74.30999755859375,74.30999755859375,53.35341262817383,4645100
2014-08-22,74.4000015258789,74.4000015258789,73.61000061035156,73.80999755859375,52.99443435668945,8299600
2014-08-25,74.12000274658203,74.19000244140625,73.47000122070312,73.77999877929688,52.9728889465332,7306100
2014-08-26,73.77999877929688,74.02999877929688,73.69999694824219,73.77999877929688,52.9728889465332,3133800
2014-08-27,73.94000244140625,74.08000183105469,73.7300033569336,73.9000015258789,53.05904769897461,2845500
2014-08-28,73.88999938964844,74.01000213623047,73.63999938964844,73.83000183105469,53.008792877197266,4091100
2014-08-29,73.9800033569336,74.19999694824219,73.80000305175781,74.19999694824219,53.27444839477539,6178900
2014-09-02,74.05000305175781,74.33000183105469,74.0,74.23999786376953,53.303157806396484,5386100
2014-09-03,74.2300033569336,74.47000122070312,74.08000183105469,74.26000213623047,53.317527770996094,8656900
2014-09-04,74.25,74.54000091552734,73.8499984741211,74.12000274658203,53.21702575683594,10887000
2014-09-05,74.25,74.87999725341797,74.11000061035156,74.81999969482422,53.7196044921875,13249500
2014-09-08,74.83000183105469,74.94999694824219,74.5199966430664,74.69000244140625,53.62623977661133,8470200
2014-09-09,74.48999786376953,74.68000030517578,74.1500015258789,74.29000091552734,53.339054107666016,7008100
2014-09-10,74.0199966430664,74.06999969482422,73.19000244140625,73.26000213623047,52.59956359863281,14574000
2014-09-11,73.20999908447266,73.47000122070312,72.98999786376953,73.3499984741211,52.664154052734375,6952900
2014-09-12,72.87000274658203,72.95999908447266,70.86000061035156,71.23999786376953,51.149200439453125,26111300
2014-09-15,71.27999877929688,71.55999755859375,70.66000366210938,70.94999694824219,50.94099807739258,10270100
2014-09-16,70.95999908447266,71.69999694824219,70.91999816894531,71.4800033569336,51.32151412963867,12545200
2014-09-17,71.73999786376953,72.0999984741211,71.37000274658203,71.43000030517578,51.2856330871582,18717900
2014-09-18,71.58000183105469,71.6500015258789,70.77999877929688,70.91000366210938,50.912288665771484,14133700
2014-09-19,71.08999633789062,71.27999877929688,70.75,70.94999694824219,50.94099807739258,12906500
2014-09-22,70.87999725341797,70.9000015258789,70.31999969482422,70.31999969482422,50.48866653442383,16170500
2014-09-23,70.29000091552734,70.63999938964844,69.88999938964844,69.91999816894531,50.20146942138672,8117200
2014-09-24,69.26000213623047,69.91000366210938,69.0,69.22000122070312,50.150753021240234,14179000
2014-09-25,69.2300033569336,69.2699966430664,68.61000061035156,68.87999725341797,49.9044303894043,13587200
2014-09-26,68.77999877929688,69.7300033569336,68.58999633789062,69.63999938964844,50.45505142211914,11235300
2014-09-29,69.05999755859375,69.62000274658203,68.88999938964844,69.62000274658203,50.44055938720703,10652300
2014-09-30,69.56999969482422,69.7300033569336,69.0999984741211,69.19999694824219,50.136268615722656,13406000
2014-10-01,69.18000030517578,69.6500015258789,68.94000244140625,69.23999786376953,50.16525650024414,15034400
2014-10-02,69.13999938964844,69.55999755859375,68.66000366210938,69.12999725341797,50.08554458618164,11962700
2014-10-03,69.26000213623047,69.7300033569336,69.02999877929688,69.5999984741211,50.42607498168945,6240600
2014-10-06,69.58999633789062,70.06999969482422,69.54000091552734,69.69000244140625,50.49128341674805,11312400
2014-10-07,69.5999984741211,69.94999694824219,69.2300033569336,69.27999877929688,50.19424057006836,9329100
2014-10-08,69.2699966430664,70.62000274658203,69.2699966430664,70.5999984741211,51.150569915771484,13191700
2014-10-09,70.41000366210938,71.33000183105469,70.41000366210938,70.51000213623047,51.08536911010742,18339100
2014-10-10,70.69000244140625,71.33999633789062,70.37999725341797,70.41000366210938,51.0129280090332,11216900
2014-10-13,70.54000091552734,71.08999633789062,70.2300033569336,70.29000091552734,50.92598342895508,10469700
2014-10-14,70.75,71.86000061035156,70.5999984741211,71.3499984741211,51.693965911865234,15145100
2014-10-15,71.16000366210938,71.61000061035156,70.2300033569336,70.8499984741211,51.33170700073242,16837100
2014-10-16,70.51000213623047,71.33000183105469,70.11000061035156,71.04000091552734,51.469356536865234,19074200
2014-10-17,71.79000091552734,71.79000091552734,70.79000091552734,71.4000015258789,51.730201721191406,10453600
2014-10-20,71.37999725341797,72.43000030517578,71.27999877929688,72.41999816894531,52.46919631958008,12469500
2014-10-21,72.6500015258789,73.20999908447266,72.33999633789062,73.11000061035156,52.96910858154297,8566600
2014-10-22,73.18000030517578,73.62999725341797,73.0199966430664,73.08000183105469,52.94737243652344,20312600
2014-10-23,73.2699966430664,73.80999755859375,73.1500015258789,73.62999725341797,53.34585952758789,7534300
2014-10-24,73.61000061035156,73.91000366210938,73.20999908447266,73.66000366210938,53.36760330200195,6597300
2014-10-27,73.58000183105469,74.12000274658203,73.51000213623047,74.0999984741211,53.68637466430664,9239800
2014-10-28,73.83000183105469,74.3499984741211,73.55000305175781,74.33999633789062,53.86024475097656,5225400
2014-10-29,74.18000030517578,74.30999755859375,73.25,73.79000091552734,53.4617805480957,17115000
2014-10-30,73.55999755859375,74.5,73.55999755859375,74.41999816894531,53.91822052001953,9237500
2014-10-31,74.62999725341797,75.16999816894531,74.52999877929688,74.9800033569336,54.323944091796875,11739400
2014-11-03,74.9800033569336,75.5999984741211,74.91999816894531,75.55999755859375,54.74418258666992,12949400
2014-11-04,75.55000305175781,75.69999694824219,74.94000244140625,75.6500015258789,54.80936813354492,9954600
2014-11-05,75.73999786376953,75.9800033569336,75.19000244140625,75.6500015258789,54.80936813354492,15315300
2014-11-06,75.61000061035156,76.0,75.13999938964844,75.33000183105469,54.57754135131836,9263600
2014-11-07,75.43000030517578,75.55000305175781,74.91000366210938,75.2699966430664,54.534061431884766,11903100
2014-11-10,74.75,75.68000030517578,74.75,75.61000061035156,54.780391693115234,5578800
2014-11-11,75.63999938964844,75.87000274658203,75.08999633789062,75.41999816894531,54.64275360107422,4006400
2014-11-12,75.41999816894531,75.47000122070312,74.81999969482422,75.02999877929688,54.36016082763672,6982900
2014-11-13,75.19999694824219,75.55999755859375,75.08000183105469,75.33000183105469,54.57754135131836,4929900
2014-11-14,75.33999633789062,75.4800033569336,74.72000122070312,74.87000274658203,54.2442512512207,10126800
2014-11-17,74.80999755859375,75.26000213623047,74.80999755859375,75.1500015258789,54.44711685180664,5108100
2014-11-18,75.2300033569336,75.63999938964844,75.05999755859375,75.51000213623047,54.707942962646484,8649400
2014-11-19,75.45999908447266,75.54000091552734,75.0,75.04000091552734,54.367435455322266,6087700
2014-11-20,74.83999633789062,75.25,74.61000061035156,75.25,54.51957321166992,5225700
2014-11-21,75.88999938964844,75.88999938964844,75.51000213623047,75.80000305175781,54.918052673339844,11642100
2014-11-24,76.05999755859375,76.22000122070312,75.87999725341797,76.0199966430664,55.07744598388672,6410800
2014-11-25,76.16000366210938,76.37999725341797,75.91000366210938,76.2300033569336,55.22958755493164,5977200
2014-11-26,76.37999725341797,76.8499984741211,76.26000213623047,76.80000305175781,55.642547607421875,24093400
2014-11-28,76.66000366210938,77.72000122070312,76.62000274658203,77.0199966430664,55.80194854736328,6364800
2014-12-01,76.9000015258789,77.33999633789062,76.30000305175781,76.73999786376953,55.599082946777344,6441100
2014-12-02,76.58000183105469,77.0999984741211,76.16999816894531,77.01000213623047,55.79470443725586,8923600
2014-12-03,77.02999877929688,77.13999938964844,76.75,76.94000244140625,55.74399185180664,6650400
2014-12-04,77.08000183105469,77.12999725341797,76.52999877929688,77.05999755859375,55.8309211730957,11707200
2014-12-05,76.62999725341797,76.83999633789062,76.13999938964844,76.66000366210938,55.541114807128906,18115200
2014-12-08,76.62999725341797,77.41999816894531,76.44000244140625,77.0,55.78745651245117,13087400
2014-12-09,76.63999938964844,77.41999816894531,76.44999694824219,77.26000213623047,55.97584533691406,8587200
2014-12-10,76.9800033569336,77.37999725341797,76.76000213623047,77.08000183105469,55.845420837402344,8776700
2014-12-11,77.05000305175781,77.47000122070312,77.05000305175781,77.1500015258789,55.896148681640625,11043400
2014-12-12,77.0199966430664,77.36000061035156,76.43000030517578,76.44999694824219,55.38899612426758,12861800
2014-12-15,76.62000274658203,76.86000061035156,75.43000030517578,75.55000305175781,54.736915588378906,10420800
2014-12-16,75.6500015258789,75.97000122070312,74.91999816894531,75.19999694824219,54.483341217041016,14201200
2014-12-17,75.45999908447266,76.9000015258789,75.3499984741211,76.87999725341797,55.70050811767578,18752800
2014-12-18,77.20999908447266,77.56999969482422,76.9000015258789,77.56999969482422,56.200435638427734,14002900
2014-12-19,77.44999694824219,77.9800033569336,77.31999969482422,77.7300033569336,56.31637191772461,9311400
2014-12-22,77.69999694824219,79.01000213623047,77.6500015258789,79.01000213623047,57.243736267089844,15917300
2014-12-23,79.0199966430664,79.12999725341797,78.44999694824219,78.61000061035156,56.95391845703125,9392600
2014-12-24,77.97000122070312,78.26000213623047,77.43000030517578,77.4800033569336,56.71965408325195,4057500
2014-12-26,77.6500015258789,77.97000122070312,77.62999725341797,77.77999877929688,56.939292907714844,2903000
2014-12-29,77.69999694824219,78.44000244140625,77.4800033569336,78.12000274658203,57.18819046020508,3913300
2014-12-30,77.88999938964844,78.41000366210938,77.83000183105469,78.04000091552734,57.129615783691406,7674500
2014-12-31,78.26000213623047,78.62000274658203,76.76000213623047,76.83999633789062,56.251155853271484,9269300
2015-01-02,77.47000122070312,77.94000244140625,77.08000183105469,77.79000091552734,56.94660949707031,12872400
2015-01-05,77.58999633789062,78.22000122070312,77.44000244140625,78.05000305175781,57.13695526123047,17764500
2015-01-06,78.2300033569336,78.93000030517578,78.1500015258789,78.62000274658203,57.554229736328125,12123800
2015-01-07,78.6500015258789,79.80999755859375,78.48999786376953,79.63999938964844,58.300926208496094,10974600
2015-01-08,79.83999633789062,80.2699966430664,79.47000122070312,80.08999633789062,58.630340576171875,10114600
2015-01-09,80.1500015258789,80.43000030517578,79.61000061035156,80.12000274658203,58.65229797363281,7466600
2015-01-12,80.23999786376953,80.62999725341797,80.0,80.55999755859375,58.97440719604492,7158000
2015-01-13,80.68000030517578,81.02999877929688,79.88999938964844,80.3499984741211,58.820674896240234,12015700
2015-01-14,79.9800033569336,80.9000015258789,79.81999969482422,80.87999725341797,59.208656311035156,10170100
2015-01-15,81.16999816894531,81.2300033569336,80.58000183105469,80.98999786376953,59.28916931152344,12157200
2015-01-16,80.9000015258789,81.79000091552734,80.7300033569336,81.68000030517578,59.794288635253906,12006100
2015-01-20,81.9000015258789,82.05999755859375,80.80999755859375,81.04000091552734,59.325782775878906,14678600
2015-01-21,80.9800033569336,81.05000305175781,80.63999938964844,80.91999816894531,59.23794937133789,6809800
2015-01-22,81.26000213623047,82.55999755859375,81.1500015258789,82.5,60.39458465576172,10640200
2015-01-23,82.44999694824219,82.76000213623047,82.1500015258789,82.33000183105469,60.2701416015625,5036800
2015-01-26,82.37000274658203,83.16000366210938,82.12999725341797,83.13999938964844,60.86309814453125,8672500
2015-01-27,82.83999633789062,83.33000183105469,82.69999694824219,83.02999877929688,60.782569885253906,4193200
2015-01-28,83.20999908447266,83.54000091552734,82.41999816894531,82.44000244140625,60.350669860839844,12341600
2015-01-29,82.7300033569336,82.7300033569336,81.80999755859375,82.58000183105469,60.45315170288086,6878100
2015-01-30,82.56999969482422,82.56999969482422,81.16999816894531,81.2300033569336,59.46489715576172,10085200
2015-02-02,81.26000213623047,81.2699966430664,79.55999755859375,80.97000122070312,59.2745475769043,24404900
2015-02-03,80.72000122070312,81.80000305175781,80.54000091552734,81.72000122070312,59.82358932495117,9988800
2015-02-04,81.48999786376953,81.80000305175781,81.05999755859375,81.4800033569336,59.64790344238281,7781900
2015-02-05,81.55999755859375,82.41000366210938,81.43000030517578,82.33000183105469,60.2701416015625,10348300
2015-02-06,82.0999984741211,82.12999725341797,79.8499984741211,80.16000366210938,58.68159484863281,16536500
2015-02-09,80.05999755859375,80.55000305175781,79.75,79.77999877929688,58.403419494628906,8727900
2015-02-10,79.83999633789062,80.20999908447266,79.19999694824219,80.05999755859375,58.608360290527344,9174000
2015-02-11,80.06999969482422,80.43000030517578,79.33999633789062,79.88999938964844,58.483924865722656,7335800
2015-02-12,80.5,80.80999755859375,79.80000305175781,80.75,59.11349105834961,9485200
2015-02-13,80.79000091552734,81.0,79.9000015258789,80.30999755859375,58.791404724121094,8445900
2015-02-17,80.08000183105469,80.9800033569336,79.95999908447266,80.08000183105469,58.62302017211914,12515100
2015-02-18,80.2699966430664,80.87000274658203,79.58000183105469,80.76000213623047,59.120819091796875,14340800
2015-02-19,80.08000183105469,80.6500015258789,79.11000061035156,79.22000122070312,57.99345397949219,12481500
2015-02-20,79.69000244140625,80.1500015258789,79.12999725341797,79.94999694824219,58.527862548828125,11002900
2015-02-23,80.26000213623047,80.62000274658203,79.9000015258789,80.58000183105469,58.98903274536133,13375200
2015-02-24,80.08000183105469,80.12999725341797,78.77999877929688,79.05999755859375,57.87630844116211,20628500
2015-02-25,78.97000122070312,79.97000122070312,78.94000244140625,79.2300033569336,58.000755310058594,10763300
2015-02-26,78.95999908447266,79.2699966430664,78.37000274658203,78.55999755859375,57.51031494140625,9507800
2015-02-27,78.5999984741211,79.2300033569336,78.30000305175781,79.12000274658203,57.92023849487305,8342300
2015-03-02,79.13999938964844,80.22000122070312,79.13999938964844,79.43000030517578,58.14717102050781,14633600
2015-03-03,79.11000061035156,79.41999816894531,78.66999816894531,79.22000122070312,57.99345397949219,9993100
2015-03-04,79.23999786376953,79.33000183105469,78.44000244140625,78.55999755859375,57.51031494140625,8349000
2015-03-05,78.79000091552734,79.48999786376953,78.75,78.81999969482422,57.700645446777344,10928000
2015-03-06,77.70999908447266,77.83999633789062,76.33000183105469,76.41999816894531,55.94369888305664,20520000
2015-03-09,76.94000244140625,77.19000244140625,76.69999694824219,77.0999984741211,56.441490173339844,9657400
2015-03-10,76.81999969482422,77.18000030517578,76.66000366210938,76.72000122070312,56.16331100463867,12492000
2015-03-11,76.88999938964844,77.11000061035156,76.56999969482422,76.83000183105469,56.243831634521484,8404700
2015-03-12,77.25,78.1500015258789,77.16999816894531,78.0999984741211,57.173553466796875,8212300
2015-03-13,78.02999877929688,78.16000366210938,77.4000015258789,77.80999755859375,56.96125411987305,6949400
2015-03-16,78.1500015258789,79.05000305175781,78.1500015258789,78.66000366210938,57.58351135253906,7447800
2015-03-17,78.62000274658203,78.94000244140625,78.22000122070312,78.58999633789062,57.53226089477539,9367700
2015-03-18,78.56999969482422,80.44000244140625,78.20999908447266,80.13999938964844,58.66695022583008,18583800
2015-03-19,80.06999969482422,80.55000305175781,79.81999969482422,80.0199966430664,58.57908630371094,11850700
2015-03-20,80.54000091552734,82.04000091552734,80.30000305175781,81.95999908447266,59.9992790222168,17722200
2015-03-23,81.9000015258789,82.41000366210938,81.66999816894531,81.83999633789062,59.911415100097656,7329000
2015-03-24,81.55000305175781,81.80999755859375,81.13999938964844,81.18000030517578,59.42827224731445,12777500
2015-03-25,80.7300033569336,80.94999694824219,79.02999877929688,79.19000244140625,58.44666290283203,15304100
2015-03-26,78.95999908447266,79.19000244140625,78.52999877929688,78.73999786376953,58.1145133972168,10719700
2015-03-27,78.98999786376953,79.30999755859375,78.68000030517578,79.01000213623047,58.31380844116211,7485200
2015-03-30,79.66999816894531,80.02999877929688,79.0999984741211,79.9000015258789,58.97068405151367,11187600
2015-03-31,79.37000274658203,80.19999694824219,79.18000030517578,79.31999969482422,58.54259490966797,7088100
2015-04-01,79.19000244140625,79.72000122070312,78.70999908447266,79.30999755859375,58.53523635864258,11385800
2015-04-02,79.06999969482422,80.08000183105469,79.06999969482422,79.83999633789062,58.92641067504883,9028100
2015-04-06,80.20999908447266,80.81999969482422,79.95999908447266,80.63999938964844,59.51683807373047,10547300
2015-04-07,80.88999938964844,80.88999938964844,79.33000183105469,79.33000183105469,58.54998016357422,9165700
2015-04-08,79.4000015258789,79.69000244140625,79.22000122070312,79.55000305175781,58.71236038208008,5823400
2015-04-09,79.45999908447266,79.45999908447266,77.98999786376953,78.1500015258789,57.67908477783203,10568000
2015-04-10,78.63999938964844,78.93000030517578,77.86000061035156,78.0999984741211,57.642189025878906,8593000
2015-04-13,78.22000122070312,78.4000015258789,77.83999633789062,77.87999725341797,57.47981643676758,7430900
2015-04-14,78.16999816894531,78.43000030517578,77.87000274658203,78.04000091552734,57.597896575927734,5267000
2015-04-15,78.33000183105469,78.33000183105469,77.56999969482422,77.58000183105469,57.25838088989258,9424600
2015-04-16,77.37000274658203,78.13999938964844,77.16000366210938,77.9000015258789,57.49456787109375,7173900
2015-04-17,77.5,77.9800033569336,77.02999877929688,77.48999786376953,57.19197463989258,10724100
2015-04-20,77.88999938964844,78.0,77.37000274658203,77.58999633789062,57.26575469970703,10799100
2015-04-21,77.80000305175781,78.16999816894531,77.5,77.6500015258789,57.310054779052734,8797900
2015-04-22,77.80000305175781,78.12999725341797,77.61000061035156,77.87999725341797,57.47981643676758,5737300
2015-04-23,77.73999786376953,78.19000244140625,77.66000366210938,78.0199966430664,57.58312225341797,5199300
2015-04-24,78.13999938964844,78.58999633789062,77.87999725341797,78.1500015258789,57.67908477783203,4576400
2015-04-27,78.30999755859375,78.7300033569336,77.8499984741211,77.94000244140625,57.524085998535156,9280800
2015-04-28,78.18000030517578,78.19999694824219,77.47000122070312,77.91999816894531,57.50931930541992,5714900
2015-04-29,77.01000213623047,77.55999755859375,76.2699966430664,76.38999938964844,56.380104064941406,11455400
2015-04-30,76.33999633789062,76.3499984741211,75.0199966430664,75.5,55.72323989868164,17918700
2015-05-01,75.43000030517578,76.37999725341797,75.33000183105469,75.9000015258789,56.018463134765625,21746800
2015-05-04,76.26000213623047,76.63999938964844,75.94000244140625,76.0999984741211,56.16608428955078,14824500
2015-05-05,75.9000015258789,75.9000015258789,74.33999633789062,74.43000030517578,54.93352127075195,11862900
2015-05-06,74.44999694824219,74.69000244140625,73.88999938964844,74.2300033569336,54.78590393066406,12904800
2015-05-07,74.51000213623047,75.58000183105469,74.33999633789062,75.20999908447266,55.50918960571289,16791000
2015-05-08,76.33999633789062,77.20999908447266,76.19000244140625,76.36000061035156,56.357948303222656,13075500
2015-05-11,76.13999938964844,76.5,75.05999755859375,75.25,55.53871536254883,13330800
2015-05-12,74.83999633789062,75.66999816894531,74.2699966430664,75.47000122070312,55.70109558105469,11913400
2015-05-13,76.0,76.22000122070312,74.69000244140625,74.83999633789062,55.23610305786133,12145200
2015-05-14,75.27999877929688,76.2300033569336,75.22000122070312,76.19999694824219,56.23987579345703,7909700
2015-05-15,76.54000091552734,77.05999755859375,76.26000213623047,76.83000183105469,56.70485305786133,13163300
2015-05-18,76.6500015258789,76.83000183105469,76.31999969482422,76.5999984741211,56.535099029541016,7063100
2015-05-19,76.06999969482422,76.94999694824219,76.06999969482422,76.5,56.46127700805664,8381900
2015-05-20,76.55000305175781,76.9000015258789,76.33000183105469,76.33999633789062,56.34318923950195,8277000
2015-05-21,76.38999938964844,76.51000213623047,75.70999908447266,75.98999786376953,56.084877014160156,5536800
2015-05-22,75.95999908447266,76.4000015258789,75.55000305175781,76.01000213623047,56.09963607788086,4251100
2015-05-26,76.37999725341797,76.37999725341797,75.26000213623047,75.55000305175781,55.76014709472656,6393800
2015-05-27,75.7699966430664,76.2699966430664,75.44000244140625,76.12000274658203,56.18083572387695,5962500
2015-05-28,76.20999908447266,76.30000305175781,75.66000366210938,76.06999969482422,56.14393615722656,7022300
2015-05-29,75.97000122070312,76.1500015258789,75.1500015258789,75.25,55.53871536254883,15271600
2015-06-01,75.44999694824219,76.16999816894531,75.13999938964844,75.9800033569336,56.07748794555664,8459900
2015-06-02,75.72000122070312,75.77999877929688,75.1500015258789,75.36000061035156,55.61990737915039,9112700
2015-06-03,75.29000091552734,75.4000015258789,74.31999969482422,74.44999694824219,54.948280334472656,11585400
2015-06-04,74.3499984741211,74.7300033569336,74.16000366210938,74.37999725341797,54.896610260009766,8710300
2015-06-05,73.19999694824219,74.05000305175781,73.16999816894531,73.4800033569336,54.23237991333008,17844800
2015-06-08,73.63999938964844,73.70999908447266,73.23999786376953,73.33000183105469,54.12165451049805,7176200
2015-06-09,73.30000305175781,73.48999786376953,72.73999786376953,72.80000305175781,53.73048782348633,7886200
2015-06-10,72.69999694824219,73.94999694824219,72.66999816894531,73.31999969482422,54.11427688598633,12669800
2015-06-11,73.9000015258789,74.08000183105469,73.68000030517578,73.9000015258789,54.54234313964844,8347600
2015-06-12,73.79000091552734,74.06999969482422,73.62999725341797,73.76000213623047,54.43901443481445,4892600
2015-06-15,73.68000030517578,73.79000091552734,73.22000122070312,73.37999725341797,54.15856170654297,5062100
2015-06-16,73.58000183105469,74.08000183105469,73.33999633789062,74.0,54.61614990234375,5015000
2015-06-17,73.94999694824219,74.62000274658203,73.5,74.45999908447266,54.955650329589844,15038300
2015-06-18,74.5,75.80999755859375,74.48999786376953,75.48999786376953,55.715843200683594,13450000
2015-06-19,75.43000030517578,75.5,74.79000091552734,75.0,55.35421371459961,11366700
2015-06-22,74.80000305175781,75.30999755859375,74.25,74.26000213623047,54.80805587768555,9208800
2015-06-23,74.05000305175781,74.2300033569336,73.66000366210938,73.9000015258789,54.54234313964844,10518500
2015-06-24,73.27999877929688,73.47000122070312,72.7699966430664,72.83000183105469,54.235538482666016,7574800
2015-06-25,72.76000213623047,72.8499984741211,72.11000061035156,72.13999938964844,53.72170639038086,10651800
2015-06-26,72.05000305175781,72.68000030517578,71.8499984741211,72.48999786376953,53.982337951660156,9671100
2015-06-29,72.51000213623047,72.9000015258789,71.29000091552734,71.33000183105469,53.118507385253906,7226300
2015-06-30,71.8499984741211,72.0,71.23999786376953,71.30000305175781,53.09616470336914,13702600
2015-07-01,71.27999877929688,72.41000366210938,71.06999969482422,72.38999938964844,53.90788269042969,10856300
2015-07-02,72.79000091552734,73.38999938964844,72.47000122070312,72.55000305175781,54.02702713012695,7691800
2015-07-06,72.33000183105469,73.04000091552734,72.13999938964844,72.87999725341797,54.27276611328125,11054900
2015-07-07,73.44999694824219,74.1500015258789,73.19000244140625,74.0,55.106815338134766,12555400
2015-07-08,73.66999816894531,73.9800033569336,73.43000030517578,73.61000061035156,54.81637191772461,7358500
2015-07-09,73.86000061035156,74.05999755859375,73.08000183105469,73.26000213623047,54.55575942993164,8497100
2015-07-10,73.41999816894531,74.27999877929688,73.37000274658203,73.7699966430664,54.935546875,12232300
2015-07-13,73.91000366210938,74.69000244140625,73.58999633789062,73.87999725341797,55.01744842529297,9096300
2015-07-14,73.95999908447266,74.3499984741211,73.7300033569336,74.08000183105469,55.16640853881836,5039200
2015-07-15,73.80000305175781,74.37999725341797,73.7699966430664,74.1500015258789,55.218509674072266,5691900
2015-07-16,74.62999725341797,74.80999755859375,74.33999633789062,74.68000030517578,55.61319351196289,6128500
2015-07-17,74.9000015258789,74.9000015258789,74.18000030517578,74.38999938964844,55.39726257324219,11760900
2015-07-20,74.44000244140625,74.68000030517578,74.05000305175781,74.5199966430664,55.49406051635742,4780500
2015-07-21,74.44999694824219,74.83999633789062,74.25,74.25,55.292991638183594,5816200
2015-07-22,74.41000366210938,74.80999755859375,74.27999877929688,74.45999908447266,55.44939422607422,6674800
2015-07-23,74.56999969482422,74.61000061035156,73.48999786376953,73.93000030517578,55.05469512939453,8558000
2015-07-24,73.95999908447266,74.27999877929688,73.69999694824219,73.94999694824219,55.0695915222168,5632000
2015-07-27,74.05000305175781,74.5,73.9000015258789,74.11000061035156,55.18873596191406,6326100
2015-07-28,73.94000244140625,74.4800033569336,73.94000244140625,74.25,55.292991638183594,6276000
2015-07-29,74.29000091552734,74.77999877929688,73.80000305175781,74.62999725341797,55.57596206665039,7111000
2015-07-30,74.30999755859375,74.63999938964844,74.12000274658203,74.3499984741211,55.36745071411133,6573800
2015-07-31,74.98999786376953,75.37999725341797,74.69999694824219,74.83000183105469,55.72492218017578,10817000
2015-08-03,74.83999633789062,75.26000213623047,74.76000213623047,75.19999694824219,56.00044250488281,6576300
2015-08-04,75.06999969482422,75.58000183105469,74.63999938964844,74.80999755859375,55.71002197265625,11675200
2015-08-05,75.0,75.08999633789062,74.22000122070312,74.48999786376953,55.471710205078125,19488200
2015-08-06,74.4800033569336,74.62999725341797,73.44000244140625,74.48999786376953,55.471710205078125,12177900
2015-08-07,74.41000366210938,74.87999725341797,73.94999694824219,74.75,55.66533660888672,8922300
2015-08-10,75.01000213623047,75.16000366210938,74.44000244140625,74.76000213623047,55.672786712646484,6650700
2015-08-11,74.69000244140625,75.4800033569336,74.47000122070312,75.26000213623047,56.04512405395508,15118000
2015-08-12,74.98999786376953,75.41999816894531,74.51000213623047,75.37000274658203,56.12703323364258,9449200
2015-08-13,75.33999633789062,75.83999633789062,74.7300033569336,75.5199966430664,56.238731384277344,6766300
2015-08-14,75.37999725341797,76.0,75.0999984741211,75.94999694824219,56.5589485168457,6172000
2015-08-17,75.94999694824219,76.55000305175781,75.63999938964844,76.5199966430664,56.983428955078125,13312500
2015-08-18,76.26000213623047,76.69000244140625,76.20999908447266,76.58000183105469,57.02810287475586,7646100
2015-08-19,76.30999755859375,76.5199966430664,75.7300033569336,76.16000366210938,56.71533966064453,12455500
2015-08-20,75.73999786376953,76.05000305175781,75.43000030517578,75.56999969482422,56.27597427368164,10035600
2015-08-21,75.13999938964844,75.43000030517578,74.01000213623047,74.08999633789062,55.1738395690918,15775300
2015-08-24,71.7699966430664,72.91000366210938,70.38999938964844,70.62999725341797,52.59721755981445,30430400
2015-08-25,72.23999786376953,72.25,68.77999877929688,68.8499984741211,51.271690368652344,19250300
2015-08-26,69.52999877929688,70.7699966430664,69.1500015258789,70.56999969482422,52.55255126953125,15152900
2015-08-27,71.38999938964844,72.55000305175781,70.73999786376953,71.98999786376953,53.609989166259766,12395800
2015-08-28,71.80000305175781,72.06999969482422,71.4800033569336,71.91000366210938,53.55042266845703,8457300
2015-08-31,71.87000274658203,71.94000244140625,70.4800033569336,70.4800033569336,52.48552703857422,10548700
2015-09-01,69.77999877929688,70.0999984741211,68.69000244140625,69.13999938964844,51.487640380859375,12235700
2015-09-02,69.79000091552734,70.04000091552734,69.22000122070312,69.87999725341797,52.0387077331543,8836800
2015-09-03,69.80999755859375,70.54000091552734,69.7699966430664,70.0199966430664,52.14295959472656,8479800
2015-09-04,69.52999877929688,69.63999938964844,68.27999877929688,68.69000244140625,51.15252685546875,11283100
2015-09-08,68.94999694824219,69.94000244140625,68.94999694824219,69.7300033569336,51.927005767822266,11894600
2015-09-09,70.29000091552734,70.56999969482422,68.77999877929688,68.87999725341797,51.294029235839844,9367600
2015-09-10,68.69999694824219,69.6500015258789,68.69999694824219,68.95999908447266,51.35359191894531,8826100
2015-09-11,69.19999694824219,70.12000274658203,68.83000183105469,70.08999633789062,52.19509506225586,8895200
2015-09-14,70.30000305175781,70.30999755859375,69.88999938964844,70.05000305175781,52.16530227661133,6123800
2015-09-15,70.06999969482422,70.8499984741211,69.68000030517578,70.63999938964844,52.604671478271484,7419200
2015-09-16,70.5999984741211,71.69999694824219,70.58999633789062,71.55000305175781,53.28232955932617,6440100
2015-09-17,71.55999755859375,73.4800033569336,71.19999694824219,72.25,53.803619384765625,23255500
2015-09-18,71.48999786376953,72.88999938964844,71.27999877929688,72.01000213623047,53.62489318847656,15598900
2015-09-21,72.04000091552734,72.94999694824219,72.04000091552734,72.63999938964844,54.09404373168945,12965300
2015-09-22,72.23999786376953,72.4000015258789,71.4800033569336,71.68000030517578,53.37915802001953,7487300
2015-09-23,72.0199966430664,72.38999938964844,71.54000091552734,72.01000213623047,53.62489318847656,6846100
2015-09-24,71.91999816894531,72.18000030517578,70.97000122070312,71.3499984741211,53.133399963378906,9862500
2015-09-25,70.98999786376953,71.55999755859375,70.62999725341797,71.04000091552734,53.4010009765625,8098200
2015-09-28,70.79000091552734,70.87999725341797,69.30000305175781,69.76000213623047,52.438819885253906,11976500
2015-09-29,69.77999877929688,70.63999938964844,69.62999725341797,70.25,52.807159423828125,10142100
2015-09-30,70.7699966430664,71.05000305175781,70.31999969482422,70.94999694824219,53.33335494995117,9887100
2015-10-01,71.05999755859375,71.37000274658203,70.54000091552734,71.27999877929688,53.58139419555664,8296500
2015-10-02,71.54000091552734,71.9000015258789,70.55000305175781,71.9000015258789,54.0474739074707,12667900
2015-10-05,72.0199966430664,73.29000091552734,71.9800033569336,73.19000244140625,55.017173767089844,6663000
2015-10-06,73.20999908447266,73.51000213623047,72.86000061035156,73.01000213623047,54.881858825683594,4900900
2015-10-07,73.45999908447266,73.76000213623047,73.04000091552734,73.72000122070312,55.41556930541992,6780200
2015-10-08,73.62999725341797,74.44999694824219,73.41999816894531,74.33000183105469,55.87411117553711,8343400
2015-10-09,74.61000061035156,74.69999694824219,73.88999938964844,74.25,55.8139762878418,5761900
2015-10-12,74.29000091552734,74.91999816894531,74.11000061035156,74.6500015258789,56.114646911621094,5143600
2015-10-13,74.3499984741211,74.69000244140625,73.93000030517578,74.0999984741211,55.70122146606445,8391100
2015-10-14,74.2300033569336,74.3499984741211,73.44000244140625,73.62000274658203,55.34040451049805,8572800
2015-10-15,73.77999877929688,74.5,73.66999816894531,74.45999908447266,55.97183609008789,5692000
2015-10-16,74.56999969482422,75.16999816894531,74.54000091552734,75.05999755859375,56.422855377197266,5913700
2015-10-19,75.02999877929688,75.98999786376953,74.87999725341797,75.94999694824219,57.091854095458984,7806700
2015-10-20,75.55999755859375,76.16999816894531,75.55999755859375,76.04000091552734,57.15951919555664,10961400
2015-10-21,76.05000305175781,76.33999633789062,75.6500015258789,75.7699966430664,56.95656204223633,5887900
2015-10-22,75.88999938964844,76.7699966430664,75.7699966430664,76.5999984741211,57.58047103881836,8893900
2015-10-23,76.9800033569336,77.0,75.44000244140625,75.9000015258789,57.05427551269531,8063000
2015-10-26,75.95999908447266,76.0999984741211,75.31999969482422,75.88999938964844,57.04676818847656,6239000
2015-10-27,75.68000030517578,75.91999816894531,75.30000305175781,75.69999694824219,56.903926849365234,9751800
2015-10-28,75.73999786376953,76.36000061035156,74.6500015258789,75.98999786376953,57.1219367980957,16084400
2015-10-29,75.66999816894531,76.05999755859375,75.41999816894531,75.91000366210938,57.06178283691406,7657800
2015-10-30,75.91999816894531,76.12999725341797,75.2699966430664,75.36000061035156,56.64835739135742,9418500
2015-11-02,75.41999816894531,77.04000091552734,75.3499984741211,77.02999877929688,57.90370178222656,20538100
2015-11-03,76.75,76.7699966430664,76.01000213623047,76.2699966430664,57.332420349121094,7607300
2015-11-04,76.19999694824219,76.4800033569336,75.73999786376953,75.94000244140625,57.08435821533203,7163700
2015-11-05,75.94999694824219,76.22000122070312,75.45999908447266,76.16000366210938,57.24972152709961,8065900
2015-11-06,74.9800033569336,75.3499984741211,73.51000213623047,73.9800033569336,55.61100387573242,23851000
2015-11-09,73.38999938964844,73.70999908447266,72.4800033569336,72.9800033569336,54.859310150146484,13643800
2015-11-10,73.02999877929688,73.80000305175781,72.9800033569336,73.6500015258789,55.362953186035156,9734500
2015-11-11,73.66999816894531,74.08000183105469,73.48999786376953,73.73999786376953,55.430606842041016,4765400
2015-11-12,73.6500015258789,73.87000274658203,73.12000274658203,73.20999908447266,55.03219223022461,6101900
2015-11-13,73.38999938964844,73.61000061035156,72.43000030517578,72.44000244140625,54.4533805847168,11693000
2015-11-16,72.30000305175781,73.30999755859375,72.30000305175781,73.29000091552734,55.09232711791992,7639900
2015-11-17,73.19000244140625,73.95999908447266,72.95999908447266,73.33000183105469,55.12240982055664,9096300
2015-11-18,73.58999633789062,74.16999816894531,73.12000274658203,74.11000061035156,55.70873260498047,8297800
2015-11-19,74.27999877929688,74.62000274658203,74.0199966430664,74.31999969482422,55.86658477783203,6543000
2015-11-20,74.38999938964844,75.16999816894531,74.37999725341797,75.08000183105469,56.43787384033203,7804800
2015-11-23,75.08000183105469,75.51000213623047,74.95999908447266,75.20999908447266,56.535606384277344,5148700
2015-11-24,75.30999755859375,75.30999755859375,74.25,74.83999633789062,56.25747299194336,9755400
2015-11-25,74.91000366210938,75.27999877929688,74.83999633789062,75.08999633789062,56.445396423339844,4324400
2015-11-27,74.91000366210938,75.91000366210938,74.91000366210938,75.69000244140625,56.89640426635742,3255300
2015-11-30,75.80000305175781,76.08000183105469,74.98999786376953,75.20999908447266,56.535606384277344,12528300
2015-12-01,75.5,76.20999908447266,75.16999816894531,76.13999938964844,57.23469543457031,9098100
2015-12-02,75.80999755859375,76.04000091552734,74.62000274658203,74.69999694824219,56.1522331237793,8035600
2015-12-03,74.52999877929688,74.66000366210938,73.4000015258789,73.5999984741211,55.325374603271484,14229900
2015-12-04,73.79000091552734,75.05999755859375,73.5999984741211,74.83000183105469,56.24997329711914,9648400
2015-12-07,74.72000122070312,75.0,74.3499984741211,74.62999725341797,56.099613189697266,9785600
2015-12-08,74.30000305175781,74.76000213623047,74.0999984741211,74.44999694824219,55.96430206298828,9961000
2015-12-09,74.04000091552734,74.8499984741211,73.66000366210938,73.98999786376953,55.61853790283203,13820000
2015-12-10,73.91000366210938,74.33999633789062,73.48999786376953,73.56999969482422,55.30281066894531,6709400
2015-12-11,73.27999877929688,73.62999725341797,72.80000305175781,73.2300033569336,55.04723358154297,10311100
2015-12-14,72.93000030517578,73.72000122070312,72.61000061035156,73.45999908447266,55.22011947631836,13501300
2015-12-15,73.91000366210938,74.62000274658203,73.7699966430664,74.2699966430664,55.829002380371094,10914100
2015-12-16,74.56999969482422,75.87000274658203,74.5,75.7300033569336,56.92649841308594,15076200
2015-12-17,75.9000015258789,75.9000015258789,75.0999984741211,75.36000061035156,56.64835739135742,9570800
2015-12-18,75.1500015258789,75.4000015258789,74.37000274658203,74.4000015258789,55.92672348022461,14399200
2015-12-21,74.91000366210938,75.11000061035156,74.36000061035156,74.77999877929688,56.21235656738281,9353700
2015-12-22,75.13999938964844,75.5,74.87999725341797,75.08999633789062,56.445396423339844,8286600
2015-12-23,75.18000030517578,75.97000122070312,75.13999938964844,75.94000244140625,57.08435821533203,7034200
2015-12-24,74.97000122070312,75.23999786376953,74.61000061035156,75.0,57.099586486816406,3726600
2015-12-28,74.75,75.31999969482422,74.56999969482422,75.22000122070312,57.26707077026367,6272800
2015-12-29,75.48999786376953,76.08999633789062,75.41000366210938,75.98999786376953,57.853294372558594,5219300
2015-12-30,76.05000305175781,76.12999725341797,75.56999969482422,75.6500015258789,57.594451904296875,4516300
2015-12-31,75.76000213623047,75.8499984741211,74.9800033569336,75.08000183105469,57.16047668457031,7588400
2016-01-04,74.70999908447266,74.70999908447266,73.56999969482422,74.3499984741211,56.604713439941406,14761900
2016-01-05,74.33000183105469,75.77999877929688,74.23999786376953,75.56999969482422,57.53354263305664,11206900
2016-01-06,74.94999694824219,75.44000244140625,74.83000183105469,75.31999969482422,57.34321212768555,11334600
2016-01-07,74.2300033569336,74.63999938964844,73.62000274658203,73.63999938964844,56.06418228149414,11830900
2016-01-08,74.22000122070312,74.31999969482422,72.63999938964844,72.7699966430664,55.401817321777344,10708700
2016-01-11,73.05999755859375,73.44999694824219,72.77999877929688,73.05999755859375,55.622589111328125,9585300
2016-01-12,73.5199966430664,73.62999725341797,72.16000366210938,72.55000305175781,55.23432922363281,10253000
2016-01-13,72.88999938964844,73.30999755859375,71.30999755859375,71.44999694824219,54.3968505859375,11502400
2016-01-14,71.41000366210938,72.0,70.80999755859375,71.3499984741211,54.32072067260742,10981100
2016-01-15,70.48999786376953,70.80999755859375,69.87000274658203,70.54000091552734,53.704071044921875,14280200
2016-01-19,70.66000366210938,71.47000122070312,70.52999877929688,70.75,53.86393737792969,15626800
2016-01-20,70.0,70.2300033569336,67.33000183105469,68.87000274658203,52.43263244628906,21693100
2016-01-21,69.0999984741211,70.31999969482422,68.69000244140625,69.33000183105469,52.78285598754883,13935300
2016-01-22,70.1500015258789,71.55000305175781,69.93000030517578,71.25,54.24459457397461,12986400
2016-01-25,71.06999969482422,71.7300033569336,70.5,70.55000305175781,53.711666107177734,10029600
2016-01-26,70.93000030517578,72.08999633789062,70.91000366210938,72.05999755859375,54.86127853393555,9312900
2016-01-27,71.94000244140625,71.94000244140625,70.41999816894531,70.94000244140625,54.00859451293945,11347200
2016-01-28,71.27999877929688,71.54000091552734,70.19000244140625,70.47000122070312,53.650753021240234,13330300
2016-01-29,70.7300033569336,72.01000213623047,70.41000366210938,72.0,54.815589904785156,16413000
2016-02-01,71.69999694824219,72.5999984741211,71.31999969482422,72.01000213623047,54.82320785522461,17044700
2016-02-02,71.62000274658203,71.91999816894531,70.91999816894531,71.25,54.24459457397461,10321700
2016-02-03,71.72000122070312,71.87999725341797,70.5999984741211,71.5999984741211,54.51105499267578,9725600
2016-02-04,71.22000122070312,72.08000183105469,70.95999908447266,71.68000030517578,54.57197570800781,6837700
2016-02-05,71.30999755859375,71.45999908447266,70.02999877929688,70.06999969482422,53.34622573852539,11681100
2016-02-08,69.30000305175781,69.76000213623047,67.05000305175781,68.01000213623047,51.77788543701172,14662000
2016-02-09,67.1500015258789,67.5999984741211,66.33999633789062,66.91000366210938,50.9404411315918,13482200
2016-02-10,67.16999816894531,68.20999908447266,67.0999984741211,67.26000213623047,51.2068977355957,9704500
2016-02-11,66.2699966430664,66.70999908447266,65.87999725341797,66.2699966430664,50.453182220458984,12573300
2016-02-12,66.87999725341797,67.27999877929688,66.54000091552734,67.12999725341797,51.10791015625,9710500
2016-02-16,67.56999969482422,68.47000122070312,67.43000030517578,68.41999816894531,52.09001541137695,7284800
2016-02-17,68.75,69.75,68.56999969482422,69.04000091552734,52.562068939208984,8160800
2016-02-18,69.05999755859375,69.88999938964844,68.8499984741211,69.69999694824219,53.06454086303711,7608200
2016-02-19,69.44000244140625,70.19999694824219,69.13999938964844,69.8499984741211,53.178749084472656,7120900
2016-02-22,70.30999755859375,71.08000183105469,70.30000305175781,70.66000366210938,53.79542541503906,9057300
2016-02-23,70.33000183105469,71.19000244140625,70.33000183105469,70.48999786376953,53.665985107421875,4253300
2016-02-24,70.20999908447266,70.69999694824219,69.73999786376953,70.5199966430664,53.688819885253906,5452000
2016-02-25,70.88999938964844,71.83999633789062,70.72000122070312,71.80000305175781,54.66334533691406,6773800
2016-02-26,71.5,72.13999938964844,71.5,71.58000183105469,54.49583435058594,6575400
2016-02-29,71.47000122070312,72.36000061035156,71.30999755859375,71.45999908447266,54.40448760986328,8193700
2016-03-01,71.76000213623047,73.4000015258789,71.75,73.31999969482422,55.8205451965332,15292900
2016-03-02,72.7699966430664,73.87999725341797,72.76000213623047,73.87999725341797,56.24689483642578,6681000
2016-03-03,73.91000366210938,74.30000305175781,73.56999969482422,74.25,56.52858352661133,6396600
2016-03-04,74.0199966430664,74.58000183105469,73.9000015258789,74.44999694824219,56.680843353271484,5268100
2016-03-07,74.08999633789062,74.7699966430664,73.95999908447266,74.58999633789062,56.787418365478516,8084200
2016-03-08,75.02999877929688,75.02999877929688,73.70999908447266,73.81999969482422,56.20122528076172,7102900
2016-03-09,73.94000244140625,74.5,73.83999633789062,74.12000274658203,56.42959976196289,3474800
2016-03-10,74.58000183105469,74.81999969482422,73.11000061035156,73.93000030517578,56.28496170043945,8688600
2016-03-11,74.72000122070312,75.69999694824219,74.5,75.68000030517578,57.61726760864258,9317600
2016-03-14,75.43000030517578,75.66999816894531,75.1500015258789,75.58000183105469,57.5411491394043,5224000
2016-03-15,75.19000244140625,75.72000122070312,75.05999755859375,75.55999755859375,57.52591323852539,7123500
2016-03-16,75.43000030517578,76.62000274658203,75.12000274658203,76.5199966430664,58.25680160522461,8958600
2016-03-17,76.69000244140625,77.7699966430664,76.37000274658203,77.58999633789062,59.071407318115234,9731000
2016-03-18,77.81999969482422,77.93000030517578,77.26000213623047,77.29000091552734,58.843017578125,7792700
2016-03-21,77.0,77.44999694824219,76.66000366210938,76.79000091552734,58.46236801147461,7313800
2016-03-22,76.54000091552734,76.98999786376953,76.33000183105469,76.80999755859375,58.47757339477539,9185800
2016-03-23,75.93000030517578,76.0199966430664,75.36000061035156,75.37000274658203,58.0654182434082,5198900
2016-03-24,75.08999633789062,75.4800033569336,74.72000122070312,75.43000030517578,58.11164474487305,5752000
2016-03-28,75.58000183105469,76.20999908447266,75.37000274658203,76.01000213623047,58.5584716796875,6314800
2016-03-29,76.37999725341797,77.55000305175781,75.81999969482422,77.5199966430664,59.721771240234375,9814900
2016-03-30,77.80000305175781,77.9000015258789,77.33999633789062,77.4000015258789,59.62932586669922,5648100
2016-03-31,77.33000183105469,77.95999908447266,77.26000213623047,77.86000061035156,59.98373031616211,5861100
2016-04-01,77.51000213623047,78.04000091552734,77.30999755859375,77.91000366210938,60.022239685058594,11121200
2016-04-04,77.94000244140625,78.0999984741211,77.54000091552734,77.80000305175781,59.937477111816406,6863400
2016-04-05,77.37999725341797,77.62999725341797,77.12999725341797,77.36000061035156,59.59853744506836,10308600
2016-04-06,77.29000091552734,77.62999725341797,76.91000366210938,77.55000305175781,59.74489212036133,5611900
2016-04-07,77.27999877929688,77.55000305175781,76.75,77.12999725341797,59.42133712768555,7933200
2016-04-08,77.44000244140625,77.87000274658203,77.4000015258789,77.56999969482422,59.76032257080078,6670700
2016-04-11,77.66999816894531,77.9800033569336,77.44000244140625,77.47000122070312,59.68326950073242,7993500
2016-04-12,77.6500015258789,78.1500015258789,77.44000244140625,78.0,60.09157943725586,8600300
2016-04-13,78.19999694824219,78.27999877929688,77.54000091552734,77.81999969482422,59.952903747558594,7197600
2016-04-14,77.62999725341797,77.77999877929688,77.18000030517578,77.31999969482422,59.56769561767578,5550200
2016-04-15,77.5,78.0199966430664,77.26000213623047,77.83000183105469,59.96062469482422,6525900
2016-04-18,77.73999786376953,78.19999694824219,77.61000061035156,78.16000366210938,60.214839935302734,6580800
2016-04-19,78.30000305175781,78.36000061035156,77.91999816894531,78.23999786376953,60.2764778137207,5342000
2016-04-20,77.95999908447266,78.26000213623047,77.08000183105469,77.13999938964844,59.42901611328125,11451500
2016-04-21,76.86000061035156,77.22000122070312,75.62000274658203,75.83000183105469,58.41979217529297,12773600
2016-04-22,76.19000244140625,76.79000091552734,76.0,76.63999938964844,59.04383850097656,6374100
2016-04-25,76.33000183105469,77.13999938964844,76.33000183105469,77.12000274658203,59.41362380981445,5130500
2016-04-26,77.30000305175781,77.80000305175781,77.1500015258789,77.4000015258789,59.62932586669922,6329600
2016-04-27,77.36000061035156,77.55999755859375,76.62000274658203,77.37999725341797,59.61394119262695,7181800
2016-04-28,76.8499984741211,77.68000030517578,76.8499984741211,77.19999694824219,59.47524642944336,6160000
2016-04-29,76.58000183105469,77.01000213623047,75.81999969482422,76.55999755859375,58.982208251953125,11074600
2016-05-02,76.26000213623047,77.7699966430664,76.19999694824219,77.58000183105469,59.76801681518555,10588200
2016-05-03,77.38999938964844,77.48999786376953,76.86000061035156,77.41000366210938,59.637054443359375,5919500
2016-05-04,76.88999938964844,78.61000061035156,76.88999938964844,78.44999694824219,60.43825912475586,10523700
2016-05-05,78.26000213623047,78.8499984741211,78.25,78.75,60.669395446777344,6963000
2016-05-06,78.6500015258789,79.55000305175781,78.30999755859375,79.5199966430664,61.26258850097656,9213600
2016-05-09,79.66999816894531,80.30000305175781,79.58999633789062,80.16000366210938,61.75566482543945,8998700
2016-05-10,80.5,80.52999877929688,79.9800033569336,80.30999755859375,61.871212005615234,7216700
2016-05-11,80.20999908447266,80.23999786376953,78.62999725341797,78.87999725341797,60.76952362060547,11123200
2016-05-12,78.94999694824219,79.52999877929688,78.44000244140625,79.2699966430664,61.06999206542969,6421300
2016-05-13,78.98999786376953,79.05000305175781,78.19000244140625,78.62999725341797,60.57691192626953,7285200
2016-05-16,78.55999755859375,79.5199966430664,78.44999694824219,79.25,61.05458068847656,6116200
2016-05-17,78.97000122070312,79.02999877929688,77.5999984741211,78.05000305175781,60.130123138427734,12037900
2016-05-18,77.6500015258789,77.8499984741211,76.06999969482422,76.95999908447266,59.29034423828125,13805000
2016-05-19,76.5,76.55999755859375,75.7300033569336,76.12999725341797,58.65090560913086,9722400
2016-05-20,76.0999984741211,76.83999633789062,76.0999984741211,76.73999786376953,59.1208610534668,8651100
2016-05-23,76.87000274658203,77.08000183105469,76.61000061035156,76.80999755859375,59.1747932434082,7270900
2016-05-24,77.19000244140625,77.76000213623047,77.19000244140625,77.7300033569336,59.88357162475586,8501300
2016-05-25,77.97000122070312,77.98999786376953,77.12000274658203,77.8499984741211,59.97602844238281,6782800
2016-05-26,77.58999633789062,78.13999938964844,77.51000213623047,77.9000015258789,60.01453399658203,7101200
2016-05-27,77.94000244140625,78.58000183105469,77.9000015258789,78.23999786376953,60.2764778137207,5950900
2016-05-31,78.26000213623047,78.5,77.79000091552734,78.25,60.284183502197266,9922800
2016-06-01,77.97000122070312,78.44000244140625,77.76000213623047,78.30000305175781,60.32272720336914,13566800
2016-06-02,78.2699966430664,78.7300033569336,77.93000030517578,78.72000122070312,60.64626693725586,6953900
2016-06-03,79.5999984741211,79.75,78.0,78.95999908447266,60.83115768432617,10328700
2016-06-06,79.08000183105469,79.22000122070312,78.1500015258789,78.47000122070312,60.453678131103516,11093200
2016-06-07,78.58999633789062,79.20999908447266,78.58999633789062,78.94999694824219,60.82346725463867,5535500
2016-06-08,78.76000213623047,79.41000366210938,78.69000244140625,79.37000274658203,61.14702606201172,5825100
2016-06-09,79.22000122070312,79.56999969482422,79.06999969482422,79.48999786376953,61.239471435546875,5074600
2016-06-10,79.30000305175781,79.4000015258789,78.93000030517578,79.0999984741211,60.93902587890625,7315500
2016-06-13,79.04000091552734,79.66000366210938,78.9000015258789,79.04000091552734,60.892818450927734,6856200
2016-06-14,78.94999694824219,79.16000366210938,78.41000366210938,78.61000061035156,60.561519622802734,5850100
2016-06-15,78.70999908447266,79.62999725341797,78.66999816894531,79.33000183105469,61.116207122802734,6816000
2016-06-16,79.12999725341797,79.77999877929688,78.81999969482422,79.7300033569336,61.424381256103516,6448500
2016-06-17,79.66000366210938,79.75,79.05000305175781,79.61000061035156,61.331947326660156,9294500
2016-06-20,79.88999938964844,80.63999938964844,79.69000244140625,79.76000213623047,61.44749450683594,10090800
2016-06-21,79.30000305175781,79.5999984741211,79.08000183105469,79.37000274658203,61.70014190673828,6669500
2016-06-22,79.45999908447266,79.55999755859375,79.0999984741211,79.33000183105469,61.66904830932617,6439100
2016-06-23,79.5199966430664,80.0,79.5199966430664,79.86000061035156,62.081050872802734,4847800
2016-06-24,78.69999694824219,79.75,77.83999633789062,78.88999938964844,61.3270149230957,14430400
2016-06-27,78.62999725341797,78.8499984741211,77.66999816894531,78.73999786376953,61.21038818359375,10629600
2016-06-28,79.30000305175781,80.45999908447266,79.01000213623047,80.44999694824219,62.53971481323242,10328500
2016-06-29,80.81999969482422,81.5999984741211,80.81999969482422,81.4800033569336,63.340415954589844,11383600
2016-06-30,81.5999984741211,82.38999938964844,81.02999877929688,82.38999938964844,64.04781341552734,10251600
2016-07-01,82.72000122070312,82.94999694824219,82.0999984741211,82.33000183105469,64.00118255615234,12802500
2016-07-05,82.30000305175781,83.19999694824219,82.23999786376953,82.95999908447266,64.49091339111328,9271300
2016-07-06,82.80000305175781,82.97000122070312,82.19999694824219,82.66000366210938,64.25769805908203,9176100
2016-07-07,82.5,82.52999877929688,81.58999633789062,81.93000030517578,63.690208435058594,8439900
2016-07-08,82.38999938964844,83.23999786376953,82.27999877929688,83.13999938964844,64.63084411621094,6783200
2016-07-11,83.37999725341797,83.86000061035156,82.80000305175781,83.73999786376953,65.0972671508789,7621300
2016-07-12,83.30999755859375,83.88999938964844,83.19000244140625,83.83999633789062,65.17498779296875,10153600
2016-07-13,84.0,84.19999694824219,83.6500015258789,84.19000244140625,65.44709777832031,8052000
2016-07-14,83.91999816894531,84.08999633789062,83.4000015258789,83.56999969482422,64.965087890625,8967100
2016-07-15,83.16000366210938,83.69999694824219,83.06999969482422,83.63999938964844,65.01953125,8375800
2016-07-18,83.62999725341797,83.86000061035156,83.52999877929688,83.8499984741211,65.1827621459961,4564400
2016-07-19,83.9000015258789,84.2300033569336,83.45999908447266,84.2300033569336,65.47818756103516,6164200
2016-07-20,84.22000122070312,84.27999877929688,83.93000030517578,84.20999908447266,65.4626235961914,5427200
2016-07-21,83.9800033569336,84.41000366210938,83.72000122070312,84.33000183105469,65.555908203125,6274800
2016-07-22,84.08999633789062,85.2699966430664,84.08999633789062,85.02999877929688,66.1000747680664,6486700
2016-07-25,85.0999984741211,85.58999633789062,84.58999633789062,84.94999694824219,66.03788757324219,3462900
2016-07-26,84.83000183105469,85.0,84.33000183105469,84.55999755859375,65.73468017578125,3788700
2016-07-27,84.3499984741211,84.45999908447266,83.2699966430664,83.95999908447266,65.26830291748047,6644900
2016-07-28,83.9000015258789,84.8499984741211,83.5999984741211,84.58000183105469,65.75027465820312,5188800
2016-07-29,84.7699966430664,85.80000305175781,84.41000366210938,85.4000015258789,66.38771057128906,8250700
2016-08-01,85.5,85.79000091552734,85.31999969482422,85.69999694824219,66.62090301513672,6392100
2016-08-02,85.44000244140625,85.73999786376953,84.30000305175781,84.4000015258789,65.6103286743164,9270700
2016-08-03,84.4000015258789,84.55999755859375,83.62999725341797,84.04000091552734,65.33047485351562,6842100
2016-08-04,83.93000030517578,84.20999908447266,83.58999633789062,83.83999633789062,65.17498779296875,6382100
2016-08-05,83.80000305175781,84.11000061035156,83.52999877929688,83.94999694824219,65.26051330566406,8833000
2016-08-08,83.87000274658203,84.38999938964844,83.73999786376953,84.02999877929688,65.32269287109375,6819900
2016-08-09,83.95999908447266,84.3499984741211,83.55000305175781,84.33999633789062,65.56365203857422,5204300
2016-08-10,84.22000122070312,84.7300033569336,84.0199966430664,84.2300033569336,65.47818756103516,6626300
2016-08-11,84.2699966430664,84.31999969482422,83.08000183105469,83.43000030517578,64.85628509521484,7592300
2016-08-12,83.95999908447266,84.37999725341797,83.55000305175781,83.66000366210938,65.03508758544922,6637800
2016-08-15,83.51000213623047,84.08000183105469,83.51000213623047,83.5999984741211,64.98841857910156,5101600
2016-08-16,83.38999938964844,83.48999786376953,82.51000213623047,82.62000274658203,64.22659301757812,6807700
2016-08-17,82.79000091552734,82.9800033569336,81.94999694824219,82.86000061035156,64.41316986083984,10686600
2016-08-18,82.93000030517578,83.13999938964844,82.20999908447266,82.62000274658203,64.22659301757812,5918300
2016-08-19,82.1500015258789,82.52999877929688,81.80000305175781,82.0199966430664,63.760169982910156,6538000
2016-08-22,82.19000244140625,82.51000213623047,82.0199966430664,82.44000244140625,64.08667755126953,6701200
2016-08-23,82.95999908447266,82.98999786376953,82.56999969482422,82.62000274658203,64.22659301757812,4882500
2016-08-24,82.63999938964844,82.72000122070312,81.91999816894531,82.22000122070312,63.915653228759766,4554400
2016-08-25,82.11000061035156,83.05999755859375,82.11000061035156,82.5199966430664,64.14886474609375,5365800
2016-08-26,82.58999633789062,83.19999694824219,81.23999786376953,81.75,63.55028533935547,11479500
2016-08-29,82.63999938964844,82.77999877929688,81.91999816894531,82.5199966430664,64.14886474609375,4256900
2016-08-30,82.5999984741211,82.70999908447266,81.80000305175781,82.37999725341797,64.04002380371094,5068800
2016-08-31,82.37999725341797,82.73999786376953,82.08000183105469,82.54000091552734,64.16439819335938,6967000
2016-09-01,82.4800033569336,82.63999938964844,81.94999694824219,82.4000015258789,64.05558776855469,9000400
2016-09-02,82.66999816894531,83.9000015258789,82.63999938964844,83.05999755859375,64.56864929199219,7591700
2016-09-06,83.16000366210938,83.70999908447266,82.77999877929688,83.6500015258789,65.02731323242188,9714000
2016-09-07,83.7699966430664,84.2300033569336,83.37000274658203,84.12999725341797,65.40044403076172,7966300
2016-09-08,83.83000183105469,83.98999786376953,83.13999938964844,83.16999816894531,64.65415954589844,6694900
2016-09-09,81.86000061035156,82.11000061035156,79.86000061035156,79.86000061035156,62.081050872802734,17349400
2016-09-12,79.51000213623047,81.19000244140625,79.51000213623047,80.83000183105469,62.835113525390625,13320200
2016-09-13,80.33999633789062,80.4800033569336,78.66999816894531,78.86000061035156,61.303680419921875,14340900
2016-09-14,79.02999877929688,79.5999984741211,78.81999969482422,79.0999984741211,61.490257263183594,7384300
2016-09-15,79.05999755859375,79.62000274658203,78.68000030517578,79.45999908447266,61.77012252807617,7345700
2016-09-16,79.22000122070312,79.5,78.9000015258789,79.37999725341797,61.707923889160156,10133700
2016-09-19,79.6500015258789,80.20999908447266,79.5999984741211,80.12999725341797,62.29094696044922,6199200
2016-09-20,80.75,80.75,79.97000122070312,80.0,62.189876556396484,7847700
2016-09-21,80.12999725341797,81.12000274658203,79.12999725341797,80.91999816894531,62.905086517333984,12499400
2016-09-22,81.70999908447266,82.55000305175781,81.66000366210938,82.48999786376953,64.12554168701172,10324100
2016-09-23,82.3499984741211,84.36000061035156,81.63999938964844,82.69999694824219,64.2887954711914,9020800
2016-09-26,81.80000305175781,82.30999755859375,81.5199966430664,82.0999984741211,64.36404418945312,5762100
2016-09-27,82.30999755859375,82.37999725341797,81.27999877929688,81.45999908447266,63.8622932434082,6379700
2016-09-28,81.61000061035156,82.02999877929688,81.26000213623047,81.91000366210938,64.2151107788086,4672900
2016-09-29,81.66999816894531,81.87000274658203,80.72000122070312,81.02999877929688,63.525184631347656,7136000
2016-09-30,81.51000213623047,81.7699966430664,80.56999969482422,80.63999938964844,63.219459533691406,9896500
2016-10-03,80.2300033569336,80.33999633789062,79.08000183105469,79.18000030517578,62.07487106323242,15512600
2016-10-04,79.25,79.25,77.6500015258789,78.04000091552734,61.18113327026367,11730800
2016-10-05,78.25,78.58999633789062,76.5,76.52999877929688,59.997337341308594,15890000
2016-10-06,76.3499984741211,77.18000030517578,75.5999984741211,76.66000366210938,60.0992546081543,13203300
2016-10-07,77.1500015258789,77.80999755859375,76.13999938964844,76.55000305175781,60.01300811767578,10976900
2016-10-10,76.61000061035156,77.27999877929688,76.61000061035156,77.0,60.36579895019531,5210400
2016-10-11,76.83000183105469,77.0199966430664,76.05999755859375,76.2300033569336,59.76213836669922,8292700
2016-10-12,76.47000122070312,77.33000183105469,76.06999969482422,77.26000213623047,60.56964111328125,4880700
2016-10-13,77.04000091552734,77.88999938964844,76.7300033569336,77.69000244140625,60.906742095947266,9980300
2016-10-14,77.5199966430664,78.29000091552734,77.30999755859375,77.43000030517578,60.702911376953125,9223800
2016-10-17,77.5999984741211,78.02999877929688,77.5,77.52999877929688,60.78129959106445,5460800
2016-10-18,77.9800033569336,78.5,77.79000091552734,78.05999755859375,61.196807861328125,4949300
2016-10-19,78.0999984741211,78.38999938964844,77.68000030517578,78.38999938964844,61.455535888671875,4842900
2016-10-20,78.26000213623047,78.5999984741211,77.66999816894531,78.08999633789062,61.220340728759766,3795600
2016-10-21,77.62000274658203,78.08999633789062,77.43000030517578,77.98999786376953,61.14192199707031,4456500
2016-10-24,78.23999786376953,78.91999816894531,77.88999938964844,78.19999694824219,61.306549072265625,5336500
2016-10-25,78.04000091552734,78.16999816894531,77.7300033569336,78.05000305175781,61.188987731933594,3609000
2016-10-26,77.66000366210938,77.80999755859375,76.66999816894531,77.13999938964844,60.475563049316406,8385500
2016-10-27,76.98999786376953,77.0,75.16999816894531,75.37000274658203,59.08793640136719,12575200
2016-10-28,75.37000274658203,76.12000274658203,75.26000213623047,75.5199966430664,59.20553207397461,7028400
2016-10-31,75.94999694824219,76.70999908447266,75.52999877929688,76.63999938964844,60.083560943603516,9920800
2016-11-01,76.23999786376953,76.30999755859375,74.73999786376953,74.94999694824219,58.758663177490234,13173300
2016-11-02,74.87999725341797,75.01000213623047,73.88999938964844,73.98999786376953,58.00603485107422,11959300
2016-11-03,74.02999877929688,74.1500015258789,73.44000244140625,73.55999755859375,57.66892623901367,8040500
2016-11-04,73.55000305175781,74.2300033569336,73.36000061035156,73.94999694824219,57.97468566894531,9855600
2016-11-07,74.6500015258789,75.26000213623047,74.62999725341797,75.16000366210938,58.92329406738281,12150900
2016-11-08,75.13999938964844,75.83000183105469,74.93000030517578,75.62000274658203,59.28392791748047,6871400
2016-11-09,73.9000015258789,74.8499984741211,73.05000305175781,74.22000122070312,58.18637466430664,18535400
2016-11-10,74.02999877929688,74.16999816894531,72.11000061035156,72.87000274658203,57.127994537353516,26429700
2016-11-11,72.79000091552734,74.0199966430664,72.69999694824219,73.26000213623047,57.43375015258789,10174200
2016-11-14,73.0,74.7699966430664,72.5199966430664,74.5,58.40586853027344,19173600
2016-11-15,74.88999938964844,75.37000274658203,73.73999786376953,74.2300033569336,58.19419479370117,10743900
2016-11-16,74.0999984741211,74.4800033569336,73.61000061035156,74.06999969482422,58.06875991821289,7474500
2016-11-17,73.9800033569336,74.56999969482422,73.43000030517578,73.45999908447266,57.590545654296875,10301400
2016-11-18,73.63999938964844,73.94000244140625,73.29000091552734,73.68000030517578,57.763023376464844,6874900
2016-11-21,74.01000213623047,74.51000213623047,73.58000183105469,73.69000244140625,57.77085494995117,8475000
2016-11-22,73.91999816894531,74.98999786376953,73.86000061035156,74.94999694824219,58.758663177490234,7707100
2016-11-23,74.05000305175781,74.66999816894531,73.9800033569336,74.54000091552734,58.437232971191406,8504000
2016-11-25,74.55999755859375,75.30000305175781,74.55999755859375,74.91999816894531,58.73514175415039,3487600
2016-11-28,74.88999938964844,75.69000244140625,74.87999725341797,75.18000030517578,58.938987731933594,7222300
2016-11-29,75.2699966430664,76.12000274658203,75.19999694824219,75.80000305175781,59.42503356933594,7662400
2016-11-30,75.16999816894531,75.47000122070312,74.61000061035156,74.8499984741211,58.68025207519531,10068900
2016-12-01,74.29000091552734,74.68000030517578,73.38999938964844,73.66999816894531,57.75515365600586,12051600
2016-12-02,74.0999984741211,75.13999938964844,74.0999984741211,74.44999694824219,58.36666488647461,7779600
2016-12-05,74.5999984741211,75.1500015258789,74.33000183105469,75.04000091552734,58.82921600341797,9684400
2016-12-06,75.22000122070312,75.81999969482422,75.0,75.5199966430664,59.20553207397461,7492700
2016-12-07,75.55000305175781,77.05000305175781,75.48999786376953,76.98999786376953,60.35796356201172,10029900
2016-12-08,76.38999938964844,77.62999725341797,76.38999938964844,77.37999725341797,60.663719177246094,8365300
2016-12-09,77.37999725341797,77.98999786376953,77.20999908447266,77.31999969482422,60.616676330566406,7254700
2016-12-12,77.16999816894531,77.86000061035156,77.01000213623047,77.80000305175781,60.99297332763672,11162600
2016-12-13,78.12000274658203,78.22000122070312,77.30999755859375,77.80000305175781,60.99297332763672,10695500
2016-12-14,77.88999938964844,78.06999969482422,76.13999938964844,76.36000061035156,59.86405944824219,15504300
2016-12-15,76.3499984741211,76.66999816894531,75.56999969482422,75.79000091552734,59.41719055175781,10382200
2016-12-16,76.04000091552734,77.25,76.04000091552734,76.80000305175781,60.2089958190918,9811600
2016-12-19,77.19999694824219,77.8499984741211,77.12999725341797,77.6500015258789,60.87537384033203,10510500
2016-12-20,77.62000274658203,78.4000015258789,77.30000305175781,77.79000091552734,60.98514175415039,6843800
2016-12-21,76.7699966430664,77.18000030517578,75.72000122070312,75.7699966430664,60.23469543457031,8885800
2016-12-22,75.51000213623047,75.7300033569336,74.97000122070312,75.62999725341797,60.1234016418457,4245100
2016-12-23,75.81999969482422,75.87000274658203,75.5,75.83000183105469,60.28239440917969,2930900
2016-12-27,76.04000091552734,76.12999725341797,75.62000274658203,75.91999816894531,60.353904724121094,2740000
2016-12-28,76.0999984741211,76.0999984741211,75.16000366210938,75.47000122070312,59.996192932128906,5386600
2016-12-29,75.6500015258789,76.41999816894531,75.33999633789062,76.22000122070312,60.59241485595703,5736200
2016-12-30,76.33000183105469,77.08999633789062,75.95999908447266,76.94000244140625,61.164798736572266,5978900
2017-01-03,77.13999938964844,77.31999969482422,76.68000030517578,77.25,61.41123580932617,6305100
2017-01-04,77.2300033569336,78.44999694824219,77.2300033569336,78.30999755859375,62.2538948059082,10804600
2017-01-05,77.80999755859375,78.62999725341797,77.41999816894531,78.58000183105469,62.46855163574219,9419600
2017-01-06,78.08999633789062,78.83000183105469,78.08999633789062,78.41000366210938,62.333412170410156,6768300
2017-01-09,78.61000061035156,78.72000122070312,77.80999755859375,77.88999938964844,61.92001724243164,6589400
2017-01-10,77.86000061035156,77.97000122070312,77.12999725341797,77.16000366210938,61.3397102355957,7720800
2017-01-11,77.1500015258789,77.37999725341797,76.7699966430664,76.83000183105469,61.077354431152344,8190600
2017-01-12,76.8499984741211,77.19999694824219,76.20999908447266,77.18000030517578,61.3555908203125,9531700
2017-01-13,77.12999725341797,77.47000122070312,76.81999969482422,77.0999984741211,61.29198455810547,5200100
2017-01-17,77.36000061035156,77.69000244140625,77.20999908447266,77.62000274658203,61.70535659790039,6829200
2017-01-18,77.62000274658203,78.01000213623047,77.48999786376953,77.75,61.80874252319336,5592200
2017-01-19,77.33000183105469,77.5199966430664,76.79000091552734,76.94000244140625,61.164798736572266,9277900
2017-01-20,76.94999694824219,77.48999786376953,76.8499984741211,77.43000030517578,61.5543327331543,7716600
2017-01-23,77.44999694824219,78.16000366210938,77.3499984741211,78.0199966430664,62.02335739135742,5135900
2017-01-24,77.98999786376953,78.37999725341797,77.7300033569336,78.19999694824219,62.16644287109375,6270200
2017-01-25,78.05000305175781,78.43000030517578,77.55999755859375,77.77999877929688,61.832576751708984,7830000
2017-01-26,77.86000061035156,78.19999694824219,77.56999969482422,77.69999694824219,61.76897430419922,5819700
2017-01-27,77.83999633789062,77.9800033569336,76.69999694824219,76.97000122070312,61.188636779785156,5415400
2017-01-30,76.80000305175781,76.8499984741211,76.2300033569336,76.44000244140625,60.767311096191406,5317900
2017-01-31,76.12999725341797,77.4000015258789,76.08000183105469,77.04000091552734,61.244300842285156,7263300
2017-02-01,76.88999938964844,77.43000030517578,76.11000061035156,76.12999725341797,60.52085494995117,9419400
2017-02-02,76.23999786376953,77.08000183105469,76.20999908447266,76.9800033569336,61.19660186767578,7063000
2017-02-03,77.41000366210938,77.8499984741211,77.2300033569336,77.5,61.609989166259766,7572100
2017-02-06,77.69000244140625,77.69999694824219,77.12000274658203,77.23999786376953,61.403297424316406,6787300
2017-02-07,77.47000122070312,77.61000061035156,77.01000213623047,77.12999725341797,61.315826416015625,4041100
2017-02-08,77.44999694824219,77.80999755859375,77.11000061035156,77.69000244140625,61.761016845703125,7792200
2017-02-09,77.73999786376953,78.02999877929688,77.61000061035156,77.93000030517578,61.951786041259766,3932800
2017-02-10,77.79000091552734,78.56999969482422,77.73999786376953,78.52999877929688,62.42878723144531,6092000
2017-02-13,78.6500015258789,78.91999816894531,78.29000091552734,78.79000091552734,62.63547897338867,6678900
2017-02-14,78.58999633789062,78.63999938964844,77.77999877929688,78.3499984741211,62.28570556640625,8255300
2017-02-15,77.93000030517578,78.33999633789062,77.5,78.27999877929688,62.230045318603516,10263200
2017-02-16,78.3499984741211,79.12000274658203,78.12999725341797,78.6500015258789,62.524200439453125,8259900
2017-02-17,78.81999969482422,78.93000030517578,78.2699966430664,78.77999877929688,62.627540588378906,6812900
2017-02-21,78.66000366210938,79.83000183105469,78.36000061035156,79.7699966430664,63.414527893066406,8555800
2017-02-22,79.80999755859375,80.05999755859375,79.16000366210938,79.56999969482422,63.25553512573242,8049000
2017-02-23,79.8499984741211,80.0199966430664,79.29000091552734,79.91000366210938,63.525856018066406,7428300
2017-02-24,79.87999725341797,80.37999725341797,79.52999877929688,80.30999755859375,63.843849182128906,6302100
2017-02-27,80.47000122070312,81.0199966430664,80.30999755859375,80.7300033569336,64.1777114868164,5330300
2017-02-28,80.72000122070312,80.7300033569336,80.19999694824219,80.41000366210938,63.9233512878418,6795400
2017-03-01,80.0,80.55000305175781,79.7699966430664,80.16000366210938,63.724613189697266,10800600
2017-03-02,79.98999786376953,80.12000274658203,79.61000061035156,79.83000183105469,63.462276458740234,5007200
2017-03-03,79.69000244140625,79.81999969482422,78.87999725341797,79.63999938964844,63.31120300292969,7677600
2017-03-06,79.4000015258789,79.58999633789062,78.9000015258789,79.2699966430664,63.017066955566406,9243900
2017-03-07,79.16000366210938,79.2300033569336,78.5999984741211,78.93000030517578,62.74678039550781,4543200
2017-03-08,78.62000274658203,78.6500015258789,77.61000061035156,77.72000122070312,61.784881591796875,9504200
2017-03-09,77.66999816894531,77.98999786376953,76.48999786376953,76.7300033569336,60.997859954833984,8785000
2017-03-10,77.06999969482422,77.62999725341797,76.19000244140625,76.54000091552734,60.8468132019043,11824100
2017-03-13,76.68000030517578,77.11000061035156,76.47000122070312,76.66000366210938,60.94221878051758,8000700
2017-03-14,76.62999725341797,76.77999877929688,76.19999694824219,76.58999633789062,60.886573791503906,6565300
2017-03-15,76.77999877929688,78.37999725341797,76.69000244140625,78.0,62.00745391845703,11876100
2017-03-16,77.87000274658203,78.36000061035156,77.73999786376953,77.87000274658203,61.90412139892578,6476300
2017-03-17,78.06999969482422,78.43000030517578,77.80000305175781,78.19999694824219,62.16644287109375,10065200
2017-03-20,78.25,78.47000122070312,78.0199966430664,78.16999816894531,62.14260482788086,5866600
2017-03-21,78.30999755859375,78.5999984741211,77.83999633789062,77.91999816894531,61.943878173828125,6592500
2017-03-22,78.16000366210938,78.16000366210938,77.29000091552734,77.95999908447266,61.975669860839844,7913100
2017-03-23,77.98999786376953,79.05000305175781,77.86000061035156,78.54000091552734,62.43675231933594,8322000
2017-03-24,78.0,78.19000244140625,77.5999984741211,77.73999786376953,62.392608642578125,7584800
2017-03-27,77.52999877929688,77.8499984741211,76.91999816894531,77.20999908447266,61.96723937988281,6831700
2017-03-28,77.05000305175781,77.62000274658203,76.73999786376953,77.55000305175781,62.2401123046875,4988300
2017-03-29,77.68000030517578,77.91999816894531,77.30999755859375,77.88999938964844,62.512977600097656,3844800
2017-03-30,77.88999938964844,78.18000030517578,77.3499984741211,78.12000274658203,62.69759750366211,4305100
2017-03-31,78.1500015258789,78.70999908447266,78.01000213623047,78.48999786376953,62.994529724121094,9809800
2017-04-03,78.5999984741211,78.69000244140625,78.2699966430664,78.55999755859375,63.05071258544922,7249000
2017-04-04,78.52999877929688,78.95999908447266,78.31999969482422,78.48999786376953,62.994529724121094,6348600
2017-04-05,78.62000274658203,79.04000091552734,78.5,78.51000213623047,63.010597229003906,7306100
2017-04-06,78.56999969482422,79.11000061035156,78.16000366210938,79.05000305175781,63.44398880004883,6964800
2017-04-07,79.12999725341797,79.43000030517578,78.91000366210938,79.13999938964844,63.51621627807617,5327800
2017-04-10,79.26000213623047,79.72000122070312,78.86000061035156,79.69000244140625,63.9576416015625,6903600
2017-04-11,79.7699966430664,80.22000122070312,79.61000061035156,80.12999725341797,64.31077575683594,9852500
2017-04-12,80.08000183105469,80.30999755859375,79.83000183105469,79.94999694824219,64.16632080078125,4267900
2017-04-13,79.95999908447266,80.1500015258789,79.75,79.79000091552734,64.03789520263672,3295200
2017-04-17,80.08999633789062,80.80999755859375,79.87999725341797,80.79000091552734,64.84048461914062,8190100
2017-04-18,80.79000091552734,81.0199966430664,80.6500015258789,80.9800033569336,64.99297332763672,4977700
2017-04-19,80.94999694824219,81.19000244140625,80.7300033569336,80.8499984741211,64.88863372802734,5894400
2017-04-20,80.62999725341797,80.97000122070312,80.4000015258789,80.9000015258789,64.92874908447266,10398600
2017-04-21,80.73999786376953,80.91000366210938,80.47000122070312,80.58000183105469,64.67193603515625,6489400
2017-04-24,80.95999908447266,81.05999755859375,79.29000091552734,79.87999725341797,64.11009979248047,10788500
2017-04-25,79.91999816894531,80.23999786376953,79.7699966430664,80.11000061035156,64.29473114013672,5210600
2017-04-26,80.0,80.19000244140625,79.41999816894531,79.58000183105469,63.869361877441406,6893200
2017-04-27,79.66999816894531,80.12999725341797,79.5199966430664,79.66999816894531,63.941585540771484,5482100
2017-04-28,79.52999877929688,79.70999908447266,78.69999694824219,78.93000030517578,63.34769821166992,10135500
2017-05-01,79.02999877929688,79.55000305175781,78.73999786376953,79.41000366210938,63.73290252685547,8783500
2017-05-02,79.51000213623047,79.63999938964844,79.01000213623047,79.20999908447266,63.57240295410156,9063300
2017-05-03,79.05000305175781,79.33999633789062,78.08000183105469,78.26000213623047,62.80995178222656,8193000
2017-05-04,77.79000091552734,78.04000091552734,77.19000244140625,77.91999816894531,62.53705596923828,8797100
2017-05-05,78.08000183105469,78.70999908447266,78.01000213623047,78.66999816894531,63.139007568359375,5709500
2017-05-08,78.69999694824219,78.91999816894531,77.83999633789062,78.22000122070312,62.77783203125,8098200
2017-05-09,78.19999694824219,78.29000091552734,77.5199966430664,77.80000305175781,62.440757751464844,6412800
2017-05-10,77.76000213623047,78.5,77.58000183105469,78.22000122070312,62.77783203125,5800600
2017-05-11,77.94000244140625,77.95999908447266,77.30999755859375,77.80000305175781,62.440757751464844,7453500
2017-05-12,77.94000244140625,77.95999908447266,77.4800033569336,77.58999633789062,62.272212982177734,4250500
2017-05-15,77.61000061035156,78.41000366210938,77.61000061035156,77.87000274658203,62.4969367980957,7994300
2017-05-16,77.80999755859375,77.9800033569336,77.31999969482422,77.43000030517578,62.143802642822266,5961400
2017-05-17,77.4000015258789,78.18000030517578,77.37999725341797,77.83999633789062,62.47287368774414,8283700
2017-05-18,77.80000305175781,78.2300033569336,77.2300033569336,78.05000305175781,62.64139938354492,5276500
2017-05-19,78.08999633789062,78.87999725341797,77.75,78.51000213623047,63.010597229003906,4662200
2017-05-22,78.70999908447266,79.01000213623047,78.41000366210938,78.73999786376953,63.19518280029297,5983300
2017-05-23,78.94999694824219,79.25,78.72000122070312,78.91999816894531,63.33964538574219,3021600
2017-05-24,79.0199966430664,79.55000305175781,78.98999786376953,79.44999694824219,63.76500701904297,4737100
2017-05-25,79.55000305175781,79.97000122070312,79.33999633789062,79.62000274658203,63.901451110839844,4379300
2017-05-26,79.7699966430664,79.80999755859375,78.94999694824219,79.12999725341797,63.50818634033203,4014200
2017-05-30,79.18000030517578,79.30000305175781,78.81999969482422,78.81999969482422,63.259395599365234,3242600
2017-05-31,78.98999786376953,79.23999786376953,78.58999633789062,78.83999633789062,63.27545928955078,8699800
2017-06-01,78.66999816894531,79.4000015258789,78.48999786376953,79.16000366210938,63.53227615356445,12433200
2017-06-02,79.8499984741211,80.16999816894531,79.56999969482422,79.94000244140625,64.15828704833984,7188000
2017-06-05,79.75,79.91000366210938,79.37000274658203,79.69000244140625,63.9576416015625,5909300
2017-06-06,79.63999938964844,79.63999938964844,79.19000244140625,79.29000091552734,63.6365966796875,4544800
2017-06-07,79.2699966430664,79.73999786376953,79.25,79.62000274658203,63.901451110839844,4284600
2017-06-08,79.62999725341797,79.75,78.77999877929688,79.48999786376953,63.797122955322266,6993900
2017-06-09,79.63999938964844,80.16999816894531,79.20999908447266,80.0,64.20643615722656,5393800
2017-06-12,79.80999755859375,80.52999877929688,79.69999694824219,80.52999877929688,64.63179779052734,9685800
2017-06-13,80.47000122070312,80.75,80.20999908447266,80.69999694824219,64.76824188232422,6308300
2017-06-14,81.18000030517578,81.41999816894531,80.63999938964844,80.95999908447266,64.97691345214844,6634600
2017-06-15,80.91000366210938,81.44000244140625,80.41000366210938,81.23999786376953,65.20162963867188,5414600
2017-06-16,81.27999877929688,81.37999725341797,80.81999969482422,81.19000244140625,65.16150665283203,13816600
2017-06-19,81.25,81.3499984741211,80.91000366210938,81.33000183105469,65.27385711669922,8272500
2017-06-20,81.37999725341797,81.52999877929688,80.56999969482422,81.05999755859375,65.05715942382812,6433800
2017-06-21,81.01000213623047,81.16999816894531,80.37000274658203,80.73999786376953,64.80034637451172,3503500
2017-06-22,80.70999908447266,81.08000183105469,80.47000122070312,80.9000015258789,64.92874908447266,5736800
2017-06-23,80.9800033569336,81.56999969482422,80.88999938964844,81.22000122070312,65.1855697631836,8753700
2017-06-26,81.44000244140625,81.94000244140625,81.22000122070312,81.73999786376953,65.60289764404297,12060500
2017-06-27,80.88999938964844,81.31999969482422,80.47000122070312,80.54000091552734,65.21508026123047,8252200
2017-06-28,80.44000244140625,80.91999816894531,80.38999938964844,80.6500015258789,65.30411529541016,4818500
2017-06-29,80.18000030517578,80.58999633789062,79.56999969482422,79.7699966430664,64.5915756225586,9719800
2017-06-30,80.11000061035156,80.33000183105469,79.58000183105469,79.7699966430664,64.5915756225586,7245400
2017-07-03,80.08000183105469,80.73999786376953,79.87999725341797,80.62000274658203,65.27985382080078,7238300
2017-07-05,80.7300033569336,80.7300033569336,79.5,79.70999908447266,64.54299926757812,9013000
2017-07-06,79.29000091552734,79.44999694824219,78.20999908447266,78.31999969482422,63.41748809814453,9553800
2017-07-07,78.30999755859375,78.9000015258789,78.20999908447266,78.69999694824219,63.725181579589844,4878600
2017-07-10,78.80999755859375,78.98999786376953,78.04000091552734,78.12000274658203,63.25553512573242,5061300
2017-07-11,78.20999908447266,78.22000122070312,77.5199966430664,78.02999877929688,63.18266677856445,6884600
2017-07-12,78.66999816894531,79.33000183105469,78.52999877929688,79.01000213623047,63.976192474365234,7192300
2017-07-13,79.05000305175781,79.2699966430664,78.88999938964844,79.04000091552734,64.00049591064453,4048600
2017-07-14,79.61000061035156,79.95999908447266,79.44000244140625,79.83999633789062,64.64827728271484,4688300
2017-07-17,79.98999786376953,80.30999755859375,79.66000366210938,80.16000366210938,64.90738677978516,4195200
2017-07-18,80.20999908447266,80.29000091552734,79.86000061035156,79.95999908447266,64.74541473388672,6258400
2017-07-19,79.94000244140625,80.5999984741211,79.79000091552734,80.5999984741211,65.26364135742188,4149900
2017-07-20,80.7699966430664,80.91000366210938,80.23999786376953,80.27999877929688,65.00455474853516,6707500
2017-07-21,80.26000213623047,80.44999694824219,80.0199966430664,80.44999694824219,65.14219665527344,4459100
2017-07-24,80.37000274658203,80.48999786376953,79.94000244140625,80.23999786376953,64.9721450805664,3506900
2017-07-25,80.0199966430664,80.37999725341797,79.83999633789062,80.33999633789062,65.0531234741211,5185100
2017-07-26,80.20999908447266,81.01000213623047,80.16999816894531,80.7699966430664,65.40128326416016,6179000
2017-07-27,80.66999816894531,81.0999984741211,80.08999633789062,80.83999633789062,65.4579849243164,6891400
2017-07-28,80.72000122070312,81.0199966430664,80.5,80.66999816894531,65.32035064697266,4834500
2017-07-31,80.80000305175781,80.83000183105469,80.11000061035156,80.66000366210938,65.31224822998047,7783700
2017-08-01,81.0199966430664,81.31999969482422,80.48999786376953,81.0199966430664,65.6037368774414,8396400
2017-08-02,80.75,80.87000274658203,80.23999786376953,80.51000213623047,65.1907730102539,6072200
2017-08-03,80.41999816894531,80.7300033569336,80.0999984741211,80.2300033569336,64.96403503417969,5425800
2017-08-04,80.25,80.7300033569336,80.20999908447266,80.5,65.18267822265625,6411600
2017-08-07,80.47000122070312,80.62999725341797,80.16000366210938,80.55999755859375,65.23126220703125,5017500
2017-08-08,80.01000213623047,80.44000244140625,79.87999725341797,80.12000274658203,64.87500762939453,7241500
2017-08-09,80.30000305175781,80.30000305175781,79.7699966430664,79.9800033569336,64.76160430908203,4726500
2017-08-10,79.75,80.0,79.3499984741211,79.37000274658203,64.26768493652344,4871500
2017-08-11,79.37000274658203,79.52999877929688,78.66999816894531,78.98999786376953,63.96000671386719,7364500
2017-08-14,79.25,80.30999755859375,79.20999908447266,80.19999694824219,64.93972778320312,9812500
2017-08-15,79.77999877929688,80.02999877929688,79.51000213623047,79.97000122070312,64.75352478027344,5192600
2017-08-16,80.02999877929688,80.52999877929688,80.0199966430664,80.31999969482422,65.03691864013672,6831800
2017-08-17,80.12999725341797,80.48999786376953,79.73999786376953,79.7699966430664,64.5915756225586,5811800
2017-08-18,79.4800033569336,79.55999755859375,78.97000122070312,79.18000030517578,64.11386108398438,8746000
2017-08-21,79.29000091552734,80.06999969482422,79.06999969482422,79.88999938964844,64.68875122070312,4791300
2017-08-22,80.02999877929688,80.19999694824219,79.62000274658203,79.81999969482422,64.63208770751953,4997900
2017-08-23,79.77999877929688,80.63999938964844,79.66999816894531,80.4800033569336,65.1664810180664,3743500
2017-08-24,80.72000122070312,81.08000183105469,80.37000274658203,80.4000015258789,65.10169982910156,3041100
2017-08-25,80.69999694824219,81.05999755859375,80.41000366210938,80.77999877929688,65.40941619873047,5378100
2017-08-28,80.94000244140625,80.94000244140625,80.1500015258789,80.37000274658203,65.07740783691406,3669800
2017-08-29,80.30000305175781,80.62000274658203,80.18000030517578,80.25,64.980224609375,3815000
2017-08-30,80.08999633789062,80.69999694824219,79.87999725341797,80.68000030517578,65.32844543457031,3266200
2017-08-31,80.81999969482422,81.44000244140625,80.80000305175781,81.19999694824219,65.74947357177734,7960500
2017-09-01,81.25,81.58999633789062,81.08999633789062,81.20999908447266,65.75758361816406,7941800
2017-09-05,81.3499984741211,81.55999755859375,80.6500015258789,81.04000091552734,65.61991882324219,7662200
2017-09-06,81.2300033569336,81.66000366210938,81.12999725341797,81.19999694824219,65.74947357177734,3944000
2017-09-07,81.37999725341797,81.83000183105469,81.23999786376953,81.7300033569336,66.17863464355469,7309300
2017-09-08,81.58000183105469,81.97000122070312,81.44999694824219,81.68000030517578,66.13814544677734,3636100
2017-09-11,81.9800033569336,82.43000030517578,81.72000122070312,82.37000274658203,66.69688415527344,5891200
2017-09-12,82.29000091552734,82.37000274658203,81.26000213623047,81.54000091552734,66.02479553222656,8297900
2017-09-13,81.52999877929688,81.55999755859375,80.98999786376953,81.23999786376953,65.7818832397461,3795600
2017-09-14,81.19999694824219,81.7699966430664,80.87000274658203,81.73999786376953,66.18671417236328,4584100
2017-09-15,81.77999877929688,82.08999633789062,81.3499984741211,82.08000183105469,66.4620590209961,11301500
2017-09-18,81.93000030517578,82.12999725341797,81.4000015258789,81.63999938964844,66.10578155517578,4952300
2017-09-19,81.66000366210938,81.69000244140625,80.87000274658203,81.01000213623047,65.59564971923828,6087200
2017-09-20,81.12000274658203,81.29000091552734,80.41000366210938,80.80999755859375,65.43367767333984,6771600
2017-09-21,80.75,81.18000030517578,80.55000305175781,80.55000305175781,65.22318267822266,7964000
2017-09-22,80.5199966430664,80.88999938964844,80.01000213623047,80.06999969482422,64.83451080322266,6471900
2017-09-25,80.19999694824219,80.76000213623047,80.16000366210938,80.5,65.18267822265625,4983700
2017-09-26,79.91000366210938,80.06999969482422,79.7300033569336,79.83999633789062,65.20063781738281,6180500
2017-09-27,79.4800033569336,79.77999877929688,78.97000122070312,79.19999694824219,64.6780014038086,7488300
2017-09-28,79.05999755859375,79.86000061035156,79.04000091552734,79.79000091552734,65.1598129272461,7166100
2017-09-29,79.77999877929688,79.9800033569336,79.54000091552734,79.87999725341797,65.2332992553711,5569400
2017-10-02,80.01000213623047,80.12000274658203,79.6500015258789,79.72000122070312,65.1026382446289,10777100
2017-10-03,79.7300033569336,79.87999725341797,79.56999969482422,79.77999877929688,65.15164947509766,2816600
2017-10-04,79.77999877929688,80.3499984741211,79.58000183105469,80.29000091552734,65.56813049316406,3594900
2017-10-05,80.33999633789062,80.87000274658203,80.08000183105469,80.54000091552734,65.77230072021484,7336800
2017-10-06,80.25,80.30000305175781,79.56999969482422,80.25,65.53545379638672,4752400
2017-10-09,80.27999877929688,80.55999755859375,80.19000244140625,80.41000366210938,65.6661376953125,2042800
2017-10-10,80.48999786376953,81.0199966430664,80.36000061035156,80.5199966430664,65.75595092773438,4599900
2017-10-11,80.62000274658203,81.04000091552734,80.30000305175781,80.86000061035156,66.03361511230469,5553500
2017-10-12,80.8499984741211,81.4000015258789,80.83000183105469,81.38999938964844,66.4664306640625,3952200
2017-10-13,81.69000244140625,81.77999877929688,81.23999786376953,81.56999969482422,66.61344909667969,2814900
2017-10-16,81.54000091552734,81.62000274658203,81.12000274658203,81.16000366210938,66.27860260009766,6232500
2017-10-17,81.16000366210938,81.36000061035156,81.0199966430664,81.2300033569336,66.33576965332031,3077700
2017-10-18,81.0,81.4000015258789,80.91999816894531,81.13999938964844,66.26228332519531,4559400
2017-10-19,81.12999725341797,81.30999755859375,80.7699966430664,81.08000183105469,66.21327209472656,3359600
2017-10-20,80.9800033569336,81.12000274658203,80.55000305175781,80.81999969482422,66.00094604492188,6599300
2017-10-23,80.95999908447266,81.01000213623047,80.36000061035156,80.44000244140625,65.69063568115234,5818400
2017-10-24,80.38999938964844,80.58000183105469,79.75,80.04000091552734,65.36398315429688,4442600
2017-10-25,79.6500015258789,80.01000213623047,79.26000213623047,79.7300033569336,65.11082458496094,7746500
2017-10-26,79.83999633789062,80.30000305175781,79.05000305175781,79.23999786376953,64.71064758300781,6420000
2017-10-27,79.41999816894531,79.76000213623047,78.76000213623047,79.5999984741211,65.004638671875,6527000
2017-10-30,79.41999816894531,80.08999633789062,79.41999816894531,79.7699966430664,65.14347076416016,3909700
2017-10-31,79.7699966430664,79.95999908447266,79.20999908447266,79.91999816894531,65.26597595214844,4418600
2017-11-01,80.05000305175781,80.30999755859375,79.83000183105469,79.9800033569336,65.31495666503906,5343100
2017-11-02,80.16000366210938,80.9000015258789,80.02999877929688,80.4800033569336,65.72328186035156,6501500
2017-11-03,80.01000213623047,80.62000274658203,79.80999755859375,80.43000030517578,65.68245697021484,3662500
2017-11-06,80.75,81.58999633789062,80.54000091552734,81.36000061035156,66.44194793701172,11051000
2017-11-07,81.41000366210938,82.12999725341797,81.41000366210938,81.94000244140625,66.91558074951172,8746800
2017-11-08,81.8499984741211,82.58999633789062,81.7699966430664,82.48999786376953,67.3647689819336,8219800
2017-11-09,82.06999969482422,82.87999725341797,82.04000091552734,82.45999908447266,67.3402328491211,5785100
2017-11-10,82.04000091552734,82.69000244140625,81.80999755859375,82.51000213623047,67.38106536865234,4002700
2017-11-13,82.6500015258789,82.94999694824219,82.43000030517578,82.80999755859375,67.62606811523438,7762400
2017-11-14,82.62999725341797,83.0,82.44999694824219,82.68000030517578,67.51988220214844,6076100
2017-11-15,82.63999938964844,82.87000274658203,81.94000244140625,81.97000122070312,66.94009399414062,8903500
2017-11-16,81.93000030517578,82.62999725341797,81.93000030517578,82.5199966430664,67.38923645019531,10909600
2017-11-17,82.25,82.55000305175781,82.04000091552734,82.13999938964844,67.07891082763672,5042600
2017-11-20,82.20999908447266,82.2699966430664,81.86000061035156,81.97000122070312,66.94009399414062,4312200
2017-11-21,82.18000030517578,82.76000213623047,82.08999633789062,82.55999755859375,67.42191314697266,11636200
2017-11-22,82.29000091552734,82.58999633789062,82.16000366210938,82.33000183105469,67.23408508300781,3216900
2017-11-24,82.43000030517578,82.63999938964844,82.41000366210938,82.5,67.3729019165039,1742500
2017-11-27,82.70999908447266,82.76000213623047,82.16000366210938,82.16000366210938,67.09526824951172,4947500
2017-11-28,82.16000366210938,82.30000305175781,81.62000274658203,81.9800033569336,66.9482650756836,9764100
2017-11-29,81.81999969482422,82.06999969482422,81.47000122070312,81.87999725341797,66.86659240722656,6179300
2017-11-30,81.94999694824219,82.16999816894531,81.7300033569336,81.97000122070312,66.94009399414062,8833300
2017-12-01,82.02999877929688,82.3499984741211,81.36000061035156,82.12000274658203,67.06259155273438,9899800
2017-12-04,82.22000122070312,82.56999969482422,81.44999694824219,81.48999786376953,66.54811096191406,9085300
2017-12-05,81.4800033569336,81.62000274658203,81.0,81.01000213623047,66.15612030029297,9503300
2017-12-06,81.12999725341797,81.30000305175781,80.6500015258789,80.9800033569336,66.13162231445312,3812900
2017-12-07,81.18000030517578,81.44000244140625,80.80999755859375,81.30999755859375,66.40109252929688,5994900
2017-12-08,81.56999969482422,81.7300033569336,81.30000305175781,81.58000183105469,66.62159729003906,3941900
2017-12-11,81.58000183105469,81.69000244140625,81.3499984741211,81.66999816894531,66.69507598876953,4000400
2017-12-12,81.87999725341797,82.20999908447266,81.44000244140625,82.0,66.96459197998047,6639100
2017-12-13,82.06999969482422,82.52999877929688,82.0,82.16999816894531,67.1034164428711,6450200
2017-12-14,82.16999816894531,82.43000030517578,81.83000183105469,82.12000274658203,67.06259155273438,5853300
2017-12-15,82.2300033569336,82.6500015258789,82.22000122070312,82.45999908447266,67.3402328491211,7882600
2017-12-18,82.48999786376953,83.2699966430664,82.48999786376953,82.91999816894531,67.71590423583984,6699300
2017-12-19,82.16000366210938,82.2699966430664,80.3499984741211,80.47000122070312,66.41192626953125,11906100
2017-12-20,80.38999938964844,80.61000061035156,79.61000061035156,79.62999725341797,65.71866607666016,8030000
2017-12-21,79.9000015258789,79.91999816894531,79.27999877929688,79.33999633789062,65.47933959960938,7529500
2017-12-22,79.62000274658203,79.95999908447266,79.33999633789062,79.83999633789062,65.8919906616211,4957800
2017-12-26,79.80000305175781,80.44000244140625,79.7300033569336,80.2300033569336,66.21385192871094,4963300
2017-12-27,80.36000061035156,80.69999694824219,80.23999786376953,80.5199966430664,66.45318603515625,6613500
2017-12-28,80.58000183105469,81.02999877929688,80.33999633789062,80.98999786376953,66.84107208251953,6764700
2017-12-29,81.1500015258789,81.27999877929688,80.86000061035156,81.01000213623047,66.85758209228516,4272100
2018-01-02,81.06999969482422,81.19000244140625,80.47000122070312,80.5999984741211,66.51920318603516,7091600
2018-01-03,80.69999694824219,80.83999633789062,80.2699966430664,80.47000122070312,66.41192626953125,4625700
2018-01-04,80.54000091552734,80.55000305175781,79.19000244140625,79.20999908447266,65.37206268310547,12178300
2018-01-05,79.45999908447266,79.45999908447266,79.08999633789062,79.29000091552734,65.43804931640625,9630200
2018-01-08,79.38999938964844,79.9000015258789,79.30999755859375,79.73999786376953,65.80945587158203,4756600
2018-01-09,79.79000091552734,79.91999816894531,78.81999969482422,78.81999969482422,65.05017852783203,10440100
2018-01-10,78.5,78.61000061035156,77.4800033569336,77.86000061035156,64.25788879394531,8933700
2018-01-11,78.06999969482422,78.20999908447266,77.38999938964844,77.58999633789062,64.0350570678711,5031900
2018-01-12,77.44999694824219,77.56999969482422,76.81999969482422,76.95999908447266,63.515106201171875,8923800
2018-01-16,77.2699966430664,78.43000030517578,77.13999938964844,77.16999816894531,63.68844223022461,9984500
2018-01-17,77.44000244140625,77.87000274658203,77.19000244140625,77.72000122070312,64.14234161376953,5153300
2018-01-18,77.5,77.63999938964844,76.83000183105469,76.95999908447266,63.515106201171875,5191500
2018-01-19,77.02999877929688,77.4800033569336,76.80999755859375,77.45999908447266,63.92776107788086,6809000
2018-01-22,77.52999877929688,78.16000366210938,77.44999694824219,78.08999633789062,64.44770050048828,10181900
2018-01-23,78.30000305175781,79.19000244140625,78.30000305175781,79.16999816894531,65.33902740478516,7584700
2018-01-24,78.9000015258789,79.26000213623047,78.58999633789062,78.88999938964844,65.1079330444336,7675100
2018-01-25,78.80000305175781,78.94999694824219,78.36000061035156,78.73999786376953,64.98414611816406,5540000
2018-01-26,78.87999725341797,78.98999786376953,78.26000213623047,78.7699966430664,65.00891876220703,6799200
2018-01-29,78.4800033569336,78.69000244140625,77.7300033569336,77.76000213623047,64.17534637451172,6094500
2018-01-30,77.44999694824219,77.69000244140625,77.13999938964844,77.33999633789062,63.82872772216797,5870100
2018-01-31,77.6500015258789,78.62000274658203,77.3499984741211,78.55999755859375,64.8355941772461,12266100
2018-02-01,78.4000015258789,78.94000244140625,77.18000030517578,77.25,63.754451751708984,11450000
2018-02-02,76.69000244140625,77.01000213623047,75.97000122070312,76.45999908447266,63.102455139160156,9794600
2018-02-05,76.20999908447266,76.81999969482422,74.0,74.0,61.07221984863281,12593500
2018-02-06,73.36000061035156,74.7300033569336,72.7300033569336,74.26000213623047,61.28681945800781,17411500
2018-02-07,74.08999633789062,75.33999633789062,73.93000030517578,73.97000122070312,61.04747772216797,9642100
2018-02-08,73.80999755859375,74.48999786376953,71.76000213623047,71.79000091552734,59.24834060668945,18137800
2018-02-09,72.25,73.91000366210938,71.2699966430664,73.27999877929688,60.478023529052734,14993100
2018-02-12,73.66999816894531,73.88999938964844,71.70999908447266,73.5,60.65958023071289,13618900
2018-02-13,73.44999694824219,74.27999877929688,73.02999877929688,74.05999755859375,61.12175750732422,8520800
2018-02-14,73.58000183105469,74.11000061035156,72.62000274658203,73.69999694824219,60.824642181396484,11068200
2018-02-15,73.9000015258789,74.61000061035156,73.62999725341797,74.43000030517578,61.4271125793457,9784000
2018-02-16,74.5199966430664,75.33000183105469,74.5,75.05999755859375,61.947052001953125,10139500
2018-02-20,74.70999908447266,75.37000274658203,74.0999984741211,74.12999725341797,61.179508209228516,9230100
2018-02-21,74.11000061035156,74.66999816894531,72.87999725341797,72.9000015258789,60.164398193359375,9805600
2018-02-22,73.19000244140625,74.18000030517578,73.05000305175781,73.58000183105469,60.72561264038086,8770300
2018-02-23,73.98999786376953,74.86000061035156,73.70999908447266,74.83000183105469,61.75721740722656,7871500
2018-02-26,75.19999694824219,75.25,74.63999938964844,75.08999633789062,61.9717903137207,6058000
2018-02-27,75.1500015258789,75.22000122070312,73.5,73.51000213623047,60.66783905029297,10466900
2018-02-28,73.91000366210938,74.37000274658203,73.33000183105469,73.33000183105469,60.519290924072266,6702600
2018-03-01,73.23999786376953,74.08000183105469,72.75,73.0999984741211,60.329437255859375,14216800
2018-03-02,72.8499984741211,73.06999969482422,72.26000213623047,72.97000122070312,60.2221565246582,6744500
2018-03-05,72.5999984741211,74.19000244140625,72.5999984741211,73.79000091552734,60.8989143371582,11811100
2018-03-06,73.81999969482422,74.44999694824219,73.44000244140625,74.26000213623047,61.28681945800781,7440000
2018-03-07,73.91999816894531,74.73999786376953,73.7300033569336,74.63999938964844,61.60039138793945,8993600
2018-03-08,74.69999694824219,75.0999984741211,74.5,75.0199966430664,61.914031982421875,8446800
2018-03-09,75.13999938964844,75.48999786376953,74.6500015258789,75.48999786376953,62.30192184448242,7660100
2018-03-12,75.45999908447266,76.02999877929688,75.33999633789062,75.87000274658203,62.61555480957031,6980200
2018-03-13,76.2300033569336,76.41000366210938,75.7300033569336,75.98999786376953,62.71458053588867,6437300
2018-03-14,76.12000274658203,76.3499984741211,75.68000030517578,76.05000305175781,62.76408767700195,5750400
2018-03-15,76.12999725341797,76.38999938964844,75.6500015258789,76.02999877929688,62.747589111328125,9157300
2018-03-16,75.94000244140625,76.58999633789062,75.76000213623047,76.4800033569336,63.11896896362305,10879600
2018-03-19,76.37999725341797,76.44999694824219,75.33000183105469,75.7699966430664,62.53300094604492,8155600
2018-03-20,75.77999877929688,76.2699966430664,75.4000015258789,75.70999908447266,62.48349380493164,6567100
2018-03-21,75.63999938964844,75.93000030517578,74.7300033569336,75.12999725341797,62.00480651855469,7839300
2018-03-22,74.33000183105469,75.27999877929688,74.05999755859375,74.08000183105469,61.645328521728516,9099500
2018-03-23,74.0199966430664,74.27999877929688,72.75,72.9000015258789,60.66341781616211,10044000
2018-03-26,73.5,73.94999694824219,73.05000305175781,73.81999969482422,61.42897033691406,6054900
2018-03-27,73.94000244140625,74.98999786376953,73.19000244140625,74.0199966430664,61.59540939331055,10805600
2018-03-28,74.36000061035156,75.66999816894531,74.0199966430664,75.44999694824219,62.785377502441406,15032300
2018-03-29,75.5999984741211,75.83000183105469,75.19000244140625,75.47000122070312,62.80200958251953,9078800
2018-04-02,75.43000030517578,75.66999816894531,73.98999786376953,74.43000030517578,61.936588287353516,11055500
2018-04-03,74.63999938964844,75.20999908447266,74.1500015258789,74.91999816894531,62.34434509277344,11062800
2018-04-04,74.5999984741211,75.91000366210938,74.30999755859375,75.76000213623047,63.0433349609375,8767300
2018-04-05,75.7699966430664,75.97000122070312,75.20999908447266,75.83000183105469,63.101593017578125,12880100
2018-04-06,75.70999908447266,76.1500015258789,74.91999816894531,75.1500015258789,62.53573226928711,11896300
2018-04-09,75.0,75.63999938964844,74.88999938964844,75.0199966430664,62.42753601074219,8584000
2018-04-10,75.37000274658203,75.5,74.5199966430664,74.7300033569336,62.18623733520508,9125800
2018-04-11,74.52999877929688,75.51000213623047,74.52999877929688,74.9000015258789,62.32770538330078,4463000
2018-04-12,75.11000061035156,75.11000061035156,73.9800033569336,74.19000244140625,61.73686981201172,7667100
2018-04-13,73.95999908447266,74.58000183105469,73.95999908447266,74.44999694824219,61.95321273803711,4644700
2018-04-16,74.44999694824219,75.16000366210938,74.41000366210938,74.80999755859375,62.2527961730957,6894800
2018-04-17,75.0,76.19000244140625,74.83000183105469,75.77999877929688,63.05997085571289,8517400
2018-04-18,75.7699966430664,76.08000183105469,75.61000061035156,75.6500015258789,62.95180892944336,5600300
2018-04-19,75.29000091552734,75.37999725341797,74.08000183105469,74.56999969482422,62.0531005859375,8191800
2018-04-20,74.5,74.80999755859375,73.86000061035156,73.93000030517578,61.5205192565918,10076500
2018-04-23,74.01000213623047,74.2699966430664,73.62999725341797,73.9800033569336,61.56211471557617,5820000
2018-04-24,74.13999938964844,74.54000091552734,73.83000183105469,74.16000366210938,61.711891174316406,6190900
2018-04-25,73.91999816894531,74.23999786376953,73.2699966430664,74.0,61.57875442504883,7894600
2018-04-26,74.23999786376953,75.29000091552734,74.13999938964844,74.9000015258789,62.32770538330078,7028000
2018-04-27,74.77999877929688,76.11000061035156,74.68000030517578,75.87000274658203,63.1348762512207,8633000
2018-04-30,75.81999969482422,76.2699966430664,75.62000274658203,75.63999938964844,62.9434814453125,8889100
2018-05-01,75.69999694824219,76.2699966430664,75.41999816894531,76.16999816894531,63.384517669677734,7872300
2018-05-02,76.0,76.27999877929688,75.38999938964844,75.91000366210938,63.16816329956055,8745700
2018-05-03,75.76000213623047,76.23999786376953,75.5999984741211,75.94000244140625,63.193138122558594,4850100
2018-05-04,75.94999694824219,76.94999694824219,75.94000244140625,76.73999786376953,63.85884094238281,7379300
2018-05-07,76.87000274658203,77.29000091552734,76.73999786376953,77.16000366210938,64.20836639404297,10398100
2018-05-08,76.95999908447266,77.12000274658203,76.5199966430664,76.77999877929688,63.892120361328125,11142500
2018-05-09,76.6500015258789,77.2699966430664,76.51000213623047,77.25,64.28323364257812,8030200
2018-05-10,77.5999984741211,78.06999969482422,77.5,77.95999908447266,64.87407684326172,8522900
2018-05-11,77.97000122070312,78.26000213623047,77.54000091552734,77.63999938964844,64.60778045654297,7923200
2018-05-14,77.55999755859375,77.72000122070312,76.69000244140625,77.06999969482422,64.13345336914062,10030300
2018-05-15,76.5199966430664,76.70999908447266,75.69999694824219,75.93000030517578,63.1848030090332,11364200
2018-05-16,76.12000274658203,76.2699966430664,75.58000183105469,75.70999908447266,63.0017204284668,7299600
2018-05-17,75.58999633789062,75.87000274658203,75.16999816894531,75.31999969482422,62.677188873291016,9778200
2018-05-18,75.45999908447266,75.72000122070312,75.13999938964844,75.48999786376953,62.81865692138672,8443700
2018-05-21,75.61000061035156,76.41999816894531,75.22000122070312,76.30000305175781,63.492706298828125,7944100
2018-05-22,76.2699966430664,76.44000244140625,76.0,76.4000015258789,63.57592010498047,7426100
2018-05-23,76.55999755859375,77.2300033569336,76.33000183105469,77.05000305175781,64.11681365966797,6833200
2018-05-24,77.12000274658203,77.30000305175781,76.44000244140625,76.86000061035156,63.95868682861328,7142700
2018-05-25,76.80999755859375,77.37999725341797,76.73999786376953,77.12000274658203,64.17505645751953,5475900
2018-05-29,77.22000122070312,77.6500015258789,76.68000030517578,77.3499984741211,64.36644744873047,7454700
2018-05-30,77.20999908447266,78.62000274658203,77.13999938964844,78.33000183105469,65.18197631835938,10052900
2018-05-31,78.05999755859375,78.43000030517578,77.81999969482422,78.19000244140625,65.0654525756836,11575600
2018-06-01,78.18000030517578,78.62000274658203,77.83000183105469,78.45999908447266,65.29011535644531,9777800
2018-06-04,78.6500015258789,79.1500015258789,78.37999725341797,79.1500015258789,65.86433410644531,8022200
2018-06-05,79.29000091552734,79.44999694824219,78.7699966430664,79.05000305175781,65.78109741210938,12342700
2018-06-06,78.9000015258789,79.13999938964844,78.56999969482422,79.13999938964844,65.85598754882812,5980400
2018-06-07,79.1500015258789,79.31999969482422,78.68000030517578,79.19000244140625,65.8976058959961,7244200
2018-06-08,79.1500015258789,79.47000122070312,79.0199966430664,79.41999816894531,66.0889892578125,4491300
2018-06-11,79.33000183105469,79.54000091552734,79.25,79.44000244140625,66.10562896728516,10024600
2018-06-12,79.23999786376953,80.0199966430664,79.11000061035156,79.83999633789062,66.43849182128906,4860400
2018-06-13,79.87000274658203,79.98999786376953,78.13999938964844,78.2300033569336,65.09872436523438,10046100
2018-06-14,78.58999633789062,79.26000213623047,78.45999908447266,79.01000213623047,65.74783325195312,6749900
2018-06-15,79.0199966430664,79.48999786376953,78.80999755859375,79.08999633789062,65.81440734863281,12840300
2018-06-18,78.70999908447266,79.0199966430664,78.4800033569336,79.0199966430664,65.7561264038086,6088900
2018-06-19,78.83999633789062,79.31999969482422,78.76000213623047,79.01000213623047,65.74783325195312,6031100
2018-06-20,79.04000091552734,79.87000274658203,78.97000122070312,79.77999877929688,66.38855743408203,9409200
2018-06-21,79.80999755859375,80.23999786376953,79.62000274658203,80.19000244140625,66.72974395751953,8941900
2018-06-22,80.2300033569336,80.73999786376953,79.91999816894531,80.69999694824219,67.15414428710938,6692700
2018-06-25,80.94000244140625,80.94000244140625,80.01000213623047,80.41999816894531,66.921142578125,6948000
2018-06-26,79.77999877929688,80.26000213623047,79.5199966430664,79.95999908447266,67.185791015625,6122700
2018-06-27,80.23999786376953,80.3499984741211,79.52999877929688,79.52999877929688,66.82450103759766,6978500
2018-06-28,79.5999984741211,80.4800033569336,79.58000183105469,80.37999725341797,67.53871154785156,8832800
2018-06-29,80.19999694824219,80.9000015258789,79.76000213623047,80.58000183105469,67.70674133300781,8417700
2018-07-02,80.54000091552734,80.62000274658203,79.26000213623047,80.0999984741211,67.30342102050781,14329300
2018-07-03,80.29000091552734,81.26000213623047,80.02999877929688,80.69999694824219,67.80757904052734,7059800
2018-07-05,80.9000015258789,81.75,80.63999938964844,81.75,68.68984985351562,12157500
2018-07-06,81.93000030517578,82.16999816894531,81.75,82.08999633789062,68.97551727294922,8450500
2018-07-09,82.06999969482422,82.11000061035156,81.0199966430664,81.36000061035156,68.36215209960938,6359800
2018-07-10,81.43000030517578,81.73999786376953,81.05000305175781,81.61000061035156,68.57221984863281,6553900
2018-07-11,81.47000122070312,81.76000213623047,81.27999877929688,81.36000061035156,68.36215209960938,5535900
2018-07-12,81.16000366210938,81.72000122070312,81.16000366210938,81.5999984741211,68.56378936767578,4568200
2018-07-13,81.75,81.94999694824219,81.30000305175781,81.31999969482422,68.32855224609375,4581000
2018-07-16,81.2300033569336,81.30999755859375,80.5,80.94999694824219,68.01766204833984,5306200
2018-07-17,80.94999694824219,81.16000366210938,80.36000061035156,80.5199966430664,67.65635681152344,11247200
2018-07-18,80.29000091552734,80.61000061035156,79.75,80.13999938964844,67.3370590209961,6169300
2018-07-19,79.9800033569336,81.23999786376953,79.81999969482422,80.94999694824219,68.01766204833984,8434600
2018-07-20,80.69000244140625,80.83000183105469,79.97000122070312,80.2699966430664,67.44629669189453,9477800
2018-07-23,80.0999984741211,80.23999786376953,79.61000061035156,80.06999969482422,67.27823638916016,4977000
2018-07-24,80.19000244140625,80.37000274658203,79.47000122070312,79.68000030517578,66.95053100585938,6786400
2018-07-25,79.72000122070312,80.4800033569336,79.72000122070312,80.33000183105469,67.49671936035156,6448600
2018-07-26,80.61000061035156,80.98999786376953,80.2300033569336,80.55000305175781,67.68156433105469,5477800
2018-07-27,80.72000122070312,80.77999877929688,79.69000244140625,79.7699966430664,67.02616119384766,7163000
2018-07-30,79.8499984741211,80.01000213623047,79.25,79.87999725341797,67.11858367919922,10811000
2018-07-31,80.37000274658203,81.5,80.23999786376953,81.25,68.26972961425781,16050000
2018-08-01,80.54000091552734,81.66999816894531,80.1500015258789,81.5199966430664,68.49658203125,18394300
2018-08-02,81.45999908447266,81.7699966430664,81.19999694824219,81.25,68.26972961425781,7756000
2018-08-03,81.51000213623047,82.26000213623047,81.31999969482422,82.20999908447266,69.07634735107422,8897000
2018-08-06,82.06999969482422,82.47000122070312,81.88999938964844,82.16000366210938,69.03434753417969,6988700
2018-08-07,82.0999984741211,82.18000030517578,81.52999877929688,81.87000274658203,68.79068756103516,5188300
2018-08-08,81.8499984741211,81.87000274658203,81.27999877929688,81.37999725341797,68.37896728515625,4143400
2018-08-09,81.37999725341797,81.72000122070312,81.31999969482422,81.4800033569336,68.4629898071289,4609000
2018-08-10,81.30000305175781,81.58999633789062,80.75,80.75,67.84959411621094,6231700
2018-08-13,80.81999969482422,81.01000213623047,80.55999755859375,80.70999908447266,67.81597900390625,5135100
2018-08-14,80.80999755859375,81.30999755859375,80.76000213623047,81.1500015258789,68.18569946289062,4485400
2018-08-15,81.1500015258789,81.86000061035156,80.98999786376953,81.76000213623047,68.69824981689453,8520300
2018-08-16,81.87000274658203,82.41999816894531,81.75,82.41999816894531,69.25279235839844,6528800
2018-08-17,82.31999969482422,83.16999816894531,82.31999969482422,83.16000366210938,69.87460327148438,6872200
2018-08-20,83.2699966430664,83.62000274658203,83.08999633789062,83.29000091552734,69.98379516601562,6258900
2018-08-21,83.30000305175781,83.3499984741211,82.5199966430664,82.7300033569336,69.51329040527344,4894100
2018-08-22,82.58999633789062,82.73999786376953,81.94000244140625,82.2699966430664,69.12677001953125,6582800
2018-08-23,82.16000366210938,82.38999938964844,82.01000213623047,82.08999633789062,68.97551727294922,3381300
2018-08-24,81.91000366210938,82.51000213623047,81.87999725341797,82.51000213623047,69.32840728759766,4421800
2018-08-27,82.54000091552734,82.63999938964844,81.97000122070312,82.36000061035156,69.20237731933594,5850000
2018-08-28,82.33999633789062,83.26000213623047,82.18000030517578,83.23999786376953,69.94181060791016,8055400
2018-08-29,83.30999755859375,83.48999786376953,83.13999938964844,83.16000366210938,69.87460327148438,7278500
2018-08-30,83.26000213623047,83.43000030517578,82.72000122070312,82.87000274658203,69.63092041015625,3659900
2018-08-31,82.9000015258789,83.30999755859375,82.80999755859375,83.18000030517578,69.89138793945312,5541800
2018-09-04,82.75,83.16000366210938,82.12999725341797,82.30000305175781,69.15199279785156,9942300
2018-09-05,81.9000015258789,82.98999786376953,81.80000305175781,82.68000030517578,69.47127532958984,8536700
2018-09-06,82.94999694824219,83.16000366210938,82.80000305175781,83.0,69.74015808105469,7589000
2018-09-07,82.5199966430664,82.61000061035156,81.94000244140625,81.98999786376953,68.89149475097656,8786400
2018-09-10,82.3499984741211,82.86000061035156,82.30000305175781,82.51000213623047,69.32840728759766,8121800
2018-09-11,82.20999908447266,82.66999816894531,82.06999969482422,82.33999633789062,69.18557739257812,8158500
2018-09-12,82.5199966430664,82.58000183105469,82.12000274658203,82.41000366210938,69.24440002441406,7789300
2018-09-13,82.70999908447266,83.05000305175781,82.47000122070312,82.9000015258789,69.65613555908203,6732900
2018-09-14,82.62000274658203,82.68000030517578,81.7300033569336,82.2300033569336,69.09317016601562,7777000
2018-09-17,82.05999755859375,82.66999816894531,81.98999786376953,82.5199966430664,69.33683776855469,6007700
2018-09-18,82.37000274658203,82.58999633789062,81.98999786376953,82.2300033569336,69.09317016601562,8338100
2018-09-19,82.12999725341797,82.19999694824219,81.0999984741211,81.13999938964844,68.17729187011719,8423500
2018-09-20,81.13999938964844,81.97000122070312,80.94000244140625,81.94999694824219,68.8578872680664,8962100
2018-09-21,81.7699966430664,82.30999755859375,81.68000030517578,81.91000366210938,68.82428741455078,8127600
2018-09-24,81.68000030517578,81.69999694824219,80.16000366210938,80.47000122070312,67.61433410644531,8941400
2018-09-25,80.43000030517578,80.87999725341797,80.23999786376953,80.33999633789062,67.50508880615234,8988400
2018-09-26,79.76000213623047,79.76000213623047,78.69999694824219,78.83000183105469,66.88739013671875,11455100
2018-09-27,78.95999908447266,79.44999694824219,78.8499984741211,79.04000091552734,67.06556701660156,7391600
2018-09-28,79.12999725341797,80.12999725341797,79.12999725341797,80.0199966430664,67.89710235595703,9308700
2018-10-01,80.02999877929688,80.25,79.36000061035156,79.36000061035156,67.33708953857422,12583000
2018-10-02,79.54000091552734,79.81999969482422,79.25,79.25,67.24378204345703,7365300
2018-10-03,79.22000122070312,79.62999725341797,78.11000061035156,78.69999694824219,66.77709197998047,13807100
2018-10-04,78.3499984741211,78.37999725341797,77.45999908447266,77.91000366210938,66.10675811767578,12966500
2018-10-05,77.88999938964844,78.37000274658203,77.80000305175781,77.80999755859375,66.02193450927734,11725300
2018-10-08,78.04000091552734,79.19999694824219,77.94999694824219,78.83999633789062,66.8958740234375,8456400
2018-10-09,78.86000061035156,79.33000183105469,78.55000305175781,79.01000213623047,67.0401382446289,7122500
2018-10-10,78.9000015258789,79.23999786376953,77.81999969482422,77.81999969482422,66.03040313720703,11699500
2018-10-11,78.02999877929688,78.02999877929688,75.5999984741211,75.69999694824219,64.23157501220703,19049500
2018-10-12,76.62999725341797,76.69999694824219,75.1500015258789,75.55000305175781,64.10430908203125,12504500
2018-10-15,75.47000122070312,76.73999786376953,75.47000122070312,75.95999908447266,64.45219421386719,9889100
2018-10-16,76.2300033569336,77.73999786376953,75.86000061035156,77.61000061035156,65.85222625732422,8111000
2018-10-17,77.47000122070312,77.69999694824219,76.79000091552734,77.2300033569336,65.52979278564453,8601900
2018-10-18,77.26000213623047,77.88999938964844,76.94999694824219,77.13999938964844,65.45343017578125,7128900
2018-10-19,77.12000274658203,78.08000183105469,77.12000274658203,77.7300033569336,65.95404815673828,6943800
2018-10-22,77.94000244140625,78.27999877929688,76.70999908447266,76.70999908447266,65.08856201171875,8100600
2018-10-23,76.4800033569336,77.56999969482422,76.19000244140625,77.19999694824219,65.50431823730469,10027200
2018-10-24,77.2699966430664,78.4800033569336,77.1500015258789,77.76000213623047,65.97947692871094,14149900
2018-10-25,77.88999938964844,79.19999694824219,77.58000183105469,78.72000122070312,66.7940673828125,9473500
2018-10-26,78.38999938964844,78.47000122070312,76.38999938964844,76.87000274658203,65.22434997558594,12416500
2018-10-29,77.44000244140625,78.37000274658203,77.31999969482422,77.76000213623047,65.97947692871094,9833500
2018-10-30,78.0999984741211,79.45999908447266,77.76000213623047,78.93000030517578,66.97224426269531,12266600
2018-10-31,78.76000213623047,79.05999755859375,77.86000061035156,78.11000061035156,66.27647399902344,11253000
2018-11-01,78.18000030517578,78.5199966430664,77.73999786376953,78.4000015258789,66.52251434326172,13821500
2018-11-02,78.51000213623047,78.51000213623047,76.87999725341797,77.7300033569336,65.95404815673828,9900600
2018-11-05,77.91999816894531,79.11000061035156,77.7300033569336,78.87000274658203,66.92131805419922,14536600
2018-11-06,78.80000305175781,79.26000213623047,78.73999786376953,79.20999908447266,67.2098159790039,5133400
2018-11-07,79.69999694824219,80.20999908447266,79.13999938964844,80.20999908447266,68.05834197998047,7704800
2018-11-08,80.0,80.2699966430664,79.5999984741211,80.23999786376953,68.08377075195312,5218800
2018-11-09,80.05000305175781,80.4800033569336,79.83000183105469,80.3499984741211,68.1771011352539,6148400
2018-11-12,80.3499984741211,81.05000305175781,80.18000030517578,80.26000213623047,68.10076141357422,5749800
2018-11-13,80.41000366210938,80.7300033569336,79.86000061035156,80.33000183105469,68.16015625,5401800
2018-11-14,80.66999816894531,80.81999969482422,79.79000091552734,80.19000244140625,68.04135131835938,6817300
2018-11-15,79.88999938964844,80.01000213623047,78.83000183105469,79.69000244140625,67.61711883544922,9149300
2018-11-16,79.54000091552734,80.6500015258789,79.4000015258789,80.6500015258789,68.43167114257812,11869700
2018-11-19,80.62999725341797,81.16999816894531,80.08999633789062,80.6500015258789,68.43167114257812,5518700
2018-11-20,80.48999786376953,80.80999755859375,79.79000091552734,79.79000091552734,67.70195770263672,12269600
2018-11-21,79.77999877929688,80.47000122070312,79.47000122070312,79.9000015258789,67.79527282714844,6545800
2018-11-23,79.77999877929688,80.0199966430664,79.20999908447266,79.62999725341797,67.56619262695312,2618000
2018-11-26,80.0,80.18000030517578,79.47000122070312,79.91000366210938,67.80375671386719,4867500
2018-11-27,79.68000030517578,80.16999816894531,79.47000122070312,80.16000366210938,68.01589965820312,7151500
2018-11-28,80.11000061035156,80.95999908447266,79.87000274658203,80.87000274658203,68.61833953857422,9827700
2018-11-29,80.83000183105469,81.30999755859375,80.37999725341797,80.9800033569336,68.71170806884766,6261900
2018-11-30,81.01000213623047,81.77999877929688,80.83000183105469,81.77999877929688,69.39046478271484,8392100
2018-12-03,82.22000122070312,82.22000122070312,81.37000274658203,82.16000366210938,69.71290588378906,11246200
2018-12-04,82.16000366210938,82.30999755859375,80.69000244140625,80.88999938964844,68.63530731201172,11586400
2018-12-06,80.51000213623047,82.98999786376953,79.7699966430664,82.91999816894531,70.3577651977539,18088000
2018-12-07,82.5999984741211,82.8499984741211,81.52999877929688,81.75,69.36502838134766,14480700
2018-12-10,81.80000305175781,81.87999725341797,80.30999755859375,81.29000091552734,68.9747085571289,11460600
2018-12-11,81.55999755859375,82.08999633789062,81.33999633789062,81.3499984741211,69.02560424804688,6209100
2018-12-12,81.83999633789062,81.91999816894531,80.0,80.01000213623047,67.88861846923828,7830400
2018-12-13,80.06999969482422,81.13999938964844,80.05999755859375,80.48999786376953,68.29591369628906,6059700
2018-12-14,80.23999786376953,80.69000244140625,79.93000030517578,80.33000183105469,68.16015625,7787900
2018-12-17,79.97000122070312,80.19999694824219,76.7300033569336,76.91000366210938,65.64395904541016,13336700
2018-12-18,77.47000122070312,78.13999938964844,77.2699966430664,77.5999984741211,66.23290252685547,9069300
2018-12-19,77.62000274658203,78.37000274658203,76.55000305175781,76.75,65.50740051269531,15919200
2018-12-20,76.72000122070312,76.91999816894531,75.0999984741211,75.62999725341797,64.55147552490234,13771500
2018-12-21,75.86000061035156,77.2300033569336,74.56999969482422,74.69000244140625,63.749168395996094,12539500
2018-12-24,74.4000015258789,74.66999816894531,71.97000122070312,72.0,61.45321273803711,9458300
2018-12-26,72.19999694824219,74.43000030517578,71.41000366210938,74.36000061035156,63.46751403808594,12387500
2018-12-27,73.80999755859375,74.56999969482422,72.4000015258789,74.4800033569336,63.56992721557617,11498600
2018-12-28,75.16999816894531,75.51000213623047,74.18000030517578,74.70999908447266,63.7662353515625,13789700
2018-12-31,74.8499984741211,75.06999969482422,73.66999816894531,74.94000244140625,63.96254348754883,10767400
2019-01-02,74.08000183105469,74.18000030517578,72.93000030517578,73.31999969482422,62.57984924316406,14797200
2019-01-03,73.31999969482422,74.9000015258789,73.18000030517578,73.79000091552734,62.980995178222656,10602800
2019-01-04,74.2699966430664,75.29000091552734,73.9000015258789,74.58000183105469,63.65528106689453,10159500
2019-01-07,74.9000015258789,75.88999938964844,74.5999984741211,75.33000183105469,64.29542541503906,16536000
2019-01-08,75.77999877929688,76.91000366210938,75.52999877929688,76.69999694824219,65.46473693847656,13641700
2019-01-09,76.80999755859375,76.9800033569336,75.91000366210938,76.5999984741211,65.37938690185547,7852400
2019-01-10,76.41000366210938,77.83000183105469,76.25,77.66000366210938,66.28411865234375,6851300
2019-01-11,77.5999984741211,77.97000122070312,77.20999908447266,77.93000030517578,66.51455688476562,11308300
2019-01-14,77.7300033569336,78.12999725341797,77.3499984741211,77.68000030517578,66.30119323730469,4450900
2019-01-15,77.7699966430664,78.58999633789062,77.73999786376953,78.44999694824219,66.9583969116211,9190300
2019-01-16,78.37999725341797,79.19999694824219,78.2699966430664,78.94000244140625,67.37661743164062,5954900
2019-01-17,78.86000061035156,79.36000061035156,78.77999877929688,79.36000061035156,67.7350845336914,4806400
2019-01-18,79.5999984741211,79.66000366210938,79.02999877929688,79.66000366210938,67.99116516113281,6722600
2019-01-22,79.51000213623047,79.69999694824219,78.7699966430664,79.43000030517578,67.79483032226562,8530800
2019-01-23,79.44999694824219,79.61000061035156,78.91000366210938,79.43000030517578,67.79483032226562,5900400
2019-01-24,79.33000183105469,79.86000061035156,78.91999816894531,79.70999908447266,68.0338363647461,5541900
2019-01-25,79.95999908447266,80.69000244140625,79.66999816894531,80.63999938964844,68.82759094238281,5070400
2019-01-28,80.45999908447266,81.47000122070312,80.25,81.37000274658203,69.45066833496094,9187600
2019-01-29,81.3499984741211,82.05000305175781,81.16000366210938,82.0199966430664,70.00542449951172,6891100
2019-01-30,82.11000061035156,82.95999908447266,81.9000015258789,82.66999816894531,70.56021881103516,13720500
2019-01-31,82.62999725341797,83.55999755859375,81.93000030517578,83.54000091552734,71.30279541015625,11413400
2019-02-01,83.5,83.80000305175781,81.86000061035156,82.97000122070312,70.81626892089844,22702800
2019-02-04,83.4000015258789,83.56999969482422,82.30000305175781,83.52999877929688,71.29425048828125,10299400
2019-02-05,83.62000274658203,84.06999969482422,83.12999725341797,84.04000091552734,71.72953796386719,13279100
2019-02-06,83.87999725341797,83.9000015258789,83.22000122070312,83.45999908447266,71.2344970703125,9819000
2019-02-07,83.22000122070312,84.22000122070312,82.9800033569336,84.0999984741211,71.78076934814453,11887100
2019-02-08,83.87999725341797,84.41999816894531,83.6500015258789,84.12000274658203,71.79782104492188,5007400
2019-02-11,84.08999633789062,84.4800033569336,83.97000122070312,84.36000061035156,72.00267791748047,9950400
2019-02-12,84.27999877929688,84.44999694824219,83.56999969482422,83.87000274658203,71.5844497680664,7465100
2019-02-13,83.47000122070312,84.33000183105469,83.44999694824219,84.26000213623047,71.9173355102539,5129300
2019-02-14,84.41999816894531,84.80000305175781,84.0199966430664,84.52999877929688,72.14778137207031,6725200
2019-02-15,84.61000061035156,85.05999755859375,84.5199966430664,85.05000305175781,72.59160614013672,8649100
2019-02-19,84.81999969482422,85.19000244140625,84.70999908447266,85.06999969482422,72.60865783691406,8170800
2019-02-20,84.86000061035156,84.91000366210938,83.87000274658203,84.47000122070312,72.0965576171875,10041500
2019-02-21,84.05000305175781,84.61000061035156,83.72000122070312,84.54000091552734,72.15631866455078,7637000
2019-02-22,84.63999938964844,85.33000183105469,84.44000244140625,84.98999786376953,72.5403823852539,4662100
2019-02-25,85.02999877929688,85.26000213623047,84.30000305175781,84.37000274658203,72.01122283935547,5676600
2019-02-26,84.47000122070312,84.77999877929688,84.0,84.13999938964844,71.81489562988281,8905300
2019-02-27,83.87000274658203,84.22000122070312,83.27999877929688,83.9000015258789,71.61006164550781,11890400
2019-02-28,83.81999969482422,85.05999755859375,83.5999984741211,84.1500015258789,71.82343292236328,13598100
2019-03-01,83.88999938964844,84.25,83.04000091552734,83.97000122070312,71.66981506347656,16198300
2019-03-04,84.12999725341797,84.38999938964844,83.37000274658203,84.31999969482422,71.9685287475586,7710500
2019-03-05,84.08000183105469,84.80999755859375,84.0,84.58000183105469,72.1904525756836,5404600
2019-03-06,84.66000366210938,84.75,84.05000305175781,84.16999816894531,71.84049987792969,8273600
2019-03-07,84.16999816894531,84.73999786376953,83.76000213623047,84.0199966430664,71.71246337890625,13091800
2019-03-08,83.73999786376953,84.38999938964844,83.7300033569336,84.0999984741211,71.78076934814453,7727500
2019-03-11,84.31999969482422,85.37000274658203,84.02999877929688,85.33999633789062,72.83912658691406,6392500
2019-03-12,85.51000213623047,85.91000366210938,85.33999633789062,85.69000244140625,73.13785552978516,12312200
2019-03-13,85.63999938964844,86.31999969482422,85.63999938964844,86.08000183105469,73.4707260131836,4702600
2019-03-14,86.16000366210938,86.25,85.83000183105469,86.20999908447266,73.5816879272461,5380900
2019-03-15,86.30000305175781,86.4000015258789,85.80000305175781,86.01000213623047,73.41096496582031,13103500
2019-03-18,86.05999755859375,86.20999908447266,85.1500015258789,85.52999877929688,73.00131225585938,9872900
2019-03-19,85.58999633789062,85.70999908447266,85.04000091552734,85.27999877929688,72.78791809082031,9104800
2019-03-20,84.66999816894531,85.41999816894531,84.08000183105469,84.95999908447266,73.03118133544922,13586000
2019-03-21,84.80000305175781,86.44999694824219,84.80000305175781,86.4000015258789,74.26898193359375,9319100
2019-03-22,86.4800033569336,86.98999786376953,85.76000213623047,85.87999725341797,73.8219985961914,10080500
2019-03-25,85.98999786376953,86.19000244140625,85.38999938964844,85.9000015258789,73.83920288085938,7164300
2019-03-26,86.08999633789062,86.56999969482422,85.91999816894531,86.54000091552734,74.38934326171875,5168900
2019-03-27,86.62000274658203,86.77999877929688,85.75,86.36000061035156,74.23460388183594,6074400
2019-03-28,86.45999908447266,87.11000061035156,86.2300033569336,87.11000061035156,74.87930297851562,8252600
2019-03-29,87.05999755859375,87.25,86.70999908447266,87.04000091552734,74.81913757324219,15615100
2019-04-01,87.04000091552734,87.1500015258789,86.08000183105469,87.01000213623047,74.7933578491211,15425400
2019-04-02,87.25,87.69000244140625,86.38999938964844,87.56999969482422,75.27473449707031,10591700
2019-04-03,87.48999786376953,87.83999633789062,86.91999816894531,87.4800033569336,75.19737243652344,6683300
2019-04-04,87.55999755859375,87.66999816894531,86.94999694824219,87.3499984741211,75.08562469482422,4385200
2019-04-05,87.44999694824219,88.0,87.2300033569336,87.94999694824219,75.60136413574219,7558200
2019-04-08,87.83000183105469,87.94000244140625,87.23999786376953,87.43000030517578,75.1543960571289,7045700
2019-04-09,87.45999908447266,87.66000366210938,86.88999938964844,87.01000213623047,74.7933578491211,6263700
2019-04-10,87.29000091552734,87.83999633789062,87.1500015258789,87.80000305175781,75.4724349975586,7705300
2019-04-11,87.7300033569336,88.16999816894531,87.37000274658203,87.70999908447266,75.39507293701172,8367300
2019-04-12,87.6500015258789,88.19000244140625,87.06999969482422,88.16999816894531,75.79048156738281,4510000
2019-04-15,88.20999908447266,88.2300033569336,87.5,87.72000122070312,75.40367126464844,5711500
2019-04-16,87.69000244140625,87.79000091552734,85.48999786376953,85.83999633789062,73.7876205444336,13216800
2019-04-17,86.11000061035156,86.22000122070312,84.80000305175781,85.05999755859375,73.11715698242188,11148300
2019-04-18,85.33999633789062,85.86000061035156,84.80000305175781,85.63999938964844,73.61571502685547,5205400
2019-04-22,85.44000244140625,85.68000030517578,84.05999755859375,84.80000305175781,72.8936538696289,9020000
2019-04-23,85.0,86.0199966430664,84.79000091552734,85.80999755859375,73.76184844970703,6966200
2019-04-24,86.05000305175781,86.75,85.91000366210938,86.37000274658203,74.24320983886719,6065000
2019-04-25,86.2300033569336,86.51000213623047,85.6500015258789,86.19999694824219,74.0970687866211,5007400
2019-04-26,86.5,87.0,86.26000213623047,86.8499984741211,74.65579986572266,5091200
2019-04-29,86.75,87.08999633789062,85.95999908447266,86.0199966430664,73.94234466552734,5900700
2019-04-30,86.0199966430664,87.06999969482422,85.62000274658203,87.0,74.78475189208984,6396900
2019-05-01,87.0199966430664,87.91000366210938,86.81999969482422,86.94000244140625,74.7331771850586,12961700
2019-05-02,86.7699966430664,87.81999969482422,86.7699966430664,86.97000122070312,74.75895690917969,7581900
2019-05-03,87.22000122070312,87.75,86.98999786376953,87.66000366210938,75.35208892822266,5162400
2019-05-06,87.19000244140625,87.62999725341797,86.83000183105469,87.37000274658203,75.10281372070312,5222600
2019-05-07,87.11000061035156,87.20999908447266,85.27999877929688,85.77999877929688,73.73604583740234,8734000
2019-05-08,85.94000244140625,86.58000183105469,85.72000122070312,85.7699966430664,73.72745513916016,5906600
2019-05-09,85.62000274658203,86.13999938964844,85.01000213623047,85.97000122070312,73.89936828613281,6865500
2019-05-10,85.86000061035156,87.13999938964844,85.76000213623047,86.87999725341797,74.68161010742188,5017300
2019-05-13,86.20999908447266,86.95999908447266,86.12999725341797,86.77999877929688,74.59562683105469,5577300
2019-05-14,87.0,87.44000244140625,86.83000183105469,87.13999938964844,74.90509796142578,3594300
2019-05-15,87.08999633789062,87.95999908447266,86.80999755859375,87.70999908447266,75.39507293701172,5232000
2019-05-16,87.62000274658203,88.5199966430664,87.52999877929688,88.2300033569336,75.84207153320312,5949300
2019-05-17,87.83000183105469,88.16999816894531,87.54000091552734,87.9800033569336,75.62715148925781,4416200
2019-05-20,87.55999755859375,87.81999969482422,86.33000183105469,86.68000030517578,74.50968933105469,6706300
2019-05-21,86.86000061035156,87.61000061035156,86.86000061035156,87.41000366210938,75.1371841430664,4618400
2019-05-22,87.38999938964844,87.7300033569336,87.26000213623047,87.72000122070312,75.40367126464844,3795200
2019-05-23,87.30999755859375,87.93000030517578,87.18000030517578,87.83999633789062,75.50680541992188,5606800
2019-05-24,88.25,88.55999755859375,88.0199966430664,88.12999725341797,75.75608825683594,3582700
2019-05-28,88.41999816894531,88.61000061035156,87.16000366210938,87.19999694824219,74.95667266845703,6724400
2019-05-29,87.05999755859375,87.69999694824219,85.79000091552734,86.16000366210938,74.06269836425781,8017000
2019-05-30,86.19999694824219,86.83000183105469,86.0999984741211,86.51000213623047,74.36355590820312,6830800
2019-05-31,86.16000366210938,87.37999725341797,85.93000030517578,86.87000274658203,74.6729965209961,7013900
2019-06-03,87.1500015258789,87.38999938964844,86.56999969482422,87.20999908447266,74.96525573730469,7063700
2019-06-04,87.19999694824219,87.25,86.08000183105469,86.93000030517578,74.72457122802734,7322300
2019-06-05,87.37999725341797,88.75,87.12999725341797,88.75,76.28903198242188,11722500
2019-06-06,88.8499984741211,89.0,88.19000244140625,88.87999725341797,76.40076446533203,6501900
2019-06-07,89.37999725341797,89.63999938964844,89.01000213623047,89.1500015258789,76.63286590576172,4795700
2019-06-10,89.12000274658203,89.41000366210938,88.51000213623047,88.87999725341797,76.40076446533203,4710400
2019-06-11,89.05000305175781,89.31999969482422,88.41999816894531,89.02999877929688,76.52972412109375,4045800
2019-06-12,89.06999969482422,89.62999725341797,89.0,89.31999969482422,76.77899932861328,5117200
2019-06-13,89.5,89.6500015258789,89.16000366210938,89.6500015258789,77.06267547607422,4883900
2019-06-14,89.63999938964844,90.18000030517578,89.4800033569336,89.80000305175781,77.1916275024414,4808300
2019-06-17,89.30999755859375,90.11000061035156,89.19000244140625,90.06999969482422,78.01885223388672,8171300
2019-06-18,90.43000030517578,90.87000274658203,89.4800033569336,89.91000366210938,77.8802719116211,8297400
2019-06-19,89.7699966430664,90.6500015258789,89.33999633789062,90.47000122070312,78.3653335571289,5955500
2019-06-20,90.88999938964844,91.11000061035156,90.6500015258789,90.87000274658203,78.7118148803711,6541800
2019-06-21,90.4800033569336,90.55000305175781,89.37999725341797,89.72000122070312,77.71566009521484,11471300
2019-06-24,90.16000366210938,90.16999816894531,89.0999984741211,89.16000366210938,77.2305908203125,7237200
2019-06-25,89.33000183105469,89.56999969482422,88.01000213623047,88.0199966430664,76.24313354492188,7967000
2019-06-26,88.0199966430664,88.18000030517578,86.18000030517578,86.36000061035156,74.80522155761719,11381000
2019-06-27,86.87000274658203,87.47000122070312,86.80999755859375,87.36000061035156,75.67144012451172,7115400
2019-06-28,87.5,88.22000122070312,87.30999755859375,87.30999755859375,75.62812805175781,10525800
2019-07-01,88.25,88.25,86.68000030517578,87.61000061035156,75.88797760009766,11876800
2019-07-02,87.91000366210938,89.05999755859375,87.76000213623047,88.9800033569336,77.07467651367188,9713700
2019-07-03,89.19999694824219,90.23999786376953,89.19000244140625,90.16000366210938,78.09680938720703,6897400
2019-07-05,89.30000305175781,90.12999725341797,88.51000213623047,89.75,77.74166107177734,7822200
2019-07-08,89.73999786376953,90.33999633789062,89.63999938964844,90.04000091552734,77.99284362792969,5098200
2019-07-09,90.02999877929688,90.63999938964844,89.80000305175781,90.4800033569336,78.37399291992188,4096600
2019-07-10,90.91999816894531,91.22000122070312,90.44000244140625,90.95999908447266,78.7897720336914,6911700
2019-07-11,90.8499984741211,90.9800033569336,89.58999633789062,89.94000244140625,77.90625,7720500
2019-07-12,90.0199966430664,90.12999725341797,89.45999908447266,89.77999877929688,77.76765441894531,3445300
2019-07-15,89.95999908447266,90.3499984741211,89.63999938964844,89.77999877929688,77.76765441894531,4142800
2019-07-16,89.51000213623047,89.9000015258789,89.25,89.56999969482422,77.58575439453125,5347800
2019-07-17,89.75,90.0199966430664,88.75,89.20999908447266,77.2739028930664,5343700
2019-07-18,89.05999755859375,89.5,88.56999969482422,89.2300033569336,77.29122161865234,4721400
2019-07-19,89.38999938964844,89.51000213623047,87.76000213623047,87.91999816894531,76.1565170288086,7972100
2019-07-22,88.08000183105469,88.13999938964844,87.48999786376953,87.76000213623047,76.01790618896484,5280000
2019-07-23,88.02999877929688,88.75,87.7699966430664,88.6500015258789,76.78883361816406,5390400
2019-07-24,88.87999725341797,89.05000305175781,88.47000122070312,88.9000015258789,77.00537872314453,3278500
2019-07-25,88.7699966430664,88.93000030517578,88.06999969482422,88.48999786376953,76.65025329589844,5028700
2019-07-26,88.5199966430664,88.95999908447266,88.16000366210938,88.79000091552734,76.91011047363281,3679000
2019-07-29,88.98999786376953,89.63999938964844,88.88999938964844,89.05000305175781,77.13531494140625,5715300
2019-07-30,88.95999908447266,90.0199966430664,88.88999938964844,89.69000244140625,77.68968963623047,6447700
2019-07-31,89.77999877929688,90.38999938964844,88.83000183105469,89.38999938964844,77.42982482910156,8864800
2019-08-01,89.5999984741211,90.13999938964844,88.80000305175781,89.30000305175781,77.35186767578125,12385000
2019-08-02,89.37999725341797,90.2300033569336,89.12999725341797,89.69999694824219,77.69835662841797,6350300
2019-08-05,89.43000030517578,89.44999694824219,86.93000030517578,88.08999633789062,76.30375671386719,7142800
2019-08-06,88.16000366210938,89.45999908447266,88.02999877929688,89.0199966430664,77.10932922363281,7494200
2019-08-07,89.47000122070312,90.47000122070312,87.8499984741211,89.94999694824219,77.91490173339844,9553400
2019-08-08,90.43000030517578,91.4800033569336,89.43000030517578,91.45999908447266,79.22286224365234,5487800
2019-08-09,91.18000030517578,91.69999694824219,90.51000213623047,91.44999694824219,79.21421813964844,7709500
2019-08-12,91.33000183105469,91.5,90.63999938964844,91.0999984741211,78.9110107421875,6719600
2019-08-13,91.22000122070312,91.54000091552734,90.5,91.19999694824219,78.99765014648438,6177700
2019-08-14,90.87000274658203,90.94999694824219,89.54000091552734,89.72000122070312,77.71566009521484,6409100
2019-08-15,89.97000122070312,90.83000183105469,89.80999755859375,90.70999908447266,78.57320404052734,6122800
2019-08-16,90.91999816894531,91.72000122070312,90.75,91.5,79.25750732421875,6465000
2019-08-19,91.86000061035156,92.41000366210938,91.5199966430664,92.19000244140625,79.85520935058594,5782500
2019-08-20,92.41999816894531,92.66000366210938,91.47000122070312,91.5,79.25750732421875,5588100
2019-08-21,91.83000183105469,92.08999633789062,91.44999694824219,91.83999633789062,79.5520248413086,2803900
2019-08-22,91.86000061035156,92.4000015258789,91.37000274658203,92.3499984741211,79.99378967285156,4349200
2019-08-23,92.2300033569336,92.87999725341797,90.75,91.08000183105469,78.89370727539062,7401200
2019-08-26,91.55000305175781,91.83999633789062,91.12999725341797,91.75,79.47406768798828,4485100
2019-08-27,92.22000122070312,92.5199966430664,91.36000061035156,91.4000015258789,79.17089080810547,3808700
2019-08-28,91.33000183105469,91.7699966430664,91.1500015258789,91.61000061035156,79.35279083251953,4426800
2019-08-29,92.0199966430664,92.41000366210938,91.80999755859375,92.33999633789062,79.98511505126953,3587800
2019-08-30,92.52999877929688,92.68000030517578,91.98999786376953,92.45999908447266,80.08907318115234,5529200
2019-09-03,92.2300033569336,93.36000061035156,92.11000061035156,93.36000061035156,80.86864471435547,8582000
2019-09-04,93.5999984741211,94.19999694824219,93.58000183105469,94.08999633789062,81.5009765625,7135800
2019-09-05,94.0,94.08000183105469,93.16999816894531,93.5,80.98992156982422,10590800
2019-09-06,93.63999938964844,93.94999694824219,93.37999725341797,93.68000030517578,81.14582824707031,5278400
2019-09-09,93.58000183105469,93.83999633789062,92.87000274658203,93.06999969482422,80.61746215820312,8232600
2019-09-10,92.79000091552734,92.81999969482422,91.3499984741211,92.08000183105469,79.75991821289062,10505900
2019-09-11,92.38999938964844,92.38999938964844,91.47000122070312,92.16999816894531,79.8378677368164,8804600
2019-09-12,92.70999908447266,93.18000030517578,92.0999984741211,92.62000274658203,80.2276611328125,8427900
2019-09-13,92.12000274658203,92.94999694824219,91.37000274658203,91.54000091552734,79.29216766357422,12695100
2019-09-16,91.6500015258789,92.56999969482422,91.5,92.4800033569336,80.10639953613281,6522800
2019-09-17,92.83999633789062,93.5199966430664,92.69000244140625,93.48999786376953,80.98123931884766,10399700
2019-09-18,93.70999908447266,93.97000122070312,92.44000244140625,93.16000366210938,80.69541931152344,8471300
2019-09-19,93.44999694824219,93.93000030517578,93.27999877929688,93.61000061035156,81.08518981933594,5704800
2019-09-20,93.73999786376953,94.01000213623047,93.30000305175781,93.56999969482422,81.05055236816406,8492400
2019-09-23,93.6500015258789,94.11000061035156,93.41000366210938,93.70999908447266,81.17182159423828,5251300
2019-09-24,93.3499984741211,93.52999877929688,92.55999755859375,92.93000030517578,81.07061004638672,7179600
2019-09-25,92.86000061035156,93.2699966430664,92.61000061035156,93.0,81.13167572021484,8321200
2019-09-26,93.38999938964844,93.98999786376953,93.19000244140625,93.76000213623047,81.79470825195312,5250000
2019-09-27,93.97000122070312,94.04000091552734,92.58999633789062,93.19000244140625,81.29742431640625,9394900
2019-09-30,93.27999877929688,93.83000183105469,93.18000030517578,93.54000091552734,81.602783203125,6093800
2019-10-01,93.26000213623047,93.66999816894531,92.47000122070312,92.55000305175781,80.7391128540039,17022800
2019-10-02,92.58999633789062,92.66999816894531,91.58000183105469,92.19000244140625,80.42505645751953,6776900
2019-10-03,92.0999984741211,93.2699966430664,91.94999694824219,93.08999633789062,81.210205078125,10349200
2019-10-04,93.2699966430664,93.63999938964844,93.12999725341797,93.58999633789062,81.64637756347656,9072100
2019-10-07,93.13999938964844,93.86000061035156,93.04000091552734,93.33000183105469,81.41958618164062,7241000
2019-10-08,93.27999877929688,93.62999725341797,92.48999786376953,92.8499984741211,81.0008316040039,5088300
2019-10-09,93.2699966430664,93.55000305175781,92.94999694824219,93.1500015258789,81.26253509521484,4839200
2019-10-10,93.05999755859375,93.52999877929688,92.76000213623047,93.33000183105469,81.41958618164062,4742600
2019-10-11,93.5199966430664,94.02999877929688,93.20999908447266,93.26000213623047,81.3585205078125,6580100
2019-10-14,93.58000183105469,93.80000305175781,92.9800033569336,93.27999877929688,81.37594604492188,6357500
2019-10-15,93.36000061035156,93.5199966430664,92.77999877929688,93.33000183105469,81.41958618164062,5582700
2019-10-16,93.2699966430664,93.4000015258789,92.76000213623047,93.4000015258789,81.48063659667969,5247400
2019-10-17,93.5199966430664,94.06999969482422,93.43000030517578,93.91999816894531,81.93427276611328,5892100
2019-10-18,93.8499984741211,94.80000305175781,93.80999755859375,94.66999816894531,82.58856201171875,7523000
2019-10-21,94.56999969482422,95.37000274658203,94.5199966430664,95.36000061035156,83.19051361083984,7276400
2019-10-22,95.55000305175781,96.0,94.8499984741211,95.05000305175781,82.92007446289062,5972500
2019-10-23,95.22000122070312,95.22000122070312,94.38999938964844,95.18000030517578,83.03348541259766,5086800
2019-10-24,95.38999938964844,95.38999938964844,94.69999694824219,95.05999755859375,82.9288101196289,4463000
2019-10-25,94.70999908447266,94.8499984741211,93.91000366210938,94.08999633789062,82.08258819580078,5311400
2019-10-28,94.01000213623047,94.0999984741211,93.4000015258789,93.58000183105469,81.63765716552734,5431200
2019-10-29,93.69999694824219,94.31999969482422,93.47000122070312,93.9000015258789,81.91683959960938,6162700
2019-10-30,93.95999908447266,94.41999816894531,93.41999816894531,94.41999816894531,82.37047576904297,7246400
2019-10-31,94.6500015258789,94.70999908447266,93.91999816894531,94.26000213623047,82.23090362548828,6379600
2019-11-01,94.37000274658203,94.7300033569336,93.4000015258789,94.19000244140625,82.1698226928711,11331100
2019-11-04,94.05000305175781,94.18000030517578,93.30999755859375,93.45999908447266,81.53299713134766,7240400
2019-11-05,93.1500015258789,93.45999908447266,91.5999984741211,91.94000244140625,80.20697021484375,14543400
2019-11-06,92.12999725341797,92.58999633789062,91.97000122070312,92.20999908447266,80.44248962402344,6769600
2019-11-07,91.80000305175781,92.05999755859375,91.0199966430664,91.33000183105469,79.67479705810547,8692900
2019-11-08,91.19000244140625,91.70999908447266,90.94999694824219,91.16000366210938,79.52649688720703,5920100
2019-11-11,91.0999984741211,91.62000274658203,91.0999984741211,91.37000274658203,79.709716796875,3298700
2019-11-12,91.38999938964844,91.93000030517578,90.63999938964844,90.7300033569336,79.15138244628906,6295100
2019-11-13,90.83999633789062,91.68000030517578,90.80000305175781,91.47000122070312,79.79693603515625,6741300
2019-11-14,91.7300033569336,92.19999694824219,91.52999877929688,92.19999694824219,80.43376159667969,5271700
2019-11-15,92.27999877929688,92.70999908447266,92.08000183105469,92.69000244140625,80.86125183105469,5697300
2019-11-18,92.7699966430664,93.58000183105469,92.70999908447266,93.16999816894531,81.27999114990234,5377200
2019-11-19,93.38999938964844,93.58000183105469,93.08999633789062,93.29000091552734,81.38468933105469,4933100
2019-11-20,93.33000183105469,93.5999984741211,92.88999938964844,93.2699966430664,81.36725616455078,5018400
2019-11-21,93.02999877929688,93.13999938964844,91.98999786376953,91.98999786376953,80.25056457519531,9731600
2019-11-22,92.25,92.26000213623047,91.22000122070312,91.69000244140625,79.98888397216797,6315000
2019-11-25,91.88999938964844,92.51000213623047,91.8499984741211,92.05000305175781,80.30292510986328,6197100
2019-11-26,92.19999694824219,93.29000091552734,92.13999938964844,93.16000366210938,81.27127838134766,8501900
2019-11-27,93.22000122070312,93.69000244140625,92.94999694824219,93.45999908447266,81.53299713134766,6540100
2019-11-29,93.55000305175781,93.97000122070312,93.16999816894531,93.19999694824219,81.30616760253906,5384600
2019-12-02,93.0999984741211,93.16999816894531,91.80000305175781,91.81999969482422,80.1022720336914,15918300
2019-12-03,91.75,92.51000213623047,91.69000244140625,92.37999725341797,80.59081268310547,8011800
2019-12-04,92.19000244140625,93.08000183105469,92.0999984741211,92.73999786376953,80.90486145019531,8346600
2019-12-05,92.55999755859375,92.86000061035156,92.29000091552734,92.81999969482422,80.97465515136719,8042000
2019-12-06,92.75,93.45999908447266,92.7300033569336,92.9800033569336,81.11425018310547,5488500
2019-12-09,93.08000183105469,93.33999633789062,92.73999786376953,93.16999816894531,81.27999114990234,4989200
2019-12-10,93.2699966430664,93.4000015258789,92.41999816894531,92.61000061035156,80.79145050048828,7777400
2019-12-11,92.58000183105469,92.7300033569336,91.43000030517578,91.70999908447266,80.00630950927734,10772300
2019-12-12,91.75,92.05000305175781,90.37000274658203,90.51000213623047,78.9594497680664,12401600
2019-12-13,90.66000366210938,90.9800033569336,89.91999816894531,90.5999984741211,79.0379638671875,8585500
2019-12-16,89.91999816894531,90.55999755859375,89.38999938964844,90.29000091552734,79.54541015625,9229100
2019-12-17,90.55000305175781,90.68000030517578,89.44999694824219,89.5199966430664,78.86705780029297,5680000
2019-12-18,89.58999633789062,90.83000183105469,89.58999633789062,90.68000030517578,79.8890151977539,7373300
2019-12-19,90.55999755859375,91.47000122070312,90.47000122070312,91.43000030517578,80.54977416992188,5837700
2019-12-20,91.70999908447266,92.33000183105469,91.54000091552734,92.0,81.05193328857422,11474600
2019-12-23,92.31999969482422,92.41999816894531,91.43000030517578,91.4800033569336,80.59381103515625,5863100
2019-12-24,91.77999877929688,91.91000366210938,91.41000366210938,91.7300033569336,80.81407928466797,2597600
2019-12-26,91.83999633789062,92.22000122070312,91.69999694824219,92.22000122070312,81.24576568603516,3042600
2019-12-27,92.30000305175781,92.62999725341797,92.16000366210938,92.47000122070312,81.46599578857422,4802800
2019-12-30,92.20999908447266,92.73999786376953,92.02999877929688,92.54000091552734,81.52767944335938,6634400
2019-12-31,92.47000122070312,93.18000030517578,92.2699966430664,93.08000183105469,82.00341033935547,6703000
2020-01-02,93.44000244140625,93.54000091552734,91.5999984741211,92.05000305175781,81.09600067138672,10936800
2020-01-03,91.80000305175781,92.94000244140625,91.55000305175781,92.70999908447266,81.67743682861328,7953900
2020-01-06,92.56999969482422,93.12999725341797,92.33999633789062,92.79000091552734,81.74794006347656,6055400
2020-01-07,92.58000183105469,92.58000183105469,91.38999938964844,91.8499984741211,80.91978454589844,7390800
2020-01-08,91.91000366210938,92.33000183105469,91.62000274658203,92.06999969482422,81.11357879638672,6224600
2020-01-09,92.08999633789062,92.4000015258789,91.87000274658203,92.12000274658203,81.15765380859375,5057800
2020-01-10,92.30000305175781,92.97000122070312,92.0999984741211,92.91999816894531,81.8624496459961,7226800
2020-01-13,93.12000274658203,93.93000030517578,92.95999908447266,93.91000366210938,82.73464965820312,8778300
2020-01-14,93.91999816894531,93.91999816894531,93.08999633789062,93.55000305175781,82.41748046875,4770600
2020-01-15,93.83000183105469,94.61000061035156,93.80000305175781,94.37999725341797,83.14871215820312,8431700
2020-01-16,94.56999969482422,95.12000274658203,94.38999938964844,95.08000183105469,83.76541137695312,5844200
2020-01-17,95.0,95.52999877929688,95.0,95.19000244140625,83.86231231689453,5833300
2020-01-21,95.33000183105469,96.18000030517578,95.0999984741211,96.16000366210938,84.71691131591797,7160700
2020-01-22,96.3499984741211,96.62000274658203,95.36000061035156,95.61000061035156,84.23234558105469,7816000
2020-01-23,95.66000366210938,96.26000213623047,95.2300033569336,96.18000030517578,84.7345199584961,6064600
2020-01-24,96.33000183105469,96.52999877929688,95.62999725341797,95.95999908447266,84.54068756103516,3984300
2020-01-27,95.43000030517578,95.76000213623047,95.19999694824219,95.5,84.13542175292969,4866600
2020-01-28,95.5999984741211,96.16999816894531,95.4800033569336,95.91000366210938,84.49665069580078,6030700
2020-01-29,96.12999725341797,96.30999755859375,95.45999908447266,95.61000061035156,84.23234558105469,4804700
2020-01-30,95.23999786376953,95.8499984741211,95.16999816894531,95.7300033569336,84.33807373046875,7056700
2020-01-31,95.54000091552734,95.69999694824219,94.30000305175781,94.56999969482422,83.31610107421875,7803900
2020-02-03,94.70999908447266,95.56999969482422,94.55999755859375,94.86000061035156,83.57157897949219,10799800
2020-02-04,95.11000061035156,96.22000122070312,94.91999816894531,95.83000183105469,84.42617797851562,6893400
2020-02-05,95.91999816894531,96.2300033569336,95.6500015258789,95.8499984741211,84.44377899169922,8037200
2020-02-06,96.1500015258789,96.45999908447266,95.98999786376953,96.20999908447266,84.76094055175781,5207400
2020-02-07,96.29000091552734,96.41000366210938,95.94999694824219,96.16999816894531,84.7257080078125,4246700
2020-02-10,96.5999984741211,97.22000122070312,96.37999725341797,97.13999938964844,85.58028411865234,6186900
2020-02-11,97.44999694824219,98.5,97.44999694824219,97.93000030517578,86.2762680053711,7281700
2020-02-12,98.16999816894531,98.95999908447266,97.83999633789062,98.70999908447266,86.96343231201172,5726300
2020-02-13,98.62000274658203,99.45999908447266,98.48999786376953,99.37999725341797,87.5537109375,6023500
2020-02-14,99.48999786376953,100.30999755859375,99.36000061035156,100.27999877929688,88.34661865234375,4262600
2020-02-18,100.36000061035156,100.4000015258789,99.6500015258789,100.20999908447266,88.28492736816406,5860000
2020-02-19,100.2300033569336,100.75,98.9000015258789,98.94999694824219,87.17487335205078,7103500
2020-02-20,99.11000061035156,100.05999755859375,98.69000244140625,100.0199966430664,88.11753845214844,8793000
2020-02-21,99.79000091552734,100.38999938964844,99.79000091552734,100.20999908447266,88.28492736816406,6280100
2020-02-24,99.0,99.7699966430664,98.43000030517578,98.87000274658203,87.1043930053711,7534800
2020-02-25,99.06999969482422,99.29000091552734,95.95999908447266,96.22000122070312,84.7697525024414,9336400
2020-02-26,96.41000366210938,97.16000366210938,95.13999938964844,95.20999908447266,83.87995910644531,12259300
2020-02-27,93.9800033569336,93.9800033569336,90.19000244140625,90.22000122070312,79.4837646484375,18952900
2020-02-28,88.43000030517578,88.88999938964844,85.31999969482422,87.4000015258789,76.99932861328125,34732100
2020-03-02,88.48999786376953,91.95999908447266,87.95999908447266,91.61000061035156,80.70833587646484,21369400
2020-03-03,91.9000015258789,94.16000366210938,90.88999938964844,91.62000274658203,80.71714782714844,20821800
2020-03-04,93.06999969482422,95.29000091552734,92.95999908447266,95.12000274658203,83.80065155029297,12692300
2020-03-05,93.5999984741211,94.30999755859375,92.04000091552734,93.05000305175781,81.97699737548828,12086000
2020-03-06,90.7699966430664,91.80999755859375,88.58999633789062,91.47000122070312,80.58499908447266,16538800
2020-03-09,85.1500015258789,87.38999938964844,84.0999984741211,84.69000244140625,74.6118392944336,14725100
2020-03-10,86.79000091552734,88.18000030517578,83.4000015258789,87.95999908447266,77.49269104003906,18279800
2020-03-11,85.83999633789062,86.12000274658203,82.06999969482422,82.83999633789062,72.98197937011719,14714000
2020-03-12,78.0199966430664,79.95999908447266,73.36000061035156,74.7699966430664,65.87230682373047,11980900
2020-03-13,78.41000366210938,81.16999816894531,74.38999938964844,81.1500015258789,71.49308776855469,11713600
2020-03-16,72.8499984741211,74.31999969482422,66.8499984741211,67.45999908447266,59.43220520019531,12956800
2020-03-17,68.26000213623047,72.0199966430664,66.05999755859375,70.62999725341797,62.224971771240234,9973600
2020-03-18,66.30000305175781,68.41999816894531,61.029998779296875,63.68000030517578,56.10203552246094,8574700
2020-03-19,63.0099983215332,65.23999786376953,60.810001373291016,63.709999084472656,56.12846755981445,10115000
2020-03-20,64.37999725341797,66.31999969482422,60.5,60.91999816894531,53.67047882080078,12254800
2020-03-23,60.65999984741211,60.65999984741211,56.27000045776367,57.84000015258789,50.95698928833008,16261300
2020-03-24,60.90999984741211,62.61000061035156,59.290000915527344,62.470001220703125,55.03601837158203,12192800
2020-03-25,62.380001068115234,68.66999816894531,61.68000030517578,65.2699966430664,58.05765151977539,13699300
2020-03-26,66.12999725341797,70.44000244140625,65.5999984741211,70.11000061035156,62.36283493041992,11439200
2020-03-27,67.94000244140625,72.0199966430664,67.61000061035156,70.19999694824219,62.442909240722656,8318700
2020-03-30,70.79000091552734,71.81999969482422,68.48999786376953,71.5999984741211,63.68819808959961,10447900
2020-03-31,71.22000122070312,71.22000122070312,67.88999938964844,69.56999969482422,61.882503509521484,11231300
2020-04-01,66.33000183105469,69.72000122070312,63.709999084472656,64.9800033569336,57.79970932006836,11527300
2020-04-02,64.06999969482422,66.5199966430664,63.97999954223633,65.26000213623047,58.04876708984375,10395900
2020-04-03,64.70999908447266,65.55000305175781,63.0099983215332,64.23999786376953,57.14147186279297,8666500
2020-04-06,66.97000122070312,69.41999816894531,66.88999938964844,69.05999755859375,61.428855895996094,11485600
2020-04-07,71.7300033569336,73.12000274658203,69.72000122070312,69.7300033569336,62.02482223510742,9338600
2020-04-08,70.8499984741211,75.20999908447266,70.0999984741211,74.72000122070312,66.46342468261719,14284800
2020-04-09,76.33999633789062,80.12000274658203,76.33999633789062,78.87999725341797,70.16375732421875,15642200
2020-04-13,78.51000213623047,78.75,75.12999725341797,75.66999816894531,67.30846405029297,9757500
2020-04-14,77.3499984741211,78.48999786376953,76.7699966430664,77.66999816894531,69.08745574951172,8697500
2020-04-15,75.43000030517578,76.18000030517578,73.86000061035156,74.7300033569336,66.47233581542969,9204500
2020-04-16,74.5,75.31999969482422,73.36000061035156,73.88999938964844,65.72515106201172,9036800
2020-04-17,76.11000061035156,76.48999786376953,73.83000183105469,76.08999633789062,67.68204498291016,7339000
2020-04-20,74.66999816894531,75.0,73.2300033569336,73.33000183105469,65.22704315185547,7404300
2020-04-21,71.47000122070312,72.62999725341797,70.98999786376953,71.98999786376953,64.03507995605469,8919100
2020-04-22,73.31999969482422,73.76000213623047,72.45999908447266,73.13999938964844,65.05801391601562,6503500
2020-04-23,73.19000244140625,73.91999816894531,72.16999816894531,72.47000122070312,64.4620361328125,6051900
2020-04-24,72.80000305175781,73.05999755859375,71.80999755859375,72.7699966430664,64.7289047241211,4911700
2020-04-27,73.3499984741211,75.36000061035156,73.19000244140625,75.06999969482422,66.7747573852539,5471500
2020-04-28,76.7300033569336,77.5999984741211,75.66999816894531,75.75,67.3796157836914,6052900
2020-04-29,77.3499984741211,77.8499984741211,75.76000213623047,76.91000366210938,68.41143798828125,7196600
2020-04-30,75.68000030517578,76.30000305175781,74.79000091552734,76.05000305175781,67.64645385742188,8778000
2020-05-01,74.41000366210938,74.41999816894531,72.77999877929688,73.47000122070312,65.35155487060547,5740600
2020-05-04,72.66000366210938,73.33999633789062,71.58999633789062,73.25,65.1558609008789,4894100
2020-05-05,73.87000274658203,74.76000213623047,73.55000305175781,73.5999984741211,65.4671859741211,7107700
2020-05-06,74.05000305175781,74.27999877929688,72.33000183105469,72.37999725341797,64.38199615478516,5740800
2020-05-07,73.02999877929688,74.38999938964844,72.93000030517578,73.33999633789062,65.23591613769531,6427100
2020-05-08,74.5199966430664,75.27999877929688,74.12000274658203,75.08999633789062,66.79254913330078,7870600
2020-05-11,74.19000244140625,75.19000244140625,73.6500015258789,74.02999877929688,65.84969329833984,5544300
2020-05-12,74.30000305175781,74.37999725341797,70.55000305175781,70.62999725341797,62.82536697387695,10986600
2020-05-13,70.16000366210938,70.47000122070312,68.56999969482422,68.95999908447266,61.33990478515625,13770700
2020-05-14,67.95999908447266,69.31999969482422,66.44000244140625,69.27999877929688,61.624549865722656,9536900
2020-05-15,68.80999755859375,69.06999969482422,67.83000183105469,68.95999908447266,61.33990478515625,9552500
2020-05-18,71.37000274658203,73.58000183105469,71.33000183105469,72.9800033569336,64.91571044921875,11786200
2020-05-19,72.72000122070312,73.18000030517578,72.13999938964844,72.16000366210938,64.18630981445312,4982900
2020-05-20,73.02999877929688,73.11000061035156,72.29000091552734,72.86000061035156,64.80895233154297,4393100
2020-05-21,72.5,73.25,72.0199966430664,72.76000213623047,64.7199935913086,4139400
2020-05-22,72.6500015258789,73.80999755859375,72.45999908447266,73.75,65.60061645507812,4405800
2020-05-26,75.94000244140625,76.88999938964844,75.72000122070312,76.44000244140625,67.99337005615234,7415800
2020-05-27,78.18000030517578,78.33999633789062,76.04000091552734,77.91000366210938,69.30093383789062,8143900
2020-05-28,78.83000183105469,78.87000274658203,77.5999984741211,78.2300033569336,69.5855712890625,6195400
2020-05-29,77.68000030517578,78.19999694824219,76.94999694824219,77.41999816894531,68.86508178710938,10074000
2020-06-01,77.36000061035156,79.7699966430664,77.19999694824219,79.20999908447266,70.457275390625,6401800
2020-06-02,79.8499984741211,80.12000274658203,79.06999969482422,79.91999816894531,71.08883666992188,6300800
2020-06-03,80.7300033569336,82.68000030517578,80.5999984741211,82.31999969482422,73.2236328125,9371500
2020-06-04,82.0,82.02999877929688,80.8499984741211,81.62000274658203,72.6009750366211,6583900
2020-06-05,84.33000183105469,86.11000061035156,84.2300033569336,84.58999633789062,75.24278259277344,10281900
2020-06-08,85.68000030517578,86.86000061035156,85.66000366210938,86.81999969482422,77.22639465332031,6919300
2020-06-09,85.33999633789062,85.91999816894531,84.30999755859375,85.41999816894531,75.98108673095703,10855200
2020-06-10,84.9800033569336,85.41000366210938,82.58000183105469,83.23999786376953,74.0419692993164,9362100
2020-06-11,79.58000183105469,80.73999786376953,77.80999755859375,77.9800033569336,69.36320495605469,9634500
2020-06-12,80.62999725341797,81.0199966430664,78.52999877929688,80.7699966430664,71.84490203857422,12788900
2020-06-15,77.8499984741211,81.61000061035156,77.4800033569336,81.16000366210938,72.67137908935547,8011900
2020-06-16,84.06999969482422,84.22000122070312,81.41000366210938,82.76000213623047,74.1040267944336,7372800
2020-06-17,83.20999908447266,83.29000091552734,81.58000183105469,81.63999938964844,73.10116577148438,4686800
2020-06-18,80.91000366210938,81.19999694824219,80.33000183105469,80.7699966430664,72.32215881347656,5687200
2020-06-19,81.97000122070312,81.9800033569336,79.23999786376953,79.75,71.40884399414062,9850800
2020-06-22,79.45999908447266,79.76000213623047,78.26000213623047,79.5999984741211,71.27452850341797,5325400
2020-06-23,80.38999938964844,80.5199966430664,79.11000061035156,79.36000061035156,71.05963897705078,4775900
2020-06-24,78.33999633789062,78.58000183105469,75.33999633789062,77.08999633789062,69.02704620361328,7585000
2020-06-25,76.48999786376953,78.08000183105469,76.4000015258789,78.04000091552734,69.87769317626953,4919500
2020-06-26,77.73999786376953,78.11000061035156,76.44000244140625,76.48999786376953,68.48981475830078,6942000
2020-06-29,77.3499984741211,77.98999786376953,76.16999816894531,77.91999816894531,69.77022552490234,6311100
2020-06-30,78.01000213623047,79.23999786376953,77.69999694824219,78.80999755859375,70.56715393066406,5965600
2020-07-01,79.0199966430664,80.91999816894531,78.91000366210938,80.58000183105469,72.15203094482422,6281500
2020-07-02,81.95999908447266,82.12999725341797,80.0199966430664,80.33000183105469,71.92817687988281,4294100
2020-07-06,82.01000213623047,82.01000213623047,80.2300033569336,80.33999633789062,71.9371337890625,5060000
2020-07-07,79.52999877929688,79.94000244140625,78.7300033569336,78.80999755859375,70.56715393066406,3941100
2020-07-08,79.0,79.25,78.0199966430664,78.7300033569336,70.49552917480469,3753800
2020-07-09,78.61000061035156,78.6500015258789,77.05999755859375,78.29000091552734,70.10153198242188,3988600
2020-07-10,78.19999694824219,78.87000274658203,77.94000244140625,78.51000213623047,70.29853820800781,3588700
2020-07-13,78.93000030517578,79.1500015258789,77.29000091552734,77.54000091552734,69.42998504638672,5494600
2020-07-14,77.36000061035156,78.33999633789062,77.2300033569336,78.12999725341797,69.95829010009766,4973400
2020-07-15,79.44000244140625,79.69999694824219,78.38999938964844,78.94000244140625,70.68356323242188,4716300
2020-07-16,78.55999755859375,78.81999969482422,77.81999969482422,78.08000183105469,69.91349792480469,4039300
2020-07-17,78.43000030517578,79.41000366210938,77.93000030517578,79.05999755859375,70.79100799560547,3474300
2020-07-20,78.94000244140625,79.38999938964844,77.8499984741211,78.12000274658203,69.94933319091797,3111900
2020-07-21,78.69999694824219,79.12999725341797,78.12999725341797,78.31999969482422,70.12840270996094,3804000
2020-07-22,78.01000213623047,79.55000305175781,77.81999969482422,79.5199966430664,71.20289611816406,3350000
2020-07-23,79.27999877929688,79.80999755859375,78.19999694824219,79.11000061035156,70.83578491210938,3681000
2020-07-24,78.9800033569336,79.3499984741211,78.45999908447266,78.51000213623047,70.29853820800781,3584300
2020-07-27,78.52999877929688,79.44000244140625,77.63999938964844,79.41999816894531,71.11335754394531,2592400
2020-07-28,79.30000305175781,81.29000091552734,79.16000366210938,80.83999633789062,72.38483428955078,4053500
2020-07-29,81.43000030517578,82.70999908447266,81.41000366210938,82.6500015258789,74.0055160522461,5100100
2020-07-30,81.62000274658203,82.23999786376953,81.12999725341797,82.2300033569336,73.62946319580078,5807600
2020-07-31,82.1500015258789,82.19999694824219,80.81999969482422,82.05999755859375,73.47722625732422,6989600
2020-08-03,82.16000366210938,82.18000030517578,80.6500015258789,80.98999786376953,72.51913452148438,3616900
2020-08-04,80.80000305175781,82.27999877929688,80.79000091552734,82.01000213623047,73.43248748779297,3995000
2020-08-05,82.23999786376953,82.6500015258789,81.30999755859375,81.69999694824219,73.15489196777344,4036100
2020-08-06,81.45999908447266,81.98999786376953,81.22000122070312,81.70999908447266,73.16383361816406,3137900
2020-08-07,81.45999908447266,82.86000061035156,81.33000183105469,82.81999969482422,74.15776062011719,3941300
2020-08-10,83.0,83.5,82.5999984741211,83.0199966430664,74.33682250976562,4031300
2020-08-11,83.94999694824219,83.94999694824219,81.54000091552734,81.81999969482422,73.26233673095703,4076400
2020-08-12,82.3499984741211,82.76000213623047,82.11000061035156,82.61000061035156,73.96969604492188,2989300
2020-08-13,82.55999755859375,83.05999755859375,81.47000122070312,81.66999816894531,73.1280288696289,4181800
2020-08-14,81.47000122070312,82.43000030517578,81.38999938964844,81.68000030517578,73.13697052001953,2213900
2020-08-17,81.83999633789062,82.33000183105469,81.38999938964844,82.31999969482422,73.71002960205078,3122400
2020-08-18,82.3499984741211,82.41999816894531,81.44000244140625,81.93000030517578,73.36083221435547,3523100
2020-08-19,82.01000213623047,82.08999633789062,80.33999633789062,80.45999908447266,72.04459381103516,4337000
2020-08-20,80.08000183105469,81.69999694824219,79.8499984741211,81.19000244140625,72.6982192993164,3036300
2020-08-21,81.08999633789062,81.68000030517578,80.41999816894531,81.30999755859375,72.80567932128906,2933300
2020-08-24,81.47000122070312,81.98999786376953,80.44999694824219,81.94999694824219,73.37873077392578,3110600
2020-08-25,82.13999938964844,82.33999633789062,81.3499984741211,82.1500015258789,73.55782318115234,3043100
2020-08-26,82.0,82.05999755859375,80.87999725341797,81.37999725341797,72.86834716796875,4668400
2020-08-27,81.48999786376953,82.79000091552734,81.48999786376953,82.54000091552734,73.90703582763672,4541700
2020-08-28,82.7699966430664,83.08999633789062,81.9000015258789,83.05000305175781,74.36368560791016,3770000
2020-08-31,82.97000122070312,83.01000213623047,81.95999908447266,82.25,73.64736938476562,3392800
2020-09-01,81.98999786376953,82.41000366210938,81.4000015258789,82.33999633789062,73.72793579101562,3026500
2020-09-02,82.36000061035156,83.97000122070312,81.7699966430664,83.83999633789062,75.07106018066406,5049500
2020-09-03,83.87999725341797,84.52999877929688,82.18000030517578,82.80000305175781,74.13983917236328,5707500
2020-09-04,83.0,83.58000183105469,81.0199966430664,82.41999816894531,73.7995834350586,7279500
2020-09-08,82.06999969482422,82.06999969482422,80.79000091552734,81.38999938964844,72.87731170654297,5431300
2020-09-09,81.7300033569336,83.13999938964844,81.62999725341797,82.12999725341797,73.5399169921875,4645000
2020-09-10,82.0199966430664,82.30999755859375,80.98999786376953,81.02999877929688,72.55496978759766,4574500
2020-09-11,81.23999786376953,81.48999786376953,79.91000366210938,80.58000183105469,72.15203094482422,4298300
2020-09-14,81.16999816894531,82.94000244140625,80.94999694824219,82.73999786376953,74.08611297607422,4373400
2020-09-15,83.04000091552734,84.44999694824219,82.9800033569336,83.69999694824219,74.94570922851562,4166400
2020-09-16,84.19999694824219,84.97000122070312,83.75,84.1500015258789,75.34864044189453,3958900
2020-09-17,83.36000061035156,83.91999816894531,82.05999755859375,82.56999969482422,73.93391418457031,4258900
2020-09-18,82.5999984741211,82.5999984741211,80.63999938964844,80.79000091552734,72.3400650024414,6820100
2020-09-21,79.54000091552734,79.80999755859375,78.08999633789062,78.54000091552734,70.32539367675781,5721100
2020-09-22,78.68000030517578,80.06999969482422,78.4800033569336,79.45999908447266,71.149169921875,4788600
2020-09-23,79.0199966430664,79.0199966430664,76.62000274658203,76.70999908447266,69.10337829589844,4149800
2020-09-24,76.70999908447266,78.12000274658203,76.36000061035156,77.05000305175781,69.40965270996094,7611800
2020-09-25,76.79000091552734,78.72000122070312,76.63999938964844,78.61000061035156,70.81497192382812,3292100
2020-09-28,79.75,80.51000213623047,79.51000213623047,80.18000030517578,72.22927856445312,3960900
2020-09-29,80.12000274658203,80.20999908447266,79.0,79.58000183105469,71.68877410888672,4520900
2020-09-30,80.0,80.69000244140625,79.04000091552734,79.83999633789062,71.92298889160156,4276500
2020-10-01,80.12000274658203,81.44999694824219,79.80999755859375,81.37999725341797,73.31027221679688,18707600
2020-10-02,80.26000213623047,82.94000244140625,79.9000015258789,82.68000030517578,74.48136901855469,18898100
2020-10-05,82.9000015258789,83.41999816894531,81.63999938964844,83.13999938964844,74.89575958251953,12648700
2020-10-06,83.33000183105469,83.7699966430664,82.29000091552734,82.62000274658203,74.42731475830078,20491400
2020-10-07,83.12000274658203,83.16000366210938,82.33000183105469,82.70999908447266,74.5083999633789,3424200
2020-10-08,83.16999816894531,84.31999969482422,82.97000122070312,84.01000213623047,75.67949676513672,4177600
2020-10-09,84.33000183105469,84.56999969482422,83.4000015258789,83.6500015258789,75.35518646240234,10875100
2020-10-12,83.76000213623047,84.31999969482422,83.30000305175781,84.1500015258789,75.80560302734375,5738400
2020-10-13,84.04000091552734,84.04000091552734,82.31999969482422,82.80000305175781,74.5894775390625,4940500
2020-10-14,82.69999694824219,82.93000030517578,81.70999908447266,81.83000183105469,73.7156753540039,5918500
2020-10-15,81.02999877929688,82.81999969482422,81.02999877929688,82.16999816894531,74.02193450927734,4817100
2020-10-16,82.19000244140625,82.30999755859375,81.52999877929688,81.66000366210938,73.56254577636719,4338800
2020-10-19,81.8499984741211,82.06999969482422,80.22000122070312,80.33999633789062,72.3734130859375,4996400
2020-10-20,80.91000366210938,81.48999786376953,80.69000244140625,80.94000244140625,72.91393280029297,7054500
2020-10-21,80.63999938964844,81.04000091552734,80.33000183105469,80.62000274658203,72.62564086914062,4019900
2020-10-22,80.56999969482422,80.87999725341797,80.23999786376953,80.5199966430664,72.53556060791016,3928800
2020-10-23,80.7699966430664,81.30999755859375,80.38999938964844,81.01000213623047,72.97697448730469,2641500
2020-10-26,80.31999969482422,80.41000366210938,79.23999786376953,79.9800033569336,72.04910278320312,3991400
2020-10-27,80.08000183105469,80.48999786376953,78.77999877929688,78.80000305175781,70.98612213134766,3414500
2020-10-28,77.45999908447266,78.2699966430664,76.61000061035156,76.87000274658203,69.24748992919922,6085000
2020-10-29,76.97000122070312,78.58999633789062,76.33000183105469,78.04000091552734,70.30148315429688,5759000
2020-10-30,77.55000305175781,78.0999984741211,76.62000274658203,77.51000213623047,69.82404327392578,6507300
2020-11-02,78.36000061035156,79.4800033569336,77.87999725341797,79.45999908447266,71.58067321777344,6576200
2020-11-03,80.08000183105469,81.3499984741211,79.88999938964844,80.98999786376953,72.95894622802734,7949700
2020-11-04,81.38999938964844,82.44000244140625,80.5999984741211,81.16000366210938,73.11211395263672,6721800
2020-11-05,81.80000305175781,82.20999908447266,81.11000061035156,81.41999816894531,73.34632110595703,5409000
2020-11-06,81.45999908447266,82.06999969482422,80.6500015258789,80.95999908447266,72.93193817138672,6837600
2020-11-09,85.0,88.76000213623047,83.0999984741211,83.30000305175781,75.03990173339844,17599700
2020-11-10,83.30000305175781,84.48999786376953,82.95999908447266,84.2300033569336,75.877685546875,9468700
2020-11-11,84.8499984741211,85.18000030517578,83.9800033569336,84.7699966430664,76.3641128540039,5307900
2020-11-12,84.33999633789062,84.79000091552734,83.22000122070312,83.75,75.44528198242188,3756800
2020-11-13,84.12999725341797,86.08000183105469,84.12999725341797,85.94000244140625,77.4181137084961,4854100
2020-11-16,87.4000015258789,87.80999755859375,85.72000122070312,86.63999938964844,78.04869842529297,7907600
2020-11-17,85.98999786376953,87.04000091552734,85.54000091552734,86.70999908447266,78.11174011230469,5134800
2020-11-18,86.94999694824219,87.37000274658203,85.0199966430664,85.1500015258789,76.70645141601562,7843200
2020-11-19,85.05000305175781,85.37999725341797,84.02999877929688,85.31999969482422,76.85958099365234,4440100
2020-11-20,85.27999877929688,85.44000244140625,84.47000122070312,84.91999816894531,76.49925994873047,3544800
2020-11-23,85.36000061035156,85.7300033569336,84.69000244140625,84.8499984741211,76.43621063232422,4796400
2020-11-24,85.87000274658203,86.2699966430664,84.9800033569336,85.08999633789062,76.65239715576172,4574200
2020-11-25,85.23999786376953,85.31999969482422,84.43000030517578,85.16000366210938,76.7154769897461,3380500
2020-11-27,85.36000061035156,85.43000030517578,84.52999877929688,84.9000015258789,76.48123931884766,1658900
2020-11-30,84.75,84.81999969482422,83.76000213623047,84.16000366210938,75.81461334228516,4633900
2020-12-01,85.18000030517578,85.48999786376953,84.77999877929688,85.12000274658203,76.67942810058594,4831100
2020-12-02,84.87999725341797,85.43000030517578,84.2300033569336,84.36000061035156,75.99478912353516,4372300
2020-12-03,84.43000030517578,85.38999938964844,84.29000091552734,84.98999786376953,76.56230926513672,4539200
2020-12-04,85.4000015258789,86.26000213623047,85.3499984741211,86.23999786376953,77.68836212158203,3714600
2020-12-07,85.94999694824219,86.33000183105469,85.23999786376953,85.56999969482422,77.08480072021484,8254400
2020-12-08,85.16999816894531,85.66999816894531,85.05999755859375,85.1500015258789,76.70645141601562,4100000
2020-12-09,85.23999786376953,85.37000274658203,83.95999908447266,84.5,76.12090301513672,7956700
2020-12-10,84.13999938964844,84.68000030517578,83.7300033569336,84.01000213623047,75.67949676513672,2823000
2020-12-11,83.63999938964844,84.1500015258789,83.22000122070312,84.05000305175781,75.71553039550781,2862700
2020-12-14,84.06999969482422,84.69999694824219,82.98999786376953,83.05999755859375,75.36256408691406,3817000
2020-12-15,83.4000015258789,84.68000030517578,82.88999938964844,84.66000366210938,76.81430053710938,3719700
2020-12-16,84.88999938964844,85.33000183105469,84.33000183105469,84.79000091552734,76.93224334716797,3965600
2020-12-17,85.25,85.69000244140625,84.8499984741211,85.62000274658203,77.68534088134766,3547200
2020-12-18,85.68000030517578,85.81999969482422,83.54000091552734,84.08000183105469,76.28805541992188,4291000
2020-12-21,82.91999816894531,83.68000030517578,82.56999969482422,83.54000091552734,75.79810333251953,4952200
2020-12-22,83.70999908447266,84.2699966430664,83.31999969482422,84.19999694824219,76.39692687988281,3383200
2020-12-23,84.55999755859375,85.01000213623047,83.55000305175781,83.62999725341797,75.8797378540039,4579400
2020-12-24,83.93000030517578,84.31999969482422,83.68000030517578,84.29000091552734,76.47858428955078,981700
2020-12-28,84.66000366210938,85.2300033569336,84.26000213623047,85.05999755859375,77.1772232055664,6311700
2020-12-29,85.44999694824219,85.75,84.19000244140625,84.37000274658203,76.55118560791016,3138900
2020-12-30,84.29000091552734,85.31999969482422,84.29000091552734,84.75,76.8959732055664,4933800
2020-12-31,84.73999786376953,85.87999725341797,84.08000183105469,85.6500015258789,77.71256256103516,4171500
2021-01-04,85.86000061035156,85.98999786376953,82.70999908447266,82.73999786376953,75.0722427368164,14744100
2021-01-05,82.72000122070312,83.48999786376953,82.63999938964844,82.7300033569336,75.06316375732422,13595100
2021-01-06,82.66000366210938,83.26000213623047,82.1500015258789,82.69000244140625,75.02688598632812,18629400
2021-01-07,82.69999694824219,83.0,82.19000244140625,82.68000030517578,75.01779174804688,10663300
2021-01-08,82.8499984741211,83.73999786376953,82.80999755859375,83.4800033569336,75.74365997314453,4345200
2021-01-11,83.08000183105469,83.37999725341797,82.06999969482422,82.30000305175781,74.67301940917969,3548500
2021-01-12,82.12999725341797,82.43000030517578,81.45999908447266,82.2699966430664,74.64579772949219,5314900
2021-01-13,82.19000244140625,83.43000030517578,82.19000244140625,83.27999877929688,75.56218719482422,8842500
2021-01-14,83.5,84.16999816894531,83.13999938964844,83.63999938964844,75.88882446289062,4538600
2021-01-15,83.54000091552734,84.88999938964844,83.26000213623047,84.58999633789062,76.75077056884766,6775200
2021-01-19,85.1500015258789,85.1500015258789,84.04000091552734,84.36000061035156,76.54209899902344,3413600
2021-01-20,84.38999938964844,86.37999725341797,84.13999938964844,86.05999755859375,78.08456420898438,6889500
2021-01-21,85.7300033569336,85.93000030517578,85.01000213623047,85.80000305175781,77.84867095947266,4779600
2021-01-22,85.47000122070312,86.16000366210938,85.22000122070312,85.97000122070312,78.00289154052734,6286300
2021-01-25,86.01000213623047,87.20999908447266,85.54000091552734,86.61000061035156,78.58358001708984,5140000
2021-01-26,86.76000213623047,87.5,86.62000274658203,87.23999786376953,79.15520477294922,3790600
2021-01-27,86.69000244140625,87.30999755859375,85.31999969482422,85.79000091552734,77.83959197998047,5641100
2021-01-28,85.69999694824219,87.13999938964844,85.37999725341797,86.16000366210938,78.17529296875,5032200
2021-01-29,85.86000061035156,86.55999755859375,84.81999969482422,85.27999877929688,77.3768539428711,5572600
2021-02-01,85.79000091552734,87.4000015258789,84.87000274658203,87.33999633789062,79.24594116210938,13611800
2021-02-02,87.87000274658203,88.11000061035156,87.12999725341797,87.80999755859375,79.67236328125,12298500
2021-02-03,87.51000213623047,87.73999786376953,86.37000274658203,87.56999969482422,79.45462036132812,11551100
2021-02-04,87.5999984741211,88.56999969482422,87.37999725341797,88.06999969482422,79.90827178955078,11375300
2021-02-05,88.2300033569336,88.51000213623047,87.94999694824219,88.23999786376953,80.0625228881836,5332900
2021-02-08,88.23999786376953,88.5,87.80000305175781,88.4800033569336,80.28028869628906,5033800
2021-02-09,88.55000305175781,89.01000213623047,88.30000305175781,88.87000274658203,80.6341552734375,3279900
2021-02-10,89.33999633789062,89.98999786376953,88.94999694824219,89.44000244140625,81.15133666992188,5026400
2021-02-11,89.4800033569336,89.88999938964844,88.98999786376953,89.41999816894531,81.13317108154297,3177900
2021-02-12,89.4000015258789,89.58000183105469,88.76000213623047,89.54000091552734,81.2420425415039,2701900
2021-02-16,89.58999633789062,89.62000274658203,88.1500015258789,88.66000366210938,80.44361877441406,3652000
2021-02-17,88.45999908447266,88.70999908447266,88.05000305175781,88.54000091552734,80.33474731445312,6557400
2021-02-18,88.16000366210938,88.55000305175781,88.05999755859375,88.30000305175781,80.11698150634766,6013800
2021-02-19,88.73999786376953,89.25,88.30000305175781,88.70999908447266,80.48896789550781,3839200
2021-02-22,88.41999816894531,89.55999755859375,88.1500015258789,89.23999786376953,80.9698486328125,5062000
2021-02-23,89.52999877929688,89.94999694824219,89.16999816894531,89.73999786376953,81.42351531982422,5684500
2021-02-24,89.63999938964844,90.4800033569336,89.33000183105469,90.22000122070312,81.85904693603516,6117200
2021-02-25,90.1500015258789,90.8499984741211,88.13999938964844,88.69999694824219,80.47989654541016,9618100
2021-02-26,88.93000030517578,89.04000091552734,87.29000091552734,87.3499984741211,79.25499725341797,9978600
2021-03-01,88.26000213623047,89.08000183105469,87.5,87.56999969482422,79.45462036132812,12062500
2021-03-02,87.55999755859375,87.55999755859375,86.30000305175781,86.86000061035156,78.81044006347656,14819900
2021-03-03,86.76000213623047,87.01000213623047,85.9800033569336,86.0999984741211,78.120849609375,15991200
2021-03-04,86.36000061035156,86.91999816894531,84.38999938964844,85.25,77.34962463378906,18710500
2021-03-05,86.05000305175781,86.69000244140625,84.05000305175781,86.33000183105469,78.32953643798828,7882500
2021-03-08,86.62000274658203,87.9000015258789,86.08999633789062,87.04000091552734,78.9737319946289,8494900
2021-03-09,87.48999786376953,88.30999755859375,87.41000366210938,87.58999633789062,79.47276306152344,4385100
2021-03-10,87.77999877929688,88.87000274658203,87.52999877929688,88.43000030517578,80.23491668701172,5016100
2021-03-11,88.56999969482422,89.91999816894531,88.4000015258789,89.37999725341797,81.09687805175781,4329100
2021-03-12,89.25,90.87000274658203,89.25,90.87000274658203,82.44879150390625,5521800
2021-03-15,90.9000015258789,92.3499984741211,90.56999969482422,92.12000274658203,83.58296203613281,5335500
2021-03-16,92.11000061035156,92.47000122070312,91.45999908447266,91.91999816894531,83.40150451660156,4162000
2021-03-17,91.75,91.95999908447266,90.93000030517578,91.95999908447266,83.43778991699219,5849400
2021-03-18,91.37000274658203,91.56999969482422,90.66999816894531,91.1500015258789,82.7028579711914,7539500
2021-03-19,90.97000122070312,91.51000213623047,89.91000366210938,90.04000091552734,81.69571685791016,9974900
2021-03-22,89.8499984741211,91.0199966430664,89.69000244140625,90.83999633789062,82.42158508300781,3748200
2021-03-23,90.8499984741211,91.55999755859375,90.44999694824219,90.8499984741211,82.4306411743164,3981800
2021-03-24,90.72000122070312,91.54000091552734,90.37999725341797,90.43000030517578,82.04957580566406,4046300
2021-03-25,89.83999633789062,90.93000030517578,88.87999725341797,90.7300033569336,82.72795104980469,4701600
2021-03-26,91.12000274658203,92.79000091552734,91.0,92.73999786376953,84.5606689453125,5190300
2021-03-29,92.44999694824219,92.83000183105469,91.45999908447266,92.38999938964844,84.2415542602539,5668600
2021-03-30,92.22000122070312,92.58000183105469,91.97000122070312,92.31999969482422,84.17772674560547,7171800
2021-03-31,92.22000122070312,92.88999938964844,91.4800033569336,91.94000244140625,83.83126068115234,8863600
2021-04-01,92.44999694824219,93.62000274658203,92.01000213623047,93.58000183105469,85.32659912109375,15804700
2021-04-05,94.13999938964844,94.13999938964844,93.01000213623047,93.94999694824219,85.6639633178711,18032000
2021-04-06,94.0,94.19999694824219,93.4800033569336,94.19999694824219,85.89190673828125,15602600
2021-04-07,94.36000061035156,94.44999694824219,93.44000244140625,94.19999694824219,85.89190673828125,14850600
2021-04-08,94.2699966430664,94.66999816894531,93.83999633789062,93.97000122070312,85.68220520019531,5862600
2021-04-09,94.12999725341797,94.12999725341797,93.62999725341797,93.95999908447266,85.673095703125,5877900
2021-04-12,94.11000061035156,94.4800033569336,93.37999725341797,94.47000122070312,86.13810729980469,4359100
2021-04-13,94.43000030517578,95.13999938964844,94.26000213623047,95.04000091552734,86.65784454345703,7435300
2021-04-14,95.08999633789062,95.48999786376953,94.36000061035156,94.45999908447266,86.12899780273438,7114900
2021-04-15,95.05999755859375,96.12999725341797,94.87000274658203,96.12999725341797,87.65170288085938,9781300
2021-04-16,96.4000015258789,96.61000061035156,95.98999786376953,96.31999969482422,87.82494354248047,4035100
2021-04-19,96.37999725341797,96.58000183105469,95.8499984741211,96.55000305175781,88.03466033935547,4047600
2021-04-20,96.33000183105469,97.69999694824219,96.33000183105469,97.55999755859375,88.9555892944336,5150300
2021-04-21,97.66999816894531,98.19999694824219,97.31999969482422,98.01000213623047,89.36589813232422,4585600
2021-04-22,97.94999694824219,98.41000366210938,97.36000061035156,97.61000061035156,89.00118255615234,6062500
2021-04-23,97.80999755859375,98.33999633789062,97.51000213623047,98.19999694824219,89.53913116455078,5015400
2021-04-26,98.68000030517578,98.87000274658203,98.0999984741211,98.36000061035156,89.68501281738281,4457100
2021-04-27,98.68000030517578,98.68000030517578,98.08999633789062,98.38999938964844,89.7123794555664,3843900
2021-04-28,98.44000244140625,98.56999969482422,97.80000305175781,97.9800033569336,89.33853149414062,5307300
2021-04-29,98.55999755859375,99.08000183105469,98.08000183105469,98.77999877929688,90.06796264648438,4774900
2021-04-30,98.48999786376953,99.37000274658203,98.2699966430664,99.19000244140625,90.44183349609375,4994700
2021-05-03,99.61000061035156,99.62000274658203,98.66999816894531,99.02999877929688,90.29592895507812,15941100
2021-05-04,98.75,99.23999786376953,97.7699966430664,98.12999725341797,89.47529602050781,15545400
2021-05-05,98.0999984741211,98.0999984741211,96.37999725341797,96.70999908447266,88.18055725097656,17545900
2021-05-06,96.77999877929688,97.36000061035156,96.44000244140625,97.2300033569336,88.6546859741211,16013800
2021-05-07,97.54000091552734,98.58999633789062,97.25,98.58999633789062,89.89472198486328,6441200
2021-05-10,98.80000305175781,99.75,98.62999725341797,98.62999725341797,89.93120574951172,7486800
2021-05-11,97.9000015258789,97.9000015258789,96.72000122070312,97.51000213623047,88.91000366210938,8099300
2021-05-12,97.30999755859375,97.44000244140625,95.01000213623047,95.0999984741211,86.7125473022461,9227200
2021-05-13,95.27999877929688,96.87999725341797,95.27999877929688,96.26000213623047,87.77023315429688,10680600
2021-05-14,96.77999877929688,97.62000274658203,96.56999969482422,97.33000183105469,88.74586486816406,5704900
2021-05-17,97.54000091552734,97.61000061035156,96.93000030517578,97.41999816894531,88.82793426513672,4665200
2021-05-18,97.37000274658203,98.0999984741211,96.80999755859375,97.55000305175781,88.94646453857422,3801600
2021-05-19,96.7699966430664,97.27999877929688,95.88999938964844,97.27999877929688,88.70027160644531,8013300
2021-05-20,97.30000305175781,98.7300033569336,97.05000305175781,98.4800033569336,89.79444885253906,6117200
2021-05-21,98.61000061035156,98.86000061035156,98.08000183105469,98.30999755859375,89.63943481445312,6711200
2021-05-24,98.80000305175781,99.81999969482422,98.66999816894531,99.41999816894531,90.65153503417969,4352500
2021-05-25,99.55000305175781,99.88999938964844,99.01000213623047,99.51000213623047,90.73361206054688,8828700
2021-05-26,99.70999908447266,100.33999633789062,99.45999908447266,99.83999633789062,91.03448486328125,6120900
2021-05-27,100.05000305175781,100.08999633789062,99.3499984741211,99.5,90.72447967529297,7308900
2021-05-28,100.02999877929688,100.47000122070312,99.77999877929688,100.19000244140625,91.35363006591797,7383300
2021-06-01,100.62999725341797,101.8499984741211,100.27999877929688,101.7699966430664,92.79426574707031,12740100
2021-06-02,102.22000122070312,103.08999633789062,101.79000091552734,102.98999786376953,93.90666961669922,15539800
2021-06-03,102.94999694824219,102.94999694824219,102.18000030517578,102.79000091552734,93.72431182861328,14727100
2021-06-04,103.12000274658203,103.20999908447266,102.27999877929688,102.80000305175781,93.7334213256836,13005500
2021-06-07,102.9000015258789,104.0999984741211,102.9000015258789,103.80999755859375,94.65435791015625,6510100
2021-06-08,103.86000061035156,104.66999816894531,103.86000061035156,104.4800033569336,95.2652587890625,6112100
2021-06-09,104.79000091552734,105.01000213623047,104.51000213623047,104.70999908447266,95.4749755859375,5928800
2021-06-10,104.1500015258789,105.22000122070312,103.86000061035156,104.97000122070312,96.19342803955078,5998100
2021-06-11,104.94999694824219,104.97000122070312,103.97000122070312,104.44999694824219,95.71690368652344,7348300
2021-06-14,104.38999938964844,104.91999816894531,104.26000213623047,104.91000366210938,96.13843536376953,5301700
2021-06-15,104.91000366210938,104.91000366210938,103.75,103.80999755859375,95.13041687011719,7924200
2021-06-16,104.04000091552734,104.41999816894531,102.83999633789062,102.87999725341797,94.27816772460938,8696000
2021-06-17,102.72000122070312,103.19000244140625,102.33999633789062,103.04000091552734,94.42478942871094,9029000
2021-06-18,102.76000213623047,102.9800033569336,101.37999725341797,101.41000366210938,92.93109130859375,7828200
2021-06-21,101.69999694824219,103.7300033569336,101.45999908447266,103.47000122070312,94.81884002685547,6758900
2021-06-22,103.51000213623047,103.54000091552734,102.93000030517578,102.97000122070312,94.36064147949219,6023100
2021-06-23,102.91999816894531,103.25,102.63999938964844,102.69999694824219,94.11322021484375,6447800
2021-06-24,103.0,103.02999877929688,101.94999694824219,102.36000061035156,93.80165100097656,4016200
2021-06-25,102.44999694824219,103.2300033569336,102.29000091552734,103.2300033569336,94.59889221191406,6519600
2021-06-28,103.44000244140625,103.47000122070312,102.08000183105469,102.81999969482422,94.22319030761719,4205000
2021-06-29,102.88999938964844,103.4000015258789,102.48999786376953,102.5199966430664,93.94825744628906,4639000
2021-06-30,102.56999969482422,103.11000061035156,101.81999969482422,101.94000244140625,93.41677856445312,7737400
2021-07-01,102.0,103.0999984741211,101.61000061035156,102.33999633789062,93.78331756591797,16376200
2021-07-02,102.7300033569336,103.16000366210938,102.27999877929688,102.68000030517578,94.09490966796875,16421400
2021-07-06,102.68000030517578,103.70999908447266,101.95999908447266,103.45999908447266,94.80968475341797,15654200
2021-07-07,103.41999816894531,104.3499984741211,103.04000091552734,103.83999633789062,95.15790557861328,14413500
2021-07-08,103.18000030517578,104.1500015258789,102.95999908447266,103.87999725341797,95.19454956054688,9538400
2021-07-09,104.3499984741211,105.44000244140625,104.02999877929688,105.4000015258789,96.58747100830078,9087900
2021-07-12,105.33000183105469,106.33000183105469,105.19000244140625,106.16999816894531,97.2930908203125,6150500
2021-07-13,105.93000030517578,106.08000183105469,104.37999725341797,104.63999938964844,95.89100646972656,10277000
2021-07-14,104.81999969482422,105.80000305175781,104.51000213623047,105.48999786376953,96.66995239257812,6584500
2021-07-15,105.30999755859375,105.87000274658203,105.26000213623047,105.76000213623047,96.9173583984375,5393200
2021-07-16,106.22000122070312,106.54000091552734,105.69999694824219,105.77999877929688,96.93569946289062,7061100
2021-07-19,104.83000183105469,104.88999938964844,103.16999816894531,103.93000030517578,95.24037170410156,12408200
2021-07-20,104.5199966430664,106.6500015258789,104.37999725341797,106.2699966430664,97.38473510742188,8337700
2021-07-21,106.5199966430664,106.80999755859375,105.94000244140625,106.0999984741211,97.22895812988281,7475900
2021-07-22,105.6500015258789,105.76000213623047,104.83000183105469,105.30999755859375,96.5050048828125,4917100
2021-07-23,105.68000030517578,106.41000366210938,105.44000244140625,106.25,97.36638641357422,5695600
2021-07-26,106.13999938964844,106.47000122070312,105.48999786376953,106.18000030517578,97.30225372314453,4069000
2021-07-27,106.1500015258789,107.08999633789062,105.7699966430664,106.95999908447266,98.01704406738281,6394500
2021-07-28,106.81999969482422,106.98999786376953,106.08000183105469,106.44999694824219,97.54969787597656,7576300
2021-07-29,106.72000122070312,107.5,106.36000061035156,106.44999694824219,97.54969787597656,5299900
2021-07-30,106.66000366210938,107.98999786376953,106.5,106.72000122070312,97.797119140625,5865600
2021-08-02,107.08999633789062,107.94000244140625,106.37000274658203,106.4800033569336,97.57718658447266,7787900
2021-08-03,106.79000091552734,106.9000015258789,105.98999786376953,106.69000244140625,97.7696304321289,6865200
2021-08-04,106.5199966430664,107.0199966430664,105.86000061035156,106.2699966430664,97.38473510742188,5810300
2021-08-05,106.83000183105469,107.37999725341797,106.41999816894531,107.33999633789062,98.3652572631836,5536800
2021-08-06,107.54000091552734,107.80000305175781,106.88999938964844,107.08000183105469,98.12700653076172,4280800
2021-08-09,106.94999694824219,106.94999694824219,106.33999633789062,106.5,97.59551239013672,3233400
2021-08-10,106.69999694824219,106.70999908447266,105.33999633789062,105.43000030517578,96.6149673461914,5110400
2021-08-11,105.94000244140625,106.19000244140625,105.47000122070312,106.02999877929688,97.16478729248047,5440000
2021-08-12,106.30000305175781,106.44000244140625,105.80999755859375,106.44000244140625,97.5405044555664,4141700
2021-08-13,106.69999694824219,107.06999969482422,106.29000091552734,107.05000305175781,98.09951782226562,6924600
2021-08-16,106.95999908447266,107.45999908447266,106.66000366210938,106.91000366210938,97.97122192382812,5347500
2021-08-17,106.4800033569336,106.9800033569336,106.06999969482422,106.91999816894531,97.98038482666016,4903400
2021-08-18,106.76000213623047,106.76000213623047,105.83000183105469,105.87999725341797,97.02734375,4409500
2021-08-19,105.62000274658203,106.61000061035156,105.23999786376953,106.45999908447266,97.55884552001953,6925900
2021-08-20,106.44000244140625,107.43000030517578,105.68000030517578,107.0,98.0536880493164,5076600
2021-08-23,107.19999694824219,107.38999938964844,106.5,106.76000213623047,97.8337631225586,4496400
2021-08-24,106.94000244140625,106.98999786376953,105.86000061035156,106.27999877929688,97.3938980102539,3597100
2021-08-25,106.26000213623047,106.7699966430664,105.79000091552734,106.2699966430664,97.38473510742188,4231900
2021-08-26,106.36000061035156,106.56999969482422,105.7699966430664,106.13999938964844,97.2656021118164,4458700
2021-08-27,106.52999877929688,107.48999786376953,106.47000122070312,107.16999816894531,98.20948028564453,3620800
2021-08-30,107.31999969482422,108.33000183105469,106.9800033569336,108.27999877929688,99.22667694091797,6983800
2021-08-31,108.02999877929688,108.97000122070312,107.77999877929688,108.79000091552734,99.69403839111328,8709400
2021-09-01,109.08000183105469,110.75,109.04000091552734,110.75,101.49015808105469,16250300
2021-09-02,110.88999938964844,111.26000213623047,110.0,111.23999786376953,101.9391860961914,16311700
2021-09-03,110.97000122070312,111.44000244140625,110.02999877929688,111.2699966430664,101.9666748046875,15133700
2021-09-07,111.08999633789062,111.19000244140625,109.1500015258789,110.02999877929688,100.83035278320312,14891200
2021-09-08,109.75,110.97000122070312,109.41999816894531,110.63999938964844,101.38934326171875,10358700
2021-09-09,110.0199966430664,110.12000274658203,108.44000244140625,108.48999786376953,99.41911315917969,6180500
2021-09-10,108.66999816894531,108.69999694824219,107.02999877929688,107.05000305175781,98.09951782226562,7861100
2021-09-13,107.94999694824219,108.5,107.27999877929688,107.4800033569336,98.4935531616211,7833200
2021-09-14,108.0,108.12000274658203,106.80999755859375,107.20999908447266,98.24613189697266,6397200
2021-09-15,107.43000030517578,108.16999816894531,106.95999908447266,107.61000061035156,98.61268615722656,6245100
2021-09-16,107.48999786376953,108.29000091552734,106.94999694824219,107.80999755859375,98.79597473144531,6076200
2021-09-17,107.55999755859375,108.0199966430664,106.66000366210938,106.79000091552734,97.86125183105469,10076900
2021-09-20,105.7699966430664,106.83000183105469,105.0,106.2300033569336,97.34808349609375,12678100
2021-09-21,106.77999877929688,107.51000213623047,106.22000122070312,106.2300033569336,97.34808349609375,8385000
2021-09-22,106.94999694824219,107.8499984741211,106.45999908447266,107.2699966430664,98.3011245727539,7071900
2021-09-23,107.48999786376953,107.83000183105469,106.80000305175781,106.9000015258789,97.96206665039062,6242600
2021-09-24,106.29000091552734,106.72000122070312,105.20999908447266,105.38999938964844,96.84102630615234,7605200
2021-09-27,105.43000030517578,106.12000274658203,103.87000274658203,103.95999908447266,95.52700805664062,6814500
2021-09-28,103.4000015258789,103.80999755859375,102.62999725341797,103.22000122070312,94.84706115722656,11006100
2021-09-29,103.75,104.51000213623047,103.63999938964844,104.01000213623047,95.57295227050781,7849800
2021-09-30,104.45999908447266,104.48999786376953,102.37999725341797,102.38999938964844,94.08435821533203,11283100
2021-10-01,102.87999725341797,104.4000015258789,102.33999633789062,103.83000183105469,95.40756225585938,10761400
2021-10-04,103.56999969482422,104.18000030517578,103.05000305175781,103.62000274658203,95.21458435058594,10771600
2021-10-05,103.80000305175781,103.81999969482422,102.62999725341797,103.02999877929688,94.67244720458984,8068400
2021-10-06,102.55000305175781,104.13999938964844,101.55999755859375,104.05000305175781,95.60972595214844,8038400
2021-10-07,104.6500015258789,105.48999786376953,104.0999984741211,104.23999786376953,95.78430938720703,6938100
2021-10-08,104.06999969482422,104.29000091552734,103.20999908447266,103.33000183105469,94.9481201171875,4286100
2021-10-11,103.29000091552734,104.01000213623047,102.83000183105469,103.61000061035156,95.20541381835938,3609400
2021-10-12,103.80000305175781,105.41000366210938,103.52999877929688,105.0199966430664,96.50103759765625,6262300
2021-10-13,104.86000061035156,105.8499984741211,104.22000122070312,105.76000213623047,97.18101501464844,6317500
2021-10-14,106.43000030517578,107.22000122070312,106.1500015258789,107.19000244140625,98.49500274658203,4335100
2021-10-15,107.87000274658203,108.05999755859375,106.63999938964844,107.16999816894531,98.47662353515625,5649200
2021-10-18,106.62000274658203,107.80000305175781,106.5199966430664,107.41999816894531,98.70634460449219,6011700
2021-10-19,107.83999633789062,108.20999908447266,107.51000213623047,107.66000366210938,98.92689514160156,4084000
2021-10-20,107.75,109.26000213623047,107.75,109.26000213623047,100.39710235595703,4710100
2021-10-21,109.19000244140625,109.5,108.95999908447266,109.43000030517578,100.55329132080078,5806100
2021-10-22,109.62999725341797,110.33000183105469,109.54000091552734,110.0199966430664,101.0954360961914,8094900
2021-10-25,110.23999786376953,110.66000366210938,109.41999816894531,110.37000274658203,101.41704559326172,4816600
2021-10-26,110.56999969482422,111.08000183105469,110.3499984741211,110.69999694824219,101.72028350830078,6085900
2021-10-27,111.0999984741211,111.18000030517578,109.55000305175781,109.69000244140625,100.79220581054688,7741400
2021-10-28,109.62999725341797,111.01000213623047,109.5999984741211,110.95999908447266,101.9592056274414,7503100
2021-10-29,110.56999969482422,110.9000015258789,109.25,109.83999633789062,100.9300537109375,8811200
2021-11-01,110.0,110.30000305175781,108.36000061035156,110.04000091552734,101.11381530761719,9795700
2021-11-02,110.51000213623047,110.93000030517578,109.63999938964844,110.47000122070312,101.50895690917969,6165200
2021-11-03,110.5199966430664,111.0,109.87000274658203,110.69000244140625,101.71109008789062,4774700
2021-11-04,110.80999755859375,111.19999694824219,109.36000061035156,109.72000122070312,100.81977844238281,4961600
2021-11-05,110.56999969482422,111.47000122070312,109.93000030517578,110.23999786376953,101.29759216308594,6082900
2021-11-08,110.51000213623047,110.51000213623047,109.26000213623047,110.0199966430664,101.0954360961914,4248800
2021-11-09,110.25,110.47000122070312,109.93000030517578,110.26000213623047,101.31597900390625,3419100
2021-11-10,110.06999969482422,110.62000274658203,109.70999908447266,109.76000213623047,100.8565444946289,4840900
2021-11-11,109.9000015258789,110.05999755859375,109.20999908447266,109.98999786376953,101.06786346435547,2752100
2021-11-12,110.27999877929688,110.33000183105469,109.62999725341797,110.04000091552734,101.11381530761719,4328300
2021-11-15,110.06999969482422,110.72000122070312,109.75,110.69000244140625,101.71109008789062,4996900
2021-11-16,110.80999755859375,110.88999938964844,109.76000213623047,110.04000091552734,101.11381530761719,4826700
2021-11-17,109.73999786376953,110.52999877929688,108.3499984741211,110.43000030517578,101.47216796875,6854100
2021-11-18,110.5999984741211,110.5999984741211,109.86000061035156,110.37999725341797,101.42623138427734,5395200
2021-11-19,110.44000244140625,110.70999908447266,109.44000244140625,109.87999725341797,100.966796875,6454800
2021-11-22,109.91999816894531,110.13999938964844,109.02999877929688,109.13999938964844,100.28682708740234,4993300
2021-11-23,109.23999786376953,110.31999969482422,108.95999908447266,110.0199966430664,101.0954360961914,6294200
2021-11-24,110.05000305175781,111.54000091552734,109.79000091552734,111.3499984741211,102.31757354736328,5042300
2021-11-26,109.76000213623047,109.94000244140625,108.01000213623047,108.2699966430664,99.48741149902344,7050900
2021-11-29,109.16999816894531,110.25,108.43000030517578,109.41000366210938,100.53491973876953,9997900
2021-11-30,108.93000030517578,109.0999984741211,106.91999816894531,107.19000244140625,98.49500274658203,13914200
2021-12-01,108.31999969482422,109.51000213623047,105.51000213623047,105.54000091552734,96.97882843017578,17616800
2021-12-02,106.13999938964844,109.30999755859375,106.01000213623047,108.75,99.92845916748047,15008700
2021-12-03,109.0,109.37999725341797,107.43000030517578,108.26000213623047,99.47821807861328,14207500
2021-12-06,109.06999969482422,110.80000305175781,109.0199966430664,110.0,101.07707214355469,12441800
2021-12-07,110.94999694824219,111.93000030517578,110.58000183105469,111.6500015258789,102.59323120117188,7534800
2021-12-08,111.8499984741211,112.6500015258789,111.37999725341797,112.33999633789062,103.22724151611328,9311200
2021-12-09,112.04000091552734,112.05999755859375,110.83999633789062,110.91000366210938,101.91326904296875,5102300
2021-12-10,111.23999786376953,111.58999633789062,110.76000213623047,111.18000030517578,102.16134643554688,3593700
2021-12-13,109.79000091552734,111.73999786376953,109.62999725341797,111.25,103.28189849853516,7406800
2021-12-14,111.11000061035156,111.11000061035156,109.25,109.88999938964844,102.01929473876953,11908600
2021-12-15,110.0,111.58000183105469,109.94999694824219,111.4000015258789,103.42115783691406,11106400
2021-12-16,111.66999816894531,112.36000061035156,110.83000183105469,111.43000030517578,103.44900512695312,8093000
2021-12-17,111.2300033569336,112.4800033569336,110.93000030517578,111.20999908447266,103.24475860595703,9501900
2021-12-20,110.13999938964844,110.79000091552734,109.23999786376953,110.31999969482422,102.41851043701172,15275200
2021-12-21,111.1500015258789,111.9800033569336,111.0,111.43000030517578,103.44900512695312,7384800
2021-12-22,111.79000091552734,112.5999984741211,111.69000244140625,112.51000213623047,104.45165252685547,5007700
2021-12-23,112.94999694824219,112.94999694824219,111.83999633789062,112.41000366210938,104.35881805419922,7972000
2021-12-27,112.5,114.33000183105469,112.36000061035156,114.29000091552734,106.10417938232422,8782300
2021-12-28,114.36000061035156,114.86000061035156,113.97000122070312,114.68000030517578,106.46623229980469,7629000
2021-12-29,114.87000274658203,115.73999786376953,114.41999816894531,115.43000030517578,107.16252136230469,6502600
2021-12-30,115.43000030517578,116.37000274658203,115.08999633789062,115.94999694824219,107.645263671875,7116800
2021-12-31,115.91999816894531,116.88999938964844,115.87999725341797,116.13999938964844,107.82166290283203,3877400
2022-01-03,116.5,116.75,113.58000183105469,115.26000213623047,107.00469970703125,13194000
2022-01-04,115.58000183105469,116.13999938964844,114.88999938964844,115.04000091552734,106.80044555664062,9363000
2022-01-05,114.75,114.91000366210938,111.55000305175781,111.62999725341797,103.63468933105469,12110000
2022-01-06,111.73999786376953,112.12999725341797,110.51000213623047,111.61000061035156,103.6161117553711,7920600
2022-01-07,111.30000305175781,111.62999725341797,110.55000305175781,110.86000061035156,102.9198226928711,7883300
2022-01-10,110.25,110.33000183105469,108.8499984741211,110.30000305175781,102.39994049072266,10109200
2022-01-11,110.27999877929688,110.66000366210938,108.87999725341797,110.58000183105469,102.6598892211914,7339300
2022-01-12,110.5,111.38999938964844,110.5,110.69000244140625,102.76201629638672,5936600
2022-01-13,111.08000183105469,111.4800033569336,110.22000122070312,110.33999633789062,102.43707275390625,6922600
2022-01-14,109.79000091552734,109.94000244140625,108.0999984741211,109.29000091552734,101.46228790283203,12194800
2022-01-18,108.58000183105469,108.80999755859375,107.55999755859375,108.30999755859375,100.55247497558594,9457200
2022-01-19,108.77999877929688,109.37000274658203,106.94000244140625,106.94999694824219,99.28987884521484,7194100
2022-01-20,107.19999694824219,108.38999938964844,105.58000183105469,105.62000274658203,98.05514526367188,12901400
2022-01-21,106.2300033569336,106.75,105.12999725341797,105.37000274658203,97.82305145263672,16205400
2022-01-24,104.63999938964844,105.79000091552734,101.7300033569336,105.54000091552734,97.98086547851562,19913600
2022-01-25,104.33999633789062,105.88999938964844,103.19999694824219,105.05999755859375,97.53524780273438,14780800
2022-01-26,105.77999877929688,106.88999938964844,102.76000213623047,103.36000061035156,95.9570083618164,15672600
2022-01-27,104.08999633789062,104.95999908447266,101.4000015258789,101.80999755859375,94.51802062988281,11946500
2022-01-28,101.98999786376953,105.12000274658203,100.80000305175781,104.9800033569336,97.46097564697266,13488400
2022-01-31,104.66000366210938,106.6500015258789,104.33000183105469,106.58000183105469,98.9463882446289,8569000
2022-02-01,106.58999633789062,106.75,105.36000061035156,105.98999786376953,98.39862060546875,11087000
2022-02-02,106.56999969482422,107.70999908447266,106.37000274658203,107.45999908447266,99.76334381103516,7393800
2022-02-03,106.79000091552734,107.19000244140625,106.11000061035156,106.11000061035156,98.51005554199219,7099600
2022-02-04,105.55999755859375,106.38999938964844,104.20999908447266,105.12999725341797,97.60023498535156,9197300
2022-02-07,105.2699966430664,105.70999908447266,104.7300033569336,104.94999694824219,97.4331283569336,7632100
2022-02-08,104.83000183105469,105.26000213623047,104.1500015258789,104.4000015258789,96.92252349853516,8280000
2022-02-09,105.52999877929688,106.87000274658203,105.5199966430664,106.79000091552734,99.1413345336914,7728600
2022-02-10,105.30000305175781,106.69999694824219,103.55999755859375,104.12000274658203,96.6625747680664,11837300
2022-02-11,104.66999816894531,104.98999786376953,102.44000244140625,103.04000091552734,95.65992736816406,10952300
2022-02-14,103.13999938964844,103.80999755859375,101.66000366210938,102.08000183105469,94.7686767578125,8473000
2022-02-15,103.05999755859375,103.54000091552734,102.55999755859375,102.86000061035156,95.49281311035156,6383600
2022-02-16,103.04000091552734,103.4800033569336,102.1500015258789,103.19999694824219,95.80846405029297,7205200
2022-02-17,102.87000274658203,103.16000366210938,101.9000015258789,102.04000091552734,94.73155975341797,7504500
2022-02-18,101.93000030517578,102.83999633789062,101.33000183105469,101.51000213623047,94.239501953125,8281700
2022-02-22,101.2300033569336,101.81999969482422,100.44999694824219,100.98999786376953,93.75674438476562,10853700
2022-02-23,101.45999908447266,102.19999694824219,99.16000366210938,99.20999908447266,92.104248046875,10679800
2022-02-24,97.31999969482422,101.33999633789062,97.05000305175781,100.97000122070312,93.7381820678711,15484100
2022-02-25,101.48999786376953,103.52999877929688,100.83999633789062,103.4000015258789,95.994140625,9811200
2022-02-28,102.30000305175781,102.86000061035156,100.75,101.69000244140625,94.4066162109375,13154700
2022-03-01,102.11000061035156,102.68000030517578,100.8499984741211,101.43000030517578,94.16522979736328,11661600
2022-03-02,101.91000366210938,103.69000244140625,101.79000091552734,103.18000030517578,95.78990173339844,10335700
2022-03-03,103.80999755859375,104.38999938964844,102.70999908447266,104.02999877929688,96.57901000976562,7639500
2022-03-04,103.16999816894531,104.6500015258789,102.91000366210938,104.54000091552734,97.052490234375,9952700
2022-03-07,104.31999969482422,104.5199966430664,102.4000015258789,102.4000015258789,95.0657730102539,10114100
2022-03-08,102.25,103.7699966430664,101.62999725341797,101.83000183105469,94.5365982055664,9401700
2022-03-09,103.66999816894531,104.55000305175781,103.27999877929688,103.45999908447266,96.04985046386719,9432400
2022-03-10,102.30999755859375,103.95999908447266,102.06999969482422,103.70999908447266,96.28193664550781,8782900
2022-03-11,104.33999633789062,104.94000244140625,102.80000305175781,102.83999633789062,95.4742431640625,5966300
2022-03-14,103.48999786376953,103.62000274658203,101.66000366210938,102.11000061035156,94.7965316772461,8515900
2022-03-15,103.16000366210938,103.55999755859375,101.91000366210938,102.81999969482422,95.45568084716797,6331600
2022-03-16,103.62000274658203,104.58000183105469,101.86000061035156,104.11000061035156,96.65328979492188,8138300
2022-03-17,103.76000213623047,105.62999725341797,103.6500015258789,105.62999725341797,98.0644302368164,7172800
2022-03-18,105.62999725341797,106.1500015258789,105.1500015258789,105.83000183105469,98.2500991821289,7229100
2022-03-21,105.8499984741211,106.37000274658203,104.75,105.2699966430664,97.73020935058594,6595600
2022-03-22,105.77999877929688,106.08000183105469,105.30000305175781,105.55999755859375,97.99943542480469,4695000
2022-03-23,105.22000122070312,105.58999633789062,104.19999694824219,104.41999816894531,96.94107818603516,4720800
2022-03-24,104.0199966430664,104.68000030517578,103.63999938964844,104.6500015258789,97.55915832519531,3886600
2022-03-25,105.11000061035156,105.91999816894531,104.66999816894531,105.87000274658203,98.69648742675781,5140500
2022-03-28,106.12000274658203,107.08000183105469,105.83000183105469,107.06999969482422,99.81517791748047,5069500
2022-03-29,108.19999694824219,110.33999633789062,108.06999969482422,110.12000274658203,102.65853118896484,11486900
2022-03-30,109.73999786376953,109.8499984741211,108.87999725341797,109.37000274658203,101.9593505859375,6047100
2022-03-31,109.86000061035156,110.0999984741211,107.91999816894531,108.22000122070312,100.88725280761719,11802300
2022-04-01,108.47000122070312,110.11000061035156,108.08999633789062,110.02999877929688,102.57462310791016,8195800
2022-04-04,110.11000061035156,110.36000061035156,108.69999694824219,109.62999725341797,102.20172882080078,6140300
2022-04-05,109.29000091552734,110.75,108.87999725341797,109.2699966430664,101.8661117553711,8433700
2022-04-06,108.68000030517578,110.70999908447266,108.26000213623047,110.55000305175781,103.05938720703125,9412400
2022-04-07,109.97000122070312,110.12000274658203,108.86000061035156,109.72000122070312,102.28564453125,8487900
2022-04-08,109.75,110.27999877929688,109.01000213623047,109.8499984741211,102.40682220458984,7789900
2022-04-11,109.62999725341797,110.12000274658203,108.36000061035156,108.62999725341797,101.26947784423828,7436300
2022-04-12,108.6500015258789,109.37000274658203,107.95999908447266,108.38999938964844,101.04576110839844,9739400
2022-04-13,108.38999938964844,109.16000366210938,108.06999969482422,109.02999877929688,101.64237976074219,7387700
2022-04-14,109.20999908447266,109.86000061035156,108.43000030517578,108.5,101.14827728271484,5112400
2022-04-18,108.27999877929688,108.8499984741211,107.56999969482422,108.11000061035156,100.78472137451172,6909300
2022-04-19,108.76000213623047,110.6500015258789,108.72000122070312,110.37999725341797,102.90089416503906,10807200
2022-04-20,110.62000274658203,112.5999984741211,110.61000061035156,112.37999725341797,104.76538848876953,9078600
2022-04-21,112.69999694824219,113.12999725341797,111.41000366210938,111.48999786376953,103.93568420410156,7741400
2022-04-22,111.19999694824219,111.30999755859375,109.44000244140625,109.55999755859375,102.136474609375,8384400
2022-04-25,109.30999755859375,109.66999816894531,107.44000244140625,109.19000244140625,101.79154968261719,8750500
2022-04-26,108.81999969482422,109.58000183105469,107.31999969482422,107.41000366210938,100.13216400146484,12086000
2022-04-27,107.48999786376953,108.41000366210938,106.66999816894531,106.7699966430664,99.5355224609375,7418700
2022-04-28,107.3499984741211,109.08000183105469,106.19999694824219,108.76000213623047,101.39067077636719,10374600
2022-04-29,108.20999908447266,108.20999908447266,103.44999694824219,103.75,96.72013854980469,17174200
2022-05-02,104.06999969482422,104.36000061035156,99.29000091552734,101.19000244140625,94.3336181640625,20384100
2022-05-03,101.83999633789062,103.30999755859375,101.12999725341797,102.70999908447266,95.75061798095703,10678900
2022-05-04,102.62999725341797,104.05999755859375,100.91000366210938,103.83999633789062,96.80403900146484,11560800
2022-05-05,103.25,103.97000122070312,100.37999725341797,101.12999725341797,94.27767944335938,11247800
2022-05-06,100.44999694824219,100.68000030517578,98.87999725341797,99.83000183105469,93.06576538085938,13089000
2022-05-09,99.05999755859375,99.05999755859375,95.2300033569336,95.5999984741211,89.12236785888672,13663300
2022-05-10,96.68000030517578,97.37000274658203,93.05999755859375,93.75,87.3977279663086,16636100
2022-05-11,93.98999786376953,95.69000244140625,93.38999938964844,93.55000305175781,87.21126556396484,14684100
2022-05-12,93.37999725341797,94.37999725341797,92.88999938964844,94.22000122070312,87.83586883544922,11695300
2022-05-13,95.19000244140625,96.8499984741211,94.52999877929688,96.7699966430664,90.21309661865234,9053100
2022-05-16,96.66999816894531,96.98999786376953,95.97000122070312,96.12999725341797,89.616455078125,6916400
2022-05-17,97.08999633789062,97.30000305175781,95.87000274658203,97.19999694824219,90.61396026611328,6838500
2022-05-18,96.9000015258789,97.12000274658203,94.11000061035156,94.38999938964844,87.9943618774414,7983200
2022-05-19,93.69999694824219,95.2699966430664,93.69999694824219,94.16000366210938,87.77994537353516,8900600
2022-05-20,95.04000091552734,95.19000244140625,93.43000030517578,94.87999725341797,88.4511489868164,11305000
2022-05-23,95.76000213623047,96.3499984741211,94.41000366210938,96.04000091552734,89.53256225585938,7684400
2022-05-24,95.66000366210938,97.0999984741211,94.25,96.95999908447266,90.39020538330078,8120500
2022-05-25,96.58999633789062,97.94000244140625,96.27999877929688,97.6500015258789,91.033447265625,5831100
2022-05-26,98.06999969482422,98.7300033569336,97.58999633789062,97.73999786376953,91.11737060546875,5817900
2022-05-27,98.31999969482422,100.41999816894531,98.25,100.36000061035156,93.55984497070312,5921700
2022-05-31,99.4800033569336,99.81999969482422,98.63999938964844,99.13999938964844,92.42249298095703,6680400
2022-06-01,99.47000122070312,99.51000213623047,97.08000183105469,98.26000213623047,91.60213470458984,8342600
2022-06-02,97.76000213623047,99.73999786376953,96.72000122070312,99.68000030517578,92.92591857910156,6916000
2022-06-03,98.76000213623047,99.41999816894531,98.12000274658203,98.3499984741211,91.68602752685547,6051800
2022-06-06,99.08999633789062,99.30000305175781,97.83000183105469,98.01000213623047,91.36907196044922,7749900
2022-06-07,97.7300033569336,99.37000274658203,97.13999938964844,99.31999969482422,92.5903091430664,6406600
2022-06-08,98.73999786376953,98.94999694824219,96.80999755859375,97.04000091552734,90.46479034423828,5968800
2022-06-09,96.29000091552734,96.95999908447266,94.5,94.55000305175781,88.45801544189453,8054300
2022-06-10,93.5,93.52999877929688,92.4000015258789,92.47000122070312,86.51202392578125,8669300
2022-06-13,90.5,90.5,87.52999877929688,87.91000366210938,82.24583435058594,11994400
2022-06-14,88.23999786376953,88.37999725341797,86.5999984741211,87.22000122070312,81.60028076171875,10648500
2022-06-15,87.98999786376953,90.44000244140625,87.80000305175781,89.19000244140625,83.44335174560547,10030500
2022-06-16,87.3499984741211,87.91999816894531,86.56999969482422,86.94999694824219,81.3476791381836,11127100
2022-06-17,87.19000244140625,88.7300033569336,86.80999755859375,87.66000366210938,82.01193237304688,12095000
2022-06-21,88.5999984741211,89.86000061035156,88.5,89.02999877929688,83.29367065429688,5267800
2022-06-22,88.26000213623047,91.41000366210938,88.0999984741211,90.30999755859375,84.49120330810547,7123000
2022-06-23,90.69000244140625,92.31999969482422,90.52999877929688,92.08000183105469,86.14714813232422,5966300
2022-06-24,92.72000122070312,94.33000183105469,92.44000244140625,94.04000091552734,87.9808578491211,5548800
2022-06-27,93.87999725341797,94.87999725341797,93.3499984741211,93.83000183105469,87.78439331054688,6886500
2022-06-28,94.38999938964844,95.0,92.56999969482422,92.72000122070312,86.74590301513672,5507200
2022-06-29,92.12999725341797,92.3499984741211,91.0999984741211,92.16000366210938,86.22200012207031,5278200
2022-06-30,91.55999755859375,93.12999725341797,90.87999725341797,91.9800033569336,86.0535888671875,7746000
2022-07-01,91.79000091552734,93.95999908447266,91.72000122070312,93.70999908447266,87.672119140625,7157500
2022-07-05,92.8499984741211,93.41000366210938,91.2300033569336,93.31999969482422,87.30725860595703,6353900
2022-07-06,93.66999816894531,94.54000091552734,93.02999877929688,93.30999755859375,87.29790496826172,9022000
2022-07-07,93.73999786376953,94.30000305175781,93.19000244140625,93.47000122070312,87.44757843017578,4296500
2022-07-08,93.08999633789062,93.68000030517578,92.55999755859375,93.01000213623047,87.01721954345703,4098400
2022-07-11,92.7300033569336,93.19999694824219,92.13999938964844,92.83000183105469,86.84883117675781,4060800
2022-07-12,92.33000183105469,93.33999633789062,91.69999694824219,92.36000061035156,86.40909576416016,7560800
2022-07-13,91.44999694824219,92.62999725341797,90.76000213623047,91.97000122070312,86.04424285888672,6089000
2022-07-14,90.51000213623047,91.47000122070312,90.4000015258789,91.06999969482422,85.20222473144531,5904200
2022-07-15,92.58000183105469,93.06999969482422,91.70999908447266,92.62000274658203,86.65235137939453,4818200
2022-07-18,93.29000091552734,93.33000183105469,91.52999877929688,91.87000274658203,85.95069885253906,4728500
2022-07-19,92.55999755859375,94.31999969482422,92.52999877929688,94.23999786376953,88.16797637939453,4771100
2022-07-20,94.12000274658203,95.1500015258789,93.56999969482422,93.95999908447266,87.90602111816406,6332600
2022-07-21,94.08000183105469,94.83000183105469,93.2300033569336,94.77999877929688,88.67317962646484,4335100
2022-07-22,95.0,95.95999908447266,94.66000366210938,95.3499984741211,89.20645904541016,4629200
2022-07-25,95.4800033569336,95.9800033569336,94.9800033569336,95.48999786376953,89.33744049072266,4302200
2022-07-26,95.41000366210938,96.08000183105469,95.2300033569336,95.55000305175781,89.39356994628906,2895000
2022-07-27,95.7699966430664,96.58999633789062,95.19999694824219,96.3499984741211,90.14202117919922,5050500
2022-07-28,97.05999755859375,99.63999938964844,97.0199966430664,99.55000305175781,93.13584899902344,8515600
2022-07-29,99.55999755859375,100.45999908447266,99.16999816894531,100.12999725341797,93.67847442626953,7852900
2022-08-01,99.66999816894531,99.87999725341797,98.83999633789062,99.29000091552734,92.89259338378906,6820100
2022-08-02,99.16000366210938,99.47000122070312,97.91999816894531,98.01000213623047,91.695068359375,4568800
2022-08-03,98.55000305175781,99.29000091552734,98.2699966430664,98.31999969482422,91.98509216308594,4496000
2022-08-04,98.52999877929688,98.62000274658203,97.66000366210938,98.2699966430664,91.93831634521484,3993900
2022-08-05,97.29000091552734,98.56999969482422,97.19999694824219,98.55000305175781,92.20028686523438,4444900
2022-08-08,99.3499984741211,100.19999694824219,98.80999755859375,99.33999633789062,92.93936920166016,6310300
2022-08-09,99.62999725341797,99.94000244140625,99.05000305175781,99.93000030517578,93.49136352539062,3584900
2022-08-10,101.0,101.55999755859375,100.62999725341797,101.41999816894531,94.88536071777344,6627300
2022-08-11,101.79000091552734,102.26000213623047,100.76000213623047,101.06999969482422,94.55789947509766,5766600
2022-08-12,101.69000244140625,102.80000305175781,101.56999969482422,102.69000244140625,96.07353210449219,4908000
2022-08-15,102.52999877929688,103.33000183105469,102.38999938964844,103.19000244140625,96.54130554199219,4630900
2022-08-16,102.73999786376953,103.36000061035156,102.47000122070312,102.80999755859375,96.18579864501953,4132300
2022-08-17,101.9800033569336,102.91999816894531,101.68000030517578,102.37999725341797,95.78350067138672,3552800
2022-08-18,102.44999694824219,102.5999984741211,101.12000274658203,101.58999633789062,95.0444107055664,3164100
2022-08-19,101.27999877929688,101.41999816894531,100.27999877929688,100.66000366210938,94.17433166503906,4611100
2022-08-22,99.87999725341797,99.87999725341797,98.44999694824219,98.55999755859375,92.20963287353516,5565500
2022-08-23,98.33000183105469,98.58000183105469,96.87000274658203,97.25,90.9840316772461,5346700
2022-08-24,97.4000015258789,98.41999816894531,97.2699966430664,97.83000183105469,91.52667999267578,3863600
2022-08-25,98.1500015258789,99.33999633789062,97.93000030517578,99.33999633789062,92.93936920166016,3076900
2022-08-26,99.33999633789062,99.41999816894531,96.81999969482422,96.9000015258789,90.65660095214844,5300100
2022-08-29,96.30999755859375,97.02999877929688,95.83999633789062,96.04000091552734,89.85199737548828,3996300
2022-08-30,96.33000183105469,96.45999908447266,94.38999938964844,94.63999938964844,88.5422134399414,4343900
2022-08-31,95.19999694824219,95.6500015258789,93.94999694824219,94.26000213623047,88.18669891357422,5569100
2022-09-01,93.7699966430664,94.54000091552734,92.81999969482422,94.43000030517578,88.34573364257812,7122900
2022-09-02,95.26000213623047,95.5,93.0,93.20999908447266,87.20433807373047,5736100
2022-09-06,93.69000244140625,94.72000122070312,93.30000305175781,94.27999877929688,88.20539855957031,7616200
2022-09-07,94.30000305175781,96.27999877929688,94.11000061035156,96.12000274658203,89.92683410644531,4111500
2022-09-08,95.6500015258789,96.69000244140625,95.30000305175781,96.4000015258789,90.18880462646484,4503000
2022-09-09,96.63999938964844,97.6500015258789,96.22000122070312,97.31999969482422,91.04952239990234,4086300
2022-09-12,97.4800033569336,98.37999725341797,97.4800033569336,98.16000366210938,91.83540344238281,3640700
2022-09-13,96.26000213623047,96.55999755859375,94.22000122070312,94.52999877929688,88.43928527832031,7338700
2022-09-14,94.19000244140625,94.2699966430664,92.70999908447266,93.29000091552734,87.2791976928711,7836600
2022-09-15,93.62999725341797,93.62999725341797,91.47000122070312,91.58000183105469,85.67935943603516,7526100
2022-09-16,91.08999633789062,91.56999969482422,90.41999816894531,91.51000213623047,85.61388397216797,8387900
2022-09-19,90.69999694824219,91.43000030517578,90.06999969482422,91.38999938964844,85.50160217285156,6203600
2022-09-20,90.69000244140625,90.69000244140625,88.72000122070312,89.16000366210938,83.41529083251953,9755300
2022-09-21,89.75,90.38999938964844,87.80999755859375,87.80999755859375,82.15226745605469,7923700
2022-09-22,87.6500015258789,87.6500015258789,86.5999984741211,86.94000244140625,81.33833312988281,8593800
2022-09-23,86.12999725341797,86.48999786376953,84.8499984741211,85.80000305175781,80.27177429199219,12200900
2022-09-26,84.4800033569336,84.4800033569336,81.72000122070312,82.61000061035156,78.10017395019531,14629400
2022-09-27,83.31999969482422,83.83000183105469,81.20999908447266,81.43000030517578,76.9845962524414,10180200
2022-09-28,82.19999694824219,83.3499984741211,81.37000274658203,83.01000213623047,78.47834777832031,12138700
2022-09-29,82.2300033569336,82.23999786376953,80.08999633789062,80.63999938964844,76.23771667480469,11420000
2022-09-30,81.30999755859375,82.08000183105469,80.87999725341797,81.41999816894531,76.97513580322266,13320100
2022-10-03,82.66000366210938,83.41999816894531,81.29000091552734,82.94000244140625,78.41216278076172,9489600
2022-10-04,83.80000305175781,85.19999694824219,83.75,84.55000305175781,79.93425750732422,8849400
2022-10-05,83.48999786376953,83.55000305175781,81.54000091552734,82.86000061035156,78.3365249633789,8640700
2022-10-06,82.76000213623047,82.98999786376953,80.4000015258789,80.5199966430664,76.12427520751953,11077100
2022-10-07,79.87000274658203,80.22000122070312,78.11000061035156,78.62999725341797,74.33744812011719,10456000
2022-10-10,78.80000305175781,79.37000274658203,77.6500015258789,77.75,73.50548553466797,6640200
2022-10-11,77.76000213623047,79.13999938964844,76.83999633789062,78.61000061035156,74.31854248046875,8368000
2022-10-12,78.56999969482422,78.58000183105469,77.23999786376953,77.72000122070312,73.47712707519531,7080300
2022-10-13,75.98999786376953,79.4000015258789,75.66000366210938,78.98999786376953,74.67779541015625,10562200
2022-10-14,80.04000091552734,80.18000030517578,76.93000030517578,76.97000122070312,72.76806640625,9995700
2022-10-17,78.41000366210938,80.1500015258789,78.31999969482422,79.80999755859375,75.45303344726562,7878200
2022-10-18,81.20999908447266,81.8499984741211,80.0,80.70999908447266,76.30390167236328,7811700
2022-10-19,80.0,80.16000366210938,78.2699966430664,78.69999694824219,74.40361785888672,6603000
2022-10-20,78.80000305175781,79.61000061035156,78.13999938964844,78.33000183105469,74.05382537841797,6245700
2022-10-21,78.48999786376953,78.91000366210938,77.23999786376953,78.87000274658203,74.56434631347656,9357400
2022-10-24,79.5199966430664,79.83999633789062,78.23999786376953,78.80999755859375,74.50762176513672,4703400
2022-10-25,79.12000274658203,82.0999984741211,79.01000213623047,81.94999694824219,77.47620391845703,8088000
2022-10-26,82.04000091552734,82.83999633789062,81.55000305175781,82.11000061035156,77.62747192382812,8517600
2022-10-27,82.4800033569336,83.18000030517578,81.94000244140625,82.26000213623047,77.76927185058594,6276500
2022-10-28,81.76000213623047,84.30999755859375,81.63999938964844,84.08999633789062,79.49938201904297,6150400
2022-10-31,83.31999969482422,84.43000030517578,83.08000183105469,83.98999786376953,79.40483856201172,6648600
2022-11-01,84.87000274658203,85.12999725341797,83.6500015258789,83.83000183105469,79.25357055664062,5529200
2022-11-02,83.37000274658203,84.38999938964844,81.45999908447266,81.58000183105469,77.12640380859375,9168500
2022-11-03,80.93000030517578,82.18000030517578,80.01000213623047,81.5199966430664,77.06968688964844,7062500
2022-11-04,82.44000244140625,83.13999938964844,81.05000305175781,82.6500015258789,78.13799285888672,7030500
2022-11-07,83.12999725341797,83.54000091552734,82.16999816894531,82.69999694824219,78.18526458740234,5931000
2022-11-08,82.88999938964844,83.9000015258789,82.5,83.08000183105469,78.54451751708984,6634400
2022-11-09,82.9000015258789,83.79000091552734,82.08000183105469,82.26000213623047,77.76927185058594,5438500
2022-11-10,85.33999633789062,88.44000244140625,85.1500015258789,88.25,83.4322738647461,10527900
2022-11-11,88.43000030517578,89.12000274658203,87.87000274658203,88.04000091552734,83.23374938964844,9455500
2022-11-14,87.69000244140625,87.80999755859375,85.93000030517578,86.0199966430664,81.32402801513672,6217700
2022-11-15,87.20999908447266,87.5199966430664,85.9800033569336,87.01000213623047,82.25997924804688,6334900
2022-11-16,86.7300033569336,87.05999755859375,85.97000122070312,86.22000122070312,81.51309967041016,6578000
2022-11-17,85.12000274658203,85.7300033569336,84.76000213623047,85.52999877929688,80.86074829101562,4469300
2022-11-18,86.8499984741211,86.88999938964844,85.6500015258789,86.58999633789062,81.86289978027344,4822800
2022-11-21,86.2699966430664,87.16999816894531,86.05999755859375,87.05999755859375,82.3072509765625,4889800
2022-11-22,87.38999938964844,87.56999969482422,86.87000274658203,87.5,82.72321319580078,3302700
2022-11-23,87.41000366210938,88.02999877929688,86.93000030517578,87.62000274658203,82.836669921875,3266100
2022-11-25,87.97000122070312,88.20999908447266,87.66999816894531,88.19999694824219,83.38499450683594,2441800
2022-11-28,87.70999908447266,88.08000183105469,85.61000061035156,85.7699966430664,81.08766174316406,4659500
2022-11-29,85.9000015258789,87.25,85.62999725341797,87.19999694824219,82.4395980834961,4084500
2022-11-30,86.95999908447266,89.22000122070312,86.37000274658203,89.16999816894531,84.30205535888672,7413100
2022-12-01,90.04000091552734,90.47000122070312,88.33000183105469,89.05999755859375,84.19805145263672,8371800
2022-12-02,87.91000366210938,89.22000122070312,87.62999725341797,88.77999877929688,83.93333435058594,5360200
2022-12-05,88.16999816894531,88.37999725341797,87.01000213623047,87.19000244140625,82.43013763427734,10561400
2022-12-06,87.44000244140625,87.44000244140625,86.0,86.37000274658203,81.6549072265625,7308500
2022-12-07,86.11000061035156,87.44000244140625,86.06999969482422,86.54000091552734,81.81562805175781,5575500
2022-12-08,87.01000213623047,87.94000244140625,86.69000244140625,87.19999694824219,82.4395980834961,5272200
2022-12-09,87.0199966430664,87.91000366210938,86.75,87.08999633789062,82.33560180664062,5124600
2022-12-12,87.30000305175781,87.7699966430664,86.33000183105469,87.7300033569336,82.94065856933594,5613700
2022-12-13,89.75,89.95999908447266,87.5999984741211,88.56999969482422,84.48985290527344,10901600
2022-12-14,88.56999969482422,89.58999633789062,87.55000305175781,87.97000122070312,83.91749572753906,8411200
2022-12-15,86.77999877929688,87.58000183105469,86.27999877929688,86.70999908447266,82.71553039550781,8088300
2022-12-16,85.91999816894531,85.91999816894531,83.6500015258789,84.5199966430664,80.62641143798828,7904000
2022-12-19,84.25,84.4800033569336,83.02999877929688,83.5199966430664,79.6724853515625,4759000
2022-12-20,83.1500015258789,83.80000305175781,82.3499984741211,83.29000091552734,79.45307922363281,4732000
2022-12-21,83.87999725341797,85.0199966430664,83.80000305175781,84.1500015258789,80.27347564697266,4836000
2022-12-22,83.44000244140625,83.87999725341797,82.27999877929688,83.80999755859375,79.94913482666016,5294100
2022-12-23,83.80000305175781,84.55000305175781,83.22000122070312,84.52999877929688,80.63595581054688,2958900
2022-12-27,84.55999755859375,84.76000213623047,83.73999786376953,84.47000122070312,80.5787353515625,3787800
2022-12-28,84.72000122070312,85.05999755859375,82.97000122070312,83.04000091552734,79.21460723876953,3734900
2022-12-29,83.72000122070312,85.08000183105469,83.43000030517578,84.88999938964844,80.97938537597656,3904000
2022-12-30,84.30999755859375,84.66999816894531,83.23999786376953,84.19000244140625,80.3116226196289,4576300
2023-01-03,84.95999908447266,85.61000061035156,83.41999816894531,84.33999633789062,80.45471954345703,8371700
2023-01-04,85.0999984741211,86.97000122070312,84.7699966430664,86.1500015258789,82.18133544921875,8849000
2023-01-05,85.51000213623047,85.51000213623047,83.72000122070312,83.8499984741211,79.9872817993164,7553900
2023-01-06,84.58000183105469,86.48999786376953,83.91999816894531,86.20999908447266,82.23857116699219,5508400
2023-01-09,86.5,87.19000244140625,85.87000274658203,86.20999908447266,82.23857116699219,5028500
2023-01-10,86.12000274658203,86.44000244140625,85.31999969482422,86.4000015258789,82.4198226928711,3950500
2023-01-11,87.16000366210938,89.55000305175781,87.13999938964844,89.54000091552734,85.4151611328125,7431800
2023-01-12,89.98999786376953,90.66999816894531,88.97000122070312,90.51000213623047,86.34049224853516,6204500
2023-01-13,89.77999877929688,90.3499984741211,89.3499984741211,90.01000213623047,85.86351776123047,5779600
2023-01-17,90.11000061035156,90.63999938964844,89.8499984741211,90.0999984741211,85.9493637084961,4915600
2023-01-18,90.56999969482422,90.66999816894531,88.72000122070312,88.8499984741211,84.7569580078125,5395000
2023-01-19,88.4800033569336,89.37999725341797,88.1500015258789,88.37000274658203,84.29907989501953,4160500
2023-01-20,88.41000366210938,89.51000213623047,87.37999725341797,89.47000122070312,85.348388671875,4729000
2023-01-23,89.51000213623047,90.30999755859375,88.88999938964844,89.80000305175781,85.66319274902344,5141800
2023-01-24,89.68000030517578,90.4000015258789,88.41999816894531,90.06999969482422,85.9207534790039,3608000
2023-01-25,89.5,90.23999786376953,89.16999816894531,89.97000122070312,85.82536315917969,3782900
2023-01-26,90.4800033569336,91.0199966430664,90.01000213623047,90.97000122070312,86.77928924560547,3765500
2023-01-27,90.80999755859375,92.26000213623047,90.75,91.9000015258789,87.66645812988281,3790000
2023-01-30,91.2300033569336,92.16999816894531,90.75,90.80000305175781,86.61713409423828,3465700
2023-01-31,90.76000213623047,92.66999816894531,90.7300033569336,92.58999633789062,88.32466125488281,6607000
2023-02-01,92.2300033569336,93.80999755859375,91.18000030517578,93.19000244140625,88.89703369140625,9861300
2023-02-02,93.98999786376953,96.0199966430664,93.97000122070312,95.23999786376953,90.85259246826172,7677400
2023-02-03,93.98999786376953,93.98999786376953,92.23999786376953,93.30999755859375,89.0114974975586,7994000
2023-02-06,92.20999908447266,92.81999969482422,91.7300033569336,92.73999786376953,88.4677505493164,5769400
2023-02-07,92.16000366210938,92.98999786376953,91.31999969482422,92.58000183105469,88.31512451171875,6626200
2023-02-08,92.20999908447266,92.66000366210938,91.81999969482422,92.19000244140625,87.94308471679688,3648700
2023-02-09,92.68000030517578,93.0999984741211,90.87999725341797,91.12000274658203,86.9223861694336,4531700
2023-02-10,90.7300033569336,91.62999725341797,90.25,91.41000366210938,87.19902801513672,5992100
2023-02-13,91.75,92.37999725341797,91.62000274658203,92.27999877929688,88.0289535522461,3022000
2023-02-14,91.98999786376953,92.62999725341797,90.91999816894531,91.47000122070312,87.25625610351562,4286700
2023-02-15,90.81999969482422,91.87999725341797,90.68000030517578,91.87000274658203,87.63784790039062,3061000
2023-02-16,90.8499984741211,91.80999755859375,89.88999938964844,91.08000183105469,86.88421630859375,5476100
2023-02-17,90.72000122070312,90.94000244140625,89.79000091552734,90.66000366210938,86.48358154296875,5494700
2023-02-21,90.11000061035156,90.12999725341797,88.5,88.86000061035156,84.76649475097656,4577500
2023-02-22,89.26000213623047,89.26000213623047,87.56999969482422,87.94999694824219,83.8984146118164,8041600
2023-02-23,88.45999908447266,88.8499984741211,87.63999938964844,88.48999786376953,84.41353607177734,8262700
2023-02-24,87.51000213623047,87.62999725341797,86.56999969482422,86.9800033569336,82.97310638427734,8579100
2023-02-27,88.06999969482422,88.41999816894531,86.73999786376953,87.16000366210938,83.14481353759766,5895700
2023-02-28,87.19999694824219,88.13999938964844,86.8499984741211,87.06999969482422,83.0589599609375,6287800
2023-03-01,86.41999816894531,86.6500015258789,85.25,85.87999725341797,81.92376708984375,7388100
2023-03-02,85.27999877929688,87.05999755859375,85.18000030517578,86.9000015258789,82.89679718017578,6459900
2023-03-03,87.48999786376953,88.48999786376953,87.33999633789062,88.31999969482422,84.25138092041016,6044200
2023-03-06,88.68000030517578,88.77999877929688,87.80999755859375,87.97000122070312,83.91749572753906,6009600
2023-03-07,88.0,88.02999877929688,85.79000091552734,85.9000015258789,81.94285583496094,7663500
2023-03-08,86.13999938964844,87.43000030517578,85.8499984741211,86.91000366210938,82.90633392333984,6873400
2023-03-09,86.95999908447266,87.12999725341797,84.7300033569336,84.88999938964844,80.97938537597656,8018000
2023-03-10,84.7300033569336,84.98999786376953,81.72000122070312,82.0999984741211,78.31790161132812,15665600
2023-03-13,81.61000061035156,84.3499984741211,81.41000366210938,83.23999786376953,79.40538787841797,20371400
2023-03-14,84.55999755859375,85.0,83.18000030517578,84.06999969482422,80.19715118408203,9897000
2023-03-15,83.06999969482422,84.27999877929688,82.69000244140625,83.91999816894531,80.05406951904297,15743700
2023-03-16,83.36000061035156,84.27999877929688,82.44999694824219,83.94000244140625,80.0731430053711,11693900
2023-03-17,83.44000244140625,83.66999816894531,81.91000366210938,82.05999755859375,78.27974700927734,11823400
2023-03-20,82.36000061035156,83.2699966430664,81.91000366210938,82.98999786376953,79.16691589355469,9923600
2023-03-21,83.55999755859375,83.66999816894531,81.83999633789062,82.5199966430664,78.71855926513672,8059000
2023-03-22,82.13999938964844,82.13999938964844,79.58999633789062,79.6500015258789,75.98077392578125,11555300
2023-03-23,79.58000183105469,80.61000061035156,78.41000366210938,78.7300033569336,75.53083038330078,10029600
2023-03-24,78.33999633789062,80.7300033569336,78.11000061035156,80.69000244140625,77.41118621826172,10335800
2023-03-27,81.29000091552734,81.4800033569336,80.5,80.58000183105469,77.30565643310547,5936500
2023-03-28,80.01000213623047,80.76000213623047,79.75,80.31999969482422,77.05621337890625,5155800
2023-03-29,81.4000015258789,82.25,81.18000030517578,82.12000274658203,78.78308868408203,6142200
2023-03-30,83.0,83.4000015258789,82.77999877929688,83.1500015258789,79.77122497558594,7304400
2023-03-31,83.62000274658203,85.11000061035156,83.47000122070312,84.9000015258789,81.45011901855469,9879300
2023-04-03,84.80000305175781,85.41000366210938,83.77999877929688,84.2300033569336,80.80734252929688,16471000
2023-04-04,84.41000366210938,84.56999969482422,83.5999984741211,84.16999816894531,80.74976348876953,14169100
2023-04-05,83.87999725341797,84.51000213623047,83.63999938964844,83.70999908447266,80.30845642089844,13544600
2023-04-06,84.02999877929688,84.30000305175781,83.33999633789062,84.22000122070312,80.79773712158203,13907800
2023-04-10,83.77999877929688,84.68000030517578,83.37999725341797,84.62999725341797,81.19107055664062,7395700
2023-04-11,84.87999725341797,85.72000122070312,84.51000213623047,85.08000183105469,81.62278747558594,6484000
2023-04-12,85.88999938964844,85.93000030517578,84.58000183105469,84.66000366210938,81.21986389160156,6572200
2023-04-13,84.83000183105469,84.83000183105469,83.62999725341797,84.41999816894531,80.98961639404297,4839900
2023-04-14,84.56999969482422,84.94999694824219,82.51000213623047,83.05999755859375,79.68488311767578,7371600
2023-04-17,83.16999816894531,84.86000061035156,83.1500015258789,84.86000061035156,81.41175079345703,6174700
2023-04-18,84.97000122070312,84.97000122070312,84.22000122070312,84.69999694824219,81.25823974609375,4257400
2023-04-19,84.25,85.36000061035156,83.94000244140625,85.12000274658203,81.66117095947266,5031500
2023-04-20,84.69000244140625,84.7300033569336,83.93000030517578,84.25,80.82653045654297,4444100
2023-04-21,84.26000213623047,84.79000091552734,83.69999694824219,84.41999816894531,80.98961639404297,5031500
2023-04-24,84.4800033569336,84.77999877929688,83.44999694824219,84.18000030517578,80.75936126708984,4270900
2023-04-25,83.68000030517578,83.98999786376953,83.22000122070312,83.29000091552734,79.90552520751953,3879800
2023-04-26,83.22000122070312,83.95999908447266,82.5,82.63999938964844,79.28194427490234,4950100
2023-04-27,82.87999725341797,84.88999938964844,82.80000305175781,84.66999816894531,81.22945404052734,6338900
2023-04-28,84.88999938964844,86.05000305175781,84.63999938964844,85.68000030517578,82.19841766357422,5242000
2023-05-01,85.36000061035156,85.88999938964844,84.80000305175781,84.91999816894531,81.46930694580078,4390000
2023-05-02,84.69999694824219,84.88999938964844,82.91000366210938,83.47000122070312,80.07823181152344,5962600
2023-05-03,83.91000366210938,84.72000122070312,83.0,83.06999969482422,79.6944808959961,6510100
2023-05-04,83.08000183105469,84.2699966430664,82.55999755859375,83.75,80.34683990478516,6806900
2023-05-05,84.4000015258789,85.30000305175781,84.23999786376953,85.13999938964844,81.68035888671875,6020500
2023-05-08,84.87999725341797,85.19000244140625,84.30999755859375,84.66000366210938,81.21986389160156,3514600
2023-05-09,84.20999908447266,84.62000274658203,83.4000015258789,84.2699966430664,80.84571075439453,3581800
2023-05-10,85.19999694824219,85.38999938964844,84.23999786376953,85.08000183105469,81.62278747558594,6104000
2023-05-11,84.4800033569336,84.55000305175781,83.66000366210938,84.1500015258789,80.7305908203125,5522900
2023-05-12,84.31999969482422,84.41999816894531,83.51000213623047,84.16999816894531,80.74976348876953,5352300
2023-05-15,84.38999938964844,84.54000091552734,83.83000183105469,84.02999877929688,80.61546325683594,6693400
2023-05-16,83.94999694824219,83.9800033569336,81.97000122070312,81.9800033569336,78.64877319335938,7454200
2023-05-17,82.5,83.19000244140625,81.7300033569336,83.04000091552734,79.66570281982422,5566400
2023-05-18,82.66000366210938,83.05999755859375,82.0,82.66999816894531,79.31071472167969,5176100
2023-05-19,83.13999938964844,83.41000366210938,82.16000366210938,82.55999755859375,79.20519256591797,5054900
2023-05-22,82.75,83.58999633789062,82.2300033569336,83.08000183105469,79.70407104492188,5847400
2023-05-23,82.9000015258789,83.68000030517578,82.12000274658203,82.19000244140625,78.85023498535156,5888800
2023-05-24,81.93000030517578,82.02999877929688,80.43000030517578,80.51000213623047,77.23849487304688,5649000
2023-05-25,80.98999786376953,81.11000061035156,79.94000244140625,80.5199966430664,77.24808502197266,6282500
2023-05-26,80.70999908447266,81.6500015258789,80.31999969482422,81.44999694824219,78.14030456542969,5791800
2023-05-30,82.05000305175781,82.69999694824219,81.56999969482422,81.80000305175781,78.47608184814453,5191700
2023-05-31,81.87000274658203,82.38999938964844,81.33000183105469,82.2300033569336,78.88860321044922,6593100
2023-06-01,82.08999633789062,82.66999816894531,81.36000061035156,82.27999877929688,78.93656921386719,6137700
2023-06-02,83.22000122070312,84.37999725341797,82.93000030517578,84.12000274658203,80.70181274414062,6738100
2023-06-05,84.12000274658203,84.51000213623047,83.41999816894531,83.55999755859375,80.16455841064453,5701300
2023-06-06,84.0999984741211,84.43000030517578,83.37999725341797,84.27999877929688,80.85530090332031,5344500
2023-06-07,84.27999877929688,85.44000244140625,83.75,85.19999694824219,82.12378692626953,6594200
2023-06-08,84.83000183105469,84.98999786376953,83.8499984741211,84.76000213623047,81.69967651367188,4701000
2023-06-09,84.87999725341797,84.93000030517578,83.91000366210938,84.23999786376953,81.19845581054688,5801400
2023-06-12,84.68000030517578,84.68000030517578,83.55000305175781,84.33999633789062,81.29484558105469,5775300
2023-06-13,84.4000015258789,85.08000183105469,84.04000091552734,84.95999908447266,81.8924560546875,6487300
2023-06-14,85.31999969482422,85.91999816894531,84.66000366210938,85.38999938964844,82.30693817138672,7965600
2023-06-15,85.01000213623047,86.02999877929688,84.55000305175781,85.83999633789062,82.74068450927734,7261500
2023-06-16,86.16000366210938,86.58000183105469,85.66000366210938,85.80999755859375,82.71175384521484,7814300
2023-06-20,85.44000244140625,85.5999984741211,84.36000061035156,84.91000366210938,81.8442611694336,5985900
2023-06-21,84.45999908447266,84.80999755859375,83.83000183105469,84.54000091552734,81.48761749267578,6214300
2023-06-22,84.66000366210938,84.66000366210938,82.8499984741211,83.30000305175781,80.29238891601562,7309100
2023-06-23,83.0199966430664,83.55999755859375,82.22000122070312,82.23999786376953,79.27066040039062,6717200
2023-06-26,82.30000305175781,84.19999694824219,82.18000030517578,84.11000061035156,81.0731430053711,5030600
2023-06-27,84.41999816894531,85.33000183105469,83.87000274658203,85.12000274658203,82.04668426513672,5045000
2023-06-28,85.16000366210938,85.44999694824219,84.5199966430664,85.25,82.17198181152344,5234900
2023-06-29,84.97000122070312,86.11000061035156,84.62000274658203,86.11000061035156,83.00093841552734,5753600
2023-06-30,86.94000244140625,87.04000091552734,85.45999908447266,86.54000091552734,83.41542053222656,6279200
2023-07-03,86.44000244140625,87.69999694824219,86.08000183105469,87.27999877929688,84.1286849975586,3903200
2023-07-05,87.12000274658203,88.08000183105469,86.38999938964844,87.58000183105469,84.41786193847656,6291600
2023-07-06,86.44000244140625,86.98999786376953,85.2699966430664,86.87999725341797,83.74312591552734,7128600
2023-07-07,86.4800033569336,87.19999694824219,86.2300033569336,86.6500015258789,83.52143859863281,6737900
2023-07-10,86.43000030517578,87.08999633789062,86.18000030517578,87.01000213623047,83.86843872070312,5419000
2023-07-11,87.30000305175781,88.22000122070312,87.0199966430664,88.18000030517578,84.99618530273438,4294300
2023-07-12,89.2300033569336,89.45999908447266,88.58000183105469,88.66000366210938,85.45886993408203,7678700
2023-07-13,88.68000030517578,89.29000091552734,88.13999938964844,89.27999877929688,86.05648040771484,5869200
2023-07-14,89.19999694824219,89.37999725341797,88.54000091552734,89.1500015258789,85.9311752319336,5566200
2023-07-17,88.83999633789062,89.2300033569336,88.41000366210938,88.55000305175781,85.35283660888672,4058400
2023-07-18,88.8499984741211,88.8499984741211,87.2699966430664,88.02999877929688,84.85160827636719,7295300
2023-07-19,88.69999694824219,89.4000015258789,88.47000122070312,89.0,85.78658294677734,5853400
2023-07-20,88.6500015258789,88.73999786376953,87.5999984741211,88.7300033569336,85.5263442993164,6771000
2023-07-21,88.94999694824219,89.37999725341797,88.70999908447266,89.13999938964844,85.9215316772461,6570200
2023-07-24,89.25,89.94000244140625,89.0999984741211,89.86000061035156,86.61553955078125,5716400
2023-07-25,89.75,90.1500015258789,89.19000244140625,89.2300033569336,86.00828552246094,6629100
2023-07-26,89.16000366210938,89.83000183105469,89.11000061035156,89.69000244140625,86.4516830444336,7138900
2023-07-27,90.05000305175781,90.33999633789062,87.62999725341797,87.72000122070312,84.55280303955078,10635500
2023-07-28,88.86000061035156,88.94000244140625,87.37000274658203,87.55000305175781,84.38894653320312,5812400
2023-07-31,87.72000122070312,88.55999755859375,87.5199966430664,88.05000305175781,84.87088775634766,6546900
2023-08-01,87.83000183105469,88.22000122070312,87.47000122070312,87.87999725341797,84.70703125,6867100
2023-08-02,87.33999633789062,87.62000274658203,86.87000274658203,87.37000274658203,84.2154541015625,6499600
2023-08-03,86.54000091552734,86.73999786376953,85.23999786376953,86.41000366210938,83.29010772705078,8494900
2023-08-04,86.08999633789062,87.01000213623047,85.4800033569336,85.75,82.65392303466797,8059900
2023-08-07,85.86000061035156,86.83000183105469,85.86000061035156,86.79000091552734,83.65637969970703,4650900
2023-08-08,86.02999877929688,86.45999908447266,85.44999694824219,86.20999908447266,83.09732055664062,4185900
2023-08-09,85.9800033569336,86.70999908447266,85.66000366210938,86.25,83.13587951660156,3850600
2023-08-10,86.62000274658203,87.12999725341797,85.69000244140625,85.91999816894531,82.81778717041016,4186300
2023-08-11,85.5199966430664,86.18000030517578,85.33999633789062,86.08999633789062,82.98165893554688,3340900
2023-08-14,85.87000274658203,85.93000030517578,85.23999786376953,85.48999786376953,82.4033203125,3785400
2023-08-15,84.83999633789062,85.1500015258789,84.37999725341797,84.47000122070312,81.42015075683594,4457300
2023-08-16,84.56999969482422,84.69000244140625,83.5,83.51000213623047,80.49481201171875,5295300
2023-08-17,83.70999908447266,84.18000030517578,82.87000274658203,82.93000030517578,79.93575286865234,5909200
2023-08-18,82.37999725341797,83.33999633789062,82.12000274658203,83.12999725341797,80.12852478027344,5194600
2023-08-21,83.0,83.05000305175781,81.75,82.4000015258789,79.42488861083984,4746600
2023-08-22,82.7699966430664,83.0199966430664,82.41000366210938,82.66999816894531,79.68512725830078,5256200
2023-08-23,83.2300033569336,84.12000274658203,83.08000183105469,84.0,80.96711730957031,5131400
2023-08-24,84.2300033569336,85.1500015258789,83.62999725341797,83.63999938964844,80.62010955810547,5419200
2023-08-25,83.86000061035156,84.33999633789062,83.41000366210938,83.79000091552734,80.76470184326172,5789200
2023-08-28,84.23999786376953,84.97000122070312,84.16000366210938,84.48999786376953,81.4394302368164,4479100
2023-08-29,84.55999755859375,85.55999755859375,84.20999908447266,85.51000213623047,82.422607421875,6630900
2023-08-30,85.48999786376953,86.05999755859375,85.44000244140625,85.83000183105469,82.73104858398438,5658500
2023-08-31,85.8499984741211,85.94999694824219,85.08999633789062,85.33999633789062,82.25873565673828,4463100
2023-09-01,85.72000122070312,86.0999984741211,85.12000274658203,85.38999938964844,82.30693817138672,5769900
2023-09-05,85.11000061035156,85.33999633789062,84.33000183105469,84.33000183105469,81.28520202636719,6565700
2023-09-06,84.31999969482422,84.5199966430664,83.52999877929688,84.16000366210938,81.121337890625,5332100
2023-09-07,84.08000183105469,85.08000183105469,83.93000030517578,84.70999908447266,81.65148162841797,5260600
2023-09-08,84.94000244140625,84.9800033569336,84.13999938964844,84.27999877929688,81.23700714111328,4260500
2023-09-11,84.38999938964844,84.58999633789062,83.91999816894531,84.27999877929688,81.23700714111328,4085900
2023-09-12,84.2300033569336,84.48999786376953,83.73999786376953,84.37999725341797,81.33340454101562,4518100
2023-09-13,84.31999969482422,84.41999816894531,83.25,83.4800033569336,80.46590423583984,5446500
2023-09-14,84.2300033569336,85.16999816894531,84.08999633789062,85.02999877929688,81.95992279052734,5846200
2023-09-15,84.56999969482422,84.91000366210938,84.31999969482422,84.58000183105469,81.52617645263672,6497000
2023-09-18,84.61000061035156,84.6500015258789,83.73999786376953,83.91999816894531,80.89000701904297,4982500
2023-09-19,83.86000061035156,84.19999694824219,83.30000305175781,83.54000091552734,80.52373504638672,4389800
2023-09-20,84.12000274658203,84.6500015258789,83.62999725341797,83.62999725341797,80.61046600341797,5643400
2023-09-21,83.13999938964844,83.18000030517578,80.68000030517578,80.68000030517578,77.7669906616211,9010000
2023-09-22,80.76000213623047,81.26000213623047,80.12999725341797,80.19000244140625,77.29468536376953,8696000
2023-09-25,79.81999969482422,80.1500015258789,79.52999877929688,80.04000091552734,77.15010070800781,6067800
2023-09-26,78.58999633789062,78.86000061035156,77.47000122070312,77.68000030517578,75.726806640625,7726200
2023-09-27,78.11000061035156,78.37999725341797,76.75,77.12000274658203,75.18089294433594,8713100
2023-09-28,77.45999908447266,78.18000030517578,77.2699966430664,77.87999725341797,75.92176818847656,8431500
2023-09-29,79.2300033569336,79.25,77.70999908447266,78.13999938964844,76.17523956298828,8764900
2023-10-02,77.88999938964844,78.19000244140625,76.20999908447266,76.69999694824219,74.77144622802734,11887600
2023-10-03,76.29000091552734,76.56999969482422,75.01000213623047,75.20999908447266,73.31890106201172,10290000
2023-10-04,75.76000213623047,76.12000274658203,74.69999694824219,76.02999877929688,74.11829376220703,7980400
2023-10-05,76.13999938964844,76.69000244140625,75.66999816894531,76.61000061035156,74.68370819091797,6656300
2023-10-06,75.94999694824219,77.30999755859375,75.20999908447266,76.7699966430664,74.83968353271484,7606700
2023-10-09,76.37999725341797,77.94999694824219,76.33000183105469,77.75,75.7950439453125,8146600
2023-10-10,77.68000030517578,78.69000244140625,77.30000305175781,78.0,76.03876495361328,5994400
2023-10-11,78.69000244140625,79.45999908447266,78.5,79.44000244140625,77.44255828857422,6364000
2023-10-12,79.41000366210938,79.41000366210938,77.8499984741211,78.19999694824219,76.23372650146484,9653000
2023-10-13,78.7300033569336,78.86000061035156,77.75,78.12000274658203,76.15574645996094,8625100
2023-10-16,78.75,79.20999908447266,77.80999755859375,79.0199966430664,77.03311157226562,6540200
2023-10-17,78.26000213623047,79.81999969482422,78.26000213623047,78.80000305175781,76.81864166259766,10660300
2023-10-18,78.26000213623047,78.48999786376953,77.02999877929688,77.08000183105469,75.14189147949219,8722600
2023-10-19,76.47000122070312,77.08000183105469,75.11000061035156,75.23999786376953,73.34815216064453,12199100
2023-10-20,75.37000274658203,75.87000274658203,74.72000122070312,74.75,72.87047576904297,9323700
2023-10-23,74.18000030517578,75.06999969482422,73.83999633789062,74.04000091552734,72.17833709716797,8808400
2023-10-24,74.30000305175781,75.12999725341797,74.11000061035156,74.91999816894531,73.03620147705078,8164400
2023-10-25,74.19999694824219,74.44000244140625,73.16999816894531,73.27999877929688,71.43743896484375,8236100
2023-10-26,73.62000274658203,75.23999786376953,73.5999984741211,74.7300033569336,72.85098266601562,10955200
2023-10-27,75.06999969482422,75.06999969482422,73.3499984741211,73.62000274658203,71.76889038085938,9656000
2023-10-30,74.19999694824219,74.54000091552734,72.87999725341797,73.95999908447266,72.100341796875,8309600
2023-10-31,74.5999984741211,75.37999725341797,73.94000244140625,75.33000183105469,73.4358901977539,8676300
2023-11-01,75.3499984741211,75.86000061035156,74.94000244140625,75.83999633789062,73.93306732177734,10792900
2023-11-02,76.8499984741211,78.48999786376953,76.6500015258789,78.2300033569336,76.26297760009766,9187400
2023-11-03,79.54000091552734,81.11000061035156,79.48999786376953,80.02999877929688,78.01771545410156,10154000
2023-11-06,80.02999877929688,80.02999877929688,78.5,78.97000122070312,76.984375,8434400
2023-11-07,78.83000183105469,78.97000122070312,78.13999938964844,78.27999877929688,76.31171417236328,8560900
2023-11-08,78.62000274658203,78.88999938964844,78.30999755859375,78.66000366210938,76.68216705322266,6482600
2023-11-09,78.94000244140625,78.9800033569336,77.26000213623047,77.41999816894531,75.47334289550781,9070100
2023-11-10,78.0199966430664,78.30999755859375,77.26000213623047,78.19000244140625,76.22398376464844,5418400
2023-11-13,77.62000274658203,77.81999969482422,77.05999755859375,77.55000305175781,75.6000747680664,4812700
2023-11-14,80.04000091552734,82.41000366210938,79.55999755859375,81.72000122070312,79.66522216796875,15751000
2023-11-15,81.55999755859375,82.63999938964844,81.41999816894531,81.94999694824219,79.88944244384766,7927800
2023-11-16,82.19999694824219,82.3499984741211,81.62999725341797,81.86000061035156,79.80170440673828,6620600
2023-11-17,82.55000305175781,82.58999633789062,81.44000244140625,81.69999694824219,79.64572143554688,4579400
2023-11-20,81.5999984741211,82.37000274658203,81.0199966430664,82.33999633789062,80.26962280273438,6169900
2023-11-21,82.0,82.19000244140625,81.66999816894531,81.94000244140625,79.87969207763672,4730700
2023-11-22,82.4800033569336,82.8499984741211,81.88999938964844,82.25,80.18190002441406,4303800
2023-11-24,82.06999969482422,82.55000305175781,81.68000030517578,82.55000305175781,80.474365234375,2314400
2023-11-27,82.5999984741211,83.26000213623047,82.19000244140625,82.8499984741211,80.76681518554688,6466400
2023-11-28,82.61000061035156,83.43000030517578,82.18000030517578,83.33999633789062,81.24449157714844,7386200
2023-11-29,83.94999694824219,84.69000244140625,83.8499984741211,83.94999694824219,81.83914947509766,6359500
2023-11-30,83.87000274658203,84.63999938964844,83.5999984741211,84.58999633789062,82.46305084228516,8109100
2023-12-01,84.52999877929688,86.56999969482422,84.27999877929688,86.56999969482422,84.39327239990234,17020700
2023-12-04,86.0199966430664,87.08999633789062,85.95999908447266,87.08999633789062,84.90019226074219,13459700
2023-12-05,86.66000366210938,86.77999877929688,86.11000061035156,86.55999755859375,84.3835220336914,13199600
2023-12-06,86.93000030517578,87.51000213623047,86.16999816894531,86.18000030517578,84.01307678222656,10876700
2023-12-07,86.23999786376953,86.72000122070312,85.87999725341797,86.47000122070312,84.29579162597656,8795100
2023-12-08,86.11000061035156,86.51000213623047,85.41000366210938,86.29000091552734,84.12030792236328,5477800
2023-12-11,85.98999786376953,86.6500015258789,85.81999969482422,86.48999786376953,84.3152847290039,4347300
2023-12-12,86.44999694824219,86.77999877929688,86.0,86.55000305175781,84.373779296875,5163800
2023-12-13,86.5999984741211,90.05000305175781,86.37999725341797,89.77999877929688,87.52256774902344,11198900
2023-12-14,91.22000122070312,92.8499984741211,91.22000122070312,92.26000213623047,89.94021606445312,10613300
2023-12-15,92.1500015258789,92.1500015258789,90.36000061035156,91.11000061035156,88.8191146850586,12226500
2023-12-18,91.5,91.61000061035156,90.7699966430664,90.97000122070312,88.68264770507812,7094300
2023-12-19,91.30999755859375,91.79000091552734,91.12999725341797,91.58000183105469,89.27730560302734,6754200
2023-12-20,90.77999877929688,91.41999816894531,89.56999969482422,89.62999725341797,88.11429595947266,7895400
2023-12-21,90.41000366210938,90.6500015258789,89.44999694824219,90.4800033569336,88.94993591308594,6895300
2023-12-22,90.7699966430664,91.44000244140625,90.31999969482422,90.77999877929688,89.24485778808594,4737300
2023-12-26,90.83999633789062,91.68000030517578,90.66000366210938,91.47000122070312,89.92318725585938,3094100
2023-12-27,91.63999938964844,91.95999908447266,91.16000366210938,91.94999694824219,90.39507293701172,5522900
2023-12-28,91.73999786376953,92.47000122070312,91.68000030517578,92.45999908447266,90.89644622802734,4143700
2023-12-29,91.91999816894531,92.2300033569336,91.31999969482422,91.41000366210938,89.86421203613281,4854400
