Date,Open,High,Low,Close,Adj Close,Volume
2010-01-04,46.33000183105469,46.4900016784668,46.27000045776367,46.41999816894531,40.61156463623047,62822800
2010-01-05,46.38999938964844,46.5,46.15999984741211,46.41999816894531,40.61156463623047,62935600
2010-01-06,46.400001525878906,46.54999923706055,46.06999969482422,46.13999938964844,40.366607666015625,96033000
2010-01-07,46.209999084472656,46.27000045776367,45.91999816894531,46.16999816894531,40.392860412597656,77094100
2010-01-08,46.06999969482422,46.54999923706055,45.93000030517578,46.54999923706055,40.72529983520508,88886600
2010-01-11,46.61000061035156,46.63999938964844,46.119998931884766,46.36000061035156,40.55907440185547,104673400
2010-01-12,46.08000183105469,46.13999938964844,45.529998779296875,45.779998779296875,40.0516471862793,90673900
2010-01-13,45.91999816894531,46.4900016784668,45.61000061035156,46.349998474121094,40.55034255981445,100661000
2010-01-14,46.2599983215332,46.52000045776367,46.220001220703125,46.38999938964844,40.585330963134766,75209000
2010-01-15,46.470001220703125,46.54999923706055,45.650001525878906,45.849998474121094,40.11289978027344,126849300
2010-01-19,45.959999084472656,46.63999938964844,45.95000076293945,46.59000015258789,40.760292053222656,84388200
2010-01-20,46.2599983215332,46.599998474121094,45.43000030517578,45.91999816894531,40.17414093017578,145680000
2010-01-21,46.04999923706055,46.349998474121094,45.29999923706055,45.4900016784668,39.797943115234375,204939600
2010-01-22,45.34000015258789,45.47999954223633,44.040000915527344,44.15999984741211,38.634361267089844,171098700
2010-01-25,44.43000030517578,44.599998474121094,44.119998931884766,44.310001373291016,38.76558303833008,154218700
2010-01-26,44.2599983215332,44.88999938964844,44.04999923706055,44.349998474121094,38.800594329833984,140816500
2010-01-27,44.27000045776367,44.849998474121094,44.0099983215332,44.70000076293945,39.106781005859375,161632700
2010-01-28,44.400001525878906,44.43000030517578,43.31999969482422,43.54999923706055,38.10069274902344,221439800
2010-01-29,43.90999984741211,44.02000045776367,42.630001068115234,42.790000915527344,37.435794830322266,212099600
2010-02-01,42.900001525878906,43.279998779296875,42.880001068115234,43.2599983215332,37.846981048583984,136827100
2010-02-02,43.33000183105469,43.779998779296875,43.029998779296875,43.650001525878906,38.188194274902344,110727700
2010-02-03,43.439998626708984,43.970001220703125,43.41999816894531,43.88999938964844,38.39813995361328,93581600
2010-02-04,43.56999969482422,43.65999984741211,42.619998931884766,42.619998931884766,37.28705596923828,151652500
2010-02-05,42.72999954223633,43.02000045776367,42.119998931884766,42.97999954223633,37.60200500488281,213618600
2010-02-08,42.90999984741211,43.18000030517578,42.63999938964844,42.66999816894531,37.33080291748047,94354400
2010-02-09,43.18000030517578,43.5099983215332,42.7599983215332,43.11000061035156,37.71574783325195,118956000
2010-02-10,43.11000061035156,43.310001373291016,42.75,43.02000045776367,37.63701248168945,94102900
2010-02-11,43.029998779296875,43.790000915527344,42.7599983215332,43.66999816894531,38.2056770324707,93050800
2010-02-12,43.279998779296875,43.880001068115234,43.15999984741211,43.7599983215332,38.28440475463867,93938500
2010-02-16,44.08000183105469,44.349998474121094,43.849998474121094,44.31999969482422,38.774349212646484,83861400
2010-02-17,44.52000045776367,44.56999969482422,44.2599983215332,44.56999969482422,38.99304962158203,82691700
2010-02-18,44.540000915527344,44.93000030517578,44.45000076293945,44.849998474121094,39.23799133300781,65752600
2010-02-19,44.72999954223633,45.04999923706055,44.619998931884766,44.83000183105469,39.22052764892578,80416500
2010-02-22,45.0099983215332,45.029998779296875,44.560001373291016,44.7400016784668,39.141788482666016,72055000
2010-02-23,44.709999084472656,44.7400016784668,43.95000076293945,44.15999984741211,38.634361267089844,95814400
2010-02-24,44.38999938964844,44.790000915527344,44.31999969482422,44.61000061035156,39.028045654296875,86591000
2010-02-25,44.13999938964844,44.70000076293945,43.83000183105469,44.599998474121094,39.01930618286133,97961300
2010-02-26,44.59000015258789,44.86000061035156,44.400001525878906,44.7599983215332,39.15927505493164,66222400
2010-03-01,44.959999084472656,45.4900016784668,44.95000076293945,45.40999984741211,39.727943420410156,77290100
2010-03-02,45.56999969482422,45.849998474121094,45.45000076293945,45.54999923706055,39.850433349609375,76368500
2010-03-03,45.65999984741211,45.81999969482422,45.43000030517578,45.599998474121094,39.89418411254883,65735500
2010-03-04,45.630001068115234,45.810001373291016,45.400001525878906,45.75,40.02541732788086,54470900
2010-03-05,46.09000015258789,46.540000915527344,45.9900016784668,46.439998626708984,40.62908172607422,68136300
2010-03-08,46.459999084472656,46.63999938964844,46.439998626708984,46.529998779296875,40.707794189453125,58712400
2010-03-09,46.43000030517578,47.04999923706055,46.400001525878906,46.790000915527344,40.935264587402344,98002800
2010-03-10,46.81999969482422,47.279998779296875,46.79999923706055,47.16999816894531,41.26771926879883,102578900
2010-03-11,47.060001373291016,47.349998474121094,46.97999954223633,47.349998474121094,41.425201416015625,67510300
2010-03-12,47.5,47.529998779296875,47.099998474121094,47.36000061035156,41.43394470214844,64068300
2010-03-15,47.2599983215332,47.380001068115234,46.90999984741211,47.2400016784668,41.3289680480957,60150500
2010-03-16,47.38999938964844,47.61000061035156,47.22999954223633,47.540000915527344,41.5914306640625,74950600
2010-03-17,47.61000061035156,47.900001525878906,47.529998779296875,47.66999816894531,41.70515823364258,75643500
2010-03-18,47.709999084472656,47.880001068115234,47.599998474121094,47.83000183105469,41.845130920410156,77829400
2010-03-19,47.91999816894531,47.95000076293945,47.31999969482422,47.4900016784668,41.5920295715332,86337100
2010-03-22,47.29999923706055,48.11000061035156,47.25,47.91999816894531,41.96861267089844,71902800
2010-03-23,47.9900016784668,48.29999923706055,47.77000045776367,48.25,42.257652282714844,59182600
2010-03-24,48.16999816894531,48.16999816894531,47.90999984741211,48.02000045776367,42.05621337890625,62995700
2010-03-25,48.41999816894531,48.599998474121094,47.900001525878906,47.95000076293945,41.99490737915039,76294800
2010-03-26,48.150001525878906,48.33000183105469,47.7400016784668,48.0,42.03868103027344,78067900
2010-03-29,48.2400016784668,48.400001525878906,48.099998474121094,48.22999954223633,42.24012756347656,57993300
2010-03-30,48.380001068115234,48.54999923706055,48.060001373291016,48.38999938964844,42.380245208740234,49437300
2010-03-31,48.2400016784668,48.45000076293945,48.06999969482422,48.15999984741211,42.1788215637207,59947400
2010-04-01,48.36000061035156,48.70000076293945,47.790000915527344,48.15999984741211,42.1788215637207,83728600
2010-04-05,48.27000045776367,48.720001220703125,48.13999938964844,48.61000061035156,42.57295227050781,56220300
2010-04-06,48.5,48.900001525878906,48.38999938964844,48.75,42.69553756713867,54097100
2010-04-07,48.68000030517578,48.869998931884766,48.369998931884766,48.630001068115234,42.5904541015625,77211500
2010-04-08,48.4900016784668,48.81999969482422,48.2400016784668,48.7400016784668,42.68680191040039,68314300
2010-04-09,48.75,49.04999923706055,48.630001068115234,49.029998779296875,42.9407844543457,54227300
2010-04-12,49.04999923706055,49.20000076293945,48.939998626708984,49.06999969482422,42.97581481933594,44280600
2010-04-13,49.02000045776367,49.349998474121094,48.86000061035156,49.31999969482422,43.194759368896484,59376000
2010-04-14,49.58000183105469,49.91999816894531,49.5,49.90999984741211,43.71148681640625,69004800
2010-04-15,49.869998931884766,50.189998626708984,49.869998931884766,50.130001068115234,43.9041633605957,72254200
2010-04-16,49.95000076293945,50.119998931884766,49.20000076293945,49.529998779296875,43.378684997558594,127388000
2010-04-19,49.349998474121094,49.65999984741211,48.900001525878906,49.5,43.3524055480957,98251700
2010-04-20,49.77000045776367,49.880001068115234,49.43000030517578,49.75,43.57135772705078,69543700
2010-04-21,50.09000015258789,50.189998626708984,49.720001220703125,50.029998779296875,43.81657028198242,74748700
2010-04-22,49.54999923706055,50.36000061035156,49.2599983215332,50.310001373291016,44.06180953979492,110477200
2010-04-23,50.29999923706055,50.56999969482422,50.09000015258789,50.52000045776367,44.24571990966797,77205200
2010-04-26,50.56999969482422,50.650001525878906,50.29999923706055,50.40999984741211,44.14937973022461,67361000
2010-04-27,50.209999084472656,50.43000030517578,49.209999084472656,49.34000015258789,43.2122802734375,112608000
2010-04-28,49.599998474121094,49.630001068115234,48.97999954223633,49.369998931884766,43.23855972290039,130082100
2010-04-29,49.650001525878906,50.33000183105469,49.61000061035156,50.22999954223633,43.991737365722656,84180200
2010-04-30,50.209999084472656,50.290000915527344,49.20000076293945,49.2400016784668,43.124691009521484,110897000
2010-05-03,49.45000076293945,50.16999816894531,49.43000030517578,49.93000030517578,43.729000091552734,74169700
2010-05-04,49.31999969482422,49.31999969482422,48.08000183105469,48.43000030517578,42.415283203125,141136500
2010-05-05,47.91999816894531,48.5,47.63999938964844,48.18000030517578,42.19633865356445,128560200
2010-05-06,47.849998474121094,48.31999969482422,42.63999938964844,46.56999969482422,40.786293029785156,274356800
2010-05-07,46.220001220703125,46.79999923706055,44.279998779296875,45.40999984741211,39.770347595214844,288200400
2010-05-10,47.43000030517578,47.79999923706055,47.310001373291016,47.77000045776367,41.83723831176758,136041600
2010-05-11,47.290000915527344,48.38999938964844,47.20000076293945,47.720001220703125,41.79347229003906,113016100
2010-05-12,47.97999954223633,48.65999984741211,47.900001525878906,48.619998931884766,42.58169174194336,85462400
2010-05-13,48.40999984741211,48.790000915527344,47.72999954223633,47.849998474121094,41.90732955932617,102844300
2010-05-14,47.4900016784668,47.52000045776367,46.380001068115234,46.93000030517578,41.1015739440918,147386100
2010-05-17,47.02000045776367,47.27000045776367,46.06999969482422,47.08000183105469,41.23295211791992,120969600
2010-05-18,47.47999954223633,47.58000183105469,46.220001220703125,46.43000030517578,40.66366195678711,153072100
2010-05-19,46.2599983215332,46.630001068115234,45.54999923706055,46.060001373291016,40.33962631225586,159000300
2010-05-20,45.15999984741211,45.279998779296875,44.25,44.349998474121094,38.842010498046875,189289800
2010-05-21,43.65999984741211,45.63999938964844,43.4900016784668,44.84000015258789,39.27114486694336,190631100
2010-05-24,44.81999969482422,45.33000183105469,44.63999938964844,44.65999984741211,39.11350631713867,113038000
2010-05-25,43.68000030517578,44.7599983215332,43.22999954223633,44.70000076293945,39.148521423339844,155643000
2010-05-26,45.0099983215332,45.56999969482422,44.119998931884766,44.20000076293945,38.710636138916016,140203200
2010-05-27,45.20000076293945,45.88999938964844,45.09000015258789,45.869998931884766,40.17322540283203,110671600
2010-05-28,45.95000076293945,45.9900016784668,45.20000076293945,45.599998474121094,39.936767578125,128535300
2010-06-01,45.43000030517578,46.25,45.130001068115234,45.18000030517578,39.56893539428711,104242700
2010-06-02,45.439998626708984,46.279998779296875,45.130001068115234,46.25,40.50602340698242,97249300
2010-06-03,46.380001068115234,46.77000045776367,46.08000183105469,46.689998626708984,40.891380310058594,98928400
2010-06-04,45.70000076293945,46.290000915527344,44.939998626708984,45.09000015258789,39.4901123046875,112849900
2010-06-07,45.31999969482422,45.459999084472656,44.220001220703125,44.27000045776367,38.771942138671875,88436600
2010-06-08,44.349998474121094,44.47999954223633,43.59000015258789,44.189998626708984,38.70186233520508,133030100
2010-06-09,44.5,44.90999984741211,43.689998626708984,43.81999969482422,38.37783432006836,101949200
2010-06-10,44.36000061035156,45.119998931884766,44.2400016784668,45.06999969482422,39.47258758544922,76892300
2010-06-11,44.61000061035156,45.540000915527344,44.61000061035156,45.5,39.849178314208984,74346800
2010-06-14,45.91999816894531,46.2400016784668,45.40999984741211,45.4900016784668,39.840423583984375,68085000
2010-06-15,45.72999954223633,46.77000045776367,45.45000076293945,46.709999084472656,40.908897399902344,76332600
2010-06-16,46.58000183105469,47.13999938964844,46.5,46.900001525878906,41.07530975341797,78399700
2010-06-17,47.15999984741211,47.18000030517578,46.63999938964844,47.04999923706055,41.20667266845703,77111900
2010-06-18,47.04999923706055,47.34000015258789,46.86000061035156,47.0,41.240882873535156,75921400
2010-06-21,47.599998474121094,47.68000030517578,46.33000183105469,46.599998474121094,40.88991165161133,95488100
2010-06-22,46.79999923706055,47.13999938964844,46.150001525878906,46.2400016784668,40.574012756347656,94493400
2010-06-23,46.290000915527344,46.470001220703125,45.689998626708984,46.04999923706055,40.40731430053711,92397600
2010-06-24,45.849998474121094,45.9900016784668,45.20000076293945,45.349998474121094,39.79308319091797,114145900
2010-06-25,45.5099983215332,45.65999984741211,44.95000076293945,45.27000045776367,39.80100631713867,88740300
2010-06-28,45.27000045776367,45.54999923706055,44.810001373291016,45.11000061035156,39.66033935546875,71350000
2010-06-29,44.41999816894531,44.459999084472656,43.06999969482422,43.369998931884766,38.13051986694336,136384200
2010-06-30,43.22999954223633,43.66999816894531,42.63999938964844,42.709999084472656,37.55026626586914,101313200
2010-07-01,42.84000015258789,42.959999084472656,41.77000045776367,42.59000015258789,37.444759368896484,158695000
2010-07-02,42.65999984741211,42.81999969482422,42.09000015258789,42.470001220703125,37.33926010131836,78565300
2010-07-06,43.099998474121094,43.369998931884766,42.25,42.599998474121094,37.453548431396484,88591900
2010-07-07,42.7400016784668,44.0099983215332,42.70000076293945,43.959999084472656,38.64925765991211,72448400
2010-07-08,44.310001373291016,44.380001068115234,43.68000030517578,44.20000076293945,38.86025619506836,78264600
2010-07-09,44.18000030517578,44.630001068115234,44.08000183105469,44.619998931884766,39.229530334472656,47851200
2010-07-12,44.58000183105469,45.029998779296875,44.459999084472656,44.75,39.34381103515625,60927500
2010-07-13,45.13999938964844,45.5,44.79999923706055,45.33000183105469,39.8537483215332,93310500
2010-07-14,45.41999816894531,45.810001373291016,45.2400016784668,45.560001373291016,40.05596923828125,87687100
2010-07-15,45.470001220703125,45.7400016784668,44.9900016784668,45.599998474121094,40.091121673583984,95992500
2010-07-16,45.439998626708984,45.630001068115234,44.29999923706055,44.34000015258789,38.983341217041016,98831900
2010-07-19,44.470001220703125,44.810001373291016,44.099998474121094,44.720001220703125,39.317440032958984,81800800
2010-07-20,44.0,45.2599983215332,43.86000061035156,45.2599983215332,39.79219055175781,89061200
2010-07-21,45.7400016784668,45.7599983215332,44.560001373291016,44.63999938964844,39.24709701538086,83577000
2010-07-22,45.27000045776367,45.97999954223633,45.2400016784668,45.77000045776367,40.2406005859375,82890300
2010-07-23,45.459999084472656,46.099998474121094,45.380001068115234,46.060001373291016,40.495548248291016,81056100
2010-07-26,46.119998931884766,46.459999084472656,45.90999984741211,46.439998626708984,40.82965087890625,64850900
2010-07-27,46.63999938964844,46.720001220703125,46.209999084472656,46.41999816894531,40.81205368041992,67655600
2010-07-28,46.369998931884766,46.58000183105469,45.880001068115234,46.04999923706055,40.486778259277344,51988200
2010-07-29,46.31999969482422,46.40999984741211,45.25,45.709999084472656,40.18783950805664,85669500
2010-07-30,45.33000183105469,46.09000015258789,45.06999969482422,45.810001373291016,40.2757568359375,98958100
2010-08-02,46.38999938964844,46.790000915527344,46.209999084472656,46.66999816894531,41.0318717956543,68706800
2010-08-03,46.63999938964844,46.70000076293945,46.25,46.470001220703125,40.856021881103516,60856600
2010-08-04,46.68000030517578,46.9900016784668,46.5,46.939998626708984,41.26924133300781,43820600
2010-08-05,46.709999084472656,46.91999816894531,46.52000045776367,46.83000183105469,41.17253494262695,39150200
2010-08-06,46.31999969482422,46.849998474121094,46.04999923706055,46.7599983215332,41.110992431640625,71339200
2010-08-09,47.0,47.189998626708984,46.790000915527344,47.08000183105469,41.392333984375,26927600
2010-08-10,46.70000076293945,46.95000076293945,46.279998779296875,46.66999816894531,41.0318717956543,86694500
2010-08-11,45.900001525878906,45.91999816894531,45.209999084472656,45.400001525878906,39.915287017822266,92219700
2010-08-12,44.529998779296875,45.2400016784668,44.45000076293945,45.040000915527344,39.598785400390625,66000200
2010-08-13,44.869998931884766,45.060001373291016,44.709999084472656,44.720001220703125,39.317440032958984,46387300
2010-08-16,44.5,45.11000061035156,44.29999923706055,44.79999923706055,39.38776397705078,55472900
2010-08-17,45.119998931884766,45.779998779296875,45.029998779296875,45.369998931884766,39.8889045715332,56927100
2010-08-18,45.279998779296875,45.81999969482422,45.11000061035156,45.54999923706055,40.047176361083984,61835400
2010-08-19,45.279998779296875,45.459999084472656,44.560001373291016,44.86000061035156,39.44052505493164,82969500
2010-08-20,44.790000915527344,45.029998779296875,44.540000915527344,44.91999816894531,39.4932746887207,65806700
2010-08-23,45.20000076293945,45.34000015258789,44.459999084472656,44.47999954223633,39.10641860961914,69612200
2010-08-24,43.970001220703125,44.119998931884766,43.470001220703125,43.650001525878906,38.376708984375,79095800
2010-08-25,43.34000015258789,44.2599983215332,43.27000045776367,44.06999969482422,38.7459716796875,87247900
2010-08-26,44.220001220703125,44.31999969482422,43.5,43.540000915527344,38.27999496459961,91199000
2010-08-27,43.86000061035156,44.15999984741211,42.970001220703125,44.06999969482422,38.7459716796875,109568800
2010-08-30,43.86000061035156,44.25,43.599998474121094,43.61000061035156,38.34153366088867,49373200
2010-08-31,43.380001068115234,43.849998474121094,43.18000030517578,43.459999084472656,38.20966339111328,72066900
2010-09-01,44.099998474121094,44.90999984741211,44.06999969482422,44.7599983215332,39.35260772705078,83523100
2010-09-02,44.84000015258789,45.279998779296875,44.72999954223633,45.2599983215332,39.79219055175781,41816800
2010-09-03,45.7599983215332,46.02000045776367,45.54999923706055,46.0099983215332,40.45158386230469,64041100
2010-09-07,45.81999969482422,46.029998779296875,45.630001068115234,45.70000076293945,40.179039001464844,51195200
2010-09-08,45.83000183105469,46.45000076293945,45.81999969482422,46.25,40.66260528564453,66879800
2010-09-09,46.65999984741211,46.70000076293945,46.31999969482422,46.43000030517578,40.82084655761719,61476400
2010-09-10,46.47999954223633,46.66999816894531,46.25,46.599998474121094,40.97031021118164,66995700
2010-09-13,46.959999084472656,47.369998931884766,46.939998626708984,47.25,41.54179763793945,64523400
2010-09-14,47.189998626708984,47.70000076293945,47.08000183105469,47.45000076293945,41.71763610839844,91405800
2010-09-15,47.33000183105469,47.79999923706055,47.189998626708984,47.75,41.98137664794922,67108200
2010-09-16,47.65999984741211,47.97999954223633,47.540000915527344,47.939998626708984,42.14842987060547,66885800
2010-09-17,48.13999938964844,48.13999938964844,47.75,47.9900016784668,42.29119873046875,76372600
2010-09-20,48.16999816894531,48.93000030517578,48.11000061035156,48.83000183105469,43.03144073486328,84475000
2010-09-21,48.86000061035156,49.16999816894531,48.61000061035156,48.81999969482422,43.02263641357422,82272000
2010-09-22,48.619998931884766,49.02000045776367,48.41999816894531,48.689998626708984,42.908077239990234,88315900
2010-09-23,48.369998931884766,49.15999984741211,48.31999969482422,48.66999816894531,42.89045333862305,85040000
2010-09-24,49.220001220703125,49.689998626708984,49.150001525878906,49.65999984741211,43.76287841796875,79495900
2010-09-27,49.630001068115234,49.75,49.349998474121094,49.38999938964844,43.524940490722656,43859800
2010-09-28,49.5099983215332,49.540000915527344,48.59000015258789,49.369998931884766,43.507328033447266,104922900
2010-09-29,49.29999923706055,49.529998779296875,49.11000061035156,49.290000915527344,43.436824798583984,81679200
2010-09-30,49.540000915527344,49.84000015258789,48.75,49.06999969482422,43.242942810058594,122458600
2010-10-01,49.47999954223633,49.529998779296875,48.779998779296875,49.0099983215332,43.190059661865234,77675400
2010-10-04,48.869998931884766,49.04999923706055,48.20000076293945,48.47999954223633,42.72301483154297,71359900
2010-10-05,49.029998779296875,49.7599983215332,49.0,49.65999984741211,43.76287841796875,99301300
2010-10-06,49.599998474121094,49.709999084472656,48.90999984741211,49.22999954223633,43.38395690917969,81831200
2010-10-07,49.5099983215332,49.540000915527344,49.0,49.40999984741211,43.542579650878906,75693300
2010-10-08,49.43000030517578,49.869998931884766,49.08000183105469,49.75,43.84220504760742,83223900
2010-10-11,49.779998779296875,50.02000045776367,49.619998931884766,49.77000045776367,43.85983657836914,46880000
2010-10-12,49.689998626708984,50.209999084472656,49.2599983215332,50.11000061035156,44.15943908691406,88571700
2010-10-13,50.43000030517578,50.75,50.279998779296875,50.52000045776367,44.520748138427734,71122900
2010-10-14,50.54999923706055,50.63999938964844,50.16999816894531,50.41999816894531,44.432640075683594,68464000
2010-10-15,51.040000915527344,51.5,50.630001068115234,51.4900016784668,45.375572204589844,104654000
2010-10-18,51.5,51.720001220703125,51.29999923706055,51.29999923706055,45.20813751220703,72399400
2010-10-19,50.81999969482422,51.29999923706055,50.41999816894531,50.81999969482422,44.78513717651367,105739800
2010-10-20,50.959999084472656,51.56999969482422,50.869998931884766,51.189998626708984,45.11119079589844,80861400
2010-10-21,51.5099983215332,51.709999084472656,50.790000915527344,51.290000915527344,45.19931411743164,85885400
2010-10-22,51.29999923706055,51.689998626708984,51.209999084472656,51.63999938964844,45.50776672363281,47406900
2010-10-25,51.849998474121094,52.22999954223633,51.849998474121094,51.88999938964844,45.72806930541992,51413900
2010-10-26,51.630001068115234,52.150001525878906,51.41999816894531,52.029998779296875,45.851463317871094,60498300
2010-10-27,51.7599983215332,52.22999954223633,51.65999984741211,52.189998626708984,45.99243927001953,57483400
2010-10-28,52.40999984741211,52.45000076293945,51.84000015258789,52.29999923706055,46.08938980102539,61220000
2010-10-29,52.29999923706055,52.4900016784668,52.16999816894531,52.18000030517578,45.983642578125,46668700
2010-11-01,52.369998931884766,52.75,51.97999954223633,52.220001220703125,46.018882751464844,60555600
2010-11-02,52.650001525878906,52.93000030517578,52.58000183105469,52.779998779296875,46.51237869262695,48137500
2010-11-03,52.83000183105469,53.040000915527344,52.36000061035156,53.02000045776367,46.72389602661133,126225800
2010-11-04,53.599998474121094,53.86000061035156,53.5,53.66999816894531,47.29670333862305,84201000
2010-11-05,53.70000076293945,53.810001373291016,53.5099983215332,53.66999816894531,47.29670333862305,77937100
2010-11-08,53.58000183105469,53.83000183105469,53.45000076293945,53.7400016784668,47.3583984375,39623500
2010-11-09,53.95000076293945,54.040000915527344,53.209999084472656,53.45000076293945,47.10282516479492,66828700
2010-11-10,53.52000045776367,53.77000045776367,53.099998474121094,53.720001220703125,47.34077453613281,83553700
2010-11-11,52.90999984741211,53.47999954223633,52.65999984741211,53.380001068115234,47.0411376953125,85163600
2010-11-12,53.099998474121094,53.369998931884766,52.11000061035156,52.5099983215332,46.274452209472656,99164300
2010-11-15,52.779998779296875,52.880001068115234,52.290000915527344,52.310001373291016,46.09819412231445,56723400
2010-11-16,51.939998626708984,52.25,50.849998474121094,51.45000076293945,45.340335845947266,101097000
2010-11-17,51.47999954223633,51.869998931884766,51.349998474121094,51.599998474121094,45.472503662109375,77836200
2010-11-18,52.15999984741211,52.790000915527344,52.130001068115234,52.43000030517578,46.2039680480957,71488300
2010-11-19,52.36000061035156,52.59000015258789,52.13999938964844,52.470001220703125,46.239200592041016,54506100
2010-11-22,52.2599983215332,52.90999984741211,52.16999816894531,52.90999984741211,46.62694549560547,69918900
2010-11-23,52.369998931884766,52.45000076293945,51.77000045776367,52.06999969482422,45.88669967651367,76818300
2010-11-24,52.58000183105469,53.25,52.560001373291016,53.119998931884766,46.812015533447266,53444200
2010-11-26,52.779998779296875,53.130001068115234,52.66999816894531,52.77000045776367,46.503578186035156,23640300
2010-11-29,52.70000076293945,52.900001525878906,52.099998474121094,52.72999954223633,46.468318939208984,89269100
2010-11-30,52.18000030517578,52.7400016784668,51.880001068115234,52.09000015258789,45.904327392578125,118862100
2010-12-01,52.86000061035156,53.459999084472656,52.84000015258789,53.189998626708984,46.87368392944336,81758800
2010-12-02,53.27000045776367,53.810001373291016,53.209999084472656,53.72999954223633,47.349578857421875,56844600
2010-12-03,53.5,53.939998626708984,53.5,53.869998931884766,47.47293472290039,38014200
2010-12-06,53.880001068115234,53.95000076293945,53.68000030517578,53.849998474121094,47.45530319213867,39312000
2010-12-07,54.5,54.52000045776367,53.81999969482422,53.880001068115234,47.48175048828125,59067300
2010-12-08,54.02000045776367,54.150001525878906,53.689998626708984,54.08000183105469,47.65802001953125,48066900
2010-12-09,54.40999984741211,54.439998626708984,53.95000076293945,54.130001068115234,47.70207214355469,51679800
2010-12-10,54.290000915527344,54.54999923706055,54.09000015258789,54.4900016784668,48.019344329833984,44696200
2010-12-13,54.70000076293945,54.7400016784668,54.27000045776367,54.29999923706055,47.85189437866211,53110200
2010-12-14,54.439998626708984,54.619998931884766,54.22999954223633,54.400001525878906,47.940025329589844,69884800
2010-12-15,54.369998931884766,54.70000076293945,54.029998779296875,54.15999984741211,47.7285270690918,76951900
2010-12-16,54.209999084472656,54.65999984741211,54.060001373291016,54.58000183105469,48.09862518310547,65519400
2010-12-17,54.540000915527344,54.68000030517578,54.40999984741211,54.52000045776367,48.14101791381836,36844200
2010-12-20,54.619998931884766,54.7599983215332,54.15999984741211,54.560001373291016,48.176334381103516,48159600
2010-12-21,54.77000045776367,54.88999938964844,54.619998931884766,54.88999938964844,48.467735290527344,35775400
2010-12-22,54.869998931884766,54.959999084472656,54.790000915527344,54.880001068115234,48.45890808105469,35766500
2010-12-23,54.779998779296875,54.869998931884766,54.61000061035156,54.7400016784668,48.33527374267578,21664800
2010-12-27,54.58000183105469,54.86000061035156,54.209999084472656,54.77000045776367,48.361778259277344,29263700
2010-12-28,54.880001068115234,54.91999816894531,54.54999923706055,54.66999816894531,48.273468017578125,24160500
2010-12-29,54.81999969482422,54.900001525878906,54.72999954223633,54.790000915527344,48.37942886352539,24132700
2010-12-30,54.790000915527344,54.79999923706055,54.54999923706055,54.65999984741211,48.26464080810547,27553300
2010-12-31,54.59000015258789,54.619998931884766,54.209999084472656,54.459999084472656,48.088043212890625,38540100
2011-01-03,54.970001220703125,55.689998626708984,54.95000076293945,55.310001373291016,48.838592529296875,90994300
2011-01-04,55.5099983215332,55.54999923706055,54.91999816894531,55.27000045776367,48.80326461791992,43851500
2011-01-05,55.099998474121094,55.7599983215332,55.06999969482422,55.7400016784668,49.21828079223633,43787400
2011-01-06,55.79999923706055,55.959999084472656,55.68000030517578,55.91999816894531,49.377201080322266,46139600
2011-01-07,56.02000045776367,56.04999923706055,55.31999969482422,55.869998931884766,49.33305740356445,72261700
2011-01-10,55.75,56.18000030517578,55.58000183105469,56.08000183105469,49.51850891113281,55551800
2011-01-11,56.310001373291016,56.36000061035156,55.95000076293945,56.15999984741211,49.589134216308594,56663800
2011-01-12,56.43000030517578,56.560001373291016,56.20000076293945,56.560001373291016,49.94232940673828,51979300
2011-01-13,56.599998474121094,56.72999954223633,56.40999984741211,56.58000183105469,49.95999526977539,47364500
2011-01-14,56.599998474121094,57.02000045776367,56.459999084472656,57.0,50.33084487915039,43867400
2011-01-18,56.56999969482422,57.22999954223633,56.4900016784668,57.15999984741211,50.472137451171875,65805600
2011-01-19,57.2599983215332,57.2599983215332,56.31999969482422,56.5099983215332,49.898189544677734,67767200
2011-01-20,56.27000045776367,56.349998474121094,55.68000030517578,56.11000061035156,49.54499435424805,92357800
2011-01-21,56.38999938964844,56.4900016784668,55.650001525878906,55.68000030517578,49.16529083251953,59673300
2011-01-24,55.790000915527344,56.459999084472656,55.68000030517578,56.45000076293945,49.845211029052734,64103300
2011-01-25,56.16999816894531,56.54999923706055,56.04999923706055,56.529998779296875,49.91584777832031,55305100
2011-01-26,56.61000061035156,56.97999954223633,56.45000076293945,56.83000183105469,50.18074417114258,60547700
2011-01-27,57.0099983215332,57.349998474121094,56.91999816894531,57.18000030517578,50.48978042602539,53656100
2011-01-28,57.16999816894531,57.220001220703125,55.470001220703125,55.72999954223633,49.20944595336914,123359900
2011-01-31,55.810001373291016,56.15999984741211,55.38999938964844,56.0,49.44785690307617,70571300
2011-02-01,56.41999816894531,57.18000030517578,56.36000061035156,57.04999923706055,50.375003814697266,76952900
2011-02-02,56.93000030517578,57.16999816894531,56.84000015258789,56.959999084472656,50.2955322265625,48661000
2011-02-03,56.849998474121094,57.13999938964844,56.400001525878906,57.060001373291016,50.38383102416992,45341900
2011-02-04,57.04999923706055,57.41999816894531,56.900001525878906,57.380001068115234,50.6663932800293,47647800
2011-02-07,57.4900016784668,57.970001220703125,57.400001525878906,57.650001525878906,50.90480422973633,45627100
2011-02-08,57.66999816894531,58.06999969482422,57.560001373291016,58.029998779296875,51.24034118652344,38099900
2011-02-09,57.939998626708984,58.119998931884766,57.75,57.93000030517578,51.15203857421875,62540800
2011-02-10,57.54999923706055,58.099998474121094,57.4900016784668,58.02000045776367,51.23150634765625,70194700
2011-02-11,57.849998474121094,58.47999954223633,57.77000045776367,58.439998626708984,51.60238265991211,47853500
2011-02-14,58.439998626708984,58.65999984741211,58.380001068115234,58.58000183105469,51.72600173950195,48506100
2011-02-15,58.439998626708984,58.56999969482422,58.22999954223633,58.5,51.65535354614258,39723800
2011-02-16,58.650001525878906,59.040000915527344,58.630001068115234,58.880001068115234,51.99088668823242,53061700
2011-02-17,58.59000015258789,58.970001220703125,58.54999923706055,58.86000061035156,51.973236083984375,38361900
2011-02-18,58.86000061035156,58.970001220703125,58.5099983215332,58.72999954223633,51.85844802856445,44334300
2011-02-22,57.93000030517578,58.130001068115234,56.939998626708984,57.029998779296875,50.35734939575195,92598100
2011-02-23,57.029998779296875,57.22999954223633,56.130001068115234,56.560001373291016,49.94232940673828,97842900
2011-02-24,56.68000030517578,57.029998779296875,56.13999938964844,56.86000061035156,50.20723342895508,98716100
2011-02-25,57.18000030517578,57.720001220703125,57.119998931884766,57.650001525878906,50.90480422973633,54094600
2011-02-28,57.880001068115234,58.04999923706055,57.43000030517578,57.77000045776367,51.01075744628906,51402800
2011-03-01,58.02000045776367,58.02000045776367,56.70000076293945,56.84000015258789,50.18958282470703,91993900
2011-03-02,56.810001373291016,57.5099983215332,56.790000915527344,57.13999938964844,50.45448303222656,61552900
2011-03-03,57.66999816894531,58.369998931884766,57.66999816894531,58.27000045776367,51.45226287841797,64146600
2011-03-04,58.25,58.2599983215332,57.59000015258789,57.970001220703125,51.1873664855957,62328400
2011-03-07,58.209999084472656,58.2599983215332,56.66999816894531,57.189998626708984,50.49861526489258,98470000
2011-03-08,57.119998931884766,57.68000030517578,56.77000045776367,57.41999816894531,50.70170593261719,62399100
2011-03-09,57.209999084472656,57.27000045776367,56.720001220703125,57.029998779296875,50.35734939575195,84764200
2011-03-10,56.38999938964844,56.52000045776367,55.90999984741211,56.13999938964844,49.57147979736328,102894400
2011-03-11,55.81999969482422,56.65999984741211,55.81999969482422,56.4900016784668,49.88052749633789,81679400
2011-03-14,56.18000030517578,56.59000015258789,55.86000061035156,56.290000915527344,49.70393371582031,73565800
2011-03-15,54.63999938964844,55.81999969482422,54.470001220703125,55.4900016784668,48.99754333496094,101276500
2011-03-16,55.029998779296875,55.34000015258789,53.77000045776367,54.150001525878906,47.814308166503906,176507700
2011-03-17,55.0099983215332,55.2400016784668,54.130001068115234,54.650001525878906,48.25581741333008,94434500
2011-03-18,55.220001220703125,55.220001220703125,54.40999984741211,54.45000076293945,48.14704895019531,94887200
2011-03-21,55.279998779296875,55.779998779296875,54.5,55.5,49.075504302978516,57423000
2011-03-22,55.58000183105469,55.61000061035156,55.279998779296875,55.400001525878906,48.987083435058594,36162100
2011-03-23,55.20000076293945,55.869998931884766,54.81999969482422,55.709999084472656,49.261207580566406,60365100
2011-03-24,56.130001068115234,56.81999969482422,55.81999969482422,56.70000076293945,50.136592864990234,69502400
2011-03-25,56.880001068115234,57.220001220703125,56.72999954223633,56.84000015258789,50.26039505004883,74131100
2011-03-28,57.09000015258789,57.099998474121094,56.5,56.529998779296875,49.98627853393555,37824000
2011-03-29,56.400001525878906,57.08000183105469,56.22999954223633,57.08000183105469,50.47260284423828,47994800
2011-03-30,57.36000061035156,57.43000030517578,57.08000183105469,57.349998474121094,50.71135711669922,44935900
2011-03-31,57.25,57.47999954223633,57.150001525878906,57.43000030517578,50.78208923339844,50004300
2011-04-01,57.720001220703125,57.900001525878906,57.290000915527344,57.459999084472656,50.80862045288086,68031800
2011-04-04,57.619998931884766,57.68000030517578,57.02000045776367,57.27000045776367,50.64061737060547,48659100
2011-04-05,57.15999984741211,57.4900016784668,57.0,57.119998931884766,50.507972717285156,55349400
2011-04-06,57.560001373291016,57.72999954223633,56.93000030517578,57.2599983215332,50.631778717041016,49532100
2011-04-07,57.2400016784668,57.599998474121094,56.810001373291016,57.220001220703125,50.59640884399414,60697000
2011-04-08,57.47999954223633,57.56999969482422,56.650001525878906,56.95000076293945,50.35764694213867,42782200
2011-04-11,57.16999816894531,57.290000915527344,56.560001373291016,56.7599983215332,50.18965148925781,42451700
2011-04-12,56.5,56.63999938964844,56.150001525878906,56.369998931884766,49.84479522705078,50422800
2011-04-13,56.790000915527344,57.0,56.400001525878906,56.849998474121094,50.26923370361328,49979800
2011-04-14,56.459999084472656,56.83000183105469,56.22999954223633,56.75,50.180809020996094,53544100
2011-04-15,56.529998779296875,56.869998931884766,56.279998779296875,56.650001525878906,50.092376708984375,68530000
2011-04-18,56.08000183105469,56.27000045776367,55.31999969482422,56.25,49.73868179321289,69065000
2011-04-19,56.400001525878906,56.599998474121094,56.099998474121094,56.599998474121094,50.04816436767578,38608400
2011-04-20,57.599998474121094,57.939998626708984,57.529998779296875,57.880001068115234,51.18000411987305,67397500
2011-04-21,58.439998626708984,58.470001220703125,58.15999984741211,58.34000015258789,51.586769104003906,43666800
2011-04-25,58.38999938964844,58.52000045776367,58.279998779296875,58.4900016784668,51.71939468383789,25376800
2011-04-26,58.63999938964844,59.029998779296875,58.5099983215332,58.81999969482422,52.011192321777344,49400000
2011-04-27,58.93000030517578,59.290000915527344,58.65999984741211,59.220001220703125,52.36489486694336,56465500
2011-04-28,59.040000915527344,59.22999954223633,58.880001068115234,59.130001068115234,52.28530502319336,48100000
2011-04-29,59.02000045776367,59.290000915527344,58.97999954223633,59.08000183105469,52.2411003112793,44831200
2011-05-02,59.16999816894531,59.34000015258789,58.81999969482422,58.970001220703125,52.143836975097656,48149400
2011-05-03,58.939998626708984,59.0,58.33000183105469,58.689998626708984,51.8962516784668,38100000
2011-05-04,58.720001220703125,58.869998931884766,58.11000061035156,58.599998474121094,51.8166618347168,53097200
2011-05-05,58.310001373291016,58.970001220703125,58.08000183105469,58.279998779296875,51.53370666503906,72200000
2011-05-06,58.86000061035156,59.20000076293945,58.310001373291016,58.470001220703125,51.701717376708984,72507000
2011-05-09,58.56999969482422,58.91999816894531,58.34000015258789,58.689998626708984,51.8962516784668,40022000
2011-05-10,58.86000061035156,59.279998779296875,58.779998779296875,59.189998626708984,52.338348388671875,38053600
2011-05-11,59.099998474121094,59.310001373291016,58.36000061035156,58.7599983215332,51.95813751220703,61900000
2011-05-12,58.58000183105469,59.189998626708984,58.2400016784668,59.11000061035156,52.26762771606445,66100000
2011-05-13,58.970001220703125,59.06999969482422,58.38999938964844,58.40999984741211,51.648643493652344,63506600
2011-05-16,58.13999938964844,58.31999969482422,57.27000045776367,57.400001525878906,50.75556182861328,73115300
2011-05-17,57.099998474121094,57.56999969482422,56.97999954223633,57.560001373291016,50.897037506103516,63136000
2011-05-18,57.47999954223633,58.13999938964844,57.40999984741211,58.040000915527344,51.32147979736328,42351100
2011-05-19,58.220001220703125,58.34000015258789,57.849998474121094,58.209999084472656,51.4718132019043,35015800
2011-05-20,58.150001525878906,58.209999084472656,57.689998626708984,57.77000045776367,51.082740783691406,44703300
2011-05-23,56.97999954223633,57.150001525878906,56.650001525878906,56.91999816894531,50.33113479614258,43700000
2011-05-24,57.060001373291016,57.06999969482422,56.560001373291016,56.56999969482422,50.02164840698242,39314800
2011-05-25,56.5,57.060001373291016,56.470001220703125,56.790000915527344,50.21620178222656,41369000
2011-05-26,56.619998931884766,57.29999923706055,56.61000061035156,57.13999938964844,50.525657653808594,40564100
2011-05-27,57.2400016784668,57.4900016784668,57.189998626708984,57.43000030517578,50.78208923339844,30127200
2011-05-31,57.970001220703125,58.36000061035156,57.66999816894531,58.36000061035156,51.60443878173828,47590100
2011-06-01,58.220001220703125,58.36000061035156,57.040000915527344,57.09000015258789,50.481449127197266,51795000
2011-06-02,57.20000076293945,57.40999984741211,56.88999938964844,57.209999084472656,50.58757019042969,50198100
2011-06-03,56.54999923706055,56.9900016784668,56.27000045776367,56.349998474121094,49.82712936401367,57773700
2011-06-06,56.220001220703125,56.529998779296875,55.86000061035156,55.88999938964844,49.42035675048828,50175600
2011-06-07,56.040000915527344,56.2599983215332,55.75,55.790000915527344,49.33192443847656,46311100
2011-06-08,55.66999816894531,55.77000045776367,55.22999954223633,55.38999938964844,48.978240966796875,46426400
2011-06-09,55.40999984741211,55.7599983215332,55.22999954223633,55.4900016784668,49.066673278808594,45307500
2011-06-10,55.22999954223633,55.34000015258789,54.59000015258789,54.63999938964844,48.3150634765625,53740600
2011-06-13,54.66999816894531,54.93000030517578,54.45000076293945,54.63999938964844,48.3150634765625,37736800
2011-06-14,55.060001373291016,55.470001220703125,55.029998779296875,55.34000015258789,48.93402862548828,40565300
2011-06-15,54.810001373291016,55.150001525878906,54.18000030517578,54.290000915527344,48.005577087402344,59022400
2011-06-16,54.31999969482422,54.5,53.619998931884766,54.08000183105469,47.81988525390625,66316200
2011-06-17,54.400001525878906,54.599998474121094,53.630001068115234,53.790000915527344,47.670108795166016,70337000
2011-06-20,53.63999938964844,54.22999954223633,53.63999938964844,54.06999969482422,47.91824722290039,37402900
2011-06-21,54.2599983215332,55.290000915527344,54.029998779296875,55.22999954223633,48.94626998901367,55892800
2011-06-22,55.0,55.31999969482422,54.81999969482422,54.83000183105469,48.59178924560547,36833300
2011-06-23,54.2400016784668,55.369998931884766,54.060001373291016,55.34000015258789,49.04376983642578,80743300
2011-06-24,55.08000183105469,55.130001068115234,54.27000045776367,54.380001068115234,48.19297409057617,56298300
2011-06-27,54.439998626708984,55.529998779296875,54.31999969482422,55.25,48.963993072509766,49968900
2011-06-28,55.369998931884766,56.08000183105469,55.290000915527344,56.06999969482422,49.690696716308594,47028800
2011-06-29,56.20000076293945,56.40999984741211,55.900001525878906,56.29999923706055,49.894527435302734,65407300
2011-06-30,56.5,57.09000015258789,56.470001220703125,57.04999923706055,50.5591926574707,50347200
2011-07-01,57.08000183105469,57.9900016784668,56.91999816894531,57.90999984741211,51.32135009765625,53203900
2011-07-05,57.970001220703125,58.2599983215332,57.83000183105469,58.20000076293945,51.5783576965332,43128800
2011-07-06,58.130001068115234,58.4900016784668,57.939998626708984,58.38999938964844,51.74675369262695,49282700
2011-07-07,58.83000183105469,59.36000061035156,58.7400016784668,59.189998626708984,52.45573425292969,54799800
2011-07-08,58.68000030517578,59.040000915527344,58.369998931884766,59.029998779296875,52.313941955566406,69519500
2011-07-11,58.40999984741211,58.709999084472656,57.7599983215332,57.959999084472656,51.365665435791016,52080800
2011-07-12,57.95000076293945,58.06999969482422,57.459999084472656,57.52000045776367,50.97572708129883,84000700
2011-07-13,57.939998626708984,58.34000015258789,57.54999923706055,57.7599983215332,51.188411712646484,82378100
2011-07-14,57.90999984741211,58.18000030517578,56.869998931884766,57.09000015258789,50.594661712646484,98774200
2011-07-15,57.72999954223633,57.849998474121094,57.310001373291016,57.849998474121094,51.268192291259766,68281500
2011-07-18,57.529998779296875,57.790000915527344,56.97999954223633,57.540000915527344,50.99346923828125,59512200
2011-07-19,58.09000015258789,58.900001525878906,58.09000015258789,58.849998474121094,52.154415130615234,73904600
2011-07-20,59.18000030517578,59.189998626708984,58.5,58.599998474121094,51.932865142822266,57085500
2011-07-21,58.65999984741211,59.31999969482422,58.34000015258789,58.9900016784668,52.27849197387695,70148800
2011-07-22,58.959999084472656,59.70000076293945,58.91999816894531,59.599998474121094,52.819091796875,43620400
2011-07-25,59.130001068115234,59.810001373291016,59.02000045776367,59.47999954223633,52.712745666503906,48916100
2011-07-26,59.439998626708984,59.83000183105469,59.31999969482422,59.630001068115234,52.84565734863281,40918900
2011-07-27,59.2400016784668,59.290000915527344,57.939998626708984,58.09000015258789,51.48088073730469,83969500
2011-07-28,58.119998931884766,58.93000030517578,57.88999938964844,58.189998626708984,51.56949234008789,61031900
2011-07-29,57.720001220703125,58.61000061035156,57.439998626708984,58.0,51.40114212036133,82860500
2011-08-01,58.70000076293945,58.81999969482422,57.029998779296875,57.72999954223633,51.16183853149414,85421100
2011-08-02,57.459999084472656,57.720001220703125,56.209999084472656,56.27000045776367,49.867958068847656,90853300
2011-08-03,56.34000015258789,56.880001068115234,55.349998474121094,56.810001373291016,50.34651184082031,103612300
2011-08-04,56.0,56.09000015258789,54.16999816894531,54.16999816894531,48.006874084472656,132830000
2011-08-05,54.720001220703125,55.029998779296875,52.31999969482422,53.83000183105469,47.7055549621582,214111800
2011-08-08,52.18000030517578,53.119998931884766,50.59000015258789,50.59000015258789,44.834190368652344,204804500
2011-08-09,51.349998474121094,53.08000183105469,49.93000030517578,53.029998779296875,46.99657440185547,193707100
2011-08-10,51.83000183105469,53.040000915527344,50.79999923706055,50.86000061035156,45.07347106933594,205917900
2011-08-11,51.59000015258789,53.689998626708984,51.34000015258789,53.099998474121094,47.0586051940918,143825300
2011-08-12,53.43000030517578,53.900001525878906,52.880001068115234,53.56999969482422,47.47513198852539,90483300
2011-08-15,53.790000915527344,54.36000061035156,53.529998779296875,54.36000061035156,48.175254821777344,73554300
2011-08-16,53.83000183105469,54.349998474121094,53.18000030517578,53.900001525878906,47.76760482788086,89219200
2011-08-17,53.970001220703125,54.41999816894531,53.02000045776367,53.58000183105469,47.484012603759766,84416600
2011-08-18,52.130001068115234,52.13999938964844,50.47999954223633,50.95000076293945,45.15322494506836,130019400
2011-08-19,50.41999816894531,51.66999816894531,49.9900016784668,50.029998779296875,44.3379020690918,96674600
2011-08-22,51.22999954223633,51.2400016784668,50.060001373291016,50.209999084472656,44.497413635253906,77107700
2011-08-23,50.54999923706055,52.279998779296875,50.34000015258789,52.279998779296875,46.3319091796875,75688400
2011-08-24,52.130001068115234,52.790000915527344,51.709999084472656,52.689998626708984,46.69525146484375,80197700
2011-08-25,52.65999984741211,52.900001525878906,51.650001525878906,51.83000183105469,45.93310546875,93623700
2011-08-26,51.65999984741211,53.310001373291016,51.150001525878906,53.130001068115234,47.085201263427734,91573300
2011-08-29,53.65999984741211,54.66999816894531,53.63999938964844,54.61000061035156,48.396827697753906,45985800
2011-08-30,54.40999984741211,55.29999923706055,54.11000061035156,54.970001220703125,48.715858459472656,61617900
2011-08-31,55.29999923706055,55.7400016784668,54.599998474121094,55.060001373291016,48.795616149902344,60900400
2011-09-01,55.20000076293945,55.63999938964844,54.459999084472656,54.560001373291016,48.352500915527344,57158400
2011-09-02,53.58000183105469,54.61000061035156,52.9900016784668,53.279998779296875,47.21811294555664,58185700
2011-09-06,52.040000915527344,53.369998931884766,51.90999984741211,53.290000915527344,47.22698974609375,52992200
2011-09-07,54.04999923706055,54.650001525878906,53.900001525878906,54.63999938964844,48.423397064208984,48952200
2011-09-08,54.36000061035156,55.16999816894531,54.209999084472656,54.38999938964844,48.20182800292969,61422800
2011-09-09,54.0099983215332,54.2400016784668,52.849998474121094,53.18000030517578,47.12953186035156,63663500
2011-09-12,52.59000015258789,53.900001525878906,52.56999969482422,53.86000061035156,47.73213195800781,65973000
2011-09-13,54.060001373291016,54.689998626708984,53.79999923706055,54.58000183105469,48.37023162841797,59020000
2011-09-14,54.86000061035156,55.97999954223633,54.31999969482422,55.36000061035156,49.06148147583008,90757300
2011-09-15,55.959999084472656,56.279998779296875,55.38999938964844,56.18000030517578,49.78820037841797,83536100
2011-09-16,56.20000076293945,56.650001525878906,56.09000015258789,56.59000015258789,50.24455261230469,91902100
2011-09-19,55.88999938964844,56.90999984741211,55.43000030517578,56.61000061035156,50.26230239868164,73042900
2011-09-20,56.900001525878906,57.349998474121094,56.22999954223633,56.36000061035156,50.040340423583984,66570100
2011-09-21,56.650001525878906,56.93000030517578,55.369998931884766,55.380001068115234,49.170223236083984,79938000
2011-09-22,53.970001220703125,54.459999084472656,52.75,53.58000183105469,47.572078704833984,151885500
2011-09-23,53.130001068115234,54.380001068115234,53.09000015258789,54.150001525878906,48.078155517578125,85940600
2011-09-26,54.41999816894531,54.880001068115234,53.209999084472656,54.779998779296875,48.637516021728516,96261400
2011-09-27,55.709999084472656,56.20000076293945,54.97999954223633,55.349998474121094,49.143585205078125,81148600
2011-09-28,55.59000015258789,55.970001220703125,54.400001525878906,54.529998779296875,48.41554641723633,76757100
2011-09-29,55.36000061035156,55.43000030517578,52.970001220703125,53.880001068115234,47.83842468261719,116900200
2011-09-30,53.15999984741211,53.61000061035156,52.459999084472656,52.4900016784668,46.60429000854492,104870100
2011-10-03,52.02000045776367,52.849998474121094,51.11000061035156,51.13999938964844,45.40565490722656,99149500
2011-10-04,50.619998931884766,52.290000915527344,50.099998474121094,52.189998626708984,46.33792495727539,137013700
2011-10-05,52.060001373291016,53.68000030517578,51.65999984741211,53.529998779296875,47.52766799926758,108825700
2011-10-06,53.459999084472656,54.439998626708984,53.209999084472656,54.43000030517578,48.32675552368164,71939200
2011-10-07,54.400001525878906,54.65999984741211,53.720001220703125,54.06999969482422,48.00711441040039,72525200
2011-10-10,54.9900016784668,55.939998626708984,54.88999938964844,55.939998626708984,49.667442321777344,48230200
2011-10-11,55.790000915527344,56.459999084472656,55.70000076293945,56.31999969482422,50.00483703613281,66449100
2011-10-12,56.86000061035156,57.22999954223633,56.560001373291016,56.599998474121094,50.25343322753906,85627600
2011-10-13,56.4900016784668,57.189998626708984,56.43000030517578,57.119998931884766,50.71512222290039,63443700
2011-10-14,57.81999969482422,58.189998626708984,57.5099983215332,58.18000030517578,51.656280517578125,65643600
2011-10-17,57.90999984741211,58.09000015258789,56.970001220703125,57.279998779296875,50.85718536376953,65161300
2011-10-18,57.189998626708984,58.290000915527344,56.65999984741211,57.9900016784668,51.48757553100586,91434600
2011-10-19,57.66999816894531,57.849998474121094,56.68000030517578,56.869998931884766,50.493160247802734,67639400
2011-10-20,56.86000061035156,56.91999816894531,55.790000915527344,56.59000015258789,50.24455261230469,80378300
2011-10-21,57.189998626708984,57.65999984741211,56.779998779296875,57.29999923706055,50.87493896484375,60455800
2011-10-24,57.5099983215332,58.650001525878906,57.310001373291016,58.4900016784668,51.9315185546875,61449500
2011-10-25,58.29999923706055,58.31999969482422,57.220001220703125,57.34000015258789,50.91044616699219,65299200
2011-10-26,57.65999984741211,57.779998779296875,56.209999084472656,57.27000045776367,50.848304748535156,98193800
2011-10-27,58.63999938964844,59.20000076293945,58.029998779296875,58.849998474121094,52.25115203857422,104455500
2011-10-28,58.52000045776367,59.0099983215332,58.5,58.939998626708984,52.33103942871094,42950000
2011-10-31,58.43000030517578,58.63999938964844,57.90999984741211,57.95000076293945,51.45207214355469,60520200
2011-11-01,56.52000045776367,57.90999984741211,56.119998931884766,56.439998626708984,50.11137008666992,99933000
2011-11-02,57.029998779296875,57.15999984741211,56.380001068115234,56.91999816894531,50.537540435791016,65003800
2011-11-03,57.369998931884766,58.18000030517578,56.709999084472656,58.099998474121094,51.58523178100586,78994200
2011-11-04,57.81999969482422,58.04999923706055,57.220001220703125,57.79999923706055,51.318870544433594,61527800
2011-11-07,57.7599983215332,58.25,57.16999816894531,58.209999084472656,51.682899475097656,65559000
2011-11-08,58.630001068115234,58.97999954223633,57.970001220703125,58.880001068115234,52.27779006958008,62906900
2011-11-09,57.7400016784668,57.83000183105469,56.630001068115234,56.810001373291016,50.439884185791016,69539000
2011-11-10,57.369998931884766,57.41999816894531,56.22999954223633,56.779998779296875,50.413246154785156,66052400
2011-11-11,57.27000045776367,58.02000045776367,57.20000076293945,57.849998474121094,51.36327362060547,54471000
2011-11-14,57.689998626708984,58.0099983215332,57.279998779296875,57.4900016784668,51.04362869262695,44617600
2011-11-15,57.31999969482422,58.36000061035156,57.2599983215332,58.130001068115234,51.61186981201172,52203900
2011-11-16,57.709999084472656,58.15999984741211,57.060001373291016,57.16999816894531,50.759525299072266,68342800
2011-11-17,57.02000045776367,57.040000915527344,55.47999954223633,55.83000183105469,49.56978988647461,101706900
2011-11-18,55.84000015258789,55.900001525878906,55.29999923706055,55.400001525878906,49.187984466552734,60417000
2011-11-21,54.650001525878906,54.72999954223633,53.779998779296875,54.34000015258789,48.24685287475586,52283700
2011-11-22,54.20000076293945,54.68000030517578,53.869998931884766,54.52000045776367,48.406654357910156,51940100
2011-11-23,54.11000061035156,54.16999816894531,53.2599983215332,53.290000915527344,47.31458282470703,48437300
2011-11-25,53.060001373291016,53.66999816894531,52.869998931884766,52.880001068115234,46.9505615234375,25448100
2011-11-28,54.16999816894531,54.790000915527344,54.13999938964844,54.720001220703125,48.5842399597168,46710700
2011-11-29,54.689998626708984,55.099998474121094,54.220001220703125,54.380001068115234,48.28236389160156,52056700
2011-11-30,55.86000061035156,56.439998626708984,55.66999816894531,56.38999938964844,50.06697082519531,66918600
2011-12-01,56.380001068115234,56.93000030517578,56.349998474121094,56.779998779296875,50.413246154785156,45362200
2011-12-02,57.34000015258789,57.34000015258789,56.56999969482422,56.619998931884766,50.27118682861328,36938900
2011-12-05,57.470001220703125,57.619998931884766,56.91999816894531,57.2400016784668,50.8216667175293,40492200
2011-12-06,57.290000915527344,57.45000076293945,56.88999938964844,57.08000183105469,50.67960739135742,38670000
2011-12-07,56.91999816894531,57.34000015258789,56.349998474121094,57.08000183105469,50.67960739135742,44576200
2011-12-08,56.709999084472656,57.150001525878906,56.0099983215332,56.119998931884766,49.8272590637207,51692600
2011-12-09,56.2599983215332,57.189998626708984,56.2400016784668,57.02000045776367,50.62635040283203,55757900
2011-12-12,56.41999816894531,57.0099983215332,55.900001525878906,56.380001068115234,50.05809783935547,55411700
2011-12-13,56.75,56.97999954223633,55.529998779296875,55.7599983215332,49.50762176513672,68557700
2011-12-14,55.54999923706055,55.59000015258789,54.58000183105469,54.88999938964844,48.735172271728516,63682800
2011-12-15,55.36000061035156,55.41999816894531,54.65999984741211,54.7400016784668,48.602012634277344,58732900
2011-12-16,54.869998931884766,55.61000061035156,54.77000045776367,54.86000061035156,48.85222625732422,60978900
2011-12-19,55.06999969482422,55.20000076293945,54.16999816894531,54.31999969482422,48.37135696411133,46733900
2011-12-20,55.20000076293945,56.0,55.16999816894531,55.93000030517578,49.8050422668457,81758800
2011-12-21,55.599998474121094,55.63999938964844,54.4900016784668,55.130001068115234,49.092655181884766,78552300
2011-12-22,55.25,55.630001068115234,55.16999816894531,55.599998474121094,49.51117706298828,40334100
2011-12-23,55.709999084472656,56.08000183105469,55.58000183105469,56.08000183105469,49.938621520996094,26594600
2011-12-27,55.9900016784668,56.41999816894531,55.93000030517578,56.2400016784668,50.124900817871094,21443500
2011-12-28,56.16999816894531,56.2599983215332,55.439998626708984,55.59000015258789,49.54557800292969,38180100
2011-12-29,55.68000030517578,56.029998779296875,55.5,55.9900016784668,49.90208053588867,28077900
2011-12-30,55.869998931884766,56.119998931884766,55.81999969482422,55.83000183105469,49.759483337402344,21832400
2012-01-03,56.90999984741211,57.189998626708984,56.75,56.900001525878906,50.713134765625,39514100
2012-01-04,56.810001373291016,57.220001220703125,56.560001373291016,57.13999938964844,50.92701721191406,29403400
2012-01-05,57.02000045776367,57.65999984741211,56.79999923706055,57.61000061035156,51.34593200683594,41260600
2012-01-06,57.619998931884766,57.939998626708984,57.400001525878906,57.810001373291016,51.52418899536133,46325200
2012-01-09,57.959999084472656,57.97999954223633,57.43000030517578,57.619998931884766,51.354835510253906,39195500
2012-01-10,58.22999954223633,58.400001525878906,57.63999938964844,58.040000915527344,51.72917556762695,35949900
2012-01-11,58.029998779296875,58.290000915527344,57.810001373291016,58.15999984741211,51.836151123046875,37144100
2012-01-12,58.290000915527344,58.470001220703125,57.86000061035156,58.38999938964844,52.0411262512207,26188300
2012-01-13,58.08000183105469,58.20000076293945,57.68000030517578,58.18000030517578,51.85395431518555,35980400
2012-01-17,58.689998626708984,58.959999084472656,58.4900016784668,58.709999084472656,52.32632064819336,41790800
2012-01-18,58.81999969482422,59.4900016784668,58.68000030517578,59.4900016784668,53.021507263183594,48692700
2012-01-19,59.7599983215332,59.970001220703125,59.650001525878906,59.86000061035156,53.351287841796875,47774500
2012-01-20,59.599998474121094,59.79999923706055,59.560001373291016,59.77000045776367,53.27107238769531,41041700
2012-01-23,59.779998779296875,60.209999084472656,59.439998626708984,59.790000915527344,53.288902282714844,40958300
2012-01-24,59.52000045776367,59.84000015258789,59.40999984741211,59.68000030517578,53.190853118896484,38440200
2012-01-25,60.2599983215332,60.58000183105469,59.83000183105469,60.43000030517578,53.85931396484375,61591800
2012-01-26,60.689998626708984,60.79999923706055,59.93000030517578,60.220001220703125,53.67214584350586,37852700
2012-01-27,60.09000015258789,60.5099983215332,60.060001373291016,60.400001525878906,53.832584381103516,45532300
2012-01-30,59.88999938964844,60.540000915527344,59.65999984741211,60.45000076293945,53.87712860107422,42797800
2012-01-31,60.75,60.86000061035156,60.13999938964844,60.529998779296875,53.948421478271484,51449600
2012-02-01,60.880001068115234,61.2400016784668,60.65999984741211,61.02000045776367,54.38515853881836,46146700
2012-02-02,61.220001220703125,61.40999984741211,60.970001220703125,61.209999084472656,54.55449295043945,46373600
2012-02-03,61.779998779296875,62.119998931884766,61.68000030517578,62.04999923706055,55.303165435791016,36453800
2012-02-06,61.81999969482422,62.02000045776367,61.65999984741211,62.0,55.25859832763672,28541300
2012-02-07,61.95000076293945,62.25,61.66999816894531,62.130001068115234,55.37447738647461,37935700
2012-02-08,62.13999938964844,62.459999084472656,61.90999984741211,62.459999084472656,55.668582916259766,41171100
2012-02-09,62.70000076293945,62.97999954223633,62.31999969482422,62.90999984741211,56.069637298583984,46856400
2012-02-10,62.459999084472656,62.63999938964844,62.25,62.470001220703125,55.67749786376953,58090500
2012-02-13,62.939998626708984,63.130001068115234,62.650001525878906,63.04999923706055,56.194427490234375,36810200
2012-02-14,62.90999984741211,63.220001220703125,62.689998626708984,63.209999084472656,56.33702087402344,51648200
2012-02-15,63.5099983215332,63.86000061035156,62.66999816894531,62.77000045776367,55.944881439208984,105709100
2012-02-16,62.790000915527344,63.70000076293945,62.630001068115234,63.630001068115234,56.71136474609375,83642300
2012-02-17,63.63999938964844,63.689998626708984,63.150001525878906,63.43000030517578,56.53311538696289,76112300
2012-02-21,63.5,63.88999938964844,63.209999084472656,63.61000061035156,56.69353485107422,38141300
2012-02-22,63.4900016784668,63.68000030517578,63.22999954223633,63.31999969482422,56.43506622314453,43174700
2012-02-23,63.400001525878906,63.810001373291016,63.09000015258789,63.7400016784668,56.80940628051758,54250000
2012-02-24,63.91999816894531,64.06999969482422,63.79999923706055,63.959999084472656,57.00548553466797,41364900
2012-02-27,63.61000061035156,64.26000213623047,63.33000183105469,64.05000305175781,57.085689544677734,42678500
2012-02-28,64.11000061035156,64.69999694824219,64.02999877929688,64.69999694824219,57.66501235961914,43717500
2012-02-29,64.75,64.95999908447266,64.19999694824219,64.41000366210938,57.40655517578125,59784400
2012-03-01,64.6500015258789,64.9800033569336,64.45999908447266,64.91999816894531,57.861087799072266,67558900
2012-03-02,64.83000183105469,65.08000183105469,64.66000366210938,64.87000274658203,57.8165283203125,33358200
2012-03-05,64.83000183105469,64.91000366210938,63.9900016784668,64.19999694824219,57.21937561035156,45788800
2012-03-06,63.56999969482422,63.720001220703125,63.22999954223633,63.56999969482422,56.657901763916016,54638600
2012-03-07,63.869998931884766,64.20999908447266,63.77000045776367,64.05999755859375,57.09459686279297,42741800
2012-03-08,64.44000244140625,64.94000244140625,64.30000305175781,64.75,57.709590911865234,43711100
2012-03-09,64.86000061035156,65.13999938964844,64.81999969482422,65.0199966430664,57.950233459472656,43117200
2012-03-12,65.0,65.11000061035156,64.72000122070312,65.05000305175781,57.97697830200195,32687300
2012-03-13,65.4000015258789,66.26000213623047,65.2699966430664,66.26000213623047,59.05540466308594,61559100
2012-03-14,66.33000183105469,66.73999786376953,66.08000183105469,66.48999786376953,59.2603874206543,59926900
2012-03-15,66.69000244140625,66.81999969482422,66.3499984741211,66.68000030517578,59.42972946166992,65531200
2012-03-16,66.66999816894531,66.66999816894531,66.36000061035156,66.5199966430664,59.38775634765625,53023100
2012-03-19,66.62999725341797,67.1500015258789,66.44999694824219,66.98999786376953,59.807376861572266,60966200
2012-03-20,66.63999938964844,67.18000030517578,66.45999908447266,67.11000061035156,59.91453170776367,47290600
2012-03-21,67.12000274658203,67.48999786376953,67.02999877929688,67.12000274658203,59.92345428466797,39648100
2012-03-22,66.72000122070312,67.13999938964844,66.68000030517578,66.9800033569336,59.79845428466797,56953900
2012-03-23,67.05999755859375,67.08000183105469,66.55999755859375,66.94000244140625,59.76273727416992,45541700
2012-03-26,67.38999938964844,68.11000061035156,67.33000183105469,68.11000061035156,60.80727767944336,40855300
2012-03-27,68.16000366210938,68.48999786376953,68.12999725341797,68.20999908447266,60.89656066894531,37278200
2012-03-28,68.25,68.51000213623047,67.54000091552734,67.94000244140625,60.655513763427734,44421900
2012-03-29,67.5999984741211,67.93000030517578,67.19999694824219,67.68000030517578,60.42340087890625,53975300
2012-03-30,67.9800033569336,68.0199966430664,67.27999877929688,67.55000305175781,60.30732345581055,39480900
2012-04-02,67.4800033569336,68.33999633789062,67.36000061035156,68.25,60.932273864746094,40031600
2012-04-03,68.30999755859375,68.55000305175781,67.8499984741211,68.2300033569336,60.914432525634766,45539900
2012-04-04,67.72000122070312,67.76000213623047,66.91000366210938,67.30000305175781,60.084129333496094,54088100
2012-04-05,67.18000030517578,67.77999877929688,67.12999725341797,67.72000122070312,60.4591178894043,42979900
2012-04-09,66.87999725341797,67.4800033569336,66.76000213623047,67.20999908447266,60.0037841796875,36908200
2012-04-10,67.18000030517578,67.44000244140625,65.91999816894531,66.12999725341797,59.03958511352539,69254200
2012-04-11,66.70999908447266,66.88999938964844,66.27999877929688,66.44999694824219,59.32528305053711,62950000
2012-04-12,66.58000183105469,67.27999877929688,66.4800033569336,67.20999908447266,60.0037841796875,57407400
2012-04-13,66.9800033569336,67.19999694824219,66.16000366210938,66.19000244140625,59.093143463134766,55227500
2012-04-16,66.5199966430664,66.55999755859375,65.23999786376953,65.44999694824219,58.4324836730957,57588000
2012-04-17,65.7300033569336,66.98999786376953,65.62999725341797,66.77999877929688,59.61988067626953,47362400
2012-04-18,66.58999633789062,67.0,66.41000366210938,66.61000061035156,59.468109130859375,42536100
2012-04-19,66.37000274658203,67.16999816894531,65.62000274658203,65.86000061035156,58.79854202270508,81110900
2012-04-20,66.22000122070312,66.51000213623047,65.58000183105469,65.68000030517578,58.63782501220703,59906900
2012-04-23,65.05999755859375,65.18000030517578,64.48999786376953,65.08000183105469,58.1021728515625,70514400
2012-04-24,64.95999908447266,65.2300033569336,64.44999694824219,64.7300033569336,57.78969192504883,49661500
2012-04-25,66.06999969482422,66.48999786376953,65.97000122070312,66.44999694824219,59.32528305053711,57526900
2012-04-26,66.44000244140625,66.98999786376953,66.3499984741211,66.83999633789062,59.67346954345703,41799500
2012-04-27,67.12000274658203,67.44999694824219,66.7699966430664,67.23999786376953,60.03057861328125,46003800
2012-04-30,67.04000091552734,67.16999816894531,66.70999908447266,66.76000213623047,59.60201644897461,37787700
2012-05-01,66.69000244140625,67.62999725341797,66.58999633789062,66.87000274658203,59.70024108886719,37643800
2012-05-02,66.54000091552734,67.11000061035156,66.37999725341797,67.05999755859375,59.869869232177734,38299300
2012-05-03,67.0999984741211,67.1500015258789,66.18000030517578,66.3499984741211,59.236000061035156,51297600
2012-05-04,65.73999786376953,66.3499984741211,64.69000244140625,64.69999694824219,57.76290512084961,107554000
2012-05-07,64.30999755859375,65.06999969482422,64.29000091552734,64.76000213623047,57.81647491455078,50267800
2012-05-08,64.3499984741211,64.73999786376953,63.47999954223633,64.5199966430664,57.602210998535156,72659700
2012-05-09,63.77000045776367,64.68000030517578,63.5099983215332,64.31999969482422,57.42365264892578,85715300
2012-05-10,64.61000061035156,64.62999725341797,63.95000076293945,64.19000244140625,57.307586669921875,49448900
2012-05-11,63.970001220703125,64.86000061035156,63.90999984741211,64.18000030517578,57.29865646362305,47099900
2012-05-14,63.630001068115234,64.08000183105469,63.47999954223633,63.58000183105469,56.763004302978516,46360000
2012-05-15,63.75,64.2699966430664,63.2599983215332,63.369998931884766,56.57550048828125,66908600
2012-05-16,63.59000015258789,63.779998779296875,62.810001373291016,62.939998626708984,56.191612243652344,52825900
2012-05-17,62.959999084472656,63.060001373291016,61.599998474121094,61.61000061035156,55.00421905517578,62253900
2012-05-18,61.79999923706055,61.959999084472656,60.7599983215332,60.810001373291016,54.28999710083008,79496500
2012-05-21,60.93000030517578,62.56999969482422,60.849998474121094,62.5099983215332,55.80772018432617,61473000
2012-05-22,62.689998626708984,62.95000076293945,61.9900016784668,62.439998626708984,55.74522018432617,62954800
2012-05-23,61.90999984741211,62.709999084472656,61.369998931884766,62.560001373291016,55.852359771728516,56951100
2012-05-24,62.650001525878906,62.709999084472656,61.689998626708984,62.150001525878906,55.48631286621094,83131200
2012-05-25,62.209999084472656,62.31999969482422,61.88999938964844,62.06999969482422,55.41490173339844,32078900
2012-05-29,62.650001525878906,63.150001525878906,62.279998779296875,62.86000061035156,56.12018585205078,44216700
2012-05-30,62.290000915527344,62.54999923706055,61.68000030517578,62.33000183105469,55.64702606201172,56431800
2012-05-31,62.25,62.40999984741211,61.59000015258789,62.060001373291016,55.405975341796875,55260100
2012-06-01,60.939998626708984,61.31999969482422,60.38999938964844,60.40999984741211,53.93286895751953,71430800
2012-06-04,60.58000183105469,60.959999084472656,60.040000915527344,60.869998931884766,54.34355545043945,74119500
2012-06-05,60.65999984741211,61.2400016784668,60.630001068115234,61.119998931884766,54.56674575805664,47916900
2012-06-06,61.58000183105469,62.56999969482422,61.52000045776367,62.52000045776367,55.81663513183594,58781800
2012-06-07,63.18000030517578,63.18000030517578,62.220001220703125,62.27000045776367,55.593448638916016,38414800
2012-06-08,62.16999816894531,62.95000076293945,61.959999084472656,62.869998931884766,56.12913131713867,39730800
2012-06-11,63.349998474121094,63.380001068115234,61.77000045776367,61.810001373291016,55.18278121948242,51008900
2012-06-12,62.099998474121094,62.59000015258789,61.68000030517578,62.560001373291016,55.852359771728516,48802600
2012-06-13,62.380001068115234,62.849998474121094,61.91999816894531,62.130001068115234,55.468475341796875,50840100
2012-06-14,62.119998931884766,62.61000061035156,61.79999923706055,62.36000061035156,55.673789978027344,65170600
2012-06-15,62.38999938964844,63.08000183105469,62.36000061035156,62.9900016784668,56.36552047729492,41536100
2012-06-18,62.72999954223633,63.7400016784668,62.630001068115234,63.58000183105469,56.893463134765625,32191200
2012-06-19,63.900001525878906,64.51000213623047,63.849998474121094,64.23999786376953,57.48404312133789,36476500
2012-06-20,64.37999725341797,64.56999969482422,63.810001373291016,64.29000091552734,57.52877426147461,51389700
2012-06-21,64.23999786376953,64.30999755859375,62.619998931884766,62.689998626708984,56.0970573425293,42492700
2012-06-22,62.900001525878906,63.43000030517578,62.72999954223633,63.349998474121094,56.68764877319336,29504200
2012-06-25,62.83000183105469,62.849998474121094,61.95000076293945,62.130001068115234,55.59596252441406,33136400
2012-06-26,62.34000015258789,62.70000076293945,62.060001373291016,62.52000045776367,55.944923400878906,30611100
2012-06-27,62.7599983215332,63.18000030517578,62.689998626708984,62.900001525878906,56.28497314453125,35705800
2012-06-28,62.43000030517578,62.470001220703125,61.540000915527344,62.20000076293945,55.658599853515625,49793400
2012-06-29,63.400001525878906,64.16000366210938,63.209999084472656,64.16000366210938,57.41246795654297,44761300
2012-07-02,64.25,64.37999725341797,63.869998931884766,64.3499984741211,57.58246994018555,33425600
2012-07-03,64.38999938964844,64.88999938964844,64.29000091552734,64.88999938964844,58.06566619873047,15895100
2012-07-05,64.83000183105469,65.25,64.4800033569336,64.93000030517578,58.101470947265625,37016200
2012-07-06,64.62999725341797,64.69000244140625,63.650001525878906,64.12000274658203,57.37666320800781,40684100
2012-07-09,64.05000305175781,64.26000213623047,63.68000030517578,64.0,57.2692985534668,35628300
2012-07-10,64.3499984741211,64.51000213623047,63.119998931884766,63.369998931884766,56.70553207397461,47365700
2012-07-11,63.290000915527344,63.459999084472656,62.5,63.02000045776367,56.39234924316406,43432000
2012-07-12,62.52000045776367,62.689998626708984,61.86000061035156,62.43000030517578,55.86439895629883,57680400
2012-07-13,62.599998474121094,63.52000045776367,62.560001373291016,63.380001068115234,56.71449279785156,32357200
2012-07-16,63.2400016784668,63.52000045776367,62.95000076293945,63.20000076293945,56.553428649902344,27621400
2012-07-17,63.599998474121094,63.7400016784668,62.630001068115234,63.529998779296875,56.84870529174805,42467800
2012-07-18,63.40999984741211,64.58000183105469,63.38999938964844,64.38999938964844,57.61826705932617,44489700
2012-07-19,64.83999633789062,65.30999755859375,64.72000122070312,65.0999984741211,58.253597259521484,53017800
2012-07-20,65.08000183105469,65.0999984741211,64.20999908447266,64.23999786376953,57.48404312133789,40573100
2012-07-23,62.9900016784668,63.68000030517578,62.5099983215332,63.459999084472656,56.78607940673828,48657800
2012-07-24,63.56999969482422,63.65999984741211,62.54999923706055,62.959999084472656,56.33864974975586,57269700
2012-07-25,62.470001220703125,62.95000076293945,62.150001525878906,62.540000915527344,55.96282958984375,46264400
2012-07-26,63.439998626708984,63.72999954223633,62.970001220703125,63.369998931884766,56.70553207397461,41928200
2012-07-27,63.83000183105469,64.98999786376953,63.63999938964844,64.87000274658203,58.04779052734375,42621000
2012-07-30,65.02999877929688,65.30999755859375,64.5999984741211,64.81999969482422,58.003047943115234,37821300
2012-07-31,64.91999816894531,65.18000030517578,64.73999786376953,64.80000305175781,57.98516082763672,34588300
2012-08-01,65.26000213623047,65.27999877929688,64.3499984741211,64.61000061035156,57.815120697021484,30920200
2012-08-02,64.12000274658203,65.0199966430664,63.90999984741211,64.37999725341797,57.60933303833008,40534900
2012-08-03,65.41999816894531,65.87999725341797,65.19000244140625,65.5999984741211,58.70101547241211,42117400
2012-08-06,65.94000244140625,66.38999938964844,65.80000305175781,66.0999984741211,59.148433685302734,23523600
2012-08-07,66.37999725341797,66.91999816894531,66.27999877929688,66.6500015258789,59.64060974121094,28223300
2012-08-08,66.4800033569336,66.76000213623047,66.37000274658203,66.62000274658203,59.61374282836914,20723500
2012-08-09,66.61000061035156,66.91000366210938,66.48999786376953,66.81999969482422,59.792701721191406,20726200
2012-08-10,66.58000183105469,66.87999725341797,66.41000366210938,66.86000061035156,59.82852554321289,20312000
2012-08-13,66.83999633789062,67.02999877929688,66.5,67.0199966430664,59.971675872802734,19890300
2012-08-14,67.2699966430664,67.41000366210938,66.86000061035156,67.05000305175781,59.9985237121582,24218700
2012-08-15,67.0,67.31999969482422,66.98999786376953,67.22000122070312,60.1506462097168,29100400
2012-08-16,67.47000122070312,68.16999816894531,67.38999938964844,68.0199966430664,60.86650466918945,35699900
2012-08-17,68.16999816894531,68.33000183105469,68.01000213623047,68.31999969482422,61.13496398925781,22584800
2012-08-20,68.2699966430664,68.43000030517578,68.0,68.41999816894531,61.22443389892578,26924000
2012-08-21,68.5999984741211,68.87999725341797,67.87999725341797,68.1500015258789,60.982852935791016,41391000
2012-08-22,68.0,68.55999755859375,67.80999755859375,68.43000030517578,61.2334098815918,44555700
2012-08-23,68.12000274658203,68.33999633789062,67.69000244140625,67.87000274658203,60.73227310180664,28800400
2012-08-24,67.70999908447266,68.44999694824219,67.5999984741211,68.29000091552734,61.10810470581055,38384800
2012-08-27,68.58000183105469,68.66999816894531,68.25,68.4000015258789,61.20653533935547,20671400
2012-08-28,68.33999633789062,68.58999633789062,68.11000061035156,68.4000015258789,61.20653533935547,27337900
2012-08-29,68.4000015258789,68.56999969482422,68.11000061035156,68.4000015258789,61.20653533935547,26672400
2012-08-30,68.0999984741211,68.12999725341797,67.5999984741211,67.70999908447266,60.589107513427734,24425400
2012-08-31,68.19999694824219,68.44999694824219,67.47000122070312,68.16000366210938,60.99177932739258,42128000
2012-09-04,68.02999877929688,68.3499984741211,67.41999816894531,68.08999633789062,60.92915725708008,32017200
2012-09-05,68.05999755859375,68.3499984741211,67.83999633789062,68.0199966430664,60.86650466918945,26129300
2012-09-06,68.44000244140625,69.55000305175781,68.41999816894531,69.52999877929688,62.217735290527344,43100000
2012-09-07,69.37000274658203,69.55000305175781,69.2300033569336,69.43000030517578,62.12820816040039,32958600
2012-09-10,69.25,69.4000015258789,68.48999786376953,68.54000091552734,61.33182144165039,25490000
2012-09-11,68.55000305175781,68.81999969482422,68.31999969482422,68.43000030517578,61.2334098815918,29810100
2012-09-12,68.68000030517578,68.80999755859375,68.20999908447266,68.62999725341797,61.41238021850586,42203400
2012-09-13,68.69000244140625,69.86000061035156,68.62000274658203,69.55999755859375,62.24454116821289,45417800
2012-09-14,69.80999755859375,70.43000030517578,69.79000091552734,70.18000030517578,62.79933166503906,38880300
2012-09-17,70.22000122070312,70.23999786376953,69.95999908447266,70.20999908447266,62.82620620727539,31798400
2012-09-18,70.02999877929688,70.30000305175781,70.0199966430664,70.2699966430664,62.87989807128906,27169800
2012-09-19,70.26000213623047,70.58000183105469,70.05999755859375,70.4000015258789,62.996212005615234,36484600
2012-09-20,70.05999755859375,70.4000015258789,69.87000274658203,70.33000183105469,62.93359375,42520200
2012-09-21,70.4800033569336,70.54000091552734,70.08000183105469,70.1500015258789,62.95150375366211,23678500
2012-09-24,69.56999969482422,69.86000061035156,69.41999816894531,69.73999786376953,62.58359146118164,32341600
2012-09-25,69.91999816894531,70.08000183105469,68.7300033569336,68.76000213623047,61.704166412353516,41299600
2012-09-26,68.66999816894531,68.70999908447266,67.8499984741211,68.19999694824219,61.20163345336914,32770400
2012-09-27,68.37000274658203,69.30000305175781,68.25,69.13999938964844,62.045166015625,25339500
2012-09-28,68.91000366210938,69.12000274658203,68.51000213623047,68.56999969482422,61.53364181518555,30112600
2012-10-01,68.9000015258789,69.33000183105469,68.25,68.47000122070312,61.443912506103516,37715300
2012-10-02,68.7699966430664,68.9800033569336,68.12999725341797,68.66999816894531,61.62339782714844,33254300
2012-10-03,68.86000061035156,69.23999786376953,68.58999633789062,69.11000061035156,62.01826858520508,38236000
2012-10-04,69.22000122070312,69.54000091552734,69.0,69.3499984741211,62.23360061645508,26128600
2012-10-05,69.69999694824219,69.80000305175781,68.80000305175781,68.9800033569336,61.901588439941406,25207900
2012-10-08,68.58000183105469,68.72000122070312,68.19000244140625,68.3499984741211,61.336212158203125,30911500
2012-10-09,68.16999816894531,68.33999633789062,67.0999984741211,67.26000213623047,60.35810470581055,67974000
2012-10-10,67.23999786376953,67.43000030517578,66.80000305175781,66.91999816894531,60.052974700927734,45134300
2012-10-11,67.41999816894531,67.47000122070312,66.66999816894531,66.70999908447266,59.86452102661133,30469400
2012-10-12,66.69999694824219,67.05999755859375,66.55000305175781,66.68000030517578,59.83759307861328,24891200
2012-10-15,66.93000030517578,67.26000213623047,66.52999877929688,67.16999816894531,60.27732467651367,22220100
2012-10-16,67.2699966430664,68.19999694824219,67.25,68.12000274658203,61.129844665527344,33960600
2012-10-17,67.7699966430664,68.30000305175781,67.68000030517578,68.08000183105469,61.09394073486328,33439400
2012-10-18,67.86000061035156,68.08000183105469,67.04000091552734,67.29000091552734,60.385013580322266,61707600
2012-10-19,67.20999908447266,67.2699966430664,65.5999984741211,65.68000030517578,58.94021224975586,75362600
2012-10-22,65.6500015258789,66.19000244140625,65.5,66.0199966430664,59.24533462524414,38621500
2012-10-23,65.4800033569336,65.94999694824219,65.19000244140625,65.38999938964844,58.67998123168945,52591200
2012-10-24,65.76000213623047,65.87000274658203,65.05999755859375,65.16000366210938,58.47358322143555,39872400
2012-10-25,65.61000061035156,65.72000122070312,64.97000122070312,65.16000366210938,58.47358322143555,52688700
2012-10-26,65.16000366210938,65.62000274658203,64.6500015258789,65.3499984741211,58.64407730102539,54213100
2012-10-31,65.2699966430664,65.38999938964844,64.7300033569336,64.94999694824219,58.285133361816406,38524500
2012-11-01,65.36000061035156,66.0,65.16999816894531,65.87000274658203,59.11072540283203,26945000
2012-11-02,66.16999816894531,66.20999908447266,65.11000061035156,65.16999816894531,58.482547760009766,44083000
2012-11-05,65.18000030517578,65.7300033569336,65.04000091552734,65.5999984741211,58.8684196472168,28094700
2012-11-06,65.70999908447266,66.16999816894531,65.45999908447266,65.72000122070312,58.97610092163086,29608400
2012-11-07,65.0199966430664,65.0999984741211,63.900001525878906,64.16999816894531,57.58516311645508,70737800
2012-11-08,64.3499984741211,64.5,63.15999984741211,63.15999984741211,56.67879867553711,58585800
2012-11-09,63.20000076293945,64.11000061035156,63.15999984741211,63.43000030517578,56.92110824584961,51542100
2012-11-12,63.79999923706055,63.869998931884766,63.25,63.41999816894531,56.91212463378906,32663700
2012-11-13,62.93000030517578,63.58000183105469,62.779998779296875,62.97999954223633,56.51728439331055,43288300
2012-11-14,63.290000915527344,63.36000061035156,62.13999938964844,62.2400016784668,55.85322952270508,82655300
2012-11-15,62.279998779296875,62.4900016784668,61.79999923706055,62.029998779296875,55.66476058959961,55124200
2012-11-16,62.08000183105469,62.47999954223633,61.310001373291016,62.29999923706055,55.90705871582031,70873100
2012-11-19,62.97999954223633,63.83000183105469,62.959999084472656,63.779998779296875,57.23518753051758,55306400
2012-11-20,63.7599983215332,63.88999938964844,63.189998626708984,63.79999923706055,57.253135681152344,52012700
2012-11-21,63.869998931884766,64.0199966430664,63.599998474121094,63.93000030517578,57.36979293823242,19611700
2012-11-23,64.29000091552734,64.91999816894531,64.25,64.9000015258789,58.24026870727539,16462900
2012-11-26,64.73999786376953,65.22000122070312,64.54000091552734,65.18000030517578,58.49153137207031,26430900
2012-11-27,65.16999816894531,65.4000015258789,64.8499984741211,64.95999908447266,58.294090270996094,25828600
2012-11-28,64.6500015258789,65.56999969482422,64.25,65.5199966430664,58.796627044677734,37295800
2012-11-29,65.87000274658203,66.13999938964844,65.58000183105469,65.91000366210938,59.1466064453125,41136100
2012-11-30,65.91999816894531,65.97000122070312,65.61000061035156,65.80000305175781,59.04789733886719,33497400
2012-12-03,66.30999755859375,66.37000274658203,65.63999938964844,65.66999816894531,58.931243896484375,28240000
2012-12-04,65.69999694824219,65.7699966430664,65.19999694824219,65.62999725341797,58.89533996582031,49584500
2012-12-05,65.52999877929688,65.54000091552734,64.55000305175781,64.9000015258789,58.24026870727539,54076200
2012-12-06,64.69999694824219,65.4800033569336,64.52999877929688,65.31999969482422,58.61714553833008,47512300
2012-12-07,65.63999938964844,65.70999908447266,64.70999908447266,64.93000030517578,58.26716613769531,30089400
2012-12-10,64.75,65.45999908447266,64.75,65.12000274658203,58.43769454956055,33219600
2012-12-11,65.56999969482422,66.33999633789062,65.5199966430664,65.97000122070312,59.20045471191406,40750800
2012-12-12,66.31999969482422,66.31999969482422,65.6500015258789,65.83000183105469,59.0748176574707,45917700
2012-12-13,65.69999694824219,66.16000366210938,65.02999877929688,65.30999755859375,58.608184814453125,45467700
2012-12-14,64.87000274658203,65.08000183105469,64.47000122070312,64.69000244140625,58.05181121826172,39630300
2012-12-17,64.75,65.56999969482422,64.66000366210938,65.55000305175781,58.82356262207031,42302900
2012-12-18,65.87999725341797,66.6500015258789,65.69999694824219,66.55000305175781,59.7209358215332,55596000
2012-12-19,66.73999786376953,66.76000213623047,66.22000122070312,66.26000213623047,59.46070098876953,34832500
2012-12-20,66.37999725341797,66.41000366210938,65.93000030517578,66.26000213623047,59.46070098876953,40754300
2012-12-21,64.87999725341797,65.27999877929688,64.5999984741211,65.19999694824219,58.835357666015625,51152900
2012-12-24,65.02999877929688,65.13999938964844,64.91999816894531,65.06999969482422,58.71804428100586,11418300
2012-12-26,65.12000274658203,65.18000030517578,64.29000091552734,64.5,58.20368957519531,21751300
2012-12-27,64.55999755859375,64.63999938964844,63.599998474121094,64.4000015258789,58.11343002319336,52933200
2012-12-28,63.90999984741211,64.43000030517578,63.75,63.779998779296875,57.55396270751953,33082100
2012-12-31,63.709999084472656,65.25,63.58000183105469,65.12999725341797,58.772193908691406,57544000
2013-01-02,66.7300033569336,67.2300033569336,66.4800033569336,67.19999694824219,60.64012145996094,70695900
2013-01-03,67.19999694824219,67.33999633789062,66.6500015258789,66.8499984741211,60.32426834106445,47366500
2013-01-04,66.87999725341797,66.87999725341797,66.47000122070312,66.62999725341797,60.125755310058594,33972500
2013-01-07,66.45999908447266,66.76000213623047,66.25,66.6500015258789,60.14381790161133,26766200
2013-01-08,66.63999938964844,66.81999969482422,66.16999816894531,66.5199966430664,60.0264778137207,28734900
2013-01-09,66.62000274658203,66.94999694824219,66.55000305175781,66.7699966430664,60.25206756591797,25600300
2013-01-10,67.2300033569336,67.2699966430664,66.55000305175781,67.16999816894531,60.6130485534668,37528000
2013-01-11,67.13999938964844,67.29000091552734,67.0,67.26000213623047,60.694271087646484,21158600
2013-01-14,66.91999816894531,67.1500015258789,66.66999816894531,66.95999908447266,60.423545837402344,36768500
2013-01-15,66.62999725341797,66.7300033569336,66.33000183105469,66.62999725341797,60.125755310058594,31675300
2013-01-16,66.72000122070312,67.12999725341797,66.5999984741211,66.9000015258789,60.36937713623047,33822300
2013-01-17,67.16999816894531,67.4800033569336,67.05999755859375,67.22000122070312,60.65815734863281,32024200
2013-01-18,67.0199966430664,67.13999938964844,66.7699966430664,67.06999969482422,60.52281188964844,31992000
2013-01-22,67.13999938964844,67.2300033569336,66.7300033569336,67.18000030517578,60.62206268310547,32123100
2013-01-23,67.55999755859375,67.79000091552734,67.45999908447266,67.58999633789062,60.99205017089844,31975700
2013-01-24,66.66000366210938,67.27999877929688,66.55999755859375,66.66000366210938,60.1528205871582,42596300
2013-01-25,66.87000274658203,67.19000244140625,66.73999786376953,67.0,60.45963668823242,39240100
2013-01-28,67.01000213623047,67.37999725341797,66.93000030517578,67.1500015258789,60.59500503540039,32926100
2013-01-29,67.06999969482422,67.30999755859375,66.62999725341797,67.16000366210938,60.604007720947266,35554700
2013-01-30,67.27999877929688,67.4800033569336,66.87000274658203,67.0199966430664,60.47767639160156,34445000
2013-01-31,66.98999786376953,67.3499984741211,66.80999755859375,66.87000274658203,60.342323303222656,34870500
2013-02-01,67.33999633789062,67.77999877929688,67.06999969482422,67.66000366210938,61.05521011352539,53120800
2013-02-04,67.2699966430664,67.45999908447266,66.45999908447266,66.4800033569336,59.99039840698242,48483700
2013-02-05,66.7699966430664,67.66999816894531,66.61000061035156,67.45999908447266,60.87473678588867,35120300
2013-02-06,67.23999786376953,67.55000305175781,67.04000091552734,67.23999786376953,60.67621612548828,43593200
2013-02-07,67.31999969482422,67.37000274658203,66.55999755859375,67.30000305175781,60.730342864990234,46017900
2013-02-08,67.63999938964844,68.12999725341797,67.62999725341797,67.98999786376953,61.35299301147461,39837200
2013-02-11,68.02999877929688,68.05999755859375,67.77999877929688,68.01000213623047,61.37104034423828,17650400
2013-02-12,67.91999816894531,68.05000305175781,67.66000366210938,67.7300033569336,61.118385314941406,22057900
2013-02-13,67.93000030517578,68.2300033569336,67.7699966430664,67.97000122070312,61.334922790527344,23494700
2013-02-14,67.66000366210938,68.05000305175781,67.62000274658203,67.94999694824219,61.31687927246094,24478800
2013-02-15,67.94000244140625,68.11000061035156,67.55999755859375,67.75,61.136436462402344,25333600
2013-02-19,67.87999725341797,68.26000213623047,67.86000061035156,68.23999786376953,61.57857894897461,23436500
2013-02-20,68.22000122070312,68.25,67.18000030517578,67.19000244140625,60.63108825683594,38200300
2013-02-21,66.94000244140625,67.01000213623047,66.2300033569336,66.47000122070312,59.98137283325195,45855600
2013-02-22,66.8499984741211,67.1500015258789,66.58999633789062,67.13999938964844,60.58599853515625,21968000
2013-02-25,67.56999969482422,67.80999755859375,66.25,66.30999755859375,59.836978912353516,40927600
2013-02-26,66.4000015258789,66.68000030517578,65.95999908447266,66.55999755859375,60.062599182128906,42088800
2013-02-27,66.55999755859375,67.6500015258789,66.47000122070312,67.23999786376953,60.67621612548828,36339500
2013-02-28,67.25,67.73999786376953,67.08999633789062,67.0999984741211,60.54985809326172,28557300
2013-03-01,66.87000274658203,67.5,66.54000091552734,67.37999725341797,60.80253982543945,31617200
2013-03-04,67.16000366210938,67.69000244140625,67.06999969482422,67.68000030517578,61.07326126098633,19380500
2013-03-05,68.08000183105469,68.7699966430664,68.08000183105469,68.68000030517578,61.97563934326172,35581900
2013-03-06,68.88999938964844,68.91000366210938,68.41999816894531,68.51000213623047,61.82223129272461,29071100
2013-03-07,68.58999633789062,68.80000305175781,68.44999694824219,68.69000244140625,61.98464584350586,21775900
2013-03-08,68.91999816894531,69.0199966430664,68.5,68.7699966430664,62.056861877441406,26159900
2013-03-11,68.68000030517578,68.98999786376953,68.47000122070312,68.97000122070312,62.237335205078125,23187900
2013-03-12,68.7699966430664,68.93000030517578,68.38999938964844,68.72000122070312,62.01171112060547,27575400
2013-03-13,68.80999755859375,68.88999938964844,68.38999938964844,68.62999725341797,61.93053436279297,34297300
2013-03-14,68.87000274658203,69.01000213623047,68.70999908447266,68.86000061035156,62.13806915283203,31530800
2013-03-15,68.75,68.79000091552734,68.33999633789062,68.51000213623047,61.96529769897461,30752600
2013-03-18,67.87999725341797,68.63999938964844,67.7300033569336,68.36000061035156,61.82965087890625,36163000
2013-03-19,68.56999969482422,68.69999694824219,67.62000274658203,68.2300033569336,61.712074279785156,33125100
2013-03-20,68.70999908447266,68.86000061035156,68.38999938964844,68.70999908447266,62.146202087402344,28035400
2013-03-21,68.08000183105469,68.25,67.7699966430664,67.93000030517578,61.44073486328125,30050800
2013-03-22,68.20999908447266,68.63999938964844,68.12999725341797,68.58999633789062,62.03769302368164,28837200
2013-03-25,68.80999755859375,68.95999908447266,68.01000213623047,68.33999633789062,61.81153106689453,24909800
2013-03-26,68.5999984741211,68.7300033569336,68.44999694824219,68.70999908447266,62.146202087402344,19725200
2013-03-27,68.23999786376953,68.8499984741211,68.13999938964844,68.80000305175781,62.227603912353516,22539500
2013-03-28,68.80000305175781,69.05999755859375,68.63999938964844,68.97000122070312,62.38138198852539,23662800
2013-04-01,69.0199966430664,69.08999633789062,68.30999755859375,68.5,61.956268310546875,28112800
2013-04-02,68.83000183105469,69.2699966430664,68.7699966430664,69.04000091552734,62.4447021484375,29431900
2013-04-03,69.08000183105469,69.18000030517578,68.23999786376953,68.41000366210938,61.87487030029297,35131200
2013-04-04,68.37999725341797,68.5999984741211,68.05999755859375,68.43000030517578,61.892974853515625,32287400
2013-04-05,67.3499984741211,67.95999908447266,67.19000244140625,67.86000061035156,61.37742233276367,55610800
2013-04-08,67.88999938964844,68.23999786376953,67.69000244140625,68.22000122070312,61.7030143737793,17891600
2013-04-09,68.4000015258789,68.95999908447266,68.08999633789062,68.68000030517578,62.11906814575195,30931400
2013-04-10,68.91999816894531,70.16999816894531,68.87999725341797,70.0199966430664,63.331058502197266,55271300
2013-04-11,69.8499984741211,70.1500015258789,69.7699966430664,69.98999786376953,63.303924560546875,37233600
2013-04-12,69.81999969482422,69.98999786376953,69.41000366210938,69.94000244140625,63.25870895385742,32783700
2013-04-15,69.68000030517578,69.79000091552734,68.4800033569336,68.55999755859375,62.010528564453125,48795800
2013-04-16,68.94999694824219,69.55000305175781,68.80999755859375,69.47000122070312,62.83359146118164,27682600
2013-04-17,68.87000274658203,68.88999938964844,67.70999908447266,68.11000061035156,61.603511810302734,60204800
2013-04-18,68.29000091552734,68.33000183105469,66.87999725341797,67.16999816894531,60.753326416015625,56798200
2013-04-19,67.30000305175781,68.2300033569336,67.19999694824219,68.08999633789062,61.58544921875,43062800
2013-04-22,68.33000183105469,69.04000091552734,68.08000183105469,68.79000091552734,62.21855545043945,34412100
2013-04-23,69.18000030517578,69.69999694824219,68.81999969482422,69.44999694824219,62.81549835205078,53078300
2013-04-24,69.27999877929688,69.66999816894531,69.12000274658203,69.41999816894531,62.78838348388672,44500700
2013-04-25,69.5999984741211,70.05000305175781,69.58999633789062,69.79000091552734,63.12305450439453,26437100
2013-04-26,69.62000274658203,69.7699966430664,69.2699966430664,69.56999969482422,62.92405700683594,24079800
2013-04-29,69.79000091552734,70.4800033569336,69.76000213623047,70.20999908447266,63.502906799316406,31664000
2013-04-30,70.30000305175781,70.7300033569336,70.04000091552734,70.72000122070312,63.964195251464844,30135800
2013-05-01,70.73999786376953,70.8499984741211,70.25,70.38999938964844,63.665733337402344,28537200
2013-05-02,70.51000213623047,71.43000030517578,70.44999694824219,71.27999877929688,64.47071838378906,31744200
2013-05-03,71.97000122070312,72.33999633789062,71.91000366210938,72.12000274658203,65.23046112060547,34061700
2013-05-06,72.25,72.51000213623047,72.19000244140625,72.4000015258789,65.48369598388672,19244300
2013-05-07,72.5199966430664,72.56999969482422,72.08999633789062,72.36000061035156,65.4475326538086,25838100
2013-05-08,72.31999969482422,72.7699966430664,72.19999694824219,72.70999908447266,65.76409912109375,24252100
2013-05-09,72.56999969482422,73.0999984741211,72.47000122070312,72.61000061035156,65.67363739013672,29337200
2013-05-10,72.76000213623047,73.08000183105469,72.62999725341797,73.05000305175781,66.07162475585938,20663700
2013-05-13,72.93000030517578,73.31999969482422,72.86000061035156,73.13999938964844,66.15299224853516,29730100
2013-05-14,73.16000366210938,73.73999786376953,73.12999725341797,73.5199966430664,66.49671173095703,36009800
2013-05-15,73.37999725341797,73.73999786376953,73.19999694824219,73.66999816894531,66.63240814208984,27214400
2013-05-16,73.7300033569336,74.0999984741211,73.55000305175781,73.58999633789062,66.55999755859375,27253400
2013-05-17,73.97000122070312,74.33000183105469,73.7300033569336,74.30000305175781,67.20218658447266,31114500
2013-05-20,74.16000366210938,74.43000030517578,73.88999938964844,74.19000244140625,67.10269165039062,25132400
2013-05-21,74.1500015258789,74.54000091552734,73.88999938964844,74.2699966430664,67.1750717163086,25900000
2013-05-22,74.36000061035156,74.94999694824219,73.23999786376953,73.62000274658203,66.587158203125,59843200
2013-05-23,72.97000122070312,73.69999694824219,72.83000183105469,73.44999694824219,66.43338775634766,48222100
2013-05-24,72.95999908447266,73.43000030517578,72.76000213623047,73.41000366210938,66.39723205566406,26430300
2013-05-28,74.2699966430664,74.54000091552734,73.66000366210938,73.88999938964844,66.83136749267578,27057100
2013-05-29,73.5999984741211,73.80000305175781,73.12000274658203,73.54000091552734,66.51480865478516,32090300
2013-05-30,73.56999969482422,74.27999877929688,73.55000305175781,73.93000030517578,66.86754608154297,32390500
2013-05-31,73.6500015258789,74.20999908447266,73.16999816894531,73.25,66.25251007080078,38347600
2013-06-03,73.26000213623047,73.4000015258789,72.43000030517578,73.37999725341797,66.37006378173828,47613100
2013-06-04,73.52999877929688,73.81999969482422,72.69999694824219,73.0,66.0263900756836,35251900
2013-06-05,72.76000213623047,73.04000091552734,71.98999786376953,72.05000305175781,65.16714477539062,48654200
2013-06-06,72.1500015258789,72.41000366210938,71.47000122070312,72.4000015258789,65.48369598388672,62524100
2013-06-07,72.69999694824219,73.47000122070312,72.5199966430664,73.38999938964844,66.37916564941406,31969800
2013-06-10,73.52999877929688,73.76000213623047,73.26000213623047,73.41999816894531,66.40625,25390000
2013-06-11,72.69000244140625,73.33999633789062,72.44000244140625,72.69000244140625,65.74598693847656,40278900
2013-06-12,73.11000061035156,73.13999938964844,71.73999786376953,71.8499984741211,64.98622131347656,42081900
2013-06-13,71.75,72.91999816894531,71.55000305175781,72.76000213623047,65.80933380126953,28221500
2013-06-14,72.76000213623047,72.83999633789062,72.16999816894531,72.27999877929688,65.37515258789062,27690700
2013-06-17,72.8499984741211,73.4000015258789,72.5999984741211,72.9800033569336,66.00830841064453,32441900
2013-06-18,73.08000183105469,73.72000122070312,73.05999755859375,73.58000183105469,66.55098724365234,24853100
2013-06-19,73.5999984741211,73.68000030517578,72.68000030517578,72.76000213623047,65.80933380126953,43145100
2013-06-20,71.91999816894531,72.16000366210938,70.79000091552734,71.02999877929688,64.24455261230469,60908400
2013-06-21,70.77999877929688,70.97000122070312,69.83999633789062,70.43000030517578,63.90341567993164,51558900
2013-06-24,69.8499984741211,70.2699966430664,69.1500015258789,69.7300033569336,63.268314361572266,41492300
2013-06-25,70.4000015258789,70.5199966430664,69.80999755859375,70.23999786376953,63.731040954589844,28897400
2013-06-26,70.83999633789062,71.0,70.58999633789062,70.87000274658203,64.30265808105469,23742300
2013-06-27,71.23999786376953,71.62000274658203,71.12999725341797,71.16999816894531,64.57482147216797,23545000
2013-06-28,70.94999694824219,71.69000244140625,70.79000091552734,71.2699966430664,64.66558837890625,28301100
2013-07-01,71.75,72.30000305175781,71.63999938964844,71.70999908447266,65.06482696533203,24942800
2013-07-02,71.68000030517578,72.18000030517578,71.3499984741211,71.73999786376953,65.09204864501953,23067900
2013-07-03,71.4800033569336,72.37000274658203,71.41999816894531,72.02999877929688,65.35515594482422,18847500
2013-07-05,72.44000244140625,72.61000061035156,71.86000061035156,72.58000183105469,65.85419464111328,28795900
2013-07-08,72.95999908447266,72.98999786376953,72.37999725341797,72.6500015258789,65.9177017211914,20558500
2013-07-09,72.98999786376953,73.25,72.6500015258789,73.08999633789062,66.31694030761719,26108600
2013-07-10,73.0199966430664,73.62000274658203,72.9800033569336,73.51000213623047,66.69800567626953,25598900
2013-07-11,74.30000305175781,75.02999877929688,74.25,74.97000122070312,68.02272033691406,47768900
2013-07-12,75.0199966430664,75.3499984741211,74.81999969482422,75.30000305175781,68.32213592529297,31412600
2013-07-15,75.37999725341797,75.5199966430664,75.16999816894531,75.47000122070312,68.47637176513672,19783600
2013-07-16,75.52999877929688,75.58999633789062,75.18000030517578,75.37000274658203,68.38563537597656,31747100
2013-07-17,75.5999984741211,75.73999786376953,75.3499984741211,75.55999755859375,68.55803680419922,24631500
2013-07-18,75.55000305175781,75.73999786376953,75.25,75.37000274658203,68.38563537597656,36278800
2013-07-19,74.72000122070312,74.73999786376953,74.37000274658203,74.58999633789062,67.67788696289062,37732400
2013-07-22,74.87000274658203,74.9800033569336,74.58000183105469,74.80999755859375,67.87754821777344,21135900
2013-07-23,74.94999694824219,74.95999908447266,74.19999694824219,74.26000213623047,67.3785400390625,24739500
2013-07-24,74.98999786376953,75.0199966430664,74.33000183105469,74.5,67.5962905883789,24426900
2013-07-25,74.8499984741211,75.05999755859375,74.45999908447266,74.97000122070312,68.02272033691406,23162200
2013-07-26,74.66999816894531,75.37999725341797,74.55000305175781,75.37000274658203,68.38563537597656,20885600
2013-07-29,75.22000122070312,75.54000091552734,75.02999877929688,75.2300033569336,68.25862121582031,20958400
2013-07-30,75.5,75.94999694824219,75.3499984741211,75.62999725341797,68.62154388427734,24104600
2013-07-31,75.77999877929688,76.20999908447266,75.62999725341797,75.7699966430664,68.74856567382812,25007600
2013-08-01,76.29000091552734,76.6500015258789,76.20999908447266,76.54000091552734,69.44722747802734,16880000
2013-08-02,76.55000305175781,76.98999786376953,76.37999725341797,76.97000122070312,69.83739471435547,18105300
2013-08-05,76.93000030517578,77.08000183105469,76.77999877929688,77.0199966430664,69.88276672363281,15462800
2013-08-06,76.91999816894531,76.98999786376953,76.25,76.55999755859375,69.46536254882812,23675400
2013-08-07,76.33999633789062,76.56999969482422,75.87000274658203,76.41999816894531,69.33833312988281,20281200
2013-08-08,76.83999633789062,76.9800033569336,76.30000305175781,76.80000305175781,69.68313598632812,19994000
2013-08-09,76.66999816894531,76.94000244140625,76.2699966430664,76.48999786376953,69.40184020996094,18558500
2013-08-12,76.19999694824219,76.80999755859375,76.19000244140625,76.66999816894531,69.5651626586914,20515900
2013-08-13,76.7699966430664,77.2699966430664,76.22000122070312,77.0999984741211,69.95531463623047,23917000
2013-08-14,77.06999969482422,77.18000030517578,76.69999694824219,76.80999755859375,69.69220733642578,29921000
2013-08-15,75.94999694824219,75.98999786376953,75.29000091552734,75.51000213623047,68.51265716552734,39406600
2013-08-16,75.5199966430664,75.87000274658203,75.3499984741211,75.4800033569336,68.48545837402344,23825000
2013-08-19,75.48999786376953,76.12999725341797,75.33000183105469,75.3499984741211,68.36751556396484,29586900
2013-08-20,75.48999786376953,76.02999877929688,75.43000030517578,75.68000030517578,68.66690826416016,18842800
2013-08-21,75.44000244140625,76.08999633789062,75.13999938964844,75.41999816894531,68.4310302734375,30705100
2013-08-22,75.75,76.20999908447266,75.70999908447266,76.16000366210938,69.10243225097656,17269500
2013-08-23,76.69999694824219,76.7699966430664,76.4000015258789,76.66999816894531,69.5651626586914,20697300
2013-08-26,76.7300033569336,77.27999877929688,76.55000305175781,76.70999908447266,69.60148620605469,27525500
2013-08-27,75.80000305175781,76.18000030517578,74.95999908447266,75.13999938964844,68.17694854736328,40068900
2013-08-28,75.05000305175781,75.75,75.05000305175781,75.43000030517578,68.44010162353516,20490400
2013-08-29,75.41000366210938,76.33999633789062,75.30000305175781,75.95999908447266,68.92095947265625,27287900
2013-08-30,76.04000091552734,76.04000091552734,75.19999694824219,75.47000122070312,68.47637176513672,26228500
2013-09-03,76.08999633789062,76.44000244140625,75.54000091552734,75.9000015258789,68.86653137207031,27241500
2013-09-04,76.16000366210938,76.83999633789062,75.93000030517578,76.70999908447266,69.60148620605469,27142900
2013-09-05,76.76000213623047,77.05999755859375,76.7300033569336,76.83999633789062,69.71943664550781,17809700
2013-09-06,77.0999984741211,77.33999633789062,76.05000305175781,76.93000030517578,69.80107116699219,27715100
2013-09-09,77.26000213623047,77.95999908447266,77.2300033569336,77.83000183105469,70.61769104003906,25161900
2013-09-10,78.27999877929688,78.31999969482422,77.91999816894531,78.20999908447266,70.96246337890625,27619400
2013-09-11,77.69000244140625,78.11000061035156,77.58999633789062,78.05999755859375,70.82638549804688,28132900
2013-09-12,78.08000183105469,78.25,77.8499984741211,78.01000213623047,70.781005859375,18332700
2013-09-13,78.08999633789062,78.13999938964844,77.63999938964844,78.05999755859375,70.82638549804688,16932500
2013-09-16,78.72000122070312,78.72000122070312,77.66999816894531,77.8499984741211,70.6358413696289,25704300
2013-09-17,78.0199966430664,78.47000122070312,77.9800033569336,78.37000274658203,71.10765838623047,27174300
2013-09-18,78.48999786376953,79.47000122070312,78.33000183105469,79.30999755859375,71.96053314208984,31714700
2013-09-19,79.55999755859375,79.69000244140625,79.36000061035156,79.5,72.13294219970703,26435700
2013-09-20,79.44999694824219,79.54000091552734,78.94999694824219,78.98999786376953,71.88540649414062,26328900
2013-09-23,79.31999969482422,79.41000366210938,78.45999908447266,78.83000183105469,71.73978424072266,30319400
2013-09-24,79.0,79.25,78.56999969482422,78.83000183105469,71.73978424072266,21871300
2013-09-25,78.88999938964844,79.0,78.4000015258789,78.55999755859375,71.49404907226562,22746400
2013-09-26,78.87999725341797,79.36000061035156,78.8499984741211,79.16999816894531,72.04920959472656,22421700
2013-09-27,78.70999908447266,79.20999908447266,78.58999633789062,79.06999969482422,71.95820617675781,25151600
2013-09-30,78.25,79.08999633789062,78.0,78.87999725341797,71.78526306152344,28031900
2013-10-01,78.88999938964844,79.72000122070312,78.8499984741211,79.68000030517578,72.51331329345703,33129700
2013-10-02,79.13999938964844,79.76000213623047,79.05999755859375,79.6500015258789,72.48603057861328,25503800
2013-10-03,79.55000305175781,79.72000122070312,78.30000305175781,78.72000122070312,71.63968658447266,42998200
2013-10-04,78.72000122070312,79.51000213623047,78.6500015258789,79.4000015258789,72.25851440429688,22852700
2013-10-07,78.69999694824219,79.3499984741211,78.66999816894531,78.73999786376953,71.65788269042969,20227100
2013-10-08,78.73999786376953,78.80999755859375,77.19000244140625,77.22000122070312,70.27458953857422,43660700
2013-10-09,77.4000015258789,77.44000244140625,76.3499984741211,76.9800033569336,70.0561752319336,64526700
2013-10-10,77.80999755859375,78.79000091552734,77.79000091552734,78.61000061035156,71.53958129882812,48062700
2013-10-11,78.41000366210938,79.29000091552734,78.4000015258789,79.2300033569336,72.10382080078125,25214100
2013-10-14,78.73999786376953,79.79000091552734,78.68000030517578,79.79000091552734,72.61343383789062,31471900
2013-10-15,79.7300033569336,80.11000061035156,79.37999725341797,79.4800033569336,72.33133697509766,38684000
2013-10-16,79.8499984741211,80.41999816894531,79.79000091552734,80.37999725341797,73.1503677368164,46735900
2013-10-17,80.0199966430664,80.87000274658203,79.94999694824219,80.83999633789062,73.56898498535156,32193500
2013-10-18,81.58000183105469,82.18000030517578,81.3499984741211,82.1500015258789,74.76116180419922,39628200
2013-10-21,82.33999633789062,82.54000091552734,82.06999969482422,82.33000183105469,74.92500305175781,31176900
2013-10-22,82.6500015258789,82.9000015258789,81.93000030517578,82.44999694824219,75.03416442871094,43944800
2013-10-23,82.05000305175781,82.19999694824219,81.55000305175781,81.94999694824219,74.57915496826172,38021300
2013-10-24,82.0,82.4800033569336,81.87999725341797,82.30999755859375,74.90678405761719,23155100
2013-10-25,83.08000183105469,83.27999877929688,82.5,82.9000015258789,75.44371032714844,35824500
2013-10-28,82.91000366210938,83.05000305175781,82.55000305175781,82.91999816894531,75.46190643310547,28618400
2013-10-29,83.19999694824219,83.26000213623047,82.69999694824219,83.05999755859375,75.5893325805664,36878100
2013-10-30,83.3499984741211,83.48999786376953,82.58000183105469,82.9800033569336,75.51654052734375,33535500
2013-10-31,82.7699966430664,83.30000305175781,82.4800033569336,82.79000091552734,75.34361267089844,31309900
2013-11-01,83.06999969482422,83.16999816894531,82.4000015258789,82.80999755859375,75.36180877685547,30867800
2013-11-04,83.05999755859375,83.06999969482422,82.63999938964844,82.93000030517578,75.47103118896484,16834000
2013-11-05,82.61000061035156,83.22000122070312,82.37000274658203,83.0199966430664,75.55293273925781,27975600
2013-11-06,83.37000274658203,83.4000015258789,82.7300033569336,83.0,75.53472900390625,25576800
2013-11-07,83.01000213623047,83.12999725341797,81.37000274658203,81.44000244140625,74.11503601074219,52173200
2013-11-08,81.73999786376953,82.55999755859375,81.51000213623047,82.54000091552734,75.1161117553711,31470500
2013-11-11,82.41999816894531,82.63999938964844,82.13999938964844,82.41000366210938,74.99779510498047,24822900
2013-11-12,82.16000366210938,82.66000366210938,82.12000274658203,82.54000091552734,75.1161117553711,20108500
2013-11-13,82.0,83.55000305175781,82.0,83.54000091552734,76.02613830566406,31345900
2013-11-14,83.31999969482422,83.86000061035156,83.13999938964844,83.80000305175781,76.26276397705078,31101200
2013-11-15,83.81999969482422,83.95999908447266,83.61000061035156,83.95999908447266,76.4083480834961,20511300
2013-11-18,83.94000244140625,84.11000061035156,82.9800033569336,83.13999938964844,75.66211700439453,31679600
2013-11-19,83.08999633789062,83.48999786376953,82.76000213623047,82.9000015258789,75.44371032714844,25545300
2013-11-20,83.12000274658203,83.43000030517578,82.45999908447266,82.69999694824219,75.26171875,32177400
2013-11-21,83.05000305175781,83.61000061035156,82.9800033569336,83.54000091552734,76.02613830566406,28125000
2013-11-22,83.68000030517578,84.0199966430664,83.62000274658203,83.98999786376953,76.4356918334961,25361300
2013-11-25,84.29000091552734,84.37999725341797,83.9800033569336,84.19000244140625,76.61768341064453,21695100
2013-11-26,84.20999908447266,84.83999633789062,84.02999877929688,84.62999725341797,77.01814270019531,26621000
2013-11-27,84.80000305175781,85.23999786376953,84.7300033569336,85.22000122070312,77.5550765991211,21638100
2013-11-29,85.55999755859375,85.83999633789062,85.47000122070312,85.7300033569336,78.0191421508789,16708900
2013-12-02,85.83000183105469,85.95999908447266,85.3499984741211,85.4800033569336,77.79170227050781,26354600
2013-12-03,85.41999816894531,85.63999938964844,85.08000183105469,85.41000366210938,77.72797393798828,37147000
2013-12-04,85.05000305175781,85.7699966430664,84.77999877929688,85.48999786376953,77.80073547363281,37193200
2013-12-05,85.55999755859375,85.66000366210938,85.16999816894531,85.37999725341797,77.70064544677734,39829300
2013-12-06,86.0999984741211,86.18000030517578,85.58999633789062,86.0,78.26488494873047,36842900
2013-12-09,86.3499984741211,86.52999877929688,86.19999694824219,86.3499984741211,78.58341979980469,22590000
2013-12-10,86.20999908447266,86.44999694824219,86.12000274658203,86.29000091552734,78.52881622314453,26965900
2013-12-11,86.27999877929688,86.4000015258789,85.05999755859375,85.18000030517578,77.51864624023438,36830600
2013-12-12,85.20999908447266,85.41999816894531,84.9000015258789,84.95999908447266,77.31845092773438,33662600
2013-12-13,85.36000061035156,85.4000015258789,84.70999908447266,84.8499984741211,77.21833801269531,34072000
2013-12-16,85.2699966430664,85.80999755859375,85.20999908447266,85.31999969482422,77.64604187011719,24902500
2013-12-17,85.31999969482422,85.52999877929688,84.98999786376953,85.1500015258789,77.49136352539062,24454900
2013-12-18,85.25,86.22000122070312,84.05000305175781,86.13999938964844,78.39231872558594,68387200
2013-12-19,86.0,86.01000213623047,85.5199966430664,85.9000015258789,78.17388153076172,44964100
2013-12-20,85.79000091552734,86.68000030517578,85.7300033569336,86.5,78.969970703125,40475400
2013-12-23,87.20999908447266,87.41000366210938,86.94999694824219,87.41000366210938,79.80077362060547,28181800
2013-12-24,87.43000030517578,87.51000213623047,87.2699966430664,87.44999694824219,79.8372802734375,13852500
2013-12-26,87.61000061035156,87.80999755859375,87.44000244140625,87.73999786376953,80.10203552246094,15241100
2013-12-27,87.8499984741211,87.9000015258789,87.41000366210938,87.5199966430664,79.90119171142578,15827400
2013-12-30,87.38999938964844,87.51000213623047,87.13999938964844,87.38999938964844,79.78251647949219,18983700
2013-12-31,87.55000305175781,87.95999908447266,87.5199966430664,87.95999908447266,80.30289459228516,24890500
2014-01-02,87.55000305175781,87.58000183105469,87.0199966430664,87.2699966430664,79.6729507446289,29177500
2014-01-03,87.2699966430664,87.3499984741211,86.62000274658203,86.63999938964844,79.09781646728516,35723700
2014-01-06,86.66000366210938,86.76000213623047,86.0,86.31999969482422,78.80563354492188,32073100
2014-01-07,86.72000122070312,87.25,86.55999755859375,87.12000274658203,79.53600311279297,25860600
2014-01-08,87.13999938964844,87.55000305175781,86.94999694824219,87.30999755859375,79.70946502685547,27197400
2014-01-09,87.62999725341797,87.63999938964844,86.72000122070312,87.0199966430664,79.44468688964844,23674700
2014-01-10,87.2300033569336,87.4000015258789,86.58000183105469,87.30000305175781,79.70034790039062,38008900
2014-01-13,87.18000030517578,87.4800033569336,85.68000030517578,86.01000213623047,78.52264404296875,48842300
2014-01-14,86.30000305175781,87.72000122070312,86.30000305175781,87.6500015258789,80.01988983154297,37178900
2014-01-15,88.02999877929688,88.54000091552734,87.94000244140625,88.37000274658203,80.67720794677734,39835600
2014-01-16,88.30000305175781,88.51000213623047,88.16000366210938,88.37999725341797,80.68631744384766,31630100
2014-01-17,88.11000061035156,88.37000274658203,87.66999816894531,87.87999725341797,80.22982025146484,36895800
2014-01-21,88.44000244140625,88.58999633789062,87.80999755859375,88.55000305175781,80.84152221679688,26412700
2014-01-22,88.77999877929688,89.0,88.5199966430664,88.77999877929688,81.05150604248047,29376900
2014-01-23,88.51000213623047,88.5199966430664,87.86000061035156,88.4800033569336,80.7776107788086,35011900
2014-01-24,88.05000305175781,88.18000030517578,86.70999908447266,86.73999786376953,79.18907165527344,63974600
2014-01-27,86.73999786376953,86.88999938964844,85.25,85.9000015258789,78.42219543457031,63519300
2014-01-28,85.5,85.94000244140625,85.30999755859375,85.8499984741211,78.37654876708984,44378800
2014-01-29,85.11000061035156,85.73999786376953,84.76000213623047,84.93000030517578,77.5366439819336,51939300
2014-01-30,85.97000122070312,86.80000305175781,85.87999725341797,86.5,78.969970703125,65833600
2014-01-31,85.54000091552734,86.68000030517578,85.44999694824219,86.2699966430664,78.75996398925781,45187000
2014-02-03,86.11000061035156,86.5,84.06999969482422,84.29000091552734,76.95235443115234,65596900
2014-02-04,84.72000122070312,85.25,84.45999908447266,84.91000366210938,77.51842498779297,37675500
2014-02-05,84.62999725341797,84.98999786376953,83.73999786376953,84.69000244140625,77.3175277709961,41721800
2014-02-06,84.94000244140625,85.87999725341797,84.91999816894531,85.7699966430664,78.30351257324219,32308600
2014-02-07,86.25,87.36000061035156,86.0,87.30000305175781,79.70034790039062,38359400
2014-02-10,87.2699966430664,87.83999633789062,87.20999908447266,87.80000305175781,80.15679931640625,30205400
2014-02-11,87.98999786376953,88.97000122070312,87.88999938964844,88.80000305175781,81.06977844238281,38635500
2014-02-12,88.9800033569336,89.16999816894531,88.69999694824219,88.97000122070312,81.22496032714844,32507200
2014-02-13,88.31999969482422,89.69999694824219,88.30000305175781,89.62999725341797,81.8274917602539,40454500
2014-02-14,89.5999984741211,90.01000213623047,89.33000183105469,89.80999755859375,81.9918441772461,33212400
2014-02-18,89.95999908447266,90.41999816894531,89.73999786376953,90.25,82.39351654052734,29546600
2014-02-19,90.08000183105469,90.29000091552734,89.44999694824219,89.62999725341797,81.8274917602539,41749900
2014-02-20,89.69000244140625,90.22000122070312,89.30999755859375,90.05000305175781,82.21096801757812,41814800
2014-02-21,90.33999633789062,90.47000122070312,89.81999969482422,89.93000030517578,82.10136413574219,31192200
2014-02-24,90.13999938964844,90.81999969482422,90.04000091552734,90.41000366210938,82.53958129882812,31500400
2014-02-25,90.54000091552734,90.72000122070312,90.0199966430664,90.30999755859375,82.44831085205078,26771700
2014-02-26,90.55000305175781,90.83999633789062,89.87000274658203,90.2300033569336,82.37528228759766,42953700
2014-02-27,89.87000274658203,90.52999877929688,89.7300033569336,90.44000244140625,82.90973663330078,28742400
2014-02-28,90.41999816894531,90.95999908447266,89.54000091552734,90.33999633789062,82.81805419921875,48609800
2014-03-03,89.48999786376953,89.91000366210938,88.87000274658203,89.66999816894531,82.20384979248047,38885700
2014-03-04,90.6500015258789,90.9800033569336,90.55999755859375,90.80999755859375,83.24891662597656,33189000
2014-03-05,90.95999908447266,91.22000122070312,90.7699966430664,91.05999755859375,83.47811889648438,27203300
2014-03-06,91.2699966430664,91.33999633789062,90.6500015258789,90.9800033569336,83.40476989746094,24063900
2014-03-07,91.2699966430664,91.36000061035156,90.06999969482422,90.52999877929688,82.99223327636719,31167800
2014-03-10,90.4800033569336,90.66000366210938,90.02999877929688,90.61000061035156,83.06556701660156,18131700
2014-03-11,90.83000183105469,91.05999755859375,89.94999694824219,90.22000122070312,82.70803833007812,27484300
2014-03-12,89.80999755859375,90.61000061035156,89.4800033569336,90.55999755859375,83.01973724365234,27977200
2014-03-13,90.9000015258789,90.93000030517578,88.87000274658203,89.27999877929688,81.84630584716797,48542000
2014-03-14,88.98999786376953,89.37999725341797,88.62999725341797,88.66999816894531,81.28712463378906,38732300
2014-03-17,89.23999786376953,89.91000366210938,89.19000244140625,89.44999694824219,82.0021743774414,28467200
2014-03-18,89.55999755859375,90.63999938964844,89.52999877929688,90.52999877929688,82.99223327636719,31250200
2014-03-19,90.55999755859375,90.66000366210938,89.44999694824219,90.04000091552734,82.54301452636719,40869400
2014-03-20,89.76000213623047,90.55999755859375,89.58000183105469,90.29000091552734,82.77222442626953,31634500
2014-03-21,90.5999984741211,90.6500015258789,88.83000183105469,89.0,81.77623748779297,62754000
2014-03-24,89.31999969482422,89.38999938964844,87.41000366210938,88.22000122070312,81.05953216552734,77735300
2014-03-25,88.68000030517578,89.25,87.7699966430664,88.51000213623047,81.32599639892578,41723300
2014-03-26,88.94999694824219,89.1500015258789,87.36000061035156,87.37000274658203,80.27851104736328,40930400
2014-03-27,87.25,87.63999938964844,86.4000015258789,86.87999725341797,79.82827758789062,64784500
2014-03-28,87.16000366210938,88.01000213623047,86.80999755859375,87.05000305175781,79.98448181152344,39895100
2014-03-31,87.7300033569336,88.26000213623047,87.62000274658203,87.66999816894531,80.5541763305664,33924300
2014-04-01,88.0999984741211,89.2699966430664,87.70999908447266,89.20999908447266,81.96915435791016,38683800
2014-04-02,89.58999633789062,89.68000030517578,89.04000091552734,89.44000244140625,82.18048858642578,34631600
2014-04-03,89.52999877929688,89.68000030517578,88.22000122070312,88.7300033569336,81.52812957763672,30319100
2014-04-04,89.31999969482422,89.41000366210938,86.13999938964844,86.37000274658203,79.35967254638672,131213200
2014-04-07,85.83000183105469,86.62999725341797,84.94999694824219,85.55000305175781,78.60621643066406,83995800
2014-04-08,85.6500015258789,86.45999908447266,85.3499984741211,86.33999633789062,79.33210754394531,51495700
2014-04-09,86.66000366210938,87.87000274658203,86.43000030517578,87.81999969482422,80.69195556640625,45685200
2014-04-10,87.87999725341797,87.87999725341797,84.86000061035156,85.0999984741211,78.19275665283203,73659600
2014-04-11,84.33999633789062,85.44000244140625,83.91000366210938,84.11000061035156,77.28311920166016,93657400
2014-04-14,84.8499984741211,85.22000122070312,83.98999786376953,84.7699966430664,77.8895492553711,46500700
2014-04-15,85.08000183105469,85.54000091552734,83.27999877929688,85.05000305175781,78.14680480957031,84631500
2014-04-16,85.79000091552734,86.18000030517578,85.08999633789062,86.18000030517578,79.18510437011719,46970900
2014-04-17,85.8499984741211,86.62999725341797,85.62999725341797,86.19999694824219,79.20348358154297,53719500
2014-04-21,86.4000015258789,86.83999633789062,86.0,86.83999633789062,79.79151153564453,25947900
2014-04-22,87.13999938964844,87.75,86.98999786376953,87.52999877929688,80.42552185058594,38593400
2014-04-23,87.52999877929688,87.55999755859375,86.70999908447266,86.76000213623047,79.718017578125,34376700
2014-04-24,88.19000244140625,88.20999908447266,86.6500015258789,87.58999633789062,80.48065948486328,48926300
2014-04-25,87.06999969482422,87.16999816894531,85.9800033569336,86.19000244140625,79.19427490234375,44334000
2014-04-28,86.5999984741211,87.11000061035156,85.11000061035156,86.47000122070312,79.45154571533203,58623800
2014-04-29,86.7300033569336,87.31999969482422,86.30999755859375,87.16000366210938,80.0855712890625,36742700
2014-04-30,86.76000213623047,87.4800033569336,86.54000091552734,87.38999938964844,80.29686737060547,38689400
2014-05-01,87.52999877929688,88.1500015258789,87.30999755859375,87.6500015258789,80.53582000732422,37127200
2014-05-02,87.94999694824219,88.11000061035156,87.27999877929688,87.48999786376953,80.38875579833984,40074200
2014-05-05,86.97000122070312,87.97000122070312,86.76000213623047,87.94999694824219,80.81140899658203,27924400
2014-05-06,87.80999755859375,87.86000061035156,86.7699966430664,86.80999755859375,79.76396942138672,33698500
2014-05-07,86.98999786376953,87.08000183105469,85.52999877929688,86.55999755859375,79.53424072265625,67489100
2014-05-08,86.25,87.52999877929688,86.05000305175781,86.4800033569336,79.46075439453125,46556900
2014-05-09,86.43000030517578,86.86000061035156,85.8499984741211,86.80000305175781,79.75479125976562,35081500
2014-05-12,87.31999969482422,88.26000213623047,87.23999786376953,88.2300033569336,81.0687026977539,38951100
2014-05-13,88.30999755859375,88.61000061035156,88.12000274658203,88.29000091552734,81.12384796142578,30311900
2014-05-14,88.0199966430664,88.3499984741211,87.62000274658203,87.83000183105469,80.70116424560547,26483600
2014-05-15,87.80999755859375,87.95999908447266,86.58000183105469,87.13999938964844,80.06718444824219,59680300
2014-05-16,87.23999786376953,87.76000213623047,86.63999938964844,87.70999908447266,80.59091186523438,66804100
2014-05-19,87.44999694824219,88.45999908447266,87.30000305175781,88.31999969482422,81.15141296386719,32017000
2014-05-20,88.27999877929688,88.5999984741211,87.63999938964844,88.0,80.85736846923828,33716000
2014-05-21,88.16000366210938,88.88999938964844,88.11000061035156,88.83999633789062,81.62918853759766,36837700
2014-05-22,88.94000244140625,89.4800033569336,88.80000305175781,89.2300033569336,81.9875259399414,30617100
2014-05-23,89.31999969482422,89.9000015258789,89.12000274658203,89.87999725341797,82.58478546142578,22687300
2014-05-27,90.27999877929688,91.0199966430664,90.19999694824219,91.0,83.61387634277344,29725200
2014-05-28,90.97000122070312,91.0999984741211,90.6500015258789,90.72000122070312,83.35662078857422,30468100
2014-05-29,91.04000091552734,91.30999755859375,90.86000061035156,91.30000305175781,83.88953399658203,33036100
2014-05-30,91.31999969482422,91.44999694824219,90.83000183105469,91.30999755859375,83.89871978759766,29906400
2014-06-02,91.41999816894531,91.44000244140625,90.63999938964844,91.22000122070312,83.81602478027344,30409900
2014-06-03,90.91999816894531,91.33000183105469,90.80000305175781,91.18000030517578,83.77926635742188,21774500
2014-06-04,90.94999694824219,91.66999816894531,90.80999755859375,91.5199966430664,84.09165954589844,20118300
2014-06-05,91.5999984741211,92.45999908447266,91.29000091552734,92.29000091552734,84.79915618896484,35583100
2014-06-06,92.62999725341797,92.81999969482422,92.44999694824219,92.81999969482422,85.2861557006836,22680600
2014-06-09,92.83999633789062,92.9800033569336,92.5,92.75,85.22183990478516,23399500
2014-06-10,92.66999816894531,92.95999908447266,92.55999755859375,92.91000366210938,85.36884307861328,20626000
2014-06-11,92.58999633789062,93.0199966430664,92.5,92.88999938964844,85.3504638671875,22878200
2014-06-12,92.69000244140625,92.79000091552734,91.7300033569336,92.05000305175781,84.57865142822266,35275900
2014-06-13,92.44999694824219,92.55000305175781,91.91999816894531,92.31999969482422,84.82676696777344,39447100
2014-06-16,92.16000366210938,92.66999816894531,91.95999908447266,92.4000015258789,84.90025329589844,25212300
2014-06-17,92.33000183105469,92.69999694824219,92.18000030517578,92.44999694824219,84.9461898803711,19977900
2014-06-18,92.54000091552734,93.0999984741211,91.9800033569336,92.97000122070312,85.42398834228516,34514000
2014-06-19,93.11000061035156,93.16999816894531,92.48999786376953,92.91000366210938,85.36884307861328,38422200
2014-06-20,92.69999694824219,92.87000274658203,92.52999877929688,92.7699966430664,85.46925354003906,25897500
2014-06-23,92.76000213623047,92.81999969482422,92.51000213623047,92.79000091552734,85.4876937866211,20837900
2014-06-24,92.77999877929688,93.56999969482422,92.43000030517578,92.69999694824219,85.40476989746094,31945800
2014-06-25,92.48999786376953,93.44999694824219,92.4800033569336,93.29000091552734,85.94834899902344,32818600
2014-06-26,93.3499984741211,93.36000061035156,92.62000274658203,93.33999633789062,85.99440002441406,22563900
2014-06-27,93.22000122070312,93.7699966430664,93.19000244140625,93.75,86.37214660644531,22877800
2014-06-30,93.7300033569336,94.13999938964844,93.66999816894531,93.91000366210938,86.51956939697266,19751900
2014-07-01,94.23999786376953,95.19000244140625,94.19999694824219,94.94000244140625,87.468505859375,31862500
2014-07-02,95.0,95.23999786376953,94.91000366210938,95.0999984741211,87.61589050292969,18777300
2014-07-03,95.41000366210938,95.69999694824219,95.1500015258789,95.69999694824219,88.16869354248047,15291700
2014-07-07,95.58999633789062,95.70999908447266,95.2300033569336,95.41000366210938,87.90149688720703,23266400
2014-07-08,95.2300033569336,95.30000305175781,93.87000274658203,94.26000213623047,86.84201049804688,40612400
2014-07-09,94.51000213623047,95.06999969482422,94.23999786376953,94.95999908447266,87.48690795898438,29919000
2014-07-10,93.73999786376953,95.05000305175781,93.62999725341797,94.66000366210938,87.21054077148438,44245300
2014-07-11,94.9000015258789,95.2699966430664,94.61000061035156,95.2699966430664,87.77252960205078,19566300
2014-07-14,95.69999694824219,96.05999755859375,95.54000091552734,95.83999633789062,88.29766082763672,19579000
2014-07-15,95.98999786376953,96.12999725341797,94.83000183105469,95.51000213623047,87.99364471435547,39467500
2014-07-16,96.19999694824219,96.30000305175781,95.79000091552734,95.88999938964844,88.3437271118164,22052600
2014-07-17,95.62999725341797,95.97000122070312,94.31999969482422,94.62000274658203,87.17369079589844,43111500
2014-07-18,95.11000061035156,96.16999816894531,95.0,96.12000274658203,88.55564880371094,36682200
2014-07-21,95.91999816894531,96.16000366210938,95.55000305175781,96.0,88.44507598876953,29750700
2014-07-22,96.44999694824219,96.76000213623047,96.3499984741211,96.61000061035156,89.00708770751953,25770400
2014-07-23,96.94999694824219,97.33999633789062,96.7699966430664,97.2300033569336,89.57825469970703,28947500
2014-07-24,97.4000015258789,97.51000213623047,96.9800033569336,97.12000274658203,89.47694396972656,24707200
2014-07-25,96.62000274658203,96.87000274658203,96.2300033569336,96.73999786376953,89.1268310546875,29898900
2014-07-28,96.83999633789062,97.0199966430664,96.0199966430664,96.7699966430664,89.15451049804688,25603400
2014-07-29,96.9800033569336,97.19999694824219,96.5199966430664,96.5999984741211,88.99786376953125,27022200
2014-07-30,97.13999938964844,97.31999969482422,96.5999984741211,96.9800033569336,89.34796905517578,35348500
2014-07-31,96.18000030517578,96.33999633789062,94.87999725341797,95.0199966430664,87.54217529296875,50047900
2014-08-01,94.81999969482422,95.33999633789062,94.04000091552734,94.66999816894531,87.21975708007812,60708000
2014-08-04,94.87000274658203,95.69000244140625,94.5199966430664,95.31999969482422,87.818603515625,33230500
2014-08-05,94.94000244140625,95.20999908447266,94.1500015258789,94.58999633789062,87.14604949951172,50331100
2014-08-06,94.0,95.11000061035156,93.91999816894531,94.5199966430664,87.08152770996094,34431900
2014-08-07,94.95999908447266,95.13999938964844,93.88999938964844,94.22000122070312,86.80517578125,33274700
2014-08-08,94.37000274658203,95.01000213623047,93.97000122070312,94.9000015258789,87.43162536621094,40236900
2014-08-11,95.2699966430664,95.76000213623047,95.19999694824219,95.45999908447266,87.94757843017578,28277500
2014-08-12,95.36000061035156,95.66999816894531,94.93000030517578,95.41999816894531,87.91073608398438,28152300
2014-08-13,95.80999755859375,96.47000122070312,95.76000213623047,96.43000030517578,88.84124755859375,27996500
2014-08-14,96.55999755859375,96.94999694824219,96.43000030517578,96.93000030517578,89.30188751220703,25006600
2014-08-15,97.48999786376953,97.62999725341797,96.4800033569336,97.4000015258789,89.73493194580078,55205500
2014-08-18,97.91000366210938,98.23999786376953,97.7699966430664,98.1500015258789,90.4259033203125,38938300
2014-08-19,98.37999725341797,98.76000213623047,98.31999969482422,98.69999694824219,90.93260955810547,21363400
2014-08-20,98.62000274658203,98.9000015258789,98.52999877929688,98.69999694824219,90.93260955810547,23435600
2014-08-21,98.75,98.94999694824219,98.5999984741211,98.9000015258789,91.11686706542969,19339500
2014-08-22,98.94000244140625,99.25,98.72000122070312,99.05000305175781,91.25503540039062,24692000
2014-08-25,99.5199966430664,99.68000030517578,99.16000366210938,99.4000015258789,91.5774917602539,24124700
2014-08-26,99.55000305175781,99.61000061035156,99.2699966430664,99.5,91.66964721679688,20100400
2014-08-27,99.52999877929688,99.63999938964844,99.30999755859375,99.5199966430664,91.68809509277344,15589100
2014-08-28,99.18000030517578,99.52999877929688,99.08000183105469,99.41000366210938,91.58673095703125,23563900
2014-08-29,99.62999725341797,99.91000366210938,99.2699966430664,99.77999877929688,91.92759704589844,17906300
2014-09-02,100.0199966430664,100.0999984741211,99.66000366210938,100.06999969482422,92.19477844238281,18326800
2014-09-03,100.33999633789062,100.33999633789062,99.30000305175781,99.4800033569336,91.6512222290039,25950700
2014-09-04,99.70999908447266,100.22000122070312,99.13999938964844,99.38999938964844,91.56827545166016,24663500
2014-09-05,99.54000091552734,99.94999694824219,99.02999877929688,99.88999938964844,92.02892303466797,30798200
2014-09-08,99.91999816894531,100.33000183105469,99.62000274658203,100.08000183105469,92.20398712158203,25571300
2014-09-09,100.08999633789062,100.45999908447266,99.05999755859375,99.25,91.43929290771484,36449200
2014-09-10,99.37999725341797,100.11000061035156,99.0999984741211,100.06999969482422,92.19477844238281,31080100
2014-09-11,99.63999938964844,100.04000091552734,99.23999786376953,99.98999786376953,92.12106323242188,28691900
2014-09-12,99.9000015258789,99.93000030517578,99.16999816894531,99.4800033569336,91.6512222290039,30444400
2014-09-15,99.58999633789062,99.5999984741211,98.22000122070312,98.5199966430664,90.76675415039062,32972200
2014-09-16,98.1500015258789,99.56999969482422,98.05000305175781,99.37999725341797,91.5590591430664,38166900
2014-09-17,99.36000061035156,100.0,98.93000030517578,99.52999877929688,91.6972885131836,37196500
2014-09-18,99.83999633789062,100.29000091552734,99.7300033569336,100.27999877929688,92.38825225830078,30196700
2014-09-19,100.45999908447266,100.55999755859375,99.58000183105469,99.9800033569336,92.33099365234375,46918000
2014-09-22,99.73999786376953,99.75,98.62000274658203,99.05000305175781,91.47213745117188,48658000
2014-09-23,98.6500015258789,99.22000122070312,98.58000183105469,98.77999877929688,91.2228012084961,33989600
2014-09-24,98.87999725341797,99.88999938964844,98.54000091552734,99.83999633789062,92.2016830444336,35959000
2014-09-25,99.5199966430664,99.6500015258789,97.69999694824219,97.73999786376953,90.26238250732422,68642500
2014-09-26,98.05999755859375,98.95999908447266,97.88999938964844,98.77999877929688,91.2228012084961,56106200
2014-09-29,97.80000305175781,98.91999816894531,97.75,98.6500015258789,91.10276794433594,33342700
2014-09-30,98.91999816894531,99.30000305175781,98.31999969482422,98.79000091552734,91.23202514648438,41834300
2014-10-01,98.51000213623047,98.61000061035156,96.9000015258789,97.20999908447266,89.7729263305664,58164900
2014-10-02,97.16999816894531,97.51000213623047,95.97000122070312,97.20999908447266,89.7729263305664,54501300
2014-10-03,97.77999877929688,98.56999969482422,97.44000244140625,98.16999816894531,90.65947723388672,41627800
2014-10-06,98.4800033569336,98.72000122070312,97.66000366210938,97.95999908447266,90.46554565429688,36038700
2014-10-07,97.5,97.77999877929688,96.55999755859375,96.56999969482422,89.18187713623047,45154000
2014-10-08,96.62000274658203,98.76000213623047,96.05999755859375,98.44999694824219,90.91805267333984,64931600
2014-10-09,98.31999969482422,98.56999969482422,96.70999908447266,96.86000061035156,89.44967651367188,62497100
2014-10-10,96.29000091552734,96.83000183105469,94.41999816894531,94.44000244140625,87.21482849121094,77579400
2014-10-13,94.2699966430664,94.98999786376953,92.87999725341797,92.95999908447266,85.84806823730469,80835900
2014-10-14,93.54000091552734,94.16999816894531,92.70999908447266,92.97000122070312,85.85730743408203,71814500
2014-10-15,91.56999969482422,92.76000213623047,90.23999786376953,92.37000274658203,85.30320739746094,108847800
2014-10-16,90.41999816894531,92.58000183105469,90.38999938964844,91.79000091552734,84.7675552368164,93165800
2014-10-17,93.0,93.88999938964844,92.45999908447266,93.0,85.885009765625,69546700
2014-10-20,92.98999786376953,94.47000122070312,92.80000305175781,94.38999938964844,87.16867065429688,41479300
2014-10-21,95.55999755859375,96.87000274658203,95.31999969482422,96.87000274658203,89.4589614868164,53609800
2014-10-22,97.16999816894531,97.30000305175781,96.30999755859375,96.37000274658203,88.99718475341797,39178000
2014-10-23,97.33999633789062,98.36000061035156,97.16999816894531,97.81999969482422,90.33625030517578,48123800
2014-10-24,98.02999877929688,98.69000244140625,97.63999938964844,98.62000274658203,91.0750732421875,43157600
2014-10-27,98.43000030517578,98.87000274658203,98.0199966430664,98.69000244140625,91.13967895507812,29545700
2014-10-28,99.1500015258789,100.19999694824219,99.08000183105469,100.18000030517578,92.51567077636719,34495100
2014-10-29,99.8499984741211,100.12000274658203,99.0999984741211,99.80999755859375,92.17401885986328,40552800
2014-10-30,99.36000061035156,100.26000213623047,99.13999938964844,100.0199966430664,92.36793518066406,35935800
2014-10-31,101.68000030517578,101.75,101.06999969482422,101.4000015258789,93.6423568725586,54254100
2014-11-03,101.58000183105469,101.97000122070312,101.43000030517578,101.69999694824219,93.91939544677734,33481000
2014-11-04,101.37999725341797,101.62000274658203,100.66999816894531,101.36000061035156,93.60540771484375,22773300
2014-11-05,102.02999877929688,102.02999877929688,101.0199966430664,101.37000274658203,93.6146469116211,25818600
2014-11-06,101.36000061035156,101.72000122070312,100.91999816894531,101.69000244140625,93.9101791381836,24671900
2014-11-07,101.87000274658203,101.91000366210938,101.06999969482422,101.5999984741211,93.82705688476562,20931700
2014-11-10,101.6500015258789,102.08999633789062,101.37999725341797,101.95999908447266,94.15953826904297,20360000
2014-11-11,101.9800033569336,102.27999877929688,101.69999694824219,102.27999877929688,94.45503234863281,15454000
2014-11-12,101.87000274658203,102.56999969482422,101.87000274658203,102.45999908447266,94.6212387084961,22050300
2014-11-13,102.6500015258789,103.27999877929688,102.41999816894531,102.9000015258789,95.02761840820312,28027800
2014-11-14,102.87000274658203,103.22000122070312,102.52999877929688,103.22000122070312,95.32310485839844,19251300
2014-11-17,102.9800033569336,103.20999908447266,102.41999816894531,102.91000366210938,95.03684997558594,23361600
2014-11-18,103.0,103.81999969482422,102.98999786376953,103.68000030517578,95.74793243408203,26336800
2014-11-19,103.56999969482422,103.56999969482422,102.7300033569336,103.20999908447266,95.31388854980469,23760200
2014-11-20,102.7699966430664,103.76000213623047,102.69000244140625,103.66999816894531,95.7386703491211,22874000
2014-11-21,104.58999633789062,104.69000244140625,103.54000091552734,103.87000274658203,95.92337036132812,34049100
2014-11-24,104.1500015258789,104.7300033569336,104.05999755859375,104.68000030517578,96.67142486572266,17928300
2014-11-25,104.83999633789062,105.1500015258789,104.56999969482422,104.83999633789062,96.81918334960938,17526000
2014-11-26,104.94000244140625,105.58000183105469,104.83000183105469,105.5199966430664,97.4471664428711,18973800
2014-11-28,105.80000305175781,106.25,105.7300033569336,106.01000213623047,97.899658203125,17360400
2014-12-01,105.72000122070312,105.91999816894531,104.41999816894531,104.80999755859375,96.79145812988281,35969500
2014-12-02,104.91999816894531,105.41999816894531,104.69999694824219,105.2300033569336,97.17933654785156,26031300
2014-12-03,105.38999938964844,105.56999969482422,104.76000213623047,105.41999816894531,97.35478210449219,32974300
2014-12-04,105.31999969482422,105.77999877929688,104.93000030517578,105.37000274658203,97.30863189697266,31008800
2014-12-05,105.54000091552734,105.69999694824219,105.1500015258789,105.37999725341797,97.31786346435547,25622200
2014-12-08,105.11000061035156,105.56999969482422,104.08000183105469,104.62999725341797,96.62525177001953,32685800
2014-12-09,103.41000366210938,105.04000091552734,103.04000091552734,104.95999908447266,96.92999267578125,46035100
2014-12-10,104.7699966430664,105.02999877929688,103.12000274658203,103.30999755859375,95.40621948242188,39330100
2014-12-11,103.61000061035156,105.04000091552734,103.58999633789062,103.80000305175781,95.85877227783203,47576000
2014-12-12,102.80999755859375,103.98999786376953,102.66000366210938,102.66999816894531,94.81520080566406,46889400
2014-12-15,103.19999694824219,103.58000183105469,101.31999969482422,101.61000061035156,93.83629608154297,52968400
2014-12-16,100.97000122070312,102.47000122070312,99.95999908447266,99.9800033569336,92.33099365234375,65348600
2014-12-17,100.05000305175781,102.08999633789062,99.91999816894531,101.80000305175781,94.01176452636719,79715300
2014-12-18,103.26000213623047,104.26000213623047,102.9800033569336,104.25,96.27430725097656,49840900
2014-12-19,103.97000122070312,104.73999786376953,103.70999908447266,104.31999969482422,96.69791412353516,51419900
2014-12-22,104.1500015258789,104.61000061035156,104.0999984741211,104.58000183105469,96.93892669677734,33869200
2014-12-23,104.95999908447266,104.97000122070312,104.08999633789062,104.20999908447266,96.59597778320312,30156900
2014-12-24,104.33999633789062,104.69999694824219,104.2699966430664,104.30000305175781,96.67941284179688,14291300
2014-12-26,104.5999984741211,105.26000213623047,104.56999969482422,105.04000091552734,97.3653335571289,13924300
2014-12-29,104.94000244140625,105.25,104.87999725341797,105.0199966430664,97.3467788696289,17073800
2014-12-30,104.72000122070312,104.95999908447266,104.18000030517578,104.31999969482422,96.69791412353516,18604000
2014-12-31,104.5,104.91000366210938,103.0999984741211,103.25,95.70610046386719,24367100
2015-01-02,103.76000213623047,104.19999694824219,102.44000244140625,102.94000244140625,95.41876220703125,31314600
2015-01-05,102.48999786376953,102.61000061035156,101.13999938964844,101.43000030517578,94.01908874511719,36521300
2015-01-06,101.58000183105469,101.75,99.62000274658203,100.06999969482422,92.7584457397461,66205500
2015-01-07,100.7300033569336,101.5999984741211,100.48999786376953,101.36000061035156,93.95419311523438,37577400
2015-01-08,102.22000122070312,103.5,102.11000061035156,103.30000305175781,95.75247192382812,40212600
2015-01-09,103.62000274658203,103.6500015258789,102.0199966430664,102.62000274658203,95.12213897705078,41410100
2015-01-12,102.81999969482422,102.93000030517578,101.29000091552734,101.55000305175781,94.13033294677734,34129800
2015-01-13,102.54000091552734,103.62000274658203,100.69999694824219,101.5199966430664,94.10252380371094,56162300
2015-01-14,100.5,101.4800033569336,100.06999969482422,100.95999908447266,93.58341217041016,51354200
2015-01-15,101.43000030517578,101.58999633789062,99.52999877929688,99.6500015258789,92.36914825439453,51005400
2015-01-16,99.5199966430664,100.94999694824219,99.36000061035156,100.81999969482422,93.45365905761719,35362200
2015-01-20,101.43000030517578,101.87999725341797,100.29000091552734,101.62000274658203,94.19519805908203,30964100
2015-01-21,101.31999969482422,102.62000274658203,100.95999908447266,102.13999938964844,94.67723083496094,40128800
2015-01-22,102.54000091552734,104.13999938964844,101.63999938964844,104.02999877929688,96.42911529541016,40887200
2015-01-23,104.0199966430664,104.58000183105469,103.72000122070312,104.26000213623047,96.64230346679688,34783000
2015-01-26,104.13999938964844,104.33000183105469,103.61000061035156,104.13999938964844,96.53105926513672,19960900
2015-01-27,102.5,102.55999755859375,101.0999984741211,101.44000244140625,94.02832794189453,45253200
2015-01-28,103.06999969482422,103.18000030517578,100.9000015258789,100.91999816894531,93.54634094238281,43591700
2015-01-29,100.83999633789062,102.08000183105469,99.95999908447266,101.88999938964844,94.44547271728516,46539700
2015-01-30,101.80000305175781,102.58000183105469,100.95999908447266,101.0999984741211,93.71319580078125,42927600
2015-02-02,101.33000183105469,102.06999969482422,99.75,101.9800033569336,94.52890014648438,43624700
2015-02-03,102.3499984741211,103.02999877929688,101.68000030517578,102.95999908447266,95.43732452392578,30750400
2015-02-04,102.54000091552734,103.55000305175781,102.30999755859375,102.87000274658203,95.35387420654297,34073200
2015-02-05,103.12999725341797,103.83000183105469,102.87000274658203,103.76000213623047,96.1788558959961,23605500
2015-02-06,103.91999816894531,104.16999816894531,102.76000213623047,103.12999725341797,95.59488677978516,34169300
2015-02-09,102.7300033569336,103.29000091552734,102.55000305175781,102.80000305175781,95.28898620605469,22604700
2015-02-10,103.37000274658203,104.54000091552734,103.20999908447266,104.4000015258789,96.77208709716797,23686500
2015-02-11,104.5199966430664,105.0199966430664,104.31999969482422,104.77999877929688,97.12432098388672,20303600
2015-02-12,105.45999908447266,106.04000091552734,105.30000305175781,106.0,98.25518798828125,22520300
2015-02-13,106.30000305175781,106.93000030517578,106.0999984741211,106.91000366210938,99.09870147705078,29030200
2015-02-17,106.91000366210938,107.08000183105469,106.63999938964844,107.01000213623047,99.19139862060547,17675300
2015-02-18,106.87999725341797,107.22000122070312,106.73999786376953,107.16000366210938,99.33045196533203,15149600
2015-02-19,107.08999633789062,107.76000213623047,107.05999755859375,107.69000244140625,99.82169342041016,19828100
2015-02-20,107.62000274658203,108.47000122070312,107.27999877929688,108.41000366210938,100.4891128540039,28336700
2015-02-23,108.3499984741211,108.55000305175781,108.11000061035156,108.5199966430664,100.59107208251953,17868000
2015-02-24,108.37999725341797,108.7300033569336,108.05000305175781,108.5999984741211,100.66522216796875,19745000
2015-02-25,108.44000244140625,108.86000061035156,108.08999633789062,108.33000183105469,100.41492462158203,19472300
2015-02-26,108.44000244140625,108.94000244140625,108.13999938964844,108.87999725341797,100.92476654052734,22255500
2015-02-27,108.83999633789062,108.91000366210938,108.2300033569336,108.4000015258789,100.47981262207031,27757600
2015-03-02,108.61000061035156,109.41999816894531,108.58999633789062,109.37999725341797,101.38821411132812,22988600
2015-03-03,109.05000305175781,109.16000366210938,108.18000030517578,108.87000274658203,100.91546630859375,20788900
2015-03-04,108.51000213623047,108.66999816894531,107.86000061035156,108.44999694824219,100.52616119384766,21007400
2015-03-05,108.7300033569336,108.97000122070312,108.19000244140625,108.63999938964844,100.70227813720703,15381000
2015-03-06,108.5,108.70999908447266,107.13999938964844,107.41000366210938,99.56216430664062,30990400
2015-03-09,107.62999725341797,107.98999786376953,107.19000244140625,107.72000122070312,99.8494873046875,26237100
2015-03-10,106.94999694824219,106.9800033569336,105.72000122070312,105.72000122070312,97.99566650390625,34234500
2015-03-11,105.87999725341797,106.01000213623047,105.06999969482422,105.11000061035156,97.43019104003906,25459700
2015-03-12,105.02999877929688,105.91999816894531,104.95999908447266,105.80000305175781,98.06980895996094,21473200
2015-03-13,105.69999694824219,106.12000274658203,104.68000030517578,105.33999633789062,97.64337921142578,42021100
2015-03-16,105.7300033569336,106.73999786376953,105.62000274658203,106.69999694824219,98.9040298461914,25674100
2015-03-17,106.41000366210938,107.04000091552734,106.16000366210938,106.87000274658203,99.06161499023438,19603800
2015-03-18,106.58000183105469,108.41000366210938,106.02999877929688,107.91999816894531,100.03488159179688,40622200
2015-03-19,108.02999877929688,108.37999725341797,107.87000274658203,108.08000183105469,100.1832275390625,31314000
2015-03-20,108.72000122070312,109.06999969482422,108.51000213623047,108.52999877929688,100.8316879272461,31761400
2015-03-23,108.47000122070312,108.7699966430664,108.27999877929688,108.31999969482422,100.6365966796875,17268500
2015-03-24,108.30999755859375,108.80999755859375,107.91000366210938,107.93000030517578,100.27424621582031,22445300
2015-03-25,108.0999984741211,108.19999694824219,105.41999816894531,105.45999908447266,97.97943115234375,41581400
2015-03-26,104.58999633789062,105.69999694824219,104.23999786376953,105.0999984741211,97.64502716064453,47846300
2015-03-27,105.08000183105469,105.7699966430664,104.91999816894531,105.5199966430664,98.0351791381836,33878400
2015-03-30,106.16000366210938,106.81999969482422,106.16000366210938,106.7300033569336,99.15935516357422,30570200
2015-03-31,106.43000030517578,106.6500015258789,105.56999969482422,105.5999984741211,98.10955810546875,30488100
2015-04-01,105.5999984741211,105.62000274658203,104.37000274658203,105.05000305175781,97.59855651855469,32970500
2015-04-02,105.1500015258789,105.45999908447266,104.77999877929688,105.12000274658203,97.66355895996094,19164200
2015-04-06,104.5,106.2699966430664,104.33999633789062,105.9800033569336,98.46259307861328,24451100
2015-04-07,105.91999816894531,106.69999694824219,105.80000305175781,105.80000305175781,98.29534149169922,19379400
2015-04-08,105.83999633789062,106.79000091552734,105.83000183105469,106.63999938964844,99.07575225830078,25866900
2015-04-09,106.58999633789062,107.3499984741211,106.2300033569336,107.30999755859375,99.69822692871094,23114700
2015-04-10,107.2699966430664,107.76000213623047,107.02999877929688,107.75,100.10702514648438,17164300
2015-04-13,107.83000183105469,108.37999725341797,107.36000061035156,107.4800033569336,99.85617065429688,17783500
2015-04-14,107.37000274658203,107.68000030517578,106.55999755859375,107.16999816894531,99.56816101074219,23755700
2015-04-15,107.44999694824219,108.06999969482422,107.31999969482422,107.83999633789062,100.19062042236328,21128600
2015-04-16,107.55000305175781,107.87999725341797,107.4000015258789,107.69000244140625,100.0512924194336,16195300
2015-04-17,106.66000366210938,106.94999694824219,105.55000305175781,106.01000213623047,98.4904556274414,46514000
2015-04-20,106.54000091552734,107.79000091552734,106.5,107.5999984741211,99.96765899658203,28945900
2015-04-21,108.22000122070312,108.41000366210938,107.93000030517578,108.05999755859375,100.3950424194336,22759800
2015-04-22,108.33999633789062,108.83000183105469,107.63999938964844,108.6500015258789,100.94319152832031,21429200
2015-04-23,108.27999877929688,109.55000305175781,108.26000213623047,109.05999755859375,101.32408905029297,29473200
2015-04-24,110.20999908447266,110.69000244140625,110.02999877929688,110.54000091552734,102.69912719726562,32508100
2015-04-27,110.94999694824219,111.16000366210938,110.0199966430664,110.26000213623047,102.43898010253906,31121300
2015-04-28,110.33999633789062,110.55000305175781,109.11000061035156,110.04000091552734,102.23457336425781,36849200
2015-04-29,109.43000030517578,110.06999969482422,108.75,109.3499984741211,101.59351348876953,34043900
2015-04-30,108.7300033569336,109.16999816894531,107.05999755859375,107.62999725341797,99.99553680419922,44080500
2015-05-01,108.05000305175781,109.12000274658203,108.02999877929688,109.05000305175781,101.3148193359375,32874300
2015-05-04,109.4000015258789,109.91000366210938,109.16999816894531,109.2300033569336,101.48204040527344,23507300
2015-05-05,108.80000305175781,109.0,107.4000015258789,107.44999694824219,99.82830047607422,47843300
2015-05-06,107.63999938964844,107.94999694824219,106.0,106.70999908447266,99.14080810546875,42687200
2015-05-07,106.68000030517578,107.6500015258789,106.5999984741211,107.3499984741211,99.73541259765625,29335800
2015-05-08,108.45999908447266,108.91999816894531,108.30000305175781,108.69000244140625,100.98033905029297,33023300
2015-05-11,108.76000213623047,108.9800033569336,108.19000244140625,108.2699966430664,100.5901107788086,19679300
2015-05-12,107.62999725341797,108.33000183105469,106.80000305175781,107.77999877929688,100.1348876953125,33665000
2015-05-13,108.25,108.80999755859375,107.83999633789062,108.0,100.33929443359375,20738400
2015-05-14,108.87999725341797,109.66999816894531,108.4800033569336,109.58000183105469,101.80721282958984,23904200
2015-05-15,109.86000061035156,110.01000213623047,109.30999755859375,109.58000183105469,101.80721282958984,23937400
2015-05-18,109.4000015258789,110.27999877929688,109.31999969482422,110.05999755859375,102.25316619873047,17631100
2015-05-19,110.18000030517578,110.3499984741211,109.76000213623047,109.94000244140625,102.14167785644531,14212900
2015-05-20,110.0199966430664,110.66999816894531,109.43000030517578,110.01000213623047,102.20671844482422,21131900
2015-05-21,109.81999969482422,110.7300033569336,109.66000366210938,110.58000183105469,102.73628997802734,16771800
2015-05-22,110.44999694824219,110.87000274658203,110.37999725341797,110.47000122070312,102.63409423828125,13543800
2015-05-26,110.2300033569336,110.37999725341797,108.76000213623047,109.19999694824219,101.45417785644531,25488400
2015-05-27,109.52999877929688,111.08000183105469,109.29000091552734,110.95999908447266,103.08931732177734,30572700
2015-05-28,110.75,111.01000213623047,110.37000274658203,110.70999908447266,102.85706329345703,17302400
2015-05-29,110.63999938964844,110.79000091552734,109.79000091552734,110.05000305175781,102.2438735961914,30383000
2015-06-01,110.63999938964844,110.72000122070312,109.5199966430664,110.41999816894531,102.58763885498047,24570200
2015-06-02,110.01000213623047,110.61000061035156,109.47000122070312,110.06999969482422,102.262451171875,19449600
2015-06-03,110.56999969482422,110.80999755859375,110.12999725341797,110.4000015258789,102.5690689086914,20507200
2015-06-04,109.77999877929688,110.4800033569336,109.20999908447266,109.55999755859375,101.78865051269531,31374600
2015-06-05,109.43000030517578,109.69000244140625,108.62999725341797,109.30000305175781,101.54706573486328,22641700
2015-06-08,109.25,109.33000183105469,107.97000122070312,108.19000244140625,100.51580047607422,24549200
2015-06-09,107.93000030517578,108.4000015258789,107.19999694824219,108.01000213623047,100.34859466552734,27554600
2015-06-10,108.37999725341797,109.80999755859375,108.26000213623047,109.48999786376953,101.72359466552734,30297900
2015-06-11,109.86000061035156,110.1500015258789,109.45999908447266,109.6500015258789,101.87224578857422,17593500
2015-06-12,109.06999969482422,109.30000305175781,108.5999984741211,108.75,101.03608703613281,27201800
2015-06-15,107.94000244140625,108.37999725341797,107.30999755859375,108.20999908447266,100.534423828125,31238800
2015-06-16,108.0999984741211,108.9800033569336,108.05000305175781,108.80000305175781,101.08255004882812,16456900
2015-06-17,108.9800033569336,109.44999694824219,108.43000030517578,109.0999984741211,101.36127471923828,23296700
2015-06-18,109.5,110.87999725341797,109.44000244140625,110.69000244140625,102.83845520019531,43032400
2015-06-19,110.48999786376953,110.58000183105469,109.80999755859375,109.88999938964844,102.33006286621094,27877600
2015-06-22,110.69999694824219,111.02999877929688,110.44999694824219,110.69999694824219,103.08433532714844,19120900
2015-06-23,110.81999969482422,110.88999938964844,110.33000183105469,110.79000091552734,103.16814422607422,18127900
2015-06-24,110.66000366210938,111.12999725341797,110.19000244140625,110.22000122070312,102.63733673095703,15815900
2015-06-25,110.6500015258789,110.76000213623047,109.81999969482422,110.0,102.4324951171875,18326700
2015-06-26,109.9800033569336,110.2300033569336,108.86000061035156,109.2699966430664,101.75270080566406,32311700
2015-06-29,108.05999755859375,108.66000366210938,106.63999938964844,106.69000244140625,99.3501968383789,50874900
2015-06-30,107.48999786376953,107.72000122070312,106.73999786376953,107.06999969482422,99.70404815673828,34809900
2015-07-01,108.12999725341797,108.3499984741211,107.41999816894531,107.91999816894531,100.49557495117188,21293000
2015-07-02,108.2300033569336,108.31999969482422,107.62000274658203,107.94999694824219,100.52349853515625,20499400
2015-07-06,107.2699966430664,108.31999969482422,107.04000091552734,107.69999694824219,100.29070281982422,24311000
2015-07-07,107.81999969482422,108.06999969482422,105.83000183105469,107.97000122070312,100.5421371459961,44230800
2015-07-08,107.19999694824219,107.33000183105469,105.88999938964844,106.08999633789062,98.79145050048828,39691500
2015-07-09,107.5,107.5999984741211,106.0199966430664,106.02999877929688,98.73558807373047,28381000
2015-07-10,107.44000244140625,108.05000305175781,107.05000305175781,107.6500015258789,100.24413299560547,26415800
2015-07-13,108.58000183105469,109.62999725341797,108.56999969482422,109.54000091552734,102.00410461425781,25780700
2015-07-14,109.69000244140625,110.55999755859375,109.62999725341797,110.26000213623047,102.67460632324219,21977200
2015-07-15,110.47000122070312,110.80999755859375,110.06999969482422,110.37999725341797,102.78633117675781,28631500
2015-07-16,111.29000091552734,111.95999908447266,111.06999969482422,111.94000244140625,104.23902130126953,29838900
2015-07-17,112.83999633789062,113.58999633789062,112.6500015258789,113.58999633789062,105.77549743652344,35926800
2015-07-20,113.83000183105469,114.38999938964844,113.4800033569336,113.9800033569336,106.13865661621094,26539000
2015-07-21,114.0199966430664,114.19999694824219,113.58000183105469,113.91000366210938,106.07351684570312,35468900
2015-07-22,112.16999816894531,113.16999816894531,112.16999816894531,112.62000274658203,104.87222290039062,35575000
2015-07-23,112.7300033569336,113.0999984741211,111.91000366210938,112.19999694824219,104.48111724853516,25698300
2015-07-24,112.80000305175781,113.0,110.93000030517578,111.0999984741211,103.45679473876953,30844700
2015-07-27,110.47000122070312,110.94999694824219,109.94000244140625,110.18000030517578,102.60009765625,35994800
2015-07-28,110.66999816894531,111.3499984741211,109.79000091552734,111.12999725341797,103.48474884033203,33553500
2015-07-29,111.37000274658203,111.79000091552734,110.94000244140625,111.55000305175781,103.87586212158203,26714100
2015-07-30,111.29000091552734,112.2699966430664,110.62000274658203,112.08000183105469,104.369384765625,25438100
2015-07-31,112.43000030517578,112.48999786376953,111.72000122070312,111.94999694824219,104.2483139038086,22081700
2015-08-03,111.97000122070312,112.27999877929688,110.86000061035156,111.5999984741211,103.92240142822266,25001800
2015-08-04,111.55000305175781,111.75,110.93000030517578,111.38999938964844,103.72687530517578,22132300
2015-08-05,112.01000213623047,113.0,111.87999725341797,112.25,104.52770233154297,28989900
2015-08-06,112.3499984741211,112.5,109.94999694824219,110.44999694824219,102.85152435302734,42125400
2015-08-07,110.18000030517578,110.56999969482422,109.4000015258789,110.30999755859375,102.72116088867188,30006800
2015-08-10,111.01000213623047,111.80999755859375,111.0,111.56999969482422,103.89447021484375,21500800
2015-08-11,110.9800033569336,111.41000366210938,109.52999877929688,110.13999938964844,102.56283569335938,36123300
2015-08-12,109.37999725341797,110.73999786376953,108.22000122070312,110.5199966430664,102.91670989990234,41889000
2015-08-13,110.62999725341797,111.16000366210938,110.0999984741211,110.33999633789062,102.74909210205078,22510500
2015-08-14,110.08000183105469,110.66999816894531,109.86000061035156,110.51000213623047,102.90738677978516,17924900
2015-08-17,110.23999786376953,111.45999908447266,109.95999908447266,111.43000030517578,103.76409149169922,21224900
2015-08-18,111.27999877929688,111.37000274658203,110.70999908447266,110.86000061035156,103.23332214355469,13984400
2015-08-19,110.5199966430664,111.11000061035156,109.48999786376953,110.12999725341797,102.55352783203125,42511400
2015-08-20,109.11000061035156,109.45999908447266,107.06999969482422,107.08000183105469,99.7133560180664,57747300
2015-08-21,105.56999969482422,106.47000122070312,102.4000015258789,102.4000015258789,95.35531616210938,97763400
2015-08-24,94.2300033569336,102.52999877929688,84.73999786376953,98.45999908447266,91.68637084960938,150829900
2015-08-25,102.06999969482422,102.73999786376953,98.01000213623047,98.08999633789062,91.34182739257812,75088300
2015-08-26,100.95999908447266,103.2300033569336,98.93000030517578,103.02999877929688,95.94197082519531,104103800
2015-08-27,104.5199966430664,105.70999908447266,103.27999877929688,105.63999938964844,98.37242126464844,69377700
2015-08-28,105.08000183105469,106.0,104.8499984741211,105.62000274658203,98.3537826538086,49919600
2015-08-31,105.02999877929688,105.61000061035156,104.05000305175781,104.30999755859375,97.1339340209961,39549400
2015-09-01,101.70999908447266,103.29000091552734,100.62999725341797,101.05000305175781,94.09818267822266,73155500
2015-09-02,102.87999725341797,103.91999816894531,101.69999694824219,103.9000015258789,96.75212860107422,43963600
2015-09-03,104.30999755859375,105.0199966430664,103.0999984741211,103.38999938964844,96.27720642089844,45131800
2015-09-04,101.97000122070312,102.8499984741211,101.58999633789062,102.16000366210938,95.1318130493164,49379600
2015-09-08,104.12000274658203,105.16999816894531,103.69000244140625,105.04000091552734,97.813720703125,37343500
2015-09-09,106.27999877929688,106.30999755859375,103.58999633789062,103.86000061035156,96.71490478515625,47146700
2015-09-10,103.73999786376953,105.68000030517578,103.62000274658203,104.98999786376953,97.76712799072266,47686700
2015-09-11,104.51000213623047,105.56999969482422,104.20999908447266,105.56999969482422,98.30723571777344,29106100
2015-09-14,105.95999908447266,105.9800033569336,104.8499984741211,105.25,98.00926971435547,19718800
2015-09-15,105.5,106.81999969482422,105.11000061035156,106.48999786376953,99.16392517089844,30020200
2015-09-16,106.51000213623047,107.19000244140625,106.13999938964844,107.08999633789062,99.72265625,31329100
2015-09-17,106.9800033569336,108.7300033569336,106.63999938964844,107.12999725341797,99.7599105834961,56139800
2015-09-18,105.2300033569336,106.5999984741211,105.16999816894531,105.3499984741211,98.34105682373047,48384000
2015-09-21,105.93000030517578,106.55000305175781,104.7300033569336,105.68000030517578,98.64908599853516,35772600
2015-09-22,104.05999755859375,104.41999816894531,103.12999725341797,104.0999984741211,97.1742172241211,47359700
2015-09-23,104.37999725341797,104.66000366210938,103.63999938964844,104.18000030517578,97.24888610839844,21775100
2015-09-24,103.16999816894531,104.19000244140625,102.2699966430664,103.80000305175781,96.89417266845703,38284300
2015-09-25,104.91000366210938,105.01000213623047,102.27999877929688,102.91999816894531,96.07270050048828,44700000
2015-09-28,102.4800033569336,102.55000305175781,99.69000244140625,99.98999786376953,93.337646484375,44077500
2015-09-29,100.23999786376953,101.26000213623047,98.75,99.47000122070312,92.85224151611328,49315500
2015-09-30,100.88999938964844,101.87000274658203,100.5,101.76000213623047,94.98987579345703,41411400
2015-10-01,101.94000244140625,102.2300033569336,100.58999633789062,102.22000122070312,95.41930389404297,39339100
2015-10-02,100.80000305175781,104.01000213623047,100.4800033569336,104.01000213623047,97.0901870727539,59370900
2015-10-05,104.77999877929688,105.77999877929688,104.55000305175781,105.5,98.48104858398438,32853500
2015-10-06,105.25,105.5999984741211,104.18000030517578,105.0,98.01432037353516,33051500
2015-10-07,105.66000366210938,105.86000061035156,104.29000091552734,105.62999725341797,98.60240173339844,37389300
2015-10-08,105.2300033569336,106.2300033569336,104.20999908447266,106.05000305175781,98.99449920654297,50188900
2015-10-09,106.0999984741211,106.7300033569336,105.80999755859375,106.52999877929688,99.44254302978516,23916200
2015-10-12,106.7300033569336,106.98999786376953,106.3499984741211,106.79000091552734,99.68522644042969,16162000
2015-10-13,106.18000030517578,107.26000213623047,106.0,106.0999984741211,99.0411605834961,26999600
2015-10-14,106.0999984741211,106.62999725341797,105.48999786376953,105.93000030517578,98.88246154785156,30902600
2015-10-15,106.31999969482422,107.68000030517578,106.18000030517578,107.66999816894531,100.50668334960938,38393800
2015-10-16,107.9000015258789,108.18000030517578,107.37999725341797,108.12000274658203,100.92677307128906,27091100
2015-10-19,107.9800033569336,108.80999755859375,107.73999786376953,108.73999786376953,101.50550842285156,23776300
2015-10-20,108.55000305175781,108.77999877929688,107.80999755859375,108.18000030517578,100.9827651977539,23404700
2015-10-21,108.7300033569336,108.83999633789062,107.4800033569336,107.5199966430664,100.36666870117188,30195200
2015-10-22,108.4800033569336,109.80000305175781,108.16999816894531,109.70999908447266,102.4109878540039,42778700
2015-10-23,112.66000366210938,113.23999786376953,112.06999969482422,112.77999877929688,105.27674865722656,53170900
2015-10-26,112.69999694824219,113.06999969482422,112.2699966430664,112.8499984741211,105.34208679199219,25918000
2015-10-27,112.55000305175781,113.23999786376953,112.5199966430664,113.08000183105469,105.55677795410156,31390500
2015-10-28,113.25,114.0199966430664,112.33999633789062,114.0199966430664,106.4342269897461,42221900
2015-10-29,113.5,114.02999877929688,113.37999725341797,113.83999633789062,106.26620483398438,24913300
2015-10-30,113.88999938964844,114.08000183105469,113.30000305175781,113.33000183105469,105.79014587402344,27199200
2015-11-02,113.62999725341797,114.75,113.38999938964844,114.61000061035156,106.98497772216797,22176900
2015-11-03,114.37999725341797,115.41999816894531,114.20999908447266,115.01000213623047,107.3583755493164,20418400
2015-11-04,115.38999938964844,115.47000122070312,114.54000091552734,115.0199966430664,107.36770629882812,28633000
2015-11-05,115.12000274658203,115.4000015258789,114.11000061035156,114.70999908447266,107.07830810546875,25004100
2015-11-06,114.48999786376953,114.91999816894531,113.76000213623047,114.79000091552734,107.15299224853516,29924900
2015-11-09,114.36000061035156,114.51000213623047,112.87000274658203,113.56999969482422,106.01417541503906,33479800
2015-11-10,112.97000122070312,113.38999938964844,112.62999725341797,113.27999877929688,105.74347686767578,35452100
2015-11-11,113.58999633789062,114.13999938964844,112.94999694824219,113.13999938964844,105.61278533935547,22748800
2015-11-12,112.68000030517578,113.2300033569336,111.95999908447266,112.04000091552734,104.5859603881836,31196900
2015-11-13,111.56999969482422,111.69000244140625,109.77999877929688,109.83999633789062,102.53233337402344,52836000
2015-11-16,109.7300033569336,111.44000244140625,109.4800033569336,111.41999816894531,104.00720977783203,33980600
2015-11-17,111.61000061035156,112.29000091552734,111.20999908447266,111.48999786376953,104.07256317138672,30579500
2015-11-18,111.94000244140625,113.73999786376953,111.83000183105469,113.62999725341797,106.07018280029297,32966500
2015-11-19,113.69000244140625,114.2300033569336,113.48999786376953,113.70999908447266,106.14485931396484,26188100
2015-11-20,114.25,114.56999969482422,114.13999938964844,114.4800033569336,106.86361694335938,22727600
2015-11-23,114.5199966430664,114.94000244140625,113.66000366210938,114.1500015258789,106.55558776855469,20696200
2015-11-24,113.41000366210938,114.31999969482422,112.83999633789062,114.05000305175781,106.46224975585938,26374400
2015-11-25,114.22000122070312,114.36000061035156,113.91000366210938,114.1500015258789,106.55558776855469,14159900
2015-11-27,114.4000015258789,114.54000091552734,113.91999816894531,114.30999755859375,106.70494842529297,8828000
2015-11-30,114.6500015258789,114.6500015258789,113.6500015258789,114.0199966430664,106.4342269897461,25041600
2015-12-01,114.4800033569336,115.16000366210938,114.33999633789062,115.16000366210938,107.4983901977539,28639400
2015-12-02,115.25,115.75,114.27999877929688,114.44999694824219,106.83560943603516,22395500
2015-12-03,114.76000213623047,114.95999908447266,111.83999633789062,112.51000213623047,105.0246810913086,42754300
2015-12-04,112.8499984741211,115.33000183105469,112.62000274658203,115.13999938964844,107.4797134399414,40037300
2015-12-07,115.22000122070312,115.29000091552734,114.06999969482422,114.62000274658203,106.99430847167969,25892100
2015-12-08,113.41999816894531,115.0,113.37999725341797,114.62999725341797,107.00365447998047,30792600
2015-12-09,114.12999725341797,114.76000213623047,112.19999694824219,112.88999938964844,105.37939453125,48509200
2015-12-10,113.1500015258789,114.16000366210938,112.80999755859375,113.4000015258789,105.85547637939453,30154600
2015-12-11,112.08999633789062,112.38999938964844,110.72000122070312,110.79000091552734,103.41912078857422,56022200
2015-12-14,110.94000244140625,111.68000030517578,109.37999725341797,111.62999725341797,104.2032470703125,53098500
2015-12-15,112.66000366210938,113.27999877929688,112.16999816894531,112.30999755859375,104.83798217773438,48428000
2015-12-16,113.06999969482422,114.16999816894531,111.88999938964844,113.9800033569336,106.39688873291016,44944100
2015-12-17,114.4800033569336,114.4800033569336,112.30000305175781,112.31999969482422,104.84732818603516,45668800
2015-12-18,111.62999725341797,111.87999725341797,109.83000183105469,109.83000183105469,102.83612060546875,53746100
2015-12-21,110.87000274658203,111.06999969482422,110.05000305175781,111.05000305175781,103.97842407226562,26432800
2015-12-22,111.63999938964844,111.94000244140625,111.05000305175781,111.77999877929688,104.66193389892578,26540300
2015-12-23,112.36000061035156,112.69000244140625,112.16000366210938,112.61000061035156,105.4390869140625,25656900
2015-12-24,112.61000061035156,112.9000015258789,112.54000091552734,112.58999633789062,105.42034912109375,11468600
2015-12-28,112.31999969482422,112.55000305175781,111.51000213623047,112.52999877929688,105.3641586303711,19183600
2015-12-29,113.19999694824219,114.55000305175781,113.12999725341797,114.30000305175781,107.02149200439453,27725700
2015-12-30,114.19999694824219,114.23999786376953,113.25,113.2699966430664,106.05704498291016,19520100
2015-12-31,112.87000274658203,113.08000183105469,111.83999633789062,111.86000061035156,104.73684692382812,29886800
2016-01-04,109.44999694824219,109.5999984741211,108.12000274658203,109.5,102.52711486816406,50807600
2016-01-05,110.04000091552734,110.18000030517578,108.80000305175781,109.30999755859375,102.3492202758789,38795200
2016-01-06,107.41000366210938,108.88999938964844,107.41000366210938,108.26000213623047,101.36610412597656,41891100
2016-01-07,105.94999694824219,107.29000091552734,104.80999755859375,104.87000274658203,98.19197845458984,61386300
2016-01-08,105.62999725341797,106.29000091552734,103.9000015258789,104.01000213623047,97.38670349121094,69344000
2016-01-11,104.75,105.05999755859375,102.7300033569336,104.33000183105469,97.68638610839844,50024100
2016-01-12,105.33000183105469,106.08000183105469,104.08000183105469,105.54000091552734,98.81929779052734,46734200
2016-01-13,105.97000122070312,106.2300033569336,101.73999786376953,101.9000015258789,95.41109466552734,69870700
2016-01-14,102.30000305175781,104.9800033569336,100.66999816894531,104.06999969482422,97.44291687011719,78445700
2016-01-15,100.62000274658203,101.94000244140625,99.51000213623047,100.83999633789062,94.41859436035156,91443900
2016-01-19,102.20999908447266,102.37000274658203,99.87999725341797,101.05999755859375,94.62458801269531,56563800
2016-01-20,99.47000122070312,101.83000183105469,97.25,100.75,94.33431243896484,86675000
2016-01-21,101.18000030517578,102.3499984741211,99.81999969482422,100.8499984741211,94.4279556274414,61660100
2016-01-22,102.87999725341797,103.80999755859375,102.52999877929688,103.7699966430664,97.16197967529297,42229800
2016-01-25,103.4000015258789,103.98999786376953,102.13999938964844,102.2300033569336,95.72010040283203,38881500
2016-01-26,102.66000366210938,103.58999633789062,101.76000213623047,103.1500015258789,96.58150482177734,36143900
2016-01-27,102.55000305175781,102.98999786376953,100.1500015258789,100.58000183105469,94.17515563964844,54524700
2016-01-28,102.25,102.29000091552734,100.26000213623047,102.0,95.50470733642578,47641500
2016-01-29,101.97000122070312,104.16999816894531,101.94000244140625,104.12999725341797,97.49907684326172,54245100
2016-02-01,103.62999725341797,104.80000305175781,103.2300033569336,104.41000366210938,97.76127624511719,32750300
2016-02-02,103.93000030517578,103.97000122070312,101.83999633789062,102.1500015258789,95.64517974853516,44928100
2016-02-03,102.83000183105469,102.83000183105469,99.87999725341797,101.66000366210938,95.18637084960938,61572900
2016-02-04,101.38999938964844,102.45999908447266,100.44000244140625,101.6500015258789,95.1770248413086,49321600
2016-02-05,101.29000091552734,101.33000183105469,97.72000122070312,98.12000274658203,91.87179565429688,70749900
2016-02-08,96.29000091552734,97.05000305175781,94.83999633789062,96.62000274658203,90.46730041503906,91673100
2016-02-09,95.33000183105469,97.77999877929688,95.18000030517578,96.31999969482422,90.18641662597656,73778400
2016-02-10,97.43000030517578,98.69000244140625,96.62000274658203,96.69000244140625,90.53287506103516,59421700
2016-02-11,95.45999908447266,97.31999969482422,95.19000244140625,96.55000305175781,90.40177154541016,76839200
2016-02-12,97.63999938964844,98.12000274658203,96.7300033569336,98.0199966430664,91.77815246582031,49186500
2016-02-16,99.47000122070312,100.2300033569336,98.8499984741211,100.2300033569336,93.84745025634766,40565900
2016-02-17,100.95999908447266,102.63999938964844,100.69999694824219,102.5,95.97289276123047,41766500
2016-02-18,102.81999969482422,102.83999633789062,101.19999694824219,101.33000183105469,94.8774185180664,38991500
2016-02-19,100.83999633789062,101.94000244140625,100.62000274658203,101.62999725341797,95.15828704833984,28257900
2016-02-22,102.58000183105469,103.37999725341797,102.4800033569336,103.27999877929688,96.70318603515625,23979100
2016-02-23,102.68000030517578,102.95999908447266,101.51000213623047,101.58000183105469,95.11146545410156,29869700
2016-02-24,100.38999938964844,102.68000030517578,99.7699966430664,102.55000305175781,96.01970672607422,40739100
2016-02-25,102.76000213623047,103.55999755859375,101.83999633789062,103.55999755859375,96.96537017822266,29389300
2016-02-26,104.3499984741211,104.37000274658203,103.18000030517578,103.43000030517578,96.84365844726562,30925000
2016-02-29,103.33000183105469,104.0999984741211,102.5,102.5,95.97289276123047,27553900
2016-03-01,103.4800033569336,105.79000091552734,103.16000366210938,105.79000091552734,99.05335998535156,37699800
2016-03-02,105.66000366210938,105.8499984741211,105.01000213623047,105.83000183105469,99.09082794189453,29209800
2016-03-03,105.72000122070312,105.75,104.87000274658203,105.62999725341797,98.903564453125,25474600
2016-03-04,105.75,106.3499984741211,104.97000122070312,105.66999816894531,98.94100952148438,31655400
2016-03-07,105.12999725341797,105.73999786376953,104.2699966430664,105.0199966430664,98.33241271972656,25861200
2016-03-08,104.30000305175781,105.20999908447266,103.97000122070312,104.1500015258789,97.51782989501953,28898500
2016-03-09,104.54000091552734,104.83999633789062,103.95999908447266,104.81999969482422,98.14514923095703,31047400
2016-03-10,105.26000213623047,105.86000061035156,103.30999755859375,104.66000366210938,97.99533081054688,44236100
2016-03-11,105.79000091552734,106.48999786376953,105.45999908447266,106.48999786376953,99.70879364013672,31454000
2016-03-14,106.08999633789062,106.91999816894531,106.05999755859375,106.66999816894531,99.87733459472656,25374900
2016-03-15,106.29000091552734,106.75,105.94999694824219,106.62999725341797,99.83992004394531,26524600
2016-03-16,106.37000274658203,107.86000061035156,106.33999633789062,107.58000183105469,100.7293930053711,31693100
2016-03-17,107.2699966430664,107.7699966430664,106.87000274658203,107.5199966430664,100.67320251464844,29623700
2016-03-18,107.45999908447266,107.63999938964844,106.80000305175781,107.37000274658203,100.83098602294922,37682300
2016-03-21,107.18000030517578,107.88999938964844,107.12000274658203,107.79000091552734,101.22539520263672,17288600
2016-03-22,107.18000030517578,108.37000274658203,107.16000366210938,108.12000274658203,101.53529357910156,18840300
2016-03-23,107.91000366210938,107.98999786376953,106.98999786376953,107.2300033569336,100.69950103759766,20912900
2016-03-24,106.70999908447266,107.29000091552734,106.52999877929688,107.26000213623047,100.7276840209961,19017300
2016-03-28,107.55999755859375,107.58000183105469,106.91999816894531,107.11000061035156,100.58682250976562,13892300
2016-03-29,106.91000366210938,108.9000015258789,106.7300033569336,108.83000183105469,102.20205688476562,29963900
2016-03-30,109.4800033569336,110.04000091552734,109.12999725341797,109.36000061035156,102.69978332519531,23807200
2016-03-31,109.27999877929688,109.69000244140625,109.02999877929688,109.19999694824219,102.5495376586914,21447200
2016-04-01,108.54000091552734,110.4000015258789,108.38999938964844,110.36000061035156,103.6388931274414,26389000
2016-04-04,110.36000061035156,110.44000244140625,109.68000030517578,109.94000244140625,103.24446868896484,17163000
2016-04-05,109.08999633789062,109.5,108.73999786376953,108.87999725341797,102.2490005493164,20107900
2016-04-06,108.98999786376953,110.70999908447266,108.98999786376953,110.66999816894531,103.93000793457031,25056000
2016-04-07,110.02999877929688,110.2300033569336,108.61000061035156,109.08000183105469,102.43682098388672,28567200
2016-04-08,109.76000213623047,110.0199966430664,108.62000274658203,109.0,102.36170959472656,22898000
2016-04-11,109.47000122070312,110.0199966430664,108.58999633789062,108.5999984741211,101.98607635498047,25772100
2016-04-12,108.68000030517578,109.72000122070312,108.0199966430664,109.51000213623047,102.84063720703125,28564100
2016-04-13,110.3499984741211,111.08000183105469,110.20999908447266,110.91000366210938,104.15540313720703,25356700
2016-04-14,110.93000030517578,111.33000183105469,110.0,110.91999816894531,104.164794921875,17199700
2016-04-15,110.83000183105469,111.05999755859375,110.36000061035156,110.63999938964844,103.90184020996094,21353300
2016-04-18,110.31999969482422,111.2699966430664,110.25,111.2300033569336,104.45591735839844,17126100
2016-04-19,111.44000244140625,111.44000244140625,109.87999725341797,110.55000305175781,103.81729888916016,42481400
2016-04-20,110.55000305175781,111.1500015258789,110.16999816894531,110.63999938964844,103.90184020996094,18078300
2016-04-21,110.58000183105469,111.05000305175781,110.1500015258789,110.6500015258789,103.9112319946289,20216000
2016-04-22,109.20999908447266,109.72000122070312,108.12000274658203,108.9800033569336,102.34293365478516,39074000
2016-04-25,108.6500015258789,108.98999786376953,108.44999694824219,108.9800033569336,102.34293365478516,14351900
2016-04-26,109.20999908447266,109.38999938964844,108.12000274658203,108.44999694824219,101.84520721435547,19118300
2016-04-27,107.33999633789062,107.83000183105469,106.69000244140625,107.58000183105469,101.02820587158203,33059800
2016-04-28,107.69999694824219,108.33000183105469,106.06999969482422,106.27999877929688,99.80736541748047,29818200
2016-04-29,106.27999877929688,106.5,104.87999725341797,105.72000122070312,99.2814712524414,67502800
2016-05-02,105.98999786376953,106.87000274658203,105.55000305175781,106.72000122070312,100.22053527832031,24813800
2016-05-03,105.95999908447266,106.44000244140625,105.44999694824219,105.7300033569336,99.2908706665039,38569400
2016-05-04,105.08999633789062,105.4800033569336,104.79000091552734,105.05000305175781,98.65227508544922,27474500
2016-05-05,105.43000030517578,105.66000366210938,104.80999755859375,105.0199966430664,98.62410736083984,20788100
2016-05-06,104.5,105.5999984741211,104.4000015258789,105.58000183105469,99.14997100830078,30758500
2016-05-09,105.58999633789062,106.37000274658203,105.54000091552734,105.87999725341797,99.43172454833984,19289600
2016-05-10,106.26000213623047,107.37999725341797,106.06999969482422,107.33000183105469,100.79341125488281,21178900
2016-05-11,107.16999816894531,107.48999786376953,106.33000183105469,106.36000061035156,99.88249206542969,20966300
2016-05-12,106.61000061035156,106.73999786376953,105.13999938964844,105.88999938964844,99.44110870361328,29196300
2016-05-13,105.80000305175781,106.44999694824219,105.29000091552734,105.5,99.07488250732422,21059300
2016-05-16,105.66000366210938,107.20999908447266,105.55999755859375,106.81999969482422,100.3144760131836,18311900
2016-05-17,106.7300033569336,107.04000091552734,105.19999694824219,105.4800033569336,99.05608367919922,29932700
2016-05-18,105.23999786376953,106.43000030517578,105.04000091552734,105.86000061035156,99.4129409790039,27524400
2016-05-19,105.44999694824219,105.70999908447266,104.54000091552734,105.30999755859375,98.89643859863281,27334600
2016-05-20,105.7300033569336,106.9000015258789,105.66999816894531,106.47000122070312,99.98578643798828,29549600
2016-05-23,106.58999633789062,106.97000122070312,106.2300033569336,106.33000183105469,99.85433197021484,15729800
2016-05-24,106.91999816894531,108.58999633789062,106.88999938964844,108.45999908447266,101.85457611083984,29931300
2016-05-25,108.87000274658203,109.56999969482422,108.68000030517578,109.23999786376953,102.58711242675781,37951700
2016-05-26,109.3499984741211,109.69999694824219,109.08999633789062,109.55999755859375,102.88761138916016,21885900
2016-05-27,109.62999725341797,110.13999938964844,109.61000061035156,110.12999725341797,103.42288208007812,19870000
2016-05-31,110.27999877929688,110.51000213623047,109.77999877929688,110.33999633789062,103.62010955810547,24366100
2016-06-01,110.0,110.5999984741211,109.91000366210938,110.3499984741211,103.62947845458984,19571500
2016-06-02,110.12999725341797,110.58999633789062,109.52999877929688,110.58000183105469,103.8454818725586,15696600
2016-06-03,110.37000274658203,110.41999816894531,109.33999633789062,110.05999755859375,103.3571548461914,20269900
2016-06-06,110.26000213623047,110.75,110.06999969482422,110.45999908447266,103.73279571533203,12502400
2016-06-07,110.5199966430664,110.62999725341797,110.12999725341797,110.18000030517578,103.46983337402344,12184300
2016-06-08,110.37000274658203,110.5999984741211,109.95999908447266,110.37000274658203,103.6482925415039,14568700
2016-06-09,109.91999816894531,110.30999755859375,109.70999908447266,110.19000244140625,103.47923278808594,17571600
2016-06-10,109.19000244140625,109.4000015258789,108.55999755859375,108.94000244140625,102.30535125732422,32965000
2016-06-13,108.31999969482422,108.93000030517578,107.88999938964844,108.02999877929688,101.4507827758789,25154700
2016-06-14,107.73999786376953,108.41999816894531,107.23999786376953,108.02999877929688,101.4507827758789,24588500
2016-06-15,108.29000091552734,108.44000244140625,107.54000091552734,107.72000122070312,101.15965270996094,24605700
2016-06-16,107.19000244140625,108.13999938964844,106.5,108.04000091552734,101.46018981933594,32079900
2016-06-17,107.52999877929688,107.68000030517578,106.23999786376953,106.48999786376953,100.27093505859375,29208800
2016-06-20,107.7300033569336,108.23999786376953,107.08000183105469,107.16000366210938,100.90180206298828,20562800
2016-06-21,107.30000305175781,107.72000122070312,107.0999984741211,107.5,101.22196197509766,22804100
2016-06-22,107.55999755859375,108.19000244140625,107.1500015258789,107.23999786376953,100.97713470458984,22724200
2016-06-23,108.06999969482422,108.79000091552734,107.62000274658203,108.7699966430664,102.41778564453125,18714200
2016-06-24,104.9000015258789,106.5,104.05999755859375,104.29000091552734,98.19940185546875,68012700
2016-06-27,103.5999984741211,103.5999984741211,101.75,102.22000122070312,96.25032043457031,48222600
2016-06-28,103.3499984741211,104.51000213623047,103.30000305175781,104.45999908447266,98.3594741821289,28260600
2016-06-29,105.27999877929688,106.52999877929688,105.2300033569336,106.30999755859375,100.10145568847656,31356700
2016-06-30,106.48999786376953,107.61000061035156,106.12999725341797,107.54000091552734,101.25962829589844,36300800
2016-07-01,107.48999786376953,108.4800033569336,107.44999694824219,108.08000183105469,101.76807403564453,19902800
2016-07-05,107.51000213623047,107.66000366210938,106.83999633789062,107.41999816894531,101.14661407470703,21167900
2016-07-06,106.91000366210938,108.3499984741211,106.56999969482422,108.30000305175781,101.97523498535156,24579300
2016-07-07,108.4000015258789,108.86000061035156,108.11000061035156,108.62000274658203,102.27652740478516,19161700
2016-07-08,109.19999694824219,110.36000061035156,109.0199966430664,110.30000305175781,103.8584213256836,29457900
2016-07-11,110.66999816894531,111.33999633789062,110.66000366210938,110.93000030517578,104.45165252685547,20218500
2016-07-12,111.61000061035156,111.79000091552734,111.33999633789062,111.48999786376953,104.97895050048828,21906100
2016-07-13,111.75,111.81999969482422,111.20999908447266,111.22000122070312,104.72469329833984,21107800
2016-07-14,111.95999908447266,112.19000244140625,111.69999694824219,111.9800033569336,105.44032287597656,20871000
2016-07-15,112.23999786376953,112.30000305175781,111.55000305175781,111.80000305175781,105.27084350585938,17999300
2016-07-18,111.87000274658203,112.73999786376953,111.8499984741211,112.54000091552734,105.96760559082031,20713900
2016-07-19,112.1500015258789,112.4800033569336,111.93000030517578,112.12999725341797,105.5815658569336,18936700
2016-07-20,112.73999786376953,113.6500015258789,112.5999984741211,113.44000244140625,106.8150405883789,24997900
2016-07-21,113.5199966430664,113.73999786376953,112.87000274658203,113.18000030517578,106.57023620605469,18885400
2016-07-22,113.26000213623047,113.77999877929688,112.91000366210938,113.6500015258789,107.01278686523438,20003400
2016-07-25,113.55999755859375,113.69000244140625,113.27999877929688,113.66000366210938,107.022216796875,12968100
2016-07-26,113.62000274658203,114.19999694824219,113.22000122070312,113.79000091552734,107.14460754394531,21223800
2016-07-27,114.75,114.87999725341797,114.0999984741211,114.58000183105469,107.88848114013672,27646100
2016-07-28,114.76000213623047,115.11000061035156,114.4000015258789,114.9800033569336,108.26512908935547,16939700
2016-07-29,115.23999786376953,115.54000091552734,114.87000274658203,115.2300033569336,108.5005111694336,22385300
2016-08-01,115.30999755859375,116.12999725341797,115.16999816894531,115.83999633789062,109.07486724853516,13990100
2016-08-02,115.66999816894531,115.7699966430664,114.22000122070312,114.95999908447266,108.24626922607422,21278400
2016-08-03,114.87000274658203,115.3499984741211,114.80000305175781,115.33999633789062,108.60408782958984,15011300
2016-08-04,115.30000305175781,115.77999877929688,115.02999877929688,115.66999816894531,108.91481018066406,12835300
2016-08-05,116.26000213623047,117.04000091552734,116.12999725341797,116.77999877929688,109.95999908447266,23196600
2016-08-08,116.83999633789062,116.87000274658203,116.27999877929688,116.6500015258789,109.83757781982422,12358200
2016-08-09,116.73999786376953,117.29000091552734,116.66999816894531,116.91999816894531,110.09181213378906,13276500
2016-08-10,116.98999786376953,117.0199966430664,116.30999755859375,116.62000274658203,109.80931854248047,14688400
2016-08-11,117.0199966430664,117.37000274658203,116.77999877929688,117.12000274658203,110.28014373779297,12969800
2016-08-12,116.91999816894531,117.20999908447266,116.79000091552734,117.19999694824219,110.35548400878906,19379000
2016-08-15,117.3499984741211,117.97000122070312,117.30999755859375,117.69999694824219,110.82626342773438,11777800
2016-08-16,117.4800033569336,117.48999786376953,117.02999877929688,117.05000305175781,110.21422576904297,14161400
2016-08-17,117.08000183105469,117.30000305175781,116.43000030517578,117.26000213623047,110.41193389892578,15980300
2016-08-18,117.1500015258789,117.45999908447266,116.94999694824219,117.29000091552734,110.44022369384766,10036300
2016-08-19,117.08000183105469,117.5199966430664,116.76000213623047,117.26000213623047,110.41193389892578,18743000
2016-08-22,117.08999633789062,117.55000305175781,116.87000274658203,117.3499984741211,110.49668884277344,14500600
2016-08-23,117.80999755859375,118.01000213623047,117.51000213623047,117.55999755859375,110.69445037841797,11997900
2016-08-24,117.4800033569336,117.63999938964844,116.41000366210938,116.80000305175781,109.97881317138672,17728700
2016-08-25,116.5,116.97000122070312,116.36000061035156,116.61000061035156,109.79991912841797,24266300
2016-08-26,116.6500015258789,117.54000091552734,116.08000183105469,116.77999877929688,109.95999908447266,23896000
2016-08-29,116.80999755859375,117.25,116.79000091552734,116.94000244140625,110.11065673828125,11184900
2016-08-30,116.75,117.08999633789062,116.16000366210938,116.55999755859375,109.75282287597656,19843300
2016-08-31,116.37999725341797,116.55999755859375,115.94999694824219,116.44000244140625,109.63984680175781,16169800
2016-09-01,116.4800033569336,116.87999725341797,115.91000366210938,116.73999786376953,109.92232513427734,20944700
2016-09-02,117.31999969482422,117.55999755859375,116.68000030517578,117.12000274658203,110.28014373779297,18088200
2016-09-06,117.31999969482422,117.8499984741211,117.05999755859375,117.8499984741211,110.96751403808594,18525200
2016-09-07,117.95999908447266,118.12000274658203,117.47000122070312,117.91999816894531,111.0334243774414,17546900
2016-09-08,117.56999969482422,117.5999984741211,116.91999816894531,117.2300033569336,110.38369750976562,20125300
2016-09-09,116.25,116.51000213623047,114.26000213623047,114.27999877929688,107.60600280761719,50813300
2016-09-12,113.63999938964844,116.48999786376953,113.62999725341797,116.33000183105469,109.5362548828125,39646000
2016-09-13,115.75,116.08999633789062,114.7300033569336,115.29000091552734,108.55701446533203,45863900
2016-09-14,115.41000366210938,116.47000122070312,115.37999725341797,115.83999633789062,109.07486724853516,28221800
2016-09-15,115.87000274658203,117.81999969482422,115.86000061035156,117.63999938964844,110.76974487304688,38521400
2016-09-16,117.22000122070312,117.41000366210938,116.70999908447266,117.29000091552734,110.7169189453125,27596500
2016-09-19,117.58999633789062,117.94999694824219,116.55000305175781,116.77999877929688,110.2354965209961,16222900
2016-09-20,117.19999694824219,117.4800033569336,116.80000305175781,117.0,110.44315338134766,18078600
2016-09-21,117.5,118.31999969482422,116.80999755859375,118.1500015258789,111.5287094116211,31546800
2016-09-22,118.83999633789062,119.22000122070312,118.72000122070312,119.08999633789062,112.4160385131836,22614400
2016-09-23,119.0,119.0,118.16000366210938,118.33000183105469,111.69861602783203,22213400
2016-09-26,117.66000366210938,117.80000305175781,117.16999816894531,117.33999633789062,110.76409149169922,16403900
2016-09-27,117.26000213623047,118.55999755859375,117.1500015258789,118.5,111.85911560058594,20238400
2016-09-28,118.6500015258789,118.7699966430664,118.08999633789062,118.69999694824219,112.04789733886719,14794300
2016-09-29,118.5,118.72000122070312,117.33000183105469,117.83999633789062,111.23607635498047,27207500
2016-09-30,118.1500015258789,119.06999969482422,118.02999877929688,118.72000122070312,112.06676483154297,25543200
2016-10-03,118.56999969482422,118.69999694824219,118.08999633789062,118.55000305175781,111.90629577636719,19216400
2016-10-04,118.9000015258789,119.16000366210938,117.91999816894531,118.37000274658203,111.73638916015625,21239700
2016-10-05,118.72000122070312,119.16999816894531,118.66999816894531,118.79000091552734,112.13285064697266,14481300
2016-10-06,118.63999938964844,118.9800033569336,118.1500015258789,118.7300033569336,112.07621002197266,11987100
2016-10-07,118.83999633789062,119.01000213623047,117.88999938964844,118.47000122070312,111.83079528808594,19984200
2016-10-10,119.08000183105469,119.4800033569336,119.02999877929688,119.22000122070312,112.53874206542969,19687300
2016-10-11,119.12000274658203,119.13999938964844,117.0,117.5199966430664,110.93401336669922,27774400
2016-10-12,117.62999725341797,117.81999969482422,117.05999755859375,117.41999816894531,110.83963012695312,14267800
2016-10-13,116.62000274658203,117.31999969482422,115.94000244140625,117.0,110.44315338134766,22821000
2016-10-14,117.58000183105469,118.05000305175781,117.06999969482422,117.13999938964844,110.57533264160156,21313300
2016-10-17,117.04000091552734,117.30000305175781,116.66999816894531,116.81999969482422,110.27323913574219,14182700
2016-10-18,118.20999908447266,118.41000366210938,117.80000305175781,117.86000061035156,111.25495910644531,19276700
2016-10-19,117.7699966430664,118.0199966430664,117.63999938964844,117.8499984741211,111.24552917480469,13702900
2016-10-20,117.7300033569336,117.97000122070312,117.02999877929688,117.70999908447266,111.11334991455078,18132200
2016-10-21,117.80000305175781,118.22000122070312,117.41000366210938,118.1500015258789,111.5287094116211,15707800
2016-10-24,118.91000366210938,119.6500015258789,118.88999938964844,119.56999969482422,112.86914825439453,19143000
2016-10-25,119.63999938964844,119.66000366210938,119.01000213623047,119.19000244140625,112.51042175292969,20341800
2016-10-26,118.41999816894531,119.02999877929688,118.02999877929688,118.37999725341797,111.74583435058594,20463700
2016-10-27,118.88999938964844,118.98999786376953,117.66999816894531,117.83999633789062,111.23607635498047,19099800
2016-10-28,117.5,118.11000061035156,116.73999786376953,117.0999984741211,110.53753662109375,35369300
2016-10-31,117.52999877929688,117.52999877929688,116.93000030517578,116.98999786376953,110.43375396728516,18749400
2016-11-01,117.19000244140625,117.20999908447266,115.0999984741211,116.11000061035156,109.60304260253906,23498700
2016-11-02,116.02999877929688,116.30000305175781,114.88999938964844,115.18000030517578,108.72517395019531,26960100
2016-11-03,114.98999786376953,115.37000274658203,113.91999816894531,114.05000305175781,107.65850830078125,36205200
2016-11-04,113.7699966430664,114.54000091552734,113.44999694824219,113.6500015258789,107.2809066772461,26997500
2016-11-07,115.48999786376953,116.47000122070312,115.30000305175781,116.3499984741211,109.82959747314453,26591200
2016-11-08,116.2300033569336,117.63999938964844,115.95999908447266,117.11000061035156,110.5469970703125,20777900
2016-11-09,115.73999786376953,117.83999633789062,115.5999984741211,117.6500015258789,111.05672454833984,70234400
2016-11-10,118.22000122070312,118.37999725341797,114.19999694824219,115.75,109.26321411132812,72825400
2016-11-11,115.25,116.05000305175781,114.83999633789062,115.80000305175781,109.31039428710938,41115200
2016-11-14,115.83000183105469,115.94000244140625,114.02999877929688,114.62999725341797,108.20597839355469,35906000
2016-11-15,115.5,116.62000274658203,115.33000183105469,116.22000122070312,109.70686340332031,31796600
2016-11-16,115.66999816894531,116.98999786376953,115.66999816894531,116.91000366210938,110.35820770263672,16538100
2016-11-17,116.8499984741211,117.77999877929688,116.61000061035156,117.76000213623047,111.16056823730469,20598600
2016-11-18,117.9000015258789,118.0999984741211,117.20999908447266,117.31999969482422,110.74522399902344,16428700
2016-11-21,117.61000061035156,118.6500015258789,117.56999969482422,118.54000091552734,111.89686584472656,20268500
2016-11-22,119.01000213623047,119.19000244140625,118.61000061035156,118.9000015258789,112.23667907714844,18850600
2016-11-23,118.51000213623047,118.63999938964844,117.9000015258789,118.41999816894531,111.7835922241211,22926000
2016-11-25,118.55999755859375,118.8499984741211,118.41999816894531,118.80000305175781,112.14228057861328,7162800
2016-11-28,118.6500015258789,119.08000183105469,118.41000366210938,118.52999877929688,111.88740539550781,13479000
2016-11-29,118.63999938964844,119.51000213623047,118.30000305175781,118.94000244140625,112.2744140625,18553000
2016-11-30,119.08999633789062,119.12999725341797,117.45999908447266,117.5,110.9151382446289,30405300
2016-12-01,117.45999908447266,117.47000122070312,115.29000091552734,115.47000122070312,108.9989013671875,39796600
2016-12-02,115.54000091552734,116.16000366210938,115.22000122070312,115.69999694824219,109.21598815917969,32876800
2016-12-05,116.30000305175781,117.05999755859375,115.7699966430664,116.5999984741211,110.06559753417969,21419700
2016-12-06,116.93000030517578,117.08000183105469,116.38999938964844,116.87999725341797,110.32987976074219,27293300
2016-12-07,116.63999938964844,118.51000213623047,116.29000091552734,118.36000061035156,111.7269287109375,26622400
2016-12-08,118.41000366210938,118.87000274658203,118.18000030517578,118.56999969482422,111.92518615722656,18578400
2016-12-09,119.01000213623047,119.54000091552734,119.0,119.5,112.80305480957031,21863100
2016-12-12,118.97000122070312,119.20999908447266,118.47000122070312,118.95999908447266,112.29334259033203,23259300
2016-12-13,119.31999969482422,121.11000061035156,119.31999969482422,120.45999908447266,113.70925903320312,54477900
2016-12-14,120.61000061035156,121.0,119.86000061035156,120.20999908447266,113.47327423095703,28746000
2016-12-15,120.37000274658203,121.11000061035156,120.08000183105469,120.4000015258789,113.65261840820312,22762300
2016-12-16,120.33999633789062,120.58000183105469,119.36000061035156,119.5999984741211,113.23131561279297,26283900
2016-12-19,119.72000122070312,120.83000183105469,119.55000305175781,120.08999633789062,113.69520568847656,21138700
2016-12-20,120.47000122070312,120.7699966430664,120.33000183105469,120.55000305175781,114.13074493408203,11461800
2016-12-21,120.5999984741211,120.68000030517578,120.19000244140625,120.45999908447266,114.0455322265625,7079300
2016-12-22,120.47000122070312,120.5,119.6500015258789,120.12000274658203,113.7236328125,16645000
2016-12-23,119.91999816894531,120.25,119.80999755859375,120.19999694824219,113.79935455322266,9007500
2016-12-27,120.45999908447266,121.5199966430664,120.41000366210938,120.81999969482422,114.3863525390625,16110600
2016-12-28,121.08000183105469,121.19000244140625,119.80000305175781,119.87999725341797,113.49641418457031,17975200
2016-12-29,119.8499984741211,120.12999725341797,119.33000183105469,119.70999908447266,113.33544921875,13267500
2016-12-30,119.94000244140625,119.94999694824219,118.13999938964844,118.4800033569336,112.17093658447266,41749000
2017-01-03,119.2699966430664,119.98999786376953,118.88999938964844,119.54000091552734,113.17452239990234,22307600
2017-01-04,119.66999816894531,120.41000366210938,119.66000366210938,120.19000244140625,113.78990936279297,19749100
2017-01-05,120.0999984741211,120.94999694824219,120.0999984741211,120.87000274658203,114.43368530273438,20644300
2017-01-06,121.0,122.25,120.69000244140625,121.93000030517578,115.43724060058594,24074300
2017-01-09,122.02999877929688,122.55000305175781,121.94999694824219,122.33000183105469,115.81595611572266,18909200
2017-01-10,122.37999725341797,122.97000122070312,122.0999984741211,122.5999984741211,116.07157135009766,16176600
2017-01-11,122.6500015258789,122.93000030517578,122.0199966430664,122.93000030517578,116.38400268554688,20686000
2017-01-12,122.48999786376953,122.81999969482422,121.5999984741211,122.73999786376953,116.2041015625,19622500
2017-01-13,122.80000305175781,123.37000274658203,122.80000305175781,123.16000366210938,116.60173034667969,16930800
2017-01-17,122.83999633789062,123.02999877929688,122.43000030517578,122.79000091552734,116.25144958496094,14538500
2017-01-18,122.97000122070312,123.16000366210938,122.66000366210938,123.04000091552734,116.48815155029297,12499700
2017-01-19,123.22000122070312,123.6500015258789,122.72000122070312,122.9800033569336,116.43133544921875,12710700
2017-01-20,123.5199966430664,123.83000183105469,122.91999816894531,123.25,116.68698120117188,22091000
2017-01-23,123.16999816894531,123.52999877929688,122.56999969482422,123.3499984741211,116.78163146972656,17434200
2017-01-24,123.58999633789062,124.37000274658203,123.37999725341797,124.18000030517578,117.56742858886719,17640900
2017-01-25,124.95999908447266,125.45999908447266,124.8499984741211,125.43000030517578,118.7508544921875,15036200
2017-01-26,125.5999984741211,125.81999969482422,125.33999633789062,125.55999755859375,118.87395477294922,16052200
2017-01-27,125.83000183105469,125.91999816894531,125.38999938964844,125.80000305175781,119.10118865966797,15053000
2017-01-30,125.37999725341797,125.37999725341797,124.12999725341797,124.81999969482422,118.17335510253906,25006700
2017-01-31,124.37999725341797,124.5999984741211,123.8499984741211,124.56999969482422,117.9366455078125,19091100
2017-02-01,125.44999694824219,125.68000030517578,124.86000061035156,125.43000030517578,118.7508544921875,22861900
2017-02-02,125.20999908447266,125.69999694824219,124.86000061035156,125.31999969482422,118.64674377441406,15101400
2017-02-03,125.44999694824219,125.80999755859375,125.33000183105469,125.68000030517578,118.98755645751953,16957200
2017-02-06,125.47000122070312,125.8499984741211,125.3499984741211,125.83000183105469,119.12958526611328,11630100
2017-02-07,126.08999633789062,126.55000305175781,125.97000122070312,126.29000091552734,119.56507110595703,17541100
2017-02-08,126.12000274658203,126.68000030517578,125.87999725341797,126.5,119.76388549804688,12569100
2017-02-09,126.62999725341797,127.23999786376953,126.55999755859375,126.95999908447266,120.19940948486328,17542700
2017-02-10,127.23999786376953,127.55999755859375,127.0199966430664,127.37999725341797,120.5970230102539,13915700
2017-02-13,127.7699966430664,128.25999450683594,127.72000122070312,128.10000610351562,121.2787094116211,19120200
2017-02-14,128.14999389648438,128.5399932861328,127.73999786376953,128.52999877929688,121.68579864501953,16333500
2017-02-15,128.44000244140625,129.35000610351562,128.3699951171875,129.2899932861328,122.40531158447266,17891400
2017-02-16,129.3699951171875,129.6300048828125,128.9199981689453,129.25,122.36744689941406,15098300
2017-02-17,129.05999755859375,129.82000732421875,129.0399932861328,129.80999755859375,122.89763641357422,15563700
2017-02-21,130.05999755859375,130.52999877929688,129.99000549316406,130.4499969482422,123.50357818603516,18479600
2017-02-22,130.3300018310547,130.58999633789062,130.11000061035156,130.5,123.55085754394531,12110900
2017-02-23,130.6999969482422,130.6999969482422,129.49000549316406,130.00999450683594,123.08695983886719,17489000
2017-02-24,129.4199981689453,130.25999450683594,129.3800048828125,130.25999450683594,123.32369232177734,18624500
2017-02-27,130.02000427246094,130.42999267578125,129.8000030517578,130.4199981689453,123.47517395019531,12008700
2017-02-28,130.38999938964844,130.4499969482422,129.66000366210938,130.02000427246094,123.09645080566406,16598600
2017-03-01,130.85000610351562,131.67999267578125,130.60000610351562,131.44000244140625,124.44082641601562,25813800
2017-03-02,131.41000366210938,131.42999267578125,130.6199951171875,130.77999877929688,123.81598663330078,19951400
2017-03-03,130.69000244140625,131.05999755859375,130.33999633789062,131.02000427246094,124.04322052001953,13722700
2017-03-06,130.58999633789062,130.9499969482422,130.2100067138672,130.72999572753906,123.7686538696289,12026200
2017-03-07,130.47000122070312,131.0800018310547,130.27999877929688,130.50999450683594,123.56033325195312,15500900
2017-03-08,130.58999633789062,131.14999389648438,130.4600067138672,130.74000549316406,123.77811431884766,15776000
2017-03-09,130.7100067138672,131.02000427246094,130.13999938964844,130.83999633789062,123.87279510498047,20855300
2017-03-10,131.44000244140625,131.60000610351562,130.82000732421875,131.38999938964844,124.39349365234375,21922600
2017-03-13,131.33999633789062,131.63999938964844,131.27000427246094,131.61000061035156,124.60177612304688,10731600
2017-03-14,131.30999755859375,131.36000061035156,130.75999450683594,131.2899932861328,124.29879760742188,14019700
2017-03-15,131.55999755859375,132.41000366210938,131.13999938964844,132.10000610351562,125.06570434570312,22709100
2017-03-16,132.35000610351562,132.35000610351562,131.7100067138672,132.00999450683594,124.98048400878906,18457300
2017-03-17,131.89999389648438,132.0399932861328,131.6199951171875,131.69000244140625,124.93685913085938,21234500
2017-03-20,131.64999389648438,132.11000061035156,131.4600067138672,131.80999755859375,125.0506820678711,10105200
2017-03-21,132.30999755859375,132.42999267578125,129.72999572753906,129.80999755859375,123.15324401855469,35841900
2017-03-22,129.85000610351562,130.82000732421875,129.67999267578125,130.69000244140625,123.98814392089844,29177900
2017-03-23,130.52000427246094,130.8800048828125,130.13999938964844,130.36000061035156,123.6750717163086,20311700
2017-03-24,130.77999877929688,131.2899932861328,130.1300048828125,130.6300048828125,123.93120574951172,22967600
2017-03-27,129.6999969482422,131.07000732421875,129.39999389648438,130.83999633789062,124.13043975830078,18472400
2017-03-28,130.83999633789062,132.02999877929688,130.5500030517578,131.63999938964844,124.889404296875,23721900
2017-03-29,131.72999572753906,132.3000030517578,131.58999633789062,132.25,125.4681396484375,13710000
2017-03-30,132.1999969482422,132.61000061035156,132.0800018310547,132.47000122070312,125.67682647705078,16092400
2017-03-31,132.27999877929688,132.74000549316406,132.1300048828125,132.3800048828125,125.5914535522461,19841400
2017-04-03,132.49000549316406,132.80999755859375,131.55999755859375,132.3000030517578,125.51557159423828,23700300
2017-04-04,131.9199981689453,132.52999877929688,131.8699951171875,132.50999450683594,125.7148208618164,13400000
2017-04-05,132.6999969482422,133.47999572753906,131.72000122070312,131.97000122070312,125.20247650146484,32011200
2017-04-06,132.10000610351562,132.38999938964844,131.6999969482422,132.0399932861328,125.26885986328125,18832200
2017-04-07,132.0,132.3699951171875,131.5,131.97000122070312,125.20247650146484,16743100
2017-04-10,132.10000610351562,132.57000732421875,131.66000366210938,132.02000427246094,125.24993896484375,15619300
2017-04-11,131.89999389648438,132.10000610351562,130.5,131.4499969482422,124.70915222167969,33778400
2017-04-12,131.42999267578125,131.5399932861328,130.77999877929688,130.9199981689453,124.20635986328125,15955200
2017-04-13,130.74000549316406,131.50999450683594,130.3800048828125,130.39999389648438,123.71297454833984,23683000
2017-04-17,130.77000427246094,131.5,130.72000122070312,131.47999572753906,124.73761749267578,13325500
2017-04-18,131.0399932861328,131.66000366210938,130.9499969482422,131.27999877929688,124.54785919189453,12841100
2017-04-19,131.85000610351562,132.2899932861328,131.30999755859375,131.49000549316406,124.74710083007812,17764800
2017-04-20,132.02000427246094,132.8800048828125,131.82000732421875,132.58999633789062,125.79067993164062,21977900
2017-04-21,132.7100067138672,132.75999450683594,132.22000122070312,132.55999755859375,125.76223754882812,22454900
2017-04-24,134.02999877929688,134.2899932861328,133.8000030517578,134.16000366210938,127.28018951416016,22469900
2017-04-25,134.60000610351562,135.3699951171875,134.47999572753906,135.1300048828125,128.20046997070312,19384400
2017-04-26,135.17999267578125,135.50999450683594,134.86000061035156,134.94000244140625,128.02020263671875,25398500
2017-04-27,135.27000427246094,135.75,135.19000244140625,135.75,128.78863525390625,16136500
2017-04-28,136.2899932861328,136.33999633789062,135.77000427246094,135.99000549316406,129.01629638671875,22771900
2017-05-01,136.44000244140625,137.3800048828125,136.3800048828125,137.1999969482422,130.16427612304688,24815500
2017-05-02,137.3699951171875,137.49000549316406,137.02000427246094,137.42999267578125,130.38247680664062,18345100
2017-05-03,137.1199951171875,137.1699981689453,136.6199951171875,136.99000549316406,129.965087890625,23827600
2017-05-04,136.97000122070312,137.42999267578125,136.55999755859375,137.0399932861328,130.012451171875,14630100
2017-05-05,137.38999938964844,137.5399932861328,136.8800048828125,137.5399932861328,130.48687744140625,19330700
2017-05-08,137.61000061035156,137.83999633789062,137.3300018310547,137.83999633789062,130.7714385986328,13279900
2017-05-09,138.0500030517578,138.6300048828125,137.92999267578125,138.32000732421875,131.22689819335938,28426100
2017-05-10,138.39999389648438,138.4499969482422,137.91000366210938,138.39999389648438,131.3027801513672,20499400
2017-05-11,138.02000427246094,138.3300018310547,137.3800048828125,138.2899932861328,131.1984100341797,27232100
2017-05-12,138.35000610351562,138.6300048828125,138.22999572753906,138.60000610351562,131.4924774169922,19738600
2017-05-15,138.66000366210938,139.1199951171875,138.52999877929688,139.0399932861328,131.90994262695312,20481300
2017-05-16,139.39999389648438,139.63999938964844,138.99000549316406,139.6199951171875,132.46018981933594,21786000
2017-05-17,138.50999450683594,138.77000427246094,136.0500030517578,136.07000732421875,129.09228515625,55642200
2017-05-18,136.02000427246094,137.72000122070312,135.8699951171875,137.25999450683594,130.22120666503906,41319900
2017-05-19,137.75,138.4199981689453,137.66000366210938,137.83999633789062,130.7714385986328,36730100
2017-05-22,138.14999389648438,139.07000732421875,138.10000610351562,139.0,131.8719482421875,19509700
2017-05-23,139.41000366210938,139.4199981689453,138.77999877929688,139.13999938964844,132.00479125976562,19687500
2017-05-24,139.55999755859375,139.85000610351562,139.1699981689453,139.77999877929688,132.6119842529297,15891900
2017-05-25,140.30999755859375,141.3300018310547,140.00999450683594,140.97000122070312,133.74095153808594,23928600
2017-05-26,141.0,141.27999877929688,140.80999755859375,141.22000122070312,133.97813415527344,13851600
2017-05-30,141.14999389648438,141.50999450683594,141.05999755859375,141.33999633789062,134.09197998046875,20306400
2017-05-31,141.83999633789062,141.83999633789062,140.57000732421875,141.2899932861328,134.04454040527344,33229400
2017-06-01,141.5800018310547,141.89999389648438,140.97999572753906,141.83999633789062,134.56634521484375,20120700
2017-06-02,142.33999633789062,143.49000549316406,142.11000061035156,143.4600067138672,136.10330200195312,37222900
2017-06-05,143.4499969482422,143.67999267578125,143.22999572753906,143.42999267578125,136.0748291015625,15727500
2017-06-06,143.25999450683594,143.72999572753906,142.64999389648438,142.86000061035156,135.5340576171875,22393000
2017-06-07,143.25999450683594,143.5399932861328,142.60000610351562,143.4199981689453,136.0653076171875,18842400
2017-06-08,143.74000549316406,143.8000030517578,142.7899932861328,143.57000732421875,136.20761108398438,25417400
2017-06-09,143.74000549316406,143.89999389648438,138.11000061035156,139.97999572753906,132.8017120361328,109783700
2017-06-12,138.8000030517578,139.47999572753906,137.47000122070312,139.22999572753906,132.09017944335938,104454000
2017-06-13,140.00999450683594,140.55999755859375,139.27999877929688,140.36000061035156,133.1622314453125,51193000
2017-06-14,140.92999267578125,140.92999267578125,138.6199951171875,139.75,132.58348083496094,60093800
2017-06-15,138.33999633789062,139.27999877929688,137.49000549316406,139.1300048828125,131.99533081054688,55145200
2017-06-16,138.67999267578125,138.77999877929688,137.63999938964844,138.14999389648438,131.4226531982422,48087400
2017-06-19,139.49000549316406,140.58999633789062,139.27999877929688,140.4600067138672,133.62014770507812,39626500
2017-06-20,140.32000732421875,140.5,139.30999755859375,139.36000061035156,132.57369995117188,40935100
2017-06-21,139.67999267578125,140.80999755859375,139.58999633789062,140.74000549316406,133.8865203857422,35743400
2017-06-22,140.9600067138672,141.22000122070312,140.33999633789062,140.6999969482422,133.84844970703125,24099100
2017-06-23,140.5399932861328,141.4199981689453,140.14999389648438,141.24000549316406,134.3621826171875,21654300
2017-06-26,142.0500030517578,142.2899932861328,140.27000427246094,140.5800018310547,133.73431396484375,34411100
2017-06-27,140.0500030517578,140.22000122070312,138.02000427246094,138.02999877929688,131.30848693847656,65957800
2017-06-28,138.5399932861328,140.13999938964844,137.74000549316406,140.02000427246094,133.20159912109375,57427200
2017-06-29,139.44000244140625,139.44000244140625,136.25,137.58999633789062,130.88992309570312,88769400
2017-06-30,137.97999572753906,138.6699981689453,137.19000244140625,137.63999938964844,130.93748474121094,68898300
2017-07-03,138.27000427246094,138.42999267578125,136.10000610351562,136.19000244140625,129.55810546875,32797000
2017-07-05,136.6199951171875,137.89999389648438,136.16000366210938,137.52999877929688,130.83279418945312,42116600
2017-07-06,136.47999572753906,137.05999755859375,135.8000030517578,136.2899932861328,129.6532440185547,48430500
2017-07-07,136.75,138.1300048828125,136.74000549316406,137.75999450683594,131.05166625976562,36970400
2017-07-10,137.85000610351562,138.99000549316406,137.5,138.66000366210938,131.90780639648438,24853500
2017-07-11,138.4600067138672,139.22000122070312,137.94000244140625,139.0500030517578,132.27886962890625,31517700
2017-07-12,140.24000549316406,140.86000061035156,139.9600067138672,140.6999969482422,133.84844970703125,36045800
2017-07-13,140.8699951171875,141.35000610351562,140.60000610351562,141.00999450683594,134.14337158203125,31073600
2017-07-14,141.63999938964844,142.3000030517578,141.19000244140625,142.1199951171875,135.1992950439453,34544800
2017-07-17,142.27000427246094,142.69000244140625,141.9199981689453,142.19000244140625,135.26588439941406,25343200
2017-07-18,142.08999633789062,143.1699981689453,141.63999938964844,143.13999938964844,136.16964721679688,25748500
2017-07-19,143.55999755859375,144.19000244140625,143.5,143.97999572753906,136.96871948242188,33752300
2017-07-20,144.35000610351562,144.44000244140625,143.52000427246094,144.1699981689453,137.1494903564453,36139400
2017-07-21,143.63999938964844,144.11000061035156,143.35000610351562,144.11000061035156,137.09246826171875,39697100
2017-07-24,144.08999633789062,144.8699951171875,143.9199981689453,144.77000427246094,137.72030639648438,26712700
2017-07-25,144.2899932861328,144.74000549316406,144.00999450683594,144.39999389648438,137.3682861328125,28120900
2017-07-26,144.75999450683594,144.9499969482422,144.52999877929688,144.8699951171875,137.81536865234375,18610600
2017-07-27,145.82000732421875,145.9600067138672,142.3000030517578,143.9600067138672,136.94973754882812,80665900
2017-07-28,143.10000610351562,144.0800018310547,142.8699951171875,143.83999633789062,136.83554077148438,38013200
2017-07-31,144.25,144.42999267578125,142.9199981689453,143.22999572753906,136.25526428222656,33848600
2017-08-01,143.72000122070312,143.75999450683594,143.1199951171875,143.55999755859375,136.56919860839844,20149400
2017-08-02,144.49000549316406,144.52000427246094,142.61000061035156,143.9499969482422,136.94021606445312,41769700
2017-08-03,144.08999633789062,144.1699981689453,143.1300048828125,143.38999938964844,136.40745544433594,27112800
2017-08-04,143.7100067138672,143.97000122070312,143.05999755859375,143.64999389648438,136.65476989746094,29472900
2017-08-07,143.91000366210938,144.55999755859375,143.7100067138672,144.55999755859375,137.52047729492188,17933900
2017-08-08,144.27999877929688,145.47000122070312,143.89999389648438,144.30999755859375,137.28268432617188,30810400
2017-08-09,143.1199951171875,144.19000244140625,142.7899932861328,144.1199951171875,137.10191345214844,36169500
2017-08-10,143.3000030517578,143.39999389648438,140.88999938964844,141.02999877929688,134.16236877441406,63331700
2017-08-11,141.22000122070312,142.41000366210938,140.89999389648438,142.10000610351562,135.1802978515625,45862500
2017-08-14,143.22999572753906,144.14999389648438,143.19000244140625,143.92999267578125,136.92115783691406,34161000
2017-08-15,144.2899932861328,144.3000030517578,143.63999938964844,144.02999877929688,137.01634216308594,25509200
2017-08-16,144.38999938964844,144.9600067138672,143.8000030517578,144.27999877929688,137.2540740966797,31913000
2017-08-17,143.72000122070312,143.94000244140625,141.3300018310547,141.3300018310547,134.4477996826172,70191000
2017-08-18,141.41000366210938,142.1999969482422,140.64999389648438,141.22999572753906,134.3526611328125,60751900
2017-08-21,141.22000122070312,141.52999877929688,140.17999267578125,141.0500030517578,134.181396484375,37111500
2017-08-22,141.80999755859375,143.35000610351562,141.75999450683594,143.1999969482422,136.22671508789062,36294200
2017-08-23,142.47999572753906,143.00999450683594,142.3800048828125,142.69000244140625,135.74154663085938,25702300
2017-08-24,143.00999450683594,143.1699981689453,141.47000122070312,142.27000427246094,135.34201049804688,38160800
2017-08-25,142.82000732421875,143.17999267578125,141.77999877929688,141.97000122070312,135.05661010742188,26380400
2017-08-28,142.39999389648438,142.74000549316406,141.9499969482422,142.41000366210938,135.4751434326172,15362100
2017-08-29,141.19000244140625,143.2100067138672,141.05999755859375,142.97000122070312,136.0078887939453,24498300
2017-08-30,143.08999633789062,144.88999938964844,143.0,144.64999389648438,137.60610961914062,33642700
2017-08-31,145.05999755859375,146.2100067138672,144.97999572753906,146.1999969482422,139.08059692382812,38480700
2017-09-01,146.38999938964844,146.58999633789062,145.61000061035156,146.0,138.89036560058594,22293600
2017-09-05,145.57000732421875,145.8800048828125,143.60000610351562,144.69000244140625,137.6441650390625,44794300
2017-09-06,145.05999755859375,145.4600067138672,144.0800018310547,145.1300048828125,138.06277465820312,30722700
2017-09-07,145.39999389648438,145.83999633789062,144.94000244140625,145.47000122070312,138.38619995117188,22721100
2017-09-08,145.27999877929688,145.35000610351562,144.05999755859375,144.2100067138672,137.18751525878906,27890100
2017-09-11,145.33999633789062,146.1199951171875,145.3000030517578,145.8699951171875,138.76673889160156,27126300
2017-09-12,146.27999877929688,146.41000366210938,145.52999877929688,146.22000122070312,139.09967041015625,30256700
2017-09-13,145.97000122070312,146.44000244140625,145.72999572753906,146.4199981689453,139.28990173339844,28450900
2017-09-14,145.85000610351562,146.2899932861328,145.47000122070312,145.55999755859375,138.47183227539062,35296400
2017-09-15,145.52999877929688,146.58999633789062,145.2899932861328,146.05999755859375,138.9474334716797,46422400
2017-09-18,145.91000366210938,146.3699951171875,145.11000061035156,145.5500030517578,138.76539611816406,24858200
2017-09-19,145.80999755859375,146.00999450683594,145.30999755859375,145.8000030517578,139.00369262695312,20871200
2017-09-20,145.75,145.91000366210938,144.22999572753906,145.35000610351562,138.57464599609375,34236200
2017-09-21,145.25,145.25999450683594,143.9499969482422,144.4600067138672,137.72618103027344,28841800
2017-09-22,144.0,144.52999877929688,143.85000610351562,144.32000732421875,137.59271240234375,21702400
2017-09-25,143.75,143.8300018310547,142.10000610351562,142.8000030517578,136.1435546875,54947700
2017-09-26,143.52999877929688,143.8000030517578,142.6699981689453,143.1699981689453,136.4962615966797,29628800
2017-09-27,143.92999267578125,145.0,143.57000732421875,144.4600067138672,137.72618103027344,33249400
2017-09-28,144.11000061035156,144.55999755859375,143.77999877929688,144.41000366210938,137.678466796875,24149400
2017-09-29,144.6999969482422,145.55999755859375,144.32000732421875,145.4499969482422,138.6699981689453,43102400
2017-10-02,145.6699981689453,146.1699981689453,144.92999267578125,145.5800018310547,138.79397583007812,27351300
2017-10-03,145.77000427246094,146.05999755859375,145.4499969482422,145.88999938964844,139.08949279785156,19715200
2017-10-04,145.61000061035156,146.33999633789062,145.47000122070312,146.02999877929688,139.22300720214844,26381100
2017-10-05,146.55999755859375,147.5399932861328,146.41000366210938,147.4600067138672,140.58633422851562,31562400
2017-10-06,146.9600067138672,147.66000366210938,146.9600067138672,147.66000366210938,140.7770233154297,23561100
2017-10-09,147.85000610351562,148.00999450683594,147.3000030517578,147.49000549316406,140.6149444580078,13704800
2017-10-10,147.99000549316406,148.13999938964844,146.9499969482422,147.60000610351562,140.7197723388672,19223100
2017-10-11,147.52999877929688,148.07000732421875,147.33999633789062,148.0399932861328,141.13926696777344,12439100
2017-10-12,147.82000732421875,148.35000610351562,147.6199951171875,147.77000427246094,140.88186645507812,14513500
2017-10-13,148.3699951171875,148.50999450683594,147.77999877929688,148.33999633789062,141.42532348632812,18409900
2017-10-16,148.7100067138672,148.88999938964844,148.38999938964844,148.85000610351562,141.91152954101562,21809400
2017-10-17,148.8000030517578,149.05999755859375,148.57000732421875,149.0399932861328,142.09268188476562,13138200
2017-10-18,149.19000244140625,149.2100067138672,148.63999938964844,148.86000061035156,141.92103576660156,17218200
2017-10-19,147.99000549316406,148.3300018310547,147.27000427246094,148.30999755859375,141.396728515625,27680300
2017-10-20,148.91000366210938,149.0399932861328,148.52999877929688,148.7100067138672,141.77804565429688,30173300
2017-10-23,149.02000427246094,149.02999877929688,147.52999877929688,147.74000549316406,140.85328674316406,29297100
2017-10-24,148.02999877929688,148.3000030517578,147.44000244140625,147.99000549316406,141.09164428710938,20289500
2017-10-25,147.6999969482422,148.17999267578125,146.3300018310547,147.42999267578125,140.55770874023438,36179100
2017-10-26,147.33999633789062,147.7100067138672,146.9199981689453,146.9600067138672,140.1096649169922,28230200
2017-10-27,149.42999267578125,151.52000427246094,149.1999969482422,151.24000549316406,144.19012451171875,60165100
2017-10-30,151.1300048828125,152.19000244140625,150.99000549316406,151.5800018310547,144.51426696777344,31733400
2017-10-31,152.07000732421875,152.3699951171875,151.6300048828125,152.14999389648438,145.05767822265625,26319300
2017-11-01,152.75999450683594,152.8300018310547,151.5,152.10000610351562,145.01004028320312,29481600
2017-11-02,151.92999267578125,151.99000549316406,150.77000427246094,151.80999755859375,144.73353576660156,31017400
2017-11-03,152.36000061035156,153.2899932861328,151.83999633789062,153.27000427246094,146.12551879882812,26199200
2017-11-06,153.14999389648438,153.85000610351562,153.10000610351562,153.7899932861328,146.62123107910156,28693900
2017-11-07,153.6699981689453,154.0800018310547,153.33999633789062,153.8800048828125,146.7070770263672,21333100
2017-11-08,153.8000030517578,154.5399932861328,153.6199951171875,154.5,147.29818725585938,17373500
2017-11-09,153.22999572753906,153.77000427246094,152.11000061035156,153.69000244140625,146.52597045898438,40594500
2017-11-10,153.3300018310547,153.8000030517578,153.05999755859375,153.67999267578125,146.51638793945312,20150800
2017-11-13,153.10000610351562,154.07000732421875,153.10000610351562,153.8699951171875,146.69754028320312,12522400
2017-11-14,153.3300018310547,153.5,152.57000732421875,153.30999755859375,146.1636505126953,25173800
2017-11-15,152.64999389648438,153.0,151.77999877929688,152.58999633789062,145.47714233398438,24808000
2017-11-16,153.36000061035156,154.88999938964844,153.3300018310547,154.5399932861328,147.33628845214844,34790600
2017-11-17,154.5800018310547,154.69000244140625,153.8000030517578,153.9499969482422,146.7737579345703,28725800
2017-11-20,154.05999755859375,154.1999969482422,153.61000061035156,153.8300018310547,146.6593780517578,21143900
2017-11-21,154.55999755859375,155.57000732421875,154.49000549316406,155.5,148.25155639648438,20147800
2017-11-22,155.63999938964844,155.83999633789062,155.33999633789062,155.69000244140625,148.4326934814453,17299000
2017-11-24,155.85000610351562,156.30999755859375,155.75999450683594,156.25999450683594,148.97610473632812,8280600
2017-11-27,156.2100067138672,156.55999755859375,155.8300018310547,156.19000244140625,148.9093780517578,22653400
2017-11-28,156.5399932861328,156.69000244140625,155.6999969482422,156.58999633789062,149.29074096679688,25227300
2017-11-29,156.41000366210938,156.4499969482422,153.1199951171875,153.86000061035156,146.68800354003906,71986300
2017-11-30,154.50999450683594,155.4499969482422,154.14999389648438,155.14999389648438,147.91783142089844,56595500
2017-12-01,154.1999969482422,155.24000549316406,152.25999450683594,154.49000549316406,147.2886199951172,59015800
2017-12-04,155.4600067138672,155.6300048828125,152.55999755859375,152.7100067138672,145.5916290283203,51319100
2017-12-05,152.67999267578125,154.5500030517578,152.10000610351562,152.80999755859375,145.68692016601562,40604200
2017-12-06,152.24000549316406,153.74000549316406,152.05999755859375,153.5,146.3447723388672,28647800
2017-12-07,153.49000549316406,154.4600067138672,153.3300018310547,154.02000427246094,146.8405303955078,32666200
2017-12-08,155.14999389648438,155.52999877929688,154.4600067138672,154.6999969482422,147.4888458251953,28081700
2017-12-11,154.77000427246094,155.9499969482422,154.75999450683594,155.89999389648438,148.63287353515625,20821500
2017-12-12,155.8300018310547,156.14999389648438,155.36000061035156,155.69000244140625,148.4326934814453,20310300
2017-12-13,156.32000732421875,156.49000549316406,155.75999450683594,155.99000549316406,148.7186737060547,24418500
2017-12-14,156.25999450683594,156.66000366210938,155.7100067138672,155.8800048828125,148.61383056640625,24594700
2017-12-15,156.49000549316406,157.82000732421875,156.22999572753906,157.64999389648438,150.3013458251953,49816200
2017-12-18,158.36000061035156,158.77000427246094,158.07000732421875,158.63999938964844,151.5614776611328,26844500
2017-12-19,158.33999633789062,158.5,157.25999450683594,157.6999969482422,150.66342163085938,31415000
2017-12-20,158.25,158.27999877929688,156.91000366210938,157.52999877929688,150.50100708007812,38972600
2017-12-21,157.75,158.25,157.3699951171875,157.5500030517578,150.5200653076172,18638700
2017-12-22,157.30999755859375,157.42999267578125,156.9499969482422,157.3699951171875,150.34815979003906,23330400
2017-12-26,156.49000549316406,156.72000122070312,155.9499969482422,156.52000427246094,149.5360565185547,21918700
2017-12-27,156.52999877929688,156.9600067138672,156.38999938964844,156.5399932861328,149.55519104003906,22388200
2017-12-28,157.0399932861328,157.07000732421875,156.5399932861328,156.72999572753906,149.73667907714844,25393800
2017-12-29,156.8699951171875,156.89999389648438,155.6999969482422,155.75999450683594,148.80995178222656,33186000
2018-01-02,156.55999755859375,158.52999877929688,156.1699981689453,158.49000549316406,151.4181671142578,32573300
2018-01-03,158.63999938964844,160.1699981689453,158.61000061035156,160.02999877929688,152.88943481445312,29383600
2018-01-04,160.5800018310547,160.7899932861328,160.0800018310547,160.30999755859375,153.15695190429688,24776100
2018-01-05,161.07000732421875,162.02999877929688,160.77000427246094,161.9199981689453,154.695068359375,26992300
2018-01-08,161.9199981689453,162.6300048828125,161.86000061035156,162.5500030517578,155.2970428466797,23159100
2018-01-09,162.8699951171875,163.0399932861328,162.07000732421875,162.55999755859375,155.3065643310547,24782400
2018-01-10,161.83999633789062,162.2100067138672,161.1199951171875,162.17999267578125,154.94354248046875,34004000
2018-01-11,162.4600067138672,163.3000030517578,162.2100067138672,163.2899932861328,156.0039520263672,20473500
2018-01-12,163.14999389648438,164.66000366210938,162.94000244140625,164.49000549316406,157.1504669189453,37762700
2018-01-16,165.5800018310547,166.4199981689453,163.52999877929688,164.02000427246094,156.70143127441406,41231800
2018-01-17,164.8000030517578,166.0399932861328,164.0,165.7899932861328,158.39247131347656,33849900
2018-01-18,165.52999877929688,166.1999969482422,165.13999938964844,165.82000732421875,158.42111206054688,26432200
2018-01-19,166.30999755859375,166.61000061035156,165.5399932861328,166.33999633789062,158.91787719726562,38937600
2018-01-22,166.27999877929688,168.1199951171875,166.08999633789062,168.1199951171875,160.61846923828125,26081400
2018-01-23,168.63999938964844,169.66000366210938,168.55999755859375,169.50999450683594,161.94647216796875,37989700
2018-01-24,169.8699951171875,170.24000549316406,167.44000244140625,168.41000366210938,160.89552307128906,54287400
2018-01-25,169.57000732421875,169.6300048828125,167.80999755859375,168.35000610351562,160.8382568359375,28925000
2018-01-26,169.2899932861328,170.9499969482422,168.9600067138672,170.92999267578125,163.3031005859375,32038200
2018-01-29,170.57000732421875,170.91000366210938,169.74000549316406,170.10000610351562,162.5100860595703,37277800
2018-01-30,168.5500030517578,169.4199981689453,167.82000732421875,168.6999969482422,161.172607421875,44987700
2018-01-31,169.64999389648438,169.99000549316406,168.33999633789062,169.39999389648438,161.8413848876953,42449200
2018-02-01,168.10000610351562,169.72999572753906,167.4199981689453,167.9600067138672,160.4656219482422,38037900
2018-02-02,167.3000030517578,167.6999969482422,164.47000122070312,164.61000061035156,157.26507568359375,68478100
2018-02-05,163.07000732421875,165.75,158.0,158.1199951171875,151.06468200683594,105372200
2018-02-06,155.80999755859375,162.50999450683594,155.10000610351562,162.30999755859375,155.0677490234375,118537900
2018-02-07,161.7899932861328,163.5500030517578,160.1999969482422,160.2100067138672,153.06143188476562,91028300
2018-02-08,160.6199951171875,160.8000030517578,153.4499969482422,153.4499969482422,146.60304260253906,94184800
2018-02-09,155.6199951171875,157.24000549316406,150.1300048828125,156.10000610351562,149.13479614257812,113836600
2018-02-12,157.6999969482422,159.9499969482422,156.4600067138672,158.8699951171875,151.7812042236328,63050600
2018-02-13,157.9600067138672,160.00999450683594,157.72000122070312,159.69000244140625,152.5646209716797,31785600
2018-02-14,158.75,162.92999267578125,158.0,162.67999267578125,155.42115783691406,52107400
2018-02-15,164.13999938964844,165.6999969482422,162.44000244140625,165.6999969482422,158.30645751953125,51633900
2018-02-16,165.16000366210938,166.75999450683594,164.67999267578125,164.9600067138672,157.59950256347656,62256300
2018-02-20,164.3800048828125,166.67999267578125,164.30999755859375,165.2899932861328,157.91470336914062,36785600
2018-02-21,166.10000610351562,167.72000122070312,164.72000122070312,164.82000732421875,157.46575927734375,41161800
2018-02-22,165.5399932861328,166.4199981689453,164.3800048828125,164.8000030517578,157.44659423828125,37074400
2018-02-23,166.1300048828125,168.1699981689453,165.4499969482422,168.1699981689453,160.66629028320312,50096900
2018-02-26,168.9600067138672,170.39999389648438,168.82000732421875,170.39999389648438,162.79676818847656,39266700
2018-02-27,170.4499969482422,170.72999572753906,168.2100067138672,168.2899932861328,160.78085327148438,42209900
2018-02-28,169.25,169.8000030517578,167.10000610351562,167.2100067138672,159.74908447265625,42936300
2018-03-01,167.3000030517578,168.07000732421875,163.0,164.47999572753906,157.14085388183594,76809900
2018-03-02,162.5,166.27999877929688,161.9600067138672,165.99000549316406,158.58348083496094,57445100
2018-03-05,165.2100067138672,168.25999450683594,164.58999633789062,167.8300018310547,160.34140014648438,38540200
2018-03-06,168.64999389648438,169.11000061035156,167.47999572753906,168.5399932861328,161.019775390625,29480900
2018-03-07,167.25,169.07000732421875,166.9600067138672,168.92999267578125,161.39234924316406,34609400
2018-03-08,169.6300048828125,169.97999572753906,168.9499969482422,169.86000061035156,162.28085327148438,25828400
2018-03-09,171.07000732421875,173.16000366210938,170.82000732421875,173.16000366210938,165.43359375,38310500
2018-03-12,173.6699981689453,174.47999572753906,173.27999877929688,174.0800018310547,166.3125457763672,37635000
2018-03-13,174.47999572753906,175.2100067138672,171.27000427246094,171.7100067138672,164.04830932617188,55638900
2018-03-14,172.61000061035156,172.74000549316406,170.92999267578125,171.67999267578125,164.0196075439453,40536400
2018-03-15,171.8000030517578,172.52999877929688,170.89999389648438,171.52999877929688,163.87628173828125,28810400
2018-03-16,171.82000732421875,172.1999969482422,170.94000244140625,171.02000427246094,163.38905334472656,31176700
2018-03-19,169.10000610351562,169.22000122070312,165.63999938964844,167.10000610351562,159.9029541015625,71395100
2018-03-20,167.1699981689453,168.0399932861328,166.61000061035156,167.64999389648438,160.42930603027344,34075700
2018-03-21,167.2100067138672,168.75999450683594,166.19000244140625,166.9199981689453,159.73072814941406,43863500
2018-03-22,164.61000061035156,165.77000427246094,162.58999633789062,162.8000030517578,155.7881622314453,66607300
2018-03-23,162.61000061035156,163.3000030517578,158.42999267578125,158.50999450683594,151.68299865722656,80110400
2018-03-26,161.72000122070312,164.60000610351562,159.16000366210938,164.39999389648438,157.31927490234375,57481500
2018-03-27,165.6199951171875,165.6199951171875,157.67999267578125,159.0800018310547,152.22837829589844,78889100
2018-03-28,158.1699981689453,159.77999877929688,156.0399932861328,157.25,150.47723388671875,89369700
2018-03-29,158.10000610351562,161.7100067138672,156.6300048828125,160.1300048828125,153.23318481445312,68692600
2018-04-02,158.99000549316406,159.74000549316406,153.8800048828125,155.50999450683594,148.81216430664062,85549400
2018-04-03,156.8699951171875,157.9199981689453,154.44000244140625,157.25999450683594,150.4867706298828,64090000
2018-04-04,154.22000122070312,160.22999572753906,154.0399932861328,159.74000549316406,152.85997009277344,65768700
2018-04-05,161.3300018310547,161.5800018310547,159.47999572753906,160.64999389648438,153.73077392578125,43054900
2018-04-06,158.8800048828125,160.4600067138672,155.8800048828125,156.6300048828125,149.88394165039062,59870900
2018-04-09,157.97999572753906,160.8800048828125,157.4600067138672,157.72999572753906,150.93650817871094,41810400
2018-04-10,160.2100067138672,161.72999572753906,159.07000732421875,161.2100067138672,154.2666778564453,48296800
2018-04-11,160.1999969482422,162.0,160.10000610351562,160.27999877929688,153.376708984375,41622100
2018-04-12,161.25,162.77000427246094,161.16000366210938,162.2100067138672,155.2235870361328,30467900
2018-04-13,163.02000427246094,163.25999450683594,160.6699981689453,161.3699951171875,154.41976928710938,44604900
2018-04-16,162.5,163.19000244140625,161.47999572753906,162.60000610351562,155.5968017578125,28180800
2018-04-17,164.24000549316406,166.4600067138672,163.91000366210938,166.10000610351562,158.94606018066406,35536100
2018-04-18,166.10000610351562,167.0,165.30999755859375,166.44000244140625,159.27139282226562,29573900
2018-04-19,165.60000610351562,165.99000549316406,164.33999633789062,164.91000366210938,157.80728149414062,34705700
2018-04-20,164.49000549316406,164.61000061035156,161.72999572753906,162.3000030517578,155.3097381591797,49197100
2018-04-23,163.08999633789062,163.72999572753906,161.02000427246094,161.88999938964844,154.91738891601562,33040600
2018-04-24,162.66000366210938,162.91000366210938,157.38999938964844,158.4600067138672,151.63514709472656,70256800
2018-04-25,158.74000549316406,159.30999755859375,156.47000122070312,158.64999389648438,151.8169403076172,52089300
2018-04-26,160.6999969482422,162.52999877929688,160.17999267578125,161.99000549316406,155.01307678222656,43005500
2018-04-27,164.3699951171875,164.41000366210938,161.1699981689453,162.08999633789062,155.10873413085938,51043400
2018-04-30,162.47000122070312,163.47999572753906,160.5399932861328,160.94000244140625,154.00833129882812,35615300
2018-05-01,160.52000427246094,162.8000030517578,160.13999938964844,162.77999877929688,155.76901245117188,36513500
2018-05-02,163.05999755859375,163.57000732421875,161.6300048828125,161.82000732421875,154.8504180908203,38646800
2018-05-03,161.0,162.39999389648438,159.22000122070312,161.8000030517578,154.8312530517578,60337100
2018-05-04,161.10000610351562,165.25,160.97999572753906,164.8699951171875,157.76902770996094,41543200
2018-05-07,165.63999938964844,166.77999877929688,165.50999450683594,166.24000549316406,159.0800323486328,32500200
2018-05-08,165.88999938964844,166.42999267578125,164.86000061035156,166.07000732421875,158.9173583984375,26040200
2018-05-09,166.3699951171875,168.0,165.77999877929688,167.8800048828125,160.6494140625,29122700
2018-05-10,168.4199981689453,169.74000549316406,168.2899932861328,169.6199951171875,162.31443786621094,27067600
2018-05-11,169.4199981689453,169.86000061035156,168.72000122070312,169.4600067138672,162.16136169433594,24688800
2018-05-14,169.85000610351562,170.82000732421875,169.47000122070312,169.75,162.43887329101562,21821700
2018-05-15,168.41000366210938,168.5,166.97999572753906,167.8699951171875,160.63980102539062,49361600
2018-05-16,168.08999633789062,169.3699951171875,168.00999450683594,168.97999572753906,161.7020263671875,22941200
2018-05-17,168.38999938964844,169.61000061035156,167.50999450683594,168.3300018310547,161.07997131347656,27480200
2018-05-18,167.67999267578125,168.25999450683594,167.2100067138672,167.4600067138672,160.2474822998047,26217900
2018-05-21,168.75999450683594,169.5,167.67999267578125,168.39999389648438,161.14697265625,22954600
2018-05-22,169.1699981689453,169.4499969482422,167.8800048828125,168.17999267578125,160.9364776611328,19477700
2018-05-23,166.89999389648438,169.6199951171875,166.8800048828125,169.60000610351562,162.2952880859375,26557800
2018-05-24,169.5500030517578,169.85000610351562,167.83999633789062,169.5500030517578,162.24749755859375,27696500
2018-05-25,169.52999877929688,170.3300018310547,169.2100067138672,169.72000122070312,162.4101104736328,27460500
2018-05-29,168.9499969482422,169.9199981689453,167.9600067138672,168.97000122070312,161.69241333007812,41220500
2018-05-30,169.5800018310547,170.47999572753906,169.22000122070312,170.17999267578125,162.85031127929688,22665800
2018-05-31,170.17999267578125,171.1999969482422,169.6300048828125,170.07000732421875,162.74505615234375,35670900
2018-06-01,170.9199981689453,172.83999633789062,170.8699951171875,172.74000549316406,165.300048828125,45543300
2018-06-04,173.17999267578125,174.33999633789062,173.07000732421875,174.3000030517578,166.79286193847656,20459600
2018-06-05,174.7100067138672,175.1300048828125,174.07000732421875,174.83999633789062,167.30963134765625,24779300
2018-06-06,175.02000427246094,175.88999938964844,174.13999938964844,175.86000061035156,168.28575134277344,25036600
2018-06-07,175.88999938964844,175.92999267578125,173.5500030517578,174.42999267578125,166.91726684570312,39600300
2018-06-08,173.61000061035156,174.8800048828125,173.17999267578125,174.44000244140625,166.9268341064453,31780300
2018-06-11,174.30999755859375,175.33999633789062,174.27999877929688,174.91000366210938,167.37657165527344,22319700
2018-06-12,175.14999389648438,176.0,174.9600067138672,175.8300018310547,168.2569580078125,22511800
2018-06-13,176.10000610351562,177.13999938964844,175.42999267578125,175.82000732421875,168.24740600585938,37858600
2018-06-14,176.6300048828125,177.88999938964844,176.5,177.60000610351562,169.95074462890625,35916000
2018-06-15,176.92999267578125,177.3300018310547,176.11000061035156,176.97999572753906,169.35748291015625,49615700
2018-06-18,175.49000549316406,176.64999389648438,174.94000244140625,176.5,169.25961303710938,31633200
2018-06-19,174.27000427246094,176.0399932861328,173.7100067138672,176.0,168.78013610839844,38236000
2018-06-20,176.80999755859375,177.97999572753906,176.64999389648438,177.25,169.97882080078125,33038000
2018-06-21,177.6999969482422,177.8800048828125,175.3699951171875,175.7100067138672,168.50205993652344,43469400
2018-06-22,176.3000030517578,176.3699951171875,174.69000244140625,175.32000732421875,168.12803649902344,30073200
2018-06-25,173.72999572753906,173.99000549316406,169.80999755859375,171.3699951171875,164.34005737304688,77799700
2018-06-26,172.0,173.05999755859375,171.3699951171875,172.07000732421875,165.0113983154297,39008100
2018-06-27,172.8000030517578,173.5800018310547,169.61000061035156,169.72999572753906,162.76730346679688,52843500
2018-06-28,169.52000427246094,171.77000427246094,169.1699981689453,171.19000244140625,164.16744995117188,46407700
2018-06-29,172.00999450683594,172.9199981689453,171.39999389648438,171.64999389648438,164.60858154296875,36408500
2018-07-02,170.0399932861328,172.85000610351562,169.6699981689453,172.8000030517578,165.71142578125,31770000
2018-07-03,173.4499969482422,173.4499969482422,170.6300048828125,170.8000030517578,163.79348754882812,25512700
2018-07-05,171.91000366210938,173.05999755859375,171.02999877929688,172.9199981689453,165.82647705078125,31626200
2018-07-06,173.32000732421875,175.74000549316406,173.0,175.61000061035156,168.40611267089844,37005600
2018-07-09,176.52000427246094,177.22999572753906,175.82000732421875,177.19000244140625,169.9213104248047,27362100
2018-07-10,177.52000427246094,177.72000122070312,176.7100067138672,177.32000732421875,170.04598999023438,23902500
2018-07-11,175.92999267578125,177.07000732421875,175.8000030517578,176.4199981689453,169.1829071044922,30280600
2018-07-12,177.1999969482422,179.4600067138672,177.0800018310547,179.4600067138672,172.09820556640625,27930100
2018-07-13,179.4499969482422,179.89999389648438,178.9499969482422,179.61000061035156,172.24208068847656,28049800
2018-07-16,179.64999389648438,179.9499969482422,178.8800048828125,179.17999267578125,171.82965087890625,21405300
2018-07-17,177.27999877929688,180.64999389648438,177.27999877929688,180.27000427246094,172.87496948242188,31034100
2018-07-18,180.2899932861328,180.44000244140625,179.3800048828125,179.92999267578125,172.54891967773438,23220800
2018-07-19,179.27999877929688,179.8800048828125,178.82000732421875,179.02999877929688,171.6858367919922,31094100
2018-07-20,179.57000732421875,180.1699981689453,178.7899932861328,178.99000549316406,171.64747619628906,35897300
2018-07-23,178.4600067138672,179.63999938964844,177.74000549316406,179.55999755859375,172.194091796875,22184700
2018-07-24,181.41000366210938,182.0500030517578,179.55999755859375,180.3000030517578,172.90371704101562,36900300
2018-07-25,180.3800048828125,182.92999267578125,180.2899932861328,182.82000732421875,175.32032775878906,35026600
2018-07-26,180.33999633789062,180.9199981689453,179.80999755859375,180.0500030517578,172.6640167236328,40873500
2018-07-27,181.19000244140625,181.30999755859375,176.60000610351562,177.6199951171875,170.33367919921875,59456100
2018-07-30,177.6300048828125,177.72999572753906,174.27000427246094,175.11000061035156,167.92662048339844,60193000
2018-07-31,175.8000030517578,177.1300048828125,174.82000732421875,176.4499969482422,169.211669921875,47285100
2018-08-01,176.86000061035156,177.64999389648438,176.10000610351562,177.1199951171875,169.85415649414062,37101900
2018-08-02,175.8699951171875,179.74000549316406,175.7899932861328,179.52999877929688,172.16534423828125,47178200
2018-08-03,179.8699951171875,180.08999633789062,179.0800018310547,180.0800018310547,172.69276428222656,28934400
2018-08-06,179.9600067138672,181.19000244140625,179.74000549316406,181.13999938964844,173.70925903320312,24808800
2018-08-07,181.64999389648438,182.13999938964844,181.25999450683594,181.8000030517578,174.34217834472656,29895700
2018-08-08,181.5500030517578,182.35000610351562,181.05999755859375,182.02000427246094,174.5531768798828,22680700
2018-08-09,181.91000366210938,182.6300048828125,181.63999938964844,181.91000366210938,174.44772338867188,18852900
2018-08-10,180.67999267578125,181.22000122070312,179.83999633789062,180.52000427246094,173.11474609375,33818500
2018-08-13,180.85000610351562,182.00999450683594,180.24000549316406,180.32000732421875,172.92294311523438,26089200
2018-08-14,181.00999450683594,181.66000366210938,180.0399932861328,181.4499969482422,174.00656127929688,20913000
2018-08-15,180.00999450683594,180.5800018310547,178.1199951171875,179.22999572753906,171.87765502929688,58528000
2018-08-16,180.61000061035156,180.99000549316406,179.47000122070312,179.82000732421875,172.4434356689453,27711800
2018-08-17,179.35000610351562,180.30999755859375,178.27000427246094,179.86000061035156,172.48175048828125,36092600
2018-08-20,180.25999450683594,180.3300018310547,179.0,179.6999969482422,172.32835388183594,24939000
2018-08-21,180.24000549316406,181.44000244140625,180.1300048828125,180.36000061035156,172.96127319335938,26258700
2018-08-22,179.97999572753906,181.27000427246094,179.75,181.05999755859375,173.63253784179688,18042400
2018-08-23,180.74000549316406,182.0500030517578,180.5,180.8000030517578,173.38327026367188,25776200
2018-08-24,181.39999389648438,182.6300048828125,181.36000061035156,182.47999572753906,174.9943084716797,23136100
2018-08-27,183.39999389648438,184.33999633789062,183.11000061035156,184.33999633789062,176.77801513671875,29343600
2018-08-28,184.8300018310547,185.02000427246094,184.22000122070312,184.61000061035156,177.0369110107422,20277000
2018-08-29,184.92999267578125,186.83999633789062,184.86000061035156,186.74000549316406,179.07955932617188,29175600
2018-08-30,186.3800048828125,187.52000427246094,185.7899932861328,186.41000366210938,178.76309204101562,29315500
2018-08-31,186.17999267578125,187.17999267578125,185.97999572753906,186.64999389648438,178.9932861328125,28653200
2018-09-04,186.0800018310547,186.39999389648438,184.85000610351562,185.85000610351562,178.22604370117188,29063500
2018-09-05,185.52000427246094,185.5500030517578,182.82000732421875,183.4499969482422,175.92449951171875,42623300
2018-09-06,183.52999877929688,183.75,180.5800018310547,181.80999755859375,174.35177612304688,46091400
2018-09-07,180.5,182.6699981689453,180.44000244140625,181.11000061035156,173.68048095703125,46629500
2018-09-10,182.14999389648438,182.25,180.72999572753906,181.72000122070312,174.26547241210938,26132000
2018-09-11,180.99000549316406,183.4199981689453,180.52000427246094,183.1199951171875,175.60804748535156,30116500
2018-09-12,182.85000610351562,182.97999572753906,181.00999450683594,182.5800018310547,175.0902557373047,36204000
2018-09-13,183.72000122070312,184.8800048828125,183.63999938964844,184.52999877929688,176.960205078125,31133200
2018-09-14,184.66000366210938,184.9499969482422,183.25999450683594,183.99000549316406,176.44235229492188,31224100
2018-09-17,183.67999267578125,183.80999755859375,181.1699981689453,181.33999633789062,173.90110778808594,33071200
2018-09-18,181.49000549316406,183.72999572753906,181.39999389648438,182.83999633789062,175.3395233154297,31877300
2018-09-19,182.8699951171875,183.3000030517578,181.50999450683594,182.6999969482422,175.20529174804688,31843400
2018-09-20,183.9600067138672,184.97000122070312,183.52000427246094,184.72000122070312,177.14244079589844,33295800
2018-09-21,185.22000122070312,185.47999572753906,183.47999572753906,183.7100067138672,176.17385864257812,38605400
2018-09-24,182.0500030517578,183.9600067138672,181.3000030517578,183.88999938964844,176.663818359375,34945600
2018-09-25,183.80999755859375,184.27999877929688,183.17999267578125,184.13999938964844,176.90396118164062,25277500
2018-09-26,184.3000030517578,185.99000549316406,183.91000366210938,184.27000427246094,177.02890014648438,36210600
2018-09-27,185.02000427246094,186.49000549316406,184.9199981689453,185.8300018310547,178.52760314941406,33113300
2018-09-28,185.30999755859375,186.27999877929688,184.97000122070312,185.7899932861328,178.48912048339844,28076800
2018-10-01,186.8699951171875,187.52999877929688,185.6999969482422,186.1699981689453,178.8542022705078,27371300
2018-10-02,186.00999450683594,187.17999267578125,185.32000732421875,185.75,178.4507293701172,25618600
2018-10-03,186.52999877929688,186.97000122070312,185.66000366210938,185.9499969482422,178.64288330078125,29128700
2018-10-04,185.1999969482422,185.32000732421875,181.05999755859375,182.3800048828125,175.21316528320312,80557300
2018-10-05,182.36000061035156,182.97000122070312,178.42999267578125,180.14999389648438,173.0707550048828,83325600
2018-10-08,179.52000427246094,180.63999938964844,176.92999267578125,179.0500030517578,172.01400756835938,66864500
2018-10-09,179.17999267578125,181.02000427246094,178.75,179.6300048828125,172.57122802734375,49097900
2018-10-10,178.50999450683594,178.6199951171875,171.5,171.72999572753906,164.98167419433594,114471100
2018-10-11,171.02000427246094,173.39999389648438,167.80999755859375,169.60000610351562,162.93533325195312,143084500
2018-10-12,174.1699981689453,174.86000061035156,170.92999267578125,174.32000732421875,167.46987915039062,102078400
2018-10-15,173.7100067138672,174.0399932861328,171.55999755859375,172.2100067138672,165.4427947998047,64885300
2018-10-16,174.02000427246094,177.64999389648438,173.6999969482422,177.22000122070312,170.2559051513672,71979700
2018-10-17,178.0800018310547,178.25999450683594,175.47000122070312,177.2899932861328,170.32318115234375,66987600
2018-10-18,176.6199951171875,176.67999267578125,172.44000244140625,173.17999267578125,166.37466430664062,82486200
2018-10-19,174.5800018310547,176.07000732421875,172.38999938964844,173.02000427246094,166.22096252441406,82923700
2018-10-22,174.05999755859375,175.25,172.58999633789062,173.91000366210938,167.07598876953125,52909300
2018-10-23,170.63999938964844,174.1300048828125,168.82000732421875,173.27000427246094,166.46115112304688,77567000
2018-10-24,173.07000732421875,173.36000061035156,165.0399932861328,165.33999633789062,158.84278869628906,102997400
2018-10-25,167.91000366210938,172.0800018310547,167.16000366210938,171.05999755859375,164.33798217773438,83481100
2018-10-26,165.1999969482422,169.9600067138672,164.22999572753906,166.66000366210938,160.11085510253906,130970900
2018-10-29,169.2100067138672,169.86000061035156,160.08999633789062,163.22999572753906,156.81570434570312,111871900
2018-10-30,162.75,166.0399932861328,162.00999450683594,165.9199981689453,159.39996337890625,92584000
2018-10-31,168.6199951171875,171.25,168.5399932861328,169.82000732421875,163.1466827392578,73828600
2018-11-01,170.07000732421875,172.24000549316406,168.77999877929688,172.05999755859375,165.2986602783203,52706800
2018-11-02,171.52999877929688,172.5500030517578,168.22000122070312,169.3800048828125,162.7239990234375,75966800
2018-11-05,169.60000610351562,169.66000366210938,167.0800018310547,168.9600067138672,162.32049560546875,39573500
2018-11-06,168.97000122070312,171.19000244140625,168.72000122070312,170.24000549316406,163.55020141601562,34410400
2018-11-07,172.27999877929688,175.5800018310547,171.8699951171875,175.5800018310547,168.6803436279297,51169600
2018-11-08,174.75999450683594,175.3000030517578,173.6300048828125,174.4600067138672,167.60435485839844,40296500
2018-11-09,172.8300018310547,173.25,170.16000366210938,171.52000427246094,164.77992248535156,50602700
2018-11-12,170.32000732421875,170.63999938964844,166.17999267578125,166.3300018310547,159.79388427734375,62578400
2018-11-13,167.11000061035156,169.47999572753906,166.0,166.47000122070312,159.92837524414062,64128100
2018-11-14,168.1199951171875,168.6999969482422,164.25,165.1999969482422,158.708251953125,75270700
2018-11-15,164.89999389648438,168.5399932861328,163.4600067138672,168.08999633789062,161.4846954345703,73254300
2018-11-16,166.4499969482422,168.30999755859375,165.77999877929688,167.5,160.9178924560547,65390700
2018-11-19,166.6999969482422,166.89999389648438,161.5399932861328,162.05999755859375,155.69163513183594,67280500
2018-11-20,158.3699951171875,161.3800048828125,157.1300048828125,159.16000366210938,152.90562438964844,102652800
2018-11-21,161.35000610351562,161.97000122070312,159.22999572753906,160.3699951171875,154.06800842285156,42965800
2018-11-23,159.08999633789062,160.83999633789062,159.08999633789062,159.2100067138672,152.9536590576172,23503700
2018-11-26,161.44000244140625,162.97000122070312,160.75999450683594,162.88999938964844,156.48902893066406,42012600
2018-11-27,162.0,163.85000610351562,161.17999267578125,163.44000244140625,157.01742553710938,36608100
2018-11-28,164.6199951171875,168.6999969482422,163.47000122070312,168.6999969482422,162.07077026367188,70141000
2018-11-29,167.99000549316406,169.25999450683594,166.82000732421875,168.14999389648438,161.5423126220703,44885700
2018-11-30,168.3800048828125,169.47000122070312,167.5399932861328,169.3699951171875,162.7144317626953,36722800
2018-12-03,173.11000061035156,173.30999755859375,169.50999450683594,172.3300018310547,165.55810546875,50771700
2018-12-04,171.42999267578125,171.91000366210938,165.52000427246094,165.72000122070312,159.20782470703125,70594700
2018-12-06,162.3800048828125,166.91000366210938,161.77000427246094,166.88999938964844,160.3318634033203,71715500
2018-12-07,166.16000366210938,167.1199951171875,160.86000061035156,161.3800048828125,155.03836059570312,80432200
2018-12-10,161.0800018310547,163.77999877929688,159.41000366210938,163.07000732421875,156.66197204589844,73960800
2018-12-11,165.72999572753906,165.77000427246094,162.22999572753906,163.61000061035156,157.18075561523438,59058300
2018-12-12,166.0,167.60000610351562,164.9600067138672,165.0500030517578,158.56411743164062,53780000
2018-12-13,166.1300048828125,166.82000732421875,164.02999877929688,165.10000610351562,158.61221313476562,46378500
2018-12-14,163.2100067138672,163.80999755859375,160.6999969482422,161.0800018310547,154.75015258789062,56547400
2018-12-17,160.38999938964844,161.6699981689453,156.1699981689453,157.42999267578125,151.2436065673828,74834100
2018-12-18,158.64999389648438,159.9499969482422,157.0399932861328,158.4199981689453,152.19468688964844,63642100
2018-12-19,158.17999267578125,160.72000122070312,153.33999633789062,154.52999877929688,148.45753479003906,81856500
2018-12-20,154.14999389648438,155.8699951171875,150.38999938964844,152.2899932861328,146.30557250976562,99002100
2018-12-21,153.0500030517578,154.08999633789062,146.72000122070312,147.57000732421875,141.77105712890625,141129400
2018-12-24,146.0800018310547,147.97999572753906,143.4600067138672,143.5,138.25537109375,56163300
2018-12-26,145.0800018310547,152.5399932861328,144.08999633789062,152.4600067138672,146.88792419433594,98982100
2018-12-27,150.3699951171875,153.17999267578125,147.0800018310547,153.0500030517578,147.45640563964844,85824300
2018-12-28,154.14999389648438,155.58999633789062,151.72000122070312,152.97000122070312,147.3792724609375,77856600
2018-12-31,154.47000122070312,154.97999572753906,152.7100067138672,154.25999450683594,148.62213134765625,53015300
2019-01-02,150.99000549316406,155.75,150.8800048828125,154.8800048828125,149.21945190429688,58576700
2019-01-03,152.60000610351562,153.25999450683594,149.49000549316406,149.82000732421875,144.34442138671875,74820200
2019-01-04,152.33999633789062,157.0,151.74000549316406,156.22999572753906,150.52017211914062,74709300
2019-01-07,156.6199951171875,158.86000061035156,156.11000061035156,158.08999633789062,152.3121795654297,52059300
2019-01-08,159.5399932861328,160.11000061035156,157.1999969482422,159.52000427246094,153.68992614746094,49388700
2019-01-09,160.13999938964844,161.52000427246094,159.47000122070312,160.82000732421875,154.94241333007812,46491700
2019-01-10,159.60000610351562,161.3699951171875,158.6999969482422,161.27999877929688,155.38555908203125,38943400
2019-01-11,160.3300018310547,160.86000061035156,159.7899932861328,160.69000244140625,154.81716918945312,30176600
2019-01-14,159.3300018310547,159.9600067138672,158.58999633789062,159.27000427246094,153.44903564453125,30710200
2019-01-15,160.0,162.60000610351562,159.91000366210938,162.3800048828125,156.4453887939453,40874200
2019-01-16,162.64999389648438,163.77999877929688,162.2899932861328,162.35000610351562,156.41648864746094,33812200
2019-01-17,161.8300018310547,164.36000061035156,161.57000732421875,163.6300048828125,157.64971923828125,39329000
2019-01-18,164.77999877929688,166.02000427246094,163.82000732421875,165.25,159.2104949951172,57183200
2019-01-22,164.05999755859375,164.13999938964844,160.75999450683594,161.94000244140625,156.021484375,56711700
2019-01-23,162.77000427246094,163.50999450683594,160.32000732421875,162.14999389648438,156.22378540039062,38106100
2019-01-24,162.67999267578125,163.44000244140625,162.05999755859375,163.1999969482422,157.23541259765625,32417800
2019-01-25,164.50999450683594,165.64999389648438,163.9499969482422,165.14999389648438,159.11415100097656,36515900
2019-01-28,163.02000427246094,163.1199951171875,161.75,163.11000061035156,157.148681640625,33491200
2019-01-29,163.1999969482422,163.24000549316406,160.99000549316406,161.57000732421875,155.66497802734375,30784200
2019-01-30,163.39999389648438,166.27999877929688,162.88999938964844,165.67999267578125,159.6248016357422,41346500
2019-01-31,166.6999969482422,168.99000549316406,166.47000122070312,168.16000366210938,162.01414489746094,37258400
2019-02-01,167.3300018310547,168.60000610351562,166.99000549316406,167.4499969482422,161.33010864257812,32143700
2019-02-04,167.47999572753906,169.52999877929688,167.3300018310547,169.52999877929688,163.33407592773438,26718800
2019-02-05,169.75999450683594,171.22999572753906,169.69000244140625,171.02999877929688,164.7792510986328,28156400
2019-02-06,171.07000732421875,171.3699951171875,169.75,170.52000427246094,164.28787231445312,27970000
2019-02-07,169.02999877929688,169.4499969482422,166.9499969482422,168.22999572753906,162.08160400390625,42036200
2019-02-08,166.75999450683594,168.58999633789062,166.57000732421875,168.55999755859375,162.39952087402344,29020700
2019-02-11,169.1699981689453,169.5800018310547,167.97999572753906,168.39999389648438,162.245361328125,21434100
2019-02-12,169.6300048828125,171.13999938964844,169.3300018310547,170.88999938964844,164.64437866210938,29722100
2019-02-13,171.64999389648438,172.16000366210938,170.82000732421875,171.00999450683594,164.75997924804688,26094100
2019-02-14,170.39999389648438,171.8300018310547,169.8300018310547,171.22000122070312,164.96231079101562,30326800
2019-02-15,172.52000427246094,172.55999755859375,171.13999938964844,171.94000244140625,165.656005859375,32521700
2019-02-19,171.41000366210938,172.8000030517578,171.3800048828125,172.27999877929688,165.9835662841797,19487700
2019-02-20,172.39999389648438,173.0800018310547,171.32000732421875,172.25,165.95468139648438,32593000
2019-02-21,171.7899932861328,172.25999450683594,170.7100067138672,171.6199951171875,165.34765625,25207400
2019-02-22,171.99000549316406,173.00999450683594,171.89999389648438,172.88999938964844,166.57125854492188,27735400
2019-02-25,174.2100067138672,174.66000366210938,173.39999389648438,173.52000427246094,167.17823791503906,32608800
2019-02-26,173.10000610351562,174.25,172.80999755859375,173.6999969482422,167.3516845703125,21939700
2019-02-27,172.89999389648438,173.8000030517578,171.75999450683594,173.58999633789062,167.24569702148438,25162000
2019-02-28,173.0500030517578,173.80999755859375,172.6999969482422,173.19000244140625,166.8603515625,25085500
2019-03-01,174.44000244140625,174.64999389648438,173.17999267578125,174.38999938964844,168.01646423339844,31431200
2019-03-04,175.5399932861328,175.7899932861328,172.47000122070312,174.4199981689453,168.04539489746094,38063500
2019-03-05,174.5500030517578,175.08999633789062,173.69000244140625,174.5500030517578,168.1705780029297,22319900
2019-03-06,174.72000122070312,174.75,173.27999877929688,173.55999755859375,167.21678161621094,27194600
2019-03-07,173.1199951171875,173.17999267578125,170.7899932861328,171.42999267578125,165.1646270751953,39407400
2019-03-08,169.50999450683594,171.25999450683594,169.33999633789062,171.1699981689453,164.91409301757812,39303200
2019-03-11,171.8800048828125,174.85000610351562,171.85000610351562,174.72999572753906,168.3440399169922,30518400
2019-03-12,175.19000244140625,176.13999938964844,174.77000427246094,175.69000244140625,169.26895141601562,33953500
2019-03-13,176.60000610351562,177.92999267578125,176.35000610351562,177.00999450683594,170.5406494140625,42426100
2019-03-14,177.1300048828125,177.33999633789062,176.66000366210938,176.7100067138672,170.2516632080078,23751500
2019-03-15,177.39999389648438,178.8800048828125,177.27999877929688,178.35000610351562,171.8317413330078,38192000
2019-03-18,177.9499969482422,178.99000549316406,177.58999633789062,178.4499969482422,172.240966796875,32935100
2019-03-19,179.17999267578125,180.0,178.2899932861328,179.0500030517578,172.82009887695312,36893300
2019-03-20,179.05999755859375,180.86000061035156,178.24000549316406,179.75999450683594,173.50535583496094,50105000
2019-03-21,179.22000122070312,182.8300018310547,179.1999969482422,182.57000732421875,176.21762084960938,42428500
2019-03-22,181.77999877929688,182.27000427246094,178.3699951171875,178.55999755859375,172.3471221923828,70794500
2019-03-25,177.91000366210938,178.83999633789062,176.92999267578125,178.22000122070312,172.0189971923828,46336500
2019-03-26,179.60000610351562,180.69000244140625,178.13999938964844,179.0500030517578,172.82009887695312,33248100
2019-03-27,179.32000732421875,179.72000122070312,176.60000610351562,177.89999389648438,171.7100830078125,37096700
2019-03-28,178.36000061035156,178.97999572753906,177.24000549316406,178.30999755859375,172.10586547851562,30368200
2019-03-29,179.69000244140625,179.8300018310547,178.58999633789062,179.66000366210938,173.4088592529297,35205500
2019-04-01,181.50999450683594,182.25999450683594,180.77000427246094,182.0399932861328,175.7061004638672,30969500
2019-04-02,182.24000549316406,182.91000366210938,181.77999877929688,182.72999572753906,176.37205505371094,22645200
2019-04-03,183.75999450683594,184.9199981689453,183.2100067138672,183.77999877929688,177.385498046875,31633500
2019-04-04,183.8300018310547,184.5,182.64999389648438,183.7100067138672,177.31796264648438,28530800
2019-04-05,184.24000549316406,184.77000427246094,184.02000427246094,184.66000366210938,178.2349090576172,25674700
2019-04-08,184.36000061035156,185.27999877929688,183.6300048828125,185.1300048828125,178.6885528564453,22697500
2019-04-09,184.5,185.11000061035156,184.08999633789062,184.47999572753906,178.06114196777344,25631900
2019-04-10,184.72000122070312,185.52999877929688,184.52000427246094,185.47000122070312,179.0167236328125,24563000
2019-04-11,185.77999877929688,185.77999877929688,184.69000244140625,185.02999877929688,178.59201049804688,20654100
2019-04-12,185.85000610351562,185.9499969482422,185.05999755859375,185.8300018310547,179.36419677734375,24989100
2019-04-15,185.83999633789062,186.07000732421875,184.6199951171875,185.86000061035156,179.39312744140625,21073000
2019-04-16,186.5399932861328,186.91000366210938,185.92999267578125,186.5,180.01084899902344,27195700
2019-04-17,187.75,187.92999267578125,186.60000610351562,187.14999389648438,180.6382293701172,29651600
2019-04-18,187.4600067138672,187.7899932861328,186.2899932861328,187.38999938964844,180.86990356445312,28580900
2019-04-22,186.57000732421875,187.99000549316406,186.42999267578125,187.9199981689453,181.38150024414062,17936000
2019-04-23,188.39999389648438,190.5399932861328,188.1300048828125,190.30999755859375,183.6882781982422,33665600
2019-04-24,190.47000122070312,190.7100067138672,189.64999389648438,189.7100067138672,183.1091766357422,24977100
2019-04-25,191.1300048828125,191.22000122070312,189.4499969482422,190.47999572753906,183.85240173339844,29517500
2019-04-26,190.17999267578125,190.69000244140625,188.58999633789062,190.64999389648438,184.01646423339844,26359500
2019-04-29,190.64999389648438,191.32000732421875,190.33999633789062,191.02000427246094,184.37362670898438,21716200
2019-04-30,189.47999572753906,189.85000610351562,188.2100067138672,189.5399932861328,182.9451141357422,31495300
2019-05-01,190.77999877929688,191.32000732421875,188.8000030517578,188.92999267578125,182.35633850097656,34797100
2019-05-02,188.8699951171875,189.85000610351562,186.8699951171875,188.11000061035156,181.5648651123047,44110100
2019-05-03,189.6699981689453,191.25,189.3300018310547,191.11000061035156,184.46051025390625,30386200
2019-05-06,187.0500030517578,190.1999969482422,186.75999450683594,189.94000244140625,183.3311767578125,38371800
2019-05-07,187.8699951171875,188.6699981689453,184.50999450683594,186.24000549316406,179.75990295410156,58818100
2019-05-08,185.6300048828125,187.1699981689453,184.9600067138672,185.77000427246094,179.3062744140625,37165300
2019-05-09,183.6999969482422,185.41000366210938,182.08999633789062,184.77000427246094,178.34104919433594,55351700
2019-05-10,184.11000061035156,185.88999938964844,181.02999877929688,185.0,178.5630340576172,58526400
2019-05-13,180.2899932861328,181.25999450683594,178.05999755859375,178.5800018310547,172.36643981933594,67185800
2019-05-14,179.52000427246094,181.6300048828125,178.86000061035156,180.5399932861328,174.2582244873047,43360600
2019-05-15,179.35000610351562,183.5500030517578,179.30999755859375,183.08999633789062,176.71951293945312,40944500
2019-05-16,183.1699981689453,186.07000732421875,182.9499969482422,184.92999267578125,178.49551391601562,39281200
2019-05-17,183.10000610351562,185.5800018310547,182.8800048828125,183.0399932861328,176.6712646484375,44702300
2019-05-20,180.49000549316406,181.17999267578125,179.33999633789062,179.9499969482422,173.68878173828125,38608300
2019-05-21,181.5,182.3300018310547,180.9199981689453,181.8300018310547,175.50338745117188,31613800
2019-05-22,180.82000732421875,182.07000732421875,180.75,181.02000427246094,174.7215576171875,24332600
2019-05-23,178.94000244140625,179.02000427246094,177.13999938964844,178.25,172.0479278564453,45351300
2019-05-24,179.2100067138672,179.85000610351562,177.94000244140625,178.16000366210938,171.9610595703125,25903300
2019-05-28,178.66000366210938,179.66000366210938,177.47000122070312,177.49000549316406,171.31443786621094,24763800
2019-05-29,176.38999938964844,177.0,175.08999633789062,176.02999877929688,169.90516662597656,42178800
2019-05-30,176.5,177.27000427246094,175.77000427246094,176.77000427246094,170.61941528320312,30354800
2019-05-31,174.69000244140625,175.2899932861328,173.8699951171875,173.9499969482422,167.8975372314453,45446200
2019-06-03,173.47999572753906,173.9499969482422,169.27000427246094,170.1199951171875,164.20082092285156,75842300
2019-06-04,172.02999877929688,174.97000122070312,171.3699951171875,174.91000366210938,168.8241424560547,47797800
2019-06-05,176.5800018310547,176.61000061035156,174.3800048828125,176.2100067138672,170.0789337158203,34412700
2019-06-06,176.50999450683594,178.0399932861328,175.72999572753906,177.61000061035156,171.43019104003906,29913200
2019-06-07,178.55999755859375,181.77000427246094,178.3300018310547,181.0399932861328,174.7408447265625,45888300
2019-06-10,182.25,184.85000610351562,182.2100067138672,183.14999389648438,176.7774200439453,41385300
2019-06-11,185.05999755859375,185.39999389648438,182.77999877929688,183.39999389648438,177.01873779296875,41260300
2019-06-12,182.89999389648438,183.27999877929688,182.0,182.33999633789062,175.99562072753906,27758100
2019-06-13,183.10000610351562,183.8699951171875,182.74000549316406,183.4199981689453,177.03807067871094,23715800
2019-06-14,182.47999572753906,183.11000061035156,181.94000244140625,182.63999938964844,176.28518676757812,22844100
2019-06-17,183.0399932861328,184.25,182.83999633789062,183.74000549316406,177.34690856933594,20379500
2019-06-18,185.91000366210938,187.72000122070312,185.42999267578125,186.41000366210938,179.9239959716797,48177300
2019-06-19,186.66000366210938,187.52999877929688,185.57000732421875,187.11000061035156,180.59967041015625,31672900
2019-06-20,189.72000122070312,189.75999450683594,187.16000366210938,188.85000610351562,182.2791290283203,40922000
2019-06-21,188.6300048828125,189.77000427246094,188.1699981689453,188.57000732421875,182.0088653564453,39980400
2019-06-24,188.52999877929688,188.72000122070312,188.05999755859375,188.16000366210938,182.01466369628906,19375200
2019-06-25,188.02999877929688,188.13999938964844,184.64999389648438,184.92999267578125,178.89013671875,33921100
2019-06-26,186.16000366210938,187.3300018310547,185.49000549316406,185.7899932861328,179.72203063964844,22595700
2019-06-27,186.4600067138672,186.94000244140625,185.99000549316406,186.5,180.40887451171875,19709200
2019-06-28,186.9499969482422,187.14999389648438,186.07000732421875,186.74000549316406,180.6410369873047,21179200
2019-07-01,190.32000732421875,190.57000732421875,188.3800048828125,189.25999450683594,183.07872009277344,31025600
2019-07-02,189.1999969482422,190.02999877929688,188.66000366210938,190.00999450683594,183.80422973632812,18035800
2019-07-03,190.49000549316406,191.44000244140625,190.2899932861328,191.44000244140625,185.18751525878906,15792100
2019-07-05,190.1300048828125,191.39999389648438,189.38999938964844,191.0500030517578,184.81027221679688,21415600
2019-07-08,189.80999755859375,189.8699951171875,188.92999267578125,189.7100067138672,183.5140380859375,17598800
2019-07-09,188.80999755859375,190.89999389648438,188.64999389648438,190.66000366210938,184.43299865722656,19193500
2019-07-10,191.82000732421875,193.08999633789062,191.47000122070312,192.55999755859375,186.2709503173828,28374500
2019-07-11,192.85000610351562,193.33999633789062,191.80999755859375,192.4199981689453,186.135498046875,23736100
2019-07-12,192.6300048828125,193.5399932861328,192.4499969482422,193.52999877929688,187.20924377441406,20211900
2019-07-15,193.97999572753906,194.19000244140625,193.44000244140625,194.14999389648438,187.8090362548828,15606100
2019-07-16,193.91000366210938,194.08999633789062,192.55999755859375,193.14999389648438,186.8416748046875,20190900
2019-07-17,193.14999389648438,193.49000549316406,192.17999267578125,192.1999969482422,185.92269897460938,16765100
2019-07-18,191.2899932861328,192.7899932861328,190.69000244140625,192.4199981689453,186.135498046875,28877000
2019-07-19,193.74000549316406,193.8300018310547,190.80999755859375,191.00999450683594,184.77154541015625,29387900
2019-07-22,191.44000244140625,192.94000244140625,191.44000244140625,192.52999877929688,186.24191284179688,18954900
2019-07-23,193.5800018310547,193.80999755859375,192.2899932861328,193.7899932861328,187.46080017089844,23786700
2019-07-24,193.0500030517578,195.16000366210938,193.02999877929688,195.14999389648438,188.7763671875,20422900
2019-07-25,194.49000549316406,194.52000427246094,192.92999267578125,193.3000030517578,186.98678588867188,23434700
2019-07-26,194.52999877929688,195.5500030517578,194.42999267578125,195.2899932861328,188.9117889404297,20431200
2019-07-29,195.11000061035156,195.17999267578125,193.38999938964844,194.6199951171875,188.26365661621094,20451700
2019-07-30,193.1300048828125,194.5399932861328,192.99000549316406,193.77999877929688,187.45106506347656,18705000
2019-07-31,194.3000030517578,194.42999267578125,189.32000732421875,191.10000610351562,184.85865783691406,41627500
2019-08-01,191.42999267578125,194.97999572753906,189.22999572753906,190.14999389648438,183.93968200683594,63251600
2019-08-02,188.72000122070312,188.99000549316406,186.2100067138672,187.35000610351562,181.23109436035156,55214000
2019-08-05,183.42999267578125,183.50999450683594,179.1999969482422,180.72999572753906,174.82728576660156,75040000
2019-08-06,182.39999389648438,183.8000030517578,181.07000732421875,183.25999450683594,177.2747039794922,41897200
2019-08-07,181.27000427246094,184.50999450683594,179.88999938964844,184.25,178.2323455810547,49990600
2019-08-08,185.0800018310547,188.32000732421875,184.57000732421875,188.25999450683594,182.11141967773438,38418100
2019-08-09,187.36000061035156,188.0,185.02999877929688,186.49000549316406,180.39920043945312,33608900
2019-08-12,185.33999633789062,185.89999389648438,183.5,184.35000610351562,178.32907104492188,24642900
2019-08-13,184.19000244140625,189.67999267578125,184.02000427246094,188.38999938964844,182.23716735839844,40241900
2019-08-14,185.36000061035156,185.9499969482422,182.4199981689453,182.75999450683594,176.79098510742188,51000500
2019-08-15,183.0,183.58999633789062,181.16000366210938,182.5500030517578,176.58790588378906,36685000
2019-08-16,184.2100067138672,185.9499969482422,184.10000610351562,185.47999572753906,179.4221954345703,32781400
2019-08-19,188.16000366210938,188.8300018310547,187.5,188.42999267578125,182.27581787109375,22494100
2019-08-20,187.9600067138672,188.63999938964844,186.9199981689453,186.97000122070312,180.8635711669922,19902900
2019-08-21,188.61000061035156,189.22999572753906,187.9600067138672,188.6300048828125,182.46932983398438,20418500
2019-08-22,188.97999572753906,189.4600067138672,186.5399932861328,188.02000427246094,181.8792266845703,24243700
2019-08-23,186.74000549316406,188.4499969482422,181.55999755859375,182.07000732421875,176.12356567382812,55372400
2019-08-26,184.13999938964844,184.8699951171875,183.0800018310547,184.82000732421875,178.78375244140625,27598900
2019-08-27,186.11000061035156,186.4199981689453,183.7100067138672,184.42999267578125,178.4064483642578,28012800
2019-08-28,183.8300018310547,185.39999389648438,182.91000366210938,185.08999633789062,179.044921875,21792400
2019-08-29,187.38999938964844,188.4600067138672,186.67999267578125,187.9199981689453,181.78248596191406,25358900
2019-08-30,188.92999267578125,188.97000122070312,186.41000366210938,187.47000122070312,181.34719848632812,26319800
2019-09-03,186.22000122070312,187.17999267578125,185.02999877929688,185.64999389648438,179.58665466308594,27964200
2019-09-04,187.44000244140625,188.49000549316406,186.89999389648438,188.3300018310547,182.1791229248047,21592100
2019-09-05,190.41000366210938,192.3300018310547,190.33999633789062,191.77999877929688,185.51646423339844,33932600
2019-09-06,192.10000610351562,192.1699981689453,191.1699981689453,191.58999633789062,185.33261108398438,19487800
2019-09-09,192.19000244140625,192.27000427246094,190.22000122070312,191.19000244140625,184.9456787109375,24407600
2019-09-10,190.16000366210938,190.74000549316406,188.91000366210938,190.63999938964844,184.41368103027344,23744700
2019-09-11,191.0,192.52999877929688,190.55999755859375,192.42999267578125,186.14517211914062,25063600
2019-09-12,193.61000061035156,194.7100067138672,192.97000122070312,193.22999572753906,186.91908264160156,28689900
2019-09-13,192.9499969482422,193.39999389648438,192.2899932861328,192.5399932861328,186.25160217285156,27669800
2019-09-16,191.3000030517578,192.0800018310547,191.11000061035156,191.67999267578125,185.41969299316406,20319000
2019-09-17,191.6999969482422,192.60000610351562,191.2899932861328,192.60000610351562,186.30963134765625,20953400
2019-09-18,192.1999969482422,192.60000610351562,190.11000061035156,192.52000427246094,186.23228454589844,29781300
2019-09-19,192.86000061035156,194.0399932861328,192.47000122070312,192.83999633789062,186.54177856445312,26039400
2019-09-20,193.11000061035156,193.30999755859375,190.16000366210938,190.8000030517578,184.56846618652344,29086100
2019-09-23,190.36000061035156,191.07000732421875,189.72000122070312,190.5,184.64984130859375,22485900
2019-09-24,191.3699951171875,191.7899932861328,187.14999389648438,187.97000122070312,182.19754028320312,40820700
2019-09-25,187.77999877929688,190.5800018310547,186.2100067138672,190.0800018310547,184.24273681640625,34704900
2019-09-26,189.8300018310547,190.0,187.97999572753906,189.3800048828125,183.56427001953125,26826000
2019-09-27,189.72999572753906,189.8300018310547,185.75,187.02999877929688,181.2864227294922,40773500
2019-09-30,187.7899932861328,189.11000061035156,187.39999389648438,188.80999755859375,183.0117645263672,26307700
2019-10-01,189.5,190.58999633789062,186.9600067138672,187.27000427246094,181.51904296875,32367600
2019-10-02,186.0,186.02999877929688,183.02000427246094,184.0500030517578,178.39791870117188,48544300
2019-10-03,184.02999877929688,186.2100067138672,181.82000732421875,186.07000732421875,180.3559112548828,39392500
2019-10-04,187.0800018310547,189.0800018310547,186.8800048828125,188.80999755859375,183.0117645263672,31887600
2019-10-07,188.27000427246094,189.74000549316406,187.91000366210938,188.24000549316406,182.45928955078125,21216000
2019-10-08,187.05999755859375,187.86000061035156,185.27000427246094,185.4199981689453,179.7258758544922,32379300
2019-10-09,186.99000549316406,188.0800018310547,186.42999267578125,187.22999572753906,181.48023986816406,20147400
2019-10-10,187.27999877929688,189.42999267578125,187.1199951171875,188.67999267578125,182.88572692871094,25177700
2019-10-11,190.8300018310547,192.6300048828125,190.72000122070312,191.11000061035156,185.24107360839844,40976700
2019-10-14,190.83999633789062,191.6999969482422,190.64999389648438,191.08999633789062,185.2217254638672,14975000
2019-10-15,191.67999267578125,193.97000122070312,191.55999755859375,193.52000427246094,187.57711791992188,23234200
2019-10-16,192.86000061035156,193.52999877929688,192.42999267578125,193.0399932861328,187.11183166503906,20457100
2019-10-17,194.1999969482422,194.5,192.80999755859375,193.5500030517578,187.606201171875,19045200
2019-10-18,193.1999969482422,193.6699981689453,190.7100067138672,191.69000244140625,185.80332946777344,27700800
2019-10-21,192.7100067138672,193.52000427246094,192.13999938964844,193.38999938964844,187.45106506347656,15801200
2019-10-22,194.14999389648438,194.4199981689453,191.7899932861328,191.85000610351562,185.9584197998047,22392300
2019-10-23,191.4600067138672,192.25999450683594,191.14999389648438,192.22000122070312,186.31703186035156,14828400
2019-10-24,193.58999633789062,194.2100067138672,192.74000549316406,194.08999633789062,188.12957763671875,18998500
2019-10-25,193.08999633789062,195.74000549316406,193.0500030517578,195.63999938964844,189.6320037841797,21507100
2019-10-28,196.5500030517578,197.8300018310547,196.5500030517578,197.57000732421875,191.50274658203125,18818700
2019-10-29,197.24000549316406,197.5399932861328,196.00999450683594,196.0399932861328,190.01968383789062,18569700
2019-10-30,196.4199981689453,197.32000732421875,195.2899932861328,196.99000549316406,190.9405517578125,21764300
2019-10-31,197.55999755859375,197.64999389648438,195.94000244140625,197.0800018310547,191.0277557373047,26801800
2019-11-01,197.92999267578125,198.8800048828125,197.6300048828125,198.8699951171875,192.7628173828125,22131900
2019-11-04,200.19000244140625,200.52999877929688,198.8699951171875,200.10000610351562,193.95504760742188,19015900
2019-11-05,200.35000610351562,200.5500030517578,199.5500030517578,200.2100067138672,194.06167602539062,15048900
2019-11-06,199.97999572753906,200.0,198.7899932861328,199.75999450683594,193.62547302246094,19725500
2019-11-07,200.75999450683594,201.72000122070312,199.85000610351562,200.42999267578125,194.27490234375,17832400
2019-11-08,200.07000732421875,201.25,199.5399932861328,201.22999572753906,195.05035400390625,15258800
2019-11-11,200.2100067138672,201.0399932861328,199.94000244140625,200.9600067138672,194.7886199951172,10147600
2019-11-12,201.1300048828125,202.2100067138672,200.82000732421875,201.5399932861328,195.35081481933594,14778300
2019-11-13,200.83999633789062,201.77999877929688,200.7100067138672,201.58999633789062,195.3992919921875,15774600
2019-11-14,200.8300018310547,201.55999755859375,200.22000122070312,201.42999267578125,195.2441864013672,16945400
2019-11-15,202.64999389648438,202.91000366210938,202.0,202.91000366210938,196.6787567138672,18427900
2019-11-18,202.58999633789062,203.38999938964844,201.77000427246094,203.07000732421875,196.83384704589844,18365900
2019-11-19,203.83999633789062,203.83999633789062,202.58999633789062,203.3699951171875,197.1246337890625,16923300
2019-11-20,202.83999633789062,203.4499969482422,200.6199951171875,202.14999389648438,195.9420928955078,36629000
2019-11-21,201.92999267578125,202.07000732421875,201.07000732421875,201.6999969482422,195.5059051513672,17883600
2019-11-22,202.1999969482422,202.32000732421875,200.74000549316406,201.8300018310547,195.63192749023438,17189600
2019-11-25,202.6999969482422,204.25999450683594,202.6699981689453,204.22000122070312,197.9485321044922,17752800
2019-11-26,204.35000610351562,204.8699951171875,204.0500030517578,204.61000061035156,198.32656860351562,14780600
2019-11-27,205.13999938964844,206.0500030517578,204.88999938964844,206.0399932861328,199.71261596679688,16963100
2019-11-29,205.52000427246094,205.8300018310547,205.0,205.10000610351562,198.80148315429688,9854600
2019-12-02,205.11000061035156,205.17999267578125,201.77999877929688,203.0,196.76597595214844,28007000
2019-12-03,200.2100067138672,201.49000549316406,199.22999572753906,201.41000366210938,195.22479248046875,31104100
2019-12-04,202.44000244140625,202.91000366210938,202.13999938964844,202.42999267578125,196.2134552001953,15300100
2019-12-05,203.14999389648438,203.14999389648438,201.83999633789062,202.8300018310547,196.6011962890625,14962300
2019-12-06,204.30999755859375,205.14999389648438,204.14999389648438,205.0,198.70458984375,16555300
2019-12-09,204.6300048828125,205.58999633789062,203.97999572753906,204.07000732421875,197.8031463623047,13984100
2019-12-10,204.1699981689453,204.8800048828125,203.44000244140625,203.89999389648438,197.63833618164062,21799800
2019-12-11,204.36000061035156,205.19000244140625,204.0399932861328,204.97999572753906,198.6851806640625,18780800
2019-12-12,204.77000427246094,207.32000732421875,204.49000549316406,206.50999450683594,200.16819763183594,32612000
2019-12-13,206.39999389648438,207.91000366210938,205.9600067138672,207.19000244140625,200.82730102539062,32519400
2019-12-16,208.5500030517578,209.52999877929688,208.47999572753906,209.27000427246094,202.84344482421875,21296600
2019-12-17,209.5399932861328,209.7100067138672,209.0399932861328,209.38999938964844,202.9597625732422,15996100
2019-12-18,209.57000732421875,210.1300048828125,209.3300018310547,209.5500030517578,203.11480712890625,15443300
2019-12-19,209.63999938964844,210.92999267578125,209.6199951171875,210.86000061035156,204.38461303710938,17865900
2019-12-20,211.86000061035156,212.52000427246094,211.27000427246094,211.7100067138672,205.20851135253906,27672600
2019-12-23,212.0,212.14999389648438,211.6300048828125,211.80999755859375,205.75054931640625,23774700
2019-12-24,212.0,212.08999633789062,211.44000244140625,211.9199981689453,205.85740661621094,7089000
2019-12-26,212.25999450683594,213.80999755859375,212.22999572753906,213.7899932861328,207.67388916015625,17067500
2019-12-27,214.5399932861328,214.55999755859375,213.0399932861328,213.61000061035156,207.4990692138672,18134100
2019-12-30,213.5,213.6300048828125,211.16000366210938,212.2100067138672,206.13909912109375,21815500
2019-12-31,211.52999877929688,212.75999450683594,211.1999969482422,212.61000061035156,206.52764892578125,18170900
2020-01-02,214.39999389648438,216.16000366210938,213.97999572753906,216.16000366210938,209.9761199951172,30969400
2020-01-03,213.3000030517578,215.47000122070312,213.27999877929688,214.17999267578125,208.05274963378906,27518900
2020-01-06,212.5,215.58999633789062,212.24000549316406,215.55999755859375,209.39324951171875,21655300
2020-01-07,215.63999938964844,216.13999938964844,214.85000610351562,215.52999877929688,209.3641357421875,22139300
2020-01-08,215.5,218.13999938964844,215.16000366210938,217.14999389648438,210.93772888183594,26397300
2020-01-09,218.94000244140625,219.41000366210938,217.7100067138672,218.99000549316406,212.72515869140625,23547000
2020-01-10,219.85000610351562,219.8699951171875,218.0399932861328,218.42999267578125,212.18116760253906,21898500
2020-01-13,219.3300018310547,220.97999572753906,218.97999572753906,220.9499969482422,214.6290740966797,22756900
2020-01-14,220.83999633789062,221.2100067138672,219.74000549316406,220.0800018310547,213.78396606445312,24418100
2020-01-15,220.1999969482422,221.1999969482422,219.4499969482422,220.1699981689453,213.87136840820312,25742100
2020-01-16,221.27000427246094,222.32000732421875,220.8000030517578,222.27999877929688,215.92100524902344,18805000
2020-01-17,223.27999877929688,223.55999755859375,222.1199951171875,223.3800048828125,216.98951721191406,24325200
2020-01-21,222.75999450683594,223.83999633789062,222.66000366210938,223.27999877929688,216.8924102783203,21146300
2020-01-22,224.41000366210938,225.14999389648438,223.58999633789062,223.8699951171875,217.4655303955078,20736400
2020-01-23,223.74000549316406,224.69000244140625,222.6999969482422,224.58999633789062,218.1649627685547,26496100
2020-01-24,225.63999938964844,225.8800048828125,221.6699981689453,222.6999969482422,216.3290252685547,37436500
2020-01-27,217.6699981689453,219.27999877929688,217.17999267578125,218.10000610351562,211.86061096191406,42264400
2020-01-28,219.63999938964844,221.9600067138672,219.05999755859375,221.4499969482422,215.11476135253906,26731900
2020-01-29,222.67999267578125,222.92999267578125,220.8300018310547,221.80999755859375,215.4644775390625,28924500
2020-01-30,220.3800048828125,222.6999969482422,219.69000244140625,222.60000610351562,216.23184204101562,39568100
2020-01-31,223.52999877929688,223.55999755859375,218.2899932861328,219.07000732421875,212.80284118652344,52015800
2020-02-03,220.13999938964844,222.88999938964844,219.99000549316406,222.3800048828125,216.0181427001953,25408600
2020-02-04,225.4199981689453,227.86000061035156,224.64999389648438,227.47000122070312,220.96255493164062,30691200
2020-02-05,230.2100067138672,230.25,226.85000610351562,228.22000122070312,221.6910858154297,38534800
2020-02-06,228.7899932861328,230.25,227.97999572753906,230.19000244140625,223.604736328125,22467100
2020-02-07,229.16000366210938,230.44000244140625,228.5399932861328,229.1999969482422,222.64303588867188,25884900
2020-02-10,228.44000244140625,231.97999572753906,228.3800048828125,231.97000122070312,225.3337860107422,21478900
2020-02-11,233.25,234.02000427246094,231.39999389648438,232.00999450683594,225.37266540527344,30198000
2020-02-12,233.3800048828125,234.3800048828125,232.8000030517578,234.27000427246094,227.5679931640625,24471300
2020-02-13,232.63999938964844,234.92999267578125,232.36000061035156,233.97000122070312,227.27662658691406,22773200
2020-02-14,234.33999633789062,234.86000061035156,233.5500030517578,234.63999938964844,227.9274139404297,23438500
2020-02-18,233.5,235.1699981689453,233.25,234.72999572753906,228.0148468017578,24394500
2020-02-19,236.1300048828125,237.47000122070312,235.85000610351562,236.97999572753906,230.20050048828125,22230500
2020-02-20,236.4600067138672,236.9499969482422,231.8800048828125,234.77999877929688,228.06341552734375,42604000
2020-02-21,233.61000061035156,234.00999450683594,229.32000732421875,230.27000427246094,223.6824493408203,66017200
2020-02-24,221.67999267578125,224.25,220.25999450683594,221.38999938964844,215.05645751953125,84522600
2020-02-25,223.25,223.99000549316406,214.74000549316406,215.3699951171875,209.208740234375,97743000
2020-02-26,216.7100067138672,220.27999877929688,214.89999389648438,216.47999572753906,210.2869415283203,79537700
2020-02-27,210.89999389648438,216.4199981689453,205.5,205.63999938964844,199.75706481933594,121822600
2020-02-28,198.63999938964844,207.1699981689453,198.1699981689453,205.8000030517578,199.91250610351562,148173700
2020-03-02,208.8800048828125,216.57000732421875,205.94000244140625,216.4199981689453,210.22865295410156,112933900
2020-03-03,217.11000061035156,219.61000061035156,207.6199951171875,209.47999572753906,203.4872283935547,131953500
2020-03-04,213.32000732421875,218.3300018310547,211.3699951171875,218.22000122070312,211.9771728515625,73086200
2020-03-05,212.69000244140625,216.36000061035156,210.10000610351562,211.58999633789062,205.53683471679688,78705500
2020-03-06,204.6699981689453,209.14999389648438,202.91000366210938,208.02000427246094,202.0689697265625,89828400
2020-03-09,193.47999572753906,201.16000366210938,192.11000061035156,193.57000732421875,188.0323486328125,116424000
2020-03-10,201.11000061035156,204.3000030517578,193.67999267578125,204.11000061035156,198.27084350585938,100599200
2020-03-11,199.35000610351562,200.75,192.72999572753906,195.22000122070312,189.6351318359375,89168800
2020-03-12,182.08999633789062,190.77999877929688,176.94000244140625,177.32000732421875,172.24725341796875,137820700
2020-03-13,187.07000732421875,194.47999572753906,178.1300048828125,192.33999633789062,186.83753967285156,134882000
2020-03-16,174.14999389648438,184.67999267578125,169.16000366210938,169.3000030517578,164.45669555664062,92054400
2020-03-17,175.47000122070312,184.38999938964844,169.77999877929688,182.13999938964844,176.9293670654297,121257100
2020-03-18,171.61000061035156,179.22000122070312,166.8000030517578,176.60000610351562,171.54783630371094,114156300
2020-03-19,175.69000244140625,183.49000549316406,171.6300048828125,177.66000366210938,172.57752990722656,120896500
2020-03-20,181.74000549316406,182.8699951171875,170.10000610351562,170.6999969482422,165.81663513183594,118983900
2020-03-23,170.9199981689453,174.2100067138672,164.92999267578125,170.4600067138672,165.93637084960938,124639800
2020-03-24,179.91000366210938,183.8300018310547,177.9499969482422,183.66000366210938,178.78607177734375,94881800
2020-03-25,184.4199981689453,189.50999450683594,179.97999572753906,182.3000030517578,177.46217346191406,88754900
2020-03-26,183.8699951171875,192.72000122070312,183.61000061035156,191.89999389648438,186.80735778808594,79887600
2020-03-27,186.92999267578125,190.50999450683594,184.66000366210938,185.3000030517578,180.38253784179688,58845000
2020-03-30,187.05999755859375,192.49000549316406,186.33999633789062,192.0399932861328,186.9436492919922,49356900
2020-03-31,191.72000122070312,195.25,189.1999969482422,190.39999389648438,185.34716796875,62659300
2020-04-01,184.77000427246094,187.66000366210938,180.86000061035156,182.30999755859375,177.47190856933594,53715400
2020-04-02,181.24000549316406,190.10000610351562,180.97000122070312,186.00999450683594,181.07366943359375,56465300
2020-04-03,185.5500030517578,187.07000732421875,181.2899932861328,183.3699951171875,178.50372314453125,47487600
2020-04-06,190.47999572753906,197.64999389648438,189.19000244140625,196.47999572753906,191.26580810546875,64763500
2020-04-07,202.3699951171875,202.66000366210938,196.0,196.39999389648438,191.1879425048828,69904500
2020-04-08,198.14999389648438,201.1699981689453,196.1699981689453,200.57000732421875,195.247314453125,45940400
2020-04-09,202.35000610351562,203.22000122070312,199.02999877929688,200.86000061035156,195.52960205078125,68252600
2020-04-13,200.0,203.4199981689453,198.75,203.02999877929688,197.64199829101562,42853900
2020-04-14,207.22999572753906,212.5,206.4199981689453,211.86000061035156,206.2376708984375,63959600
2020-04-15,208.47999572753906,211.8300018310547,207.1199951171875,209.42999267578125,203.87216186523438,47036000
2020-04-16,211.69000244140625,214.3699951171875,209.69000244140625,213.25,207.5907745361328,64657400
2020-04-17,216.1699981689453,216.50999450683594,212.0800018310547,215.2899932861328,209.57664489746094,62863200
2020-04-20,213.36000061035156,215.8800048828125,212.57000732421875,212.74000549316406,207.09439086914062,38249100
2020-04-21,210.60000610351562,211.16000366210938,203.6300048828125,204.88999938964844,199.45266723632812,72932800
2020-04-22,209.10000610351562,212.35000610351562,208.3300018310547,210.97000122070312,205.37127685546875,40089100
2020-04-23,211.7899932861328,214.44000244140625,210.10000610351562,210.52000427246094,204.93324279785156,43278500
2020-04-24,210.97000122070312,214.3000030517578,209.5,213.83999633789062,208.1651611328125,34231900
2020-04-27,216.19000244140625,216.6300048828125,214.5,215.55999755859375,209.8394775390625,36451700
2020-04-28,217.32000732421875,217.32000732421875,211.2100067138672,211.5,205.8872528076172,46862800
2020-04-29,216.19000244140625,219.97000122070312,215.13999938964844,219.0,213.18820190429688,48716400
2020-04-30,219.9499969482422,220.0399932861328,217.35000610351562,218.91000366210938,213.10055541992188,43359500
2020-05-01,214.5,216.6699981689453,211.67999267578125,212.74000549316406,207.09439086914062,48795000
2020-05-04,211.4600067138672,215.4499969482422,211.1199951171875,215.22000122070312,209.5084991455078,32841000
2020-05-05,217.44000244140625,220.13999938964844,216.85000610351562,217.66000366210938,211.88375854492188,37783100
2020-05-06,219.39999389648438,221.0399932861328,218.11000061035156,219.0,213.18820190429688,36455200
2020-05-07,221.82000732421875,222.72999572753906,220.4199981689453,221.82000732421875,215.93336486816406,38624800
2020-05-08,223.5500030517578,225.0,222.47999572753906,224.86000061035156,218.89268493652344,31852300
2020-05-11,223.49000549316406,227.92999267578125,223.25,226.8699951171875,220.84934997558594,35714100
2020-05-12,227.49000549316406,228.10000610351562,222.08999633789062,222.1199951171875,216.22540283203125,41054100
2020-05-13,222.66000366210938,224.61000061035156,216.7100067138672,219.33999633789062,213.51918029785156,65521200
2020-05-14,217.97000122070312,221.8699951171875,215.99000549316406,221.8300018310547,215.94309997558594,51549300
2020-05-15,218.77999877929688,223.3300018310547,218.3300018310547,223.27000427246094,217.34487915039062,55747200
2020-05-18,226.27999877929688,228.67999267578125,225.47000122070312,227.42999267578125,221.39447021484375,42398100
2020-05-19,227.6999969482422,229.85000610351562,226.7100067138672,226.86000061035156,220.83961486816406,36237300
2020-05-20,229.5,231.75999450683594,229.47999572753906,231.38999938964844,225.24937438964844,37417000
2020-05-21,231.44000244140625,232.13999938964844,228.33999633789062,228.8699951171875,222.79624938964844,43642900
2020-05-22,228.4499969482422,229.8699951171875,227.5,229.66000366210938,223.56529235839844,28762400
2020-05-26,233.36000061035156,233.57000732421875,228.7899932861328,229.0399932861328,222.96170043945312,33055300
2020-05-27,228.69000244140625,230.41000366210938,223.94000244140625,230.2899932861328,224.1785888671875,55665600
2020-05-28,229.11000061035156,233.47000122070312,229.0500030517578,229.99000549316406,223.8865509033203,42784300
2020-05-29,230.3800048828125,233.60000610351562,228.75999450683594,233.36000061035156,227.16712951660156,50691800
2020-06-01,232.4600067138672,234.4499969482422,232.0,234.05999755859375,227.84852600097656,25776000
2020-06-02,234.5,235.69000244140625,232.00999450683594,235.6300048828125,229.3768768310547,33383400
2020-06-03,236.25999450683594,237.47000122070312,235.35000610351562,236.69000244140625,230.40875244140625,37228700
2020-06-04,236.3300018310547,237.7899932861328,233.67999267578125,235.02999877929688,228.7928009033203,38716100
2020-06-05,236.22000122070312,240.3000030517578,235.6300048828125,239.69000244140625,233.32911682128906,47365600
2020-06-08,239.5399932861328,241.67999267578125,237.91000366210938,241.5500030517578,235.1397705078125,32937300
2020-06-09,240.66000366210938,244.17999267578125,240.47000122070312,243.3000030517578,236.84335327148438,35046300
2020-06-10,245.0500030517578,247.82000732421875,244.50999450683594,246.22000122070312,239.6858673095703,58084400
2020-06-11,242.16000366210938,243.58999633789062,233.9600067138672,234.02000427246094,227.80960083007812,72919400
2020-06-12,239.08999633789062,240.39999389648438,231.74000549316406,235.8800048828125,229.62025451660156,72034800
2020-06-15,232.44000244140625,239.4499969482422,231.47000122070312,238.75,232.41409301757812,45307400
2020-06-16,243.77999877929688,244.38999938964844,239.10000610351562,242.85000610351562,236.4052734375,48890100
2020-06-17,244.39999389648438,245.5,242.72999572753906,243.6199951171875,237.15484619140625,34749300
2020-06-18,243.2899932861328,244.52999877929688,242.49000549316406,244.27999877929688,237.79733276367188,30578600
2020-06-19,246.72999572753906,247.0,242.4499969482422,244.24000549316406,237.7583465576172,49422100
2020-06-22,243.67999267578125,246.8699951171875,243.3800048828125,246.74000549316406,240.60972595214844,24068700
2020-06-23,248.38999938964844,251.14999389648438,247.82000732421875,248.83999633789062,242.6575469970703,32767400
2020-06-24,248.05999755859375,249.3300018310547,242.16000366210938,243.7100067138672,237.65504455566406,46032400
2020-06-25,243.8000030517578,246.33999633789062,241.13999938964844,246.02999877929688,239.91737365722656,36940800
2020-06-26,245.77999877929688,245.9600067138672,239.67999267578125,240.22000122070312,234.25172424316406,52824600
2020-06-29,239.97000122070312,242.85000610351562,237.35000610351562,242.83999633789062,236.80661010742188,34377800
2020-06-30,242.77000427246094,248.16000366210938,242.5800018310547,247.60000610351562,241.44834899902344,38909200
2020-07-01,247.63999938964844,251.52000427246094,247.0800018310547,250.49000549316406,244.26658630371094,34689200
2020-07-02,253.02000427246094,254.27000427246094,251.7100067138672,252.19000244140625,245.92430114746094,31956500
2020-07-06,255.4499969482422,258.92999267578125,255.42999267578125,258.3900146484375,251.9702911376953,34589000
2020-07-07,258.1300048828125,260.8800048828125,256.29998779296875,256.6099853515625,250.23451232910156,36578200
2020-07-08,257.9800109863281,260.0199890136719,256.5,259.989990234375,253.53050231933594,30426300
2020-07-09,261.9700012207031,262.8699951171875,257.6300048828125,262.17999267578125,255.66615295410156,40312900
2020-07-10,262.0299987792969,264.2300109863281,259.260009765625,263.9700012207031,257.41162109375,32885300
2020-07-13,266.9100036621094,269.7900085449219,257.69000244140625,258.5400085449219,252.11659240722656,64108100
2020-07-14,255.92999267578125,260.7900085449219,252.75999450683594,260.3699951171875,253.901123046875,72230500
2020-07-15,261.8299865722656,262.69000244140625,257.489990234375,260.8999938964844,254.4178924560547,54523900
2020-07-16,258.0199890136719,259.7799987792969,255.6199951171875,259.1199951171875,252.68211364746094,47594100
2020-07-17,259.5899963378906,260.30999755859375,257.1700134277344,259.4200134277344,252.9747314453125,35137900
2020-07-20,260.0799865722656,267.42999267578125,258.7900085449219,266.7799987792969,260.15185546875,40610100
2020-07-21,268.3999938964844,268.4100036621094,263.1300048828125,264.0,257.44085693359375,43243800
2020-07-22,264.510009765625,265.8900146484375,262.54998779296875,264.92999267578125,258.3478088378906,29865500
2020-07-23,264.510009765625,265.239990234375,256.54998779296875,258.010009765625,251.59976196289062,51363500
2020-07-24,254.0399932861328,256.92999267578125,251.32000732421875,255.55999755859375,249.21060180664062,54054500
2020-07-27,257.260009765625,260.5199890136719,256.45001220703125,260.1199951171875,253.65731811523438,36445700
2020-07-28,259.30999755859375,259.8500061035156,256.510009765625,256.80999755859375,250.4295196533203,31302400
2020-07-29,258.3999938964844,260.6600036621094,257.9100036621094,259.7699890136719,253.31602478027344,27556900
2020-07-30,257.739990234375,261.7099914550781,256.54998779296875,261.1300048828125,254.64222717285156,41774500
2020-07-31,265.9100036621094,265.95001220703125,260.8500061035156,265.7900085449219,259.1864318847656,53686300
2020-08-03,268.0,270.1499938964844,267.8699951171875,269.3800048828125,262.6872863769531,32081600
2020-08-04,268.8599853515625,270.4800109863281,268.0899963378906,270.3800048828125,263.6624755859375,24911300
2020-08-05,270.8800048828125,271.5199890136719,269.9599914550781,271.04998779296875,264.3157043457031,21612100
2020-08-06,270.8500061035156,274.9800109863281,270.19000244140625,274.6400146484375,267.8165588378906,28048200
2020-08-07,274.0799865722656,274.8800048828125,269.25,271.4700012207031,264.72528076171875,44969400
2020-08-10,271.7699890136719,271.9800109863281,266.6700134277344,270.30999755859375,263.59417724609375,35088400
2020-08-11,269.1099853515625,270.44000244140625,264.6300048828125,265.19000244140625,258.6013488769531,43104300
2020-08-12,267.4200134277344,272.8399963378906,267.3699951171875,271.8599853515625,265.1055908203125,38773400
2020-08-13,272.6600036621094,274.8299865722656,271.510009765625,272.4800109863281,265.7102355957031,31895700
2020-08-14,273.1199951171875,273.3999938964844,270.7200012207031,272.1600036621094,265.3982238769531,30799500
2020-08-17,273.92999267578125,275.8399963378906,272.20001220703125,275.32000732421875,268.4797058105469,24803000
2020-08-18,276.4200134277344,278.4599914550781,274.9100036621094,277.9700012207031,271.0638122558594,23529500
2020-08-19,277.92999267578125,279.0199890136719,275.57000732421875,276.1000061035156,269.2402648925781,31999400
2020-08-20,275.2799987792969,280.42999267578125,274.8599853515625,279.92999267578125,272.97515869140625,27723400
2020-08-21,280.1300048828125,282.3399963378906,279.4599914550781,281.8699951171875,274.86688232421875,34748900
2020-08-24,285.25,286.0,281.2699890136719,283.6300048828125,276.5832214355469,36418500
2020-08-25,282.8299865722656,286.05999755859375,282.3699951171875,285.8599853515625,278.7578430175781,34866600
2020-08-26,287.1499938964844,292.2200012207031,285.8299865722656,291.9599914550781,284.7062683105469,42216700
2020-08-27,292.9700012207031,293.8500061035156,288.7099914550781,291.04998779296875,283.8188171386719,49482700
2020-08-28,292.3299865722656,293.17999267578125,290.92999267578125,292.5299987792969,285.2620544433594,28021000
2020-08-31,293.07000732421875,296.75,292.6199951171875,294.8800048828125,287.5537414550781,36321000
2020-09-01,297.6199951171875,300.0400085449219,295.7900085449219,299.9200134277344,292.468505859375,36216200
2020-09-02,303.2799987792969,303.5,296.8900146484375,302.760009765625,295.23797607421875,50836800
2020-09-03,298.1000061035156,298.6199951171875,284.4100036621094,287.4100036621094,280.2692565917969,110083300
2020-09-04,285.55999755859375,288.92999267578125,271.79998779296875,283.5799865722656,276.53448486328125,123959000
2020-09-08,272.2200012207031,278.2200012207031,269.6600036621094,269.95001220703125,263.24310302734375,99568600
2020-09-09,275.6400146484375,280.04998779296875,273.0,277.8800048828125,270.97607421875,64837900
2020-09-10,280.94000244140625,282.20001220703125,270.55999755859375,272.3399963378906,265.5736999511719,69667500
2020-09-11,274.1499938964844,275.2200012207031,266.8999938964844,270.45001220703125,263.7306823730469,71809000
2020-09-14,274.3599853515625,277.2200012207031,272.9599914550781,275.1600036621094,268.3236083984375,38525200
2020-09-15,279.0299987792969,280.45001220703125,275.1300048828125,279.05999755859375,272.126708984375,41849900
2020-09-16,279.8800048828125,280.3599853515625,274.25,274.6099853515625,267.78729248046875,42321000
2020-09-17,267.54998779296875,274.3999938964844,266.67999267578125,270.32000732421875,263.60394287109375,81570800
2020-09-18,271.7900085449219,272.0899963378906,262.6300048828125,266.8699951171875,260.2395324707031,86251100
2020-09-21,262.4700012207031,267.6499938964844,260.1099853515625,267.510009765625,260.86376953125,57168600
2020-09-22,269.989990234375,273.0799865722656,266.5400085449219,272.4800109863281,265.7102355957031,41128900
2020-09-23,272.1499938964844,272.3399963378906,263.25,264.1600036621094,257.596923828125,48837300
2020-09-24,261.3900146484375,268.70001220703125,261.2200012207031,265.3900146484375,258.7964172363281,70631700
2020-09-25,265.9100036621094,272.3999938964844,264.29998779296875,271.55999755859375,264.8130798339844,55242400
2020-09-28,276.5799865722656,277.20001220703125,271.6700134277344,277.20001220703125,270.31292724609375,58438300
2020-09-29,276.6199951171875,277.7099914550781,275.3699951171875,275.95001220703125,269.0940246582031,27050000
2020-09-30,276.1499938964844,281.0899963378906,275.8699951171875,277.8399963378906,270.9370422363281,49380800
2020-10-01,281.7900085449219,282.8800048828125,279.8399963378906,282.25,275.2375183105469,50020200
2020-10-02,276.0199890136719,282.239990234375,273.44000244140625,274.30999755859375,267.49481201171875,75497400
2020-10-05,276.3399963378906,280.489990234375,276.2300109863281,280.1600036621094,273.1993713378906,28184600
2020-10-06,279.45001220703125,281.19000244140625,274.25,275.1600036621094,268.3236083984375,49704200
2020-10-07,277.8900146484375,280.739990234375,277.2799987792969,279.9200134277344,272.9653625488281,27539700
2020-10-08,282.3999938964844,282.4700012207031,280.30999755859375,281.4100036621094,274.41839599609375,25443300
2020-10-09,283.1099853515625,285.7900085449219,282.7099914550781,285.7099914550781,278.6114501953125,30201100
2020-10-12,290.54998779296875,297.4599914550781,289.4700012207031,294.5299987792969,287.21240234375,79370700
2020-10-13,296.3900146484375,297.04998779296875,293.1099853515625,294.5199890136719,287.2026062011719,64240000
2020-10-14,295.3500061035156,296.3500061035156,290.260009765625,292.05999755859375,284.8037414550781,36949100
2020-10-15,287.20001220703125,290.7099914550781,286.5400085449219,290.1000061035156,282.8924865722656,42514200
2020-10-16,291.79998779296875,293.2699890136719,288.1499938964844,288.510009765625,281.34197998046875,40570700
2020-10-19,290.489990234375,291.4800109863281,282.7900085449219,283.79998779296875,276.74896240234375,36756800
2020-10-20,284.55999755859375,287.6199951171875,282.95001220703125,284.4100036621094,277.3438415527344,32195400
2020-10-21,284.6700134277344,287.32000732421875,283.69000244140625,284.19000244140625,277.1293029785156,29306100
2020-10-22,285.04998779296875,285.9800109863281,280.82000732421875,284.17999267578125,277.1194763183594,32196200
2020-10-23,284.7699890136719,284.9100036621094,281.7799987792969,284.739990234375,277.6656188964844,24658500
2020-10-26,282.3800048828125,285.29998779296875,276.760009765625,280.4700012207031,273.5016784667969,38421100
2020-10-27,281.5,283.510009765625,280.20001220703125,282.6600036621094,275.6372985839844,30559100
2020-10-28,278.010009765625,278.6400146484375,271.3800048828125,271.6400146484375,264.89111328125,53413500
2020-10-29,273.0,279.489990234375,272.5199890136719,276.3900146484375,269.5230712890625,43246300
2020-10-30,274.3399963378906,275.239990234375,267.07000732421875,269.3800048828125,262.6872863769531,65838300
2020-11-02,271.8500061035156,273.5199890136719,266.9700012207031,269.9800109863281,263.27239990234375,39987400
2020-11-03,271.9599914550781,276.82000732421875,270.8399963378906,274.6499938964844,267.8263244628906,43604100
2020-11-04,283.5899963378906,288.7699890136719,281.8699951171875,286.9100036621094,279.78173828125,75728200
2020-11-05,293.5299987792969,295.3900146484375,292.0,294.3900146484375,287.07586669921875,52054200
2020-11-06,293.7099914550781,295.3599853515625,289.8299865722656,294.6099853515625,287.2904052734375,40959800
2020-11-09,297.6499938964844,299.1400146484375,288.1199951171875,288.5899963378906,281.4199523925781,86537100
2020-11-10,285.1700134277344,286.6600036621094,280.6199951171875,283.4200134277344,276.37847900390625,69024900
2020-11-11,286.0299987792969,290.25,283.3800048828125,289.760009765625,282.5609130859375,36102900
2020-11-12,290.760009765625,292.07000732421875,287.25,288.3999938964844,281.234619140625,34414600
2020-11-13,290.1700134277344,291.57000732421875,287.8699951171875,290.92999267578125,283.70184326171875,24806900
2020-11-16,290.6199951171875,293.510009765625,289.989990234375,293.20001220703125,285.91546630859375,30168400
2020-11-17,293.3999938964844,293.739990234375,291.6099853515625,292.2699890136719,285.00848388671875,21843500
2020-11-18,291.70001220703125,293.3699951171875,290.0199890136719,290.1099853515625,282.9022216796875,28069600
2020-11-19,289.5400085449219,292.70001220703125,288.8500061035156,292.3800048828125,285.1158447265625,22718400
2020-11-20,292.29998779296875,293.07000732421875,290.2900085449219,290.3800048828125,283.16552734375,25907300
2020-11-23,291.4100036621094,292.75,288.07000732421875,290.3900146484375,283.17523193359375,26875600
2020-11-24,291.489990234375,294.9800109863281,289.6300048828125,294.4700012207031,287.15386962890625,24516800
2020-11-25,295.57000732421875,296.94000244140625,294.5899963378906,296.2799987792969,288.9189453125,23326800
2020-11-27,298.30999755859375,300.1700134277344,297.8999938964844,299.010009765625,291.5810546875,17163100
2020-11-30,299.3399963378906,299.9700012207031,294.7799987792969,299.6199951171875,292.1759033203125,27836200
2020-12-01,301.9700012207031,305.1400146484375,300.8299865722656,303.4599914550781,295.9205017089844,27521300
2020-12-02,302.25,304.20001220703125,300.3500061035156,303.8500061035156,296.3008117675781,23620000
2020-12-03,304.1700134277344,305.8800048828125,303.5299987792969,304.2799987792969,296.72015380859375,22828700
2020-12-04,304.3299865722656,305.6700134277344,303.6300048828125,305.5199890136719,297.9293212890625,19332100
2020-12-07,305.7099914550781,307.6300048828125,305.5199890136719,307.25,299.6163635253906,20851000
2020-12-08,306.760009765625,308.6000061035156,304.95001220703125,308.2900085449219,300.6304931640625,18341500
2020-12-09,308.07000732421875,308.3599853515625,300.2099914550781,301.30999755859375,293.8239440917969,48839300
2020-12-10,299.2099914550781,303.67999267578125,298.0899963378906,302.5199890136719,295.00384521484375,27519500
2020-12-11,300.80999755859375,301.9800109863281,298.4700012207031,301.8500061035156,294.35052490234375,26760400
2020-12-14,303.0799865722656,306.04998779296875,303.010009765625,304.0400085449219,296.486083984375,28804800
2020-12-15,306.3699951171875,307.2900085449219,304.1099853515625,307.2900085449219,299.6553955078125,25709000
2020-12-16,307.70001220703125,309.7900085449219,306.6199951171875,308.9800109863281,301.3034362792969,25461900
2020-12-17,310.6300048828125,311.239990234375,309.3900146484375,311.0,303.27313232421875,23730500
2020-12-18,311.6600036621094,311.9800109863281,307.6099853515625,310.05999755859375,302.3565368652344,41173400
2020-12-21,306.4599914550781,309.4700012207031,303.6000061035156,308.9200134277344,301.7908630371094,37095500
2020-12-22,309.8500061035156,310.7099914550781,306.8500061035156,309.760009765625,302.6114807128906,26176300
2020-12-23,309.80999755859375,310.17999267578125,308.0400085449219,308.20001220703125,301.0875244140625,21201300
2020-12-24,308.4700012207031,310.0199890136719,308.3900146484375,309.55999755859375,302.4161071777344,16785000
2020-12-28,312.25,313.1700134277344,310.3599853515625,312.67999267578125,305.4641418457031,22497700
2020-12-29,314.04998779296875,314.69000244140625,312.0299987792969,312.9599914550781,305.7376403808594,25871900
2020-12-30,314.1600036621094,314.489990234375,312.3299865722656,312.9700012207031,305.7474060058594,18138100
2020-12-31,312.8699951171875,314.239990234375,311.760009765625,313.739990234375,306.4996032714844,21611400
2021-01-04,315.1099853515625,315.2900085449219,305.17999267578125,309.30999755859375,302.1719055175781,45305900
2021-01-05,308.2900085449219,312.1400146484375,308.2900085449219,311.8599853515625,304.66302490234375,29323400
2021-01-06,307.0,311.8800048828125,305.9800109863281,307.5400085449219,300.4427490234375,52809600
2021-01-07,310.2799987792969,315.8399963378906,310.25,314.9800109863281,307.7110290527344,30394800
2021-01-08,317.3399963378906,319.3900146484375,315.0799865722656,319.0299987792969,311.6676025390625,33955800
2021-01-11,315.9800109863281,317.19000244140625,313.75,314.4200134277344,307.1639709472656,32746400
2021-01-12,314.4599914550781,315.5799865722656,311.20001220703125,313.9200134277344,306.6755065917969,29266800
2021-01-13,314.19000244140625,316.8599853515625,313.57000732421875,316.0400085449219,308.7465515136719,22898400
2021-01-14,316.5,317.5299987792969,313.8599853515625,314.3500061035156,307.0955810546875,23500100
2021-01-15,314.1300048828125,315.1199951171875,310.5799865722656,311.8599853515625,304.66302490234375,35118700
2021-01-19,314.25,316.92999267578125,313.1199951171875,316.4100036621094,309.1080627441406,24537000
2021-01-20,320.1400146484375,324.739990234375,316.510009765625,323.7699890136719,316.2981872558594,30728100
2021-01-21,325.1499938964844,327.1300048828125,323.7300109863281,326.3599853515625,318.82843017578125,25130600
2021-01-22,325.2900085449219,326.4599914550781,324.7099914550781,325.4200134277344,317.91009521484375,21609400
2021-01-25,328.9100036621094,330.32000732421875,321.4100036621094,328.1099853515625,320.53802490234375,39080600
2021-01-26,328.8500061035156,329.760009765625,327.2200012207031,328.5899963378906,321.0069885253906,25498100
2021-01-27,326.260009765625,326.2699890136719,317.3599853515625,319.42999267578125,312.058349609375,55264000
2021-01-28,320.6700134277344,326.4200134277344,320.0299987792969,321.32000732421875,313.9046630859375,42836300
2021-01-29,319.5799865722656,320.7200012207031,312.760009765625,314.55999755859375,307.3007507324219,55259000
2021-02-01,318.1099853515625,323.5400085449219,316.0199890136719,322.4200134277344,314.9794006347656,35646000
2021-02-02,325.4800109863281,328.8699951171875,325.30999755859375,327.67999267578125,320.11798095703125,33930800
2021-02-03,329.82000732421875,330.20001220703125,326.32000732421875,326.3800048828125,318.8480224609375,24824500
2021-02-04,327.82000732421875,330.3299865722656,326.4599914550781,330.239990234375,322.6189270019531,22350900
2021-02-05,331.2200012207031,332.3999938964844,329.5299987792969,331.3599853515625,323.7130126953125,22732000
2021-02-08,333.1000061035156,333.739990234375,331.4100036621094,333.5799865722656,325.8817443847656,20462800
2021-02-09,332.6199951171875,334.80999755859375,332.6099853515625,333.510009765625,325.8134460449219,17597500
2021-02-10,334.989990234375,335.4599914550781,329.5,332.75,325.07098388671875,28068700
2021-02-11,334.3299865722656,335.0,332.1199951171875,334.5799865722656,326.8587341308594,22046100
2021-02-12,333.7099914550781,336.6199951171875,332.6300048828125,336.45001220703125,328.6855773925781,20346800
2021-02-16,337.2699890136719,338.19000244140625,334.3399963378906,335.5400085449219,327.7966003417969,27080800
2021-02-17,332.4700012207031,335.6600036621094,330.1700134277344,333.92999267578125,326.2237243652344,31360300
2021-02-18,330.2300109863281,333.8699951171875,328.3599853515625,332.4700012207031,324.79742431640625,32236200
2021-02-19,333.8599853515625,333.989990234375,329.9700012207031,331.0199890136719,323.3808898925781,39157700
2021-02-22,326.5,327.79998779296875,322.2300109863281,322.44000244140625,314.99884033203125,47256900
2021-02-23,317.0,323.20001220703125,311.0,321.4800109863281,314.06103515625,97241900
2021-02-24,318.739990234375,324.45001220703125,315.9599914550781,324.1300048828125,316.6498718261719,58206300
2021-02-25,321.3900146484375,324.0299987792969,311.239990234375,312.8299865722656,305.6105651855469,110182600
2021-02-26,315.8500061035156,319.1099853515625,310.8800048828125,314.1400146484375,306.8904724121094,104739800
2021-03-01,319.2699890136719,323.94000244140625,317.94000244140625,323.5899963378906,316.12237548828125,49164500
2021-03-02,324.25,324.3299865722656,318.1400146484375,318.3999938964844,311.0521240234375,48370000
2021-03-03,317.2699890136719,318.239990234375,309.1000061035156,309.1600036621094,302.0254211425781,86301100
2021-03-04,308.7799987792969,312.0400085449219,300.1099853515625,304.1000061035156,297.0821228027344,139131600
2021-03-05,306.79998779296875,309.6099853515625,297.45001220703125,308.67999267578125,301.55645751953125,121523700
2021-03-08,308.1199951171875,310.05999755859375,299.510009765625,299.94000244140625,293.0181884765625,88409800
2021-03-09,307.4700012207031,313.7300109863281,306.9200134277344,311.7699890136719,304.5750732421875,80391100
2021-03-10,316.1600036621094,316.4700012207031,310.1700134277344,310.8800048828125,303.7056884765625,76798100
2021-03-11,315.7699890136719,319.8599853515625,314.8500061035156,318.0400085449219,310.7004089355469,53484800
2021-03-12,313.8599853515625,318.2300109863281,311.3900146484375,315.4599914550781,308.1799621582031,69315600
2021-03-15,315.7900085449219,319.0,314.1000061035156,318.8299865722656,311.4721984863281,42955700
2021-03-16,321.0899963378906,324.20001220703125,319.1000061035156,320.5799865722656,313.18182373046875,54925900
2021-03-17,317.45001220703125,323.8500061035156,315.67999267578125,321.8999938964844,314.4713439941406,78258700
2021-03-18,316.8699951171875,317.8800048828125,311.57000732421875,312.0400085449219,304.8388671875,82718100
2021-03-19,311.8699951171875,314.7300109863281,309.6600036621094,313.1400146484375,305.9134826660156,78446200
2021-03-22,315.2099914550781,320.739990234375,315.2099914550781,318.6099853515625,311.6503601074219,56194800
2021-03-23,319.7300109863281,321.0899963378906,316.3800048828125,317.2200012207031,310.290771484375,53455400
2021-03-24,318.6300048828125,318.6700134277344,311.7200012207031,311.8699951171875,305.05767822265625,64803700
2021-03-25,309.9700012207031,312.8900146484375,307.3900146484375,311.3299865722656,304.5294189453125,78729000
2021-03-26,311.1099853515625,316.3299865722656,309.6700134277344,316.0,309.0973815917969,63519600
2021-03-29,315.45001220703125,316.989990234375,312.4700012207031,315.9100036621094,309.0093688964844,54608000
2021-03-30,313.8900146484375,314.9100036621094,311.5400085449219,314.32000732421875,307.45416259765625,44635700
2021-03-31,316.1600036621094,320.739990234375,315.80999755859375,319.1300048828125,312.1589660644531,55032500
2021-04-01,323.07000732421875,324.7099914550781,322.80999755859375,324.57000732421875,317.4801940917969,55685600
2021-04-05,327.1300048828125,331.8399963378906,326.8800048828125,331.04998779296875,323.8187255859375,42172500
2021-04-06,330.7300109863281,332.8299865722656,330.0199890136719,330.82000732421875,323.5937194824219,33537200
2021-04-07,330.3299865722656,332.4800109863281,329.3699951171875,331.6199951171875,324.37615966796875,32046400
2021-04-08,334.55999755859375,335.2699890136719,333.739990234375,335.0799865722656,327.7606201171875,29940800
2021-04-09,333.67999267578125,337.32000732421875,332.9200134277344,337.1099853515625,329.746337890625,36664900
2021-04-12,336.0400085449219,337.1000061035156,334.7300109863281,336.6700134277344,329.3158874511719,25833000
2021-04-13,338.239990234375,341.0799865722656,338.0199890136719,340.6000061035156,333.1600646972656,30374000
2021-04-14,340.8500061035156,340.9800109863281,335.6700134277344,336.510009765625,329.159423828125,42564300
2021-04-15,339.4700012207031,342.010009765625,336.2200012207031,341.6099853515625,334.1479797363281,36342800
2021-04-16,342.1499938964844,342.2300109863281,340.0799865722656,342.010009765625,334.5392761230469,40860100
2021-04-19,340.3900146484375,341.5799865722656,336.8999938964844,338.8800048828125,331.4776306152344,34533100
2021-04-20,338.20001220703125,339.5199890136719,334.3800048828125,336.4100036621094,329.0616455078125,38081800
2021-04-21,335.0899963378906,339.4800109863281,333.9700012207031,339.2900085449219,331.8786926269531,36598100
2021-04-22,338.8900146484375,339.8999938964844,334.010009765625,335.20001220703125,327.8780212402344,45936100
2021-04-23,335.8500061035156,340.7699890136719,335.8500061035156,339.4200134277344,332.0058898925781,36381900
2021-04-26,339.6700134277344,341.9200134277344,338.8999938964844,341.6300048828125,334.1676330566406,30812000
2021-04-27,341.92999267578125,342.1499938964844,339.1700134277344,340.1499938964844,332.7198791503906,33187200
2021-04-28,339.80999755859375,340.8500061035156,338.3299865722656,339.0,331.594970703125,33615700
2021-04-29,342.3699951171875,342.79998779296875,336.8999938964844,340.2200012207031,332.7883605957031,37708900
2021-04-30,337.70001220703125,340.260009765625,337.04998779296875,337.989990234375,330.6070861816406,38263400
2021-05-03,339.2300109863281,340.0,335.7300109863281,336.19000244140625,328.846435546875,29729700
2021-05-04,333.55999755859375,333.8900146484375,326.2099914550781,330.1400146484375,322.9285888671875,65147000
2021-05-05,332.25,333.1400146484375,328.2300109863281,329.0299987792969,321.8427734375,46219300
2021-05-06,328.760009765625,331.6700134277344,326.45001220703125,331.510009765625,324.26861572265625,46814300
2021-05-07,334.3699951171875,336.6499938964844,331.69000244140625,334.20001220703125,326.89984130859375,53324500
2021-05-10,332.7799987792969,332.9599914550781,325.54998779296875,325.760009765625,318.6441955566406,60700500
2021-05-11,319.70001220703125,326.1300048828125,319.0199890136719,325.30999755859375,318.2040710449219,71963600
2021-05-12,320.2300109863281,322.6199951171875,316.0,316.8900146484375,309.9679870605469,91164900
2021-05-13,319.9200134277344,322.3999938964844,316.8999938964844,319.3399963378906,312.364501953125,69877800
2021-05-14,322.6000061035156,327.3299865722656,322.0799865722656,326.3900146484375,319.2604675292969,44370000
2021-05-17,324.6300048828125,326.3699951171875,321.45001220703125,324.4100036621094,317.32366943359375,39395000
2021-05-18,325.3900146484375,326.6499938964844,321.94000244140625,322.2200012207031,315.1815185546875,36528500
2021-05-19,316.6600036621094,322.8999938964844,316.29998779296875,322.5899963378906,315.54351806640625,66319100
2021-05-20,324.1199951171875,329.7099914550781,323.8900146484375,328.8299865722656,321.6471252441406,46466100
2021-05-21,330.42999267578125,330.8599853515625,326.6400146484375,327.010009765625,319.8669128417969,50330400
2021-05-24,329.3699951171875,333.6700134277344,326.8999938964844,332.510009765625,325.246826171875,32475800
2021-05-25,334.07000732421875,334.80999755859375,331.760009765625,332.9700012207031,325.6966857910156,31280300
2021-05-26,333.6600036621094,334.6099853515625,332.95001220703125,334.1300048828125,326.8314514160156,25444900
2021-05-27,333.6700134277344,334.5400085449219,332.6700134277344,332.8800048828125,325.6086730957031,27931700
2021-05-28,334.1199951171875,335.57000732421875,333.6000061035156,333.92999267578125,326.6357727050781,29927400
2021-06-01,335.29998779296875,335.7900085449219,331.42999267578125,332.82000732421875,325.54998779296875,31145400
2021-06-02,333.25,334.3399963378906,331.70001220703125,333.4700012207031,326.1858215332031,22047900
2021-06-03,330.54998779296875,331.8599853515625,328.2799987792969,330.0,322.7915954589844,37057800
2021-06-04,331.8500061035156,336.05999755859375,331.7799987792969,335.6000061035156,328.2692565917969,38736500
2021-06-07,335.04998779296875,336.6600036621094,334.3399963378906,336.6000061035156,329.2474365234375,32611900
2021-06-08,338.3999938964844,339.2900085449219,335.0299987792969,336.760009765625,329.4039611816406,27282800
2021-06-09,338.1700134277344,338.9700012207031,336.6499938964844,336.8399963378906,329.4821472167969,21485300
2021-06-10,337.19000244140625,340.4599914550781,336.7300109863281,340.3500061035156,332.9154968261719,33702100
2021-06-11,340.3599853515625,341.25,339.69000244140625,341.239990234375,333.78607177734375,21222800
2021-06-14,341.67999267578125,344.5199890136719,340.4599914550781,344.510009765625,336.98455810546875,27827700
2021-06-15,344.1499938964844,344.4700012207031,341.5199890136719,342.260009765625,334.7837219238281,35963800
2021-06-16,342.739990234375,343.8399963378906,337.45001220703125,341.010009765625,333.56103515625,55399500
2021-06-17,339.9700012207031,346.3800048828125,339.9200134277344,345.3399963378906,337.7965087890625,59722700
2021-06-18,343.6300048828125,344.80999755859375,341.8599853515625,342.6300048828125,335.14569091796875,55414900
2021-06-21,342.42999267578125,344.69000244140625,340.1499938964844,344.3599853515625,337.2286376953125,32992600
2021-06-22,344.1499938964844,348.0299987792969,343.8399963378906,347.57000732421875,340.3722229003906,28941600
2021-06-23,347.510009765625,348.9200134277344,346.8800048828125,347.739990234375,340.5386657714844,27188500
2021-06-24,349.7300109863281,351.4599914550781,349.1700134277344,349.8900146484375,342.64410400390625,32581600
2021-06-25,350.4700012207031,350.7200012207031,348.8399963378906,349.4599914550781,342.2230529785156,28682800
2021-06-28,350.7799987792969,353.8500061035156,350.7200012207031,353.7099914550781,346.38507080078125,39130300
2021-06-29,353.5299987792969,355.0199890136719,352.6700134277344,354.989990234375,347.6385192871094,29426000
2021-06-30,354.8299865722656,355.2300109863281,353.8299865722656,354.42999267578125,347.0901184082031,32724000
2021-07-01,354.07000732421875,355.0899963378906,352.67999267578125,354.57000732421875,347.2272033691406,29290000
2021-07-02,356.5199890136719,358.9700012207031,356.2799987792969,358.6400146484375,351.2129211425781,32727200
2021-07-06,359.260009765625,360.4800109863281,356.489990234375,360.19000244140625,352.7308044433594,38842400
2021-07-07,362.45001220703125,362.760009765625,358.94000244140625,360.95001220703125,353.47509765625,35265200
2021-07-08,355.739990234375,359.6499938964844,354.4200134277344,358.7699890136719,351.3402099609375,50890000
2021-07-09,358.1700134277344,361.5,357.57000732421875,361.010009765625,353.53387451171875,35184500
2021-07-12,362.45001220703125,362.8900146484375,360.8299865722656,362.4200134277344,354.9146423339844,25717700
2021-07-13,362.0299987792969,365.4700012207031,361.5400085449219,362.4200134277344,354.9146423339844,39723000
2021-07-14,364.8299865722656,365.489990234375,362.2200012207031,363.07000732421875,355.5511779785156,35336400
2021-07-15,362.9800109863281,363.19000244140625,358.4599914550781,360.5199890136719,353.053955078125,53391600
2021-07-16,361.3999938964844,362.4100036621094,357.239990234375,357.6000061035156,350.1944580078125,47262000
2021-07-19,354.04998779296875,355.17999267578125,352.0400085449219,354.6700134277344,347.3251647949219,64404600
2021-07-20,355.6300048828125,360.2799987792969,353.79998779296875,358.7900085449219,351.3598327636719,42183700
2021-07-21,358.3500061035156,361.55999755859375,358.1199951171875,361.55999755859375,354.07244873046875,30259900
2021-07-22,361.7699890136719,363.9599914550781,361.7699890136719,363.95001220703125,356.4129943847656,30252200
2021-07-23,365.30999755859375,368.489990234375,363.9200134277344,368.20001220703125,360.5749816894531,31960800
2021-07-26,367.489990234375,368.8900146484375,366.6000061035156,368.489990234375,360.85894775390625,28438100
2021-07-27,368.2200012207031,368.2200012207031,360.1600036621094,364.42999267578125,356.8829650878906,57933100
2021-07-28,365.6000061035156,367.45001220703125,363.239990234375,365.8299865722656,358.2540283203125,42066200
2021-07-29,365.25,367.67999267578125,365.25,366.4800109863281,358.8905944824219,25672500
2021-07-30,362.44000244140625,365.1700134277344,362.4100036621094,364.57000732421875,357.0201416015625,36484600
2021-08-02,366.2799987792969,366.8800048828125,363.8699951171875,364.6000061035156,357.04949951171875,27334100
2021-08-03,365.2799987792969,366.92999267578125,362.0,366.80999755859375,359.2137145996094,35558500
2021-08-04,366.7699890136719,368.32000732421875,365.6300048828125,367.3399963378906,359.7326965332031,29602200
2021-08-05,368.17999267578125,369.9100036621094,367.45001220703125,369.6700134277344,362.0145263671875,21443900
2021-08-06,368.3699951171875,369.3699951171875,366.9100036621094,368.04998779296875,360.4281005859375,33332100
2021-08-09,368.5199890136719,369.2699890136719,367.3900146484375,368.7300109863281,361.0940246582031,25960200
2021-08-10,369.260009765625,369.55999755859375,365.6199951171875,366.8399963378906,359.24310302734375,35130800
2021-08-11,368.1400146484375,368.6499938964844,364.8399963378906,366.2099914550781,358.6261901855469,34249800
2021-08-12,365.69000244140625,367.8999938964844,364.29998779296875,367.5299987792969,359.9188232421875,25969200
2021-08-13,367.8900146484375,369.1600036621094,367.3800048828125,368.82000732421875,361.18212890625,19336200
2021-08-16,367.6700134277344,369.0199890136719,363.70001220703125,368.9800109863281,361.3388366699219,34856900
2021-08-17,366.1499938964844,367.1499938964844,363.2300109863281,365.7300109863281,358.1560974121094,44793900
2021-08-18,365.17999267578125,366.6199951171875,361.8699951171875,362.2099914550781,354.708984375,38541900
2021-08-19,360.2200012207031,365.67999267578125,359.9599914550781,363.9599914550781,356.4227294921875,48499400
2021-08-20,365.05999755859375,368.1400146484375,364.739990234375,367.7300109863281,360.1146545410156,39486000
2021-08-23,368.79998779296875,373.94000244140625,368.7900085449219,373.2300109863281,365.50079345703125,34034700
2021-08-24,373.8399963378906,374.989990234375,373.3599853515625,374.3699951171875,366.6172180175781,21732900
2021-08-25,374.6300048828125,375.3900146484375,373.8599853515625,374.79998779296875,367.03826904296875,20441900
2021-08-26,373.9200134277344,374.6199951171875,371.9700012207031,372.4200134277344,364.7076110839844,29133300
2021-08-27,373.07000732421875,376.55999755859375,372.57000732421875,376.0400085449219,368.25262451171875,27104700
2021-08-30,376.8500061035156,380.760009765625,376.8299865722656,380.260009765625,372.3851623535156,27295700
2021-08-31,380.510009765625,380.5799865722656,378.3599853515625,379.95001220703125,372.0816345214844,29628200
2021-09-01,381.0400085449219,382.7099914550781,380.3699951171875,380.5799865722656,372.69854736328125,28138300
2021-09-02,381.9700012207031,382.30999755859375,379.1499938964844,380.3999938964844,372.52227783203125,25453400
2021-09-03,379.2200012207031,381.9800109863281,379.20001220703125,381.57000732421875,373.6680603027344,24605400
2021-09-07,381.67999267578125,382.7799987792969,380.489990234375,382.1099853515625,374.1968688964844,23970200
2021-09-08,381.92999267578125,381.92999267578125,378.45001220703125,380.7799987792969,372.8944091796875,32949200
2021-09-09,381.010009765625,382.1499938964844,379.2200012207031,379.4700012207031,371.61163330078125,29399000
2021-09-10,381.2300109863281,381.9700012207031,376.25,376.5899963378906,368.7911682128906,40249400
2021-09-13,378.989990234375,379.42999267578125,374.2200012207031,376.3299865722656,368.53656005859375,48741800
2021-09-14,377.8599853515625,378.6099853515625,374.2799987792969,375.260009765625,367.48876953125,41826600
2021-09-15,375.7300109863281,378.4100036621094,373.3699951171875,378.04998779296875,370.2209777832031,34097900
2021-09-16,376.67999267578125,378.8999938964844,374.70001220703125,378.30999755859375,370.4756164550781,35193100
2021-09-17,377.82000732421875,377.8699951171875,372.760009765625,373.8299865722656,366.08831787109375,60912300
2021-09-20,367.4599914550781,369.25,360.92999267578125,365.70001220703125,358.5238037109375,76203200
2021-09-21,367.5799865722656,368.80999755859375,364.989990234375,366.1499938964844,358.9649658203125,41927500
2021-09-22,367.0899963378906,371.07000732421875,365.9599914550781,369.57000732421875,362.31787109375,46972900
2021-09-23,370.760009765625,374.0400085449219,370.1000061035156,372.9800109863281,365.6609191894531,44652000
2021-09-24,370.6499938964844,373.760009765625,370.2699890136719,373.3299865722656,366.0040588378906,36056800
2021-09-27,370.20001220703125,371.25,367.7300109863281,370.3500061035156,363.0825500488281,43338100
2021-09-28,365.6700134277344,370.29998779296875,359.3500061035156,359.8699951171875,352.80816650390625,97701600
2021-09-29,361.1700134277344,363.3699951171875,358.6400146484375,359.2799987792969,352.22979736328125,58076600
2021-09-30,360.9700012207031,362.67999267578125,357.1000061035156,357.9599914550781,350.9356689453125,61384600
2021-10-01,358.6000061035156,361.25,354.3800048828125,360.17999267578125,353.11212158203125,56375500
2021-10-04,358.5199890136719,358.8599853515625,350.32000732421875,352.6199951171875,345.7004699707031,76766000
2021-10-05,353.7099914550781,359.69000244140625,353.4800109863281,357.3800048828125,350.3670654296875,47232900
2021-10-06,354.0799865722656,359.95001220703125,353.1499938964844,359.6700134277344,352.61212158203125,56806500
2021-10-07,362.79998779296875,365.69000244140625,362.25,362.9700012207031,355.84735107421875,39411200
2021-10-08,364.0799865722656,364.32000732421875,360.6099853515625,361.1600036621094,354.0728454589844,41822300
2021-10-11,359.5799865722656,363.20001220703125,358.29998779296875,358.3900146484375,351.3572692871094,34847200
2021-10-12,359.8800048828125,360.3299865722656,356.4800109863281,357.1400146484375,350.13177490234375,43905100
2021-10-13,359.510009765625,360.69000244140625,357.42999267578125,360.0,352.93560791015625,40120800
2021-10-14,363.69000244140625,366.8500061035156,363.010009765625,366.6300048828125,359.435546875,43433900
2021-10-15,367.8800048828125,369.05999755859375,366.82000732421875,368.94000244140625,361.7001953125,40419900
2021-10-18,367.6099853515625,372.8699951171875,366.989990234375,372.6499938964844,365.3373718261719,34513500
2021-10-19,373.75,375.5199890136719,372.70001220703125,375.4700012207031,368.10205078125,29091000
2021-10-20,375.94000244140625,376.57000732421875,373.4599914550781,374.9800109863281,367.6216735839844,31390300
2021-10-21,374.1600036621094,377.4700012207031,373.8500061035156,377.2699890136719,369.8667297363281,25469300
2021-10-22,375.9800109863281,376.9700012207031,372.3900146484375,374.1000061035156,366.7589111328125,36275800
2021-10-25,375.55999755859375,378.8699951171875,373.55999755859375,377.92999267578125,370.5137939453125,32597800
2021-10-26,380.2300109863281,382.7099914550781,377.9100036621094,379.1199951171875,371.680419921875,47191300
2021-10-27,379.5799865722656,383.1499938964844,379.30999755859375,380.0,372.5431823730469,45760500
2021-10-28,381.95001220703125,384.4800109863281,381.1600036621094,384.2200012207031,376.68035888671875,38007000
2021-10-29,381.05999755859375,386.2799987792969,380.70001220703125,386.1099853515625,378.5332336425781,37310100
2021-11-01,386.55999755859375,387.55999755859375,384.4200134277344,387.42999267578125,379.82733154296875,30765300
2021-11-02,386.79998779296875,389.5400085449219,386.75,389.04998779296875,381.41552734375,25135300
2021-11-03,389.54998779296875,393.6099853515625,388.4800109863281,393.17999267578125,385.4644775390625,33748900
2021-11-04,394.4800109863281,399.20001220703125,393.9200134277344,398.2200012207031,390.4056701660156,40265300
2021-11-05,400.0400085449219,400.989990234375,397.1600036621094,398.6000061035156,390.77813720703125,43383800
2021-11-08,398.57000732421875,399.6199951171875,397.3999938964844,398.05999755859375,390.248779296875,29256300
2021-11-09,399.1600036621094,399.57000732421875,393.9200134277344,395.32000732421875,387.5625305175781,50490700
2021-11-10,392.4700012207031,395.3599853515625,387.5299987792969,389.510009765625,381.86651611328125,54937400
2021-11-11,392.57000732421875,392.75,390.239990234375,390.5899963378906,382.9253234863281,32243000
2021-11-12,391.7699890136719,395.25,390.1300048828125,394.70001220703125,386.95465087890625,34730600
2021-11-15,395.9100036621094,396.239990234375,392.1000061035156,394.6099853515625,386.8664245605469,33716900
2021-11-16,393.8599853515625,397.92999267578125,393.6600036621094,397.4200134277344,389.6213073730469,27872900
2021-11-17,397.75,399.7200012207031,396.6400146484375,397.6300048828125,389.8272705078125,28703300
2021-11-18,399.7300109863281,402.2699890136719,397.45001220703125,401.75,393.8663330078125,45721500
2021-11-19,403.42999267578125,405.29998779296875,402.5799865722656,403.989990234375,396.0624084472656,45191700
2021-11-22,405.57000732421875,408.7099914550781,399.19000244140625,399.29998779296875,391.4644470214844,61715400
2021-11-23,398.1099853515625,400.2300109863281,392.9200134277344,397.4800109863281,389.6802062988281,70098700
2021-11-24,394.92999267578125,399.04998779296875,392.5400085449219,398.760009765625,390.93505859375,46954400
2021-11-26,396.1099853515625,397.5400085449219,389.7699890136719,391.20001220703125,383.5234375,51533300
2021-11-29,395.8900146484375,400.7300109863281,395.1400146484375,399.69000244140625,391.8467712402344,54447100
2021-11-30,398.7799987792969,401.19000244140625,391.75,393.82000732421875,386.0919494628906,81332700
2021-12-01,398.2799987792969,400.4800109863281,386.6400146484375,387.1199951171875,379.5234375,77766500
2021-12-02,385.79998779296875,391.739990234375,384.3399963378906,389.9100036621094,382.2586975097656,84416600
2021-12-03,391.30999755859375,392.3399963378906,378.8999938964844,383.1300048828125,375.6117248535156,105349100
2021-12-06,383.6300048828125,387.6000061035156,379.29998779296875,386.20001220703125,378.62152099609375,67588800
2021-12-07,393.0299987792969,398.4599914550781,392.989990234375,397.8299865722656,390.0232849121094,56005300
2021-12-08,398.1700134277344,399.82000732421875,396.2200012207031,399.6099853515625,391.7682800292969,39204000
2021-12-09,398.3500061035156,400.20001220703125,393.5299987792969,393.7300109863281,386.0037841796875,49973700
2021-12-10,396.6199951171875,398.2799987792969,393.3599853515625,398.010009765625,390.19976806640625,52545800
2021-12-13,398.0,398.3299865722656,391.8800048828125,392.260009765625,384.56256103515625,50166400
2021-12-14,387.29998779296875,390.0899963378906,383.6300048828125,388.20001220703125,380.582275390625,75199200
2021-12-15,387.94000244140625,397.4200134277344,383.8800048828125,397.04998779296875,389.2585754394531,73858000
2021-12-16,398.0400085449219,398.4800109863281,385.2099914550781,386.8399963378906,379.24896240234375,82591400
2021-12-17,383.3299865722656,389.19000244140625,381.7699890136719,384.9100036621094,377.3568420410156,80492500
2021-12-20,379.57000732421875,381.5,377.4700012207031,380.69000244140625,373.6962585449219,65336800
2021-12-21,384.04998779296875,389.5299987792969,380.20001220703125,389.2099914550781,382.059814453125,48899500
2021-12-22,388.9100036621094,394.1600036621094,388.2300109863281,393.95001220703125,386.7127685546875,37042200
2021-12-23,394.30999755859375,398.42999267578125,394.1400146484375,396.9200134277344,389.6281433105469,29595500
2021-12-27,398.25,403.4800109863281,398.2200012207031,403.4800109863281,396.0676574707031,32820700
2021-12-28,404.3999938964844,404.5799865722656,400.7099914550781,401.6099853515625,394.23199462890625,33113700
2021-12-29,401.75,403.04998779296875,399.1099853515625,401.54998779296875,394.173095703125,32248500
2021-12-30,401.3299865722656,403.57000732421875,399.75,400.3500061035156,392.9951477050781,23850100
2021-12-31,399.6600036621094,401.05999755859375,397.3399963378906,397.8500061035156,390.5411071777344,34752900
2022-01-03,399.04998779296875,401.94000244140625,396.8800048828125,401.67999267578125,394.3006591796875,40575900
2022-01-04,402.239990234375,402.2799987792969,393.2900085449219,396.4700012207031,389.1864013671875,58027200
2022-01-05,394.739990234375,395.8900146484375,384.0299987792969,384.2900085449219,377.2301330566406,75739800
2022-01-06,382.4200134277344,387.3500061035156,380.1300048828125,384.0199890136719,376.9651184082031,70814300
2022-01-07,384.0299987792969,385.760009765625,378.0400085449219,379.8599853515625,372.8815002441406,72652300
2022-01-10,374.82000732421875,380.6400146484375,369.30999755859375,380.1099853515625,373.126953125,91770500
2022-01-11,379.3599853515625,385.989990234375,377.2200012207031,385.82000732421875,378.7320556640625,68295700
2022-01-12,388.4599914550781,390.20001220703125,385.010009765625,387.3500061035156,380.23394775390625,54576400
2022-01-13,388.7699890136719,389.4700012207031,376.70001220703125,377.6600036621094,370.7220153808594,77994000
2022-01-14,375.07000732421875,380.3500061035156,374.8599853515625,380.010009765625,373.0287780761719,80121200
2022-01-18,374.0400085449219,376.2200012207031,369.7699890136719,370.54998779296875,363.74261474609375,75450900
2022-01-19,372.1499938964844,374.69000244140625,366.2099914550781,366.4800109863281,359.747314453125,81791500
2022-01-20,369.7900085449219,373.8699951171875,361.1700134277344,361.7200012207031,355.0748291015625,88610700
2022-01-21,359.4700012207031,362.17999267578125,351.3999938964844,351.69000244140625,345.2290344238281,143388900
2022-01-24,345.9100036621094,353.9800109863281,334.1499938964844,353.29998779296875,346.8094482421875,198685800
2022-01-25,346.6700134277344,351.0299987792969,341.67999267578125,345.1099853515625,338.7698974609375,124398400
2022-01-26,352.9100036621094,356.8800048828125,340.7799987792969,344.57000732421875,338.2398986816406,146559500
2022-01-27,349.3999938964844,351.2699890136719,340.04998779296875,341.1000061035156,334.8336181640625,95255700
2022-01-28,343.0299987792969,352.0199890136719,337.95001220703125,351.79998779296875,345.3370361328125,108167900
2022-01-31,353.20001220703125,363.6499938964844,351.5199890136719,363.04998779296875,356.38037109375,94326400
2022-02-01,364.42999267578125,366.19000244140625,359.1400146484375,365.5199890136719,358.804931640625,74433000
2022-02-02,369.760009765625,370.1000061035156,364.2900085449219,368.489990234375,361.7204284667969,78777100
2022-02-03,358.5299987792969,361.92999267578125,352.4599914550781,353.54998779296875,347.05487060546875,95384800
2022-02-04,354.0799865722656,361.3999938964844,351.9700012207031,358.010009765625,351.4329833984375,86318300
2022-02-07,358.6199951171875,361.04998779296875,353.8399963378906,355.1300048828125,348.60589599609375,58198100
2022-02-08,353.9599914550781,360.239990234375,352.79998779296875,359.1199951171875,352.5225524902344,64720900
2022-02-09,363.760009765625,366.80999755859375,362.1199951171875,366.7300109863281,359.9927673339844,55766400
2022-02-10,359.5199890136719,366.489990234375,356.5400085449219,358.42999267578125,351.84521484375,112468500
2022-02-11,358.42999267578125,360.07000732421875,345.79998779296875,347.05999755859375,340.68414306640625,101569100
2022-02-14,346.489990234375,350.9800109863281,343.8900146484375,347.489990234375,341.1062316894531,80254400
2022-02-15,352.9100036621094,356.3699951171875,351.82000732421875,356.1300048828125,349.5874938964844,55128800
2022-02-16,353.82000732421875,357.0899963378906,350.7099914550781,356.0400085449219,349.4991455078125,58947100
2022-02-17,352.739990234375,353.4599914550781,345.0199890136719,345.45001220703125,339.1037902832031,61801400
2022-02-18,346.4100036621094,346.80999755859375,339.1400146484375,341.510009765625,335.2361145019531,80001500
2022-02-22,338.489990234375,344.0400085449219,334.3500061035156,338.0799865722656,331.869140625,85967100
2022-02-23,341.32000732421875,342.17999267578125,329.1000061035156,329.4200134277344,323.3681945800781,86215400
2022-02-24,318.8399963378906,341.0400085449219,318.260009765625,340.489990234375,334.23480224609375,130614100
2022-02-25,341.30999755859375,345.9800109863281,337.3900146484375,345.7699890136719,339.41778564453125,78842100
2022-02-28,342.510009765625,348.5400085449219,341.32000732421875,346.79998779296875,340.4288635253906,77515500
2022-03-01,345.75,348.0799865722656,338.8999938964844,341.489990234375,335.2164611816406,67407000
2022-03-02,343.0799865722656,348.5899963378906,340.239990234375,347.2200012207031,340.8411865234375,70609000
2022-03-03,349.92999267578125,350.0400085449219,340.3500061035156,342.260009765625,335.9722595214844,71089400
2022-03-04,339.8399963378906,341.30999755859375,334.9200134277344,337.29998779296875,331.1034851074219,76936300
2022-03-07,337.2900085449219,338.4800109863281,324.6499938964844,324.8599853515625,318.89190673828125,89933800
2022-03-08,324.04998779296875,333.2099914550781,319.94000244140625,323.3500061035156,317.40972900390625,116153900
2022-03-09,331.75,336.3800048828125,329.0899963378906,334.989990234375,328.83587646484375,64723400
2022-03-10,330.82000732421875,332.510009765625,326.7099914550781,331.2699890136719,325.18414306640625,69362700
2022-03-11,334.32000732421875,334.6400146484375,323.8999938964844,324.3999938964844,318.4404602050781,66228400
2022-03-14,323.1300048828125,326.5899963378906,317.45001220703125,318.1700134277344,312.32489013671875,79802600
2022-03-15,320.8800048828125,328.95001220703125,319.2300109863281,328.1499938964844,322.1215515136719,76471000
2022-03-16,332.1700134277344,340.44000244140625,328.3999938964844,340.32000732421875,334.0679931640625,105243000
2022-03-17,338.3699951171875,344.5,337.0400085449219,344.44000244140625,338.1123046875,67810000
2022-03-18,342.739990234375,351.7900085449219,341.54998779296875,351.489990234375,345.03277587890625,85446300
2022-03-21,350.20001220703125,352.4800109863281,345.5799865722656,350.0799865722656,344.0735168457031,73799100
2022-03-22,350.5899963378906,357.8500061035156,350.20001220703125,356.9599914550781,350.8354187011719,63345900
2022-03-23,354.010009765625,357.6600036621094,351.7699890136719,351.8299865722656,345.7934875488281,70615500
2022-03-24,353.79998779296875,359.70001220703125,351.5899963378906,359.6499938964844,353.47930908203125,53555300
2022-03-25,359.5899963378906,360.6700134277344,354.94000244140625,359.3500061035156,353.18450927734375,57584200
2022-03-28,359.3399963378906,365.010009765625,358.07000732421875,364.9100036621094,358.64898681640625,56833900
2022-03-29,368.8999938964844,371.8299865722656,366.05999755859375,371.19000244140625,364.82135009765625,68073000
2022-03-30,369.2799987792969,370.9800109863281,365.57000732421875,367.0899963378906,360.7916564941406,68757700
2022-03-31,367.239990234375,367.6000061035156,361.67999267578125,362.5400085449219,356.3197326660156,67011400
2022-04-01,362.80999755859375,363.6099853515625,358.5899963378906,361.8500061035156,355.6415710449219,54527800
2022-04-04,362.7099914550781,369.30999755859375,362.44000244140625,369.29998779296875,362.96368408203125,45950200
2022-04-05,367.80999755859375,368.5400085449219,359.92999267578125,361.1000061035156,354.9044189453125,62738700
2022-04-06,355.6499938964844,356.7799987792969,350.55999755859375,353.260009765625,347.1989440917969,90077100
2022-04-07,352.239990234375,356.3500061035156,348.69000244140625,354.1000061035156,348.0245361328125,63777400
2022-04-08,352.32000732421875,353.0899963378906,348.5,349.1499938964844,343.1593933105469,61956100
2022-04-11,344.80999755859375,345.75,340.5400085449219,340.8900146484375,335.0411682128906,66107400
2022-04-12,345.760009765625,347.69000244140625,338.0400085449219,339.45001220703125,333.6258850097656,72790200
2022-04-13,339.79998779296875,347.42999267578125,339.05999755859375,346.3500061035156,340.4074401855469,61367800
2022-04-14,346.44000244140625,346.9700012207031,338.2099914550781,338.42999267578125,332.6233825683594,73519400
2022-04-18,337.3500061035156,341.0400085449219,335.7900085449219,338.69000244140625,332.87896728515625,58560600
2022-04-19,338.0299987792969,346.8500061035156,336.9800109863281,346.260009765625,340.319091796875,56515700
2022-04-20,347.0899963378906,347.55999755859375,339.9599914550781,341.2099914550781,335.3556823730469,65500000
2022-04-21,345.19000244140625,347.8699951171875,333.20001220703125,334.1499938964844,328.4167785644531,75801000
2022-04-22,334.30999755859375,335.55999755859375,324.9599914550781,325.3999938964844,319.81689453125,82562100
2022-04-25,323.7300109863281,329.8999938964844,322.42999267578125,329.5799865722656,323.92523193359375,101755900
2022-04-26,327.4700012207031,327.6600036621094,316.8599853515625,317.1400146484375,311.6986389160156,105819600
2022-04-27,317.239990234375,322.8800048828125,315.0,316.760009765625,311.3251647949219,111204200
2022-04-28,321.8500061035156,329.8900146484375,317.5199890136719,328.010009765625,322.3821716308594,99450000
2022-04-29,323.70001220703125,327.2300109863281,312.6000061035156,313.25,307.8753967285156,91977900
2022-05-02,312.8299865722656,318.7200012207031,309.6499938964844,318.4800109863281,313.015625,115511800
2022-05-03,318.5,321.1700134277344,315.9800109863281,318.82000732421875,313.349853515625,78185500
2022-05-04,319.30999755859375,330.2900085449219,313.8900146484375,329.6000061035156,323.94488525390625,116083400
2022-05-05,325.1700134277344,325.25,309.6199951171875,313.0,307.62969970703125,154607400
2022-05-06,310.95001220703125,315.0899963378906,305.1099853515625,309.25,303.94403076171875,139572800
2022-05-09,303.4800109863281,309.3500061035156,295.7200012207031,297.1499938964844,292.0516357421875,113387300
2022-05-10,304.510009765625,305.760009765625,296.57000732421875,300.760009765625,295.5997619628906,124124600
2022-05-11,298.44000244140625,304.0899963378906,290.95001220703125,291.8399963378906,286.832763671875,140326100
2022-05-12,287.45001220703125,295.75,284.94000244140625,291.1499938964844,286.1545715332031,120910900
2022-05-13,295.7200012207031,303.0,294.0799865722656,301.94000244140625,296.75946044921875,83684900
2022-05-16,300.1499938964844,302.260009765625,297.1300048828125,298.44000244140625,293.31951904296875,59190400
2022-05-17,304.45001220703125,306.55999755859375,300.54998779296875,306.1700134277344,300.9169006347656,62715300
2022-05-18,301.5400085449219,302.25,289.8500061035156,291.1400146484375,286.144775390625,79477100
2022-05-19,289.2900085449219,294.3900146484375,287.5799865722656,289.5799865722656,284.6114807128906,79920700
2022-05-20,293.1300048828125,293.79998779296875,280.2099914550781,288.67999267578125,283.7269287109375,91764200
2022-05-23,289.75,293.8699951171875,287.2900085449219,293.4800109863281,288.44464111328125,63648400
2022-05-24,288.1300048828125,288.8599853515625,282.25,287.239990234375,282.3116149902344,73491100
2022-05-25,285.7099914550781,293.3900146484375,285.5,291.260009765625,286.2626953125,67144500
2022-05-26,290.44000244140625,300.9200134277344,290.1499938964844,299.3299865722656,294.1941833496094,59462200
2022-05-27,302.5400085449219,309.25,302.4200134277344,309.1000061035156,303.79656982421875,66985600
2022-05-31,309.07000732421875,311.3299865722656,304.3299865722656,308.2799987792969,302.9906921386719,60968300
2022-06-01,310.4700012207031,312.6499938964844,303.7300109863281,306.0,300.7497863769531,65341700
2022-06-02,304.8500061035156,314.55999755859375,303.3999938964844,314.3800048828125,308.9860534667969,59291300
2022-06-03,309.0299987792969,310.4700012207031,304.9200134277344,306.20001220703125,300.9464111328125,60914700
2022-06-06,310.75,312.3500061035156,305.6199951171875,307.2200012207031,301.9488830566406,51785000
2022-06-07,303.80999755859375,310.6700134277344,302.69000244140625,309.8699951171875,304.5533447265625,44900300
2022-06-08,309.04998779296875,311.7200012207031,306.7699890136719,307.6400146484375,302.3616638183594,38342100
2022-06-09,305.9100036621094,309.04998779296875,299.2300109863281,299.3999938964844,294.2630615234375,55900500
2022-06-10,293.6499938964844,294.8699951171875,288.3800048828125,288.8399963378906,283.8841857910156,85963500
2022-06-13,279.75,282.3399963378906,274.5299987792969,275.4100036621094,270.6846618652344,94442000
2022-06-14,277.6600036621094,278.6600036621094,273.3399963378906,275.9100036621094,271.17608642578125,64697500
2022-06-15,279.4200134277344,286.8299865722656,276.6099853515625,282.79998779296875,277.94781494140625,86051400
2022-06-16,275.5899963378906,276.05999755859375,269.2799987792969,271.3900146484375,266.733642578125,81910300
2022-06-17,272.17999267578125,277.19000244140625,270.510009765625,274.69000244140625,269.97698974609375,82703400
2022-06-21,278.75,283.45001220703125,278.6400146484375,281.0799865722656,276.78839111328125,51633700
2022-06-22,278.5199890136719,285.17999267578125,277.9100036621094,280.6700134277344,276.3847351074219,67472900
2022-06-23,283.2099914550781,285.7200012207031,280.30999755859375,284.8500061035156,280.5008850097656,57457800
2022-06-24,287.739990234375,295.0400085449219,287.5,294.6099853515625,290.11181640625,58422300
2022-06-27,296.0,296.5799865722656,291.2900085449219,292.45001220703125,287.9847717285156,54151500
2022-06-28,293.0,295.6499938964844,283.3500061035156,283.5400085449219,279.2108459472656,61609800
2022-06-29,283.3999938964844,285.3399963378906,280.8399963378906,283.79998779296875,279.46685791015625,57302700
2022-06-30,280.75,283.94000244140625,275.7799987792969,280.2799987792969,276.0005798339844,79313600
2022-07-01,278.95001220703125,282.5299987792969,277.0299987792969,282.1300048828125,277.8223571777344,56675100
2022-07-05,278.30999755859375,287.0799865722656,276.75,286.9599914550781,282.57867431640625,61829300
2022-07-06,287.3500061035156,290.95001220703125,285.5899963378906,288.79998779296875,284.3904724121094,63194700
2022-07-07,289.6300048828125,295.70001220703125,289.6300048828125,294.9800109863281,290.47613525390625,56620100
2022-07-08,292.0799865722656,296.75,291.1199951171875,295.3500061035156,290.84051513671875,59895500
2022-07-11,292.8800048828125,293.1099853515625,288.1400146484375,289.0400085449219,284.6269226074219,55273900
2022-07-12,290.32000732421875,292.2799987792969,284.6099853515625,286.239990234375,281.86962890625,55797100
2022-07-13,280.6000061035156,288.04998779296875,280.0199890136719,285.6499938964844,281.2886047363281,73939400
2022-07-14,282.989990234375,287.55999755859375,279.79998779296875,286.6700134277344,282.2930908203125,63741800
2022-07-15,289.7300109863281,291.9800109863281,288.0799865722656,291.8699951171875,287.41363525390625,63818100
2022-07-18,294.7200012207031,296.1600036621094,288.20001220703125,289.3999938964844,284.9813537597656,59519600
2022-07-19,293.1099853515625,298.6000061035156,291.4700012207031,298.29998779296875,293.7454833984375,55172600
2022-07-20,298.7300109863281,304.239990234375,297.92999267578125,303.0299987792969,298.4032897949219,67769400
2022-07-21,303.5,307.44000244140625,300.7799987792969,307.3800048828125,302.68682861328125,55049400
2022-07-22,306.42999267578125,308.54998779296875,300.1199951171875,301.989990234375,297.37908935546875,57127700
2022-07-25,302.0199890136719,302.5,298.2200012207031,300.2699890136719,295.6853942871094,40582400
2022-07-26,298.5299987792969,298.7900085449219,293.5400085449219,294.3699951171875,289.87548828125,50074100
2022-07-27,299.0400085449219,308.5400085449219,298.4599914550781,306.80999755859375,302.12554931640625,69304400
2022-07-28,306.5899963378906,310.3999938964844,302.75,309.80999755859375,305.0797424316406,55139900
2022-07-29,311.3900146484375,316.3900146484375,309.92999267578125,315.4599914550781,310.6434631347656,57501000
2022-08-01,313.6499938964844,318.80999755859375,312.5299987792969,315.2699890136719,310.45635986328125,46358800
2022-08-02,312.9200134277344,318.54998779296875,311.8399963378906,314.3299865722656,309.5307312011719,48676500
2022-08-03,316.04998779296875,323.7300109863281,315.989990234375,322.8900146484375,317.9600830078125,53735700
2022-08-04,322.9700012207031,324.7200012207031,320.7699890136719,324.3999938964844,319.447021484375,38973700
2022-08-05,319.19000244140625,323.8299865722656,318.3900146484375,321.75,316.8374328613281,53894000
2022-08-08,322.69000244140625,326.4700012207031,319.2099914550781,320.7099914550781,315.8133239746094,43878500
2022-08-09,318.7699890136719,319.0299987792969,315.4200134277344,317.0799865722656,312.2387390136719,39764200
2022-08-10,324.5899963378906,326.2300109863281,322.05999755859375,325.92999267578125,320.9536437988281,51459600
2022-08-11,328.30999755859375,330.3599853515625,323.3599853515625,324.0799865722656,319.1318359375,45897700
2022-08-12,326.17999267578125,330.5899963378906,325.1000061035156,330.3900146484375,325.34552001953125,40928400
2022-08-15,329.4200134277344,333.57000732421875,329.3999938964844,333.05999755859375,327.97479248046875,38266600
2022-08-16,332.05999755859375,334.4200134277344,329.1600036621094,332.2799987792969,327.2066345214844,41186900
2022-08-17,329.07000732421875,331.42999267578125,326.3599853515625,328.489990234375,323.47454833984375,47842200
2022-08-18,328.44000244140625,330.489990234375,326.7900085449219,329.2799987792969,324.2524719238281,41937200
2022-08-19,326.1700134277344,326.8399963378906,322.0799865722656,322.8599853515625,317.9304504394531,51770600
2022-08-22,318.5,318.739990234375,313.5299987792969,314.3599853515625,309.56024169921875,51098900
2022-08-23,314.1199951171875,317.0,313.3299865722656,314.1000061035156,309.3042297363281,39497100
2022-08-24,313.6099853515625,316.8699951171875,312.989990234375,315.010009765625,310.2003173828125,38057100
2022-08-25,316.8299865722656,320.6000061035156,315.760009765625,320.5799865722656,315.685302734375,38098300
2022-08-26,320.2799987792969,321.510009765625,307.3500061035156,307.44000244140625,302.7459411621094,69047700
2022-08-29,304.6199951171875,307.2200012207031,303.2799987792969,304.4100036621094,299.76220703125,48321900
2022-08-30,306.1000061035156,306.7300109863281,298.44000244140625,301.0199890136719,296.4239501953125,51184500
2022-08-31,303.989990234375,304.9100036621094,299.1600036621094,299.2699890136719,294.70068359375,50044000
2022-09-01,296.7200012207031,299.7799987792969,292.95001220703125,299.3999938964844,294.8286437988281,57990700
2022-09-02,302.3399963378906,303.75,293.5199890136719,295.1700134277344,290.6632385253906,64666800
2022-09-06,295.6600036621094,296.6000061035156,290.8699951171875,293.04998779296875,288.5756530761719,57005400
2022-09-07,293.5400085449219,299.989990234375,293.2699890136719,298.9700012207031,294.4052429199219,49260400
2022-09-08,296.8500061035156,301.8699951171875,295.45001220703125,300.5199890136719,295.93157958984375,55649800
2022-09-09,302.8299865722656,307.6000061035156,300.5199890136719,307.0899963378906,302.40130615234375,56125200
2022-09-12,308.5,311.0799865722656,308.17999267578125,310.739990234375,305.9955139160156,45905700
2022-09-13,301.79998779296875,303.0199890136719,292.7900085449219,293.70001220703125,289.2156677246094,79562200
2022-09-14,294.8699951171875,296.92999267578125,293.05999755859375,296.0299987792969,291.5101623535156,54907200
2022-09-15,294.07000732421875,296.5299987792969,289.4599914550781,291.1000061035156,286.6554260253906,65299400
2022-09-16,287.7200012207031,289.7200012207031,285.6199951171875,289.32000732421875,284.90264892578125,79920400
2022-09-19,286.1000061035156,291.2099914550781,286.0400085449219,291.04998779296875,287.1212463378906,52613800
2022-09-20,288.489990234375,291.07000732421875,286.3800048828125,288.7300109863281,284.83258056640625,51271100
2022-09-21,289.5899963378906,293.95001220703125,283.4200134277344,283.55999755859375,279.73236083984375,82931000
2022-09-22,282.0,283.0299987792969,278.82000732421875,280.07000732421875,276.2894287109375,62757100
2022-09-23,277.54998779296875,277.8500061035156,272.0199890136719,275.510009765625,271.7910461425781,74815200
2022-09-26,275.0299987792969,279.489990234375,273.55999755859375,274.3699951171875,270.6663513183594,71176700
2022-09-27,277.80999755859375,280.2099914550781,272.1099853515625,274.4800109863281,270.7749328613281,69780100
2022-09-28,274.4599914550781,281.25,272.95001220703125,279.94000244140625,276.1611328125,79652100
2022-09-29,275.8599853515625,276.25,268.8399963378906,271.8699951171875,268.2000732421875,81216000
2022-09-30,271.0299987792969,275.19000244140625,267.1000061035156,267.260009765625,263.6523742675781,78482400
2022-10-03,269.07000732421875,275.1600036621094,267.5299987792969,273.5299987792969,269.83770751953125,61267400
2022-10-04,278.989990234375,282.8500061035156,278.989990234375,282.1300048828125,278.3216247558594,66696900
2022-10-05,278.2799987792969,283.80999755859375,275.4200134277344,281.9800109863281,278.1736755371094,55766300
2022-10-06,280.9599914550781,284.17999267578125,279.42999267578125,279.760009765625,275.983642578125,53489400
2022-10-07,275.0199890136719,275.1499938964844,267.739990234375,269.1000061035156,265.467529296875,71354700
2022-10-10,269.29998779296875,269.70001220703125,263.6400146484375,266.4100036621094,262.8138732910156,60393000
2022-10-11,264.70001220703125,267.6300048828125,261.0299987792969,262.75,259.2032470703125,66522500
2022-10-12,263.3999938964844,265.3599853515625,261.95001220703125,262.6600036621094,259.1144714355469,50580200
2022-10-13,255.16000366210938,270.1700134277344,254.25999450683594,268.82000732421875,265.1913146972656,112894100
2022-10-14,271.20001220703125,271.80999755859375,260.1400146484375,260.739990234375,257.2203674316406,77244300
2022-10-17,266.8399963378906,270.239990234375,266.739990234375,269.3500061035156,265.7141418457031,64576500
2022-10-18,276.5299987792969,277.2099914550781,268.739990234375,271.4800109863281,267.8154296875,69781000
2022-10-19,269.92999267578125,273.67999267578125,268.07000732421875,270.489990234375,266.8387451171875,53115400
2022-10-20,269.5799865722656,274.8399963378906,267.9200134277344,269.1099853515625,265.47735595703125,60605500
2022-10-21,267.9800109863281,275.9700012207031,266.82000732421875,275.4200134277344,271.7022399902344,77897700
2022-10-24,275.69000244140625,279.3999938964844,271.9700012207031,278.45001220703125,274.69134521484375,63963600
2022-10-25,279.4100036621094,284.6000061035156,277.8999938964844,284.2099914550781,280.37353515625,59014500
2022-10-26,278.4599914550781,283.9800109863281,277.42999267578125,277.92999267578125,274.1783142089844,63492400
2022-10-27,276.7900085449219,278.2799987792969,272.3399963378906,272.8699951171875,269.1866149902344,57760300
2022-10-28,272.2300109863281,281.70001220703125,272.05999755859375,281.2200012207031,277.42388916015625,62651300
2022-10-31,278.9200134277344,279.760009765625,275.989990234375,277.95001220703125,274.19805908203125,47742000
2022-11-01,281.5,282.07000732421875,274.739990234375,275.1099853515625,271.3963623046875,45895900
2022-11-02,275.0799865722656,278.2099914550781,265.6099853515625,265.67999267578125,262.09368896484375,79803100
2022-11-03,263.010009765625,264.5,260.1000061035156,260.489990234375,256.9737548828125,70038900
2022-11-04,265.5299987792969,266.6099853515625,259.0799865722656,264.67999267578125,261.1072082519531,78313200
2022-11-07,265.75,268.1400146484375,263.57000732421875,267.5899963378906,263.9779357910156,47333800
2022-11-08,269.1400146484375,272.8500061035156,265.5199890136719,269.5400085449219,265.901611328125,63213800
2022-11-09,267.760009765625,268.55999755859375,263.0299987792969,263.32000732421875,259.7655334472656,64862100
2022-11-10,276.010009765625,283.04998779296875,273.8500061035156,282.75,278.93328857421875,99256700
2022-11-11,282.55999755859375,288.6400146484375,281.19000244140625,287.9599914550781,284.07293701171875,66961800
2022-11-14,285.8599853515625,289.2099914550781,284.44000244140625,285.44000244140625,281.58697509765625,55290700
2022-11-15,292.2099914550781,293.260009765625,285.9700012207031,289.3900146484375,285.48370361328125,73985400
2022-11-16,287.3900146484375,289.4800109863281,284.6000061035156,285.44000244140625,281.58697509765625,48859800
2022-11-17,280.8800048828125,286.32000732421875,280.7200012207031,284.80999755859375,280.9654541015625,55462100
2022-11-18,287.8900146484375,287.989990234375,282.32000732421875,284.82000732421875,280.9753112792969,53588600
2022-11-21,283.3999938964844,284.5799865722656,281.0400085449219,281.8900146484375,278.08489990234375,40083500
2022-11-22,282.6400146484375,286.1099853515625,280.4599914550781,285.95001220703125,282.090087890625,41873400
2022-11-23,285.9700012207031,289.4599914550781,285.7900085449219,288.82000732421875,284.92132568359375,46390000
2022-11-25,287.19000244140625,287.9100036621094,286.4200134277344,286.9200134277344,283.0469665527344,15498800
2022-11-28,284.8999938964844,286.9599914550781,281.760009765625,282.7099914550781,278.893798828125,38714200
2022-11-29,282.94000244140625,283.3500061035156,279.1700134277344,280.57000732421875,276.7827453613281,35618900
2022-11-30,280.8399963378906,293.4700012207031,279.9700012207031,293.3599853515625,289.4000549316406,74718100
2022-12-01,293.69000244140625,295.75,290.8800048828125,293.7200012207031,289.7552185058594,51547300
2022-12-02,288.5400085449219,293.45001220703125,288.3599853515625,292.54998779296875,288.60101318359375,53583200
2022-12-05,290.3800048828125,291.67999267578125,286.1499938964844,287.6400146484375,283.75726318359375,41482100
2022-12-06,287.4800109863281,287.6199951171875,280.260009765625,281.67999267578125,277.87774658203125,53937600
2022-12-07,280.4700012207031,282.57000732421875,278.7799987792969,280.5299987792969,276.7432556152344,45614300
2022-12-08,281.9100036621094,284.8399963378906,279.7900085449219,283.8500061035156,280.0184631347656,42594900
2022-12-09,282.80999755859375,285.6400146484375,281.5899963378906,282.0400085449219,278.2328186035156,47860500
2022-12-12,282.2200012207031,285.6400146484375,281.1600036621094,285.5799865722656,281.72503662109375,35732500
2022-12-13,296.6499938964844,296.8800048828125,285.9100036621094,288.6499938964844,284.75360107421875,80667700
2022-12-14,288.04998779296875,291.4100036621094,283.19000244140625,286.510009765625,282.6424865722656,64984400
2022-12-15,282.3299865722656,283.010009765625,275.6700134277344,276.8900146484375,273.15234375,60554100
2022-12-16,276.20001220703125,277.7699890136719,272.6099853515625,274.25,270.5479736328125,68300400
2022-12-19,273.8699951171875,273.9599914550781,268.489990234375,269.75,266.7458190917969,44167900
2022-12-20,268.55999755859375,271.32000732421875,266.95001220703125,269.5400085449219,266.5382080078125,51064200
2022-12-21,270.6000061035156,274.7799987792969,269.739990234375,273.45001220703125,270.40460205078125,46394700
2022-12-22,270.3800048828125,270.510009765625,262.4599914550781,266.760009765625,263.7891540527344,60278400
2022-12-23,265.4700012207031,268.0400085449219,263.5299987792969,267.3599853515625,264.3824157714844,39373600
2022-12-27,266.739990234375,266.8500061035156,263.0299987792969,263.5799865722656,260.6445617675781,38009000
2022-12-28,263.1700134277344,265.4700012207031,259.7300109863281,260.1000061035156,257.20330810546875,47139000
2022-12-29,262.9599914550781,267.3999938964844,262.25,266.44000244140625,263.4726867675781,45893600
2022-12-30,263.6199951171875,266.4100036621094,262.2900085449219,266.2799987792969,263.3144836425781,37858300
2023-01-03,268.6499938964844,270.1499938964844,262.1300048828125,264.4800109863281,261.5345153808594,42335300
2023-01-04,266.6400146484375,267.45001220703125,262.5299987792969,265.739990234375,262.78045654296875,47754900
2023-01-05,264.0400085449219,264.2099914550781,261.260009765625,261.5799865722656,258.66680908203125,45396700
2023-01-06,263.3500061035156,269.94000244140625,260.3399963378906,268.79998779296875,265.8064270019531,54659700
2023-01-09,270.8299865722656,275.2900085449219,269.9200134277344,270.5400085449219,267.5270690917969,45568700
2023-01-10,269.489990234375,272.94000244140625,268.9700012207031,272.8299865722656,269.7915344238281,35247800
2023-01-11,273.9200134277344,277.6600036621094,273.1199951171875,277.54998779296875,274.458984375,44077000
2023-01-12,278.1199951171875,280.1000061035156,273.739990234375,279.04998779296875,275.94219970703125,60600000
2023-01-13,276.5,281.2200012207031,276.1600036621094,280.9700012207031,277.8408508300781,44802900
2023-01-17,280.7699890136719,282.8500061035156,279.5799865722656,281.5400085449219,278.4045715332031,36269700
2023-01-18,283.1099853515625,284.69000244140625,277.6700134277344,277.8800048828125,274.78533935546875,47754500
2023-01-19,276.2200012207031,277.3800048828125,273.8900146484375,275.1499938964844,272.085693359375,44150400
2023-01-20,276.7900085449219,283.0199890136719,275.7099914550781,282.67999267578125,279.53179931640625,60613600
2023-01-23,283.5400085449219,290.2099914550781,282.7300109863281,288.9599914550781,285.74188232421875,52799900
2023-01-24,287.30999755859375,289.54998779296875,286.7799987792969,288.3699951171875,285.15850830078125,44875100
2023-01-25,283.7699890136719,288.3599853515625,281.17999267578125,287.7300109863281,284.52557373046875,50872000
2023-01-26,291.2200012207031,293.5199890136719,288.5199890136719,293.3399963378906,290.0730895996094,51596300
2023-01-27,292.0,298.260009765625,291.8800048828125,296.260009765625,292.96063232421875,56441900
2023-01-30,292.92999267578125,294.3800048828125,289.8900146484375,290.2699890136719,287.03729248046875,49405800
2023-01-31,290.30999755859375,294.7200012207031,290.20001220703125,294.6199951171875,291.3388671875,46705100
2023-02-01,294.4100036621094,303.42999267578125,292.29998779296875,300.9200134277344,297.5687561035156,67562200
2023-02-02,307.57000732421875,313.67999267578125,306.7300109863281,311.7200012207031,308.2483825683594,83070600
2023-02-03,304.94000244140625,312.3900146484375,304.5400085449219,306.17999267578125,302.7701416015625,76170800
2023-02-06,303.510009765625,305.9100036621094,302.2200012207031,303.5899963378906,300.208984375,40802300
2023-02-07,303.4599914550781,311.0299987792969,302.32000732421875,309.8800048828125,306.428955078125,67584000
2023-02-08,308.5400085449219,309.5,303.6700134277344,304.3699951171875,300.98028564453125,56720900
2023-02-09,308.8399963378906,308.989990234375,300.20001220703125,301.67999267578125,298.3202209472656,49137800
2023-02-10,299.4800109863281,301.57000732421875,297.25,299.70001220703125,296.3623046875,50050100
2023-02-13,301.1300048828125,305.1000061035156,299.92999267578125,304.5,301.10882568359375,39636700
2023-02-14,302.8900146484375,307.7200012207031,300.9100036621094,306.75,303.3337707519531,64079100
2023-02-15,304.8999938964844,309.2699890136719,304.20001220703125,309.1000061035156,305.6575927734375,43100600
2023-02-16,304.3800048828125,308.42999267578125,303.1499938964844,303.29998779296875,299.9222106933594,59498600
2023-02-17,301.07000732421875,301.92999267578125,298.1000061035156,301.1600036621094,297.8060302734375,58230700
2023-02-21,297.260009765625,298.7300109863281,293.8900146484375,294.0299987792969,290.75543212890625,46526700
2023-02-22,294.6199951171875,296.3599853515625,292.55999755859375,294.25,290.9729919433594,51389200
2023-02-23,297.9700012207031,298.1300048828125,292.54998779296875,296.82000732421875,293.514404296875,69294400
2023-02-24,291.760009765625,292.9700012207031,290.04998779296875,291.8500061035156,288.5997009277344,74332000
2023-02-27,295.07000732421875,296.489990234375,293.3399963378906,293.94000244140625,290.6664733886719,48995000
2023-02-28,293.29998779296875,296.1199951171875,292.9599914550781,293.55999755859375,290.2907409667969,48243100
2023-03-01,293.260009765625,293.92999267578125,290.20001220703125,291.20001220703125,287.95697021484375,58287000
2023-03-02,288.6600036621094,294.42999267578125,288.3699951171875,293.6099853515625,290.340087890625,53565900
2023-03-03,295.3900146484375,299.9200134277344,294.8699951171875,299.67999267578125,296.3424987792969,60511500
2023-03-06,300.94000244140625,304.0,299.82000732421875,300.0199890136719,296.67877197265625,56736300
2023-03-07,300.07000732421875,301.010009765625,295.7200012207031,296.3399963378906,293.0396728515625,65955800
2023-03-08,296.7699890136719,298.42999267578125,294.8800048828125,297.82000732421875,294.5032043457031,50876300
2023-03-09,298.3299865722656,300.9800109863281,291.8299865722656,292.6600036621094,289.4006652832031,71456700
2023-03-10,292.8299865722656,294.3500061035156,287.3800048828125,288.54998779296875,285.3364562988281,98593600
2023-03-13,286.7300109863281,294.4700012207031,285.19000244140625,290.69000244140625,287.45263671875,97123600
2023-03-14,294.30999755859375,297.92999267578125,293.45001220703125,297.3699951171875,294.0582580566406,73602500
2023-03-15,294.7099914550781,299.2699890136719,293.239990234375,298.92999267578125,295.60089111328125,83631500
2023-03-16,298.0,307.17999267578125,297.19000244140625,306.80999755859375,303.3930969238281,98198100
2023-03-17,306.7200012207031,309.1499938964844,303.3699951171875,305.3599853515625,301.95928955078125,89923700
2023-03-20,304.260009765625,306.29998779296875,302.010009765625,305.9700012207031,303.0308837890625,56359500
2023-03-21,307.94000244140625,310.79998779296875,306.3999938964844,310.3399963378906,307.3588562011719,49757000
2023-03-22,310.2699890136719,315.25,305.95001220703125,306.1199951171875,303.179443359375,75791900
2023-03-23,309.9200134277344,314.1499938964844,307.010009765625,309.75,306.7745361328125,74576000
2023-03-24,309.32000732421875,310.989990234375,306.95001220703125,310.8900146484375,307.9035949707031,57195200
2023-03-27,311.6000061035156,312.70001220703125,307.8900146484375,308.760009765625,305.7940673828125,50287400
2023-03-28,308.1700134277344,308.20001220703125,304.7699890136719,307.1199951171875,304.1697998046875,48585900
2023-03-29,310.8800048828125,313.3500061035156,310.04998779296875,312.7200012207031,309.7160339355469,53274300
2023-03-30,315.239990234375,316.32000732421875,312.80999755859375,315.67999267578125,312.6475524902344,58354800
2023-03-31,315.9100036621094,321.1700134277344,315.6000061035156,320.92999267578125,317.84716796875,62138100
2023-04-03,318.7699890136719,320.4200134277344,317.4200134277344,320.1499938964844,317.07464599609375,47126800
2023-04-04,320.6000061035156,321.6300048828125,317.8299865722656,319.07000732421875,316.0050048828125,45875400
2023-04-05,318.1000061035156,319.05999755859375,314.07000732421875,315.9200134277344,312.88531494140625,62795700
2023-04-06,314.239990234375,318.54998779296875,312.82000732421875,318.04998779296875,314.9948425292969,46916500
2023-04-10,315.07000732421875,317.9200134277344,313.25,317.8699951171875,314.81658935546875,45134700
2023-04-11,317.8299865722656,317.8900146484375,315.30999755859375,315.8299865722656,312.796142578125,40113600
2023-04-12,317.82000732421875,318.4200134277344,312.57000732421875,313.0400085449219,310.0329284667969,62813300
2023-04-13,314.8299865722656,319.6499938964844,313.6300048828125,319.1700134277344,316.1041259765625,54613800
2023-04-14,317.5899963378906,320.3599853515625,315.6099853515625,318.57000732421875,315.50982666015625,56278300
2023-04-17,318.1499938964844,319.20001220703125,316.0400085449219,318.8399963378906,315.7772216796875,43007000
2023-04-18,320.989990234375,321.4200134277344,317.6400146484375,318.8599853515625,315.7970275878906,46746900
2023-04-19,316.4100036621094,319.7900085449219,316.2799987792969,318.7099914550781,315.64849853515625,38960100
2023-04-20,315.69000244140625,319.2699890136719,314.9700012207031,316.2799987792969,313.2418212890625,62462100
2023-04-21,315.9100036621094,317.3999938964844,314.1000061035156,316.6099853515625,313.5686340332031,59002300
2023-04-24,316.3800048828125,317.739990234375,313.739990234375,315.95001220703125,312.9150390625,44043100
2023-04-25,314.2900085449219,314.9700012207031,309.8900146484375,309.989990234375,307.0122375488281,57121600
2023-04-26,313.44000244140625,314.94000244140625,311.3399963378906,311.8699951171875,308.87420654296875,55400500
2023-04-27,315.70001220703125,320.8599853515625,315.04998779296875,320.3500061035156,317.2727966308594,65430400
2023-04-28,320.1099853515625,322.6499938964844,318.9599914550781,322.55999755859375,319.46148681640625,59652500
2023-05-01,322.0899963378906,323.6300048828125,321.0899963378906,322.19000244140625,319.0950622558594,41013400
2023-05-02,322.1199951171875,322.45001220703125,317.6099853515625,319.3800048828125,316.31207275390625,56519400
2023-05-03,319.75,322.4700012207031,317.17999267578125,317.2900085449219,314.2421569824219,59882100
2023-05-04,317.05999755859375,318.2300109863281,315.1199951171875,316.1700134277344,313.1329345703125,50224500
2023-05-05,318.4700012207031,323.760009765625,316.2099914550781,322.8900146484375,319.7883605957031,51776000
2023-05-08,322.4200134277344,324.0400085449219,321.32000732421875,323.69000244140625,320.5806579589844,36465800
2023-05-09,322.0,322.8800048828125,321.32000732421875,321.6400146484375,318.55035400390625,31768800
2023-05-10,324.1199951171875,326.010009765625,321.6000061035156,325.1400146484375,322.01678466796875,60446600
2023-05-11,325.70001220703125,326.75,324.1199951171875,326.20001220703125,323.06658935546875,44278500
2023-05-12,326.739990234375,327.1700134277344,322.94000244140625,325.0299987792969,321.9078063964844,48396200
2023-05-15,325.510009765625,327.0299987792969,323.9599914550781,326.7900085449219,323.65087890625,33375600
2023-05-16,326.05999755859375,328.8999938964844,326.0199890136719,327.1600036621094,324.0173034667969,40019200
2023-05-17,328.239990234375,331.7099914550781,327.0400085449219,331.1199951171875,327.93927001953125,47486100
2023-05-18,331.5199890136719,337.489990234375,331.5,337.2699890136719,334.0301818847656,64213500
2023-05-19,337.489990234375,338.2099914550781,335.42999267578125,336.510009765625,333.27752685546875,61462400
2023-05-22,336.25,338.6700134277344,336.239990234375,337.6400146484375,334.3966369628906,43015900
2023-05-23,335.8900146484375,337.05999755859375,333.0,333.3599853515625,330.15777587890625,48216700
2023-05-24,331.3699951171875,332.9100036621094,329.55999755859375,331.6499938964844,328.4642028808594,62891200
2023-05-25,339.1400146484375,341.010009765625,336.6700134277344,339.7200012207031,336.4566345214844,66862800
2023-05-26,340.760009765625,349.25,340.6600036621094,348.3999938964844,345.05328369140625,63007000
2023-05-30,352.7099914550781,353.92999267578125,348.5299987792969,349.9800109863281,346.61810302734375,72652200
2023-05-31,348.3699951171875,350.6000061035156,346.510009765625,347.989990234375,344.6471862792969,65105400
2023-06-01,347.7300109863281,353.3599853515625,346.6600036621094,352.010009765625,348.6286315917969,50488600
2023-06-02,353.79998779296875,355.8299865722656,352.010009765625,354.6499938964844,351.2432556152344,53293500
2023-06-05,354.42999267578125,357.5,353.8500061035156,354.8999938964844,351.4908752441406,47266200
2023-06-06,354.2799987792969,355.82000732421875,352.92999267578125,354.8399963378906,351.4314270019531,41390400
2023-06-07,355.1300048828125,357.1199951171875,348.17999267578125,348.82000732421875,345.4692687988281,69225900
2023-06-08,349.1199951171875,353.6199951171875,348.8900146484375,353.1499938964844,349.7576599121094,47153900
2023-06-09,354.6300048828125,357.6600036621094,353.0299987792969,354.5,351.0946960449219,53155900
2023-06-12,356.19000244140625,360.5899963378906,355.20001220703125,360.489990234375,357.0271301269531,44606500
2023-06-13,363.2900085449219,364.1099853515625,360.0299987792969,363.260009765625,359.77056884765625,57097800
2023-06-14,363.2699890136719,366.19000244140625,360.4200134277344,365.8999938964844,362.3851623535156,69525600
2023-06-15,364.6099853515625,371.7699890136719,363.9800109863281,370.260009765625,366.7033386230469,71138800
2023-06-16,372.7200012207031,372.8500061035156,367.4800109863281,367.92999267578125,364.3956604003906,80875900
2023-06-20,365.95001220703125,368.32000732421875,363.8900146484375,366.8999938964844,363.8739929199219,49204700
2023-06-21,365.739990234375,366.17999267578125,360.9599914550781,361.8999938964844,358.9152526855469,53378300
2023-06-22,360.6300048828125,366.3299865722656,360.2200012207031,366.1700134277344,363.15008544921875,47603000
2023-06-23,362.2099914550781,364.8800048828125,360.82000732421875,362.5400085449219,359.5500183105469,48873900
2023-06-26,362.0,364.8399963378906,357.5899963378906,357.67999267578125,354.7300720214844,52685500
2023-06-27,359.25,364.57000732421875,358.510009765625,363.8299865722656,360.829345703125,49428100
2023-06-28,361.9800109863281,366.5199890136719,361.8999938964844,364.5400085449219,361.5334777832031,46498000
2023-06-29,364.239990234375,364.8900146484375,362.1400146484375,363.80999755859375,360.80950927734375,46151000
2023-06-30,367.54998779296875,370.489990234375,367.2300109863281,369.4200134277344,366.37322998046875,58668800
2023-07-03,370.07000732421875,370.92999267578125,368.9700012207031,370.2900085449219,367.2360534667969,19432900
2023-07-05,368.70001220703125,372.010009765625,368.6600036621094,370.2799987792969,367.2261657714844,34460900
2023-07-06,366.510009765625,367.9100036621094,364.5199890136719,367.4599914550781,364.4294128417969,49374700
2023-07-07,367.2300109863281,370.4800109863281,366.010009765625,366.239990234375,363.2194519042969,47083200
2023-07-10,365.9599914550781,367.04998779296875,363.4100036621094,366.3599853515625,363.3384704589844,48498800
2023-07-11,366.7900085449219,368.6300048828125,364.6199951171875,368.1700134277344,365.133544921875,38214100
2023-07-12,372.3399963378906,374.19000244140625,370.29998779296875,372.82000732421875,369.7452087402344,61975400
2023-07-13,376.04998779296875,379.989990234375,375.4599914550781,379.1499938964844,376.0229797363281,46960000
2023-07-14,379.5899963378906,382.8599853515625,378.17999267578125,379.07000732421875,375.94366455078125,55097800
2023-07-17,379.79998779296875,383.5,379.30999755859375,382.6099853515625,379.4544677734375,40868900
2023-07-18,381.9599914550781,387.1300048828125,380.0,385.739990234375,382.5586242675781,55343400
2023-07-19,386.82000732421875,387.9800109863281,384.29998779296875,385.6499938964844,382.4693908691406,54093000
2023-07-20,382.6099853515625,384.1000061035156,375.7200012207031,376.760009765625,373.6527404785156,71941700
2023-07-21,379.17999267578125,379.9200134277344,375.19000244140625,375.6300048828125,372.5320129394531,60439400
2023-07-24,376.6199951171875,377.5799865722656,374.3399963378906,376.2300109863281,373.1270751953125,40380100
2023-07-25,376.95001220703125,380.4700012207031,376.92999267578125,378.7799987792969,375.6560363769531,38894400
2023-07-26,377.7200012207031,379.239990234375,375.17999267578125,377.5199890136719,374.40643310546875,47075700
2023-07-27,383.07000732421875,384.7099914550781,375.30999755859375,376.6199951171875,373.5138244628906,63940200
2023-07-28,380.739990234375,384.5199890136719,380.2200012207031,383.4800109863281,380.3172912597656,56902900
2023-07-31,383.7900085449219,384.8800048828125,382.3399963378906,383.67999267578125,380.515625,44019900
2023-08-01,382.30999755859375,383.55999755859375,380.69000244140625,382.7900085449219,379.6329650878906,41060600
2023-08-02,379.260009765625,379.260009765625,373.1300048828125,374.3900146484375,371.30224609375,72687100
2023-08-03,371.94000244140625,375.95001220703125,371.7699890136719,373.7900085449219,370.70721435546875,47666400
2023-08-04,375.75,378.1000061035156,371.5299987792969,372.0400085449219,368.9716491699219,61646200
2023-08-07,373.8800048828125,375.2900085449219,371.510009765625,375.19000244140625,372.09564208984375,37230400
2023-08-08,372.6400146484375,372.6600036621094,368.82000732421875,372.0,368.93194580078125,44726500
2023-08-09,372.2900085449219,372.45001220703125,367.1400146484375,367.9100036621094,364.8757019042969,51150900
2023-08-10,370.9700012207031,374.3599853515625,367.0400085449219,368.5899963378906,365.5500793457031,72035300
2023-08-11,365.989990234375,368.0,364.69000244140625,366.239990234375,363.2194519042969,48683800
2023-08-14,365.42999267578125,370.4700012207031,364.70001220703125,370.3500061035156,367.2955322265625,42130800
2023-08-15,369.3599853515625,370.1700134277344,365.739990234375,366.4200134277344,363.3979797363281,45539900
2023-08-16,365.8699951171875,367.42999267578125,362.44000244140625,362.5400085449219,359.5500183105469,53190500
2023-08-17,363.9599914550781,364.30999755859375,358.1600036621094,358.5799865722656,355.62261962890625,62604300
2023-08-18,355.260009765625,359.4100036621094,354.7099914550781,358.1300048828125,355.1763610839844,61119500
2023-08-21,359.6199951171875,364.5899963378906,359.1499938964844,363.8999938964844,360.8988037109375,50696500
2023-08-22,366.54998779296875,366.55999755859375,362.67999267578125,363.3800048828125,360.3830261230469,44613500
2023-08-23,364.5799865722656,370.2200012207031,364.3599853515625,369.1099853515625,366.0657958984375,51770600
2023-08-24,372.6400146484375,372.739990234375,361.010009765625,361.2200012207031,358.2408447265625,66842500
2023-08-25,362.07000732421875,365.739990234375,358.5799865722656,364.0199890136719,361.01776123046875,69960500
2023-08-28,366.989990234375,367.7099914550781,364.25,366.760009765625,363.7351989746094,40910000
2023-08-29,366.55999755859375,375.1300048828125,366.2300109863281,374.7699890136719,371.6791076660156,58492400
2023-08-30,374.8800048828125,377.45001220703125,373.8599853515625,376.8599853515625,373.7518310546875,41731500
2023-08-31,376.94000244140625,379.7200012207031,376.8699951171875,377.989990234375,374.87255859375,35730700
2023-09-01,380.3999938964844,380.8299865722656,376.0799865722656,377.5899963378906,374.47589111328125,39772400
2023-09-05,376.7699890136719,379.30999755859375,375.8299865722656,378.07000732421875,374.9518737792969,32344200
2023-09-06,377.2799987792969,377.6300048828125,372.70001220703125,374.739990234375,371.6493225097656,42998700
2023-09-07,370.2099914550781,372.8500061035156,369.1499938964844,372.05999755859375,368.9914855957031,52060700
2023-09-08,372.010009765625,374.8500061035156,371.6000061035156,372.5799865722656,369.50714111328125,35800100
2023-09-11,375.6600036621094,377.489990234375,373.6600036621094,376.9700012207031,373.8609313964844,39936600
2023-09-12,375.2699890136719,376.95001220703125,372.5,372.7900085449219,369.7154541015625,41391000
2023-09-13,373.0299987792969,375.8399963378906,371.8800048828125,374.2099914550781,371.12371826171875,46300700
2023-09-14,375.989990234375,378.2699890136719,373.8900146484375,377.2699890136719,374.1585388183594,48039400
2023-09-15,375.9100036621094,376.32000732421875,369.8599853515625,370.80999755859375,367.75177001953125,69757700
2023-09-18,369.32000732421875,371.7900085449219,369.0299987792969,370.6600036621094,368.1351318359375,36903500
2023-09-19,369.32000732421875,370.67999267578125,366.79998779296875,369.8699951171875,367.3504943847656,37621700
2023-09-20,370.95001220703125,371.30999755859375,364.4599914550781,364.5400085449219,362.05682373046875,45514200
2023-09-21,360.79998779296875,361.6000061035156,357.69000244140625,357.8599853515625,355.42230224609375,69584700
2023-09-22,359.6300048828125,361.79998779296875,357.5899963378906,357.9100036621094,355.47198486328125,51589700
2023-09-25,356.92999267578125,359.70001220703125,355.92999267578125,359.6099853515625,357.1603698730469,39168000
2023-09-26,356.989990234375,357.5400085449219,353.2099914550781,354.2099914550781,351.7972106933594,53657700
2023-09-27,355.3800048828125,356.9800109863281,351.3599853515625,355.0400085449219,352.6215515136719,56066000
2023-09-28,354.1099853515625,360.1700134277344,353.239990234375,358.010009765625,355.5713195800781,56453300
2023-09-29,361.5400085449219,362.95001220703125,357.0199890136719,358.2699890136719,355.82952880859375,64754300
2023-10-02,358.5400085449219,362.67999267578125,357.9200134277344,361.260009765625,358.7991638183594,51625100
2023-10-03,358.7799987792969,361.010009765625,353.2799987792969,354.9200134277344,352.50238037109375,60478500
2023-10-04,355.7699890136719,360.6099853515625,355.29998779296875,359.75,357.2994689941406,54786700
2023-10-05,359.739990234375,360.1499938964844,355.1400146484375,358.69000244140625,356.2466735839844,45897400
2023-10-06,355.6499938964844,365.9100036621094,354.8500061035156,364.70001220703125,362.21575927734375,74959200
2023-10-09,362.29998779296875,367.1099853515625,360.7799987792969,366.55999755859375,364.06304931640625,45304800
2023-10-10,366.8999938964844,371.2799987792969,366.3900146484375,368.5899963378906,366.0792236328125,46968800
2023-10-11,369.94000244140625,371.4100036621094,368.19000244140625,371.2200012207031,368.6913146972656,38215100
2023-10-12,371.7300109863281,373.739990234375,367.5,369.92999267578125,367.4100646972656,49587900
2023-10-13,370.57000732421875,371.1600036621094,363.8599853515625,365.2799987792969,362.7917785644531,52469900
2023-10-16,366.6199951171875,370.4800109863281,366.4700012207031,369.4100036621094,366.8936462402344,44201100
2023-10-17,365.80999755859375,369.9200134277344,363.6600036621094,368.20001220703125,365.69189453125,50999100
2023-10-18,365.6700134277344,367.9100036621094,362.0199890136719,363.3699951171875,360.89483642578125,54280500
2023-10-19,364.80999755859375,366.0199890136719,359.1600036621094,359.9700012207031,357.51800537109375,72274200
2023-10-20,359.4599914550781,360.0400085449219,354.3699951171875,354.6000061035156,352.1845703125,72369800
2023-10-23,353.260009765625,359.260009765625,351.1199951171875,355.6700134277344,353.2472839355469,60665200
2023-10-24,357.510009765625,359.9100036621094,355.7900085449219,359.1300048828125,356.6836853027344,47082100
2023-10-25,356.70001220703125,356.8800048828125,349.75,350.3399963378906,347.95355224609375,71190500
2023-10-26,349.1199951171875,350.07000732421875,342.3500061035156,343.6600036621094,341.3190612792969,78621400
2023-10-27,346.42999267578125,348.8399963378906,344.0799865722656,345.30999755859375,342.9577941894531,63476700
2023-10-30,347.8299865722656,350.5400085449219,346.45001220703125,349.20001220703125,346.8213195800781,55298500
2023-10-31,349.2300109863281,351.25,346.6199951171875,350.8699951171875,348.47998046875,47671900
2023-11-01,351.7200012207031,357.5299987792969,351.6199951171875,356.9599914550781,354.5284423828125,58992700
2023-11-02,361.5400085449219,363.67999267578125,360.29998779296875,363.44000244140625,360.9643249511719,58162400
2023-11-03,364.75,369.0199890136719,364.5199890136719,367.7099914550781,365.2052001953125,53239100
2023-11-06,368.489990234375,369.7799987792969,366.9100036621094,369.2099914550781,366.6950378417969,38848700
2023-11-07,370.2699890136719,373.5799865722656,369.04998779296875,372.70001220703125,370.1612548828125,50777400
2023-11-08,373.0799865722656,373.7900085449219,370.6199951171875,372.94000244140625,370.39959716796875,35663400
2023-11-09,373.6400146484375,374.79998779296875,369.57000732421875,370.07000732421875,367.5491638183594,53859400
2023-11-10,371.82000732421875,378.5400085449219,371.2799987792969,378.3900146484375,375.8124694824219,58309800
2023-11-13,376.7900085449219,378.2799987792969,375.239990234375,377.2099914550781,374.6405029296875,40733500
2023-11-14,383.7099914550781,386.260009765625,383.17999267578125,385.3299865722656,382.7051696777344,67792600
2023-11-15,387.25,387.75,384.239990234375,385.6199951171875,382.99322509765625,54141400
2023-11-16,384.8399963378906,386.19000244140625,383.55999755859375,385.95001220703125,383.3210144042969,45343500
2023-11-17,385.2099914550781,387.07000732421875,384.2900085449219,386.0400085449219,383.410400390625,46571900
2023-11-20,386.04998779296875,391.4100036621094,386.04998779296875,390.739990234375,388.0783386230469,44429600
2023-11-21,389.010009765625,389.2300109863281,386.70001220703125,388.4700012207031,385.8238220214844,43337000
2023-11-22,390.57000732421875,393.07000732421875,389.0400085449219,390.05999755859375,387.4029541015625,44121000
2023-11-24,389.6499938964844,390.25,388.5,389.510009765625,386.85675048828125,15718800
2023-11-27,389.010009765625,391.1499938964844,388.2799987792969,389.1700134277344,386.51904296875,34139700
2023-11-28,388.4100036621094,390.7799987792969,388.04998779296875,390.19000244140625,387.53216552734375,35491100
2023-11-29,392.69000244140625,394.1400146484375,389.4599914550781,389.80999755859375,387.1546630859375,38811700
2023-11-30,390.0799865722656,390.54998779296875,385.82000732421875,388.8299865722656,386.1813659667969,52834400
2023-12-01,387.75,390.5400085449219,386.07000732421875,389.94000244140625,387.2838134765625,40440500
2023-12-04,386.0899963378906,386.6000061035156,382.6600036621094,386.32000732421875,383.6884765625,51186900
2023-12-05,384.3900146484375,388.5,384.2099914550781,387.2900085449219,384.65185546875,42933000
2023-12-06,390.2699890136719,390.3699951171875,384.70001220703125,385.04998779296875,382.4271240234375,41994100
2023-12-07,388.07000732421875,391.2699890136719,386.9599914550781,390.42999267578125,387.7704772949219,49593500
2023-12-08,388.6700134277344,392.6199951171875,388.4800109863281,392.1700134277344,389.4986267089844,46623600
2023-12-11,391.739990234375,395.7900085449219,391.5299987792969,395.5199890136719,392.8257751464844,41198000
2023-12-12,395.55999755859375,398.7900085449219,394.4100036621094,398.6700134277344,395.954345703125,39221200
2023-12-13,399.6199951171875,404.3599853515625,398.8399963378906,403.739990234375,400.98980712890625,55408100
2023-12-14,404.9800109863281,406.29998779296875,400.3399963378906,403.3900146484375,400.6422424316406,55447800
2023-12-15,404.17999267578125,406.5400085449219,403.57000732421875,405.3399963378906,402.5788879394531,62598000
2023-12-18,404.92999267578125,407.989990234375,404.6000061035156,407.0799865722656,405.1145935058594,46610000
2023-12-19,407.5400085449219,409.2799987792969,407.3500061035156,409.1600036621094,407.1846008300781,35711900
2023-12-20,408.3500061035156,410.4700012207031,402.8999938964844,403.0799865722656,401.1339111328125,54042400
2023-12-21,407.05999755859375,408.1400146484375,404.4700012207031,407.7699890136719,405.8013000488281,45568900
2023-12-22,409.0,409.9700012207031,406.4800109863281,408.3800048828125,406.4083251953125,34292400
2023-12-26,409.25,411.55999755859375,409.1499938964844,410.8800048828125,408.8962707519531,22722500
2023-12-27,410.95001220703125,411.7900085449219,410.0799865722656,411.5,409.7286682128906,31980500
2023-12-28,412.6700134277344,412.9200134277344,410.94000244140625,411.29998779296875,409.5295104980469,27029200
2023-12-29,411.2799987792969,411.6400146484375,407.5799865722656,409.5199890136719,407.7571716308594,42633400
