Date,Open,High,Low,Close,Adj Close,Volume
2010-01-04,89.83999633789062,90.0999984741211,89.58000183105469,89.80999755859375,59.928123474121094,2829100
2010-01-05,90.05000305175781,90.62999725341797,90.0,90.38999938964844,60.31513214111328,2841600
2010-01-06,90.16999816894531,90.26000213623047,89.12000274658203,89.18000030517578,59.50771713256836,4099600
2010-01-07,89.22000122070312,89.63999938964844,89.12000274658203,89.33000183105469,59.607810974121094,2793200
2010-01-08,89.51000213623047,89.55999755859375,88.76000213623047,89.29000091552734,59.581119537353516,2910700
2010-01-11,88.98999786376953,89.36000061035156,88.7699966430664,88.80000305175781,59.254119873046875,2181300
2010-01-12,90.16000366210938,90.38999938964844,89.83999633789062,90.31999969482422,60.2684211730957,4321200
2010-01-13,89.93000030517578,90.27999877929688,89.22000122070312,89.2699966430664,59.56774139404297,4755000
2010-01-14,89.69000244140625,90.5199966430664,89.54000091552734,90.5199966430664,60.4018669128418,4188800
2010-01-15,91.02999877929688,91.33000183105469,90.9800033569336,91.08000183105469,60.775550842285156,4142800
2010-01-19,90.72000122070312,91.12000274658203,90.41999816894531,90.81999969482422,60.6020622253418,2496000
2010-01-20,91.31999969482422,91.7699966430664,91.2699966430664,91.73999786376953,61.2159538269043,2800500
2010-01-21,91.55000305175781,92.38999938964844,91.45999908447266,92.16000366210938,61.49620819091797,4363100
2010-01-22,92.08999633789062,92.30999755859375,91.7699966430664,92.0,61.389381408691406,3666900
2010-01-25,91.54000091552734,91.91999816894531,91.48999786376953,91.58000183105469,61.10917282104492,2419500
2010-01-26,92.0199966430664,92.11000061035156,91.30999755859375,91.61000061035156,61.129207611083984,3138100
2010-01-27,91.75,92.08999633789062,91.37000274658203,91.55999755859375,61.095890045166016,3325700
2010-01-28,91.12999725341797,91.69999694824219,91.05999755859375,91.51000213623047,61.06243133544922,3058200
2010-01-29,91.41000366210938,92.36000061035156,91.25,92.30999755859375,61.59624481201172,4930600
2010-02-01,91.70999908447266,91.7300033569336,91.05000305175781,91.1500015258789,61.037113189697266,3598500
2010-02-02,91.18000030517578,91.44999694824219,91.04000091552734,91.41000366210938,61.21126174926758,3047500
2010-02-03,90.80999755859375,90.97000122070312,90.2699966430664,90.3499984741211,60.50141143798828,5343700
2010-02-04,90.98999786376953,91.81999969482422,90.9000015258789,91.77999877929688,61.45899200439453,6095000
2010-02-05,91.37000274658203,92.41999816894531,91.20999908447266,91.9800033569336,61.592952728271484,6875800
2010-02-08,91.87000274658203,92.1500015258789,91.6500015258789,92.0999984741211,61.67331314086914,3386000
2010-02-09,91.73999786376953,92.22000122070312,91.13999938964844,91.18000030517578,61.05720520019531,4790000
2010-02-10,91.31999969482422,91.5999984741211,90.19999694824219,90.30999755859375,60.47464370727539,5068000
2010-02-11,90.19999694824219,90.27999877929688,89.37999725341797,89.81999969482422,60.14651870727539,5087500
2010-02-12,90.30999755859375,90.41999816894531,89.94999694824219,90.19000244140625,60.39429473876953,2833800
2010-02-16,89.7300033569336,90.44000244140625,89.7300033569336,90.36000061035156,60.50811004638672,2440900
2010-02-17,89.91999816894531,90.08999633789062,89.08000183105469,89.33000183105469,59.818397521972656,4368200
2010-02-18,89.45999908447266,89.5,88.51000213623047,88.97000122070312,59.577354431152344,5121800
2010-02-19,89.23999786376953,89.51000213623047,88.9000015258789,89.44999694824219,59.89873504638672,3502500
2010-02-22,89.12000274658203,89.31999969482422,88.91999816894531,89.08000183105469,59.65102005004883,3382600
2010-02-23,89.33999633789062,90.54000091552734,89.30000305175781,90.47000122070312,60.581783294677734,5474500
2010-02-24,90.55000305175781,90.87999725341797,90.18000030517578,90.69000244140625,60.729095458984375,4423200
2010-02-25,91.18000030517578,91.29000091552734,90.9000015258789,91.19999694824219,61.07064437866211,3707700
2010-02-26,91.45999908447266,92.05999755859375,91.41000366210938,91.66999816894531,61.38533401489258,4349100
2010-03-01,91.33000183105469,91.52999877929688,90.95999908447266,91.33999633789062,61.35845947265625,2415200
2010-03-02,90.87999725341797,91.27999877929688,90.69999694824219,91.22000122070312,61.27790451049805,2260600
2010-03-03,91.01000213623047,91.08000183105469,90.69999694824219,90.98999786376953,61.12334060668945,2156100
2010-03-04,90.95999908447266,91.68000030517578,90.83000183105469,91.47000122070312,61.44583511352539,2374700
2010-03-05,90.83000183105469,90.87000274658203,90.12000274658203,90.2699966430664,60.63970184326172,3823200
2010-03-08,89.9000015258789,89.97000122070312,89.69999694824219,89.80000305175781,60.3239631652832,2850400
2010-03-09,89.9800033569336,90.0,89.4000015258789,89.81999969482422,60.33743667602539,2573700
2010-03-10,89.48999786376953,89.69999694824219,89.19000244140625,89.58999633789062,60.18290710449219,3216200
2010-03-11,89.38999938964844,90.13999938964844,89.37000274658203,89.91999816894531,60.40455627441406,2621000
2010-03-12,89.7699966430664,90.6500015258789,89.7300033569336,90.4800033569336,60.78074645996094,3099100
2010-03-15,90.3499984741211,90.47000122070312,90.05000305175781,90.36000061035156,60.7001953125,1936800
2010-03-16,90.55999755859375,91.08999633789062,90.54000091552734,91.08000183105469,61.183780670166016,3932600
2010-03-17,91.30999755859375,91.47000122070312,91.06999969482422,91.47000122070312,61.44583511352539,3481200
2010-03-18,91.41999816894531,91.4800033569336,91.01000213623047,91.16999816894531,61.24427032470703,2750300
2010-03-19,91.26000213623047,91.58000183105469,90.87000274658203,91.26000213623047,61.30476379394531,2976300
2010-03-22,91.3499984741211,91.48999786376953,91.22000122070312,91.36000061035156,61.37190628051758,2452300
2010-03-23,91.06999969482422,91.31999969482422,90.91000366210938,90.93000030517578,61.083065032958984,2910000
2010-03-24,89.83999633789062,90.25,89.05999755859375,89.2699966430664,59.967899322509766,8049300
2010-03-25,89.12999725341797,89.23999786376953,88.37000274658203,88.69999694824219,59.58504867553711,8268400
2010-03-26,88.54000091552734,89.12000274658203,88.48999786376953,88.94999694824219,59.75297546386719,4110700
2010-03-29,88.77999877929688,88.8499984741211,88.30999755859375,88.61000061035156,59.52460479736328,3245100
2010-03-30,88.5199966430664,88.94999694824219,88.2699966430664,88.88999938964844,59.71266555786133,3254600
2010-03-31,89.22000122070312,89.5199966430664,88.94999694824219,89.5,60.12246322631836,4263900
2010-04-01,88.7699966430664,89.02999877929688,88.43000030517578,88.94999694824219,59.97543716430664,2912400
2010-04-05,87.9800033569336,88.13999938964844,87.41000366210938,87.47000122070312,58.97757339477539,5652000
2010-04-06,87.80000305175781,87.8499984741211,87.3499984741211,87.61000061035156,59.071964263916016,3584600
2010-04-07,87.44999694824219,88.91999816894531,87.30000305175781,88.7300033569336,59.82711410522461,6389900
2010-04-08,88.88999938964844,89.12999725341797,88.4800033569336,88.7699966430664,59.85408020019531,3797600
2010-04-09,88.61000061035156,89.05999755859375,88.41000366210938,88.9800033569336,59.99570083618164,2311300
2010-04-12,89.16999816894531,89.55999755859375,89.08999633789062,89.44999694824219,60.312599182128906,2939600
2010-04-13,89.88999938964844,89.94999694824219,89.5199966430664,89.73999786376953,60.508113861083984,3090900
2010-04-14,89.76000213623047,89.87000274658203,89.11000061035156,89.11000061035156,60.08336639404297,3570100
2010-04-15,88.8499984741211,89.5,88.68000030517578,89.20999908447266,60.15080261230469,3698000
2010-04-16,89.4000015258789,89.98999786376953,89.23999786376953,89.86000061035156,60.58905029296875,8303900
2010-04-19,89.87000274658203,90.02999877929688,89.5199966430664,89.63999938964844,60.44070816040039,3211500
2010-04-20,89.8499984741211,89.98999786376953,89.63999938964844,89.95999908447266,60.65643310546875,2285000
2010-04-21,90.2699966430664,90.83000183105469,90.26000213623047,90.69999694824219,61.15542221069336,4162200
2010-04-22,90.9000015258789,91.08999633789062,90.33000183105469,90.43000030517578,60.97333908081055,2841400
2010-04-23,90.20999908447266,90.36000061035156,89.87000274658203,90.11000061035156,60.757606506347656,4776000
2010-04-26,90.51000213623047,90.6500015258789,89.94000244140625,90.20999908447266,60.82501220703125,4753900
2010-04-27,90.8499984741211,91.91999816894531,90.69999694824219,91.4800033569336,61.681304931640625,13199200
2010-04-28,91.12999725341797,91.3499984741211,90.4800033569336,90.69999694824219,61.15542221069336,8379500
2010-04-29,90.86000061035156,91.22000122070312,90.5199966430664,91.08000183105469,61.41158676147461,4067200
2010-04-30,91.27999877929688,92.16999816894531,91.11000061035156,92.12999725341797,62.11962890625,6924800
2010-05-03,91.41999816894531,92.0199966430664,91.27999877929688,91.69000244140625,62.03841781616211,4211800
2010-05-04,92.80999755859375,93.47000122070312,92.55999755859375,93.33999633789062,63.15485763549805,11054800
2010-05-05,94.05999755859375,94.8499984741211,93.3499984741211,93.88999938964844,63.526981353759766,12219100
2010-05-06,94.16000366210938,100.0,93.77999877929688,96.79000091552734,65.4891357421875,19578200
2010-05-07,95.87999725341797,98.08999633789062,95.2699966430664,95.58000183105469,64.67044067382812,18740600
2010-05-10,93.16000366210938,93.94000244140625,93.08999633789062,93.5999984741211,63.330787658691406,10240100
2010-05-11,93.9800033569336,94.0199966430664,92.98999786376953,93.36000061035156,63.168392181396484,7729100
2010-05-12,93.13999938964844,93.26000213623047,92.61000061035156,92.6500015258789,62.68796920776367,5530800
2010-05-13,93.26000213623047,93.55000305175781,92.19999694824219,93.26000213623047,63.100669860839844,6849700
2010-05-14,94.12000274658203,95.5,94.08999633789062,94.87999725341797,64.19677734375,9796500
2010-05-17,94.72000122070312,95.70999908447266,94.47000122070312,94.52999877929688,63.95995330810547,6302200
2010-05-18,94.9000015258789,96.16999816894531,94.7699966430664,95.9800033569336,64.94100189208984,9904100
2010-05-19,95.94000244140625,96.94999694824219,95.93000030517578,96.30000305175781,65.1575698852539,14121200
2010-05-20,97.91000366210938,98.56999969482422,97.52999877929688,98.33000183105469,66.5311279296875,17666900
2010-05-21,99.61000061035156,99.75,97.86000061035156,98.43000030517578,66.59876251220703,18670600
2010-05-24,98.73999786376953,98.87000274658203,97.9000015258789,98.08999633789062,66.36871337890625,7721100
2010-05-25,99.6500015258789,99.88999938964844,98.4000015258789,98.56999969482422,66.6935043334961,12952700
2010-05-26,98.22000122070312,98.4000015258789,97.4000015258789,98.29000091552734,66.50410461425781,12644800
2010-05-27,96.83000183105469,96.98999786376953,95.87999725341797,96.05999755859375,64.99520111083984,7653200
2010-05-28,96.48999786376953,96.77999877929688,96.0199966430664,96.5,65.29283905029297,5805500
2010-06-01,97.2300033569336,97.29000091552734,96.25,96.8499984741211,65.75182342529297,5536200
2010-06-02,96.98999786376953,97.19000244140625,95.81999969482422,95.93000030517578,65.12727355957031,5656400
2010-06-03,95.20999908447266,95.91000366210938,95.0999984741211,95.2300033569336,64.6519775390625,8499500
2010-06-04,96.94000244140625,97.94999694824219,96.69999694824219,97.79000091552734,66.39002227783203,7479600
2010-06-07,97.5199966430664,98.58999633789062,97.33000183105469,98.54000091552734,66.89923858642578,5288200
2010-06-08,97.93000030517578,98.51000213623047,97.76000213623047,98.05000305175781,66.56654357910156,5510800
2010-06-09,97.5999984741211,98.12000274658203,97.20999908447266,97.94000244140625,66.4918441772461,5598000
2010-06-10,97.19999694824219,97.29000091552734,96.08999633789062,96.19000244140625,65.30377197265625,6075100
2010-06-11,97.08999633789062,97.80999755859375,96.61000061035156,97.41000366210938,66.13203430175781,6266700
2010-06-14,96.31999969482422,97.04000091552734,96.22000122070312,96.91000366210938,65.79261016845703,5310400
2010-06-15,97.11000061035156,97.25,96.05000305175781,96.51000213623047,65.52101135253906,4920100
2010-06-16,97.19000244140625,97.22000122070312,96.38999938964844,97.05999755859375,65.89441680908203,4011100
2010-06-17,97.1500015258789,98.2300033569336,97.06999969482422,97.8499984741211,66.43072509765625,5650900
2010-06-18,97.88999938964844,98.11000061035156,97.56999969482422,97.69000244140625,66.32212829589844,4171700
2010-06-21,96.45999908447266,97.55000305175781,96.41000366210938,97.41000366210938,66.13203430175781,5740900
2010-06-22,97.68000030517578,98.5999984741211,97.41999816894531,98.56999969482422,66.9195785522461,5658900
2010-06-23,98.61000061035156,99.56999969482422,98.56999969482422,99.23999786376953,67.37442016601562,9137800
2010-06-24,99.3499984741211,99.58999633789062,98.3499984741211,98.6500015258789,66.97388458251953,6184600
2010-06-25,98.31999969482422,99.33000183105469,98.16000366210938,99.05000305175781,67.24542999267578,5148300
2010-06-28,99.5999984741211,100.0,99.41999816894531,99.9800033569336,67.87677764892578,5436000
2010-06-29,100.31999969482422,101.12999725341797,100.16000366210938,101.06999969482422,68.61681365966797,7334200
2010-06-30,101.41000366210938,101.79000091552734,100.80000305175781,101.75,69.07849884033203,7205700
2010-07-01,101.56999969482422,102.66000366210938,101.37999725341797,101.5999984741211,69.1874008178711,12893400
2010-07-02,101.11000061035156,101.44000244140625,100.16000366210938,100.79000091552734,68.63587951660156,6297600
2010-07-06,100.83000183105469,101.75,100.73999786376953,101.62000274658203,69.2010498046875,6620400
2010-07-07,101.45999908447266,101.51000213623047,100.33999633789062,100.43000030517578,68.39067840576172,5727800
2010-07-08,99.81999969482422,100.16000366210938,99.55000305175781,99.79000091552734,67.95486450195312,6260600
2010-07-09,99.4000015258789,99.63999938964844,99.18000030517578,99.22000122070312,67.56668853759766,4286000
2010-07-12,99.33000183105469,99.83999633789062,99.04000091552734,99.18000030517578,67.53945922851562,4062100
2010-07-13,98.8499984741211,98.88999938964844,98.18000030517578,98.33000183105469,66.96060180664062,5842500
2010-07-14,98.72000122070312,99.48999786376953,98.38999938964844,99.31999969482422,67.63480377197266,5417300
2010-07-15,99.73999786376953,100.58999633789062,99.69999694824219,100.30999755859375,68.30894470214844,6996100
2010-07-16,100.30999755859375,101.12999725341797,100.2699966430664,100.80000305175781,68.64263153076172,7512400
2010-07-19,100.55999755859375,100.75,99.9800033569336,100.18000030517578,68.22042846679688,4305800
2010-07-20,100.66999816894531,100.9000015258789,100.18000030517578,100.33000183105469,68.32260131835938,5076600
2010-07-21,100.44999694824219,102.27999877929688,100.41000366210938,102.02999877929688,69.48027038574219,7894200
2010-07-22,101.51000213623047,101.5199966430664,100.81999969482422,100.8499984741211,68.67668151855469,5759700
2010-07-23,100.80000305175781,100.97000122070312,99.69000244140625,99.77999877929688,67.94804382324219,6259100
2010-07-26,99.62999725341797,99.80999755859375,99.0,99.61000061035156,67.83228302001953,4856400
2010-07-27,98.77999877929688,99.18000030517578,98.56999969482422,98.6500015258789,67.17855072021484,5328000
2010-07-28,98.48999786376953,99.19000244140625,98.2699966430664,98.97000122070312,67.39645385742188,5507200
2010-07-29,98.0999984741211,99.0199966430664,97.91999816894531,98.94000244140625,67.37600708007812,6305500
2010-07-30,100.19999694824219,100.61000061035156,99.8499984741211,100.4800033569336,68.42472076416016,7683200
2010-08-02,99.23999786376953,99.33000183105469,98.75,98.75,67.46416473388672,5769200
2010-08-03,99.19999694824219,99.66000366210938,98.93000030517578,99.31999969482422,67.85359954833984,4363500
2010-08-04,99.5,99.51000213623047,98.55999755859375,98.55999755859375,67.33436584472656,3820400
2010-08-05,99.33999633789062,99.48999786376953,98.83999633789062,99.0199966430664,67.64861297607422,3704200
2010-08-06,99.79000091552734,100.20999908447266,99.48999786376953,100.0999984741211,68.38648986816406,6042400
2010-08-09,99.73999786376953,99.9800033569336,99.61000061035156,99.7300033569336,68.13372039794922,2578500
2010-08-10,100.05999755859375,101.01000213623047,99.47000122070312,99.94000244140625,68.27721405029297,11251000
2010-08-11,100.30999755859375,101.38999938964844,100.30999755859375,101.27999877929688,69.19263458251953,6778300
2010-08-12,101.58000183105469,101.94000244140625,100.87000274658203,101.02999877929688,69.02179718017578,7590100
2010-08-13,101.62000274658203,102.44999694824219,101.4800033569336,102.29000091552734,69.88265991210938,7843600
2010-08-16,104.20999908447266,104.88999938964844,104.06999969482422,104.8499984741211,71.63156127929688,7976200
2010-08-17,104.8499984741211,104.86000061035156,104.0,104.25,71.2216567993164,6756800
2010-08-18,105.0,105.6500015258789,104.48999786376953,104.52999877929688,71.4129409790039,7721600
2010-08-19,104.79000091552734,106.61000061035156,104.63999938964844,106.16000366210938,72.52654266357422,13128500
2010-08-20,106.41000366210938,106.83000183105469,105.83999633789062,106.04000091552734,72.444580078125,7040300
2010-08-23,105.6500015258789,106.19000244140625,105.25,106.05999755859375,72.45824432373047,6360100
2010-08-24,107.04000091552734,108.12999725341797,106.66999816894531,107.76000213623047,73.61963653564453,9812100
2010-08-25,108.80000305175781,109.33999633789062,107.06999969482422,107.41000366210938,73.38056945800781,13299800
2010-08-26,107.55999755859375,108.48999786376953,107.29000091552734,108.41999816894531,74.07054901123047,7039900
2010-08-27,107.7699966430664,108.33000183105469,105.19999694824219,105.3499984741211,71.97321319580078,13514000
2010-08-30,106.20999908447266,107.4000015258789,105.81999969482422,107.37000274658203,73.35321044921875,5535300
2010-08-31,108.22000122070312,108.6500015258789,107.62000274658203,108.55999755859375,74.16618347167969,8397000
2010-09-01,107.0199966430664,107.05000305175781,105.08999633789062,106.0,72.6326904296875,12480700
2010-09-02,105.19999694824219,105.30000305175781,104.4000015258789,104.87999725341797,71.8652572631836,8167600
2010-09-03,102.72000122070312,103.94000244140625,102.69999694824219,103.58000183105469,70.97445678710938,9210700
2010-09-07,105.08999633789062,105.77999877929688,104.80999755859375,105.69999694824219,72.42709350585938,6018400
2010-09-08,105.08999633789062,105.20999908447266,104.36000061035156,104.86000061035156,71.85152435302734,6698400
2010-09-09,103.69999694824219,103.83999633789062,102.63999938964844,102.79000091552734,70.43312072753906,8588900
2010-09-10,102.25,102.69999694824219,101.8499984741211,102.31999969482422,70.11105346679688,6910300
2010-09-13,101.80000305175781,103.05000305175781,101.7699966430664,102.81999969482422,70.45370483398438,7054800
2010-09-14,103.02999877929688,103.81999969482422,102.97000122070312,103.80999755859375,71.1320571899414,5978100
2010-09-15,102.75,103.26000213623047,102.13999938964844,102.2699966430664,70.07685089111328,7919100
2010-09-16,101.52999877929688,101.81999969482422,100.8499984741211,101.26000213623047,69.38480377197266,17116200
2010-09-17,101.83000183105469,102.16000366210938,101.31999969482422,101.66999816894531,69.66570281982422,9203600
2010-09-20,102.1500015258789,102.44999694824219,101.69000244140625,102.26000213623047,70.06998443603516,5277800
2010-09-21,102.66999816894531,104.0199966430664,102.26000213623047,103.68000030517578,71.04296875,12664000
2010-09-22,104.55000305175781,105.06999969482422,103.8499984741211,104.61000061035156,71.6802749633789,8229400
2010-09-23,105.41000366210938,105.45999908447266,104.23999786376953,104.91000366210938,71.88580322265625,7412200
2010-09-24,103.95999908447266,104.11000061035156,103.5,103.5,70.91963958740234,8942500
2010-09-27,104.52999877929688,105.44999694824219,104.4800033569336,105.30000305175781,72.15303039550781,7061600
2010-09-28,105.37999725341797,106.31999969482422,105.33999633789062,106.0199966430664,72.6463851928711,8262900
2010-09-29,106.16999816894531,106.2699966430664,105.3499984741211,105.58000183105469,72.34492492675781,5507100
2010-09-30,105.4000015258789,105.58999633789062,104.02999877929688,105.51000213623047,72.29693603515625,10618400
2010-10-01,104.2300033569336,105.13999938964844,103.9800033569336,104.61000061035156,71.94754791259766,9368400
2010-10-04,104.62000274658203,104.93000030517578,104.41000366210938,104.87999725341797,72.13327026367188,4422700
2010-10-05,104.7300033569336,104.80999755859375,103.93000030517578,104.25,71.69994354248047,8491800
2010-10-06,104.9000015258789,106.0999984741211,104.86000061035156,105.55999755859375,72.60086822509766,6476100
2010-10-07,105.16999816894531,105.37999725341797,104.66999816894531,104.68000030517578,71.9957046508789,5780700
2010-10-08,104.87000274658203,105.45999908447266,104.22000122070312,104.22000122070312,71.67928314208984,6128700
2010-10-11,104.11000061035156,104.43000030517578,103.94000244140625,104.23999786376953,71.69300079345703,1474200
2010-10-12,104.41000366210938,104.76000213623047,103.18000030517578,103.20999908447266,70.98471069335938,6122400
2010-10-13,102.3499984741211,103.12000274658203,102.04000091552734,103.05000305175781,70.87462615966797,8168400
2010-10-14,103.29000091552734,103.6500015258789,101.47000122070312,101.51000213623047,69.81543731689453,10945000
2010-10-15,100.5999984741211,101.05000305175781,99.88999938964844,100.2699966430664,68.96259307861328,12694700
2010-10-18,101.19999694824219,101.44999694824219,100.77999877929688,101.08000183105469,69.51969146728516,5592200
2010-10-19,100.58000183105469,102.08999633789062,100.55000305175781,101.69000244140625,69.93924713134766,8017500
2010-10-20,101.37000274658203,102.27999877929688,101.20999908447266,101.91000366210938,70.09056091308594,5515800
2010-10-21,101.69000244140625,101.91000366210938,100.69000244140625,100.69999694824219,69.25835418701172,6836100
2010-10-22,100.44000244140625,101.47000122070312,100.41000366210938,101.37999725341797,69.7260513305664,4770700
2010-10-25,102.12000274658203,102.29000091552734,101.55000305175781,101.66999816894531,69.9255142211914,5632300
2010-10-26,100.86000061035156,101.05999755859375,100.05000305175781,100.0999984741211,68.84574127197266,8432000
2010-10-27,99.68000030517578,100.16999816894531,99.22000122070312,99.22000122070312,68.24047088623047,9245200
2010-10-28,99.58000183105469,99.83000183105469,99.16000366210938,99.48999786376953,68.42616271972656,8052600
2010-10-29,99.81999969482422,100.45999908447266,99.62000274658203,100.41999816894531,69.06578063964844,6753800
2010-11-01,100.80000305175781,100.80999755859375,99.48999786376953,99.66999816894531,68.76844024658203,5921000
2010-11-02,100.45999908447266,101.08999633789062,100.41999816894531,100.9800033569336,69.67224884033203,6537400
2010-11-03,101.7300033569336,102.2699966430664,98.43000030517578,98.91999816894531,68.25091552734375,25541800
2010-11-04,99.16999816894531,99.87000274658203,99.08000183105469,99.69000244140625,68.78221130371094,13246500
2010-11-05,98.3499984741211,98.80000305175781,97.9800033569336,97.9800033569336,67.60236358642578,12435000
2010-11-08,98.58999633789062,98.91999816894531,97.81999969482422,98.41999816894531,67.90595245361328,6795200
2010-11-09,98.48999786376953,98.5199966430664,96.19000244140625,96.25,66.40876007080078,15061700
2010-11-10,96.3499984741211,96.73999786376953,95.0,96.37999725341797,66.4984359741211,18540400
2010-11-11,96.44999694824219,96.62999725341797,96.13999938964844,96.33000183105469,66.46395874023438,3368100
2010-11-12,96.20999908447266,96.73999786376953,95.80999755859375,95.80999755859375,66.10519409179688,11739500
2010-11-15,95.33000183105469,95.72000122070312,93.80999755859375,93.80999755859375,64.72526550292969,14978700
2010-11-16,94.91000366210938,96.25,93.98999786376953,96.13999938964844,66.3328628540039,19901300
2010-11-17,95.80000305175781,96.76000213623047,95.33999633789062,95.61000061035156,65.96720886230469,9915600
2010-11-18,95.68000030517578,96.0,94.80000305175781,96.0,66.23621368408203,12424800
2010-11-19,96.08999633789062,96.58999633789062,95.79000091552734,96.58999633789062,66.6433334350586,8359500
2010-11-22,97.37000274658203,97.62000274658203,96.23999786376953,97.0,66.92623901367188,10413500
2010-11-23,97.66999816894531,97.94999694824219,97.23999786376953,97.4800033569336,67.25740051269531,9566900
2010-11-24,96.80999755859375,96.98999786376953,95.58000183105469,95.73999786376953,66.05686950683594,11467600
2010-11-26,96.72000122070312,97.12000274658203,96.55000305175781,97.06999969482422,66.97453308105469,4848900
2010-11-29,97.55999755859375,97.94999694824219,97.08999633789062,97.9000015258789,67.54716491699219,8950000
2010-11-30,99.20999908447266,99.2699966430664,98.11000061035156,98.41000366210938,67.89907836914062,11947600
2010-12-01,96.6500015258789,97.11000061035156,95.88999938964844,95.88999938964844,66.3897476196289,15441200
2010-12-02,95.95999908447266,96.54000091552734,95.52999877929688,95.63999938964844,66.21659851074219,9318700
2010-12-03,96.27999877929688,96.33000183105469,94.8499984741211,94.88999938964844,65.69737243652344,10194800
2010-12-06,95.5199966430664,96.25,95.30999755859375,96.2300033569336,66.62512969970703,7001800
2010-12-07,94.72000122070312,94.91999816894531,93.16000366210938,94.16999816894531,65.19888305664062,18533100
2010-12-08,93.72000122070312,93.80000305175781,92.11000061035156,93.26000213623047,64.5688705444336,19275900
2010-12-09,93.5999984741211,94.2699966430664,92.7300033569336,93.72000122070312,64.88728332519531,17477100
2010-12-10,93.29000091552734,93.86000061035156,93.13999938964844,93.1500015258789,64.4926986694336,7078500
2010-12-13,93.05000305175781,94.02999877929688,92.55999755859375,93.5,64.7350082397461,12399900
2010-12-14,92.4000015258789,93.0199966430664,91.44000244140625,92.13999938964844,63.79339599609375,23516400
2010-12-15,92.08000183105469,92.23999786376953,90.47000122070312,90.94000244140625,62.96261978149414,26084000
2010-12-16,91.02999877929688,91.58000183105469,90.56999969482422,91.56999969482422,63.398773193359375,17939000
2010-12-17,91.87999725341797,93.7699966430664,91.86000061035156,93.23999786376953,64.55500793457031,16849700
2010-12-20,93.75,94.2300033569336,92.63999938964844,93.13999938964844,64.48579406738281,13703500
2010-12-21,93.12999725341797,93.79000091552734,92.48999786376953,93.79000091552734,64.93580627441406,8985100
2010-12-22,93.47000122070312,93.55000305175781,92.93000030517578,93.12000274658203,64.47190856933594,6440900
2010-12-23,93.18000030517578,93.2300033569336,92.52999877929688,92.93000030517578,64.34037780761719,7091800
2010-12-27,92.76000213623047,93.87999725341797,92.30000305175781,93.76000213623047,64.91503143310547,5285900
2010-12-28,92.93000030517578,93.06999969482422,91.30999755859375,91.61000061035156,63.64365005493164,13972100
2010-12-29,91.76000213623047,93.5199966430664,91.47000122070312,93.16000366210938,64.72046661376953,13115400
2010-12-30,92.87999725341797,93.27999877929688,92.41000366210938,93.08999633789062,64.67184448242188,7029900
2010-12-31,93.51000213623047,94.69999694824219,93.44000244140625,94.12000274658203,65.387451171875,8516000
2011-01-03,93.19999694824219,94.30999755859375,92.94999694824219,93.41000366210938,64.89414978027344,13799400
2011-01-04,93.41000366210938,93.7699966430664,92.91000366210938,93.5199966430664,64.97061157226562,10466900
2011-01-05,92.48999786376953,92.69000244140625,91.19000244140625,91.45999908447266,63.53947448730469,17568000
2011-01-06,91.54000091552734,92.12000274658203,91.16000366210938,91.86000061035156,63.81732177734375,9317500
2011-01-07,91.51000213623047,92.62999725341797,91.02999877929688,92.3499984741211,64.15774536132812,12694600
2011-01-10,92.58000183105469,92.98999786376953,92.18000030517578,92.8499984741211,64.50514221191406,8295200
2011-01-11,92.48999786376953,92.5999984741211,91.69000244140625,92.33000183105469,64.14386749267578,9495400
2011-01-12,91.73999786376953,92.16999816894531,91.44999694824219,91.61000061035156,63.64365005493164,9522900
2011-01-13,91.62000274658203,92.7699966430664,91.44999694824219,92.43000030517578,64.21332550048828,14502400
2011-01-14,92.77999877929688,92.9000015258789,91.76000213623047,91.83999633789062,63.80345916748047,8960700
2011-01-18,91.29000091552734,91.70999908447266,90.7300033569336,91.41000366210938,63.5047492980957,10663600
2011-01-19,91.41000366210938,92.06999969482422,91.36000061035156,92.06999969482422,63.96321487426758,8886900
2011-01-20,91.5,91.61000061035156,90.38999938964844,90.80000305175781,63.08095932006836,14203400
2011-01-21,90.69000244140625,91.5199966430664,90.51000213623047,91.5199966430664,63.581153869628906,9085600
2011-01-24,91.87000274658203,91.9000015258789,91.37999725341797,91.55999755859375,63.608924865722656,7700200
2011-01-25,91.94000244140625,92.9000015258789,91.31999969482422,92.43000030517578,64.21332550048828,13438100
2011-01-26,92.22000122070312,92.26000213623047,90.88999938964844,91.02999877929688,63.24070739746094,13322900
2011-01-27,91.06999969482422,91.6500015258789,90.66999816894531,91.44000244140625,63.525596618652344,10868700
2011-01-28,90.80999755859375,92.27999877929688,90.7699966430664,91.91999816894531,63.85902786254883,11993200
2011-01-31,91.66000366210938,91.9800033569336,91.05000305175781,91.22000122070312,63.37275314331055,8647600
2011-02-01,90.55000305175781,90.83999633789062,90.13999938964844,90.44999694824219,63.059017181396484,11508400
2011-02-02,90.9000015258789,91.0,89.9000015258789,90.47000122070312,63.07291030883789,13624600
2011-02-03,89.95999908447266,90.56999969482422,89.70999908447266,89.72000122070312,62.550048828125,12785800
2011-02-04,89.5,89.6500015258789,88.7699966430664,88.80999755859375,61.915626525878906,17172200
2011-02-07,88.69999694824219,89.30000305175781,88.56999969482422,89.2699966430664,62.236358642578125,8554800
2011-02-08,89.30999755859375,89.54000091552734,88.36000061035156,88.44999694824219,61.664642333984375,10454200
2011-02-09,88.69000244140625,89.66000366210938,88.13999938964844,89.22000122070312,62.20144271850586,13078600
2011-02-10,88.9000015258789,89.13999938964844,88.18000030517578,88.19000244140625,61.483333587646484,10486800
2011-02-11,89.02999877929688,89.52999877929688,88.73999786376953,89.45999908447266,62.368812561035156,11333400
2011-02-14,89.30999755859375,89.93000030517578,89.30999755859375,89.5199966430664,62.41064453125,8033500
2011-02-15,89.55999755859375,89.97000122070312,89.37000274658203,89.91999816894531,62.68946075439453,7298000
2011-02-16,89.87000274658203,90.31999969482422,89.33999633789062,89.62999725341797,62.48734664916992,8446300
2011-02-17,90.0199966430664,90.18000030517578,89.66000366210938,89.7699966430664,62.58489990234375,6732500
2011-02-18,89.41999816894531,89.55000305175781,89.08000183105469,89.48999786376953,62.389678955078125,6080700
2011-02-22,89.91000366210938,90.94000244140625,89.70999908447266,90.83000183105469,63.32393264770508,11905700
2011-02-23,91.0999984741211,91.55000305175781,90.73999786376953,91.16000366210938,63.55400085449219,14522600
2011-02-24,91.62999725341797,92.04000091552734,91.44000244140625,91.73999786376953,63.9583740234375,12110900
2011-02-25,91.73999786376953,92.27999877929688,91.63999938964844,92.27999877929688,64.33480072021484,6841700
2011-02-28,92.30000305175781,92.5199966430664,92.08000183105469,92.4000015258789,64.41854858398438,9682500
2011-03-01,91.5199966430664,92.4000015258789,91.47000122070312,92.37000274658203,64.60518646240234,8048700
2011-03-02,91.83999633789062,91.98999786376953,90.94000244140625,90.94999694824219,63.612083435058594,8526400
2011-03-03,90.52999877929688,90.77999877929688,89.9800033569336,90.05999755859375,62.989559173583984,10607600
2011-03-04,90.0999984741211,90.8499984741211,90.0,90.80999755859375,63.51414489746094,9316200
2011-03-07,90.0199966430664,90.86000061035156,89.8499984741211,90.2300033569336,63.1085205078125,7522300
2011-03-08,90.11000061035156,90.33999633789062,89.6500015258789,89.68000030517578,62.72378921508789,8498700
2011-03-09,90.08999633789062,90.81999969482422,89.8499984741211,90.55000305175781,63.33228302001953,8904800
2011-03-10,90.87000274658203,92.0999984741211,90.63999938964844,92.06999969482422,64.39537811279297,13385800
2011-03-11,92.04000091552734,92.08000183105469,91.33000183105469,91.55000305175781,64.03170776367188,8407600
2011-03-14,91.4800033569336,91.91999816894531,91.31999969482422,91.51000213623047,64.00373077392578,6765200
2011-03-15,92.80000305175781,93.05000305175781,92.36000061035156,92.87999725341797,64.96190643310547,14893800
2011-03-16,93.37000274658203,94.94000244140625,93.08000183105469,93.93000030517578,65.69633483886719,24294200
2011-03-17,93.23999786376953,93.61000061035156,92.76000213623047,93.20999908447266,65.19276428222656,10528500
2011-03-18,92.75,93.4800033569336,92.69000244140625,93.45999908447266,65.36759948730469,7260900
2011-03-21,93.12999725341797,93.18000030517578,92.56999969482422,92.91000366210938,64.98291015625,10542900
2011-03-22,92.80999755859375,93.29000091552734,92.73999786376953,93.22000122070312,65.19975280761719,6904700
2011-03-23,93.8499984741211,93.87999725341797,92.93000030517578,93.0999984741211,65.11579895019531,8358000
2011-03-24,92.76000213623047,92.87999725341797,92.38999938964844,92.4000015258789,64.62622833251953,9477600
2011-03-25,92.86000061035156,92.95999908447266,92.0199966430664,92.16999816894531,64.46537017822266,6447200
2011-03-28,92.12000274658203,92.66999816894531,92.0,92.30000305175781,64.5562973022461,3996800
2011-03-29,91.9800033569336,92.5,91.56999969482422,91.58999633789062,64.0596923828125,6487200
2011-03-30,91.72000122070312,92.31999969482422,91.55999755859375,92.31999969482422,64.57025146484375,5048300
2011-03-31,92.66999816894531,92.72000122070312,91.61000061035156,92.12999725341797,64.43737030029297,9654300
2011-04-01,91.5,92.2699966430664,91.41999816894531,92.19000244140625,64.75064849853516,7860400
2011-04-04,92.19999694824219,92.58000183105469,92.12999725341797,92.29000091552734,64.82091522216797,4469100
2011-04-05,92.16000366210938,92.37999725341797,91.66999816894531,91.91999816894531,64.56096649169922,9951600
2011-04-06,91.7699966430664,91.79000091552734,90.54000091552734,90.54000091552734,63.59172439575195,9090900
2011-04-07,90.52999877929688,90.76000213623047,90.12999725341797,90.36000061035156,63.465335845947266,9265100
2011-04-08,89.93000030517578,90.31999969482422,89.8499984741211,89.87999725341797,63.1281852722168,7605700
2011-04-11,89.83000183105469,90.22000122070312,89.6500015258789,89.95999908447266,63.184356689453125,5734000
2011-04-12,90.61000061035156,91.23999786376953,90.55999755859375,90.93000030517578,63.86567306518555,7686500
2011-04-13,90.54000091552734,91.5,90.44000244140625,91.5,64.2659912109375,7959300
2011-04-14,91.54000091552734,91.7699966430664,91.22000122070312,91.43000030517578,64.21681213378906,7609600
2011-04-15,92.26000213623047,92.70999908447266,92.06999969482422,92.66999816894531,65.0877685546875,10222900
2011-04-18,91.98999786376953,93.0999984741211,91.44999694824219,92.87999725341797,65.2352523803711,12036700
2011-04-19,92.86000061035156,93.27999877929688,92.76000213623047,93.27999877929688,65.51627349853516,5295100
2011-04-20,93.06999969482422,93.26000213623047,92.61000061035156,92.68000030517578,65.0948257446289,6754100
2011-04-21,92.88999938964844,93.2300033569336,92.55999755859375,92.5999984741211,65.0385971069336,3365600
2011-04-25,92.62999725341797,92.97000122070312,92.5,92.94999694824219,65.2844009399414,3626900
2011-04-26,93.2699966430664,93.87000274658203,93.18000030517578,93.8499984741211,65.91654205322266,7506300
2011-04-27,93.44000244140625,93.56999969482422,92.75,92.88999938964844,65.24227905273438,8869300
2011-04-28,93.22000122070312,93.5999984741211,92.97000122070312,93.5999984741211,65.74092102050781,8110200
2011-04-29,93.47000122070312,93.91999816894531,93.3499984741211,93.88999938964844,65.94464874267578,5900000
2011-05-02,93.31999969482422,93.68000030517578,93.16999816894531,93.63999938964844,66.05037689208984,5285100
2011-05-03,93.95999908447266,94.16999816894531,93.58000183105469,94.16999816894531,66.42427062988281,6486600
2011-05-04,94.30999755859375,94.72000122070312,94.2699966430664,94.58999633789062,66.72054290771484,7406300
2011-05-05,94.91999816894531,95.62999725341797,94.80999755859375,95.48999786376953,67.3553466796875,9600000
2011-05-06,94.51000213623047,95.48999786376953,94.3499984741211,95.06999969482422,67.05911254882812,9451500
2011-05-09,94.9000015258789,95.19999694824219,94.83999633789062,94.97000122070312,66.98857879638672,3731200
2011-05-10,94.69999694824219,94.88999938964844,94.29000091552734,94.29000091552734,66.50894165039062,5458300
2011-05-11,94.31999969482422,95.08999633789062,94.18000030517578,94.83000183105469,66.88986206054688,6078700
2011-05-12,94.94999694824219,95.11000061035156,93.91000366210938,94.2300033569336,66.46659088134766,8015800
2011-05-13,94.6500015258789,95.48999786376953,94.52999877929688,95.08000183105469,67.0661392211914,8380000
2011-05-16,95.02999877929688,95.79000091552734,94.76000213623047,95.61000061035156,67.43998718261719,6053600
2011-05-17,96.02999877929688,96.5999984741211,95.9800033569336,96.58999633789062,68.13126373291016,9826900
2011-05-18,96.2699966430664,96.38999938964844,95.27999877929688,95.30999755859375,67.2284164428711,7707600
2011-05-19,94.45999908447266,95.31999969482422,94.45999908447266,95.2699966430664,67.20015716552734,8052400
2011-05-20,95.0199966430664,95.41000366210938,94.72000122070312,95.31999969482422,67.23545837402344,5602300
2011-05-23,95.7300033569336,96.19000244140625,95.58999633789062,95.77999877929688,67.55994415283203,6300000
2011-05-24,95.63999938964844,96.13999938964844,95.45999908447266,96.13999938964844,67.81383514404297,5549100
2011-05-25,96.1500015258789,96.27999877929688,95.54000091552734,95.69000244140625,67.49642944335938,5664500
2011-05-26,95.97000122070312,96.55000305175781,95.88999938964844,96.51000213623047,68.07487487792969,8307900
2011-05-27,96.12999725341797,96.51000213623047,95.87999725341797,96.47000122070312,68.04660034179688,5390600
2011-05-31,96.18000030517578,96.76000213623047,96.08999633789062,96.69000244140625,68.20179748535156,7003900
2011-06-01,96.91999816894531,97.72000122070312,96.88999938964844,97.63999938964844,69.1235122680664,12746400
2011-06-02,96.48999786376953,96.91000366210938,95.77999877929688,95.77999877929688,67.80679321289062,15738700
2011-06-03,96.58000183105469,96.5999984741211,95.56999969482422,96.33000183105469,68.1961441040039,10644100
2011-06-06,95.47000122070312,95.98999786376953,95.20999908447266,95.5999984741211,67.67935180664062,8776900
2011-06-07,95.2300033569336,96.05999755859375,95.12000274658203,96.04000091552734,67.99081420898438,7399200
2011-06-08,96.26000213623047,96.83999633789062,96.16999816894531,96.79000091552734,68.52178955078125,7401800
2011-06-09,97.0999984741211,97.33000183105469,95.93000030517578,96.4000015258789,68.24568176269531,9963000
2011-06-10,96.91000366210938,97.38999938964844,96.80000305175781,97.13999938964844,68.76960754394531,7710800
2011-06-13,96.73999786376953,97.29000091552734,96.63999938964844,96.6500015258789,68.42271423339844,5540000
2011-06-14,95.73999786376953,95.9000015258789,95.12999725341797,95.19000244140625,67.38910675048828,8672400
2011-06-15,95.37999725341797,96.94000244140625,95.37000274658203,96.91999816894531,68.61382293701172,12979100
2011-06-16,97.0999984741211,97.52999877929688,96.80000305175781,97.36000061035156,68.92533111572266,10961200
2011-06-17,96.86000061035156,97.1500015258789,96.63999938964844,96.9000015258789,68.59967041015625,9622900
2011-06-20,97.33000183105469,97.36000061035156,96.58999633789062,97.0199966430664,68.68463897705078,6613800
2011-06-21,96.69999694824219,97.02999877929688,96.2699966430664,96.58999633789062,68.38018798828125,7894900
2011-06-22,96.95999908447266,97.05999755859375,96.41000366210938,96.6500015258789,68.42271423339844,5503700
2011-06-23,97.23999786376953,97.73999786376953,97.1500015258789,97.38999938964844,68.94657135009766,8586800
2011-06-24,97.36000061035156,97.69000244140625,96.9800033569336,96.9800033569336,68.65628814697266,7960900
2011-06-27,96.8499984741211,96.87000274658203,95.55000305175781,95.6500015258789,67.71478271484375,9331300
2011-06-28,95.4800033569336,95.68000030517578,94.72000122070312,94.87999725341797,67.16958618164062,12634300
2011-06-29,94.94999694824219,95.19999694824219,94.0199966430664,94.25,66.72362518310547,11084900
2011-06-30,94.2300033569336,94.30999755859375,93.13999938964844,94.0999984741211,66.61744689941406,11555600
2011-07-01,94.12999725341797,94.2300033569336,93.36000061035156,93.62999725341797,66.51090240478516,6637200
2011-07-05,94.04000091552734,94.16999816894531,93.69000244140625,93.83999633789062,66.66006469726562,4615600
2011-07-06,94.19000244140625,94.44999694824219,93.83999633789062,94.31999969482422,67.00104522705078,5652700
2011-07-07,93.83000183105469,94.13999938964844,93.55000305175781,94.04000091552734,66.8021469116211,6823700
2011-07-08,94.83999633789062,95.61000061035156,94.83000183105469,95.37000274658203,67.74687957763672,12129300
2011-07-11,96.04000091552734,96.80000305175781,95.75,96.80000305175781,68.7627182006836,9760800
2011-07-12,97.30000305175781,97.30999755859375,96.55999755859375,97.12999725341797,68.9970932006836,9083900
2011-07-13,96.70999908447266,97.43000030517578,96.11000061035156,97.4000015258789,69.18892669677734,13112200
2011-07-14,96.62000274658203,97.9000015258789,96.01000213623047,96.01000213623047,68.2015151977539,11471500
2011-07-15,95.29000091552734,96.19999694824219,95.23999786376953,96.16999816894531,68.315185546875,7086200
2011-07-18,96.05999755859375,96.16999816894531,95.19999694824219,95.23999786376953,67.65452575683594,8206500
2011-07-19,95.31999969482422,97.2699966430664,95.16999816894531,97.22000122070312,69.06107330322266,15249400
2011-07-20,96.72000122070312,96.83999633789062,95.87000274658203,96.06999969482422,68.2441635131836,9673300
2011-07-21,95.23999786376953,95.86000061035156,94.9000015258789,95.33000183105469,67.71847534179688,11099200
2011-07-22,95.69000244140625,96.08999633789062,95.52999877929688,96.05000305175781,68.22996520996094,4974500
2011-07-25,94.97000122070312,96.05000305175781,94.83000183105469,95.0,67.48407745361328,10869400
2011-07-26,95.30000305175781,95.87000274658203,95.23999786376953,95.6500015258789,67.94583892822266,7682800
2011-07-27,95.33999633789062,95.83999633789062,95.0999984741211,95.66000366210938,67.95291137695312,11224200
2011-07-28,96.11000061035156,96.30999755859375,95.70999908447266,96.0199966430664,68.2086181640625,7081600
2011-07-29,96.88999938964844,98.52999877929688,96.77999877929688,97.91999816894531,69.55833435058594,19582400
2011-08-01,97.38999938964844,98.94000244140625,97.3499984741211,98.58000183105469,70.26032257080078,14348200
2011-08-02,99.22000122070312,101.56999969482422,98.88999938964844,101.54000091552734,72.37002563476562,20850600
2011-08-03,101.56999969482422,103.41999816894531,101.36000061035156,101.73999786376953,72.51256561279297,21179700
2011-08-04,102.37999725341797,105.55000305175781,102.2699966430664,105.36000061035156,75.09262084960938,34076600
2011-08-05,103.44000244140625,105.5,102.27999877929688,102.31999969482422,72.92593383789062,41677700
2011-08-08,103.18000030517578,105.79000091552734,102.94999694824219,105.55000305175781,75.2280044555664,38259500
2011-08-09,105.01000213623047,109.37000274658203,103.0,105.87000274658203,75.45610809326172,39881400
2011-08-10,107.62999725341797,109.06999969482422,106.94000244140625,109.0199966430664,77.7011489868164,46221000
2011-08-11,107.33999633789062,107.80999755859375,103.19999694824219,103.5199966430664,73.78119659423828,37790100
2011-08-12,104.44000244140625,105.66000366210938,104.06999969482422,105.56999969482422,75.24222564697266,15590800
2011-08-15,104.94000244140625,105.4800033569336,104.47000122070312,104.5,74.47966003417969,10051700
2011-08-16,104.66000366210938,106.63999938964844,104.62999725341797,106.2300033569336,75.71268463134766,15993200
2011-08-17,106.31999969482422,108.0999984741211,105.7699966430664,108.08999633789062,77.0383529663086,15906600
2011-08-18,110.08999633789062,112.13999938964844,109.27999877929688,110.30999755859375,78.62060546875,27274600
2011-08-19,110.6500015258789,111.41000366210938,110.2300033569336,111.19999694824219,79.25492095947266,15708400
2011-08-22,110.45999908447266,111.26000213623047,110.38999938964844,110.91999816894531,79.05532836914062,13157700
2011-08-23,109.76000213623047,111.16999816894531,109.3499984741211,109.38999938964844,77.96488952636719,16017800
2011-08-24,109.29000091552734,109.41000366210938,106.1500015258789,106.27999877929688,75.74832916259766,14621600
2011-08-25,106.69000244140625,107.9000015258789,106.36000061035156,107.43000030517578,76.56797790527344,10565900
2011-08-26,108.69000244140625,109.2699966430664,107.33000183105469,108.48999786376953,77.3234634399414,11504800
2011-08-29,106.69999694824219,107.4000015258789,106.5999984741211,106.98999786376953,76.25436401367188,6764300
2011-08-30,108.43000030517578,109.1500015258789,108.25,108.70999908447266,77.480224609375,9508700
2011-08-31,108.80999755859375,108.95999908447266,107.02999877929688,107.02999877929688,76.28287506103516,12186000
2011-09-01,107.47000122070312,108.9800033569336,106.08000183105469,108.97000122070312,77.89991760253906,10686600
2011-09-02,111.38999938964844,112.58000183105469,110.66000366210938,112.51000213623047,80.43058013916016,16557100
2011-09-06,114.41999816894531,114.93000030517578,113.38999938964844,113.68000030517578,81.26697540283203,14016200
2011-09-07,112.27999877929688,112.37000274658203,111.30999755859375,111.51000213623047,79.71569061279297,11524300
2011-09-08,112.30000305175781,112.62999725341797,111.33999633789062,112.51000213623047,80.43058013916016,11480900
2011-09-09,112.54000091552734,114.18000030517578,112.20999908447266,113.70999908447266,81.28843688964844,11492700
2011-09-12,113.56999969482422,114.25,113.0999984741211,113.83000183105469,81.37418365478516,7602200
2011-09-13,113.4000015258789,113.58999633789062,112.11000061035156,112.20999908447266,80.21611022949219,9282400
2011-09-14,111.97000122070312,113.3499984741211,111.81999969482422,113.16000366210938,80.89525604248047,11948500
2011-09-15,111.9800033569336,112.48999786376953,111.43000030517578,111.43000030517578,79.65849304199219,8884000
2011-09-16,111.30999755859375,112.58999633789062,111.25,112.23999786376953,80.23754119873047,10053500
2011-09-19,114.19999694824219,115.19000244140625,114.12000274658203,114.37999725341797,81.7673568725586,13033500
2011-09-20,114.37000274658203,114.87000274658203,114.05000305175781,114.86000061035156,82.1104965209961,6360600
2011-09-21,114.62999725341797,118.79000091552734,114.19999694824219,118.66000366210938,84.82708740234375,18687100
2011-09-22,121.41000366210938,123.87000274658203,121.2300033569336,123.12000274658203,88.0154037475586,25041400
2011-09-23,123.12000274658203,123.36000061035156,120.83000183105469,120.83000183105469,86.37837219238281,15173800
2011-09-26,120.12000274658203,120.56999969482422,118.58000183105469,118.88999938964844,84.991455078125,15110100
2011-09-27,116.75,117.30000305175781,116.26000213623047,117.06999969482422,83.69039154052734,13589600
2011-09-28,116.9000015258789,117.11000061035156,115.76000213623047,117.02999877929688,83.66181182861328,12642600
2011-09-29,117.61000061035156,118.81999969482422,117.08999633789062,117.83999633789062,84.2408218383789,12341800
2011-09-30,120.0199966430664,120.91000366210938,118.98999786376953,120.80000305175781,86.35688781738281,13546400
2011-10-03,121.87999725341797,123.80999755859375,121.11000061035156,123.80999755859375,88.73341369628906,15882000
2011-10-04,124.37000274658203,125.02999877929688,122.18000030517578,122.23999786376953,87.60821533203125,17301400
2011-10-05,121.66000366210938,121.77999877929688,120.66000366210938,121.36000061035156,86.9775390625,14275000
2011-10-06,120.63999938964844,121.01000213623047,119.12000274658203,119.12000274658203,85.37213897705078,9681600
2011-10-07,117.75,119.05000305175781,116.8499984741211,118.23999786376953,84.7414779663086,11564600
2011-10-10,116.81999969482422,116.91000366210938,115.80000305175781,116.56999969482422,83.54460144042969,3567600
2011-10-11,117.29000091552734,117.36000061035156,115.9000015258789,116.18000030517578,83.26509857177734,7520200
2011-10-12,114.69999694824219,115.12000274658203,113.4800033569336,114.48999786376953,82.05390167236328,14033400
2011-10-13,115.02999877929688,116.55000305175781,114.95999908447266,115.62999725341797,82.87092590332031,11263300
2011-10-14,113.87999725341797,114.61000061035156,113.61000061035156,113.94999694824219,81.6668472290039,8411000
2011-10-17,114.30000305175781,115.97000122070312,114.22000122070312,115.91999816894531,83.0787582397461,9664000
2011-10-18,116.13999938964844,116.81999969482422,114.30000305175781,115.19999694824219,82.56273651123047,12495600
2011-10-19,114.54000091552734,115.73999786376953,114.16000366210938,115.16000366210938,82.53402709960938,6629300
2011-10-20,114.45999908447266,115.66999816894531,114.06999969482422,114.33999633789062,81.94637298583984,7832100
2011-10-21,113.86000061035156,114.19999694824219,113.12999725341797,113.12999725341797,81.07920837402344,9906300
2011-10-24,113.93000030517578,114.08000183105469,113.05000305175781,113.31999969482422,81.2153091430664,6344500
2011-10-25,113.37999725341797,116.3499984741211,113.3499984741211,116.19999694824219,83.2793960571289,11791200
2011-10-26,115.38999938964844,116.20999908447266,114.06999969482422,114.16999816894531,81.82453918457031,12747000
2011-10-27,112.5199966430664,112.8499984741211,109.81999969482422,110.30000305175781,79.05093383789062,19471400
2011-10-28,110.9000015258789,111.95999908447266,110.76000213623047,111.45999908447266,79.88227081298828,10127900
2011-10-31,113.61000061035156,115.87999725341797,113.45999908447266,115.87999725341797,83.05005645751953,15242100
2011-11-01,118.70999908447266,119.48999786376953,117.16999816894531,119.44999694824219,85.83014678955078,24400600
2011-11-02,116.62999725341797,118.36000061035156,116.41999816894531,117.95999908447266,84.75950622558594,13181100
2011-11-03,116.33999633789062,117.3499984741211,115.98999786376953,116.33999633789062,83.59547424316406,8386700
2011-11-04,115.72000122070312,117.05000305175781,115.52999877929688,116.4800033569336,83.69603729248047,7583700
2011-11-07,116.63999938964844,118.3499984741211,116.31999969482422,117.22000122070312,84.22779083251953,9279700
2011-11-08,116.75,117.54000091552734,115.5,115.72000122070312,83.14994812011719,7539400
2011-11-09,118.26000213623047,119.12999725341797,117.06999969482422,118.12000274658203,84.87448120117188,13004500
2011-11-10,116.77999877929688,117.61000061035156,115.20999908447266,116.36000061035156,83.6098403930664,11644600
2011-11-11,115.83000183105469,116.16999816894531,115.5,115.6500015258789,83.09966278076172,2483900
2011-11-14,116.38999938964844,117.5999984741211,116.20999908447266,117.51000213623047,84.43612670898438,9252600
2011-11-15,117.69999694824219,118.45999908447266,116.72000122070312,117.3499984741211,84.32117462158203,7587500
2011-11-16,117.95999908447266,118.43000030517578,117.18000030517578,118.41999816894531,85.09002685546875,7470000
2011-11-17,118.04000091552734,120.16000366210938,118.04000091552734,119.37000274658203,85.77266693115234,9907900
2011-11-18,119.18000030517578,119.55000305175781,118.31999969482422,119.33999633789062,85.75109100341797,6792600
2011-11-21,120.37999725341797,120.7300033569336,119.91000366210938,120.05000305175781,86.26126098632812,7345600
2011-11-22,120.3499984741211,121.41000366210938,119.8499984741211,121.38999938964844,87.22413635253906,7866300
2011-11-23,121.16000366210938,123.05000305175781,121.02999877929688,122.58000183105469,88.07914733886719,10129300
2011-11-25,121.80000305175781,121.87000274658203,120.73999786376953,120.80000305175781,86.8001937866211,4311900
2011-11-28,118.62999725341797,121.1500015258789,118.58000183105469,120.73999786376953,86.7570571899414,7661900
2011-11-29,120.02999877929688,120.91999816894531,119.08000183105469,119.75,86.04570770263672,8952800
2011-11-30,118.33999633789062,118.55999755859375,117.26000213623047,117.87999725341797,84.70198059082031,11806800
2011-12-01,116.29000091552734,117.23999786376953,115.80000305175781,117.0,84.27703094482422,9647200
2011-12-02,116.62000274658203,118.68000030517578,116.55999755859375,118.63999938964844,85.45833587646484,7764900
2011-12-05,117.0,118.83000183105469,116.87999725341797,118.4000015258789,85.28547668457031,7862800
2011-12-06,117.80999755859375,118.29000091552734,116.7699966430664,117.2699966430664,84.47151184082031,8506300
2011-12-07,117.33000183105469,118.23999786376953,116.8499984741211,117.69000244140625,84.7740249633789,6588300
2011-12-08,117.72000122070312,119.33000183105469,117.41000366210938,119.16000366210938,85.83287811279297,8800500
2011-12-09,119.06999969482422,119.12999725341797,116.62999725341797,116.70999908447266,84.06819915771484,9855100
2011-12-12,117.91000366210938,118.48999786376953,117.61000061035156,118.01000213623047,85.00452423095703,5734600
2011-12-13,117.27999877929688,119.62999725341797,117.16000366210938,119.11000061035156,85.79694366455078,8901800
2011-12-14,119.79000091552734,121.38999938964844,119.48999786376953,121.36000061035156,87.41757202148438,11247700
2011-12-15,120.66000366210938,121.31999969482422,120.37000274658203,120.91000366210938,87.09345245361328,5438700
2011-12-16,121.37999725341797,122.62000274658203,121.29000091552734,122.31999969482422,88.10907745361328,9321900
2011-12-19,122.31999969482422,124.0199966430664,122.26000213623047,123.87000274658203,89.22562408447266,7845100
2011-12-20,122.66000366210938,122.66999816894531,120.61000061035156,120.77999877929688,86.99981689453125,13945400
2011-12-21,120.62999725341797,120.83000183105469,119.06999969482422,119.0999984741211,85.78968048095703,11600100
2011-12-22,120.0,120.41999816894531,119.3499984741211,119.5999984741211,86.14983367919922,5247400
2011-12-23,118.55999755859375,118.70999908447266,117.73999786376953,118.2699966430664,85.19180297851562,5409700
2011-12-27,117.94000244140625,118.44999694824219,117.62000274658203,118.44999694824219,85.59651184082031,4270300
2011-12-28,118.73999786376953,121.05000305175781,118.44999694824219,120.63999938964844,87.1790542602539,8302300
2011-12-29,120.4800033569336,121.08999633789062,120.05999755859375,120.86000061035156,87.33806610107422,4305000
2011-12-30,121.11000061035156,121.76000213623047,120.88999938964844,121.25,87.61988830566406,5948800
2012-01-03,119.41999816894531,120.19999694824219,118.93000030517578,119.43000030517578,86.3047103881836,9076900
2012-01-04,119.26000213623047,119.27999877929688,117.68000030517578,118.01000213623047,85.2785415649414,8417100
2012-01-05,118.16999816894531,119.0999984741211,117.56999969482422,117.80000305175781,85.12674713134766,6465800
2012-01-06,117.75,118.95999908447266,117.70999908447266,118.7300033569336,85.79887390136719,7348500
2012-01-09,118.47000122070312,119.54000091552734,118.30000305175781,118.5199966430664,85.64704895019531,5582400
2012-01-10,117.7300033569336,118.87000274658203,117.68000030517578,118.31999969482422,85.5025863647461,8932500
2012-01-11,119.04000091552734,120.05999755859375,118.9800033569336,119.86000061035156,86.61544799804688,8634500
2012-01-12,119.94999694824219,120.19000244140625,119.23999786376953,119.69000244140625,86.49260711669922,7205400
2012-01-13,121.0999984741211,121.63999938964844,120.80999755859375,120.87999725341797,87.35250091552734,9819000
2012-01-17,120.94999694824219,121.62999725341797,120.83000183105469,121.44000244140625,87.75718688964844,5449900
2012-01-18,121.52999877929688,121.61000061035156,119.91000366210938,119.97000122070312,86.69491577148438,5804000
2012-01-19,119.33000183105469,119.55999755859375,117.91999816894531,118.31999969482422,85.5025863647461,8625700
2012-01-20,117.70999908447266,117.95999908447266,116.97000122070312,116.9800033569336,84.5342788696289,6548200
2012-01-23,116.12999725341797,116.63999938964844,115.55000305175781,116.23999786376953,83.99948120117188,7274800
2012-01-24,116.70999908447266,116.70999908447266,115.77999877929688,116.44999694824219,84.15120697021484,5776500
2012-01-25,116.05999755859375,118.52999877929688,115.88999938964844,116.16999816894531,83.94889831542969,12867600
2012-01-26,116.6500015258789,117.70999908447266,116.58999633789062,117.70999908447266,85.061767578125,7638500
2012-01-27,117.83000183105469,118.33000183105469,117.01000213623047,118.08000183105469,85.32909393310547,5165300
2012-01-30,119.83999633789062,120.38999938964844,119.33999633789062,119.47000122070312,86.33357238769531,8388400
2012-01-31,119.26000213623047,120.91000366210938,119.19000244140625,120.8499984741211,87.3308334350586,7998300
2012-02-01,119.75,119.9000015258789,118.80999755859375,119.18000030517578,86.33048248291016,7925200
2012-02-02,118.95999908447266,119.4800033569336,118.63999938964844,119.12999725341797,86.29425811767578,5596900
2012-02-03,116.45999908447266,116.80000305175781,115.97000122070312,116.56999969482422,84.43989562988281,12467400
2012-02-06,116.69000244140625,117.80000305175781,116.33999633789062,117.7300033569336,85.28018188476562,6180600
2012-02-07,116.62000274658203,116.87999725341797,115.7699966430664,116.2699966430664,84.2225112915039,8794800
2012-02-08,116.19999694824219,116.79000091552734,115.9800033569336,116.36000061035156,84.28773498535156,7613400
2012-02-09,115.86000061035156,116.04000091552734,114.62000274658203,115.48999786376953,83.65756225585938,11477700
2012-02-10,116.80000305175781,117.33000183105469,116.5199966430664,116.98999786376953,84.744140625,7193100
2012-02-13,116.5999984741211,117.37000274658203,116.43000030517578,117.13999938964844,84.85277557373047,6422900
2012-02-14,117.44000244140625,118.27999877929688,117.2300033569336,117.76000213623047,85.30186462402344,8271200
2012-02-15,117.66000366210938,118.2699966430664,117.48999786376953,117.55000305175781,85.14974212646484,6846100
2012-02-16,117.2699966430664,117.5999984741211,116.12999725341797,116.61000061035156,84.46881103515625,9036200
2012-02-17,115.86000061035156,116.61000061035156,115.76000213623047,116.58000183105469,84.44712829589844,6338000
2012-02-21,115.7699966430664,115.91999816894531,114.94999694824219,115.29000091552734,83.51265716552734,8338300
2012-02-22,115.88999938964844,116.76000213623047,115.80999755859375,116.73999786376953,84.56304931640625,7736800
2012-02-23,116.13999938964844,117.22000122070312,115.93000030517578,116.73999786376953,84.56304931640625,5163900
2012-02-24,117.2300033569336,117.58000183105469,116.94999694824219,117.5,85.1135482788086,5676900
2012-02-27,118.5,118.8499984741211,118.12000274658203,118.54000091552734,85.86691284179688,8180700
2012-02-28,118.87000274658203,119.13999938964844,117.94000244140625,118.1500015258789,85.58444213867188,6615700
2012-02-29,118.37000274658203,118.41999816894531,116.95999908447266,117.43000030517578,85.0628433227539,14235000
2012-03-01,116.16999816894531,116.68000030517578,115.54000091552734,116.05999755859375,84.26200866699219,12265600
2012-03-02,116.5999984741211,117.4800033569336,116.55000305175781,117.1500015258789,85.05338287353516,6669600
2012-03-05,116.95999908447266,117.44000244140625,116.22000122070312,116.22000122070312,84.378173828125,6921900
2012-03-06,117.44999694824219,118.11000061035156,117.44000244140625,117.62999725341797,85.40184783935547,6299700
2012-03-07,117.45999908447266,117.61000061035156,116.80999755859375,116.91000366210938,84.8791732788086,5567500
2012-03-08,116.31999969482422,116.56999969482422,115.63999938964844,115.73999786376953,84.02972412109375,7982100
2012-03-09,115.48999786376953,115.98999786376953,114.9000015258789,115.97000122070312,84.19667053222656,6975600
2012-03-12,116.31999969482422,116.5199966430664,115.87000274658203,115.94999694824219,84.18211364746094,5280000
2012-03-13,115.2699966430664,115.41000366210938,113.88999938964844,113.91000366210938,82.70108032226562,14413600
2012-03-14,112.69999694824219,112.75,110.94999694824219,111.04000091552734,80.6174545288086,24515300
2012-03-15,110.9000015258789,111.73999786376953,110.87999725341797,111.20999908447266,80.74083709716797,14154000
2012-03-16,110.5,111.44000244140625,110.19999694824219,111.43000030517578,80.90052795410156,13427200
2012-03-19,111.36000061035156,111.4800033569336,109.69000244140625,110.0999984741211,79.93490600585938,14011400
2012-03-20,110.43000030517578,110.87000274658203,109.8499984741211,110.54000091552734,80.25439453125,9443800
2012-03-21,110.86000061035156,111.88999938964844,110.80999755859375,111.79000091552734,81.16191101074219,10242000
2012-03-22,112.29000091552734,112.37000274658203,111.87000274658203,112.1500015258789,81.42327880859375,8009800
2012-03-23,112.69000244140625,113.38999938964844,112.66000366210938,113.20999908447266,82.19282531738281,8465300
2012-03-26,112.83000183105469,113.01000213623047,111.80000305175781,112.62999725341797,81.77178955078125,8118600
2012-03-27,112.77999877929688,113.69999694824219,112.69999694824219,113.44000244140625,82.35987854003906,6972300
2012-03-28,112.91999816894531,113.94000244140625,112.8499984741211,113.27999877929688,82.24371337890625,7886000
2012-03-29,114.0199966430664,114.19000244140625,113.58000183105469,114.12999725341797,82.86077880859375,7692900
2012-03-30,114.20999908447266,114.2699966430664,112.19000244140625,112.19999694824219,81.45955657958984,9467500
2012-04-02,113.0,113.30000305175781,112.19999694824219,112.52999877929688,81.910888671875,8944000
2012-04-03,113.01000213623047,113.44000244140625,110.56999969482422,110.58000183105469,80.4914779663086,14774300
2012-04-04,111.7699966430664,112.12000274658203,111.41000366210938,112.0999984741211,81.59791564941406,10095600
2012-04-05,113.0,113.06999969482422,112.33000183105469,112.91000366210938,82.18749237060547,6364100
2012-04-09,115.54000091552734,115.7699966430664,115.23999786376953,115.55000305175781,84.109130859375,14374600
2012-04-10,115.94999694824219,117.29000091552734,115.77999877929688,116.86000061035156,85.06268310546875,14421300
2012-04-11,115.70999908447266,116.05999755859375,115.3499984741211,115.45999908447266,84.04364013671875,8713000
2012-04-12,115.66999816894531,115.75,114.81999969482422,114.9800033569336,83.69426727294922,9008500
2012-04-13,116.1500015258789,116.9000015258789,116.12000274658203,116.83999633789062,85.0481185913086,8607700
2012-04-16,116.69999694824219,117.5999984741211,116.56999969482422,116.66999816894531,84.92440032958984,7735000
2012-04-17,116.52999877929688,116.83000183105469,116.25,116.5999984741211,84.87344360351562,5398600
2012-04-18,117.05000305175781,117.12000274658203,116.7300033569336,116.94000244140625,85.12096405029297,4074400
2012-04-19,117.25,117.47000122070312,117.0199966430664,117.05000305175781,85.20096588134766,5374300
2012-04-20,116.55999755859375,117.12999725341797,116.33000183105469,117.06999969482422,85.21559143066406,5043300
2012-04-23,118.11000061035156,118.41000366210938,117.79000091552734,117.91999816894531,85.83426666259766,5170100
2012-04-24,117.61000061035156,117.76000213623047,117.08000183105469,117.08999633789062,85.23014068603516,4336600
2012-04-25,116.41000366210938,117.31999969482422,115.69000244140625,116.48999786376953,84.79334259033203,8859500
2012-04-26,117.41999816894531,117.45999908447266,116.58999633789062,117.19000244140625,85.30294036865234,5133000
2012-04-27,117.0199966430664,117.36000061035156,116.79000091552734,117.29000091552734,85.37569427490234,3112900
2012-04-30,117.56999969482422,117.75,117.19000244140625,117.31999969482422,85.39753723144531,4198400
2012-05-01,117.43000030517578,117.62000274658203,116.06999969482422,116.43000030517578,84.95466613769531,7214300
2012-05-02,117.22000122070312,117.31999969482422,116.80000305175781,117.25,85.55294799804688,3565700
2012-05-03,116.63999938964844,117.37000274658203,116.55999755859375,117.22000122070312,85.53108215332031,3522900
2012-05-04,117.4800033569336,118.19000244140625,117.4000015258789,118.13999938964844,86.2023696899414,6367300
2012-05-07,118.31999969482422,118.45999908447266,118.0199966430664,118.16000366210938,86.21698760986328,3228200
2012-05-08,118.69000244140625,119.51000213623047,118.66000366210938,118.79000091552734,86.67662048339844,6051600
2012-05-09,119.44999694824219,119.56999969482422,118.44000244140625,118.87000274658203,86.73504638671875,5828900
2012-05-10,118.0199966430664,118.62000274658203,117.44000244140625,118.5199966430664,86.4795913696289,6300000
2012-05-11,119.48999786376953,119.5999984741211,118.95999908447266,119.5,87.1947250366211,5234300
2012-05-14,120.87000274658203,121.30000305175781,120.5999984741211,121.16999816894531,88.41323852539062,8789400
2012-05-15,121.08999633789062,121.7300033569336,120.81999969482422,121.66000366210938,88.77079010009766,6766400
2012-05-16,120.9800033569336,122.18000030517578,120.72000122070312,122.01000213623047,89.02617645263672,6462300
2012-05-17,122.02999877929688,124.27999877929688,122.0199966430664,124.16999816894531,90.60221862792969,14863400
2012-05-18,123.2699966430664,124.44000244140625,123.11000061035156,124.19999694824219,90.62409973144531,10137700
2012-05-21,123.9000015258789,124.44999694824219,123.62000274658203,123.94000244140625,90.43438720703125,9583500
2012-05-22,122.75,122.87999725341797,122.05999755859375,122.55999755859375,89.42744445800781,12475500
2012-05-23,123.55000305175781,124.5199966430664,123.36000061035156,123.41000366210938,90.04769134521484,11744900
2012-05-24,123.2300033569336,123.79000091552734,122.75,122.94000244140625,89.7047348022461,10256200
2012-05-25,123.43000030517578,123.54000091552734,123.13999938964844,123.4000015258789,90.0403823852539,4723600
2012-05-29,123.38999938964844,123.80999755859375,123.0,123.0199966430664,89.76309204101562,5874100
2012-05-30,125.31999969482422,126.31999969482422,125.30000305175781,126.13999938964844,92.03964233398438,17170800
2012-05-31,127.02999877929688,129.0800018310547,126.66999816894531,127.5999984741211,93.10498046875,31174500
2012-06-01,128.8699951171875,130.3800048828125,128.52999877929688,130.36000061035156,95.31526184082031,23526000
2012-06-04,129.30999755859375,130.17999267578125,128.94000244140625,129.3300018310547,94.56221008300781,11681200
2012-06-05,128.52999877929688,128.63999938964844,127.58999633789062,127.5999984741211,93.29727935791016,12482800
2012-06-06,127.55999755859375,127.5999984741211,125.05000305175781,125.05000305175781,91.43277740478516,20806700
2012-06-07,124.6500015258789,125.73999786376953,124.38999938964844,125.23999786376953,91.57172393798828,18898200
2012-06-08,126.75,126.94999694824219,124.56999969482422,125.20999908447266,91.54973602294922,11239600
2012-06-11,124.79000091552734,126.20999908447266,124.7699966430664,125.77999877929688,91.9665298461914,10693800
2012-06-12,124.97000122070312,125.62999725341797,124.5,124.62999725341797,91.125732421875,10921700
2012-06-13,124.8499984741211,126.27999877929688,124.37999725341797,125.86000061035156,92.02503967285156,11100000
2012-06-14,125.94999694824219,126.27999877929688,125.19000244140625,125.69999694824219,91.90803527832031,7688200
2012-06-15,126.58000183105469,126.8499984741211,126.13999938964844,126.4000015258789,92.41987609863281,6421400
2012-06-18,127.1500015258789,127.33999633789062,126.26000213623047,127.08000183105469,92.91706848144531,6698400
2012-06-19,126.27999877929688,126.37000274658203,125.33000183105469,125.41999816894531,91.70330810546875,8227900
2012-06-20,124.56999969482422,126.51000213623047,124.08999633789062,126.04000091552734,92.1566162109375,13720300
2012-06-21,125.94999694824219,127.25,125.88999938964844,126.70999908447266,92.6465072631836,9776600
2012-06-22,125.9000015258789,126.22000122070312,125.01000213623047,125.0199966430664,91.41088104248047,7830400
2012-06-25,126.36000061035156,127.0199966430664,126.2699966430664,126.83999633789062,92.74156951904297,6113800
2012-06-26,126.11000061035156,126.94999694824219,125.94000244140625,126.33999633789062,92.37599182128906,5359700
2012-06-27,126.55999755859375,126.79000091552734,126.02999877929688,126.54000091552734,92.52223205566406,5860700
2012-06-28,127.30000305175781,127.4800033569336,126.79000091552734,126.8499984741211,92.74889373779297,5257800
2012-06-29,125.02999877929688,125.62999725341797,124.62999725341797,125.19999694824219,91.54241180419922,8881900
2012-07-02,125.44999694824219,127.20999908447266,125.37000274658203,126.22000122070312,92.4869613647461,7818500
2012-07-03,125.94999694824219,126.0,125.20999908447266,125.25,91.77618408203125,5773100
2012-07-05,125.3499984741211,126.31999969482422,125.25,125.88999938964844,92.24514770507812,5974700
2012-07-06,126.66999816894531,127.20999908447266,126.61000061035156,127.05999755859375,93.10249328613281,5818300
2012-07-09,127.37999725341797,128.25999450683594,127.11000061035156,128.17999267578125,93.92315673828125,5647000
2012-07-10,127.86000061035156,128.74000549316406,127.72000122070312,128.44000244140625,94.11368560791016,4288000
2012-07-11,128.58999633789062,129.47000122070312,128.25999450683594,128.60000610351562,94.23091125488281,5960900
2012-07-12,129.0500030517578,129.55999755859375,128.89999389648438,129.50999450683594,94.89768981933594,6421000
2012-07-13,129.22999572753906,129.24000549316406,128.60000610351562,129.1699981689453,94.64856719970703,4175300
2012-07-16,130.3000030517578,130.61000061035156,129.61000061035156,129.77000427246094,95.08821105957031,5283500
2012-07-17,129.25999450683594,129.82000732421875,128.63999938964844,128.75,94.3407974243164,5590900
2012-07-18,129.25999450683594,129.33999633789062,128.7899932861328,128.82000732421875,94.39212036132812,4011000
2012-07-19,128.4600067138672,129.10000610351562,128.11000061035156,128.49000549316406,94.15026092529297,5246300
2012-07-20,129.60000610351562,130.3000030517578,129.4199981689453,130.05999755859375,95.3006820678711,6365900
2012-07-23,131.30999755859375,131.44000244140625,130.50999450683594,130.7899932861328,95.83560943603516,6141100
2012-07-24,130.35000610351562,132.0399932861328,130.27999877929688,131.82000732421875,96.59027862548828,6748800
2012-07-25,131.6300048828125,132.2100067138672,131.47999572753906,132.16000366210938,96.83948516845703,5328000
2012-07-26,131.52999877929688,131.77999877929688,130.89999389648438,130.9499969482422,95.95282745361328,6606200
2012-07-27,129.88999938964844,130.00999450683594,126.95999908447266,128.47999572753906,94.14299011230469,14685100
2012-07-30,128.38999938964844,129.47999572753906,128.25,129.44000244140625,94.8464126586914,6025300
2012-07-31,129.80999755859375,129.8800048828125,128.5800018310547,129.6999969482422,95.03691864013672,7448600
2012-08-01,128.52999877929688,129.74000549316406,128.14999389648438,128.77999877929688,94.56184387207031,7972000
2012-08-02,129.58999633789062,130.69000244140625,129.1300048828125,129.50999450683594,95.09783935546875,7972000
2012-08-03,127.83999633789062,128.02999877929688,126.7699966430664,127.41999816894531,93.56320190429688,9084800
2012-08-06,127.66999816894531,128.13999938964844,127.37000274658203,127.47000122070312,93.59992980957031,3673600
2012-08-07,125.95999908447266,126.12999725341797,125.43000030517578,125.83000183105469,92.39567565917969,6613600
2012-08-08,126.16000366210938,126.38999938964844,125.04000091552734,125.16000366210938,91.90371704101562,7250700
2012-08-09,124.7699966430664,125.30000305175781,123.75,125.06999969482422,91.83760833740234,7553500
2012-08-10,126.19999694824219,126.31999969482422,125.5999984741211,125.69999694824219,92.3001937866211,4670500
2012-08-13,126.11000061035156,126.37999725341797,125.48999786376953,125.48999786376953,92.1460189819336,3543700
2012-08-14,123.95999908447266,124.41000366210938,123.75,123.79000091552734,90.89773559570312,7994000
2012-08-15,123.0199966430664,123.19999694824219,121.9000015258789,122.05000305175781,89.62006378173828,11191000
2012-08-16,122.20999908447266,122.5,120.5199966430664,121.01000213623047,88.85640716552734,13240000
2012-08-17,121.4000015258789,122.12000274658203,121.31999969482422,121.5999984741211,89.28963470458984,6341100
2012-08-20,121.55000305175781,122.19000244140625,121.5,121.8499984741211,89.47314453125,4427100
2012-08-21,121.47000122070312,122.44999694824219,120.66000366210938,122.38999938964844,89.86971282958984,9532700
2012-08-22,123.5199966430664,124.51000213623047,123.20999908447266,124.41000366210938,91.3530044555664,11384400
2012-08-23,124.73999786376953,125.13999938964844,124.6500015258789,124.93000030517578,91.73482513427734,7139100
2012-08-24,125.47000122070312,125.55999755859375,124.66999816894531,124.80999755859375,91.64671325683594,5001400
2012-08-27,125.33999633789062,125.80000305175781,125.2699966430664,125.54000091552734,92.1827392578125,3906100
2012-08-28,125.75,126.36000061035156,125.58999633789062,125.83999633789062,92.40298461914062,3412600
2012-08-29,125.61000061035156,125.62999725341797,124.94999694824219,125.29000091552734,91.99916076660156,3762700
2012-08-30,126.2699966430664,126.44000244140625,125.7300033569336,125.94000244140625,92.47647857666016,3886400
2012-08-31,125.77999877929688,127.72000122070312,125.7300033569336,127.72000122070312,93.78350830078125,9192600
2012-09-04,126.91999816894531,127.62999725341797,126.76000213623047,127.31999969482422,93.68929290771484,6009300
2012-09-05,126.81999969482422,127.19000244140625,126.55000305175781,126.72000122070312,93.2477798461914,3466700
2012-09-06,125.52999877929688,125.52999877929688,124.55000305175781,124.61000061035156,91.69515228271484,6505100
2012-09-07,126.13999938964844,126.18000030517578,123.91999816894531,124.02999877929688,91.26831817626953,7335300
2012-09-10,123.69000244140625,124.33000183105469,123.51000213623047,124.33000183105469,91.48909759521484,4912100
2012-09-11,124.0199966430664,124.0999984741211,123.29000091552734,123.55000305175781,90.91511535644531,3523300
2012-09-12,122.22000122070312,122.41000366210938,121.68000030517578,122.01000213623047,89.78189086914062,7040900
2012-09-13,122.38999938964844,123.08999633789062,120.2699966430664,121.52999877929688,89.42868041992188,12280200
2012-09-14,119.76000213623047,119.8499984741211,118.05000305175781,118.30000305175781,87.05187225341797,16871600
2012-09-17,118.87000274658203,119.9000015258789,118.80000305175781,119.72000122070312,88.09679412841797,5573300
2012-09-18,120.70999908447266,120.9000015258789,119.95999908447266,120.31999969482422,88.53826141357422,5366200
2012-09-19,121.33999633789062,121.37999725341797,120.61000061035156,121.11000061035156,89.11959075927734,5903300
2012-09-20,122.13999938964844,122.31999969482422,120.9800033569336,121.41000366210938,89.34038543701172,4604200
2012-09-21,120.75,121.63999938964844,120.66999816894531,121.55000305175781,89.44340515136719,4144300
2012-09-24,122.25,122.69999694824219,122.18000030517578,122.5,90.1424789428711,3627400
2012-09-25,122.80000305175781,123.73999786376953,122.12999725341797,123.70999908447266,91.03285217285156,5893500
2012-09-26,124.55999755859375,125.08999633789062,124.44999694824219,125.04000091552734,92.01155853271484,7193400
2012-09-27,124.55000305175781,124.80000305175781,123.7699966430664,124.1500015258789,91.35663604736328,5147700
2012-09-28,124.75,125.23999786376953,123.80999755859375,124.22000122070312,91.40813446044922,7173400
2012-10-01,123.97000122070312,124.47000122070312,123.37999725341797,124.41999816894531,91.7473373413086,4842600
2012-10-02,123.91000366210938,124.5199966430664,123.80999755859375,124.25,91.62200927734375,3540100
2012-10-03,123.86000061035156,124.30000305175781,123.62000274658203,124.29000091552734,91.65148162841797,3800900
2012-10-04,123.45999908447266,123.80000305175781,122.56999969482422,122.73999786376953,90.508544921875,6214800
2012-10-05,121.56999969482422,121.68000030517578,120.91999816894531,121.1500015258789,89.33607482910156,8340700
2012-10-08,121.9800033569336,122.2699966430664,121.69000244140625,122.16999816894531,90.08817291259766,1568400
2012-10-09,121.47000122070312,122.18000030517578,121.37999725341797,121.94999694824219,89.92597198486328,4752700
2012-10-10,121.45999908447266,122.95999908447266,121.26000213623047,122.80999755859375,90.56015014648438,5429800
2012-10-11,121.95999908447266,123.66000366210938,121.88999938964844,123.66000366210938,91.1868896484375,5194100
2012-10-12,124.06999969482422,124.77999877929688,123.77999877929688,123.97000122070312,91.41548919677734,4934900
2012-10-15,123.77999877929688,124.13999938964844,123.43000030517578,123.69000244140625,91.20902252197266,3036100
2012-10-16,122.9000015258789,122.94000244140625,121.94000244140625,121.9800033569336,89.94808959960938,5398700
2012-10-17,121.16999816894531,121.26000213623047,120.56999969482422,120.8499984741211,89.11483764648438,6932500
2012-10-18,121.12000274658203,121.52999877929688,119.87000274658203,120.11000061035156,88.56913757324219,8558600
2012-10-19,120.33999633789062,121.80999755859375,120.27999877929688,121.73999786376953,89.77111053466797,7616700
2012-10-22,121.43000030517578,121.83999633789062,120.94000244140625,120.95999908447266,89.19597625732422,6910600
2012-10-23,122.0999984741211,122.7300033569336,122.0199966430664,122.69000244140625,90.47161865234375,5760600
2012-10-24,121.86000061035156,122.29000091552734,121.4800033569336,121.4800033569336,89.57939910888672,6824500
2012-10-25,120.55999755859375,121.54000091552734,120.33000183105469,120.86000061035156,89.12223815917969,5292500
2012-10-26,121.44000244140625,122.6500015258789,121.2699966430664,122.63999938964844,90.43476104736328,5889400
2012-10-31,122.68000030517578,123.69999694824219,122.62999725341797,123.36000061035156,90.96571350097656,5025600
2012-11-01,122.7699966430664,122.87999725341797,122.08000183105469,122.3499984741211,90.22090911865234,3659700
2012-11-02,121.27999877929688,122.30999755859375,121.23999786376953,122.26000213623047,90.154541015625,3527800
2012-11-05,122.81999969482422,123.25,122.79000091552734,122.94999694824219,90.66337585449219,2935700
2012-11-06,122.55000305175781,122.86000061035156,121.77999877929688,121.79000091552734,89.8080062866211,4484600
2012-11-07,123.94999694824219,124.52999877929688,123.76000213623047,124.0,91.4376449584961,10071000
2012-11-08,123.79000091552734,125.86000061035156,123.43000030517578,125.83999633789062,92.79447174072266,8579500
2012-11-09,125.62999725341797,125.9800033569336,125.18000030517578,125.9800033569336,92.897705078125,5036900
2012-11-12,125.83999633789062,126.37999725341797,125.79000091552734,126.19000244140625,93.05255126953125,2072200
2012-11-13,126.80000305175781,126.81999969482422,125.98999786376953,126.61000061035156,93.36228942871094,2863800
2012-11-14,125.72000122070312,126.79000091552734,125.5999984741211,126.7300033569336,93.45075988769531,4694600
2012-11-15,126.0999984741211,127.0199966430664,126.0,126.4800033569336,93.26641845703125,5549600
2012-11-16,126.36000061035156,127.19000244140625,126.27999877929688,126.37000274658203,93.18531036376953,4591100
2012-11-19,125.45999908447266,125.80999755859375,125.30000305175781,125.66000366210938,92.6617431640625,3621600
2012-11-20,125.4800033569336,125.66999816894531,124.37999725341797,124.4000015258789,91.73259735107422,4659300
2012-11-21,124.19000244140625,124.41999816894531,124.0199966430664,124.33000183105469,91.68099212646484,2422800
2012-11-23,124.30000305175781,124.44999694824219,124.11000061035156,124.20999908447266,91.59247589111328,987200
2012-11-26,125.16000366210938,125.5199966430664,124.75,124.80000305175781,92.02755737304688,2799000
2012-11-27,124.94000244140625,125.38999938964844,124.69999694824219,125.29000091552734,92.38890838623047,2544400
2012-11-28,125.97000122070312,126.19999694824219,125.08999633789062,125.11000061035156,92.25617218017578,3569700
2012-11-29,124.86000061035156,125.44000244140625,124.66000366210938,125.12999725341797,92.27088928222656,2761000
2012-11-30,125.4800033569336,125.54000091552734,124.70999908447266,124.79000091552734,92.02019500732422,3702300
2012-12-03,123.72000122070312,124.79000091552734,123.62000274658203,124.66000366210938,92.10517883300781,5427800
2012-12-04,125.0199966430664,125.41000366210938,124.83999633789062,125.37999725341797,92.63713073730469,2586300
2012-12-05,125.4000015258789,125.80999755859375,125.16999816894531,125.31999969482422,92.59278106689453,1978200
2012-12-06,125.86000061035156,126.08000183105469,125.51000213623047,125.58999633789062,92.79228210449219,2301200
2012-12-07,124.5,124.95999908447266,124.33999633789062,124.43000030517578,91.93521881103516,4020900
2012-12-10,124.95999908447266,125.08000183105469,124.54000091552734,124.9800033569336,92.34156036376953,2134300
2012-12-11,124.26000213623047,124.30999755859375,123.83000183105469,124.02999877929688,91.63970184326172,3777900
2012-12-12,123.83000183105469,124.33999633789062,122.56999969482422,122.58999633789062,90.5757064819336,7119700
2012-12-13,122.29000091552734,123.18000030517578,122.12999725341797,122.68000030517578,90.64225769042969,6381500
2012-12-14,123.19000244140625,123.70999908447266,123.08000183105469,123.5999984741211,91.32199096679688,3832800
2012-12-17,123.5,123.5199966430664,121.70999908447266,121.75,89.9551010131836,6870000
2012-12-18,121.4000015258789,121.77999877929688,119.9000015258789,120.51000213623047,89.03888702392578,12024200
2012-12-19,120.97000122070312,121.6500015258789,120.72000122070312,120.91000366210938,89.33448791503906,4880500
2012-12-20,121.29000091552734,121.63999938964844,120.62000274658203,120.93000030517578,89.34927368164062,4567900
2012-12-21,122.30999755859375,122.43000030517578,121.94999694824219,122.25,90.32452392578125,6087700
2012-12-24,122.0,122.08000183105469,121.87000274658203,122.02999877929688,90.16194915771484,1071100
2012-12-26,121.94999694824219,122.20999908447266,121.80999755859375,122.19999694824219,90.48632049560547,2247800
2012-12-27,121.87999725341797,123.29000091552734,121.83000183105469,122.61000061035156,90.7898941040039,4262700
2012-12-28,123.13999938964844,123.33999633789062,122.77999877929688,123.30999755859375,91.30824279785156,3928200
2012-12-31,122.87000274658203,122.97000122070312,120.91000366210938,121.18000030517578,89.73104095458984,6423000
2013-01-02,119.76000213623047,119.9000015258789,119.41000366210938,119.55999755859375,88.53144073486328,7472700
2013-01-03,119.37999725341797,119.48999786376953,117.9000015258789,117.94000244140625,87.33189392089844,10004300
2013-01-04,117.66000366210938,118.44000244140625,117.36000061035156,118.4000015258789,87.67245483398438,9574600
2013-01-07,118.37000274658203,118.7300033569336,118.0,118.44999694824219,87.70954895019531,4193100
2013-01-08,119.04000091552734,119.29000091552734,118.81999969482422,119.2300033569336,88.28706359863281,4380900
2013-01-09,119.25,119.54000091552734,118.87000274658203,119.12000274658203,88.20565032958984,3870300
2013-01-10,118.62999725341797,119.30000305175781,118.36000061035156,118.79000091552734,87.96125793457031,5602800
2013-01-11,118.5199966430664,119.86000061035156,118.3499984741211,119.8499984741211,88.74620056152344,4770700
2013-01-14,120.04000091552734,120.27999877929688,119.37000274658203,119.5199966430664,88.50184631347656,3064600
2013-01-15,120.61000061035156,120.69999694824219,119.97000122070312,120.06999969482422,88.90910339355469,5357800
2013-01-16,120.62999725341797,120.68000030517578,120.01000213623047,120.31999969482422,89.0942153930664,4286100
2013-01-17,119.33000183105469,119.55000305175781,118.75,119.12000274658203,88.20565032958984,7019200
2013-01-18,119.56999969482422,120.20999908447266,119.45999908447266,120.04000091552734,88.8868637084961,4660000
2013-01-22,119.55000305175781,120.30000305175781,119.37999725341797,120.2699966430664,89.05718994140625,3874100
2013-01-23,120.33999633789062,120.58000183105469,119.94999694824219,120.08999633789062,88.92388916015625,2848800
2013-01-24,119.87000274658203,119.97000122070312,119.26000213623047,119.66999816894531,88.61288452148438,4178900
2013-01-25,118.41999816894531,118.5999984741211,117.7699966430664,118.02999877929688,87.3985366821289,8750700
2013-01-28,117.0199966430664,117.72000122070312,117.0,117.5999984741211,87.08011627197266,6059900
2013-01-29,117.62000274658203,118.08000183105469,116.87000274658203,116.94999694824219,86.59878540039062,5553900
2013-01-30,116.66999816894531,116.95999908447266,116.16000366210938,116.75,86.45071411132812,9586800
2013-01-31,117.02999877929688,117.33999633789062,116.55000305175781,117.31999969482422,86.87279510498047,6789200
2013-02-01,117.7300033569336,117.8499984741211,115.51000213623047,115.54000091552734,85.74472045898438,10928600
2013-02-04,116.58999633789062,117.27999877929688,116.41999816894531,117.0199966430664,86.84308624267578,9291900
2013-02-05,116.2699966430664,116.43000030517578,115.86000061035156,115.9800033569336,86.07129669189453,6676500
2013-02-06,116.5199966430664,116.97000122070312,116.05000305175781,116.93000030517578,86.7762451171875,5892000
2013-02-07,116.7699966430664,117.58999633789062,116.62000274658203,116.66999816894531,86.58331298828125,5951700
2013-02-08,116.80000305175781,117.16000366210938,116.2300033569336,117.12000274658203,86.91729736328125,5603400
2013-02-11,117.05000305175781,117.37999725341797,116.91999816894531,117.02999877929688,86.85055541992188,3679900
2013-02-12,116.69000244140625,117.0199966430664,116.45999908447266,116.73999786376953,86.63528442382812,4513700
2013-02-13,115.80000305175781,116.2699966430664,115.55000305175781,115.79000091552734,85.9302749633789,6586400
2013-02-14,116.29000091552734,117.04000091552734,115.98999786376953,116.83999633789062,86.70948791503906,7096000
2013-02-15,116.66000366210938,116.73999786376953,116.06999969482422,116.5,86.45720672607422,5861800
2013-02-19,116.86000061035156,116.9000015258789,115.83999633789062,115.91999816894531,86.02677917480469,7383600
2013-02-20,115.69000244140625,116.37000274658203,115.56999969482422,116.2699966430664,86.28646850585938,9603900
2013-02-21,116.9000015258789,117.30999755859375,116.73999786376953,116.94999694824219,86.79112243652344,8297400
2013-02-22,116.9800033569336,117.33999633789062,116.87999725341797,117.02999877929688,86.85055541992188,5316900
2013-02-25,116.3499984741211,119.3499984741211,116.29000091552734,119.33000183105469,88.55741882324219,15948700
2013-02-26,118.7300033569336,119.66999816894531,118.58999633789062,118.63999938964844,88.04534149169922,9822100
2013-02-27,119.48999786376953,119.54000091552734,118.0,118.29000091552734,87.78559112548828,7459600
2013-02-28,118.43000030517578,118.66000366210938,117.9800033569336,118.51000213623047,87.9488525390625,6023400
2013-03-01,118.83999633789062,119.20999908447266,118.54000091552734,118.9000015258789,88.42776489257812,7786800
2013-03-04,118.79000091552734,118.97000122070312,118.26000213623047,118.2699966430664,87.95923614501953,4511400
2013-03-05,118.06999969482422,118.19999694824219,117.68000030517578,117.93000030517578,87.7063980102539,6539300
2013-03-06,117.11000061035156,117.5,116.8499984741211,116.86000061035156,86.9106216430664,6514900
2013-03-07,116.41000366210938,116.51000213623047,115.91000366210938,115.95999908447266,86.24128723144531,8526700
2013-03-08,114.87000274658203,115.36000061035156,114.62000274658203,114.75,85.34138488769531,15423600
2013-03-11,115.12000274658203,115.2300033569336,114.73999786376953,114.86000061035156,85.42317199707031,5815800
2013-03-12,115.25,115.79000091552734,115.2300033569336,115.69000244140625,86.04048919677734,9264200
2013-03-13,115.23999786376953,115.73999786376953,115.02999877929688,115.56999969482422,85.95122528076172,7371500
2013-03-14,115.08999633789062,115.63999938964844,114.9800033569336,115.22000122070312,85.69091033935547,9352100
2013-03-15,115.33000183105469,115.87999725341797,115.30000305175781,115.76000213623047,86.09253692626953,9673400
2013-03-18,116.83000183105469,116.87999725341797,116.1500015258789,116.63999938964844,86.74702453613281,9152200
2013-03-19,116.77999877929688,117.88999938964844,116.69999694824219,117.43000030517578,87.3345718383789,11986200
2013-03-20,116.70999908447266,116.98999786376953,116.08000183105469,116.12000274658203,86.3602523803711,8543900
2013-03-21,116.86000061035156,117.25,116.52999877929688,117.23999786376953,87.19322204589844,6119400
2013-03-22,117.30000305175781,117.5,116.7699966430664,117.33000183105469,87.2601547241211,6323800
2013-03-25,116.7699966430664,117.77999877929688,116.66999816894531,117.22000122070312,87.17835998535156,5839800
2013-03-26,116.87000274658203,117.91000366210938,116.77999877929688,117.36000061035156,87.28244018554688,5093200
2013-03-27,118.30000305175781,118.7699966430664,118.18000030517578,118.36000061035156,88.02629089355469,7742900
2013-03-28,118.12000274658203,118.44999694824219,117.68000030517578,117.76000213623047,87.57999420166016,5826400
2013-04-01,117.5199966430664,118.41999816894531,117.48999786376953,118.38999938964844,88.23953247070312,6113800
2013-04-02,118.06999969482422,118.13999938964844,117.75,117.91000366210938,87.88182830810547,5438000
2013-04-03,118.30999755859375,119.29000091552734,118.25,118.97000122070312,88.67192840576172,9527400
2013-04-04,119.58999633789062,120.41000366210938,119.47000122070312,120.38999938964844,89.73027801513672,9365700
2013-04-05,122.87999725341797,123.43000030517578,122.62999725341797,122.81999969482422,91.54137420654297,18626200
2013-04-08,122.66999816894531,122.87000274658203,121.77999877929688,121.87999725341797,90.84077453613281,8020300
2013-04-09,122.02999877929688,122.23999786376953,121.37999725341797,121.58000183105469,90.6171875,7176100
2013-04-10,120.58999633789062,120.66000366210938,119.9000015258789,119.91000366210938,89.37245178222656,10765200
2013-04-11,120.16999816894531,120.48999786376953,119.88999938964844,120.13999938964844,89.54395294189453,7501800
2013-04-12,121.33000183105469,121.94000244140625,120.9000015258789,121.93000030517578,90.87806701660156,9253000
2013-04-15,122.12999725341797,123.02999877929688,121.87000274658203,122.98999786376953,91.66812896728516,12948400
2013-04-16,121.91999816894531,122.5199966430664,121.87999725341797,121.9800033569336,90.91527557373047,6553500
2013-04-17,122.30000305175781,123.52999877929688,122.30000305175781,122.79000091552734,91.51905059814453,9020900
2013-04-18,122.80999755859375,123.22000122070312,122.5999984741211,123.08999633789062,91.74256134033203,7009500
2013-04-19,122.94000244140625,122.9800033569336,122.62999725341797,122.83000183105469,91.548828125,5474300
2013-04-22,122.83999633789062,123.29000091552734,122.66999816894531,122.91999816894531,91.61595153808594,4519400
2013-04-23,123.26000213623047,123.79000091552734,122.37999725341797,122.48999786376953,91.29541015625,8042900
2013-04-24,122.47000122070312,122.81999969482422,122.30000305175781,122.80000305175781,91.52648162841797,3673600
2013-04-25,122.25,122.37000274658203,122.0999984741211,122.2699966430664,91.13145446777344,4297800
2013-04-26,123.19999694824219,123.51000213623047,123.01000213623047,123.38999938964844,91.96627807617188,4898800
2013-04-29,123.58000183105469,123.7300033569336,122.76000213623047,122.94000244140625,91.63082122802734,4916000
2013-04-30,123.26000213623047,123.69000244140625,122.66999816894531,123.01000213623047,91.6830062866211,4477400
2013-05-01,123.45999908447266,124.26000213623047,123.43000030517578,124.01000213623047,92.62490844726562,10724600
2013-05-02,123.58999633789062,123.97000122070312,123.51000213623047,123.8499984741211,92.50536346435547,4171800
2013-05-03,122.16000366210938,122.19000244140625,120.83000183105469,120.93000030517578,90.32437133789062,11283600
2013-05-06,121.1500015258789,121.25,120.31999969482422,120.62999725341797,90.10030364990234,5121900
2013-05-07,120.19000244140625,120.5,120.05000305175781,120.16000366210938,89.74925994873047,5049200
2013-05-08,120.2699966430664,120.83000183105469,120.16999816894531,120.3499984741211,89.89119720458984,5732900
2013-05-09,120.51000213623047,121.31999969482422,119.9800033569336,120.04000091552734,89.65962219238281,7527000
2013-05-10,119.76000213623047,119.79000091552734,117.8499984741211,118.75,88.69615173339844,11689000
2013-05-13,117.87999725341797,118.19000244140625,117.62999725341797,117.83999633789062,88.01638793945312,8050800
2013-05-14,118.3499984741211,118.44000244140625,116.54000091552734,116.55999755859375,87.06034851074219,9236100
2013-05-15,117.52999877929688,117.72000122070312,116.41999816894531,117.33999633789062,87.6429443359375,14608600
2013-05-16,117.97000122070312,118.94000244140625,117.93000030517578,118.55999755859375,88.55420684814453,8458400
2013-05-17,117.94999694824219,118.1500015258789,116.9800033569336,117.05999755859375,87.43384552001953,7435500
2013-05-20,117.62999725341797,117.66999816894531,116.79000091552734,116.91999816894531,87.3292465209961,5839800
2013-05-21,116.93000030517578,117.87000274658203,116.41999816894531,117.83999633789062,88.01638793945312,7781800
2013-05-22,118.0199966430664,118.55000305175781,115.80000305175781,116.08999633789062,86.70931243896484,18361500
2013-05-23,117.1500015258789,117.23999786376953,115.7699966430664,116.63999938964844,87.12012481689453,9207100
2013-05-24,116.9800033569336,117.41999816894531,116.70999908447266,116.80000305175781,87.23963165283203,5357600
2013-05-28,116.08999633789062,116.2699966430664,113.81999969482422,113.83999633789062,85.02874755859375,13567500
2013-05-29,114.62000274658203,115.18000030517578,114.45999908447266,115.12000274658203,85.98482513427734,11298600
2013-05-30,115.25,115.37000274658203,114.52999877929688,114.83999633789062,85.77567291259766,10011800
2013-05-31,114.97000122070312,115.0199966430664,113.16999816894531,114.44999694824219,85.48435974121094,18158800
2013-06-03,113.77999877929688,115.48999786376953,113.69999694824219,114.77999877929688,85.93733978271484,15564500
2013-06-04,113.95999908447266,114.48999786376953,113.66000366210938,113.72000122070312,85.14368438720703,7504300
2013-06-05,114.29000091552734,115.31999969482422,114.12999725341797,115.29000091552734,86.31918334960938,8056100
2013-06-06,114.87999725341797,116.79000091552734,114.41000366210938,115.22000122070312,86.26680755615234,8925200
2013-06-07,114.22000122070312,114.83000183105469,113.16000366210938,113.16000366210938,84.72444915771484,10459300
2013-06-10,112.69999694824219,113.12000274658203,112.37999725341797,112.62000274658203,84.32015991210938,7892600
2013-06-11,112.2699966430664,113.95999908447266,112.12000274658203,113.95999908447266,85.3233871459961,12841200
2013-06-12,113.0,113.83000183105469,112.2699966430664,112.33000183105469,84.10298919677734,10193200
2013-06-13,113.06999969482422,114.16999816894531,112.88999938964844,114.08999633789062,85.42071533203125,12506300
2013-06-14,114.0999984741211,114.66000366210938,113.81999969482422,113.81999969482422,85.21857452392578,6679100
2013-06-17,114.0199966430664,114.08000183105469,113.0,113.22000122070312,84.76936340332031,5982100
2013-06-18,112.8499984741211,113.68000030517578,112.72000122070312,113.27999877929688,84.81427764892578,5192700
2013-06-19,113.73999786376953,113.79000091552734,111.62000274658203,112.11000061035156,83.93829345703125,17138200
2013-06-20,110.75,111.20999908447266,109.27999877929688,110.2699966430664,82.56063079833984,27898500
2013-06-21,110.1500015258789,110.41000366210938,108.37000274658203,108.4000015258789,81.16058349609375,19781000
2013-06-24,107.83000183105469,109.38999938964844,107.76000213623047,108.8499984741211,81.49748229980469,24588900
2013-06-25,108.9000015258789,109.0199966430664,107.86000061035156,107.87999725341797,80.77118682861328,11078000
2013-06-26,109.0,109.05000305175781,108.04000091552734,108.58000183105469,81.2952880859375,13582200
2013-06-27,109.54000091552734,109.97000122070312,108.94999694824219,109.69000244140625,82.12638092041016,12026000
2013-06-28,109.01000213623047,110.4800033569336,108.72000122070312,110.44000244140625,82.68793487548828,12017000
2013-07-01,109.7300033569336,110.5,109.43000030517578,110.41000366210938,82.85453796386719,5500400
2013-07-02,110.5,110.80000305175781,110.23999786376953,110.33999633789062,82.80198669433594,5333900
2013-07-03,110.30999755859375,110.6500015258789,110.01000213623047,110.01000213623047,82.55436706542969,3839000
2013-07-05,107.27999877929688,107.5,106.16999816894531,106.26000213623047,79.74028015136719,14511900
2013-07-08,107.06999969482422,107.55999755859375,106.94999694824219,107.29000091552734,80.51322937011719,8044200
2013-07-09,107.48999786376953,107.62000274658203,107.06999969482422,107.4000015258789,80.59571838378906,4700400
2013-07-10,107.38999938964844,107.38999938964844,106.30000305175781,106.55999755859375,79.96533203125,10792200
2013-07-11,107.44999694824219,107.87000274658203,106.94000244140625,107.80999755859375,80.90338897705078,10035500
2013-07-12,108.33999633789062,108.47000122070312,107.33999633789062,107.72000122070312,80.83584594726562,4730800
2013-07-15,107.80000305175781,108.31999969482422,107.69999694824219,108.29000091552734,81.26364135742188,4574800
2013-07-16,108.43000030517578,108.76000213623047,108.2699966430664,108.66000366210938,81.541259765625,3650200
2013-07-17,109.19000244140625,109.36000061035156,108.66000366210938,108.86000061035156,81.69136047363281,5932000
2013-07-18,108.61000061035156,108.66999816894531,107.4800033569336,107.5,80.67078399658203,9066400
2013-07-19,108.30999755859375,109.20999908447266,108.25,109.19999694824219,81.94647216796875,8523800
2013-07-22,109.36000061035156,109.69000244140625,109.12999725341797,109.36000061035156,82.06658935546875,3972600
2013-07-23,108.66999816894531,109.0,108.31999969482422,108.9000015258789,81.72138214111328,5015500
2013-07-24,107.6500015258789,107.88999938964844,106.79000091552734,107.5199966430664,80.68580627441406,8853100
2013-07-25,106.97000122070312,107.5999984741211,106.80999755859375,107.4800033569336,80.65577697753906,6443400
2013-07-26,108.04000091552734,108.27999877929688,107.63999938964844,108.13999938964844,81.15103149414062,6795500
2013-07-29,107.6500015258789,107.81999969482422,107.06999969482422,107.3499984741211,80.55823516845703,6397800
2013-07-30,107.70999908447266,107.76000213623047,107.05000305175781,107.30999755859375,80.52821350097656,3635400
2013-07-31,106.05999755859375,107.91999816894531,105.8499984741211,107.69999694824219,80.82088470458984,10483100
2013-08-01,106.48999786376953,106.48999786376953,105.0,105.36000061035156,79.26355743408203,13568600
2013-08-02,106.01000213623047,106.61000061035156,105.9800033569336,106.5199966430664,80.13627624511719,9568400
2013-08-05,106.19000244140625,106.25,105.54000091552734,105.69999694824219,79.51936340332031,6611800
2013-08-06,105.52999877929688,106.01000213623047,105.33999633789062,106.01000213623047,79.7525634765625,4589000
2013-08-07,106.16999816894531,106.94000244140625,106.16999816894531,106.80000305175781,80.34687805175781,7183400
2013-08-08,106.9800033569336,107.5999984741211,106.79000091552734,107.08999633789062,80.56510162353516,5510900
2013-08-09,106.5999984741211,107.2699966430664,106.4800033569336,107.26000213623047,80.69292449951172,3623400
2013-08-12,107.61000061035156,107.62999725341797,106.47000122070312,106.52999877929688,80.14379119873047,7562800
2013-08-13,105.33000183105469,105.36000061035156,104.80000305175781,104.98999786376953,78.98526763916016,11485600
2013-08-14,104.94000244140625,105.36000061035156,104.87000274658203,105.1500015258789,79.10558319091797,6431600
2013-08-15,104.0999984741211,104.62999725341797,103.69000244140625,103.7300033569336,78.03733825683594,11846300
2013-08-16,103.95999908447266,103.97000122070312,102.66999816894531,103.37000274658203,77.7664566040039,10175900
2013-08-19,102.93000030517578,103.01000213623047,102.20999908447266,102.47000122070312,77.08940124511719,9022000
2013-08-20,102.88999938964844,103.36000061035156,102.8499984741211,103.26000213623047,77.68370819091797,10050100
2013-08-21,102.7699966430664,103.19999694824219,102.11000061035156,102.12999725341797,76.83364868164062,13248800
2013-08-22,102.45999908447266,103.2300033569336,102.23999786376953,103.16999816894531,77.61602783203125,8751200
2013-08-23,103.01000213623047,104.38999938964844,102.73999786376953,104.29000091552734,78.4585952758789,17441200
2013-08-26,104.55999755859375,104.88999938964844,104.33000183105469,104.80999755859375,78.84980773925781,5879100
2013-08-27,105.29000091552734,106.25,105.04000091552734,106.12999725341797,79.84284973144531,11573300
2013-08-28,105.41000366210938,105.56999969482422,104.94000244140625,105.2699966430664,79.19585418701172,7497900
2013-08-29,104.87999725341797,106.30999755859375,104.79000091552734,106.11000061035156,79.82780456542969,6672400
2013-08-30,106.0199966430664,106.68000030517578,105.73999786376953,105.98999786376953,79.73756408691406,8987600
2013-09-03,104.58999633789062,104.66999816894531,103.51000213623047,104.22000122070312,78.61289978027344,12084300
2013-09-04,104.44999694824219,104.6500015258789,103.94999694824219,103.98999786376953,78.43937683105469,4579600
2013-09-05,103.47000122070312,103.5999984741211,102.52999877929688,102.54000091552734,77.34562683105469,12290600
2013-09-06,103.25,103.81999969482422,102.80999755859375,103.05000305175781,77.73035430908203,9478400
2013-09-09,103.80000305175781,103.80999755859375,103.08000183105469,103.0999984741211,77.7680892944336,6874900
2013-09-10,102.7300033569336,103.33999633789062,102.36000061035156,102.37999725341797,77.2249526977539,8069000
2013-09-11,102.91999816894531,103.30999755859375,102.19000244140625,103.29000091552734,77.911376953125,8962400
2013-09-12,103.8499984741211,104.0,103.05999755859375,103.1500015258789,77.80579376220703,6254400
2013-09-13,103.51000213623047,103.83000183105469,103.2300033569336,103.55000305175781,78.10747528076172,6106200
2013-09-16,104.33000183105469,104.41000366210938,102.8499984741211,102.86000061035156,77.58704376220703,8231600
2013-09-17,103.37000274658203,103.73999786376953,102.97000122070312,103.70999908447266,78.2281723022461,8795300
2013-09-18,103.62999725341797,105.55000305175781,102.9800033569336,104.98999786376953,79.19371032714844,19749200
2013-09-19,105.05000305175781,105.08999633789062,104.16000366210938,104.37000274658203,78.72602081298828,11627800
2013-09-20,104.69000244140625,105.18000030517578,104.44999694824219,104.91999816894531,79.14092254638672,8421000
2013-09-23,105.20999908447266,105.7300033569336,105.11000061035156,105.69000244140625,79.72171020507812,10242100
2013-09-24,105.98999786376953,106.83999633789062,105.83999633789062,106.83000183105469,80.58159637451172,11446600
2013-09-25,106.54000091552734,107.27999877929688,106.38999938964844,107.05000305175781,80.74752807617188,8130900
2013-09-26,106.4800033569336,106.62000274658203,106.19000244140625,106.30000305175781,80.18181610107422,5117100
2013-09-27,106.29000091552734,106.81999969482422,106.25,106.55999755859375,80.3779296875,6460000
2013-09-30,106.66000366210938,106.9000015258789,106.18000030517578,106.4000015258789,80.2572250366211,8438800
2013-10-01,105.9000015258789,106.02999877929688,105.52999877929688,105.80000305175781,80.01371765136719,7592500
2013-10-02,105.93000030517578,106.4800033569336,105.76000213623047,105.95999908447266,80.13473510742188,5967200
2013-10-03,105.75,106.41000366210938,105.69999694824219,105.79000091552734,80.00617980957031,6648900
2013-10-04,105.66999816894531,105.77999877929688,105.3499984741211,105.70999908447266,79.94564056396484,5545300
2013-10-07,106.19999694824219,106.36000061035156,105.9800033569336,106.13999938964844,80.27086639404297,5761100
2013-10-08,105.9800033569336,106.51000213623047,105.83000183105469,106.16999816894531,80.29354095458984,5904000
2013-10-09,105.87000274658203,105.94000244140625,105.30000305175781,105.31999969482422,79.65071105957031,8439000
2013-10-10,104.80000305175781,105.52999877929688,104.51000213623047,105.48999786376953,79.77924346923828,9944100
2013-10-11,106.16000366210938,106.2300033569336,105.41000366210938,105.45999908447266,79.75657653808594,6500800
2013-10-14,105.38999938964844,105.63999938964844,104.33000183105469,104.61000061035156,79.1137924194336,4205600
2013-10-15,105.1500015258789,105.30000305175781,104.52999877929688,104.54000091552734,79.06084442138672,8291000
2013-10-16,104.47000122070312,105.86000061035156,104.2699966430664,105.8499984741211,80.05152893066406,14460200
2013-10-17,106.5199966430664,107.12000274658203,106.29000091552734,106.80999755859375,80.777587890625,11303400
2013-10-18,107.11000061035156,107.4800033569336,106.9800033569336,107.04000091552734,80.9515151977539,9487800
2013-10-21,106.91000366210938,106.91999816894531,106.45999908447266,106.69999694824219,80.69440460205078,6161600
2013-10-22,107.5999984741211,108.12000274658203,107.55999755859375,107.88999938964844,81.59429168701172,9708500
2013-10-23,108.06999969482422,108.7300033569336,108.04000091552734,108.30999755859375,81.91197204589844,9163100
2013-10-24,108.61000061035156,108.66999816894531,107.87000274658203,107.88999938964844,81.59429168701172,7631400
2013-10-25,108.12999725341797,108.44999694824219,108.08000183105469,108.29000091552734,81.89688873291016,4429500
2013-10-28,108.01000213623047,108.37999725341797,107.91000366210938,107.91999816894531,81.61701202392578,6466400
2013-10-29,107.62000274658203,108.06999969482422,107.51000213623047,108.05999755859375,81.72290802001953,5270500
2013-10-30,107.93000030517578,108.20999908447266,107.20999908447266,107.41000366210938,81.23131561279297,10199300
2013-10-31,107.91000366210938,108.01000213623047,107.13999938964844,107.63999938964844,81.4052505493164,11452100
2013-11-01,106.97000122070312,107.0,106.13999938964844,106.19000244140625,80.52410888671875,11349500
2013-11-04,106.47000122070312,106.66999816894531,106.22000122070312,106.29000091552734,80.59992980957031,4733200
2013-11-05,105.79000091552734,105.83000183105469,104.98999786376953,105.0199966430664,79.63692474365234,8753400
2013-11-06,104.94000244140625,105.13999938964844,104.69000244140625,105.06999969482422,79.67485046386719,5643000
2013-11-07,105.05000305175781,106.05000305175781,104.97000122070312,105.95999908447266,80.3497085571289,7893700
2013-11-08,103.97000122070312,104.11000061035156,103.38999938964844,103.41000366210938,78.4160385131836,16889900
2013-11-11,103.52999877929688,103.58000183105469,102.95999908447266,103.0199966430664,78.12033081054688,4927200
2013-11-12,103.20999908447266,103.58999633789062,103.18000030517578,103.5,78.4842758178711,4839500
2013-11-13,103.87000274658203,104.04000091552734,103.73999786376953,103.87999725341797,78.77241516113281,5782900
2013-11-14,104.30999755859375,105.12000274658203,104.1500015258789,104.5199966430664,79.25773620605469,8895500
2013-11-15,104.66000366210938,104.73999786376953,104.30999755859375,104.7300033569336,79.4170150756836,6344800
2013-11-18,104.6500015258789,105.41000366210938,104.6500015258789,105.36000061035156,79.89472961425781,5451300
2013-11-19,104.94999694824219,105.13999938964844,104.41000366210938,104.55999755859375,79.2880859375,7251100
2013-11-20,104.41999816894531,104.83999633789062,102.6500015258789,102.77999877929688,77.93830108642578,14190900
2013-11-21,102.51000213623047,103.19000244140625,102.16000366210938,102.94999694824219,78.06723022460938,8903000
2013-11-22,103.48999786376953,104.12999725341797,103.4800033569336,103.91000366210938,78.79520416259766,7950700
2013-11-25,103.83999633789062,104.41999816894531,103.83999633789062,104.20999908447266,79.02263641357422,3755500
2013-11-26,104.48999786376953,104.93000030517578,104.4800033569336,104.5999984741211,79.31838989257812,6659200
2013-11-27,104.68000030517578,104.69999694824219,103.95999908447266,104.41999816894531,79.18191528320312,6063000
2013-11-29,104.08000183105469,104.5999984741211,103.94999694824219,104.44999694824219,79.20468139648438,5084400
2013-12-02,103.80000305175781,103.91000366210938,103.22000122070312,103.33000183105469,78.58866119384766,7527800
2013-12-03,103.69999694824219,103.95999908447266,103.45999908447266,103.70999908447266,78.87763977050781,5076900
2013-12-04,102.75,103.05000305175781,102.37999725341797,102.72000122070312,78.12471008300781,8502700
2013-12-05,102.4800033569336,102.8499984741211,102.22000122070312,102.43000030517578,77.90418243408203,7445700
2013-12-06,102.55999755859375,102.98999786376953,102.36000061035156,102.91999816894531,78.27679443359375,7352000
2013-12-09,102.9000015258789,103.2300033569336,102.83000183105469,103.16000366210938,78.4593505859375,5678800
2013-12-10,103.83999633789062,103.94999694824219,103.44999694824219,103.9000015258789,79.02216339111328,7040400
2013-12-11,103.55000305175781,103.7699966430664,103.0199966430664,103.0999984741211,78.41368103027344,8190900
2013-12-12,103.02999877929688,103.16000366210938,102.62999725341797,102.70999908447266,78.11705017089844,6208600
2013-12-13,103.13999938964844,103.30000305175781,102.79000091552734,103.20999908447266,78.49730682373047,6471300
2013-12-16,103.58000183105469,103.69000244140625,102.7300033569336,102.83000183105469,78.20838928222656,6376400
2013-12-17,102.61000061035156,103.4000015258789,102.58999633789062,103.29000091552734,78.5582046508789,6014400
2013-12-18,102.83000183105469,103.72000122070312,102.45999908447266,102.7699966430664,78.16271209716797,12973200
2013-12-19,102.86000061035156,103.01000213623047,102.44999694824219,102.66999816894531,78.08662414550781,6708400
2013-12-20,103.72000122070312,104.29000091552734,103.30000305175781,104.25,79.28831481933594,12425700
2013-12-23,104.05000305175781,104.41000366210938,103.66000366210938,103.66000366210938,78.83963775634766,6378600
2013-12-24,103.2300033569336,103.3499984741211,102.80000305175781,102.83000183105469,78.20838928222656,4897000
2013-12-26,102.3499984741211,102.36000061035156,102.01000213623047,102.0999984741211,77.90693664550781,4645300
2013-12-27,102.06999969482422,102.30999755859375,101.69000244140625,101.80999755859375,77.6856689453125,4755000
2013-12-30,102.1500015258789,102.58000183105469,102.08000183105469,102.51000213623047,78.21981048583984,4491700
2013-12-31,102.29000091552734,102.55000305175781,101.16999816894531,101.86000061035156,77.72384643554688,7218600
2014-01-02,101.72000122070312,102.38999938964844,101.69000244140625,102.16999816894531,77.96037292480469,8580800
2014-01-03,101.80999755859375,102.44999694824219,101.76000213623047,102.16999816894531,77.96037292480469,4083800
2014-01-06,102.37999725341797,103.0,102.37000274658203,102.5999984741211,78.28850555419922,7796200
2014-01-07,102.81999969482422,102.98999786376953,102.55999755859375,102.86000061035156,78.48684692382812,4428100
2014-01-08,102.44999694824219,102.69000244140625,102.0999984741211,102.58000183105469,78.273193359375,8513000
2014-01-09,102.97000122070312,103.20999908447266,102.51000213623047,103.18000030517578,78.73101806640625,6991100
2014-01-10,103.7699966430664,104.54000091552734,103.69000244140625,104.41000366210938,79.66958618164062,13197400
2014-01-13,104.51000213623047,105.13999938964844,104.47000122070312,104.93000030517578,80.06635284423828,9667400
2014-01-14,104.6500015258789,104.83000183105469,104.38999938964844,104.44999694824219,79.70010375976562,10343100
2014-01-15,104.04000091552734,104.51000213623047,103.93000030517578,104.33999633789062,79.6161880493164,7507500
2014-01-16,104.8499984741211,105.06999969482422,104.72000122070312,105.04000091552734,80.15030670166016,7137700
2014-01-17,104.86000061035156,105.5199966430664,104.79000091552734,105.4800033569336,80.48603057861328,7588600
2014-01-21,105.44999694824219,105.73999786376953,105.4000015258789,105.55999755859375,80.54708099365234,6436000
2014-01-22,105.37000274658203,105.75,105.23999786376953,105.30000305175781,80.34870147705078,4646700
2014-01-23,105.87999725341797,107.08999633789062,105.87999725341797,106.79000091552734,81.4855728149414,12960600
2014-01-24,107.19000244140625,107.48999786376953,106.98999786376953,107.4800033569336,82.01212310791016,11122200
2014-01-27,107.22000122070312,107.5999984741211,106.69999694824219,106.7300033569336,81.43983459472656,9218200
2014-01-28,106.91000366210938,106.98999786376953,106.55000305175781,106.98999786376953,81.6382064819336,5661500
2014-01-29,107.37000274658203,108.1500015258789,106.98999786376953,107.87000274658203,82.30968475341797,11709400
2014-01-30,107.47000122070312,107.66999816894531,107.11000061035156,107.55999755859375,82.0732192993164,5956900
2014-01-31,108.19999694824219,108.41000366210938,107.8499984741211,108.27999877929688,82.62255096435547,14690900
2014-02-03,107.79000091552734,109.33999633789062,107.61000061035156,109.31999969482422,83.62931060791016,20780300
2014-02-04,108.5199966430664,108.66999816894531,107.97000122070312,108.16000366210938,82.74189758300781,9573500
2014-02-05,107.69000244140625,107.77999877929688,107.01000213623047,107.16000366210938,81.97686004638672,10312200
2014-02-06,106.97000122070312,107.0199966430664,106.5199966430664,106.69999694824219,81.62499237060547,5708700
2014-02-07,106.45999908447266,107.22000122070312,106.44000244140625,106.79000091552734,81.69379425048828,7039200
2014-02-10,106.61000061035156,107.12000274658203,106.56999969482422,107.08999633789062,81.92333221435547,4370500
2014-02-11,106.61000061035156,106.69000244140625,106.16000366210938,106.47000122070312,81.4490966796875,5904900
2014-02-12,106.16999816894531,106.20999908447266,105.62000274658203,105.91999816894531,81.02833557128906,6723300
2014-02-13,106.58999633789062,106.7300033569336,106.30000305175781,106.5199966430664,81.4873275756836,6874600
2014-02-14,106.56999969482422,106.63999938964844,106.2699966430664,106.58000183105469,81.53319549560547,4989100
2014-02-18,106.66000366210938,107.19999694824219,106.62000274658203,106.81999969482422,81.71683502197266,4855800
2014-02-19,107.18000030517578,107.18000030517578,106.30000305175781,106.37000274658203,81.37256622314453,5522500
2014-02-20,106.31999969482422,106.62999725341797,105.69000244140625,106.11000061035156,81.17363739013672,5103200
2014-02-21,105.94999694824219,106.68000030517578,105.94999694824219,106.66999816894531,81.60208129882812,5250700
2014-02-24,106.69999694824219,106.73999786376953,106.16999816894531,106.4000015258789,81.39554595947266,3816700
2014-02-25,106.91000366210938,107.36000061035156,106.88999938964844,107.3499984741211,82.12225341796875,6225400
2014-02-26,107.30999755859375,107.91999816894531,107.23999786376953,107.91999816894531,82.55828857421875,7203900
2014-02-27,108.27999877929688,108.55999755859375,108.0999984741211,108.51000213623047,83.00963592529297,5394700
2014-02-28,108.27999877929688,108.73999786376953,107.77999877929688,108.56999969482422,83.05553436279297,8462600
2014-03-03,108.87999725341797,109.18000030517578,108.63999938964844,109.02999877929688,83.60994720458984,11089400
2014-03-04,108.3499984741211,108.3499984741211,107.36000061035156,107.38999938964844,82.35234069824219,8068100
2014-03-05,107.33999633789062,107.77999877929688,107.19999694824219,107.62000274658203,82.52874755859375,4798500
2014-03-06,106.76000213623047,106.97000122070312,106.5199966430664,106.55999755859375,81.71582794189453,7418200
2014-03-07,105.63999938964844,106.16999816894531,105.5999984741211,105.88999938964844,81.20205688476562,8270300
2014-03-10,105.94000244140625,106.11000061035156,105.77999877929688,106.04000091552734,81.31710052490234,3744300
2014-03-11,105.9800033569336,106.33999633789062,105.77999877929688,106.31999969482422,81.53180694580078,3815700
2014-03-12,106.91999816894531,107.26000213623047,106.77999877929688,107.05999755859375,82.09928131103516,6430500
2014-03-13,106.69999694824219,108.52999877929688,106.6500015258789,108.5,83.20358276367188,11815500
2014-03-14,108.97000122070312,108.9800033569336,108.31999969482422,108.5199966430664,83.2188949584961,9232800
2014-03-17,108.18000030517578,108.30000305175781,107.66999816894531,107.70999908447266,82.59778594970703,7381900
2014-03-18,107.68000030517578,108.1500015258789,107.5999984741211,108.0999984741211,82.8968276977539,4819500
2014-03-19,107.91999816894531,107.9800033569336,106.80999755859375,107.26000213623047,82.25259399414062,11557600
2014-03-20,107.08999633789062,107.62999725341797,106.98999786376953,107.06999969482422,82.10698699951172,5224400
2014-03-21,107.41000366210938,108.31999969482422,107.37000274658203,108.2300033569336,82.9964828491211,8986200
2014-03-24,108.05000305175781,109.08999633789062,107.94999694824219,109.0,83.58694458007812,7536400
2014-03-25,108.41000366210938,108.81999969482422,108.16999816894531,108.58999633789062,83.27256774902344,5032000
2014-03-26,108.55000305175781,109.4800033569336,108.4800033569336,109.44000244140625,83.92440032958984,7147200
2014-03-27,109.63999938964844,110.38999938964844,109.41999816894531,109.98999786376953,84.34617614746094,9772200
2014-03-28,109.86000061035156,109.88999938964844,109.0199966430664,109.37000274658203,83.87068176269531,6027000
2014-03-31,108.73999786376953,111.06999969482422,108.33999633789062,109.0999984741211,83.66368103027344,7488400
2014-04-01,108.26000213623047,108.36000061035156,107.83999633789062,107.88999938964844,82.94862365722656,9067300
2014-04-02,107.38999938964844,107.55000305175781,107.16999816894531,107.2699966430664,82.47200012207031,6887200
2014-04-03,107.5199966430664,107.94000244140625,107.44000244140625,107.73999786376953,82.8333511352539,4937400
2014-04-04,107.87000274658203,108.69000244140625,107.8499984741211,108.45999908447266,83.38687133789062,8977500
2014-04-07,108.62000274658203,109.29000091552734,108.5999984741211,109.11000061035156,83.8865966796875,7562500
2014-04-08,109.02999877929688,109.47000122070312,108.72000122070312,109.37000274658203,84.08650970458984,4213800
2014-04-09,108.87999725341797,109.3499984741211,108.63999938964844,108.83000183105469,83.67137145996094,5771500
2014-04-10,108.91999816894531,110.22000122070312,108.9000015258789,109.83999633789062,84.4478530883789,12706400
2014-04-11,110.54000091552734,110.79000091552734,110.12999725341797,110.7300033569336,85.13211059570312,10267000
2014-04-14,110.4800033569336,110.69999694824219,110.30000305175781,110.44000244140625,84.90916442871094,4142600
2014-04-15,110.61000061035156,111.51000213623047,110.3499984741211,111.12999725341797,85.43968200683594,7752000
2014-04-16,110.43000030517578,111.2699966430664,110.37999725341797,111.2699966430664,85.54724884033203,5523000
2014-04-17,111.37000274658203,111.44999694824219,109.69999694824219,110.05000305175781,84.60933685302734,8622500
2014-04-21,110.37000274658203,110.62000274658203,109.83999633789062,109.95999908447266,84.54015350341797,4316300
2014-04-22,109.66000366210938,110.48999786376953,109.61000061035156,110.33000183105469,84.82457733154297,5748700
2014-04-23,110.5999984741211,111.05000305175781,110.52999877929688,110.95999908447266,85.30892944335938,5748600
2014-04-24,110.44999694824219,111.20999908447266,110.44999694824219,111.16999816894531,85.47034454345703,6337800
2014-04-25,111.48999786376953,111.98999786376953,111.31999969482422,111.33000183105469,85.59342956542969,5976500
2014-04-28,111.11000061035156,111.27999877929688,110.55000305175781,110.79000091552734,85.1782455444336,7606000
2014-04-29,110.16999816894531,110.7300033569336,110.04000091552734,110.63999938964844,85.06298828125,5235200
2014-04-30,110.72000122070312,111.26000213623047,110.37999725341797,111.0999984741211,85.4166030883789,7721400
2014-05-01,110.87999725341797,112.08000183105469,110.83999633789062,112.0199966430664,86.3329086303711,11556500
2014-05-02,111.54000091552734,113.0999984741211,111.30000305175781,112.70999908447266,86.86471557617188,12702100
2014-05-05,112.76000213623047,112.80999755859375,111.88999938964844,112.02999877929688,86.34068298339844,8043000
2014-05-06,112.11000061035156,112.69999694824219,112.04000091552734,112.4800033569336,86.68749237060547,6522600
2014-05-07,112.30999755859375,112.56999969482422,111.94000244140625,112.08000183105469,86.37916564941406,8199200
2014-05-08,112.33999633789062,112.76000213623047,111.45999908447266,111.5999984741211,86.00924682617188,10878800
2014-05-09,111.52999877929688,111.80999755859375,110.9800033569336,111.23999786376953,85.7318115234375,6000600
2014-05-12,111.01000213623047,111.12999725341797,110.54000091552734,110.79000091552734,85.38499450683594,4563800
2014-05-13,111.44000244140625,111.75,111.33000183105469,111.75,86.12486267089844,5501000
2014-05-14,112.62999725341797,113.2300033569336,112.55999755859375,112.95999908447266,87.0573959350586,8851400
2014-05-15,113.77999877929688,114.41000366210938,113.5999984741211,113.86000061035156,87.75100708007812,12627900
2014-05-16,113.61000061035156,114.0,113.41999816894531,113.54000091552734,87.50435638427734,5019200
2014-05-19,113.93000030517578,113.95999908447266,112.62000274658203,112.69999694824219,86.8570327758789,7403300
2014-05-20,112.5999984741211,113.4800033569336,112.58999633789062,112.94999694824219,87.0497055053711,6549800
2014-05-21,112.22000122070312,112.4000015258789,111.87000274658203,112.26000213623047,86.51787567138672,8224600
2014-05-22,112.26000213623047,112.4000015258789,111.79000091552734,112.0999984741211,86.39459991455078,6495700
2014-05-23,112.5199966430664,112.91000366210938,112.44999694824219,112.69999694824219,86.8570327758789,3835000
2014-05-27,112.8499984741211,113.4000015258789,112.4000015258789,113.36000061035156,87.36569213867188,6658300
2014-05-28,114.0999984741211,114.83999633789062,114.08999633789062,114.76000213623047,88.44461822509766,10361000
2014-05-29,114.87000274658203,115.19000244140625,114.12999725341797,114.1500015258789,87.97449493408203,10692000
2014-05-30,113.95999908447266,114.4000015258789,113.80999755859375,114.0999984741211,87.93599700927734,6518900
2014-06-02,113.04000091552734,113.68000030517578,112.55000305175781,112.95999908447266,87.28231811523438,11728200
2014-06-03,112.41000366210938,112.54000091552734,111.51000213623047,111.56999969482422,86.2082290649414,12694100
2014-06-04,111.76000213623047,111.81999969482422,111.2699966430664,111.54000091552734,86.18507385253906,7882000
2014-06-05,111.12999725341797,111.97000122070312,111.0199966430664,111.58999633789062,86.22371673583984,6915600
2014-06-06,112.12999725341797,112.41000366210938,111.48999786376953,111.58999633789062,86.22371673583984,7832800
2014-06-09,111.44999694824219,111.63999938964844,111.19999694824219,111.43000030517578,86.1001205444336,5162800
2014-06-10,111.04000091552734,111.2699966430664,110.83000183105469,111.0199966430664,85.78330993652344,5986000
2014-06-11,111.26000213623047,111.54000091552734,110.8499984741211,111.22000122070312,85.93781280517578,5569700
2014-06-12,111.30000305175781,112.3499984741211,111.0,112.20999908447266,86.70278930664062,9775900
2014-06-13,111.56999969482422,112.62000274658203,111.52999877929688,112.1500015258789,86.65642547607422,5412500
2014-06-16,112.20999908447266,112.62999725341797,112.0999984741211,112.43000030517578,86.87279510498047,5184600
2014-06-17,112.06999969482422,112.08999633789062,111.4800033569336,111.54000091552734,86.18507385253906,6668800
2014-06-18,111.80000305175781,112.76000213623047,111.55999755859375,112.4000015258789,86.84959411621094,11256500
2014-06-19,112.51000213623047,112.55999755859375,110.73999786376953,110.95999908447266,85.7369384765625,14215500
2014-06-20,110.97000122070312,111.80000305175781,110.9000015258789,111.80000305175781,86.38599395751953,7319100
2014-06-23,112.08000183105469,112.18000030517578,111.41000366210938,111.44999694824219,86.11554718017578,5821700
2014-06-24,112.1500015258789,112.6500015258789,111.81999969482422,112.58000183105469,86.9886474609375,9698300
2014-06-25,113.0999984741211,113.36000061035156,112.69000244140625,112.87000274658203,87.2127685546875,5699300
2014-06-26,113.20999908447266,113.80000305175781,113.20999908447266,113.41000366210938,87.62998962402344,6628900
2014-06-27,113.68000030517578,113.81999969482422,113.16999816894531,113.23999786376953,87.49864959716797,7216500
2014-06-30,113.55999755859375,113.80000305175781,113.08999633789062,113.5199966430664,87.7149887084961,5593100
2014-07-01,112.5,112.73999786376953,112.19999694824219,112.27999877929688,86.98059844970703,8019200
2014-07-02,111.62999725341797,111.66999816894531,110.97000122070312,111.08000183105469,86.0510482788086,9382500
2014-07-03,110.37999725341797,110.86000061035156,110.33999633789062,110.68000030517578,85.74113464355469,6173900
2014-07-07,111.2699966430664,111.80999755859375,111.2300033569336,111.48999786376953,86.36857604980469,5928900
2014-07-08,112.23999786376953,112.86000061035156,112.23999786376953,112.73999786376953,87.3369369506836,6352100
2014-07-09,112.66000366210938,113.13999938964844,112.37999725341797,112.83000183105469,87.40666198730469,6395200
2014-07-10,113.54000091552734,113.66000366210938,112.81999969482422,112.86000061035156,87.42993927001953,7196900
2014-07-11,113.3499984741211,113.68000030517578,113.27999877929688,113.58000183105469,87.98768615722656,4676500
2014-07-14,113.27999877929688,113.41000366210938,112.93000030517578,113.08999633789062,87.60810089111328,4743300
2014-07-15,112.83000183105469,113.47000122070312,112.5,112.86000061035156,87.42993927001953,7720000
2014-07-16,113.0,113.58000183105469,112.94000244140625,113.45999908447266,87.89473724365234,4615800
2014-07-17,114.2300033569336,115.05000305175781,113.94000244140625,114.88999938964844,89.00248718261719,10901000
2014-07-18,114.87999725341797,114.95999908447266,114.11000061035156,114.5199966430664,88.71588134765625,6677900
2014-07-21,115.01000213623047,115.62999725341797,115.01000213623047,115.08999633789062,89.1574478149414,5724100
2014-07-22,115.08999633789062,115.45999908447266,114.6500015258789,115.33000183105469,89.3433609008789,5753200
2014-07-23,115.51000213623047,115.62999725341797,115.16999816894531,115.18000030517578,89.22713470458984,3489600
2014-07-24,114.5199966430664,114.58000183105469,114.25,114.31999969482422,88.56094360351562,6609000
2014-07-25,115.33999633789062,115.68000030517578,115.16000366210938,115.66999816894531,89.60676574707031,7041800
2014-07-28,115.58999633789062,115.9000015258789,115.12000274658203,115.51000213623047,89.4828109741211,5138300
2014-07-29,115.87000274658203,116.06999969482422,115.41999816894531,115.93000030517578,89.80815887451172,6579300
2014-07-30,115.1500015258789,115.37999725341797,114.16999816894531,114.31999969482422,88.56094360351562,12251200
2014-07-31,113.52999877929688,114.58000183105469,113.47000122070312,113.9800033569336,88.29756164550781,18254000
2014-08-01,113.58000183105469,114.87000274658203,113.05000305175781,114.55999755859375,88.9810791015625,14951200
2014-08-04,114.52999877929688,114.80999755859375,114.26000213623047,114.26000213623047,88.74803924560547,5183800
2014-08-05,114.06999969482422,114.80000305175781,113.68000030517578,114.62999725341797,89.03543090820312,8032000
2014-08-06,115.47000122070312,115.47000122070312,114.5999984741211,114.69999694824219,89.08977508544922,7289200
2014-08-07,114.83999633789062,115.7699966430664,114.56999969482422,115.7699966430664,89.9209213256836,9745500
2014-08-08,115.93000030517578,116.41999816894531,115.37999725341797,115.5199966430664,89.72673797607422,9536700
2014-08-11,115.6500015258789,115.81999969482422,115.29000091552734,115.51000213623047,89.71891784667969,6668800
2014-08-12,115.41000366210938,115.44000244140625,114.7300033569336,114.76000213623047,89.1363754272461,8122400
2014-08-13,114.87000274658203,115.5199966430664,114.77999877929688,115.51000213623047,89.71891784667969,8210500
2014-08-14,115.93000030517578,116.5,115.38999938964844,116.44000244140625,90.44127655029297,9028200
2014-08-15,116.70999908447266,118.36000061035156,116.69000244140625,117.70999908447266,91.4277572631836,17606700
2014-08-18,117.20999908447266,117.30000305175781,116.38999938964844,116.54000091552734,90.51901245117188,7595300
2014-08-19,117.08000183105469,117.1500015258789,115.9800033569336,116.18000030517578,90.23932647705078,5936900
2014-08-20,116.04000091552734,116.11000061035156,115.56999969482422,115.98999786376953,90.09178924560547,7275600
2014-08-21,116.06999969482422,116.76000213623047,116.0199966430664,116.63999938964844,90.59662628173828,6790700
2014-08-22,116.73999786376953,117.43000030517578,116.20999908447266,117.29000091552734,91.10153198242188,10149900
2014-08-25,117.44999694824219,117.77999877929688,117.20999908447266,117.7300033569336,91.44329071044922,5760700
2014-08-26,117.94000244140625,117.98999786376953,117.20999908447266,117.3499984741211,91.14813995361328,5487600
2014-08-27,117.69999694824219,118.41000366210938,117.4000015258789,118.3499984741211,91.92479705810547,7265800
2014-08-28,119.12999725341797,119.37000274658203,118.66999816894531,118.97000122070312,92.40641021728516,9463600
2014-08-29,118.91999816894531,119.43000030517578,118.75,119.05000305175781,92.46856689453125,8512900
2014-09-02,117.27999877929688,117.37999725341797,116.69999694824219,116.7300033569336,90.8733901977539,10506000
2014-09-03,116.4000015258789,117.37999725341797,116.30999755859375,117.37999725341797,91.37946319580078,6553900
2014-09-04,116.62000274658203,116.87999725341797,115.93000030517578,115.94999694824219,90.26619720458984,12528900
2014-09-05,116.44000244140625,116.5999984741211,115.44000244140625,115.7300033569336,90.09490966796875,6886000
2014-09-08,116.41000366210938,116.62999725341797,115.44999694824219,115.77999877929688,90.13381958007812,9326400
2014-09-09,115.48999786376953,115.88999938964844,115.44999694824219,115.69000244140625,90.06383514404297,5353100
2014-09-10,114.97000122070312,115.12000274658203,114.79000091552734,114.95999908447266,89.4954605102539,8729400
2014-09-11,115.26000213623047,115.54000091552734,114.56999969482422,114.58000183105469,89.19964599609375,9274800
2014-09-12,113.69000244140625,113.91999816894531,113.22000122070312,113.37999725341797,88.26545715332031,11114900
2014-09-15,113.8499984741211,114.06999969482422,113.36000061035156,113.55000305175781,88.39777374267578,5510700
2014-09-16,113.61000061035156,113.86000061035156,113.08000183105469,113.08999633789062,88.03966522216797,9304700
2014-09-17,113.52999877929688,113.83000183105469,112.7300033569336,112.80000305175781,87.81392669677734,12917000
2014-09-18,113.18000030517578,113.4800033569336,112.8499984741211,113.16000366210938,88.09417724609375,7031200
2014-09-19,113.58000183105469,114.68000030517578,113.19999694824219,114.5999984741211,89.21522521972656,13236900
2014-09-22,114.66000366210938,115.04000091552734,114.44000244140625,114.73999786376953,89.32421112060547,6617200
2014-09-23,114.91000366210938,115.47000122070312,114.7699966430664,115.44999694824219,89.87696075439453,6362400
2014-09-24,115.29000091552734,115.55000305175781,114.63999938964844,114.80999755859375,89.37870788574219,5223300
2014-09-25,115.30999755859375,116.18000030517578,115.30999755859375,116.16999816894531,90.43740844726562,8947800
2014-09-26,116.0199966430664,116.29000091552734,115.62000274658203,116.0,90.30517578125,7799600
2014-09-29,117.0,117.16999816894531,116.66000366210938,116.93000030517578,91.02912139892578,6791800
2014-09-30,116.66000366210938,117.04000091552734,116.12999725341797,116.2699966430664,90.51529693603516,7277500
2014-10-01,116.88999938964844,118.26000213623047,116.83000183105469,118.2300033569336,92.27049255371094,17194900
2014-10-02,117.83000183105469,118.19999694824219,117.13999938964844,117.19999694824219,91.46663665771484,8251800
2014-10-03,117.0,117.7699966430664,116.83000183105469,117.69999694824219,91.85685729980469,8561500
2014-10-06,117.62000274658203,118.19000244140625,117.36000061035156,117.7699966430664,91.91151428222656,4485500
2014-10-07,118.30999755859375,119.43000030517578,118.18000030517578,119.36000061035156,93.15240478515625,8837700
2014-10-08,119.44999694824219,119.5199966430664,118.51000213623047,119.38999938964844,93.17578887939453,9391300
2014-10-09,119.2699966430664,119.66999816894531,118.77999877929688,118.87000274658203,92.7699966430664,10291700
2014-10-10,119.5199966430664,120.08000183105469,119.30999755859375,120.05000305175781,93.69084930419922,8774400
2014-10-13,120.16000366210938,121.16999816894531,120.05000305175781,120.77999877929688,94.26058197021484,6450700
2014-10-14,121.30999755859375,121.77999877929688,120.68000030517578,121.56999969482422,94.87712097167969,11285400
2014-10-15,124.58000183105469,127.68000030517578,121.83999633789062,122.52999877929688,95.62635040283203,37407500
2014-10-16,124.12000274658203,124.12999725341797,121.44000244140625,121.75,95.01763153076172,18096600
2014-10-17,121.19000244140625,121.70999908447266,120.4800033569336,121.06999969482422,94.48694610595703,8524300
2014-10-20,121.77999877929688,121.8499984741211,120.94000244140625,121.51000213623047,94.83033752441406,7742500
2014-10-21,120.83999633789062,121.23999786376953,120.52999877929688,120.54000091552734,94.07331085205078,9754700
2014-10-22,120.47000122070312,120.8499984741211,120.22000122070312,120.66999816894531,94.1747817993164,9260200
2014-10-23,120.04000091552734,120.18000030517578,119.05999755859375,119.5999984741211,93.33969116210938,10936300
2014-10-24,119.93000030517578,120.41000366210938,119.47000122070312,119.72000122070312,93.433349609375,5704900
2014-10-27,119.88999938964844,120.2699966430664,119.66000366210938,119.94000244140625,93.60504913330078,3391900
2014-10-28,119.4800033569336,119.6500015258789,119.08000183105469,119.19000244140625,93.01969146728516,5141300
2014-10-29,118.95999908447266,119.81999969482422,118.41999816894531,119.45999908447266,93.23041534423828,9105100
2014-10-30,120.31999969482422,120.45999908447266,119.51000213623047,119.55999755859375,93.30847930908203,7024400
2014-10-31,119.33999633789062,119.70999908447266,118.83000183105469,119.25,93.0665283203125,6664200
2014-11-03,118.9000015258789,119.16000366210938,118.20999908447266,118.95999908447266,93.0665512084961,9726600
2014-11-04,119.41999816894531,119.91000366210938,119.08000183105469,119.33000183105469,93.35602569580078,3664800
2014-11-05,118.91000366210938,119.37000274658203,118.81999969482422,119.16000366210938,93.22301483154297,4799600
2014-11-06,118.5999984741211,118.93000030517578,118.30999755859375,118.38999938964844,92.62061309814453,5901900
2014-11-07,118.72000122070312,119.75,118.68000030517578,119.75,93.68457794189453,8550500
2014-11-10,119.58000183105469,119.58000183105469,118.55999755859375,118.6500015258789,92.82402038574219,4787300
2014-11-11,118.4800033569336,118.80999755859375,118.33999633789062,118.7300033569336,92.88656616210938,2416500
2014-11-12,119.19999694824219,119.52999877929688,118.44999694824219,118.62999725341797,92.80831146240234,4040800
2014-11-13,118.69999694824219,119.18000030517578,118.44000244140625,118.91000366210938,93.02741241455078,4475900
2014-11-14,118.83999633789062,119.58999633789062,118.68000030517578,119.48999786376953,93.48114776611328,5191200
2014-11-17,119.77999877929688,119.79000091552734,118.87999725341797,119.19000244140625,93.24646759033203,4726200
2014-11-18,119.31999969482422,119.58000183105469,119.16000366210938,119.5199966430664,93.50462341308594,4471200
2014-11-19,118.87999725341797,119.58000183105469,118.76000213623047,118.76000213623047,92.91007995605469,5792500
2014-11-20,119.9000015258789,119.94999694824219,119.05999755859375,119.37999725341797,93.39512634277344,5683600
2014-11-21,119.56999969482422,120.16000366210938,119.5199966430664,120.0999984741211,93.95838928222656,3640100
2014-11-24,119.66999816894531,120.2699966430664,119.55000305175781,120.19999694824219,94.03661346435547,4033900
2014-11-25,120.37000274658203,121.2699966430664,120.30999755859375,121.19999694824219,94.81898498535156,6770000
2014-11-26,121.63999938964844,121.87000274658203,121.47000122070312,121.52999877929688,95.07711791992188,4339100
2014-11-28,122.12999725341797,122.66999816894531,122.12999725341797,122.48999786376953,95.82817077636719,4562200
2014-12-01,122.68000030517578,122.80999755859375,121.45999908447266,121.5,95.26914978027344,7728600
2014-12-02,120.83999633789062,120.8499984741211,120.29000091552734,120.31999969482422,94.34384155273438,5757200
2014-12-03,120.30000305175781,120.80000305175781,120.12999725341797,120.79000091552734,94.71239471435547,4868600
2014-12-04,120.75,121.80000305175781,120.62000274658203,121.80000305175781,95.50434112548828,4250500
2014-12-05,121.56999969482422,121.5999984741211,120.5199966430664,121.08999633789062,94.94764709472656,8030700
2014-12-08,121.41999816894531,122.83999633789062,121.13999938964844,122.56999969482422,96.10807800292969,6021800
2014-12-09,123.5999984741211,123.97000122070312,122.95999908447266,123.19999694824219,96.60205841064453,6639700
2014-12-10,123.18000030517578,124.4000015258789,123.08000183105469,124.0999984741211,97.30781555175781,6439200
2014-12-11,123.73999786376953,124.61000061035156,123.29000091552734,124.61000061035156,97.70768737792969,7863500
2014-12-12,125.44999694824219,126.3499984741211,125.0199966430664,126.30000305175781,99.03284454345703,9317400
2014-12-15,125.63999938964844,126.69999694824219,125.43000030517578,126.04000091552734,98.82890319824219,9387400
2014-12-16,127.36000061035156,127.72000122070312,126.36000061035156,127.5999984741211,100.05216217041016,7426400
2014-12-17,126.91000366210938,127.19000244140625,125.69999694824219,126.44999694824219,99.1504135131836,11558800
2014-12-18,124.93000030517578,125.0999984741211,124.19999694824219,124.19999694824219,97.38615417480469,12758200
2014-12-19,124.58000183105469,125.94999694824219,124.44000244140625,125.87000274658203,98.69566345214844,7894500
2014-12-22,125.44999694824219,126.19000244140625,125.31999969482422,126.04000091552734,98.82890319824219,4118800
2014-12-23,125.44999694824219,125.5999984741211,123.48999786376953,123.54000091552734,96.86865997314453,7406100
2014-12-24,123.05999755859375,124.05999755859375,122.93000030517578,123.94999694824219,97.39598846435547,4871400
2014-12-26,124.55000305175781,124.58999633789062,124.0199966430664,124.41000366210938,97.7574234008789,2921300
2014-12-29,124.91000366210938,125.66000366210938,124.80999755859375,125.33999633789062,98.48814392089844,4070700
2014-12-30,125.9800033569336,126.20999908447266,125.52999877929688,125.68000030517578,98.75532531738281,4372600
2014-12-31,125.69999694824219,126.16999816894531,125.6500015258789,125.91999816894531,98.94389343261719,4993300
2015-01-02,126.29000091552734,127.66000366210938,126.1500015258789,127.31999969482422,100.0439682006836,9432000
2015-01-05,128.00999450683594,129.6300048828125,127.95999908447266,129.32000732421875,101.61553955078125,9789500
2015-01-06,130.6999969482422,132.49000549316406,130.19000244140625,131.64999389648438,103.44635772705078,18331300
2015-01-07,130.6999969482422,131.97000122070312,130.1699981689453,131.38999938964844,103.24207305908203,9762900
2015-01-08,130.36000061035156,130.3699951171875,129.4199981689453,129.64999389648438,101.87483978271484,8055300
2015-01-09,129.1999969482422,131.11000061035156,129.0399932861328,131.07000732421875,102.99059295654297,9398800
2015-01-12,131.0,132.30999755859375,130.9199981689453,131.82000732421875,103.57996368408203,6658100
2015-01-13,131.38999938964844,132.61000061035156,131.13999938964844,131.82000732421875,103.57996368408203,8260800
2015-01-14,133.72000122070312,134.1199951171875,132.6999969482422,132.82000732421875,104.3656997680664,12324500
2015-01-15,132.85000610351562,135.02999877929688,132.67999267578125,134.91000366210938,106.00794982910156,11454200
2015-01-16,134.3300018310547,134.67999267578125,133.02999877929688,133.19000244140625,104.656494140625,9390500
2015-01-20,134.1300048828125,135.11000061035156,134.07000732421875,134.9600067138672,106.04727935791016,7758700
2015-01-21,135.1999969482422,135.58999633789062,132.9600067138672,133.39999389648438,104.82146453857422,9803900
2015-01-22,134.0,134.17999267578125,132.27999877929688,132.9199981689453,104.44426727294922,10200000
2015-01-23,134.3000030517578,135.1199951171875,134.14999389648438,134.77000427246094,105.89795684814453,7334600
2015-01-26,134.83999633789062,135.19000244140625,134.0500030517578,134.36000061035156,105.57577514648438,5966500
2015-01-27,135.72999572753906,136.1300048828125,134.14999389648438,134.57000732421875,105.74079132080078,8079600
2015-01-28,134.75,137.41000366210938,134.6999969482422,136.77000427246094,107.4694595336914,12230300
2015-01-29,136.1199951171875,136.6699981689453,135.4600067138672,135.8699951171875,106.76231384277344,8881400
2015-01-30,137.7100067138672,138.5,137.17999267578125,138.27999877929688,108.65603637695312,14871200
2015-02-02,136.6999969482422,137.9199981689453,136.66000366210938,137.47999572753906,108.24578094482422,13689900
2015-02-03,135.64999389648438,135.7899932861328,134.3699951171875,134.57000732421875,105.95453643798828,14008700
2015-02-04,133.49000549316406,134.99000549316406,133.1199951171875,134.8000030517578,106.13571166992188,11360400
2015-02-05,134.0,134.22999572753906,133.11000061035156,133.32000732421875,104.97036743164062,8334600
2015-02-06,132.0500030517578,132.35000610351562,130.58999633789062,130.9600067138672,103.11219787597656,13685600
2015-02-09,131.97000122070312,131.97999572753906,130.75,130.75,102.94691467285156,8025500
2015-02-10,130.13999938964844,130.47000122070312,129.44000244140625,129.7100067138672,102.12799835205078,8290700
2015-02-11,129.6999969482422,130.27000427246094,128.9600067138672,129.9499969482422,102.31697082519531,6506400
2015-02-12,129.66000366210938,130.5399932861328,129.4499969482422,129.52000427246094,101.97840118408203,12548300
2015-02-13,129.50999450683594,129.52999877929688,128.08999633789062,128.19000244140625,100.93124389648438,8325200
2015-02-17,127.80000305175781,127.93000030517578,125.91999816894531,126.26000213623047,99.4116439819336,14968800
2015-02-18,126.81999969482422,127.73999786376953,126.47000122070312,127.01000213623047,100.00213623046875,14009200
2015-02-19,126.77999877929688,127.44999694824219,126.16999816894531,126.16999816894531,99.34075164794922,8584800
2015-02-20,127.05000305175781,128.00999450683594,126.0,126.54000091552734,99.63208770751953,12502500
2015-02-23,127.19000244140625,128.1699981689453,127.16000366210938,127.98999786376953,100.77375030517578,7500500
2015-02-24,127.6500015258789,129.7899932861328,127.18000030517578,129.6699981689453,102.09654998779297,11958300
2015-02-25,129.4600067138672,130.38999938964844,129.0800018310547,130.22999572753906,102.53744506835938,8019800
2015-02-26,129.6999969482422,130.3000030517578,128.39999389648438,128.4499969482422,101.13597106933594,11020500
2015-02-27,129.02000427246094,129.6199951171875,128.27000427246094,129.52999877929688,101.98632049560547,9225100
2015-03-02,129.0,129.07000732421875,126.7699966430664,126.87000274658203,100.08663940429688,11324000
2015-03-03,126.88999938964844,127.37000274658203,126.37999725341797,126.41000366210938,99.72377014160156,8599000
2015-03-04,126.94000244140625,127.04000091552734,126.16000366210938,126.44999694824219,99.75531005859375,6478900
2015-03-05,126.52999877929688,126.87999725341797,125.9000015258789,126.29000091552734,99.62907409667969,6045000
2015-03-06,124.66999816894531,124.83000183105469,122.97000122070312,123.5,97.42807006835938,20022900
2015-03-09,124.68000030517578,124.87000274658203,124.12999725341797,124.63999938964844,98.3274154663086,8889100
2015-03-10,125.97000122070312,126.44000244140625,125.76000213623047,126.27999877929688,99.62115478515625,9277900
2015-03-11,126.26000213623047,127.45999908447266,126.12000274658203,127.19999694824219,100.34698486328125,6663100
2015-03-12,128.1999969482422,128.1999969482422,126.72000122070312,127.11000061035156,100.27596282958984,10295900
2015-03-13,126.76000213623047,127.58999633789062,126.48999786376953,126.72000122070312,99.9682846069336,7247200
2015-03-16,127.94000244140625,128.14999389648438,127.2699966430664,127.94000244140625,100.93080139160156,6374600
2015-03-17,128.5500030517578,129.11000061035156,128.27999877929688,129.0,101.7669906616211,6314000
2015-03-18,129.91000366210938,131.52999877929688,128.61000061035156,131.49000549316406,103.7313003540039,13981900
2015-03-19,131.1999969482422,131.6199951171875,130.27000427246094,130.82000732421875,103.20278930664062,9543800
2015-03-20,131.22000122070312,131.6999969482422,131.13999938964844,131.50999450683594,103.74706268310547,5953800
2015-03-23,131.6999969482422,131.75,130.99000549316406,131.35000610351562,103.6208724975586,5555500
2015-03-24,131.8300018310547,132.63999938964844,131.47999572753906,132.6199951171875,104.62279510498047,6713000
2015-03-25,132.72000122070312,132.75999450683594,131.4600067138672,131.5,103.73917388916016,5635800
2015-03-26,131.0500030517578,131.13999938964844,129.17999267578125,129.4499969482422,102.1219711303711,9536300
2015-03-27,130.02999877929688,131.1300048828125,129.97999572753906,131.05999755859375,103.39207458496094,7907900
2015-03-30,130.89999389648438,131.0,130.08999633789062,130.41000366210938,102.87931060791016,7010600
2015-03-31,130.24000549316406,130.9600067138672,129.91000366210938,130.69000244140625,103.10022735595703,6844300
2015-04-01,131.3300018310547,132.47999572753906,131.3000030517578,132.1300048828125,104.45439147949219,9273900
2015-04-02,131.92999267578125,131.97000122070312,130.61000061035156,130.72999572753906,103.34764099121094,6663400
2015-04-06,131.42999267578125,131.47999572753906,129.72000122070312,130.0,102.77056121826172,5923800
2015-04-07,130.22999572753906,131.22000122070312,129.85000610351562,131.08999633789062,103.63224792480469,4764900
2015-04-08,131.02000427246094,131.36000061035156,130.02000427246094,131.1300048828125,103.66385650634766,5378900
2015-04-09,130.8699951171875,130.9199981689453,129.1300048828125,129.42999267578125,102.31993865966797,6484200
2015-04-10,130.32000732421875,130.4499969482422,129.5500030517578,129.6199951171875,102.47013854980469,4843000
2015-04-13,129.52999877929688,129.97999572753906,129.38999938964844,129.8000030517578,102.61245727539062,4010600
2015-04-14,131.30999755859375,131.86000061035156,130.47999572753906,130.72000122070312,103.33972930908203,6075500
2015-04-15,131.0500030517578,131.27000427246094,130.32000732421875,130.61000061035156,103.25279235839844,4425200
2015-04-16,130.8300018310547,130.86000061035156,129.41000366210938,129.9600067138672,102.73892211914062,7085500
2015-04-17,129.77000427246094,131.6999969482422,129.6999969482422,131.4499969482422,103.91681671142578,7268800
2015-04-20,130.94000244140625,131.00999450683594,129.92999267578125,130.2899932861328,102.99982452392578,4949400
2015-04-21,130.22999572753906,130.4499969482422,129.55999755859375,129.6999969482422,102.53340148925781,4563800
2015-04-22,129.5,129.5500030517578,127.54000091552734,127.72000122070312,100.96814727783203,9707600
2015-04-23,127.80000305175781,128.85000610351562,127.61000061035156,128.27000427246094,101.4029312133789,6843400
2015-04-24,128.63999938964844,129.42999267578125,128.58999633789062,129.07000732421875,102.03536987304688,4773000
2015-04-27,129.07000732421875,129.5,128.3699951171875,129.07000732421875,102.03536987304688,4334900
2015-04-28,128.1699981689453,128.74000549316406,127.26000213623047,127.29000091552734,100.6281967163086,7464300
2015-04-29,125.80999755859375,126.44000244140625,125.27999877929688,125.7300033569336,99.39495849609375,11554800
2015-04-30,125.04000091552734,126.16999816894531,124.51000213623047,125.94999694824219,99.56881713867188,12876000
2015-05-01,124.7300033569336,125.04000091552734,123.69000244140625,124.0,98.22852325439453,12378500
2015-05-04,124.30000305175781,124.52999877929688,122.72000122070312,122.83000183105469,97.30171203613281,9144700
2015-05-05,122.86000061035156,123.02999877929688,121.69000244140625,122.66000366210938,97.16703796386719,13935500
2015-05-06,121.98999786376953,122.05999755859375,120.37000274658203,120.55999755859375,95.50345611572266,14355000
2015-05-07,121.43000030517578,122.56999969482422,121.3499984741211,122.18000030517578,96.78673553466797,11933700
2015-05-08,123.37999725341797,123.55000305175781,122.30999755859375,122.51000213623047,97.04820251464844,11716400
2015-05-11,121.62000274658203,121.6500015258789,119.5,119.52999877929688,94.68754577636719,13738600
2015-05-12,119.13999938964844,120.62999725341797,118.81999969482422,119.83999633789062,94.93307495117188,15861700
2015-05-13,120.6500015258789,120.72000122070312,118.63999938964844,118.87999725341797,94.17263793945312,15760000
2015-05-14,118.91999816894531,119.83000183105469,118.69000244140625,119.19999694824219,94.4261245727539,9128400
2015-05-15,120.37999725341797,121.91000366210938,120.29000091552734,121.58999633789062,96.31940460205078,12630600
2015-05-18,120.31999969482422,120.43000030517578,119.47000122070312,119.55000305175781,94.70339965820312,10208300
2015-05-19,118.2699966430664,119.83999633789062,118.12999725341797,118.48999786376953,93.86367797851562,8435300
2015-05-20,118.7699966430664,119.44999694824219,118.18000030517578,118.69000244140625,94.02208709716797,7789700
2015-05-21,119.58000183105469,120.61000061035156,119.44999694824219,120.3499984741211,95.33712005615234,11760700
2015-05-22,120.6500015258789,120.75,119.80000305175781,120.4000015258789,95.3767318725586,5417900
2015-05-26,120.83999633789062,122.55000305175781,120.73999786376953,122.45999908447266,97.00859832763672,10469700
2015-05-27,122.18000030517578,122.86000061035156,121.61000061035156,122.73999786376953,97.23038482666016,6490300
2015-05-28,122.5,123.02999877929688,122.22000122070312,122.44000244140625,96.9926986694336,6237600
2015-05-29,123.2300033569336,123.56999969482422,122.51000213623047,122.70999908447266,97.20661926269531,7912000
2015-06-01,122.11000061035156,122.37999725341797,120.69000244140625,121.12999725341797,96.161865234375,13108100
2015-06-02,120.16999816894531,120.26000213623047,119.11000061035156,119.44000244140625,94.82025909423828,10076200
2015-06-03,118.38999938964844,118.5999984741211,117.19999694824219,117.5199966430664,93.29597473144531,14810900
2015-06-04,118.26000213623047,119.29000091552734,118.13999938964844,119.05000305175781,94.51067352294922,10859300
2015-06-05,117.83999633789062,118.56999969482422,117.37999725341797,117.5999984741211,93.35951232910156,11200200
2015-06-08,117.95999908447266,118.16000366210938,117.37000274658203,117.47000122070312,93.25628662109375,5334000
2015-06-09,117.05999755859375,117.12999725341797,116.11000061035156,116.54000091552734,92.51800537109375,12393900
2015-06-10,115.91999816894531,116.12999725341797,115.26000213623047,115.5199966430664,91.708251953125,12183600
2015-06-11,116.55999755859375,117.97000122070312,116.23999786376953,117.94999694824219,93.63735961914062,13849300
2015-06-12,117.58999633789062,119.06999969482422,117.55000305175781,117.94999694824219,93.63735961914062,7863100
2015-06-15,118.88999938964844,119.05999755859375,117.73999786376953,118.13999938964844,93.7882080078125,8194200
2015-06-16,118.61000061035156,119.08000183105469,117.94000244140625,119.06999969482422,94.52648162841797,7046400
2015-06-17,118.5,118.62999725341797,117.25,118.1500015258789,93.79615783691406,13626100
2015-06-18,117.37000274658203,117.73999786376953,116.75,117.56999969482422,93.33570098876953,10123300
2015-06-19,118.51000213623047,119.19000244140625,118.48999786376953,119.08000183105469,94.53441619873047,10439200
2015-06-22,117.83999633789062,118.13999938964844,116.58999633789062,116.6500015258789,92.6053237915039,9769000
2015-06-23,115.7300033569336,116.95999908447266,115.69000244140625,115.94999694824219,92.04959106445312,8945100
2015-06-24,116.51000213623047,117.16999816894531,116.16000366210938,116.94999694824219,92.84352111816406,8600400
2015-06-25,116.58999633789062,117.08000183105469,116.19000244140625,116.54000091552734,92.51800537109375,8287800
2015-06-26,115.66999816894531,115.87000274658203,114.87999725341797,115.2300033569336,91.47803497314453,11673000
2015-06-29,116.95999908447266,118.66999816894531,116.45999908447266,118.27999877929688,93.89934539794922,17132900
2015-06-30,117.4000015258789,118.69999694824219,117.33000183105469,117.45999908447266,93.24838256835938,13469000
2015-07-01,115.81999969482422,116.36000061035156,115.43000030517578,115.62000274658203,91.98970794677734,12451500
2015-07-02,116.31999969482422,116.66000366210938,115.87999725341797,116.0,92.29205322265625,6682100
2015-07-06,118.05000305175781,118.6500015258789,117.05999755859375,118.1500015258789,94.00263214111328,10605800
2015-07-07,119.66000366210938,120.48999786376953,118.94999694824219,119.26000213623047,94.88575744628906,16160100
2015-07-08,120.0199966430664,120.56999969482422,119.5,120.29000091552734,95.70521545410156,9951800
2015-07-09,118.69999694824219,119.12000274658203,117.8499984741211,117.91999816894531,93.81963348388672,11108900
2015-07-10,116.04000091552734,116.72000122070312,115.76000213623047,116.05000305175781,92.33183288574219,13636600
2015-07-13,115.38999938964844,116.45999908447266,115.38999938964844,115.69000244140625,92.04535675048828,8006700
2015-07-14,116.0199966430664,116.2699966430664,115.66000366210938,116.06999969482422,92.34768676757812,4227800
2015-07-15,116.11000061035156,117.55000305175781,116.04000091552734,117.30000305175781,93.32632446289062,8720400
2015-07-16,116.88999938964844,118.16000366210938,116.87000274658203,118.11000061035156,93.97080993652344,7306500
2015-07-17,118.37000274658203,118.88999938964844,118.36000061035156,118.72000122070312,94.45612335205078,7404900
2015-07-20,118.29000091552734,118.6500015258789,117.9000015258789,118.22000122070312,94.05829620361328,5941000
2015-07-21,117.68000030517578,118.93000030517578,117.66000366210938,118.86000061035156,94.56748962402344,5627500
2015-07-22,119.01000213623047,119.9000015258789,118.94999694824219,119.5999984741211,95.15626525878906,6228900
2015-07-23,119.5999984741211,121.19999694824219,119.44999694824219,121.08999633789062,96.34173583984375,9087700
2015-07-24,121.5,121.55000305175781,120.91999816894531,121.38999938964844,96.58042907714844,7307900
2015-07-27,122.19000244140625,122.29000091552734,121.4800033569336,122.04000091552734,97.09757995605469,8172000
2015-07-28,121.16000366210938,121.56999969482422,120.9000015258789,121.1500015258789,96.38948822021484,9128200
2015-07-29,121.0199966430664,121.16999816894531,120.41999816894531,120.69999694824219,96.03142547607422,6706400
2015-07-30,121.20999908447266,121.94000244140625,121.1500015258789,121.62999725341797,96.77134704589844,6146600
2015-07-31,122.44000244140625,122.9000015258789,122.05999755859375,122.52999877929688,97.48745727539062,9178400
2015-08-03,122.31999969482422,123.75,122.31999969482422,123.55000305175781,98.51361846923828,11753700
2015-08-04,123.16000366210938,123.31999969482422,122.45999908447266,122.56999969482422,97.73220825195312,6448800
2015-08-05,121.7699966430664,121.91000366210938,121.19000244140625,121.6500015258789,96.9986572265625,7574400
2015-08-06,122.0,122.87000274658203,122.0,122.7300033569336,97.85982513427734,6118100
2015-08-07,123.30000305175781,124.5,123.23999786376953,124.33999633789062,99.14351654052734,8317000
2015-08-10,123.41000366210938,123.56999969482422,122.5199966430664,122.80000305175781,97.91561126708984,7461700
2015-08-11,124.30000305175781,125.12999725341797,124.16000366210938,124.75,99.4704360961914,11145700
2015-08-12,124.93000030517578,125.70999908447266,124.0,124.06999969482422,98.92826080322266,8455200
2015-08-13,123.83000183105469,124.41999816894531,123.22000122070312,123.66999816894531,98.60932159423828,7691400
2015-08-14,123.47000122070312,124.37000274658203,123.19999694824219,123.95999908447266,98.84049987792969,4324700
2015-08-17,124.70999908447266,125.0999984741211,124.38999938964844,124.5199966430664,99.28704071044922,7880300
2015-08-18,123.80000305175781,124.29000091552734,123.37999725341797,123.54000091552734,98.50565338134766,5024300
2015-08-19,123.05999755859375,124.93000030517578,122.98999786376953,124.76000213623047,99.47846984863281,10736000
2015-08-20,125.37000274658203,126.0999984741211,125.18000030517578,126.0199966430664,100.48310089111328,9078300
2015-08-21,126.16000366210938,126.73999786376953,125.58999633789062,126.4000015258789,100.78616333007812,10718300
2015-08-24,128.30999755859375,128.9199981689453,125.81999969482422,126.36000061035156,100.75421142578125,16663400
2015-08-25,124.55000305175781,124.79000091552734,123.55999755859375,124.33000183105469,99.13558197021484,15354800
2015-08-26,123.0,123.51000213623047,121.36000061035156,121.93000030517578,97.22191619873047,16429900
2015-08-27,121.81999969482422,122.87000274658203,121.6500015258789,122.0,97.27771759033203,9127000
2015-08-28,123.1500015258789,123.47000122070312,122.2300033569336,122.36000061035156,97.56477355957031,9946200
2015-08-31,123.36000061035156,123.47000122070312,121.33999633789062,121.41999816894531,96.81524658203125,8617600
2015-09-01,121.63999938964844,122.08999633789062,120.9800033569336,122.02999877929688,97.51287078857422,15298200
2015-09-02,121.41999816894531,121.9800033569336,120.86000061035156,120.9800033569336,96.67388153076172,9515200
2015-09-03,121.37999725341797,121.66999816894531,120.70999908447266,121.56999969482422,97.1452865600586,7042500
2015-09-04,122.44999694824219,122.93000030517578,121.81999969482422,122.68000030517578,98.0322494506836,7951300
2015-09-08,121.37999725341797,121.55999755859375,120.76000213623047,120.87000274658203,96.58594512939453,7049500
2015-09-09,119.62999725341797,121.70999908447266,119.55999755859375,121.44999694824219,97.04937744140625,7441900
2015-09-10,121.0199966430664,121.19000244140625,120.44999694824219,120.62999725341797,96.39418029785156,6789700
2015-09-11,121.47000122070312,122.08000183105469,121.33000183105469,121.38999938964844,97.00146484375,5890900
2015-09-14,121.94999694824219,122.1500015258789,121.27999877929688,121.58000183105469,97.1532974243164,4221700
2015-09-15,120.88999938964844,121.05000305175781,119.12000274658203,119.25,95.29139709472656,11895000
2015-09-16,118.95999908447266,119.44000244140625,118.55000305175781,118.80000305175781,94.93180847167969,6949800
2015-09-17,118.87999725341797,120.37000274658203,118.7300033569336,120.25,96.09049987792969,19843600
2015-09-18,121.20999908447266,122.19999694824219,121.12999725341797,122.0999984741211,97.56881713867188,14963300
2015-09-21,121.01000213623047,121.11000061035156,119.77999877929688,120.11000061035156,95.97864532470703,10085600
2015-09-22,121.44000244140625,122.38999938964844,121.13999938964844,121.77999877929688,97.31306457519531,9968200
2015-09-23,121.62000274658203,122.06999969482422,120.98999786376953,121.7699966430664,97.30510711669922,6769900
2015-09-24,123.16999816894531,123.68000030517578,122.48999786376953,122.5999984741211,97.96835327148438,9605800
2015-09-25,121.6500015258789,121.93000030517578,121.2699966430664,121.54000091552734,97.12133026123047,8383700
2015-09-28,122.19999694824219,123.7699966430664,122.19999694824219,123.62000274658203,98.7834243774414,9833400
2015-09-29,123.54000091552734,124.29000091552734,123.25,123.97000122070312,99.0631103515625,9006100
2015-09-30,123.41000366210938,123.80000305175781,123.12000274658203,123.54000091552734,98.71949005126953,9832600
2015-10-01,124.08000183105469,124.5199966430664,123.66000366210938,123.80999755859375,99.14070892333984,9069400
2015-10-02,125.58999633789062,126.20999908447266,124.18000030517578,124.55999755859375,99.74124908447266,13000400
2015-10-05,123.72000122070312,123.83000183105469,122.77999877929688,122.87000274658203,98.3879623413086,11362700
2015-10-06,122.55000305175781,123.5999984741211,122.41000366210938,123.4000015258789,98.81237030029297,5687800
2015-10-07,122.80999755859375,123.33000183105469,122.51000213623047,122.98999786376953,98.48407745361328,6712800
2015-10-08,123.29000091552734,123.37000274658203,121.66000366210938,121.95999908447266,97.65929412841797,12882300
2015-10-09,121.97000122070312,122.63999938964844,121.9000015258789,122.27999877929688,97.9155502319336,9038100
2015-10-12,123.02999877929688,123.43000030517578,122.91000366210938,123.20999908447266,98.66021728515625,4241000
2015-10-13,123.52999877929688,123.5999984741211,122.80000305175781,123.41999816894531,98.82839965820312,6147200
2015-10-14,123.69999694824219,124.55000305175781,123.30000305175781,124.5,99.69322967529297,9738100
2015-10-15,124.30999755859375,124.45999908447266,123.77999877929688,123.88999938964844,99.20471954345703,6924300
2015-10-16,124.25,124.47000122070312,123.87000274658203,123.93000030517578,99.23677825927734,8048300
2015-10-19,123.79000091552734,123.97000122070312,122.91000366210938,123.58999633789062,98.96449279785156,6238400
2015-10-20,122.80000305175781,122.97000122070312,122.55000305175781,122.83000183105469,98.35596466064453,6431300
2015-10-21,123.61000061035156,124.22000122070312,123.47000122070312,124.05000305175781,99.3328628540039,6603800
2015-10-22,124.0999984741211,124.77999877929688,123.51000213623047,124.26000213623047,99.5009994506836,6934100
2015-10-23,123.0999984741211,123.45999908447266,122.8499984741211,123.19999694824219,98.6522216796875,7058200
2015-10-26,123.87000274658203,124.19999694824219,123.80999755859375,124.0199966430664,99.30883026123047,5859800
2015-10-27,124.51000213623047,124.9000015258789,124.16000366210938,124.33000183105469,99.5571060180664,7156800
2015-10-28,124.2699966430664,124.33999633789062,123.30000305175781,123.83000183105469,99.15668487548828,8468700
2015-10-29,123.18000030517578,123.22000122070312,121.69999694824219,121.86000061035156,97.57919311523438,12108000
2015-10-30,122.23999786376953,122.80999755859375,122.0199966430664,122.77999877929688,98.31593322753906,11861400
2015-11-02,121.77999877929688,122.18000030517578,121.68000030517578,121.94999694824219,97.86412811279297,8751000
2015-11-03,121.6500015258789,121.73999786376953,120.79000091552734,120.94999694824219,97.06163787841797,8921600
2015-11-04,121.0999984741211,121.54000091552734,120.69999694824219,121.08999633789062,97.17394256591797,5980800
2015-11-05,121.05000305175781,121.05999755859375,120.30000305175781,120.7699966430664,96.91717529296875,7268400
2015-11-06,119.48999786376953,119.52999877929688,118.73999786376953,119.0,95.4967041015625,10604700
2015-11-09,118.0999984741211,118.9000015258789,118.0,118.33000183105469,94.9590835571289,9159500
2015-11-10,118.5,119.20999908447266,118.37999725341797,118.68000030517578,95.23997497558594,6712500
2015-11-11,118.3499984741211,118.58000183105469,118.2699966430664,118.43000030517578,95.0393295288086,2857900
2015-11-12,118.75,119.44000244140625,118.69999694824219,119.0,95.4967041015625,6805700
2015-11-13,119.31999969482422,119.9000015258789,119.22000122070312,119.68000030517578,96.04244232177734,7906600
2015-11-16,119.79000091552734,120.0,119.12999725341797,119.56999969482422,95.95416259765625,5485300
2015-11-17,119.0,120.12999725341797,118.66000366210938,119.7699966430664,96.1146469116211,5122900
2015-11-18,119.58000183105469,120.19000244140625,119.36000061035156,120.0199966430664,96.31527709960938,5233900
2015-11-19,120.87999725341797,121.1500015258789,120.68000030517578,120.81999969482422,96.95730590820312,6643000
2015-11-20,120.93000030517578,121.04000091552734,120.27999877929688,120.44999694824219,96.66036987304688,5971000
2015-11-23,120.52999877929688,121.12000274658203,120.31999969482422,120.81999969482422,96.95730590820312,5436300
2015-11-24,120.9000015258789,121.19999694824219,120.58000183105469,120.80999755859375,96.94927215576172,3371500
2015-11-25,121.16999816894531,121.41999816894531,120.94999694824219,121.08999633789062,97.17394256591797,3280900
2015-11-27,121.25,121.31999969482422,120.95999908447266,120.97000122070312,97.07768249511719,2570600
2015-11-30,121.0999984741211,121.52999877929688,121.05999755859375,121.44999694824219,97.46286010742188,5179800
2015-12-01,121.26000213623047,122.8499984741211,121.26000213623047,122.83000183105469,98.77934265136719,12766600
2015-12-02,122.66000366210938,123.04000091552734,122.19000244140625,122.87000274658203,98.81147766113281,7345800
2015-12-03,121.36000061035156,121.4000015258789,118.98999786376953,119.52999877929688,96.12545013427734,16612200
2015-12-04,119.52999877929688,120.93000030517578,119.47000122070312,120.58000183105469,96.96989440917969,11843800
2015-12-07,120.80999755859375,122.45999908447266,120.80000305175781,121.75,97.91081237792969,9016700
2015-12-08,122.27999877929688,122.43000030517578,121.44999694824219,121.80999755859375,97.95903015136719,7257500
2015-12-09,121.3499984741211,122.1500015258789,120.51000213623047,121.68000030517578,97.85450744628906,8993900
2015-12-10,121.79000091552734,122.02999877929688,121.48999786376953,121.83999633789062,97.98320007324219,5606900
2015-12-11,123.02999877929688,124.0999984741211,122.87000274658203,123.76000213623047,99.52723693847656,12300000
2015-12-14,123.08000183105469,123.1500015258789,121.75,122.16000366210938,98.24051666259766,10661100
2015-12-15,121.0199966430664,121.5999984741211,120.83000183105469,121.44000244140625,97.6614990234375,8795500
2015-12-16,121.06999969482422,122.16999816894531,120.5,121.18000030517578,97.45240783691406,10988600
2015-12-17,121.77999877929688,122.77999877929688,121.63999938964844,122.55000305175781,98.55413818359375,9923000
2015-12-18,123.08000183105469,123.5199966430664,122.81999969482422,123.2300033569336,99.1009521484375,10171700
2015-12-21,123.43000030517578,123.77999877929688,122.91999816894531,123.19999694824219,99.07685089111328,7494900
2015-12-22,122.6500015258789,122.80000305175781,121.98999786376953,122.30999755859375,98.36112976074219,5445800
2015-12-23,121.2300033569336,121.61000061035156,120.87000274658203,121.38999938964844,97.62127685546875,7287100
2015-12-24,121.47000122070312,121.87000274658203,121.4000015258789,121.83000183105469,98.18057250976562,3364600
2015-12-28,121.98999786376953,122.66999816894531,121.8499984741211,122.19000244140625,98.47069549560547,7586600
2015-12-29,121.69000244140625,121.73999786376953,120.01000213623047,120.16000366210938,96.83474731445312,7787500
2015-12-30,119.91999816894531,120.54000091552734,119.66999816894531,120.04000091552734,96.73802947998047,5508900
2015-12-31,120.56999969482422,120.86000061035156,120.25,120.58000183105469,97.17318725585938,7897700
2016-01-04,121.93000030517578,122.44999694824219,121.31999969482422,121.44999694824219,97.87432098388672,10591900
2016-01-05,120.87999725341797,121.5,120.66000366210938,120.95999908447266,97.47943878173828,6242600
2016-01-06,122.30000305175781,122.62000274658203,122.05000305175781,122.58999633789062,98.79299926757812,8916900
2016-01-07,122.68000030517578,122.93000030517578,121.79000091552734,122.80999755859375,98.97035217285156,10202200
2016-01-08,122.43000030517578,123.47000122070312,122.2300033569336,123.36000061035156,99.41358184814453,9577200
2016-01-11,122.04000091552734,122.79000091552734,121.86000061035156,122.01000213623047,98.3256607055664,10040300
2016-01-12,122.33999633789062,124.31999969482422,122.1500015258789,123.7699966430664,99.74398803710938,12897700
2016-01-13,123.52999877929688,125.5,123.2699966430664,124.98999786376953,100.72711944580078,15577600
2016-01-14,124.47000122070312,124.97000122070312,123.33999633789062,123.81999969482422,99.78426361083984,12873800
2016-01-15,125.4000015258789,125.95999908447266,125.08000183105469,125.75,101.33959197998047,13976300
2016-01-19,125.12999725341797,126.06999969482422,124.94999694824219,125.36000061035156,101.02529907226562,8926600
2016-01-20,126.9800033569336,127.91999816894531,126.41999816894531,126.68000030517578,102.0890884399414,17283300
2016-01-21,126.94000244140625,127.29000091552734,125.66999816894531,125.81999969482422,101.39605712890625,11001600
2016-01-22,124.91000366210938,125.52999877929688,124.5199966430664,125.33999633789062,101.00920104980469,10164300
2016-01-25,125.94999694824219,126.2699966430664,125.6500015258789,126.0199966430664,101.55716705322266,5738200
2016-01-26,125.98999786376953,126.45999908447266,125.75,126.08000183105469,101.60554504394531,5692600
2016-01-27,125.75,126.29000091552734,125.19000244140625,126.05000305175781,101.58139038085938,7957800
2016-01-28,125.54000091552734,126.41000366210938,125.45999908447266,126.2300033569336,101.72647094726562,10575400
2016-01-29,127.41000366210938,127.86000061035156,126.91999816894531,127.30000305175781,102.58873748779297,13170700
2016-02-01,126.79000091552734,127.06999969482422,126.29000091552734,126.66999816894531,102.27466583251953,9948400
2016-02-02,128.10000610351562,129.0399932861328,128.0,129.02000427246094,104.17205810546875,10400000
2016-02-03,128.27999877929688,129.94000244140625,127.91999816894531,127.94999694824219,103.30817413330078,13309000
2016-02-04,128.22000122070312,128.58999633789062,127.51000213623047,128.57000732421875,103.80876159667969,9953500
2016-02-05,127.88999938964844,129.0,127.58999633789062,128.72000122070312,103.92987823486328,9200800
2016-02-08,129.72000122070312,131.6300048828125,129.67999267578125,131.49000549316406,106.16635131835938,14452200
2016-02-09,132.0399932861328,132.05999755859375,130.9600067138672,131.6300048828125,106.27937316894531,15232100
2016-02-10,131.6999969482422,132.83999633789062,131.11000061035156,132.7899932861328,107.21598815917969,12797100
2016-02-11,134.44000244140625,135.25,133.00999450683594,133.72000122070312,107.96688079833984,21620200
2016-02-12,132.63999938964844,133.1300048828125,130.92999267578125,131.5,106.17440032958984,13888400
2016-02-16,130.72000122070312,130.75,129.80999755859375,130.11000061035156,105.05220031738281,11766000
2016-02-17,129.63999938964844,129.8300018310547,128.7100067138672,129.30999755859375,104.40621185302734,13157300
2016-02-18,129.41000366210938,131.0,129.36000061035156,130.89999389648438,105.68997192382812,10196700
2016-02-19,130.94000244140625,131.82000732421875,130.72999572753906,131.00999450683594,105.77882385253906,8188700
2016-02-22,131.10000610351562,131.11000061035156,130.6999969482422,130.94000244140625,105.72232055664062,5054300
2016-02-23,129.8800048828125,131.74000549316406,129.77999877929688,131.47000122070312,106.15022277832031,8320700
2016-02-24,132.39999389648438,133.38999938964844,130.9499969482422,131.2100067138672,105.94031524658203,9091200
2016-02-25,131.47999572753906,132.55999755859375,131.32000732421875,131.67999267578125,106.31977844238281,6097200
2016-02-26,130.30999755859375,130.80999755859375,130.0399932861328,130.41000366210938,105.29436492919922,9245000
2016-02-29,130.47000122070312,131.1699981689453,130.4199981689453,130.97999572753906,105.75460815429688,8016100
2016-03-01,130.82000732421875,130.85000610351562,128.32000732421875,128.42999267578125,103.89242553710938,13729100
2016-03-02,128.32000732421875,128.97000122070312,128.2100067138672,128.9600067138672,104.32115173339844,7047700
2016-03-03,129.07000732421875,129.94000244140625,128.77000427246094,129.42999267578125,104.70135498046875,6394800
2016-03-04,128.75,129.1300048828125,127.76000213623047,128.60000610351562,104.0299301147461,8687000
2016-03-07,128.4499969482422,128.6699981689453,128.0500030517578,128.55999755859375,103.9975814819336,5493300
2016-03-08,130.35000610351562,130.99000549316406,129.9499969482422,129.97999572753906,105.14625549316406,7175400
2016-03-09,129.0800018310547,129.69000244140625,128.80999755859375,129.19000244140625,104.50720977783203,7194700
2016-03-10,129.5,129.83999633789062,127.91999816894531,128.66000366210938,104.0784912109375,10091600
2016-03-11,128.82000732421875,128.8800048828125,127.20999908447266,127.36000061035156,103.02684020996094,8927000
2016-03-14,127.81999969482422,128.38999938964844,127.66000366210938,127.76000213623047,103.35037994384766,5177000
2016-03-15,128.5,128.66000366210938,127.61000061035156,127.87999725341797,103.44751739501953,6413200
2016-03-16,127.75,128.52000427246094,127.37000274658203,128.25999450683594,103.75489044189453,9728900
2016-03-17,128.50999450683594,129.33999633789062,128.49000549316406,128.7899932861328,104.18364715576172,7805500
2016-03-18,129.0399932861328,129.50999450683594,128.6999969482422,129.05999755859375,104.40206909179688,8198600
2016-03-21,128.25,128.6199951171875,127.75,128.07000732421875,103.60118103027344,5514800
2016-03-22,128.8300018310547,129.02000427246094,127.91999816894531,128.0399932861328,103.57691192626953,4997900
2016-03-23,128.41000366210938,129.82000732421875,128.2899932861328,129.49000549316406,104.74992370605469,10628200
2016-03-24,130.5800018310547,130.63999938964844,129.0,129.5399932861328,104.79035186767578,6343300
2016-03-28,129.3800048828125,130.16000366210938,129.27999877929688,129.7100067138672,104.92784881591797,5058700
2016-03-29,130.3800048828125,131.08999633789062,130.02000427246094,131.07000732421875,106.0279769897461,9396700
2016-03-30,130.02999877929688,130.07000732421875,128.97999572753906,129.69000244140625,104.91165924072266,8478700
2016-03-31,129.97999572753906,130.80999755859375,129.7899932861328,130.61000061035156,105.65594482421875,7832300
2016-04-01,130.97999572753906,131.1300048828125,129.89999389648438,130.67999267578125,105.9315185546875,9341400
2016-04-04,130.7899932861328,130.97000122070312,130.27000427246094,130.75999450683594,105.99639129638672,5145100
2016-04-05,132.00999450683594,132.36000061035156,131.77999877929688,132.19000244140625,107.1555404663086,6482800
2016-04-06,131.52999877929688,131.6699981689453,130.74000549316406,131.22999572753906,106.3773422241211,6393700
2016-04-07,132.19000244140625,132.99000549316406,132.00999450683594,132.85000610351562,107.69054412841797,5963300
2016-04-08,132.1699981689453,132.39999389648438,131.63999938964844,132.00999450683594,107.0096206665039,5584800
2016-04-11,131.32000732421875,132.17999267578125,131.11000061035156,131.83999633789062,106.87181854248047,4805500
2016-04-12,131.0800018310547,131.5500030517578,130.52999877929688,130.92999267578125,106.13416290283203,4276000
2016-04-13,130.69000244140625,131.5800018310547,130.52000427246094,131.38999938964844,106.50702667236328,5207900
2016-04-14,130.91000366210938,131.30999755859375,130.49000549316406,130.75999450683594,105.99639129638672,6967000
2016-04-15,131.2899932861328,132.16000366210938,131.25,131.8800048828125,106.90426635742188,5831100
2016-04-18,131.3300018310547,131.44000244140625,130.66000366210938,131.30999755859375,106.44219207763672,4486600
2016-04-19,131.0800018310547,131.30999755859375,130.2899932861328,130.89999389648438,106.10984802246094,5212200
2016-04-20,131.16000366210938,131.64999389648438,129.27000427246094,129.4600067138672,104.94255065917969,10920700
2016-04-21,128.44000244140625,129.07000732421875,128.2899932861328,128.69000244140625,104.31842803955078,11154200
2016-04-22,128.85000610351562,128.91000366210938,128.24000549316406,128.36000061035156,104.0509033203125,5826400
2016-04-25,128.05999755859375,128.52000427246094,127.83000183105469,127.83000183105469,103.62125396728516,5539500
2016-04-26,127.76000213623047,127.76000213623047,127.12000274658203,127.25,103.15110778808594,7840000
2016-04-27,127.91999816894531,128.82000732421875,127.62000274658203,128.52000427246094,104.1805648803711,8380100
2016-04-28,128.2100067138672,129.13999938964844,128.0399932861328,129.0500030517578,104.61023712158203,7974600
2016-04-29,128.4499969482422,129.7100067138672,128.1999969482422,129.3800048828125,104.87769317626953,7416300
2016-05-02,128.66000366210938,128.89999389648438,127.80000305175781,127.81999969482422,103.82180786132812,11035200
2016-05-03,129.5500030517578,130.02000427246094,129.35000610351562,129.42999267578125,105.12947845458984,10736700
2016-05-04,129.67999267578125,130.1699981689453,129.19000244140625,130.13999938964844,105.70621490478516,7211200
2016-05-05,130.05999755859375,131.07000732421875,129.6999969482422,131.00999450683594,106.41285705566406,7870400
2016-05-06,130.85000610351562,130.86000061035156,130.2899932861328,130.4499969482422,105.9579849243164,7232500
2016-05-09,130.4600067138672,130.88999938964844,130.32000732421875,130.86000061035156,106.2910385131836,4950800
2016-05-10,130.85000610351562,131.1199951171875,130.64999389648438,130.8699951171875,106.29914093017578,4331900
2016-05-11,130.8300018310547,132.0,130.66000366210938,131.61000061035156,106.90019226074219,9256000
2016-05-12,130.66000366210938,131.1699981689453,130.58999633789062,131.00999450683594,106.41285705566406,6087400
2016-05-13,131.47999572753906,132.32000732421875,131.22999572753906,132.27999877929688,107.44442749023438,8707300
2016-05-16,131.63999938964844,131.66000366210938,130.97999572753906,131.13999938964844,106.51844787597656,5137000
2016-05-17,131.2100067138672,131.8300018310547,131.2100067138672,131.36000061035156,106.69717407226562,4449100
2016-05-18,130.80999755859375,130.85000610351562,128.91000366210938,129.49000549316406,105.1782455444336,12681000
2016-05-19,129.67999267578125,130.3300018310547,129.64999389648438,130.0500030517578,105.63311004638672,6209400
2016-05-20,129.64999389648438,130.39999389648438,129.5500030517578,130.14999389648438,105.71430969238281,5348900
2016-05-23,130.36000061035156,130.72999572753906,129.9199981689453,130.44000244140625,105.9499282836914,6979700
2016-05-24,129.97000122070312,130.19000244140625,129.24000549316406,129.86000061035156,105.478759765625,5968200
2016-05-25,129.8300018310547,130.25,129.30999755859375,129.3699951171875,105.08078002929688,6367400
2016-05-26,129.80999755859375,130.4499969482422,129.8000030517578,130.0399932861328,105.62495422363281,5419300
2016-05-27,130.07000732421875,130.25999450683594,129.6999969482422,129.85000610351562,105.47061920166016,5267600
2016-05-31,129.02000427246094,130.44000244140625,128.97999572753906,130.16000366210938,105.7224349975586,8344300
2016-06-01,130.6300048828125,131.27000427246094,130.11000061035156,130.4199981689453,106.1513900756836,9874900
2016-06-02,130.89999389648438,131.69000244140625,130.8699951171875,131.36000061035156,106.91648864746094,5835400
2016-06-03,132.86000061035156,133.22999572753906,132.60000610351562,133.22999572753906,108.4384536743164,11077200
2016-06-06,132.77999877929688,132.88999938964844,132.10000610351562,132.24000549316406,107.6327133178711,7573700
2016-06-07,132.63999938964844,132.97999572753906,132.5399932861328,132.55999755859375,107.89318084716797,4680200
2016-06-08,132.8699951171875,133.42999267578125,132.7100067138672,133.27000427246094,108.47105407714844,5313200
2016-06-09,134.32000732421875,134.5399932861328,133.92999267578125,134.1300048828125,109.1710433959961,6820300
2016-06-10,134.7899932861328,135.3300018310547,134.25999450683594,134.77999877929688,109.70008087158203,6984600
2016-06-13,135.08999633789062,135.38999938964844,134.77000427246094,135.3800048828125,110.18841552734375,7283300
2016-06-14,136.19000244140625,136.22000122070312,135.22000122070312,135.27999877929688,110.1070785522461,9012500
2016-06-15,135.52000427246094,136.22999572753906,135.30999755859375,135.8000030517578,110.53026580810547,7953200
2016-06-16,136.74000549316406,137.55999755859375,136.17999267578125,136.4600067138672,111.06742858886719,10372700
2016-06-17,136.1999969482422,136.27000427246094,135.25999450683594,135.61000061035156,110.37565612792969,8489900
2016-06-20,134.24000549316406,134.5500030517578,134.00999450683594,134.16000366210938,109.1954574584961,7365900
2016-06-21,134.2899932861328,134.5800018310547,133.4600067138672,133.5399932861328,108.69084167480469,6005800
2016-06-22,133.5,133.99000549316406,133.25,133.75999450683594,108.86992645263672,5773700
2016-06-23,132.61000061035156,133.32000732421875,132.0800018310547,132.22999572753906,107.62456512451172,9029100
2016-06-24,136.61000061035156,136.61000061035156,135.3000030517578,135.77999877929688,110.51399993896484,17155000
2016-06-27,138.44000244140625,139.58999633789062,138.39999389648438,139.1699981689453,113.27314758300781,16577100
2016-06-28,139.44000244140625,139.89999389648438,138.8800048828125,139.4600067138672,113.50921630859375,14006400
2016-06-29,139.67999267578125,140.1300048828125,138.25999450683594,138.38999938964844,112.63829803466797,12999800
2016-06-30,138.80999755859375,139.94000244140625,138.08999633789062,138.89999389648438,113.05341339111328,14698500
2016-07-01,140.80999755859375,140.82000732421875,139.19000244140625,140.57000732421875,114.62310791015625,15430200
2016-07-05,141.85000610351562,142.91000366210938,141.6999969482422,142.3300018310547,116.0582046508789,8840800
2016-07-06,142.7899932861328,143.0,141.9600067138672,142.55999755859375,116.24578857421875,14352800
2016-07-07,142.08999633789062,143.19000244140625,141.77999877929688,142.5500030517578,116.2376480102539,9676400
2016-07-08,142.9199981689453,143.6199951171875,142.36000061035156,143.60000610351562,117.09375762939453,10355300
2016-07-11,143.0500030517578,143.47000122070312,142.24000549316406,142.33999633789062,116.06639099121094,8099000
2016-07-12,140.4199981689453,140.86000061035156,139.63999938964844,140.0,114.1583023071289,15810600
2016-07-13,141.3699951171875,141.77000427246094,140.9499969482422,141.64999389648438,115.5036849975586,8181700
2016-07-14,139.27999877929688,139.83999633789062,139.08999633789062,139.58999633789062,113.82400512695312,10817000
2016-07-15,138.88999938964844,139.11000061035156,138.17999267578125,138.38999938964844,112.84546661376953,9958600
2016-07-18,139.07000732421875,139.25999450683594,137.72999572753906,138.25999450683594,112.73951721191406,5955900
2016-07-19,138.94000244140625,139.30999755859375,138.39999389648438,139.0399932861328,113.37552642822266,8073900
2016-07-20,138.22999572753906,138.50999450683594,137.91000366210938,138.27999877929688,112.755859375,6942500
2016-07-21,137.0399932861328,138.6199951171875,136.99000549316406,138.55999755859375,112.98411560058594,10398400
2016-07-22,137.92999267578125,139.24000549316406,137.8699951171875,138.8000030517578,113.17977905273438,5811400
2016-07-25,138.94000244140625,139.25999450683594,138.58999633789062,138.6999969482422,113.0982894897461,4243800
2016-07-26,139.52000427246094,139.52000427246094,138.4600067138672,138.9199981689453,113.27764892578125,5243400
2016-07-27,139.5500030517578,140.64999389648438,139.39999389648438,140.64999389648438,114.6883316040039,8508100
2016-07-28,139.8000030517578,140.83999633789062,139.7100067138672,140.38999938964844,114.47637176513672,7336100
2016-07-29,140.4499969482422,141.67999267578125,140.22000122070312,141.55999755859375,115.43034362792969,8766700
2016-08-01,139.77999877929688,140.5,139.61000061035156,139.77000427246094,114.17889404296875,9809300
2016-08-02,137.8300018310547,139.25999450683594,137.5,138.3300018310547,113.00249481201172,10051200
2016-08-03,138.60000610351562,138.77999877929688,137.91000366210938,138.41000366210938,113.06784057617188,4930600
2016-08-04,139.4600067138672,140.16000366210938,139.27000427246094,139.4499969482422,113.91741943359375,5646000
2016-08-05,139.0500030517578,139.17999267578125,137.82000732421875,138.0,112.7329330444336,7778600
2016-08-08,137.60000610351562,138.5399932861328,137.32000732421875,138.25999450683594,112.94535064697266,5185200
2016-08-09,138.7100067138672,139.72000122070312,138.6199951171875,139.6199951171875,114.05632019042969,5503200
2016-08-10,139.89999389648438,140.50999450683594,139.47000122070312,140.16000366210938,114.49742126464844,5843500
2016-08-11,140.05999755859375,140.0800018310547,138.5399932861328,138.91000366210938,113.47635650634766,7624600
2016-08-12,140.41000366210938,140.86000061035156,139.8699951171875,140.0800018310547,114.43211364746094,7989600
2016-08-15,139.33999633789062,139.6300048828125,138.75,138.75999450683594,113.35380554199219,5108600
2016-08-16,138.97999572753906,139.14999389648438,138.22999572753906,138.38999938964844,113.05152130126953,6182700
2016-08-17,138.6300048828125,139.44000244140625,138.5,139.22000122070312,113.72958374023438,5002000
2016-08-18,139.1999969482422,139.75999450683594,138.7899932861328,139.44000244140625,113.90934753417969,3805200
2016-08-19,138.63999938964844,139.0500030517578,138.10000610351562,138.7100067138672,113.31295013427734,5516300
2016-08-22,139.64999389648438,140.13999938964844,139.3699951171875,139.8800048828125,114.26870727539062,5549700
2016-08-23,140.27000427246094,140.58999633789062,139.6699981689453,140.02999877929688,114.39125061035156,6841400
2016-08-24,140.10000610351562,140.19000244140625,139.38999938964844,139.6999969482422,114.12165832519531,6027800
2016-08-25,139.25999450683594,139.77999877929688,138.9600067138672,139.1699981689453,113.68871307373047,5855500
2016-08-26,139.72999572753906,140.69000244140625,138.22000122070312,138.36000061035156,113.02696990966797,12962500
2016-08-29,139.3800048828125,140.35000610351562,139.2100067138672,140.2100067138672,114.53831481933594,7310400
2016-08-30,140.1699981689453,140.25999450683594,139.6699981689453,139.6699981689453,114.09721374511719,5161800
2016-08-31,139.66000366210938,140.1699981689453,139.33999633789062,139.8699951171875,114.26054382324219,7349700
2016-09-01,138.6199951171875,140.10000610351562,138.57000732421875,139.77000427246094,114.38656616210938,9149100
2016-09-02,138.9600067138672,139.0500030517578,138.1699981689453,138.6300048828125,113.45357513427734,8397000
2016-09-06,138.7100067138672,140.0800018310547,138.50999450683594,139.63999938964844,114.28021240234375,8542600
2016-09-07,140.3699951171875,140.4199981689453,139.5399932861328,139.5399932861328,114.19832611083984,5421800
2016-09-08,138.86000061035156,139.27000427246094,137.25999450683594,137.7899932861328,112.7661361694336,14301500
2016-09-09,136.07000732421875,136.1199951171875,135.41000366210938,135.52000427246094,110.90845489501953,13347700
2016-09-12,135.32000732421875,135.8300018310547,135.16000366210938,135.58999633789062,110.96566772460938,9096600
2016-09-13,135.8699951171875,136.0,133.36000061035156,134.0500030517578,109.70541381835938,15645400
2016-09-14,134.0500030517578,134.91000366210938,134.0500030517578,134.25,109.8690414428711,7037700
2016-09-15,133.61000061035156,134.0500030517578,133.02999877929688,133.6699981689453,109.39439392089844,9874500
2016-09-16,134.5800018310547,134.80999755859375,134.22000122070312,134.75,110.2782211303711,7507900
2016-09-19,134.52000427246094,134.8699951171875,134.25,134.30999755859375,109.91815185546875,7105900
2016-09-20,135.14999389648438,135.5800018310547,134.6699981689453,134.77999877929688,110.30281829833984,6054800
2016-09-21,134.60000610351562,135.88999938964844,134.17999267578125,135.8699951171875,111.19486999511719,10698100
2016-09-22,136.6699981689453,137.2899932861328,136.5,136.9499969482422,112.07875061035156,12426200
2016-09-23,137.02999877929688,137.33999633789062,136.7100067138672,136.82000732421875,111.97235107421875,5928800
2016-09-26,137.07000732421875,137.8300018310547,137.02000427246094,137.69000244140625,112.68436431884766,8661300
2016-09-27,138.58999633789062,138.8000030517578,137.9499969482422,138.6999969482422,113.51093292236328,9450400
2016-09-28,138.5,139.14999389648438,138.22000122070312,138.39999389648438,113.26539611816406,7958700
2016-09-29,137.55999755859375,139.07000732421875,137.4499969482422,138.75,113.55181884765625,8319800
2016-09-30,138.5500030517578,138.63999938964844,136.8699951171875,137.50999450683594,112.53706359863281,11747100
2016-10-03,137.67999267578125,137.77000427246094,136.75999450683594,136.80999755859375,112.16561889648438,7588800
2016-10-04,136.6199951171875,136.83999633789062,135.16000366210938,135.2100067138672,110.8538589477539,12048700
2016-10-05,135.02000427246094,135.0800018310547,134.1199951171875,134.5800018310547,110.33734893798828,8917700
2016-10-06,133.97000122070312,134.69000244140625,133.67999267578125,133.8300018310547,109.722412109375,7839900
2016-10-07,133.92999267578125,134.2899932861328,133.08999633789062,133.9199981689453,109.79620361328125,9953200
2016-10-10,132.85000610351562,133.16000366210938,132.50999450683594,133.1300048828125,109.14852142333984,6089100
2016-10-11,132.86000061035156,133.5500030517578,132.57000732421875,132.8300018310547,108.90255737304688,9670400
2016-10-12,132.6699981689453,133.02000427246094,132.24000549316406,132.9600067138672,109.0091323852539,7582400
2016-10-13,133.63999938964844,133.92999267578125,133.3699951171875,133.4600067138672,109.41911315917969,7080600
2016-10-14,132.27000427246094,132.9499969482422,131.52999877929688,131.58999633789062,107.88594055175781,11415100
2016-10-17,132.10000610351562,132.74000549316406,132.08999633789062,132.42999267578125,108.5745849609375,10595900
2016-10-18,131.86000061035156,132.88999938964844,131.8300018310547,132.86000061035156,108.92716217041016,7151000
2016-10-19,132.3699951171875,133.27000427246094,132.32000732421875,132.97000122070312,109.01736450195312,6941300
2016-10-20,133.63999938964844,133.75,132.89999389648438,133.11000061035156,109.13211822509766,6082300
2016-10-21,133.52000427246094,133.72000122070312,132.8699951171875,133.30999755859375,109.29608917236328,9222700
2016-10-24,133.41000366210938,133.4499969482422,132.2899932861328,132.72999572753906,108.82056427001953,6507500
2016-10-25,132.52999877929688,133.55999755859375,132.49000549316406,133.0800018310547,109.10757446289062,5134700
2016-10-26,132.4600067138672,132.8000030517578,131.99000549316406,132.17999267578125,108.36965942382812,5842500
2016-10-27,131.07000732421875,131.07000732421875,130.05999755859375,130.74000549316406,107.18900299072266,10044700
2016-10-28,130.38999938964844,130.92999267578125,130.3300018310547,130.4499969482422,106.95124816894531,7541000
2016-10-31,130.88999938964844,131.2899932861328,130.7100067138672,131.25,107.607177734375,7047500
2016-11-01,130.16000366210938,131.60000610351562,129.8800048828125,131.00999450683594,107.61542510986328,12622400
2016-11-02,131.3000030517578,132.11000061035156,131.02999877929688,131.5800018310547,108.08360290527344,8666200
2016-11-03,130.75,131.0500030517578,130.44000244140625,130.57000732421875,107.25395965576172,6085400
2016-11-04,131.27000427246094,131.7899932861328,131.1300048828125,131.74000549316406,108.21504211425781,7622600
2016-11-07,130.75,131.0,130.44000244140625,130.6199951171875,107.2950668334961,5386700
2016-11-08,131.02000427246094,131.2100067138672,129.7100067138672,130.08999633789062,106.85965728759766,7576500
2016-11-09,127.22000122070312,127.37000274658203,124.22000122070312,124.56999969482422,102.32539367675781,31233500
2016-11-10,123.97000122070312,124.95999908447266,122.72000122070312,122.7300033569336,100.81391906738281,22961200
2016-11-11,122.95999908447266,123.05000305175781,121.6500015258789,122.04000091552734,100.24715423583984,10040200
2016-11-14,121.27999877929688,122.66000366210938,120.7300033569336,121.30999755859375,99.64752197265625,21174400
2016-11-15,122.22000122070312,122.80999755859375,121.77999877929688,121.91000366210938,100.140380859375,11963700
2016-11-16,122.30000305175781,123.13999938964844,122.16999816894531,123.01000213623047,101.04398345947266,9149500
2016-11-17,121.94999694824219,122.11000061035156,120.98999786376953,121.19999694824219,99.55714416503906,11221600
2016-11-18,121.62999725341797,121.97000122070312,120.33999633789062,120.8499984741211,99.26968383789062,13577700
2016-11-21,121.20999908447266,121.4800033569336,120.88999938964844,121.1500015258789,99.5160903930664,6488100
2016-11-22,121.66000366210938,121.76000213623047,120.87999725341797,121.11000061035156,99.4832534790039,9989900
2016-11-23,119.98999786376953,120.91000366210938,119.25,120.63999938964844,99.09716796875,13563500
2016-11-25,121.19000244140625,121.29000091552734,120.4000015258789,120.81999969482422,99.24500274658203,3126300
2016-11-28,121.41000366210938,121.7300033569336,121.08999633789062,121.70999908447266,99.97608184814453,8555000
2016-11-29,121.44000244140625,122.4000015258789,121.20999908447266,122.22000122070312,100.39501190185547,8363000
2016-11-30,119.97000122070312,121.01000213623047,119.4800033569336,120.23999786376953,98.76858520507812,21163500
2016-12-01,118.51000213623047,118.98999786376953,117.63999938964844,118.7300033569336,97.7257080078125,21715700
2016-12-02,119.16999816894531,120.20999908447266,119.13999938964844,119.5999984741211,98.4418716430664,12487500
2016-12-05,118.93000030517578,120.4000015258789,118.44999694824219,119.47000122070312,98.3348388671875,12100100
2016-12-06,119.33999633789062,119.94000244140625,119.12000274658203,119.37999725341797,98.26074981689453,11526600
2016-12-07,119.81999969482422,120.62000274658203,119.81999969482422,120.4000015258789,99.10031127929688,10392200
2016-12-08,119.1500015258789,119.30999755859375,118.77999877929688,118.9800033569336,97.9315185546875,12041100
2016-12-09,118.63999938964844,118.86000061035156,117.27999877929688,117.5,96.7133560180664,14646400
2016-12-12,117.2699966430664,117.80000305175781,116.87999725341797,117.72000122070312,96.8944320678711,9496300
2016-12-13,118.4000015258789,118.48999786376953,117.44000244140625,118.13999938964844,97.24014282226562,12189200
2016-12-14,119.08000183105469,119.20999908447266,116.80000305175781,116.81999969482422,96.15362548828125,16618400
2016-12-15,117.55999755859375,118.29000091552734,117.02999877929688,117.41000366210938,96.63923645019531,12400500
2016-12-16,117.61000061035156,117.91999816894531,116.80000305175781,117.13999938964844,96.41702270507812,14924600
2016-12-19,117.9800033569336,118.58000183105469,117.73999786376953,118.4000015258789,97.4541015625,10868300
2016-12-20,117.62999725341797,117.9000015258789,117.37999725341797,117.80999755859375,96.96851348876953,7030600
2016-12-21,117.91999816894531,118.4000015258789,117.7300033569336,118.33000183105469,97.39652252197266,4624700
2016-12-22,117.52999877929688,118.0,117.5,117.80999755859375,97.22239685058594,5177800
2016-12-23,118.23999786376953,118.38999938964844,117.94999694824219,118.05000305175781,97.4204330444336,4461600
2016-12-27,117.41999816894531,117.69999694824219,117.2300033569336,117.66999816894531,97.10682678222656,5276600
2016-12-28,117.86000061035156,118.87999725341797,117.69999694824219,118.52999877929688,97.81655883789062,7578600
2016-12-29,118.80000305175781,119.2699966430664,118.66000366210938,118.94999694824219,98.16313934326172,8581400
2016-12-30,118.77999877929688,119.6500015258789,118.72000122070312,119.12999725341797,98.31170654296875,10613900
2017-01-03,118.41000366210938,119.98999786376953,118.18000030517578,119.63999938964844,98.73261260986328,13217300
2017-01-04,119.76000213623047,120.23999786376953,119.44999694824219,120.0999984741211,99.1121826171875,6699600
2017-01-05,120.44999694824219,122.02999877929688,120.16999816894531,121.9800033569336,100.66363525390625,13265800
2017-01-06,121.12999725341797,121.54000091552734,120.75,120.86000061035156,99.73938751220703,8369300
2017-01-09,121.87999725341797,122.0,121.45999908447266,121.83000183105469,100.53987121582031,8839100
2017-01-10,121.55000305175781,121.91000366210938,121.27999877929688,121.75,100.47386932373047,8417900
2017-01-11,121.94000244140625,122.69000244140625,121.41000366210938,122.16000366210938,100.812255859375,9402500
2017-01-12,122.80000305175781,123.13999938964844,121.83000183105469,121.88999938964844,100.58936309814453,9977600
2017-01-13,121.33000183105469,121.75,120.62000274658203,121.30999755859375,100.11076354980469,9820000
2017-01-17,122.80999755859375,122.94000244140625,121.98999786376953,122.58000183105469,101.1588134765625,7853300
2017-01-18,121.7699966430664,121.95999908447266,120.91000366210938,121.01000213623047,99.86321258544922,9064700
2017-01-19,120.48999786376953,120.58000183105469,119.55000305175781,120.18000030517578,99.17820739746094,11795600
2017-01-20,119.83999633789062,120.30999755859375,119.29000091552734,119.94000244140625,98.98016357421875,16953200
2017-01-23,120.33999633789062,121.87000274658203,120.0199966430664,121.13999938964844,99.97044372558594,13118400
2017-01-24,120.7699966430664,121.12999725341797,119.80000305175781,120.30999755859375,99.28551483154297,8395000
2017-01-25,119.27999877929688,119.5999984741211,118.55999755859375,118.80000305175781,98.03941345214844,11115100
2017-01-26,118.91000366210938,119.26000213623047,118.33000183105469,119.19999694824219,98.36945343017578,7827900
2017-01-27,119.4000015258789,119.83000183105469,119.25,119.62999725341797,98.72432708740234,7197800
2017-01-30,119.44000244140625,119.87999725341797,119.19999694824219,119.2699966430664,98.42720794677734,6569500
2017-01-31,119.33000183105469,120.4000015258789,119.25,120.0999984741211,99.1121826171875,13298500
2017-02-01,119.0999984741211,119.52999877929688,118.58000183105469,119.0999984741211,98.4994125366211,10975500
2017-02-02,119.93000030517578,120.13999938964844,119.0,119.05000305175781,98.4580307006836,6978600
2017-02-03,119.44000244140625,119.87000274658203,118.47000122070312,119.0,98.41667175292969,10275600
2017-02-06,119.76000213623047,120.12999725341797,119.12000274658203,119.72000122070312,99.01213073730469,8433800
2017-02-07,119.77999877929688,121.01000213623047,119.47000122070312,120.5999984741211,99.73991394042969,8418400
2017-02-08,121.41999816894531,122.2699966430664,121.41000366210938,122.23999786376953,101.09627532958984,15734200
2017-02-09,121.41000366210938,121.58999633789062,120.66000366210938,120.83000183105469,99.93016052246094,16890600
2017-02-10,120.11000061035156,120.94999694824219,120.11000061035156,120.76000213623047,99.87223052978516,7978500
2017-02-13,120.25,120.41000366210938,119.87999725341797,120.37999725341797,99.55796813964844,11536800
2017-02-14,120.23999786376953,120.30000305175781,118.83000183105469,119.51000213623047,98.8384780883789,13210500
2017-02-15,118.76000213623047,119.22000122070312,118.6500015258789,118.95999908447266,98.38361358642578,8481000
2017-02-16,119.22000122070312,120.20999908447266,119.12000274658203,119.61000061035156,98.92115783691406,10005800
2017-02-17,120.61000061035156,120.69999694824219,120.12999725341797,120.31999969482422,99.50836181640625,7886400
2017-02-21,119.68000030517578,120.61000061035156,119.5999984741211,120.11000061035156,99.33468627929688,8703800
2017-02-22,120.80000305175781,120.81999969482422,119.58999633789062,120.30999755859375,99.50007629394531,8101500
2017-02-23,120.56999969482422,120.73999786376953,120.33000183105469,120.66999816894531,99.79778289794922,5330800
2017-02-24,121.3499984741211,122.13999938964844,121.26000213623047,122.01000213623047,100.90602111816406,11336000
2017-02-27,121.80999755859375,121.9000015258789,121.2300033569336,121.29000091552734,100.310546875,11039800
2017-02-28,121.5,122.08000183105469,121.31999969482422,121.73999786376953,100.6827392578125,8410500
2017-03-01,119.44000244140625,119.55000305175781,118.94999694824219,119.47000122070312,98.99566650390625,10717100
2017-03-02,119.01000213623047,119.20999908447266,118.62000274658203,119.04000091552734,98.63934326171875,8201200
2017-03-03,119.2300033569336,119.3499984741211,118.55000305175781,119.3499984741211,98.8962173461914,9515200
2017-03-06,119.12000274658203,119.12000274658203,118.5199966430664,118.77999877929688,98.42391204833984,4489200
2017-03-07,118.4800033569336,118.68000030517578,118.25,118.41999816894531,98.12559509277344,7080100
2017-03-08,117.30999755859375,117.94999694824219,117.2300033569336,117.77999877929688,97.59529113769531,11336300
2017-03-09,117.33999633789062,117.4800033569336,116.7699966430664,116.83999633789062,96.81635284423828,10575400
2017-03-10,117.13999938964844,117.31999969482422,116.68000030517578,117.25,97.15614318847656,9218500
2017-03-13,116.83000183105469,117.08999633789062,116.48999786376953,116.51000213623047,96.54296875,6993100
2017-03-14,116.7699966430664,117.3499984741211,116.70999908447266,117.06999969482422,97.0069580078125,9869200
2017-03-15,117.55999755859375,118.83000183105469,117.43000030517578,118.5,98.19190979003906,14600500
2017-03-16,117.98999786376953,118.1500015258789,117.62999725341797,117.9000015258789,97.6947021484375,8018200
2017-03-17,118.11000061035156,118.75,118.02999877929688,118.63999938964844,98.3078842163086,7266800
2017-03-20,118.55000305175781,119.2300033569336,118.5,119.1500015258789,98.73051452636719,5497800
2017-03-21,119.05000305175781,120.30000305175781,119.0199966430664,120.13999938964844,99.55083465576172,12540700
2017-03-22,120.72000122070312,121.16999816894531,120.43000030517578,120.62000274658203,99.94854736328125,11661400
2017-03-23,120.83000183105469,121.0199966430664,120.05999755859375,120.44999694824219,99.80768585205078,6746500
2017-03-24,120.52999877929688,121.0999984741211,120.4000015258789,120.87999725341797,100.16401672363281,5819600
2017-03-27,121.83000183105469,121.97000122070312,121.19000244140625,121.43000030517578,100.61978912353516,6878500
2017-03-28,121.79000091552734,121.81999969482422,120.48999786376953,120.62000274658203,99.94854736328125,6811200
2017-03-29,120.94000244140625,121.37999725341797,120.87999725341797,121.33999633789062,100.54517364501953,6291000
2017-03-30,121.06999969482422,121.08999633789062,120.31999969482422,120.36000061035156,99.733154296875,7042400
2017-03-31,120.27999877929688,120.80999755859375,120.20999908447266,120.70999908447266,100.02315521240234,5144800
2017-04-03,120.44999694824219,121.87000274658203,120.4000015258789,121.66999816894531,101.03203582763672,12996500
2017-04-04,121.37000274658203,121.58999633789062,120.94999694824219,121.01000213623047,100.4839859008789,6976700
2017-04-05,120.55999755859375,121.5199966430664,120.36000061035156,121.37999725341797,100.7912368774414,8555200
2017-04-06,121.23999786376953,121.41000366210938,120.5199966430664,121.19999694824219,100.64178466796875,6497000
2017-04-07,121.83999633789062,122.25,120.69000244140625,120.70999908447266,100.23490905761719,10270000
2017-04-10,121.13999938964844,121.62000274658203,121.0,121.2699966430664,100.69989013671875,5314500
2017-04-11,121.80000305175781,122.6500015258789,121.72000122070312,122.41999816894531,101.65486145019531,11297400
2017-04-12,122.51000213623047,123.19000244140625,122.29000091552734,123.08999633789062,102.21119689941406,11532500
2017-04-13,123.44999694824219,123.73999786376953,122.91000366210938,123.47000122070312,102.5267333984375,8396700
2017-04-17,123.45999908447266,123.55000305175781,122.86000061035156,123.08999633789062,102.21119689941406,8015000
2017-04-18,123.86000061035156,124.9800033569336,123.55000305175781,124.69999694824219,103.54808044433594,11529700
2017-04-19,124.0999984741211,124.16999816894531,123.69999694824219,124.0199966430664,102.98345947265625,7344000
2017-04-20,123.5199966430664,123.91999816894531,123.13999938964844,123.54000091552734,102.58486938476562,7932900
2017-04-21,123.81999969482422,124.23999786376953,123.48999786376953,123.54000091552734,102.58486938476562,9798500
2017-04-24,122.55000305175781,123.16000366210938,122.45999908447266,122.93000030517578,102.07831573486328,8066400
2017-04-25,122.20999908447266,122.45999908447266,121.37999725341797,121.44999694824219,100.84938049316406,8122300
2017-04-26,121.5199966430664,122.13999938964844,121.43000030517578,122.12000274658203,101.40573120117188,5766200
2017-04-27,121.75,122.3499984741211,121.58000183105469,122.08000183105469,101.37254333496094,4978300
2017-04-28,121.5999984741211,122.44000244140625,121.55000305175781,122.3499984741211,101.59675598144531,8166300
2017-05-01,121.69000244140625,122.13999938964844,120.70999908447266,121.08000183105469,100.75218200683594,8795900
2017-05-02,120.97000122070312,121.77999877929688,120.94000244140625,121.69999694824219,101.2680435180664,6727800
2017-05-03,122.22000122070312,122.38999938964844,121.55000305175781,121.77999877929688,101.3346176147461,8932900
2017-05-04,121.01000213623047,121.22000122070312,120.66999816894531,121.18000030517578,100.8353500366211,9707200
2017-05-05,121.37999725341797,121.47000122070312,120.88999938964844,121.29000091552734,100.92687225341797,5605400
2017-05-08,121.11000061035156,121.13999938964844,120.52999877929688,120.62999725341797,100.3777084350586,8057800
2017-05-09,120.37999725341797,120.62999725341797,120.13999938964844,120.62000274658203,100.36935424804688,5536700
2017-05-10,120.91000366210938,121.05999755859375,120.16000366210938,120.4800033569336,100.2528305053711,6517000
2017-05-11,120.0,120.56999969482422,119.91000366210938,120.4800033569336,100.2528305053711,7479800
2017-05-12,121.01000213623047,121.48999786376953,120.9800033569336,121.38999938964844,101.01007080078125,7463900
2017-05-15,121.05999755859375,121.20999908447266,120.75,121.05999755859375,100.73548889160156,5173200
2017-05-16,121.11000061035156,121.88999938964844,121.11000061035156,121.51000213623047,101.10993194580078,6722700
2017-05-17,122.62999725341797,123.54000091552734,122.38999938964844,123.27999877929688,102.582763671875,11236400
2017-05-18,123.75,123.94000244140625,123.19000244140625,123.41999816894531,102.69923400878906,8350500
2017-05-19,123.36000061035156,123.77999877929688,123.01000213623047,123.70999908447266,102.94058990478516,11277400
2017-05-22,123.41000366210938,123.55999755859375,123.26000213623047,123.37000274658203,102.65765380859375,4062900
2017-05-23,123.51000213623047,123.62000274658203,122.4800033569336,122.54000091552734,101.96702575683594,7901300
2017-05-24,122.80000305175781,123.26000213623047,122.54000091552734,123.2300033569336,102.54115295410156,7355200
2017-05-25,123.0199966430664,123.27999877929688,122.76000213623047,123.2699966430664,102.57442474365234,6464800
2017-05-26,123.55000305175781,123.73999786376953,123.25,123.4800033569336,102.74918365478516,2963800
2017-05-30,124.02999877929688,124.13999938964844,123.73999786376953,124.08999633789062,103.25680541992188,4819400
2017-05-31,124.05000305175781,124.6500015258789,124.02999877929688,124.4000015258789,103.51473999023438,8000200
2017-06-01,123.69999694824219,124.19000244140625,123.66000366210938,124.1500015258789,103.52559661865234,9037300
2017-06-02,125.22000122070312,125.7699966430664,125.05000305175781,125.62000274658203,104.75137329101562,13245000
2017-06-05,124.9000015258789,125.16000366210938,124.77999877929688,124.83999633789062,104.10094451904297,6775500
2017-06-06,125.69000244140625,125.87000274658203,125.4000015258789,125.5199966430664,104.66795349121094,12841500
2017-06-07,125.23999786376953,125.5199966430664,124.79000091552734,124.91999816894531,104.16765594482422,12852400
2017-06-08,124.87999725341797,124.87999725341797,124.30000305175781,124.58999633789062,103.89246368408203,8758600
2017-06-09,124.08000183105469,124.63999938964844,123.9800033569336,124.4000015258789,103.73403930664062,5130500
2017-06-12,124.20999908447266,124.98999786376953,124.13999938964844,124.36000061035156,103.70069122314453,4335800
2017-06-13,124.01000213623047,124.5199966430664,123.98999786376953,124.37999725341797,103.71736145019531,4742600
2017-06-14,125.91999816894531,126.70999908447266,125.7300033569336,126.30000305175781,105.31842803955078,20212300
2017-06-15,126.08999633789062,126.33000183105469,125.83000183105469,126.0999984741211,105.15164184570312,5863700
2017-06-16,126.08000183105469,126.44000244140625,126.01000213623047,126.3499984741211,105.3601303100586,6672500
2017-06-19,126.31999969482422,126.4800033569336,126.02999877929688,126.16999816894531,105.20999908447266,5641300
2017-06-20,126.79000091552734,127.4000015258789,126.79000091552734,127.30000305175781,106.15230560302734,8405700
2017-06-21,127.11000061035156,127.63999938964844,126.91000366210938,127.55999755859375,106.36908721923828,5914800
2017-06-22,127.70999908447266,127.87000274658203,127.30999755859375,127.83999633789062,106.60256958007812,6608100
2017-06-23,127.47000122070312,127.9000015258789,127.4000015258789,127.77999877929688,106.55253601074219,4329900
2017-06-26,128.27000427246094,128.57000732421875,128.16000366210938,128.25999450683594,106.95276641845703,5541600
2017-06-27,127.43000030517578,127.48999786376953,126.62000274658203,126.88999938964844,105.81037139892578,8354200
2017-06-28,126.66999816894531,126.70999908447266,125.9800033569336,126.47000122070312,105.46014404296875,7357900
2017-06-29,125.01000213623047,125.72000122070312,124.9000015258789,125.41000366210938,104.57627868652344,9115800
2017-06-30,125.19000244140625,125.38999938964844,124.8499984741211,125.12000274658203,104.33445739746094,10189800
2017-07-03,125.0,125.04000091552734,124.0199966430664,124.45999908447266,103.99854278564453,11021100
2017-07-05,124.19999694824219,124.6500015258789,124.12000274658203,124.48999786376953,104.02361297607422,11394500
2017-07-06,123.5199966430664,123.63999938964844,122.93000030517578,123.45999908447266,103.16293334960938,10853100
2017-07-07,122.83999633789062,123.02999877929688,122.58999633789062,122.72000122070312,102.5445785522461,9401800
2017-07-10,122.87000274658203,123.0999984741211,122.68000030517578,122.9000015258789,102.69500732421875,3859200
2017-07-11,122.86000061035156,123.33000183105469,122.70999908447266,123.11000061035156,102.8704605102539,4425600
2017-07-12,123.88999938964844,124.04000091552734,123.48999786376953,123.95999908447266,103.58071899414062,7839900
2017-07-13,123.5999984741211,123.6500015258789,122.80999755859375,123.18000030517578,102.92893981933594,7449300
2017-07-14,124.0999984741211,124.16000366210938,123.12000274658203,123.33000183105469,103.05430603027344,6566800
2017-07-17,123.33000183105469,123.98999786376953,123.2699966430664,123.66999816894531,103.33839416503906,4737300
2017-07-18,124.43000030517578,124.7699966430664,124.2300033569336,124.75,104.24079895019531,9163000
2017-07-19,124.77999877929688,125.01000213623047,124.58999633789062,124.80000305175781,104.28263092041016,5140900
2017-07-20,125.48999786376953,125.7300033569336,124.97000122070312,125.16000366210938,104.58346557617188,12239100
2017-07-21,125.7300033569336,126.02999877929688,125.56999969482422,125.69000244140625,105.02630615234375,6201500
2017-07-24,125.44999694824219,125.66000366210938,125.16000366210938,125.19999694824219,104.61685180664062,5378500
2017-07-25,124.13999938964844,124.19000244140625,123.47000122070312,123.56999969482422,103.25483703613281,9743300
2017-07-26,123.2699966430664,124.08999633789062,123.08000183105469,123.7699966430664,103.42196655273438,8459500
2017-07-27,123.11000061035156,123.37999725341797,122.81999969482422,123.16000366210938,102.91224670410156,6390800
2017-07-28,123.2699966430664,123.98999786376953,123.26000213623047,123.88999938964844,103.52224731445312,5491800
2017-07-31,123.45999908447266,124.05000305175781,123.4000015258789,124.04000091552734,103.64759063720703,5464600
2017-08-01,123.18000030517578,124.70999908447266,123.16000366210938,124.63999938964844,104.37528228759766,9676800
2017-08-02,124.7699966430664,125.16999816894531,124.68000030517578,124.70999908447266,104.43389892578125,5745600
2017-08-03,125.29000091552734,126.0199966430664,125.26000213623047,126.0,105.51419067382812,10324500
2017-08-04,125.1500015258789,125.18000030517578,124.44000244140625,124.93000030517578,104.61811065673828,8485500
2017-08-07,124.83999633789062,125.0999984741211,124.61000061035156,125.06999969482422,104.73536682128906,4684600
2017-08-08,124.87000274658203,124.9800033569336,124.1500015258789,124.62000274658203,104.35855102539062,6197400
2017-08-09,125.93000030517578,125.94999694824219,125.19999694824219,125.30000305175781,104.92796325683594,9221800
2017-08-10,125.62000274658203,126.44000244140625,125.5199966430664,126.37000274658203,105.82402801513672,10378200
2017-08-11,125.7699966430664,126.45999908447266,125.55000305175781,126.43000030517578,105.8742446899414,5717800
2017-08-14,125.98999786376953,126.27999877929688,125.7300033569336,125.77999877929688,105.3299331665039,5111000
2017-08-15,124.7300033569336,125.54000091552734,124.70999908447266,125.25,104.88611602783203,7473200
2017-08-16,124.83000183105469,126.0199966430664,124.80999755859375,125.70999908447266,105.27132415771484,5283800
2017-08-17,125.69999694824219,126.68000030517578,125.51000213623047,126.6500015258789,106.05851745605469,9364700
2017-08-18,126.9800033569336,127.1500015258789,126.26000213623047,126.62000274658203,106.03336334228516,8382500
2017-08-21,126.7699966430664,127.0199966430664,126.5,126.93000030517578,106.29297637939453,7669800
2017-08-22,126.79000091552734,126.80999755859375,126.2699966430664,126.44000244140625,105.88265228271484,6140700
2017-08-23,127.04000091552734,127.30999755859375,126.76000213623047,127.30000305175781,106.60281372070312,7446400
2017-08-24,126.87999725341797,127.30999755859375,126.72000122070312,126.83000183105469,106.209228515625,5569400
2017-08-25,127.0199966430664,127.44999694824219,126.87000274658203,127.31999969482422,106.61958312988281,7303300
2017-08-28,126.91999816894531,127.38999938964844,126.7300033569336,127.23999786376953,106.55256652832031,4448500
2017-08-29,128.4600067138672,128.52000427246094,127.30999755859375,127.6500015258789,106.89588165283203,7659400
2017-08-30,127.45999908447266,127.73999786376953,127.33999633789062,127.61000061035156,106.8624267578125,4735200
2017-08-31,127.63999938964844,128.02999877929688,127.56999969482422,127.98999786376953,107.18063354492188,7978400
2017-09-01,127.30999755859375,127.33999633789062,126.43000030517578,126.75,106.36078643798828,14128600
2017-09-05,127.69000244140625,128.8000030517578,127.69000244140625,128.75999450683594,108.04743957519531,15215700
2017-09-06,128.72000122070312,129.0,127.73999786376953,127.97000122070312,107.3845443725586,9066400
2017-09-07,128.3300018310547,129.57000732421875,128.3300018310547,129.27999877929688,108.4837646484375,13618900
2017-09-08,129.11000061035156,129.16000366210938,128.57000732421875,129.0,108.24885559082031,9808500
2017-09-11,127.87000274658203,128.0500030517578,127.26000213623047,127.45999908447266,106.95658874511719,17856700
2017-09-12,127.05000305175781,127.08999633789062,126.52999877929688,126.79000091552734,106.39434051513672,7557400
2017-09-13,126.91000366210938,126.91999816894531,126.27999877929688,126.29000091552734,105.97473907470703,6740000
2017-09-14,126.37000274658203,126.83000183105469,126.33000183105469,126.80999755859375,106.4111328125,6674500
2017-09-15,127.0,127.01000213623047,126.54000091552734,126.86000061035156,106.45310974121094,9769200
2017-09-18,126.5,126.56999969482422,125.83999633789062,126.12999725341797,105.84051513671875,6863000
2017-09-19,126.27999877929688,126.30999755859375,125.7300033569336,125.81999969482422,105.5804214477539,5554900
2017-09-20,125.97000122070312,126.05000305175781,125.33000183105469,125.91000366210938,105.65592193603516,8037000
2017-09-21,126.16000366210938,126.55999755859375,125.81999969482422,125.83999633789062,105.5971450805664,6147800
2017-09-22,126.5,126.7300033569336,126.05999755859375,126.19999694824219,105.89925384521484,5660700
2017-09-25,126.31999969482422,127.2699966430664,126.19999694824219,126.98999786376953,106.56222534179688,9679000
2017-09-26,126.7699966430664,126.88999938964844,126.43000030517578,126.76000213623047,106.36920166015625,7251900
2017-09-27,124.87000274658203,125.30000305175781,124.61000061035156,124.8499984741211,104.76643371582031,12145700
2017-09-28,124.20999908447266,124.6500015258789,123.97000122070312,124.4800033569336,104.4559097290039,8883700
2017-09-29,124.76000213623047,125.02999877929688,124.2699966430664,124.76000213623047,104.69088745117188,11285500
2017-10-02,124.80999755859375,125.0,124.23999786376953,124.27999877929688,104.49925231933594,7860700
2017-10-03,123.91999816894531,124.51000213623047,123.91999816894531,124.4000015258789,104.60012817382812,6219800
2017-10-04,124.52999877929688,124.58999633789062,123.87999725341797,124.41000366210938,104.60850524902344,7447000
2017-10-05,124.2699966430664,124.30000305175781,123.69000244140625,123.94000244140625,104.21331024169922,8180300
2017-10-06,123.29000091552734,124.0999984741211,123.02999877929688,123.58999633789062,103.91900634765625,10375000
2017-10-09,123.77999877929688,124.05999755859375,123.63999938964844,123.9800033569336,104.2469482421875,3590900
2017-10-10,124.13999938964844,124.87000274658203,124.0199966430664,124.18000030517578,104.41510772705078,6666800
2017-10-11,124.56999969482422,124.66000366210938,124.26000213623047,124.41999816894531,104.6169204711914,4385900
2017-10-12,124.55000305175781,124.9800033569336,124.23999786376953,124.94999694824219,105.06256103515625,7141600
2017-10-13,125.58000183105469,125.94000244140625,125.16999816894531,125.8499984741211,105.81930541992188,7746900
2017-10-16,125.52999877929688,125.9000015258789,125.37999725341797,125.76000213623047,105.74365234375,5737300
2017-10-17,125.38999938964844,126.08999633789062,125.38999938964844,125.91999816894531,105.87818145751953,4969600
2017-10-18,125.05000305175781,125.18000030517578,124.68000030517578,125.08999633789062,105.18026733398438,5943800
2017-10-19,125.73999786376953,126.01000213623047,125.2699966430664,125.30999755859375,105.36524200439453,8966500
2017-10-20,124.0,124.27999877929688,123.63999938964844,123.9800033569336,104.2469482421875,12326900
2017-10-23,124.16000366210938,124.48999786376953,124.0199966430664,124.19999694824219,104.4319076538086,6871100
2017-10-24,123.37000274658203,123.69000244140625,123.1500015258789,123.43000030517578,103.78449249267578,6842800
2017-10-25,122.52999877929688,122.9800033569336,122.41999816894531,122.83999633789062,103.28840637207031,9961400
2017-10-26,123.05999755859375,123.05999755859375,122.43000030517578,122.43000030517578,102.94364166259766,8179400
2017-10-27,122.94000244140625,123.33000183105469,122.75,123.23999786376953,103.62472534179688,10480900
2017-10-30,123.86000061035156,124.45999908447266,123.55999755859375,124.41999816894531,104.6169204711914,9051600
2017-10-31,124.52999877929688,124.66000366210938,124.4000015258789,124.45999908447266,104.6505355834961,4424300
2017-11-01,124.3499984741211,125.13999938964844,124.30000305175781,124.75,105.11648559570312,8940400
2017-11-02,125.0,125.5199966430664,124.91999816894531,125.30000305175781,105.57997131347656,7222700
2017-11-03,125.47000122070312,125.69999694824219,125.13999938964844,125.63999938964844,105.8664321899414,10984100
2017-11-06,125.93000030517578,126.22000122070312,125.72000122070312,126.11000061035156,106.2624740600586,6246700
2017-11-07,126.2300033569336,126.77999877929688,126.12999725341797,126.63999938964844,106.70905303955078,6422700
2017-11-08,126.58999633789062,126.80000305175781,126.20999908447266,126.36000061035156,106.47315979003906,3356200
2017-11-09,125.87000274658203,126.23999786376953,125.55000305175781,126.0,106.16979217529297,6280400
2017-11-10,124.70999908447266,124.83999633789062,123.95999908447266,124.0999984741211,104.56878662109375,11981000
2017-11-13,124.80000305175781,124.80999755859375,124.30999755859375,124.36000061035156,104.7878646850586,5880800
2017-11-14,124.7699966430664,125.23999786376953,124.7699966430664,125.19999694824219,105.49566650390625,6195900
2017-11-15,126.05999755859375,126.66999816894531,125.63999938964844,126.55999755859375,106.64165496826172,9568200
2017-11-16,126.01000213623047,126.33000183105469,125.44999694824219,125.45999908447266,105.71479034423828,5894900
2017-11-17,126.06999969482422,126.44000244140625,125.95999908447266,126.38999938964844,106.49840545654297,6938800
2017-11-20,125.91000366210938,126.37999725341797,125.91000366210938,126.33999633789062,106.45623779296875,4232300
2017-11-21,127.08999633789062,127.29000091552734,126.30999755859375,126.73999786376953,106.79331970214844,5818400
2017-11-22,126.62000274658203,127.19999694824219,126.51000213623047,127.1500015258789,107.13878631591797,4140700
2017-11-24,126.93000030517578,127.02999877929688,126.69000244140625,126.80000305175781,106.8438720703125,3141400
2017-11-27,126.86000061035156,127.05000305175781,126.41999816894531,126.62000274658203,106.69218444824219,6079900
2017-11-28,126.7699966430664,127.18000030517578,126.47000122070312,126.79000091552734,106.83546447753906,5983000
2017-11-29,125.55999755859375,125.68000030517578,125.0999984741211,125.54000091552734,105.78217315673828,14547100
2017-11-30,125.30999755859375,125.5199966430664,124.44000244140625,125.12000274658203,105.42829895019531,9630000
2017-12-01,125.87000274658203,127.69000244140625,125.0999984741211,126.55000305175781,106.85100555419922,24583100
2017-12-04,125.91999816894531,126.66999816894531,125.80999755859375,126.61000061035156,106.90166473388672,9609200
2017-12-05,126.47000122070312,127.5,126.44999694824219,127.23999786376953,107.43356323242188,10958900
2017-12-06,127.87000274658203,128.22999572753906,127.66000366210938,127.68000030517578,107.80509185791016,11834200
2017-12-07,127.93000030517578,128.10000610351562,126.30000305175781,126.68000030517578,106.96076202392578,13056800
2017-12-08,126.58999633789062,126.73999786376953,126.23999786376953,126.69000244140625,106.96917724609375,4786100
2017-12-11,126.86000061035156,127.08999633789062,126.41000366210938,126.43000030517578,106.74964904785156,3863800
2017-12-12,126.16999816894531,126.41000366210938,125.66999816894531,126.37999725341797,106.70745086669922,7502400
2017-12-13,126.80999755859375,127.38999938964844,126.58999633789062,127.33000183105469,107.50959014892578,8532900
2017-12-14,127.05000305175781,127.9800033569336,126.79000091552734,127.87000274658203,107.96550750732422,6885000
2017-12-15,127.80999755859375,128.58999633789062,127.55999755859375,128.35000610351562,108.37077331542969,7239400
2017-12-18,127.97000122070312,128.0,126.91000366210938,127.18000030517578,107.3829116821289,7239700
2017-12-19,126.31999969482422,126.37999725341797,125.06999969482422,125.52999877929688,105.98976135253906,11045800
2017-12-20,124.30999755859375,124.70999908447266,123.94999694824219,124.13999938964844,104.81610870361328,10005800
2017-12-21,124.02999877929688,124.86000061035156,124.0,124.5999984741211,105.42707061767578,7026900
2017-12-22,124.69999694824219,124.83999633789062,124.52999877929688,124.7699966430664,105.57088470458984,3974300
2017-12-26,124.9800033569336,125.52999877929688,124.97000122070312,125.13999938964844,105.88395690917969,3168400
2017-12-27,125.70999908447266,126.9800033569336,125.69999694824219,126.7699966430664,107.26312255859375,9059700
2017-12-28,126.52999877929688,126.83000183105469,126.37000274658203,126.66000366210938,107.17005920410156,5297100
2017-12-29,126.5,127.12000274658203,126.4800033569336,126.86000061035156,107.33927154541016,7580500
2018-01-02,126.48999786376953,126.51000213623047,125.06999969482422,125.48999786376953,106.1800765991211,16238200
2018-01-03,126.0,126.19999694824219,125.48999786376953,126.08999633789062,106.687744140625,8605100
2018-01-04,125.6500015258789,126.16000366210938,125.37000274658203,126.06999969482422,106.67084503173828,9217900
2018-01-05,125.87000274658203,126.18000030517578,125.36000061035156,125.70999908447266,106.36622619628906,10915400
2018-01-08,125.98999786376953,126.02999877929688,125.16999816894531,125.62999725341797,106.29851531982422,8850600
2018-01-09,124.80999755859375,124.83000183105469,123.80999755859375,123.94999694824219,104.87708282470703,16226400
2018-01-10,122.80999755859375,123.93000030517578,122.66000366210938,123.80000305175781,104.75016021728516,14302600
2018-01-11,123.51000213623047,124.58999633789062,123.30999755859375,124.30999755859375,105.18164825439453,12511000
2018-01-12,124.0999984741211,124.79000091552734,123.91000366210938,124.5199966430664,105.35933685302734,9987100
2018-01-16,125.16999816894531,125.27999877929688,124.55999755859375,125.04000091552734,105.79935455322266,9125900
2018-01-17,125.08000183105469,125.63999938964844,124.5999984741211,124.87000274658203,105.65550231933594,8327000
2018-01-18,123.93000030517578,124.2699966430664,123.54000091552734,123.70999908447266,104.67399597167969,10843900
2018-01-19,123.4000015258789,123.55999755859375,122.9800033569336,123.05999755859375,104.12401580810547,11374300
2018-01-22,123.44999694824219,123.70999908447266,122.98999786376953,123.18000030517578,104.22554779052734,8984700
2018-01-23,123.80999755859375,124.19999694824219,123.23999786376953,123.70999908447266,104.67399597167969,12325700
2018-01-24,122.8499984741211,123.12999725341797,122.54000091552734,123.04000091552734,104.10711669921875,9038900
2018-01-25,123.16000366210938,124.1500015258789,122.80000305175781,124.05000305175781,104.961669921875,12173300
2018-01-26,123.87999725341797,123.91000366210938,123.0999984741211,123.58999633789062,104.57245635986328,6462900
2018-01-29,122.97000122070312,122.97000122070312,122.30000305175781,122.7300033569336,103.84480285644531,12223000
2018-01-30,122.27999877929688,122.37000274658203,121.69999694824219,122.01000213623047,103.2355728149414,12064400
2018-01-31,122.87000274658203,122.93000030517578,121.94000244140625,122.7300033569336,103.84480285644531,18045100
2018-02-01,122.4800033569336,122.52999877929688,120.62999725341797,120.69999694824219,102.33980560302734,18632800
2018-02-02,120.1500015258789,120.26000213623047,119.23999786376953,119.58000183105469,101.3901596069336,23944400
2018-02-05,119.16999816894531,121.81999969482422,118.63999938964844,120.70999908447266,102.34829711914062,28606200
2018-02-06,120.41999816894531,120.87000274658203,119.72000122070312,119.95999908447266,101.71239471435547,10935400
2018-02-07,120.12999725341797,120.33000183105469,118.55999755859375,118.81999969482422,100.74577331542969,16271100
2018-02-08,118.01000213623047,119.18000030517578,117.8499984741211,118.69000244140625,100.63554382324219,15155100
2018-02-09,118.11000061035156,119.08999633789062,117.79000091552734,117.94000244140625,99.99964141845703,15661600
2018-02-12,118.55999755859375,119.30000305175781,118.19000244140625,118.45999908447266,100.44054412841797,10944600
2018-02-13,118.61000061035156,119.01000213623047,118.38999938964844,118.98999786376953,100.88990020751953,8157600
2018-02-14,118.45999908447266,118.54000091552734,117.47000122070312,117.66999816894531,99.77066040039062,12043300
2018-02-15,118.19000244140625,118.80000305175781,117.98999786376953,118.06999969482422,100.10985565185547,8222400
2018-02-16,119.04000091552734,119.20999908447266,118.33999633789062,118.70999908447266,100.6524887084961,8454100
2018-02-20,118.27999877929688,118.51000213623047,117.77999877929688,118.19000244140625,100.21158599853516,8268800
2018-02-21,118.23999786376953,118.29000091552734,116.51000213623047,116.73999786376953,98.982177734375,12054300
2018-02-22,117.23999786376953,117.66000366210938,117.0,117.08999633789062,99.2789535522461,9317900
2018-02-23,117.87999725341797,118.30999755859375,117.72000122070312,118.12999725341797,100.16071319580078,9072900
2018-02-26,118.68000030517578,118.91000366210938,118.04000091552734,118.16999816894531,100.19461059570312,8771600
2018-02-27,118.5199966430664,118.66000366210938,117.26000213623047,118.0,100.05052185058594,12525700
2018-02-28,118.47000122070312,118.83000183105469,118.25,118.75,100.68643188476562,9311600
2018-03-01,118.43000030517578,119.62000274658203,118.1500015258789,119.31999969482422,101.3737564086914,12287700
2018-03-02,118.8499984741211,118.93000030517578,118.12000274658203,118.3499984741211,100.54959106445312,10064300
2018-03-05,118.75,118.80000305175781,117.62999725341797,118.02999877929688,100.2777328491211,5658200
2018-03-06,118.36000061035156,118.68000030517578,118.12000274658203,118.13999938964844,100.3712158203125,5452000
2018-03-07,118.56999969482422,118.68000030517578,117.95999908447266,118.01000213623047,100.2607421875,4461800
2018-03-08,118.30999755859375,118.98999786376953,118.26000213623047,118.69000244140625,100.83845520019531,7086700
2018-03-09,117.98999786376953,118.2699966430664,117.58999633789062,117.91000366210938,100.17582702636719,6570400
2018-03-12,118.30999755859375,118.66000366210938,118.19000244140625,118.58999633789062,100.75353240966797,5801300
2018-03-13,118.30999755859375,119.37000274658203,118.19000244140625,119.19000244140625,101.2632827758789,7455300
2018-03-14,119.4000015258789,120.4000015258789,119.37000274658203,120.23999786376953,102.1553955078125,10175000
2018-03-15,120.16999816894531,120.48999786376953,119.93000030517578,120.23999786376953,102.1553955078125,6757900
2018-03-16,119.80000305175781,120.01000213623047,119.55000305175781,119.80999755859375,101.7900390625,6084300
2018-03-19,119.20999908447266,119.97000122070312,119.19999694824219,119.43000030517578,101.46721649169922,8491200
2018-03-20,118.91000366210938,119.22000122070312,118.83000183105469,118.94999694824219,101.05941009521484,5446000
2018-03-21,118.66000366210938,119.41999816894531,118.11000061035156,119.08000183105469,101.16984558105469,9742400
2018-03-22,120.30999755859375,120.81999969482422,119.66999816894531,120.26000213623047,102.17237091064453,12136600
2018-03-23,119.68000030517578,120.30999755859375,119.62000274658203,120.16999816894531,102.09587860107422,7250400
2018-03-26,120.0,120.44999694824219,119.66999816894531,119.70999908447266,101.70509338378906,8237900
2018-03-27,119.83000183105469,121.12000274658203,119.80999755859375,120.98999786376953,102.79255676269531,9168500
2018-03-28,121.44999694824219,121.63999938964844,120.94999694824219,121.30999755859375,103.0644302368164,7412500
2018-03-29,121.54000091552734,122.29000091552734,121.51000213623047,121.9000015258789,103.5656967163086,9694300
2018-04-02,121.3499984741211,122.36000061035156,121.16000366210938,121.87999725341797,103.77003479003906,12036500
2018-04-03,121.36000061035156,121.4800033569336,120.83000183105469,120.94000244140625,102.96971893310547,9855000
2018-04-04,121.3499984741211,121.45999908447266,120.5999984741211,120.69000244140625,102.7568359375,6654300
2018-04-05,120.0999984741211,120.2699966430664,119.7699966430664,119.79000091552734,101.99056243896484,7603700
2018-04-06,120.66000366210938,121.1500015258789,120.22000122070312,121.0999984741211,103.10592651367188,8831200
2018-04-09,120.63999938964844,121.30000305175781,120.3499984741211,121.30000305175781,103.2762222290039,6307500
2018-04-10,121.19999694824219,121.37999725341797,120.77999877929688,121.08000183105469,103.08890533447266,6046000
2018-04-11,121.8499984741211,121.88999938964844,121.2699966430664,121.51000213623047,103.45500946044922,5901300
2018-04-12,121.04000091552734,121.06999969482422,120.41000366210938,120.62000274658203,102.69725799560547,6622800
2018-04-13,120.5199966430664,121.12999725341797,120.5,120.9000015258789,102.93565368652344,4964000
2018-04-16,120.2300033569336,120.97000122070312,120.18000030517578,120.94000244140625,102.96971893310547,4491300
2018-04-17,120.91999816894531,121.58000183105469,120.81999969482422,121.2699966430664,103.25068664550781,5590400
2018-04-18,121.29000091552734,121.33999633789062,120.27999877929688,120.30000305175781,102.42479705810547,8138400
2018-04-19,119.41999816894531,119.52999877929688,118.80999755859375,119.31999969482422,101.59044647216797,9875800
2018-04-20,118.88999938964844,119.12999725341797,118.43000030517578,118.45999908447266,100.8581771850586,7579400
2018-04-23,118.33000183105469,118.62000274658203,118.08000183105469,118.48999786376953,100.88373565673828,7073200
2018-04-24,118.20999908447266,118.44999694824219,117.76000213623047,117.94999694824219,100.42398071289062,8190800
2018-04-25,117.41000366210938,117.6500015258789,116.94000244140625,117.16000366210938,99.75138092041016,6603800
2018-04-26,117.7300033569336,118.12999725341797,117.58999633789062,117.9800033569336,100.44953155517578,6528600
2018-04-27,118.47000122070312,118.94999694824219,118.44000244140625,118.88999938964844,101.22430419921875,5401800
2018-04-30,119.08000183105469,119.55999755859375,118.94000244140625,119.0999984741211,101.40312957763672,8321100
2018-05-01,118.7699966430664,118.83999633789062,118.2300033569336,118.41000366210938,101.03790283203125,7979200
2018-05-02,118.63999938964844,118.87000274658203,118.26000213623047,118.27999877929688,100.92697143554688,4644000
2018-05-03,118.83999633789062,119.30999755859375,118.68000030517578,118.80999755859375,101.37921142578125,6345300
2018-05-04,119.2300033569336,119.2300033569336,118.48999786376953,118.98999786376953,101.53282928466797,4283500
2018-05-07,118.97000122070312,119.0199966430664,118.73999786376953,118.80000305175781,101.37068176269531,3647800
2018-05-08,118.55000305175781,119.0,118.30000305175781,118.69000244140625,101.27682495117188,6091200
2018-05-09,118.12000274658203,118.41999816894531,117.9800033569336,117.9800033569336,100.6709976196289,7832500
2018-05-10,118.55000305175781,118.9800033569336,118.3499984741211,118.93000030517578,101.48159790039062,7101500
2018-05-11,119.31999969482422,119.36000061035156,118.81999969482422,119.2300033569336,101.73761749267578,4273400
2018-05-14,118.80000305175781,118.98999786376953,118.58999633789062,118.5999984741211,101.20003509521484,4996200
2018-05-15,117.55999755859375,117.58000183105469,116.69999694824219,117.25,100.04806518554688,12901000
2018-05-16,117.41999816894531,117.52999877929688,116.79000091552734,116.80000305175781,99.66411590576172,6518000
2018-05-17,116.62999725341797,116.81999969482422,116.08999633789062,116.20999908447266,99.16067504882812,7330300
2018-05-18,116.51000213623047,117.29000091552734,116.51000213623047,117.20999908447266,100.01398468017578,9606500
2018-05-21,117.12999725341797,117.37999725341797,116.94999694824219,117.2699966430664,100.06517028808594,4448500
2018-05-22,117.29000091552734,117.3499984741211,116.8499984741211,117.08999633789062,99.91156005859375,4700700
2018-05-23,117.75,118.11000061035156,117.66000366210938,117.94000244140625,100.63682556152344,9634000
2018-05-24,118.69000244140625,119.05999755859375,118.63999938964844,118.87999725341797,101.43894958496094,8204100
2018-05-25,119.55999755859375,119.83999633789062,119.47000122070312,119.62000274658203,102.07036590576172,8482800
2018-05-29,120.79000091552734,122.5199966430664,120.43000030517578,122.23999786376953,104.30601501464844,21668100
2018-05-30,121.0,121.4800033569336,120.73999786376953,121.41999816894531,103.60627746582031,11616300
2018-05-31,121.55999755859375,121.9800033569336,120.94999694824219,121.22000122070312,103.43560791015625,10769900
2018-06-01,120.16999816894531,120.70999908447266,119.8499984741211,120.30000305175781,102.88911437988281,8718800
2018-06-04,120.11000061035156,120.13999938964844,119.37000274658203,119.43000030517578,102.14505004882812,7156500
2018-06-05,119.95999908447266,120.16000366210938,119.62000274658203,119.70999908447266,102.384521484375,5635900
2018-06-06,119.08000183105469,119.0999984741211,118.41999816894531,118.73999786376953,101.55487823486328,7813300
2018-06-07,118.69000244140625,120.48999786376953,118.68000030517578,119.88999938964844,102.53844451904297,13238300
2018-06-08,119.55999755859375,119.8499984741211,119.44000244140625,119.52999877929688,102.23058319091797,6790600
2018-06-11,119.06999969482422,119.38999938964844,118.94000244140625,119.30999755859375,102.04242706298828,6844200
2018-06-12,118.93000030517578,119.45999908447266,118.88999938964844,119.33999633789062,102.06805419921875,6048200
2018-06-13,119.44999694824219,119.63999938964844,118.62999725341797,119.27999877929688,102.0167465209961,8834700
2018-06-14,119.77999877929688,120.30000305175781,119.4800033569336,120.2699966430664,102.86344909667969,10078800
2018-06-15,120.83000183105469,121.08999633789062,120.30000305175781,120.37999725341797,102.9575424194336,7992800
2018-06-18,120.4800033569336,120.55999755859375,120.04000091552734,120.2699966430664,102.86344909667969,4893700
2018-06-19,120.97000122070312,121.2300033569336,120.69999694824219,120.97000122070312,103.46216583251953,6133300
2018-06-20,120.7699966430664,120.79000091552734,119.9000015258789,119.91000366210938,102.55558013916016,6879100
2018-06-21,120.36000061035156,120.75,120.22000122070312,120.54000091552734,103.0943832397461,7235800
2018-06-22,120.08999633789062,120.62000274658203,120.05999755859375,120.52999877929688,103.08583068847656,4082500
2018-06-25,120.66000366210938,121.11000061035156,120.63999938964844,120.80000305175781,103.3167495727539,8363700
2018-06-26,120.7699966430664,121.02999877929688,120.66000366210938,120.97000122070312,103.46216583251953,5450000
2018-06-27,121.75,122.18000030517578,121.55000305175781,122.11000061035156,104.43714141845703,8173400
2018-06-28,122.12999725341797,122.25,121.83000183105469,122.13999938964844,104.46277618408203,7109500
2018-06-29,122.16999816894531,122.5,121.6500015258789,121.72000122070312,104.1036148071289,11164700
2018-07-02,121.73999786376953,121.75,121.29000091552734,121.3499984741211,104.02212524414062,9662000
2018-07-03,121.52999877929688,122.02999877929688,121.52999877929688,122.0,104.57933807373047,3808800
2018-07-05,122.05999755859375,122.52999877929688,122.01000213623047,122.3499984741211,104.87940216064453,3860400
2018-07-06,122.75,122.91999816894531,122.4800033569336,122.75,105.22224426269531,4679900
2018-07-09,122.06999969482422,122.20999908447266,121.9000015258789,121.95999908447266,104.54505920410156,5952700
2018-07-10,121.87000274658203,122.12999725341797,121.80999755859375,121.94999694824219,104.53649139404297,5759700
2018-07-11,122.44999694824219,122.55000305175781,122.08999633789062,122.41999816894531,104.93936920166016,6869100
2018-07-12,122.16999816894531,122.47000122070312,122.13999938964844,122.41000366210938,104.93081665039062,4824700
2018-07-13,122.61000061035156,122.87000274658203,122.47000122070312,122.72000122070312,105.19654083251953,4079000
2018-07-16,122.20999908447266,122.29000091552734,121.63999938964844,122.20999908447266,104.75936889648438,5517100
2018-07-17,122.29000091552734,122.38999938964844,121.9000015258789,121.9800033569336,104.56218719482422,3764300
2018-07-18,122.0199966430664,122.04000091552734,121.38999938964844,121.48999786376953,104.14215850830078,6330000
2018-07-19,121.80000305175781,122.44999694824219,121.7699966430664,122.26000213623047,104.80223846435547,6166700
2018-07-20,121.58000183105469,121.58999633789062,120.69999694824219,120.76000213623047,103.51643371582031,10469500
2018-07-23,120.37999725341797,120.37999725341797,119.18000030517578,119.2699966430664,102.2391586303711,11571800
2018-07-24,119.27999877929688,119.81999969482422,119.13999938964844,119.68000030517578,102.59065246582031,9053500
2018-07-25,120.0199966430664,120.26000213623047,119.26000213623047,119.48999786376953,102.42774963378906,7357900
2018-07-26,119.70999908447266,119.87999725341797,119.16000366210938,119.26000213623047,102.23062896728516,6821100
2018-07-27,119.8499984741211,119.87000274658203,119.4000015258789,119.45999908447266,102.40206146240234,4542000
2018-07-30,118.98999786376953,119.41000366210938,118.97000122070312,119.05000305175781,102.0505599975586,7111200
2018-07-31,119.79000091552734,119.86000061035156,119.55999755859375,119.69999694824219,102.60775756835938,6797400
2018-08-01,118.29000091552734,118.83999633789062,118.06999969482422,118.45999908447266,101.77186584472656,13312600
2018-08-02,118.62000274658203,118.73999786376953,118.30000305175781,118.62999725341797,101.91787719726562,4451100
2018-08-03,118.83000183105469,119.29000091552734,118.80999755859375,119.22000122070312,102.4247817993164,6162400
2018-08-06,119.54000091552734,119.83999633789062,119.2699966430664,119.29000091552734,102.48493194580078,4200200
2018-08-07,119.02999877929688,119.0999984741211,118.56999969482422,118.66999816894531,101.95222473144531,5346900
2018-08-08,118.66000366210938,119.02999877929688,118.61000061035156,118.79000091552734,102.05536651611328,5640900
2018-08-09,119.2300033569336,119.83000183105469,119.12000274658203,119.79000091552734,102.91446685791016,7144100
2018-08-10,120.37000274658203,121.05000305175781,120.27999877929688,120.66000366210938,103.66191101074219,8457900
2018-08-13,120.25,120.69999694824219,120.20999908447266,120.41000366210938,103.44715118408203,7923200
2018-08-14,120.54000091552734,120.55999755859375,120.02999877929688,120.13999938964844,103.21520233154297,4251200
2018-08-15,120.66000366210938,121.12999725341797,120.56999969482422,120.83999633789062,103.81657409667969,7649800
2018-08-16,120.80999755859375,120.93000030517578,120.27999877929688,120.83000183105469,103.80797576904297,5400400
2018-08-17,121.08999633789062,121.38999938964844,120.75,120.9800033569336,103.9368667602539,3537600
2018-08-20,121.63999938964844,121.91000366210938,121.54000091552734,121.79000091552734,104.63275146484375,5603700
2018-08-21,121.37000274658203,121.52999877929688,121.06999969482422,121.37999725341797,104.28047943115234,4695000
2018-08-22,122.0,122.05000305175781,121.58000183105469,121.86000061035156,104.69287872314453,5309600
2018-08-23,122.0,122.12999725341797,121.77999877929688,122.05000305175781,104.85609436035156,5328700
2018-08-24,121.62000274658203,122.33000183105469,121.48999786376953,122.29000091552734,105.0622787475586,6092200
2018-08-27,121.77999877929688,121.87000274658203,121.5199966430664,121.58999633789062,104.4609146118164,6407400
2018-08-28,121.0,121.08999633789062,120.68000030517578,120.86000061035156,103.83374786376953,4929300
2018-08-29,120.94000244140625,121.1500015258789,120.62000274658203,121.0199966430664,103.97122192382812,5613300
2018-08-30,121.30999755859375,121.45999908447266,121.08000183105469,121.27999877929688,104.19458770751953,5302900
2018-08-31,121.88999938964844,121.91999816894531,120.88999938964844,121.0,103.95403289794922,9677500
2018-09-04,119.95999908447266,120.0999984741211,119.75,120.02999877929688,103.35301208496094,18343600
2018-09-05,119.76000213623047,119.9000015258789,119.55000305175781,119.70999908447266,103.07747650146484,9422600
2018-09-06,119.76000213623047,120.4000015258789,119.69000244140625,120.1500015258789,103.45635986328125,9566000
2018-09-07,119.33000183105469,119.4000015258789,118.98999786376953,119.12999725341797,102.57804107666016,11212600
2018-09-10,119.16999816894531,119.5999984741211,119.16999816894531,119.56999969482422,102.95692443847656,6386400
2018-09-11,119.08000183105469,119.16999816894531,118.5999984741211,118.66000366210938,102.17333984375,5440000
2018-09-12,119.05000305175781,119.16999816894531,118.9000015258789,118.94000244140625,102.4144287109375,3347200
2018-09-13,119.33999633789062,119.56999969482422,118.9800033569336,119.12000274658203,102.56942749023438,4833000
2018-09-14,118.41000366210938,118.91000366210938,118.30000305175781,118.55000305175781,102.07868957519531,5579500
2018-09-17,118.18000030517578,118.81999969482422,118.12000274658203,118.55000305175781,102.07868957519531,5433000
2018-09-18,118.05999755859375,118.06999969482422,117.16000366210938,117.30999755859375,101.01093292236328,10182300
2018-09-19,117.11000061035156,117.11000061035156,116.19000244140625,116.61000061035156,100.40814971923828,13379600
2018-09-20,116.58000183105469,117.30000305175781,116.47000122070312,117.1500015258789,100.8731689453125,8657300
2018-09-21,116.87000274658203,117.27999877929688,116.83999633789062,117.0999984741211,100.83013916015625,6173800
2018-09-24,116.73999786376953,117.2699966430664,116.72000122070312,116.80000305175781,100.57179260253906,5505500
2018-09-25,116.4800033569336,116.73999786376953,116.4000015258789,116.68000030517578,100.46845245361328,6650900
2018-09-26,116.93000030517578,117.58000183105469,116.66000366210938,117.5,101.17452239990234,9512700
2018-09-27,117.23999786376953,117.6500015258789,117.0999984741211,117.58000183105469,101.2433853149414,5758500
2018-09-28,117.8499984741211,117.91000366210938,117.22000122070312,117.2699966430664,100.97647857666016,12807700
2018-10-01,116.66000366210938,116.83000183105469,116.12000274658203,116.1500015258789,100.23516845703125,22442400
2018-10-02,116.66999816894531,117.12999725341797,116.5999984741211,116.86000061035156,100.84790802001953,8266900
2018-10-03,116.2699966430664,116.36000061035156,114.23999786376953,114.83000183105469,99.09606170654297,20829200
2018-10-04,114.12999725341797,114.38999938964844,113.70999908447266,114.0199966430664,98.39704895019531,16207400
2018-10-05,113.38999938964844,113.72000122070312,112.62000274658203,113.04000091552734,97.55131530761719,18096500
2018-10-08,112.98999786376953,113.11000061035156,112.63999938964844,112.66000366210938,97.22337341308594,5855900
2018-10-09,113.13999938964844,113.8499984741211,113.06999969482422,113.80000305175781,98.20716094970703,11530800
2018-10-10,113.13999938964844,113.58000183105469,112.79000091552734,113.48999786376953,97.93964385986328,15290100
2018-10-11,114.0,115.1500015258789,113.79000091552734,114.87000274658203,99.1305923461914,16086800
2018-10-12,114.38999938964844,115.01000213623047,114.27999877929688,114.47000122070312,98.785400390625,6794100
2018-10-15,114.66000366210938,114.81999969482422,114.29000091552734,114.41999816894531,98.7422103881836,7146300
2018-10-16,114.38999938964844,114.72000122070312,114.16000366210938,114.68000030517578,98.96658325195312,4762300
2018-10-17,114.66000366210938,114.79000091552734,113.9800033569336,114.0,98.37980651855469,5880700
2018-10-18,113.62000274658203,114.38999938964844,113.55000305175781,113.95999908447266,98.34525299072266,5728800
2018-10-19,113.8499984741211,113.94999694824219,113.41000366210938,113.70999908447266,98.12950897216797,10892400
2018-10-22,113.94999694824219,114.08000183105469,113.52999877929688,113.55999755859375,98.00003814697266,3244200
2018-10-23,114.76000213623047,115.0199966430664,113.83999633789062,113.91999816894531,98.31072235107422,10330700
2018-10-24,114.36000061035156,114.81999969482422,114.23999786376953,114.77999877929688,99.05290985107422,16008000
2018-10-25,114.54000091552734,114.73999786376953,114.2300033569336,114.30000305175781,98.63865661621094,12613200
2018-10-26,114.93000030517578,115.31999969482422,114.79000091552734,114.98999786376953,99.2341079711914,18582500
2018-10-29,114.83999633789062,115.0199966430664,114.26000213623047,114.7300033569336,99.0097427368164,7679900
2018-10-30,114.26000213623047,114.54000091552734,114.0199966430664,114.16000366210938,98.51783752441406,9939500
2018-10-31,113.73999786376953,113.95999908447266,113.20999908447266,113.58000183105469,98.01732635498047,8706400
2018-11-01,112.8499984741211,113.55999755859375,112.83999633789062,113.41000366210938,98.10816192626953,6100200
2018-11-02,113.16999816894531,113.26000213623047,111.9000015258789,112.0,96.88841247558594,11314800
2018-11-05,112.4800033569336,112.70999908447266,112.3499984741211,112.44000244140625,97.2690658569336,4760200
2018-11-06,112.5999984741211,112.7300033569336,112.33000183105469,112.37000274658203,97.20848846435547,3159900
2018-11-07,113.19000244140625,113.4000015258789,112.41000366210938,112.5199966430664,97.3382568359375,9313100
2018-11-08,112.95999908447266,112.97000122070312,112.41000366210938,112.51000213623047,97.3296127319336,6905100
2018-11-09,112.75,113.5,112.72000122070312,113.3499984741211,98.05626678466797,6465300
2018-11-12,113.94999694824219,114.30999755859375,113.91000366210938,114.08999633789062,98.6964111328125,6840000
2018-11-13,113.70999908447266,114.0199966430664,113.4800033569336,114.0199966430664,98.63585662841797,6525800
2018-11-14,113.4800033569336,114.5199966430664,113.30000305175781,114.08999633789062,98.6964111328125,8690800
2018-11-15,114.44000244140625,114.54000091552734,113.68000030517578,114.04000091552734,98.65313720703125,7879600
2018-11-16,114.19999694824219,114.80999755859375,113.91999816894531,114.69999694824219,99.2240982055664,9236700
2018-11-19,114.41000366210938,115.0199966430664,114.41000366210938,115.0199966430664,99.50092315673828,7027200
2018-11-20,115.23999786376953,115.45999908447266,114.93000030517578,115.05999755859375,99.53553009033203,6332600
2018-11-21,114.88999938964844,115.08999633789062,114.54000091552734,115.0199966430664,99.50092315673828,4951100
2018-11-23,115.66999816894531,115.76000213623047,115.08999633789062,115.13999938964844,99.6047134399414,3027900
2018-11-26,114.86000061035156,115.05999755859375,114.77999877929688,114.87999725341797,99.3797836303711,6599000
2018-11-27,114.80999755859375,115.25,114.76000213623047,115.01000213623047,99.49227905273438,5967200
2018-11-28,114.8499984741211,115.0199966430664,114.36000061035156,114.44999694824219,99.00785064697266,7814000
2018-11-29,114.91999816894531,115.25,114.58999633789062,114.9000015258789,99.39707946777344,7295600
2018-11-30,115.30999755859375,115.41999816894531,114.9800033569336,115.33000183105469,99.76911163330078,9127800
2018-12-03,114.68000030517578,115.87999725341797,114.66000366210938,115.87999725341797,100.47750854492188,9763800
2018-12-04,116.80999755859375,118.66999816894531,116.62999725341797,117.81999969482422,102.15963745117188,18100500
2018-12-06,118.54000091552734,119.19999694824219,118.12999725341797,118.19000244140625,102.48047637939453,15319400
2018-12-07,117.80999755859375,118.52999877929688,117.5199966430664,118.41000366210938,102.67120361328125,8608400
2018-12-10,118.87000274658203,119.27999877929688,118.44000244140625,118.9000015258789,103.09611511230469,8777700
2018-12-11,118.97000122070312,119.37999725341797,118.61000061035156,118.87999725341797,103.07875061035156,8071900
2018-12-12,118.58000183105469,118.72000122070312,118.23999786376953,118.3499984741211,102.61920166015625,6182200
2018-12-13,118.45999908447266,118.58000183105469,117.9800033569336,118.06999969482422,102.37640380859375,5564200
2018-12-14,118.55000305175781,118.7699966430664,118.22000122070312,118.4800033569336,102.73188018798828,8169200
2018-12-17,118.58999633789062,119.30000305175781,118.58000183105469,119.16999816894531,103.33018493652344,9726800
2018-12-18,119.06999969482422,119.79000091552734,118.94000244140625,119.5999984741211,103.94905090332031,10018800
2018-12-19,120.11000061035156,121.66000366210938,119.91999816894531,121.18000030517578,105.32225799560547,23046300
2018-12-20,122.01000213623047,122.02999877929688,120.66999816894531,120.73999786376953,104.93985748291016,18543700
2018-12-21,121.13999938964844,121.20999908447266,120.38999938964844,120.72000122070312,104.92249298095703,9945100
2018-12-24,121.12999725341797,121.41999816894531,120.91000366210938,121.31999969482422,105.44395446777344,8377500
2018-12-26,120.98999786376953,121.38999938964844,119.97000122070312,120.0199966430664,104.31407928466797,11700400
2018-12-27,121.26000213623047,121.37999725341797,119.9800033569336,120.04000091552734,104.33146667480469,12146500
2018-12-28,120.4000015258789,121.05000305175781,120.29000091552734,121.05000305175781,105.2092514038086,9879100
2018-12-31,120.6500015258789,121.55999755859375,120.45999908447266,121.51000213623047,105.60907745361328,17409000
2019-01-02,121.66000366210938,122.16000366210938,121.33999633789062,122.1500015258789,106.16532135009766,19841500
2019-01-03,122.29000091552734,123.86000061035156,122.2300033569336,123.54000091552734,107.3734359741211,21187000
2019-01-04,122.33999633789062,122.55999755859375,121.6500015258789,122.11000061035156,106.13053894042969,12970200
2019-01-07,122.62000274658203,122.6500015258789,121.62000274658203,121.75,105.81770324707031,8498100
2019-01-08,121.69000244140625,121.94000244140625,121.38999938964844,121.43000030517578,105.53955078125,7737100
2019-01-09,121.26000213623047,121.43000030517578,120.80000305175781,121.23999786376953,105.37442016601562,9349200
2019-01-10,121.27999877929688,121.41000366210938,120.33999633789062,120.45999908447266,104.69647216796875,8222900
2019-01-11,120.83000183105469,121.2699966430664,120.68000030517578,120.93000030517578,105.10496520996094,5786900
2019-01-14,120.9000015258789,121.01000213623047,120.23999786376953,120.4800033569336,104.7138671875,6730500
2019-01-15,120.55999755859375,120.56999969482422,119.94999694824219,120.04000091552734,104.33146667480469,8997400
2019-01-16,119.58999633789062,120.38999938964844,119.51000213623047,120.16000366210938,104.43574523925781,6048400
2019-01-17,120.22000122070312,120.52999877929688,119.88999938964844,120.19000244140625,104.46184539794922,8153400
2019-01-18,119.83999633789062,120.12000274658203,119.38999938964844,119.55999755859375,103.91424560546875,14106400
2019-01-22,120.30999755859375,120.72000122070312,120.06999969482422,120.37000274658203,104.61824798583984,8881100
2019-01-23,119.87999725341797,120.62000274658203,119.83000183105469,120.31999969482422,104.5748062133789,5776800
2019-01-24,120.91000366210938,121.26000213623047,120.70999908447266,121.11000061035156,105.26142883300781,7121900
2019-01-25,120.58999633789062,120.75,120.31999969482422,120.52999877929688,104.75733184814453,6460800
2019-01-28,120.54000091552734,120.94000244140625,120.41000366210938,120.41000366210938,104.65303039550781,6435800
2019-01-29,120.52999877929688,121.04000091552734,120.38999938964844,121.0199966430664,105.1832046508789,5750100
2019-01-30,120.83999633789062,120.9800033569336,120.33000183105469,120.93000030517578,105.10496520996094,10571300
2019-01-31,121.55000305175781,122.18000030517578,121.5,121.97000122070312,106.00889587402344,11843400
2019-02-01,121.4800033569336,121.56999969482422,120.83999633789062,120.95999908447266,105.36863708496094,12024600
2019-02-04,120.44000244140625,120.55000305175781,120.0199966430664,120.41999816894531,104.8982162475586,8966200
2019-02-05,120.7300033569336,121.2300033569336,120.66000366210938,120.97000122070312,105.3773422241211,6983300
2019-02-06,121.36000061035156,121.41000366210938,120.7300033569336,121.02999877929688,105.42964172363281,5184000
2019-02-07,121.45999908447266,121.91000366210938,121.2300033569336,121.83000183105469,106.1264877319336,8781000
2019-02-08,122.26000213623047,122.47000122070312,122.06999969482422,122.3499984741211,106.57946014404297,5885400
2019-02-11,121.86000061035156,122.18000030517578,121.75,121.87000274658203,106.16132354736328,4352800
2019-02-12,121.66000366210938,121.75,121.19999694824219,121.55999755859375,105.89128112792969,7939600
2019-02-13,121.1500015258789,121.38999938964844,120.91000366210938,121.0999984741211,105.49059295654297,4757700
2019-02-14,122.13999938964844,122.19999694824219,121.58000183105469,121.79000091552734,106.0916748046875,5868900
2019-02-15,121.55999755859375,122.0199966430664,121.54000091552734,121.9800033569336,106.25714874267578,5527200
2019-02-19,122.41999816894531,122.54000091552734,121.94999694824219,122.29000091552734,106.52720642089844,5872800
2019-02-20,121.94999694824219,122.08000183105469,121.58999633789062,121.94000244140625,106.2223129272461,4455800
2019-02-21,121.06999969482422,121.16000366210938,120.69999694824219,120.8499984741211,105.27285766601562,7382500
2019-02-22,121.47000122070312,121.94999694824219,121.41999816894531,121.56999969482422,105.90003204345703,6374600
2019-02-25,121.16999816894531,121.30000305175781,120.91999816894531,121.20999908447266,105.58643341064453,6293500
2019-02-26,121.7300033569336,121.81999969482422,121.36000061035156,121.80999755859375,106.10904693603516,6028900
2019-02-27,121.12000274658203,121.12999725341797,120.27999877929688,120.43000030517578,104.90693664550781,7737300
2019-02-28,120.55999755859375,120.62000274658203,119.70999908447266,120.0199966430664,104.54978942871094,9533400
2019-03-01,119.33000183105469,119.52999877929688,118.63999938964844,118.66000366210938,103.58346557617188,13541100
2019-03-04,119.29000091552734,119.7699966430664,119.05999755859375,119.58999633789062,104.39530181884766,9808500
2019-03-05,119.27999877929688,119.87000274658203,119.2699966430664,119.83999633789062,104.61349487304688,5595200
2019-03-06,119.91999816894531,120.5199966430664,119.88999938964844,120.27999877929688,104.99759674072266,7766700
2019-03-07,120.63999938964844,121.26000213623047,120.61000061035156,121.05999755859375,105.67851257324219,8187200
2019-03-08,121.12000274658203,121.69000244140625,120.8499984741211,121.56999969482422,106.12370300292969,7517600
2019-03-11,121.4000015258789,121.41999816894531,120.9800033569336,121.20999908447266,105.8094253540039,5157800
2019-03-12,121.30000305175781,122.2300033569336,121.26000213623047,122.05999755859375,106.55146789550781,6422300
2019-03-13,121.66000366210938,121.95999908447266,121.62000274658203,121.83000183105469,106.35066986083984,4386300
2019-03-14,121.69000244140625,121.76000213623047,120.91999816894531,120.94999694824219,105.58248901367188,8188400
2019-03-15,121.73999786376953,121.94999694824219,121.4000015258789,121.75,106.28084564208984,4302000
2019-03-18,121.56999969482422,121.87000274658203,121.5199966430664,121.68000030517578,106.21974182128906,3893300
2019-03-19,121.08999633789062,121.62000274658203,120.88999938964844,121.41000366210938,105.98407745361328,5220200
2019-03-20,121.73999786376953,122.8499984741211,121.7300033569336,122.68000030517578,107.09268188476562,10123700
2019-03-21,122.95999908447266,123.08999633789062,122.73999786376953,122.94999694824219,107.32837677001953,7182600
2019-03-22,124.20999908447266,125.27999877929688,124.05999755859375,124.86000061035156,108.99566650390625,13077000
2019-03-25,124.80999755859375,125.94000244140625,124.51000213623047,125.05999755859375,109.1702880859375,9736300
2019-03-26,124.69999694824219,125.29000091552734,124.62000274658203,124.97000122070312,109.09171295166016,7502000
2019-03-27,125.41999816894531,126.33999633789062,125.30999755859375,126.12000274658203,110.09562683105469,14207200
2019-03-28,126.25,126.69000244140625,126.01000213623047,126.55999755859375,110.47972869873047,9143200
2019-03-29,125.68000030517578,126.47000122070312,125.63999938964844,126.44000244140625,110.37493896484375,10841400
2019-04-01,125.29000091552734,125.36000061035156,124.19000244140625,124.37000274658203,108.80718231201172,16501500
2019-04-02,124.4800033569336,124.73999786376953,124.25,124.5999984741211,109.00843048095703,9725000
2019-04-03,123.61000061035156,123.87000274658203,123.37000274658203,123.5199966430664,108.06352996826172,10407000
2019-04-04,123.5999984741211,123.88999938964844,123.44000244140625,123.87000274658203,108.3697738647461,7503400
2019-04-05,123.62000274658203,124.16999816894531,123.58000183105469,124.02999877929688,108.50973510742188,6321800
2019-04-08,123.83000183105469,123.94999694824219,123.5199966430664,123.58999633789062,108.1247787475586,4446400
2019-04-09,124.22000122070312,124.33999633789062,123.7699966430664,123.9800033569336,108.46603393554688,7020300
2019-04-10,124.2699966430664,124.5199966430664,124.0999984741211,124.27999877929688,108.72844696044922,7519900
2019-04-11,123.93000030517578,124.0199966430664,123.41000366210938,123.55000305175781,108.08981323242188,8679300
2019-04-12,122.88999938964844,123.05999755859375,122.62999725341797,122.66999816894531,107.31990051269531,7005500
2019-04-15,122.77999877929688,122.98999786376953,122.72000122070312,122.9800033569336,107.59114074707031,3070000
2019-04-16,122.51000213623047,122.62999725341797,122.13999938964844,122.20999908447266,106.91746520996094,8927300
2019-04-17,122.12999725341797,122.56999969482422,122.11000061035156,122.26000213623047,106.96121215820312,6118500
2019-04-18,122.80999755859375,123.0999984741211,122.77999877929688,122.9000015258789,107.52113342285156,27589400
2019-04-22,122.47000122070312,122.56999969482422,122.23999786376953,122.30999755859375,107.00495147705078,6241200
2019-04-23,122.61000061035156,122.69999694824219,122.38999938964844,122.56999969482422,107.23242950439453,6239700
2019-04-24,123.11000061035156,123.58999633789062,123.08999633789062,123.56999969482422,108.10728454589844,7302000
2019-04-25,123.48999786376953,123.62000274658203,123.0999984741211,123.38999938964844,107.9498291015625,5380900
2019-04-26,123.9800033569336,124.0199966430664,123.63999938964844,123.80999755859375,108.3172378540039,5950700
2019-04-29,123.2300033569336,123.3499984741211,122.8499984741211,123.0199966430664,107.62608337402344,10246000
2019-04-30,122.94999694824219,123.73999786376953,122.93000030517578,123.6500015258789,108.17727661132812,7957400
2019-05-01,123.69000244140625,124.44999694824219,123.5999984741211,123.9000015258789,108.62351989746094,14371900
2019-05-02,123.68000030517578,123.80999755859375,123.04000091552734,123.30999755859375,108.10625457763672,6612800
2019-05-03,123.66000366210938,123.87999725341797,123.37000274658203,123.66000366210938,108.4131088256836,6191700
2019-05-06,124.30999755859375,124.37999725341797,123.93000030517578,124.0,108.71119689941406,4482500
2019-05-07,124.52999877929688,125.13999938964844,124.38999938964844,124.94999694824219,109.54408264160156,8984900
2019-05-08,125.1500015258789,125.30000305175781,124.30000305175781,124.41000366210938,109.07066345214844,6907600
2019-05-09,125.11000061035156,125.30000305175781,124.30999755859375,124.91999816894531,109.51773834228516,9411900
2019-05-10,124.88999938964844,125.44999694824219,124.58999633789062,124.75,109.36871337890625,6037800
2019-05-13,125.4000015258789,125.93000030517578,125.25,125.7300033569336,110.22789764404297,10501600
2019-05-14,125.51000213623047,125.6500015258789,125.19999694824219,125.36000061035156,109.90351867675781,5690400
2019-05-15,126.20999908447266,126.2699966430664,125.7699966430664,126.12999725341797,110.57855224609375,9566300
2019-05-16,125.80999755859375,125.83000183105469,125.52999877929688,125.70999908447266,110.21035766601562,7666400
2019-05-17,126.27999877929688,126.30000305175781,125.69000244140625,125.98999786376953,110.45585632324219,4747100
2019-05-20,126.12000274658203,126.37999725341797,125.6500015258789,125.7300033569336,110.22789764404297,6043100
2019-05-21,125.5999984741211,125.72000122070312,125.30000305175781,125.52999877929688,110.05257415771484,4021800
2019-05-22,125.7699966430664,126.33000183105469,125.72000122070312,126.25,110.68377685546875,5675300
2019-05-23,126.88999938964844,128.08999633789062,126.87999725341797,127.66999816894531,111.92870330810547,9743700
2019-05-24,127.55999755859375,127.77999877929688,127.38999938964844,127.77999877929688,112.02507781982422,4981900
2019-05-28,128.27000427246094,128.89999389648438,128.08999633789062,128.6999969482422,112.83169555664062,8098600
2019-05-29,129.6699981689453,129.89999389648438,129.0,129.08999633789062,113.17359161376953,13260600
2019-05-30,129.3300018310547,130.22999572753906,128.88999938964844,130.1999969482422,114.14676666259766,13024800
2019-05-31,130.89999389648438,131.89999389648438,130.80999755859375,131.8300018310547,115.57586669921875,18933600
2019-06-03,131.91000366210938,132.5800018310547,131.5500030517578,132.44000244140625,116.34883880615234,17822400
2019-06-04,131.38999938964844,131.75999450683594,130.5500030517578,130.92999267578125,115.02230834960938,14250000
2019-06-05,130.52000427246094,130.9499969482422,130.1199951171875,130.19000244140625,114.37218475341797,8815200
2019-06-06,130.97000122070312,131.58999633789062,130.32000732421875,130.61000061035156,114.74118041992188,9621100
2019-06-07,131.7899932861328,132.07000732421875,131.44000244140625,131.74000549316406,115.7339096069336,11378500
2019-06-10,130.67999267578125,130.6999969482422,130.32000732421875,130.5,114.64456939697266,8288700
2019-06-11,130.4199981689453,130.75999450683594,130.32000732421875,130.5800018310547,114.71484375,5115100
2019-06-12,130.38999938964844,130.75,130.3000030517578,130.67999267578125,114.80270385742188,5278700
2019-06-13,130.8000030517578,131.25,130.7899932861328,131.1300048828125,115.1980209350586,5560400
2019-06-14,131.10000610351562,131.7100067138672,131.08999633789062,131.4600067138672,115.48794555664062,5838800
2019-06-17,131.38999938964844,131.75999450683594,131.1300048828125,131.69000244140625,115.68997955322266,6046400
2019-06-18,132.74000549316406,132.86000061035156,131.9499969482422,132.35000610351562,116.269775390625,10320700
2019-06-19,131.86000061035156,132.72000122070312,131.5800018310547,132.5399932861328,116.43671417236328,11962500
2019-06-20,132.91000366210938,133.50999450683594,132.58999633789062,132.88999938964844,116.74413299560547,10721500
2019-06-21,132.50999450683594,132.52999877929688,131.3800048828125,131.42999267578125,115.46157836914062,14495000
2019-06-24,132.16000366210938,132.52999877929688,132.0800018310547,132.41000366210938,116.3224868774414,6378800
2019-06-25,132.7899932861328,133.08999633789062,132.72000122070312,132.82000732421875,116.68272399902344,9604600
2019-06-26,132.67999267578125,132.6999969482422,131.8800048828125,131.97000122070312,115.93595886230469,12766800
2019-06-27,132.30999755859375,133.08999633789062,131.99000549316406,132.89999389648438,116.7529525756836,9724200
2019-06-28,132.5800018310547,133.0800018310547,132.4499969482422,132.80999755859375,116.67390441894531,8149200
2019-07-01,132.57000732421875,132.75,131.58999633789062,132.24000549316406,116.4010238647461,14131200
2019-07-02,132.57000732421875,133.38999938964844,132.4600067138672,133.25999450683594,117.29885864257812,10494300
2019-07-03,133.52000427246094,134.2899932861328,133.50999450683594,134.2100067138672,118.13507843017578,5380300
2019-07-05,132.5399932861328,132.5500030517578,131.6699981689453,132.42999267578125,116.56829071044922,12180100
2019-07-08,133.0500030517578,133.22000122070312,132.61000061035156,132.61000061035156,116.72669982910156,6490000
2019-07-09,132.67999267578125,132.7100067138672,132.16000366210938,132.55999755859375,116.68276977539062,6215700
2019-07-10,132.35000610351562,132.44000244140625,131.50999450683594,131.8300018310547,116.04010772705078,9470000
2019-07-11,131.30999755859375,131.41000366210938,129.75999450683594,130.07000732421875,114.4909439086914,14126800
2019-07-12,129.9199981689453,130.4499969482422,129.67999267578125,130.22000122070312,114.62298583984375,6992000
2019-07-15,130.4499969482422,131.0500030517578,130.4499969482422,130.97000122070312,115.28311920166016,6055500
2019-07-16,130.1699981689453,130.60000610351562,129.9600067138672,130.5800018310547,114.93984985351562,6172700
2019-07-17,131.05999755859375,132.02000427246094,131.0500030517578,131.99000549316406,116.18096160888672,9662200
2019-07-18,131.47000122070312,132.32000732421875,131.24000549316406,132.0,116.18978881835938,5724900
2019-07-19,131.58999633789062,131.92999267578125,131.50999450683594,131.69000244140625,115.91691589355469,5804800
2019-07-22,132.47000122070312,132.49000549316406,131.74000549316406,131.94000244140625,116.13694763183594,5204100
2019-07-23,131.60000610351562,131.74000549316406,130.97000122070312,131.22000122070312,115.50321960449219,8108900
2019-07-24,131.60000610351562,131.89999389648438,131.47000122070312,131.7899932861328,116.00493621826172,6389700
2019-07-25,131.25,131.41000366210938,130.50999450683594,131.16000366210938,115.45036315917969,8893100
2019-07-26,131.6999969482422,131.77999877929688,131.25,131.47000122070312,115.72329711914062,6188400
2019-07-29,131.82000732421875,131.9499969482422,131.39999389648438,131.50999450683594,115.75846099853516,6231800
2019-07-30,132.0,132.10000610351562,131.42999267578125,131.8300018310547,116.04010772705078,5678500
2019-07-31,131.6999969482422,133.3300018310547,131.66000366210938,132.88999938964844,116.97311401367188,15798700
2019-08-01,133.38999938964844,135.38999938964844,133.25999450683594,135.25999450683594,119.29634857177734,26664800
2019-08-02,135.66000366210938,136.50999450683594,135.39999389648438,136.50999450683594,120.39875793457031,15143100
2019-08-05,138.13999938964844,138.88999938964844,137.66000366210938,138.8699951171875,122.4802474975586,18543000
2019-08-06,138.1999969482422,139.97999572753906,138.08999633789062,139.97999572753906,123.4593505859375,12747400
2019-08-07,142.39999389648438,143.05999755859375,139.77999877929688,140.02999877929688,123.50334167480469,32582000
2019-08-08,139.13999938964844,140.42999267578125,137.97999572753906,140.3300018310547,123.76793670654297,14746000
2019-08-09,140.6699981689453,141.5500030517578,139.8699951171875,140.0500030517578,123.5210189819336,10626000
2019-08-12,141.72000122070312,143.42999267578125,141.50999450683594,142.97000122070312,126.09635925292969,14094300
2019-08-13,143.80999755859375,143.91000366210938,141.9499969482422,142.47999572753906,125.6641616821289,15974900
2019-08-14,145.16000366210938,145.72999572753906,144.7100067138672,145.69000244140625,128.49534606933594,15068900
2019-08-15,145.9499969482422,148.60000610351562,145.5800018310547,147.30999755859375,129.9241180419922,23588700
2019-08-16,146.05999755859375,146.50999450683594,144.83999633789062,146.1300048828125,128.8834228515625,17150500
2019-08-19,143.57000732421875,144.66000366210938,143.50999450683594,144.0399932861328,127.04008483886719,13614700
2019-08-20,145.27999877929688,145.6199951171875,144.83999633789062,145.52999877929688,128.35423278808594,7451500
2019-08-21,144.72000122070312,145.7899932861328,144.2899932861328,144.55999755859375,127.49871826171875,9372000
2019-08-22,144.0,144.6999969482422,143.47999572753906,143.60000610351562,126.65196228027344,13878800
2019-08-23,143.52000427246094,146.27000427246094,143.42999267578125,145.9600067138672,128.73342895507812,16191800
2019-08-26,145.8699951171875,146.2899932861328,145.2899932861328,145.3699951171875,128.21304321289062,12174500
2019-08-27,146.6300048828125,147.72000122070312,146.47999572753906,147.61000061035156,130.1887664794922,11332300
2019-08-28,148.77999877929688,148.89999389648438,147.66000366210938,147.8000030517578,130.35635375976562,10095900
2019-08-29,147.25,147.33999633789062,146.1300048828125,147.24000549316406,129.86236572265625,8884900
2019-08-30,146.61000061035156,147.47999572753906,146.36000061035156,147.27999877929688,129.89772033691406,13550800
2019-09-03,147.08999633789062,148.6699981689453,146.57000732421875,147.2100067138672,130.06553649902344,15660800
2019-09-04,146.52999877929688,147.6199951171875,146.47999572753906,147.42999267578125,130.25991821289062,7962200
2019-09-05,145.66000366210938,145.8000030517578,143.88999938964844,144.75999450683594,127.90092468261719,19382900
2019-09-06,145.25999450683594,146.02999877929688,145.0800018310547,145.7899932861328,128.81092834472656,9466400
2019-09-09,143.8300018310547,144.0,143.19000244140625,143.1999969482422,126.52257537841797,15862700
2019-09-10,142.83999633789062,143.2899932861328,140.66000366210938,140.69000244140625,124.30486297607422,13851400
2019-09-11,140.39999389648438,141.14999389648438,140.38999938964844,140.44000244140625,124.08403015136719,10941700
2019-09-12,141.5,141.8000030517578,139.05999755859375,139.52000427246094,123.27119445800781,19163300
2019-09-13,138.27999877929688,138.7100067138672,136.5399932861328,136.5399932861328,120.6382064819336,18922200
2019-09-16,137.8800048828125,138.57000732421875,137.25,138.27999877929688,122.175537109375,10971600
2019-09-17,138.36000061035156,139.60000610351562,138.02000427246094,139.02999877929688,122.8382568359375,9081200
2019-09-18,139.92999267578125,140.66000366210938,139.52999877929688,139.6199951171875,123.3595199584961,10984600
2019-09-19,140.75999450683594,140.99000549316406,139.97000122070312,140.0399932861328,123.73058319091797,13176200
2019-09-20,140.77000427246094,141.97999572753906,140.44000244140625,141.88999938964844,125.36517333984375,11519800
2019-09-23,142.24000549316406,143.16000366210938,141.6999969482422,141.86000061035156,125.33859252929688,15246700
2019-09-24,142.4199981689453,143.85000610351562,142.41000366210938,143.57000732421875,126.84949493408203,12421600
2019-09-25,143.25999450683594,143.5500030517578,141.13999938964844,141.47000122070312,124.99408721923828,14147100
2019-09-26,142.27000427246094,142.99000549316406,141.89999389648438,142.3800048828125,125.7981185913086,9636500
2019-09-27,142.32000732421875,142.97999572753906,142.13999938964844,142.72999572753906,126.1073226928711,10386900
2019-09-30,141.8800048828125,143.08999633789062,141.83999633789062,143.0800018310547,126.41654968261719,8006900
2019-10-01,141.25999450683594,143.91000366210938,141.13999938964844,143.25999450683594,126.79712677001953,16613700
2019-10-02,143.4600067138672,144.27000427246094,143.24000549316406,143.61000061035156,127.10694122314453,12891500
2019-10-03,143.97999572753906,145.6699981689453,143.9199981689453,144.9199981689453,128.26638793945312,13470500
2019-10-04,145.35000610351562,146.02999877929688,145.1999969482422,145.99000549316406,129.21331787109375,11516200
2019-10-07,145.16000366210938,145.52999877929688,144.7100067138672,144.77999877929688,128.14244079589844,11013900
2019-10-08,145.82000732421875,145.92999267578125,144.6199951171875,145.1699981689453,128.48760986328125,14529700
2019-10-09,144.60000610351562,144.61000061035156,143.8000030517578,144.35000610351562,127.76184844970703,8608800
2019-10-10,143.1199951171875,143.17999267578125,141.72999572753906,142.1999969482422,125.85894012451172,15054200
2019-10-11,140.97999572753906,141.10000610351562,139.7100067138672,140.44000244140625,124.30123138427734,26294000
2019-10-14,141.47999572753906,141.50999450683594,141.0800018310547,141.4600067138672,125.20398712158203,5936900
2019-10-15,140.6699981689453,140.9499969482422,139.5500030517578,139.75,123.69049835205078,11832300
2019-10-16,139.63999938964844,140.05999755859375,139.35000610351562,139.9199981689453,123.84095764160156,7729500
2019-10-17,139.52000427246094,140.3800048828125,139.3000030517578,139.5800018310547,123.54002380371094,6219300
2019-10-18,139.80999755859375,140.22999572753906,139.4499969482422,139.5800018310547,123.54002380371094,6456100
2019-10-21,138.57000732421875,138.99000549316406,138.22999572753906,138.52999877929688,122.61064910888672,8038000
2019-10-22,139.3800048828125,139.52999877929688,138.63999938964844,139.33999633789062,123.32760620117188,6683300
2019-10-23,140.02999877929688,140.30999755859375,139.36000061035156,139.47999572753906,123.45153045654297,5995400
2019-10-24,139.67999267578125,140.24000549316406,139.02999877929688,139.1999969482422,123.20368194580078,6161700
2019-10-25,139.52999877929688,139.5500030517578,138.30999755859375,138.52000427246094,122.60183715820312,5669800
2019-10-28,137.5800018310547,137.5800018310547,136.99000549316406,137.25999450683594,121.48665618896484,11402100
2019-10-29,137.6199951171875,137.74000549316406,137.1699981689453,137.35000610351562,121.56631469726562,5296600
2019-10-30,137.77000427246094,139.4499969482422,137.77000427246094,139.36000061035156,123.34529113769531,10914100
2019-10-31,140.47999572753906,141.67999267578125,140.42999267578125,141.24000549316406,125.00923156738281,15834100
2019-11-01,140.72999572753906,141.27000427246094,139.7899932861328,140.55999755859375,124.62450408935547,11425500
2019-11-04,138.97000122070312,139.13999938964844,138.52999877929688,138.7100067138672,122.98424530029297,11124300
2019-11-05,137.22000122070312,137.44000244140625,136.72999572753906,137.14999389648438,121.60104370117188,13493000
2019-11-06,138.02000427246094,138.41000366210938,137.33999633789062,137.97999572753906,122.3369369506836,9351900
2019-11-07,136.35000610351562,136.36000061035156,134.4499969482422,135.47999572753906,120.1203842163086,19209800
2019-11-08,135.14999389648438,135.9499969482422,134.77999877929688,134.91000366210938,119.61502838134766,10222900
2019-11-11,135.3800048828125,135.38999938964844,134.63999938964844,135.0,119.69480895996094,4577000
2019-11-12,135.27999877929688,135.9499969482422,134.7899932861328,135.6199951171875,120.24454498291016,5772900
2019-11-13,136.80999755859375,136.9600067138672,136.1699981689453,136.5,121.02476501464844,6672400
2019-11-14,137.8000030517578,138.44000244140625,137.6699981689453,137.91000366210938,122.27485656738281,10213300
2019-11-15,137.47999572753906,138.16000366210938,137.42999267578125,137.75999450683594,122.14192962646484,4657600
2019-11-18,138.2100067138672,138.61000061035156,137.92999267578125,138.00999450683594,122.36359405517578,5943900
2019-11-19,138.3699951171875,139.24000549316406,138.3699951171875,139.16000366210938,123.3832015991211,7893100
2019-11-20,139.91000366210938,140.60000610351562,139.77000427246094,140.60000610351562,124.659912109375,7905500
2019-11-21,139.63999938964844,140.0800018310547,139.1199951171875,139.72000122070312,123.87969207763672,5980900
2019-11-22,140.10000610351562,140.27999877929688,139.67999267578125,139.89999389648438,124.0392837524414,4664800
2019-11-25,140.3000030517578,140.52999877929688,140.17999267578125,140.30999755859375,124.40280151367188,4157300
2019-11-26,141.0,141.30999755859375,140.94000244140625,141.1300048828125,125.12986755371094,4281100
2019-11-27,140.60000610351562,140.91000366210938,140.4199981689453,140.72000122070312,124.76631164550781,4095700
2019-11-29,140.6199951171875,140.67999267578125,139.77999877929688,140.4199981689453,124.5003433227539,6251100
2019-12-02,138.13999938964844,138.6699981689453,137.9499969482422,138.30999755859375,122.84033203125,17702200
2019-12-03,140.0399932861328,141.77000427246094,139.92999267578125,141.2100067138672,125.41605377197266,13062400
2019-12-04,140.33999633789062,140.5,139.2100067138672,139.8000030517578,124.1637191772461,8586300
2019-12-05,138.66000366210938,139.44000244140625,138.60000610351562,139.1199951171875,123.55977630615234,7273800
2019-12-06,138.02999877929688,139.1199951171875,137.86000061035156,138.35000610351562,122.87591552734375,7931100
2019-12-09,138.99000549316406,139.11000061035156,138.57000732421875,138.64999389648438,123.14232635498047,4016900
2019-12-10,139.17999267578125,139.35000610351562,138.41000366210938,138.66000366210938,123.15122985839844,4947600
2019-12-11,139.3000030517578,140.13999938964844,139.22999572753906,139.75,124.11933135986328,6256700
2019-12-12,139.19000244140625,139.27999877929688,136.61000061035156,137.4499969482422,122.0765380859375,14857000
2019-12-13,138.1199951171875,139.61000061035156,137.22999572753906,139.0399932861328,123.48868560791016,11335100
2019-12-16,138.39999389648438,138.4600067138672,137.42999267578125,137.7899932861328,122.37852478027344,9156600
2019-12-17,138.2100067138672,138.33999633789062,137.2100067138672,137.60000610351562,122.20980834960938,6179700
2019-12-18,137.3000030517578,137.4499969482422,136.27999877929688,136.47000122070312,121.20619201660156,6244700
2019-12-19,136.0,136.86000061035156,135.75999450683594,136.47000122070312,121.40008544921875,6591100
2019-12-20,136.1300048828125,136.69000244140625,135.92999267578125,136.64999389648438,121.56021118164062,5455700
2019-12-23,136.80999755859375,136.97000122070312,136.0,136.4499969482422,121.3823471069336,5175000
2019-12-24,135.9199981689453,137.05999755859375,135.88999938964844,136.83999633789062,121.72923278808594,4667400
2019-12-26,136.91000366210938,137.22000122070312,136.50999450683594,137.1699981689453,122.02283477783203,5290200
2019-12-27,137.44000244140625,137.6300048828125,137.2899932861328,137.32000732421875,122.15625762939453,7300500
2019-12-30,135.88999938964844,136.89999389648438,135.66000366210938,136.82000732421875,121.71147918701172,7979700
2019-12-31,136.2100067138672,136.4600067138672,135.3800048828125,135.47999572753906,120.5194320678711,10707400
2020-01-02,136.7899932861328,137.52999877929688,136.6699981689453,137.00999450683594,121.88043975830078,11034100
2020-01-03,138.27000427246094,139.16000366210938,137.8800048828125,139.1199951171875,123.75743103027344,12366000
2020-01-06,139.69000244140625,139.7100067138672,138.14999389648438,138.3300018310547,123.05474090576172,11369800
2020-01-07,138.22000122070312,138.47000122070312,137.63999938964844,137.64999389648438,122.44979858398438,8381200
2020-01-08,137.92999267578125,138.30999755859375,136.32000732421875,136.74000549316406,121.64031219482422,10621700
2020-01-09,136.0,137.44000244140625,135.91000366210938,137.22000122070312,122.06724548339844,7411500
2020-01-10,137.6699981689453,138.47000122070312,137.6300048828125,138.44000244140625,123.1525650024414,8776000
2020-01-13,137.8800048828125,138.08999633789062,137.38999938964844,138.02000427246094,122.77894592285156,5966900
2020-01-14,138.17999267578125,138.82000732421875,138.13999938964844,138.72999572753906,123.4105453491211,13920300
2020-01-15,139.52000427246094,139.75999450683594,139.02000427246094,139.64999389648438,124.22889709472656,6290500
2020-01-16,139.25999450683594,139.52999877929688,138.74000549316406,139.2100067138672,123.83750915527344,6798600
2020-01-17,137.5800018310547,138.13999938964844,137.36000061035156,138.02000427246094,122.77894592285156,9693100
2020-01-21,138.80999755859375,139.64999389648438,138.77000427246094,139.47000122070312,124.06885528564453,6794900
2020-01-22,139.72000122070312,140.13999938964844,139.58999633789062,139.9600067138672,124.50470733642578,6317000
2020-01-23,140.85000610351562,141.3800048828125,140.77999877929688,140.94000244140625,125.37648010253906,9747400
2020-01-24,141.4199981689453,142.5500030517578,141.3000030517578,142.0800018310547,126.39064025878906,8585000
2020-01-27,143.9499969482422,144.2899932861328,143.5,144.2899932861328,128.35659790039062,10935200
2020-01-28,143.92999267578125,144.08999633789062,142.82000732421875,143.16000366210938,127.35135650634766,10612900
2020-01-29,143.44000244140625,144.6999969482422,143.42999267578125,144.55999755859375,128.59674072265625,9566800
2020-01-30,144.89999389648438,145.6699981689453,144.2899932861328,144.5800018310547,128.61448669433594,14711800
2020-01-31,145.1699981689453,145.99000549316406,145.08999633789062,145.89999389648438,129.78878784179688,14538100
2020-02-03,144.9499969482422,145.75999450683594,144.1199951171875,145.5399932861328,129.68360900878906,15309000
2020-02-04,143.99000549316406,144.13999938964844,143.05999755859375,143.5800018310547,127.93719482421875,11388300
2020-02-05,142.3000030517578,142.6999969482422,141.89999389648438,142.00999450683594,126.5382308959961,10782600
2020-02-06,142.17999267578125,142.8800048828125,142.0,142.64999389648438,127.10848999023438,6683100
2020-02-07,144.22000122070312,144.74000549316406,143.8699951171875,144.42999267578125,128.69456481933594,11374800
2020-02-10,145.10000610351562,145.25,144.67999267578125,144.8300018310547,129.0509796142578,6699300
2020-02-11,144.58999633789062,144.72000122070312,143.94000244140625,144.10000610351562,128.40057373046875,7784100
2020-02-12,143.3699951171875,143.5500030517578,142.99000549316406,143.3699951171875,127.75005340576172,5595500
2020-02-13,143.44000244140625,144.1999969482422,143.27000427246094,143.9199981689453,128.24014282226562,7883400
2020-02-14,144.75999450683594,145.0800018310547,144.4499969482422,144.5500030517578,128.80152893066406,7137400
2020-02-18,145.33999633789062,146.0500030517578,144.9199981689453,145.5399932861328,129.68360900878906,6909200
2020-02-19,145.1199951171875,145.6199951171875,144.97999572753906,145.52999877929688,129.6747589111328,5707700
2020-02-20,146.0800018310547,146.94000244140625,146.0,146.6699981689453,130.6905517578125,9332900
2020-02-21,147.8000030517578,148.8800048828125,147.64999389648438,148.0399932861328,131.9112548828125,13860300
2020-02-24,150.8300018310547,150.9600067138672,150.0,150.25,133.88050842285156,15929300
2020-02-25,150.2100067138672,151.75999450683594,150.13999938964844,151.0500030517578,134.5933380126953,20802900
2020-02-26,149.9499969482422,151.72000122070312,149.5800018310547,150.25,133.88050842285156,22589500
2020-02-27,152.6999969482422,153.0800018310547,150.8300018310547,151.8800048828125,135.33290100097656,30687900
2020-02-28,154.4499969482422,155.97999572753906,154.16000366210938,155.30999755859375,138.38922119140625,44935200
2020-03-02,155.3000030517578,156.5,153.75999450683594,153.94000244140625,137.37100219726562,28152400
2020-03-03,153.80999755859375,159.6999969482422,152.36000061035156,156.3300018310547,139.50372314453125,38608000
2020-03-04,156.41000366210938,157.35000610351562,154.19000244140625,154.6699981689453,138.02239990234375,23463700
2020-03-05,157.1300048828125,158.82000732421875,156.80999755859375,158.52000427246094,141.45802307128906,17786200
2020-03-06,167.3000030517578,169.3300018310547,164.11000061035156,166.77000427246094,148.8201141357422,76288300
2020-03-09,179.10000610351562,179.6999969482422,170.33999633789062,171.2899932861328,152.8535919189453,41552800
2020-03-10,169.63999938964844,172.92999267578125,162.02999877929688,162.50999450683594,145.0186004638672,37728300
2020-03-11,165.42999267578125,167.02999877929688,155.6300048828125,156.52999877929688,139.68222045898438,29519300
2020-03-12,163.50999450683594,166.36000061035156,155.66000366210938,157.5,140.54779052734375,24361800
2020-03-13,155.0,158.1999969482422,152.19000244140625,153.94000244140625,137.37100219726562,19812900
2020-03-16,160.3800048828125,166.14999389648438,157.80999755859375,163.91000366210938,146.26792907714844,30496700
2020-03-17,163.5,165.6300048828125,152.7100067138672,152.97999572753906,136.51431274414062,18570900
2020-03-18,152.83999633789062,154.13999938964844,139.00999450683594,144.35000610351562,128.81321716308594,47061000
2020-03-19,146.9499969482422,153.4499969482422,145.25,148.27999877929688,132.3202667236328,21175300
2020-03-20,153.3000030517578,159.42999267578125,152.11000061035156,159.42999267578125,142.27011108398438,20863100
2020-03-23,157.5,166.69000244140625,156.57000732421875,166.0,148.13294982910156,19971800
2020-03-24,161.25,165.4499969482422,160.41000366210938,162.91000366210938,145.37559509277344,11948600
2020-03-25,163.58999633789062,166.67999267578125,161.6199951171875,162.5399932861328,145.04537963867188,10750600
2020-03-26,164.0,165.67999267578125,162.27000427246094,163.33999633789062,145.7592315673828,10576200
2020-03-27,165.52000427246094,168.25,164.58999633789062,167.6999969482422,149.6499481201172,12550000
2020-03-30,168.3000030517578,170.11000061035156,165.94000244140625,166.32000732421875,148.41854858398438,13473200
2020-03-31,165.6999969482422,166.9199981689453,164.55999755859375,164.97000122070312,147.2138214111328,11464800
2020-04-01,168.47999572753906,168.9600067138672,166.39999389648438,167.0399932861328,149.27639770507812,11334700
2020-04-02,168.8300018310547,169.22000122070312,167.25999450683594,168.10000610351562,150.22360229492188,5771200
2020-04-03,168.5500030517578,170.3300018310547,168.13999938964844,168.5,150.5811309814453,6570800
2020-04-06,167.0,168.27000427246094,166.52999877929688,168.05999755859375,150.18798828125,9434800
2020-04-07,164.9600067138672,166.4199981689453,163.7100067138672,166.3000030517578,148.61512756347656,13811400
2020-04-08,165.11000061035156,166.19000244140625,164.1300048828125,165.08999633789062,147.53370666503906,10147100
2020-04-09,164.27999877929688,165.7899932861328,163.77999877929688,165.38999938964844,147.80191040039062,14259100
2020-04-13,164.75,165.7100067138672,163.8800048828125,163.8800048828125,146.45242309570312,8750300
2020-04-14,163.83999633789062,164.74000549316406,163.47999572753906,163.83999633789062,146.41668701171875,9019100
2020-04-15,166.8000030517578,168.60000610351562,166.74000549316406,168.17999267578125,150.29515075683594,10027800
2020-04-16,169.25999450683594,170.32000732421875,169.02000427246094,170.08999633789062,152.00205993652344,8265400
2020-04-17,169.82000732421875,170.83999633789062,167.27000427246094,167.80999755859375,149.96449279785156,8612100
2020-04-20,168.44000244140625,169.2899932861328,167.9600067138672,169.16000366210938,151.1709747314453,6462600
2020-04-21,171.92999267578125,172.14999389648438,170.77999877929688,171.2899932861328,153.07440185546875,7850700
2020-04-22,169.97000122070312,170.38999938964844,168.7100067138672,169.5399932861328,151.51051330566406,6230200
2020-04-23,169.8699951171875,170.92999267578125,169.61000061035156,170.44000244140625,152.31483459472656,5968600
2020-04-24,169.61000061035156,170.83999633789062,169.57000732421875,170.83999633789062,152.6723175048828,6211800
2020-04-27,169.66000366210938,169.75,167.44000244140625,167.66000366210938,149.83041381835938,9039500
2020-04-28,168.5500030517578,169.85000610351562,168.4499969482422,169.58999633789062,151.5552215576172,9905400
2020-04-29,169.52999877929688,170.25999450683594,167.9600067138672,168.7100067138672,150.768798828125,8619600
2020-04-30,168.74000549316406,169.22999572753906,166.7100067138672,166.74000549316406,149.00828552246094,11606100
2020-05-01,167.5,168.11000061035156,166.44000244140625,167.9499969482422,150.2843017578125,10209400
2020-05-04,167.55999755859375,167.67999267578125,166.47999572753906,167.16000366210938,149.5774383544922,8300900
2020-05-05,165.57000732421875,166.27000427246094,165.27000427246094,166.08999633789062,148.6199493408203,7831800
2020-05-06,163.22999572753906,163.63999938964844,162.0500030517578,163.41000366210938,146.22183227539062,14721500
2020-05-07,163.55999755859375,166.3699951171875,163.33999633789062,166.13999938964844,148.6646728515625,9164800
2020-05-08,164.49000549316406,165.39999389648438,163.67999267578125,163.97999572753906,146.7318572998047,8129800
2020-05-11,163.66000366210938,164.22000122070312,162.10000610351562,162.6999969482422,145.58656311035156,8713500
2020-05-12,163.16000366210938,164.92999267578125,163.1300048828125,164.3699951171875,147.0808563232422,10057300
2020-05-13,165.08999633789062,166.2899932861328,164.8300018310547,165.52000427246094,148.1099395751953,13305600
2020-05-14,167.32000732421875,168.14999389648438,167.0500030517578,167.13999938964844,149.55946350097656,10080000
2020-05-15,168.3000030517578,168.49000549316406,166.3300018310547,166.7100067138672,149.1747589111328,7225600
2020-05-18,164.92999267578125,165.05999755859375,162.4199981689453,163.0500030517578,145.899658203125,10073100
2020-05-19,162.52000427246094,163.6999969482422,162.47999572753906,163.66000366210938,146.44554138183594,8639100
2020-05-20,163.1699981689453,164.6999969482422,162.8800048828125,164.14999389648438,146.8839874267578,10927300
2020-05-21,164.86000061035156,165.36000061035156,164.2899932861328,164.55999755859375,147.25086975097656,8920000
2020-05-22,164.72000122070312,165.67999267578125,164.61000061035156,165.5500030517578,148.13665771484375,4956700
2020-05-26,163.7100067138672,163.7899932861328,162.97999572753906,163.3300018310547,146.1502685546875,8098900
2020-05-27,162.7899932861328,163.91000366210938,162.58999633789062,163.02999877929688,145.88185119628906,8047400
2020-05-28,161.9600067138672,162.57000732421875,161.66000366210938,162.42999267578125,145.34486389160156,10272600
2020-05-29,162.7100067138672,164.08999633789062,162.35000610351562,163.58999633789062,146.3828887939453,14632700
2020-06-01,162.10000610351562,162.44000244140625,161.6699981689453,162.27999877929688,145.39735412597656,13341400
2020-06-02,161.6699981689453,162.08999633789062,161.25,161.69000244140625,144.8687286376953,11517100
2020-06-03,160.17999267578125,160.3300018310547,158.94000244140625,159.5399932861328,142.94241333007812,12255700
2020-06-04,158.9199981689453,159.00999450683594,157.19000244140625,157.22999572753906,140.87269592285156,14038600
2020-06-05,154.61000061035156,156.16000366210938,153.16000366210938,156.11000061035156,139.86920166015625,17778500
2020-06-08,155.07000732421875,156.85000610351562,155.0500030517578,156.7100067138672,140.40682983398438,10346700
2020-06-09,159.0500030517578,159.63999938964844,158.3000030517578,158.49000549316406,142.0016632080078,9095300
2020-06-10,159.24000549316406,160.89999389648438,159.0500030517578,160.83999633789062,144.1071014404297,13135500
2020-06-11,163.25,164.22999572753906,162.6300048828125,163.8800048828125,146.83087158203125,17086400
2020-06-12,162.41000366210938,163.66000366210938,162.0500030517578,162.3000030517578,145.41525268554688,9716100
2020-06-15,163.88999938964844,164.22000122070312,162.13999938964844,162.38999938964844,145.49586486816406,7759800
2020-06-16,159.41000366210938,161.22999572753906,158.6999969482422,159.89999389648438,143.2649688720703,13698900
2020-06-17,160.27000427246094,160.77000427246094,159.33999633789062,160.55999755859375,143.85626220703125,7113900
2020-06-18,162.0399932861328,162.47999572753906,161.61000061035156,162.25999450683594,145.3794403076172,7691400
2020-06-19,161.0,162.5,160.91000366210938,162.38999938964844,145.49586486816406,8565500
2020-06-22,163.19000244140625,163.4199981689453,162.07000732421875,162.41000366210938,145.5138397216797,9319700
2020-06-23,161.47999572753906,162.05999755859375,161.1199951171875,161.3000030517578,144.5193328857422,9088600
2020-06-24,161.52999877929688,163.08999633789062,161.52000427246094,163.02999877929688,146.06935119628906,11436500
2020-06-25,164.2100067138672,164.35000610351562,163.39999389648438,163.5,146.49038696289062,10968000
2020-06-26,164.25,165.32000732421875,164.17999267578125,165.25,148.05831909179688,12119300
2020-06-29,164.85000610351562,165.27000427246094,164.3800048828125,164.72999572753906,147.59243774414062,7274400
2020-06-30,165.22999572753906,165.2899932861328,163.47999572753906,163.92999267578125,146.87567138671875,14841700
2020-07-01,162.80999755859375,163.55999755859375,162.14999389648438,163.4199981689453,146.59043884277344,13181000
2020-07-02,162.6999969482422,163.74000549316406,162.24000549316406,163.58999633789062,146.742919921875,7599800
2020-07-06,162.3300018310547,163.02000427246094,161.75,162.9199981689453,146.14195251464844,7972700
2020-07-07,163.4199981689453,165.33999633789062,163.1999969482422,165.2100067138672,148.19613647460938,12791900
2020-07-08,164.32000732421875,164.9199981689453,163.8300018310547,164.5500030517578,147.60403442382812,7253900
2020-07-09,164.66000366210938,167.4499969482422,164.60000610351562,167.1699981689453,149.95428466796875,13373100
2020-07-10,167.9499969482422,168.2100067138672,166.16000366210938,166.3300018310547,149.20074462890625,8478000
2020-07-13,165.5,166.9600067138672,165.22999572753906,166.8800048828125,149.6941375732422,8054000
2020-07-14,167.92999267578125,168.13999938964844,166.97999572753906,167.1199951171875,149.9093780517578,11344600
2020-07-15,165.9199981689453,166.9499969482422,165.8300018310547,166.33999633789062,149.20973205566406,7840300
2020-07-16,167.39999389648438,167.77000427246094,167.0399932861328,167.1300048828125,149.91836547851562,9107400
2020-07-17,167.27000427246094,167.39999389648438,166.47000122070312,166.77999877929688,149.6044158935547,8549900
2020-07-20,167.50999450683594,167.6199951171875,166.8000030517578,167.19000244140625,149.97215270996094,6907200
2020-07-21,167.3000030517578,167.72000122070312,167.0800018310547,167.2899932861328,150.06190490722656,8454400
2020-07-22,168.25999450683594,168.4600067138672,167.69000244140625,167.7899932861328,150.51039123535156,6592100
2020-07-23,168.9199981689453,169.8800048828125,168.47999572753906,169.75,152.2685546875,10471800
2020-07-24,169.00999450683594,169.9199981689453,168.8699951171875,169.74000549316406,152.25953674316406,7520700
2020-07-27,170.25,170.3000030517578,168.99000549316406,169.11000061035156,151.69448852539062,6146400
2020-07-28,169.5399932861328,170.33999633789062,169.42999267578125,170.27999877929688,152.74395751953125,8520700
2020-07-29,170.0500030517578,170.38999938964844,168.97999572753906,169.99000549316406,152.4837646484375,6733700
2020-07-30,171.0500030517578,171.25999450683594,170.75,171.11000061035156,153.48846435546875,9376100
2020-07-31,170.14999389648438,171.4600067138672,169.94000244140625,171.0,153.3898162841797,8886000
2020-08-03,169.24000549316406,169.99000549316406,168.97000122070312,169.9499969482422,152.61752319335938,9066200
2020-08-04,170.8300018310547,171.5800018310547,170.72000122070312,171.57000732421875,154.0723114013672,9878900
2020-08-05,170.05999755859375,170.55999755859375,169.69000244140625,170.07000732421875,152.72532653808594,6954100
2020-08-06,171.3800048828125,172.25,170.6199951171875,171.02000427246094,153.57838439941406,9481800
2020-08-07,171.27999877929688,171.5,169.5800018310547,169.8800048828125,152.55467224121094,8176900
2020-08-10,170.22000122070312,170.25,169.07000732421875,169.1199951171875,151.87217712402344,6408500
2020-08-11,167.1699981689453,167.49000549316406,165.8800048828125,167.11000061035156,150.0671844482422,19234200
2020-08-12,165.6999969482422,166.07000732421875,164.99000549316406,165.58999633789062,148.7021942138672,11744800
2020-08-13,165.30999755859375,165.5800018310547,163.1699981689453,163.82000732421875,147.11268615722656,12744700
2020-08-14,163.80999755859375,164.14999389648438,163.16000366210938,163.17999267578125,146.5379638671875,6398100
2020-08-17,163.97000122070312,164.4600067138672,163.42999267578125,163.58999633789062,146.9061737060547,6901500
2020-08-18,164.36000061035156,164.8699951171875,164.08999633789062,164.75999450683594,147.9568328857422,8140600
2020-08-19,165.3699951171875,165.61000061035156,163.3000030517578,163.72999572753906,147.03187561035156,12497700
2020-08-20,165.38999938964844,165.64999389648438,164.92999267578125,165.2100067138672,148.36094665527344,10319900
2020-08-21,165.77000427246094,166.3300018310547,165.00999450683594,166.1999969482422,149.24998474121094,6836000
2020-08-24,166.32000732421875,166.97000122070312,165.86000061035156,165.92999267578125,149.0075225830078,6490600
2020-08-25,164.35000610351562,165.08999633789062,163.8300018310547,164.66000366210938,147.86703491210938,10518300
2020-08-26,164.0500030517578,164.3300018310547,163.27999877929688,164.02999877929688,147.30123901367188,8276600
2020-08-27,164.75999450683594,164.82000732421875,161.16000366210938,161.24000549316406,144.79586791992188,19860100
2020-08-28,161.77000427246094,162.0500030517578,160.63999938964844,161.1199951171875,144.68804931640625,8415400
2020-08-31,161.60000610351562,163.25,161.55999755859375,162.19000244140625,145.64895629882812,11388100
2020-09-01,161.75999450683594,164.07000732421875,161.17999267578125,163.86000061035156,147.31480407714844,10587000
2020-09-02,163.50999450683594,165.55999755859375,163.49000549316406,165.4199981689453,148.71734619140625,15167700
2020-09-03,165.75,167.24000549316406,165.44000244140625,165.88999938964844,149.1398468017578,16416600
2020-09-04,164.41000366210938,164.6999969482422,162.4499969482422,162.74000549316406,146.30796813964844,13780300
2020-09-08,164.3699951171875,165.25999450683594,163.74000549316406,163.74000549316406,147.20692443847656,13790400
2020-09-09,163.94000244140625,164.25,162.75999450683594,163.3000030517578,146.81141662597656,9558900
2020-09-10,162.4600067138672,164.35000610351562,161.9499969482422,164.1300048828125,147.5575714111328,8847700
2020-09-11,164.30999755859375,164.57000732421875,164.0800018310547,164.47999572753906,147.87222290039062,5458200
2020-09-14,164.7899932861328,165.0800018310547,164.22999572753906,164.47000122070312,147.8632354736328,4274900
2020-09-15,164.1699981689453,164.47000122070312,163.7899932861328,164.07000732421875,147.5036163330078,6928500
2020-09-16,164.77999877929688,164.88999938964844,162.97999572753906,163.5800018310547,147.0630645751953,8815200
2020-09-17,164.89999389648438,164.9600067138672,163.8000030517578,164.0800018310547,147.51258850097656,7813900
2020-09-18,164.1699981689453,164.24000549316406,163.33999633789062,163.57000732421875,147.05410766601562,7246300
2020-09-21,164.88999938964844,165.39999389648438,164.13999938964844,164.39999389648438,147.8003387451172,11086900
2020-09-22,164.44000244140625,164.8800048828125,163.8699951171875,164.27000427246094,147.68344116210938,10524100
2020-09-23,164.3000030517578,164.52999877929688,163.47999572753906,164.49000549316406,147.88124084472656,6224800
2020-09-24,164.9600067138672,165.1199951171875,164.6199951171875,165.1199951171875,148.4475860595703,8278100
2020-09-25,165.11000061035156,165.4199981689453,164.7100067138672,165.1199951171875,148.4475860595703,5140300
2020-09-28,164.8699951171875,164.89999389648438,164.3699951171875,164.64999389648438,148.0250701904297,4470100
2020-09-29,164.8000030517578,165.24000549316406,164.55999755859375,164.83999633789062,148.1958770751953,10297600
2020-09-30,164.0,164.0,162.5500030517578,163.25999450683594,146.77542114257812,12971000
2020-10-01,162.50999450683594,163.74000549316406,162.10000610351562,163.36000061035156,147.01751708984375,11523900
2020-10-02,163.61000061035156,163.6699981689453,162.17999267578125,162.75,146.46849060058594,8828800
2020-10-05,160.9499969482422,160.9499969482422,159.52000427246094,159.57000732421875,143.60665893554688,14726000
2020-10-06,159.3300018310547,161.41000366210938,158.67999267578125,160.42999267578125,144.3806610107422,22419400
2020-10-07,159.55999755859375,160.4199981689453,158.86000061035156,159.25999450683594,143.3277130126953,9429200
2020-10-08,159.97000122070312,160.25,159.66000366210938,160.1199951171875,144.10165405273438,8431500
2020-10-09,159.52000427246094,160.27000427246094,158.80999755859375,160.08999633789062,144.07464599609375,8441500
2020-10-12,160.42999267578125,160.67999267578125,160.11000061035156,160.60000610351562,144.53363037109375,3962000
2020-10-13,161.2100067138672,161.8300018310547,161.17999267578125,161.75,145.56861877441406,7914300
2020-10-14,162.3300018310547,162.75,161.97000122070312,162.1199951171875,145.90158081054688,6954800
2020-10-15,163.0399932861328,163.19000244140625,161.63999938964844,161.83999633789062,145.6495361328125,9458800
2020-10-16,161.66000366210938,162.32000732421875,161.10000610351562,161.38999938964844,145.24456787109375,8416300
2020-10-19,160.5,160.97999572753906,160.0500030517578,160.77999877929688,144.69561767578125,9286600
2020-10-20,159.86000061035156,160.00999450683594,158.9499969482422,159.25,143.31866455078125,11189000
2020-10-21,158.7899932861328,159.3699951171875,158.3699951171875,158.6999969482422,142.82371520996094,10453700
2020-10-22,158.2899932861328,158.6300048828125,156.97000122070312,157.0500030517578,141.33880615234375,12664900
2020-10-23,156.80999755859375,158.2100067138672,156.75,158.00999450683594,142.2027587890625,8783800
2020-10-26,159.2100067138672,160.02000427246094,159.00999450683594,159.47999572753906,143.52561950683594,7227300
2020-10-27,160.22999572753906,160.6999969482422,159.89999389648438,160.5500030517578,144.4886016845703,6062300
2020-10-28,161.3800048828125,161.4600067138672,160.1999969482422,160.6999969482422,144.6236114501953,11765800
2020-10-29,160.72999572753906,160.8300018310547,158.47000122070312,159.13999938964844,143.21966552734375,11932400
2020-10-30,159.02999877929688,159.35000610351562,157.57000732421875,157.57000732421875,141.80677795410156,13095400
2020-11-02,158.6999969482422,159.19000244140625,158.3300018310547,158.5800018310547,142.86888122558594,10810500
2020-11-03,157.85000610351562,157.97999572753906,157.0399932861328,157.66000366210938,142.04006958007812,16228700
2020-11-04,161.63999938964844,162.1699981689453,160.5399932861328,161.0800018310547,145.12120056152344,21570800
2020-11-05,161.63999938964844,161.74000549316406,160.5800018310547,161.36000061035156,145.3734893798828,18537500
2020-11-06,159.6199951171875,159.9199981689453,158.94000244140625,159.41000366210938,143.61671447753906,12408400
2020-11-09,155.97000122070312,156.14999389648438,154.6300048828125,156.05999755859375,140.59857177734375,23245000
2020-11-10,154.9600067138672,155.80999755859375,154.77999877929688,155.16000366210938,139.78778076171875,12561000
2020-11-11,155.02000427246094,155.94000244140625,154.97000122070312,155.72000122070312,140.2922821044922,5888200
2020-11-12,156.94000244140625,158.39999389648438,156.7100067138672,158.3699951171875,142.67977905273438,15999700
2020-11-13,158.36000061035156,158.5,157.91000366210938,158.16000366210938,142.49049377441406,7344600
2020-11-16,157.72999572753906,158.27999877929688,157.61000061035156,157.77999877929688,142.14817810058594,6310400
2020-11-17,158.77000427246094,159.16000366210938,158.58999633789062,158.80999755859375,143.0761260986328,7444600
2020-11-18,159.44000244140625,159.57000732421875,158.35000610351562,159.27000427246094,143.49058532714844,10333300
2020-11-19,159.97000122070312,160.72000122070312,159.83999633789062,160.08999633789062,144.22933959960938,10637200
2020-11-20,160.52999877929688,161.5399932861328,160.38999938964844,161.50999450683594,145.50865173339844,7246800
2020-11-23,160.82000732421875,160.99000549316406,160.27999877929688,160.77000427246094,144.84197998046875,11300000
2020-11-24,159.99000549316406,160.02000427246094,159.00999450683594,159.1699981689453,143.4004364013672,10891700
2020-11-25,159.25,159.91000366210938,158.6199951171875,158.67999267578125,142.95899963378906,9145800
2020-11-27,159.61000061035156,160.27000427246094,159.5800018310547,160.22000122070312,144.34646606445312,4708200
2020-11-30,160.02999877929688,160.52999877929688,159.75999450683594,160.02000427246094,144.1663055419922,13071600
2020-12-01,158.5500030517578,158.74000549316406,156.67999267578125,157.5,142.04063415527344,13662800
2020-12-02,156.8800048828125,156.92999267578125,155.47999572753906,156.25,140.91331481933594,12114300
2020-12-03,156.94000244140625,157.82000732421875,156.5800018310547,157.50999450683594,142.04959106445312,9626500
2020-12-04,155.69000244140625,155.7899932861328,154.77000427246094,155.1999969482422,139.96640014648438,12734500
2020-12-07,156.35000610351562,156.8800048828125,156.17999267578125,156.60000610351562,141.22894287109375,9316100
2020-12-08,157.57000732421875,158.07000732421875,157.1999969482422,157.33999633789062,141.89625549316406,7397200
2020-12-09,156.5500030517578,157.32000732421875,156.00999450683594,156.82000732421875,141.42738342285156,7750100
2020-12-10,157.24000549316406,158.2899932861328,156.8300018310547,158.2100067138672,142.6809539794922,10025100
2020-12-11,158.64999389648438,159.38999938964844,158.32000732421875,158.77000427246094,143.1859588623047,8135900
2020-12-14,157.49000549316406,158.69000244140625,157.11000061035156,158.3300018310547,142.7891387939453,7535900
2020-12-15,157.77999877929688,158.38999938964844,157.30999755859375,157.8000030517578,142.3111114501953,6847500
2020-12-16,156.5800018310547,157.88999938964844,156.38999938964844,157.3800048828125,141.93240356445312,9954200
2020-12-17,158.1300048828125,158.4600067138672,156.42999267578125,156.8000030517578,141.55685424804688,9422700
2020-12-18,157.1199951171875,157.3800048828125,156.17999267578125,156.3300018310547,141.13255310058594,6505000
2020-12-21,157.1999969482422,157.33999633789062,156.4499969482422,156.9499969482422,141.69227600097656,8988200
2020-12-22,157.55999755859375,157.8300018310547,157.0800018310547,157.75999450683594,142.4235382080078,7370800
2020-12-23,156.6199951171875,156.69000244140625,155.4600067138672,156.6699981689453,141.439453125,9266600
2020-12-24,156.89999389648438,157.42999267578125,156.85000610351562,157.2899932861328,141.9992218017578,3117100
2020-12-28,156.3800048828125,157.4499969482422,156.10000610351562,157.36000061035156,142.06240844726562,7791100
2020-12-29,156.38999938964844,157.2899932861328,156.36000061035156,157.16000366210938,141.88185119628906,9030900
2020-12-30,156.82000732421875,157.52999877929688,156.67999267578125,157.5,142.1887969970703,9097300
2020-12-31,157.4600067138672,158.0800018310547,157.4499969482422,157.72999572753906,142.39645385742188,7742100
2021-01-04,156.6699981689453,158.17999267578125,156.5399932861328,157.5399932861328,142.2249298095703,13152900
2021-01-05,156.9499969482422,156.9499969482422,155.66000366210938,156.3699951171875,141.16864013671875,10458100
2021-01-06,153.82000732421875,153.85000610351562,152.2899932861328,153.16000366210938,138.27069091796875,22827300
2021-01-07,151.7899932861328,152.1699981689453,151.25999450683594,151.80999755859375,137.05194091796875,14651900
2021-01-08,151.47999572753906,151.9600067138672,150.66000366210938,151.32000732421875,136.60960388183594,13622500
2021-01-11,151.0,151.2100067138672,150.49000549316406,151.07000732421875,136.38388061523438,8370700
2021-01-12,150.7899932861328,151.16000366210938,149.92999267578125,150.9499969482422,136.27554321289062,12186300
2021-01-13,151.66000366210938,153.07000732421875,151.57000732421875,152.64999389648438,137.8102569580078,12533300
2021-01-14,152.5800018310547,152.63999938964844,150.7899932861328,151.22000122070312,136.51930236816406,14835500
2021-01-15,152.19000244140625,152.36000061035156,151.47000122070312,151.82000732421875,137.06100463867188,11624700
2021-01-19,151.6199951171875,152.36000061035156,151.50999450683594,152.30999755859375,137.50331115722656,9575600
2021-01-20,151.99000549316406,152.47999572753906,151.7899932861328,152.4600067138672,137.6387481689453,5368900
2021-01-21,151.44000244140625,151.75,151.10000610351562,151.38999938964844,136.6727294921875,8162700
2021-01-22,151.85000610351562,152.00999450683594,151.4199981689453,151.8800048828125,137.1151580810547,9507200
2021-01-25,152.75999450683594,153.69000244140625,152.63999938964844,153.6699981689453,138.7310791015625,8712600
2021-01-26,153.10000610351562,153.60000610351562,152.9199981689453,153.3800048828125,138.46926879882812,7690300
2021-01-27,154.07000732421875,154.5,153.52999877929688,153.77000427246094,138.82138061523438,7895200
2021-01-28,153.39999389648438,153.4600067138672,152.16000366210938,152.9199981689453,138.05401611328125,10667800
2021-01-29,151.4199981689453,152.49000549316406,151.3000030517578,152.0,137.22348022460938,14965900
2021-02-01,151.66000366210938,152.36000061035156,151.49000549316406,152.0,137.38255310058594,8165500
2021-02-02,150.74000549316406,151.08999633789062,150.52000427246094,151.02000427246094,136.49681091308594,9177500
2021-02-03,150.42999267578125,150.58999633789062,149.5800018310547,149.67999267578125,135.28561401367188,9633100
2021-02-04,149.16000366210938,149.49000549316406,148.8000030517578,149.27999877929688,134.9241180419922,8262600
2021-02-05,149.10000610351562,149.57000732421875,148.02000427246094,148.02999877929688,133.7943115234375,10258900
2021-02-08,148.3000030517578,149.25999450683594,148.0399932861328,148.67999267578125,134.3817901611328,11574800
2021-02-09,149.22000122070312,149.6699981689453,148.66000366210938,148.7899932861328,134.48126220703125,5218300
2021-02-10,149.27999877929688,149.77999877929688,149.13999938964844,149.77999877929688,135.37599182128906,8079800
2021-02-11,149.67999267578125,149.7899932861328,148.75,148.9600067138672,134.63491821289062,11962700
2021-02-12,147.6999969482422,148.0800018310547,147.02999877929688,147.11000061035156,132.9627685546875,14088400
2021-02-16,145.22000122070312,145.66000366210938,144.66000366210938,144.8699951171875,130.938232421875,17789100
2021-02-17,145.9499969482422,146.3800048828125,144.97999572753906,145.7899932861328,131.76976013183594,11199100
2021-02-18,144.61000061035156,145.60000610351562,144.32000732421875,145.1999969482422,131.2364501953125,10755300
2021-02-19,144.05999755859375,144.32000732421875,142.85000610351562,143.27000427246094,129.49208068847656,12741700
2021-02-22,143.02999877929688,143.74000549316406,141.72000122070312,142.17999267578125,128.5069122314453,13203900
2021-02-23,141.52000427246094,142.5,141.13999938964844,141.77000427246094,128.13636779785156,12658500
2021-02-24,139.35000610351562,141.17999267578125,139.16000366210938,140.83999633789062,127.29578399658203,17363100
2021-02-25,139.52000427246094,139.9199981689453,136.61000061035156,138.5399932861328,125.2169418334961,52621700
2021-02-26,140.77000427246094,143.3000030517578,139.67999267578125,143.1199951171875,129.35650634765625,45423300
2021-03-01,140.66000366210938,141.41000366210938,140.08999633789062,141.05999755859375,127.64801788330078,22048000
2021-03-02,140.39999389648438,141.1300048828125,140.2899932861328,141.07000732421875,127.65709686279297,12482200
2021-03-03,139.3800048828125,140.14999389648438,138.75999450683594,139.5399932861328,126.27252960205078,19763700
2021-03-04,139.6300048828125,139.94000244140625,137.9600067138672,138.63999938964844,125.45812225341797,22366600
2021-03-05,138.1699981689453,139.33999633789062,137.99000549316406,138.91000366210938,125.70243072509766,20598000
2021-03-08,138.8300018310547,138.89999389648438,137.8300018310547,137.8300018310547,124.72511291503906,15236600
2021-03-09,139.27000427246094,139.82000732421875,138.97000122070312,139.74000549316406,126.45353698730469,14463400
2021-03-10,139.8000030517578,140.14999389648438,139.27999877929688,140.02000427246094,126.70691680908203,12387600
2021-03-11,139.1699981689453,139.3800048828125,138.4600067138672,139.00999450683594,125.7929458618164,14150700
2021-03-12,136.39999389648438,136.4600067138672,135.64999389648438,136.05999755859375,123.1234130859375,20402700
2021-03-15,136.49000549316406,137.08999633789062,136.41000366210938,136.86000061035156,123.84735870361328,11366500
2021-03-16,137.02000427246094,137.1199951171875,135.75,136.30999755859375,123.34966278076172,15567900
2021-03-17,135.14999389648438,135.52999877929688,134.14999389648438,135.2899932861328,122.42662048339844,27107500
2021-03-18,133.30999755859375,134.47000122070312,133.19000244140625,133.9199981689453,121.18687438964844,21615100
2021-03-19,134.0800018310547,134.8300018310547,133.8000030517578,134.75,121.9379653930664,18685000
2021-03-22,135.69000244140625,136.41000366210938,135.3699951171875,136.25999450683594,123.30438995361328,17047500
2021-03-23,136.58999633789062,137.5399932861328,136.14999389648438,137.49000549316406,124.41749572753906,16768400
2021-03-24,137.05999755859375,138.27999877929688,136.9499969482422,138.22999572753906,125.08706665039062,13863000
2021-03-25,138.38999938964844,138.66000366210938,137.08999633789062,137.13999938964844,124.1007308959961,20782000
2021-03-26,136.4199981689453,137.24000549316406,136.22000122070312,136.66000366210938,123.6663818359375,8433300
2021-03-29,136.8300018310547,136.85000610351562,134.97000122070312,135.5,122.61666107177734,13968100
2021-03-30,135.3000030517578,136.50999450683594,135.00999450683594,136.2100067138672,123.25918579101562,15020800
2021-03-31,136.33999633789062,136.58999633789062,134.97999572753906,135.4499969482422,122.57135772705078,19271300
2021-04-01,136.5500030517578,137.6199951171875,136.3000030517578,137.50999450683594,124.60574340820312,14885900
2021-04-05,136.5500030517578,136.97000122070312,135.94000244140625,136.91000366210938,124.06204986572266,8243000
2021-04-06,137.16000366210938,137.97999572753906,137.00999450683594,137.83999633789062,124.90472412109375,9282400
2021-04-07,137.4499969482422,138.10000610351562,136.8800048828125,136.8800048828125,124.03486633300781,11052700
2021-04-08,137.38999938964844,138.07000732421875,137.36000061035156,138.00999450683594,125.05880737304688,7847900
2021-04-09,137.5,138.19000244140625,137.08999633789062,137.50999450683594,124.60574340820312,8717800
2021-04-12,137.4600067138672,137.52999877929688,137.10000610351562,137.4499969482422,124.55138397216797,7659000
2021-04-13,137.3000030517578,138.50999450683594,137.1999969482422,138.47999572753906,125.48470306396484,13232800
2021-04-14,138.02999877929688,138.24000549316406,137.57000732421875,138.0399932861328,125.08600616455078,7293200
2021-04-15,139.49000549316406,140.97999572753906,139.4600067138672,140.35000610351562,127.17926025390625,23896700
2021-04-16,139.10000610351562,139.72999572753906,138.92999267578125,139.25999450683594,126.19154357910156,15238400
2021-04-19,138.74000549316406,139.30999755859375,138.5500030517578,138.86000061035156,125.8290786743164,13886800
2021-04-20,138.4499969482422,139.75999450683594,138.42999267578125,139.5,126.40898895263672,11476500
2021-04-21,139.5399932861328,139.91000366210938,139.07000732421875,139.77999877929688,126.66272735595703,11902200
2021-04-22,140.0,140.38999938964844,139.1999969482422,140.38999938964844,127.21548461914062,14156400
2021-04-23,140.3800048828125,140.47000122070312,139.49000549316406,140.05999755859375,126.91643524169922,12302200
2021-04-26,140.14999389648438,140.50999450683594,139.85000610351562,139.86000061035156,126.7352523803711,9103500
2021-04-27,139.58999633789062,139.82000732421875,138.52999877929688,138.63999938964844,125.62972259521484,14137300
2021-04-28,138.64999389648438,138.88999938964844,137.9600067138672,138.72999572753906,125.71121978759766,15263700
2021-04-29,137.4499969482422,138.36000061035156,137.1300048828125,138.32000732421875,125.3397445678711,17178200
2021-04-30,138.50999450683594,138.72999572753906,137.97999572753906,138.63999938964844,125.62972259521484,15692000
2021-05-03,138.6999969482422,139.64999389648438,138.27999877929688,138.52000427246094,125.70500946044922,16447700
2021-05-04,139.49000549316406,140.16000366210938,139.16000366210938,139.4600067138672,126.5580062866211,18639700
2021-05-05,139.02999877929688,139.85000610351562,138.9199981689453,139.69000244140625,126.76683807373047,11127900
2021-05-06,139.25,140.19000244140625,139.1999969482422,139.9199981689453,126.97547912597656,21907600
2021-05-07,140.10000610351562,140.60000610351562,138.91000366210938,139.22999572753906,126.34937286376953,18346900
2021-05-10,138.9499969482422,139.25,137.69000244140625,137.82000732421875,125.06983184814453,15146200
2021-05-11,137.22999572753906,137.47999572753906,136.77000427246094,137.0399932861328,124.3619384765625,15158600
2021-05-12,136.6699981689453,136.8000030517578,135.36000061035156,135.60000610351562,123.0551986694336,20859400
2021-05-13,135.92999267578125,136.3699951171875,135.6300048828125,135.80999755859375,123.2457275390625,13073900
2021-05-14,136.52999877929688,137.0800018310547,136.22000122070312,137.0800018310547,124.39825439453125,17566700
2021-05-17,136.8300018310547,137.1699981689453,136.57000732421875,136.7899932861328,124.13507080078125,6113800
2021-05-18,136.39999389648438,136.57000732421875,136.07000732421875,136.44000244140625,123.81745910644531,11423100
2021-05-19,136.5399932861328,137.3000030517578,135.6199951171875,136.11000061035156,123.51795959472656,14296000
2021-05-20,136.75999450683594,137.49000549316406,136.6699981689453,137.22999572753906,124.53437805175781,13310500
2021-05-21,137.66000366210938,137.6999969482422,137.05999755859375,137.6699981689453,124.93370819091797,10171600
2021-05-24,137.99000549316406,138.5800018310547,137.88999938964844,138.17999267578125,125.3964614868164,6868700
2021-05-25,138.6300048828125,139.5,138.6199951171875,139.4600067138672,126.5580062866211,12346900
2021-05-26,139.58999633789062,139.91000366210938,138.8800048828125,139.22000122070312,126.34027099609375,9793700
2021-05-27,138.5,138.69000244140625,137.99000549316406,138.66000366210938,125.83206939697266,10695200
2021-05-28,138.5800018310547,139.3000030517578,138.33999633789062,138.44000244140625,125.63243103027344,10258000
2021-06-01,137.82000732421875,138.25999450683594,137.25,138.2100067138672,125.60425567626953,11778500
2021-06-02,138.5500030517578,138.7899932861328,138.32000732421875,138.52999877929688,125.89506530761719,7347900
2021-06-03,138.50999450683594,138.50999450683594,137.85000610351562,138.00999450683594,125.42252349853516,10994000
2021-06-04,138.52000427246094,139.89999389648438,138.52000427246094,139.89999389648438,127.14013671875,15773700
2021-06-07,139.58999633789062,139.7100067138672,139.32000732421875,139.47000122070312,126.74934387207031,7799800
2021-06-08,140.66000366210938,140.66000366210938,140.2100067138672,140.4499969482422,127.63996124267578,11230900
2021-06-09,141.75999450683594,142.14999389648438,141.25,141.69000244140625,128.76678466796875,12768300
2021-06-10,140.8300018310547,142.55999755859375,140.67999267578125,142.5399932861328,129.53932189941406,19698300
2021-06-11,142.30999755859375,142.39999389648438,141.83999633789062,142.30999755859375,129.33033752441406,8646700
2021-06-14,142.10000610351562,142.10000610351562,141.00999450683594,141.22000122070312,128.33970642089844,9401300
2021-06-15,140.8000030517578,141.08999633789062,140.47999572753906,141.0500030517578,128.1852569580078,18207300
2021-06-16,141.39999389648438,141.6699981689453,140.2100067138672,140.92999267578125,128.07615661621094,19676300
2021-06-17,141.86000061035156,144.92999267578125,141.63999938964844,143.0399932861328,129.99371337890625,35225800
2021-06-18,144.27999877929688,146.0399932861328,144.1199951171875,145.72999572753906,132.4383544921875,26616900
2021-06-21,144.38999938964844,144.49000549316406,143.02000427246094,143.2899932861328,130.22097778320312,16485000
2021-06-22,142.1699981689453,143.67999267578125,142.1199951171875,143.63999938964844,130.53900146484375,14530200
2021-06-23,143.11000061035156,143.5,142.7100067138672,143.27000427246094,130.2027587890625,12040900
2021-06-24,143.4199981689453,143.89999389648438,143.3300018310547,143.5,130.4117431640625,8788400
2021-06-25,143.25999450683594,143.39999389648438,141.3699951171875,142.00999450683594,129.05764770507812,15562200
2021-06-28,142.72000122070312,143.8000030517578,142.6999969482422,143.47000122070312,130.38450622558594,11460700
2021-06-29,143.10000610351562,143.72000122070312,143.0399932861328,143.7100067138672,130.60256958007812,11217900
2021-06-30,144.25,144.92999267578125,144.07000732421875,144.35000610351562,131.18421936035156,15708900
2021-07-01,143.97999572753906,144.30999755859375,143.52999877929688,144.1699981689453,131.19149780273438,10810000
2021-07-02,144.22999572753906,145.0399932861328,144.11000061035156,145.0399932861328,131.98316955566406,9650200
2021-07-06,145.72000122070312,146.99000549316406,145.72000122070312,146.74000549316406,133.5302276611328,20037200
2021-07-07,147.57000732421875,148.55999755859375,147.22000122070312,148.0399932861328,134.713134765625,20964400
2021-07-08,148.8800048828125,149.44000244140625,148.1699981689453,148.6199951171875,135.2409210205078,17487800
2021-07-09,146.8699951171875,146.99000549316406,146.49000549316406,146.52999877929688,133.3390655517578,14483600
2021-07-12,147.08999633789062,147.22999572753906,146.1699981689453,146.33999633789062,133.16610717773438,10610400
2021-07-13,146.82000732421875,147.4600067138672,144.63999938964844,145.22000122070312,132.14700317382812,23340200
2021-07-14,146.00999450683594,146.9199981689453,145.80999755859375,146.8699951171875,133.6484375,16038600
2021-07-15,147.9499969482422,148.60000610351562,147.02999877929688,148.49000549316406,135.12265014648438,18462400
2021-07-16,147.33999633789062,148.33999633789062,147.32000732421875,148.2100067138672,134.8677978515625,12787900
2021-07-19,150.9499969482422,151.9499969482422,150.6199951171875,151.4600067138672,137.82522583007812,40203900
2021-07-20,152.52999877929688,152.7100067138672,149.75999450683594,150.0,136.49671936035156,25674800
2021-07-21,148.17999267578125,148.5,146.6699981689453,148.10000610351562,134.76771545410156,19988900
2021-07-22,148.11000061035156,149.80999755859375,148.05999755859375,149.5,136.0417022705078,18136900
2021-07-23,147.94000244140625,148.66000366210938,147.88999938964844,148.5,135.13174438476562,12639300
2021-07-26,149.0,149.05999755859375,147.8800048828125,148.05999755859375,134.73129272460938,10737700
2021-07-27,149.3300018310547,149.69000244140625,148.99000549316406,149.63999938964844,136.16909790039062,13036500
2021-07-28,148.6699981689453,149.6699981689453,148.27000427246094,149.64999389648438,136.17819213867188,14346700
2021-07-29,148.77999877929688,149.22000122070312,148.52999877929688,148.82000732421875,135.42286682128906,11532000
2021-07-30,149.1300048828125,149.72000122070312,149.05999755859375,149.52000427246094,136.05992126464844,14342100
2021-08-02,149.4499969482422,151.22999572753906,149.17999267578125,150.6699981689453,137.2734832763672,21232700
2021-08-03,150.75,151.22999572753906,150.38999938964844,150.75,137.3463592529297,13361900
2021-08-04,151.5,151.82000732421875,149.72000122070312,151.05999755859375,137.62879943847656,18267900
2021-08-05,150.75999450683594,150.9199981689453,150.0,150.2899932861328,136.92724609375,15345400
2021-08-06,148.32000732421875,148.75999450683594,147.69000244140625,147.77999877929688,134.64047241210938,21144300
2021-08-09,148.14999389648438,148.55999755859375,147.22999572753906,147.25,134.15757751464844,12942400
2021-08-10,147.49000549316406,147.57000732421875,146.55999755859375,146.57000732421875,133.53802490234375,13716900
2021-08-11,146.41000366210938,147.22999572753906,145.7100067138672,146.47999572753906,133.45599365234375,17227600
2021-08-12,146.08999633789062,146.44000244140625,145.42999267578125,146.24000549316406,133.2373809814453,14709400
2021-08-13,146.8300018310547,148.55999755859375,146.80999755859375,148.5500030517578,135.3419647216797,18653800
2021-08-16,149.19000244140625,150.02000427246094,148.80999755859375,148.91000366210938,135.6699676513672,19170900
2021-08-17,148.8800048828125,149.47000122070312,148.6699981689453,148.85000610351562,135.61526489257812,14126900
2021-08-18,148.7100067138672,149.47000122070312,148.4499969482422,149.35000610351562,136.0708465576172,13144000
2021-08-19,150.30999755859375,150.4600067138672,149.80999755859375,150.4499969482422,137.07301330566406,15474300
2021-08-20,150.58999633789062,150.80999755859375,150.11000061035156,150.5500030517578,137.16412353515625,12388400
2021-08-23,150.1999969482422,150.5,149.9199981689453,150.4499969482422,137.07301330566406,10615000
2021-08-24,149.75999450683594,150.07000732421875,149.27999877929688,149.27999877929688,136.00706481933594,13835900
2021-08-25,149.2100067138672,149.3699951171875,147.5800018310547,148.0399932861328,134.8773193359375,16743800
2021-08-26,147.97000122070312,148.57000732421875,147.50999450683594,148.4499969482422,135.25083923339844,16657400
2021-08-27,148.57000732421875,149.49000549316406,148.3300018310547,149.4600067138672,136.17105102539062,15384700
2021-08-30,148.99000549316406,149.89999389648438,148.92999267578125,149.85000610351562,136.52638244628906,10596300
2021-08-31,149.6699981689453,150.08999633789062,148.5,148.8300018310547,135.59701538085938,15262400
2021-09-01,149.27000427246094,149.38999938964844,148.49000549316406,148.88999938964844,135.82418823242188,10807100
2021-09-02,149.24000549316406,149.5500030517578,148.75,149.5399932861328,136.41712951660156,9765900
2021-09-03,148.27000427246094,148.50999450683594,147.94000244140625,148.17999267578125,135.176513671875,12928000
2021-09-07,147.25999450683594,147.52000427246094,146.66000366210938,146.92999267578125,134.0362091064453,15547800
2021-09-08,147.66000366210938,148.19000244140625,147.38999938964844,147.92999267578125,134.94842529296875,14533700
2021-09-09,148.1699981689453,149.88999938964844,147.85000610351562,149.72000122070312,136.58139038085938,20324600
2021-09-10,148.89999389648438,149.1699981689453,148.16000366210938,148.39999389648438,135.377197265625,14894600
2021-09-13,149.0399932861328,149.49000549316406,148.9499969482422,149.3000030517578,136.19822692871094,15036100
2021-09-14,149.72999572753906,151.57000732421875,149.5800018310547,151.11000061035156,137.84942626953125,19918400
2021-09-15,151.2100067138672,151.25,149.92999267578125,150.5800018310547,137.3659210205078,11940300
2021-09-16,149.6699981689453,150.4499969482422,149.5,149.88999938964844,136.73648071289062,13328900
2021-09-17,149.17999267578125,149.36000061035156,148.6999969482422,149.1699981689453,136.0796356201172,13782900
2021-09-20,150.57000732421875,151.3699951171875,150.22999572753906,151.02000427246094,137.76731872558594,14660400
2021-09-21,150.7100067138672,150.9600067138672,150.1999969482422,150.88999938964844,137.64869689941406,10035800
2021-09-22,150.7899932861328,151.7899932861328,150.44000244140625,151.7899932861328,138.46975708007812,22277800
2021-09-23,150.4199981689453,150.4499969482422,148.33999633789062,148.36000061035156,135.3406982421875,23853300
2021-09-24,147.83999633789062,147.85000610351562,146.74000549316406,146.91000366210938,134.01797485351562,20203900
2021-09-27,146.05999755859375,146.8699951171875,145.8800048828125,146.3699951171875,133.5253448486328,13464300
2021-09-28,144.3300018310547,145.07000732421875,143.63999938964844,144.08999633789062,131.44544982910156,26613500
2021-09-29,144.8000030517578,145.42999267578125,143.69000244140625,144.33999633789062,131.6735382080078,23569400
2021-09-30,144.10000610351562,144.50999450683594,143.64999389648438,144.32000732421875,131.6552734375,22567600
2021-10-01,144.85000610351562,145.39999389648438,144.1999969482422,145.35000610351562,132.7632293701172,26151800
2021-10-04,144.6699981689453,145.4600067138672,144.10000610351562,144.97999572753906,132.42529296875,28027600
2021-10-05,144.60000610351562,144.6999969482422,143.4600067138672,143.5800018310547,131.146484375,22659200
2021-10-06,144.22999572753906,144.72000122070312,144.02999877929688,144.38999938964844,131.8863525390625,18696500
2021-10-07,143.19000244140625,143.33999633789062,142.58999633789062,142.8800048828125,130.50709533691406,14856000
2021-10-08,142.25999450683594,142.35000610351562,141.52999877929688,141.8800048828125,129.59373474121094,17257800
2021-10-11,141.60000610351562,141.89999389648438,141.4499969482422,141.52000427246094,129.26490783691406,7213400
2021-10-12,142.6300048828125,144.00999450683594,142.47999572753906,143.94000244140625,131.475341796875,17968700
2021-10-13,144.61000061035156,145.52999877929688,144.5800018310547,145.33999633789062,132.75405883789062,23584600
2021-10-14,145.3699951171875,145.9600067138672,144.9499969482422,145.8800048828125,133.24732971191406,12946400
2021-10-15,145.0,145.13999938964844,144.47000122070312,145.02999877929688,132.47091674804688,11811500
2021-10-18,145.0,146.0,144.52000427246094,145.7100067138672,133.0920867919922,12115900
2021-10-19,144.66000366210938,144.72999572753906,143.64999389648438,143.6999969482422,131.25608825683594,12156300
2021-10-20,143.25,143.67999267578125,142.50999450683594,142.72999572753906,130.37013244628906,12782500
2021-10-21,143.0,143.14999389648438,142.22999572753906,142.55999755859375,130.2147979736328,13660000
2021-10-22,143.4499969482422,144.39999389648438,143.2100067138672,144.1300048828125,131.64886474609375,13740000
2021-10-25,143.6699981689453,144.3000030517578,143.6300048828125,143.91000366210938,131.44790649414062,8137900
2021-10-26,144.6199951171875,145.10000610351562,143.74000549316406,145.10000610351562,132.53485107421875,13671000
2021-10-27,146.39999389648438,148.17999267578125,145.92999267578125,147.74000549316406,134.9462127685547,22092300
2021-10-28,147.7899932861328,148.3300018310547,146.83999633789062,147.24000549316406,134.4895477294922,17497600
2021-10-29,146.47000122070312,148.0,146.32000732421875,147.69000244140625,134.90057373046875,19087300
2021-11-01,145.8000030517578,146.75999450683594,145.6999969482422,146.44000244140625,133.92933654785156,18035500
2021-11-02,146.5,147.57000732421875,146.5,147.08999633789062,134.52378845214844,9836700
2021-11-03,147.82000732421875,147.97999572753906,145.52999877929688,145.57000732421875,133.13365173339844,20639400
2021-11-04,145.8699951171875,147.36000061035156,145.85000610351562,147.10000610351562,134.53294372558594,15922400
2021-11-05,148.52000427246094,149.5800018310547,148.1300048828125,149.3000030517578,136.5449676513672,21513000
2021-11-08,148.9600067138672,149.27999877929688,148.50999450683594,149.02000427246094,136.2888946533203,12083800
2021-11-09,150.8000030517578,151.77000427246094,150.63999938964844,150.9600067138672,138.06320190429688,23430200
2021-11-10,150.8300018310547,150.92999267578125,147.02999877929688,148.1999969482422,135.53897094726562,28170600
2021-11-11,148.50999450683594,148.66000366210938,147.88999938964844,147.97999572753906,135.33775329589844,5552500
2021-11-12,148.0,148.50999450683594,146.75999450683594,147.3300018310547,134.74322509765625,12712000
2021-11-15,146.88999938964844,146.9600067138672,145.22000122070312,145.47999572753906,133.05130004882812,15232700
2021-11-16,145.69000244140625,146.3800048828125,144.85000610351562,145.11000061035156,132.71292114257812,12998700
2021-11-17,144.57000732421875,146.2899932861328,144.4600067138672,146.25999450683594,133.76466369628906,14239900
2021-11-18,145.99000549316406,146.89999389648438,145.9499969482422,146.80999755859375,134.26768493652344,11054600
2021-11-19,147.5800018310547,148.60000610351562,147.5800018310547,148.36000061035156,135.68527221679688,14022100
2021-11-22,147.39999389648438,147.63999938964844,146.1300048828125,146.6199951171875,134.0939178466797,15266000
2021-11-23,145.92999267578125,146.11000061035156,144.5,144.5,132.1550750732422,15318500
2021-11-24,144.94000244140625,146.82000732421875,144.7899932861328,146.82000732421875,134.27684020996094,13769700
2021-11-26,148.8300018310547,150.67999267578125,148.6699981689453,150.52999877929688,137.6698760986328,20064800
2021-11-29,148.30999755859375,149.63999938964844,148.1699981689453,149.32000732421875,136.56326293945312,23234200
2021-11-30,150.8300018310547,152.07000732421875,150.25,151.58999633789062,138.63934326171875,31481100
2021-12-01,150.49000549316406,152.41000366210938,149.7899932861328,152.33999633789062,139.49453735351562,30826500
2021-12-02,152.92999267578125,152.99000549316406,150.75999450683594,152.52999877929688,139.66856384277344,17754200
2021-12-03,151.67999267578125,155.1199951171875,151.35000610351562,154.35000610351562,141.33511352539062,34427100
2021-12-06,154.0500030517578,154.35000610351562,151.92999267578125,152.22999572753906,139.39382934570312,30924200
2021-12-07,151.72000122070312,152.52999877929688,150.86000061035156,151.0,138.267578125,22115900
2021-12-08,150.47000122070312,150.47999572753906,148.36000061035156,148.38999938964844,135.8776092529297,33633900
2021-12-09,149.33999633789062,149.83999633789062,148.47999572753906,149.22000122070312,136.63763427734375,17544900
2021-12-10,149.9199981689453,150.24000549316406,148.80999755859375,148.86000061035156,136.30801391601562,14298700
2021-12-13,150.38999938964844,151.30999755859375,150.30999755859375,151.05999755859375,138.32247924804688,17860500
2021-12-14,150.3699951171875,150.92999267578125,149.30999755859375,150.6999969482422,137.9928436279297,14015500
2021-12-15,149.61000061035156,150.7899932861328,149.1300048828125,149.25,136.66510009765625,25383900
2021-12-16,148.75,149.8800048828125,148.72999572753906,149.13999938964844,136.71829223632812,18677900
2021-12-17,150.33999633789062,150.97999572753906,150.16000366210938,150.8300018310547,138.2675323486328,18093500
2021-12-20,150.75,151.02000427246094,149.60000610351562,149.6999969482422,137.23162841796875,17147300
2021-12-21,148.13999938964844,149.1999969482422,147.6199951171875,149.1300048828125,136.7091522216797,16598200
2021-12-22,149.72999572753906,149.86000061035156,149.02000427246094,149.82000732421875,137.3416748046875,12253900
2021-12-23,149.58999633789062,149.60000610351562,148.02999877929688,148.52000427246094,136.14991760253906,11642500
2021-12-27,148.4600067138672,149.00999450683594,148.32000732421875,148.8800048828125,136.4799041748047,7821800
2021-12-28,149.60000610351562,149.77999877929688,148.00999450683594,148.2899932861328,135.93907165527344,9174600
2021-12-29,146.91000366210938,147.30999755859375,146.41000366210938,146.6699981689453,134.4540252685547,11771200
2021-12-30,147.25,147.97000122070312,146.4499969482422,147.89999389648438,135.58151245117188,10355000
2021-12-31,147.80999755859375,149.02999877929688,147.42999267578125,148.19000244140625,135.847412109375,13402300
2022-01-03,146.41000366210938,146.94000244140625,144.27999877929688,144.3000030517578,132.28146362304688,33860400
2022-01-04,143.61000061035156,144.1300048828125,142.74000549316406,143.6999969482422,131.73135375976562,21996400
2022-01-05,144.13999938964844,144.16000366210938,142.7100067138672,142.9199981689453,131.01632690429688,20911700
2022-01-06,142.58999633789062,143.44000244140625,142.2899932861328,143.2899932861328,131.35549926757812,18996400
2022-01-07,143.1300048828125,143.24000549316406,141.55999755859375,142.25999450683594,130.4113006591797,18756800
2022-01-10,141.64999389648438,142.80999755859375,141.36000061035156,142.61000061035156,130.732177734375,13775800
2022-01-11,142.8800048828125,143.6300048828125,142.6999969482422,143.55999755859375,131.60302734375,24388700
2022-01-12,143.89999389648438,144.00999450683594,143.0,143.00999450683594,131.09884643554688,14440600
2022-01-13,143.38999938964844,144.4199981689453,143.02999877929688,144.27999877929688,132.2630615234375,15166000
2022-01-14,143.4199981689453,143.4600067138672,141.7899932861328,142.10000610351562,130.2646484375,22997500
2022-01-18,140.9600067138672,141.30999755859375,140.02000427246094,140.10000610351562,128.43121337890625,21171700
2022-01-19,140.52999877929688,141.7100067138672,140.30999755859375,141.07000732421875,129.32044982910156,17930500
2022-01-20,141.3699951171875,141.99000549316406,141.08999633789062,141.94000244140625,130.1179656982422,13959000
2022-01-21,143.39999389648438,144.10000610351562,142.6699981689453,143.6300048828125,131.667236328125,28916600
2022-01-24,144.3000030517578,144.3699951171875,142.42999267578125,142.4499969482422,130.58547973632812,25001600
2022-01-25,143.11000061035156,143.7100067138672,141.8000030517578,142.22000122070312,130.37466430664062,15599000
2022-01-26,142.25999450683594,142.57000732421875,140.49000549316406,140.5,128.7978973388672,23655500
2022-01-27,142.41000366210938,143.3699951171875,142.3300018310547,143.0800018310547,131.16302490234375,21501800
2022-01-28,142.08999633789062,143.4600067138672,141.85000610351562,143.1300048828125,131.2088623046875,12826500
2022-01-31,142.17999267578125,142.9499969482422,141.9600067138672,142.38999938964844,130.53050231933594,13998400
2022-02-01,142.27999877929688,142.36000061035156,141.05999755859375,141.72000122070312,130.09722900390625,20806100
2022-02-02,141.9499969482422,143.57000732421875,141.92999267578125,142.1999969482422,130.53778076171875,18404600
2022-02-03,140.44000244140625,141.47999572753906,140.17999267578125,141.08999633789062,129.51885986328125,17234100
2022-02-04,139.85000610351562,140.13999938964844,138.77999877929688,139.00999450683594,127.60945129394531,23609800
2022-02-07,138.91000366210938,139.30999755859375,138.5500030517578,139.10000610351562,127.69206237792969,12962400
2022-02-08,138.2100067138672,138.5800018310547,137.82000732421875,138.1699981689453,126.83833312988281,16269200
2022-02-09,138.72000122070312,139.3699951171875,138.19000244140625,138.42999267578125,127.07701873779297,14349100
2022-02-10,137.66000366210938,137.8300018310547,135.83999633789062,136.22999572753906,125.05745697021484,30896200
2022-02-11,136.8699951171875,138.50999450683594,135.36000061035156,138.25,126.91178131103516,43210300
2022-02-14,137.1300048828125,137.74000549316406,135.97000122070312,136.52999877929688,125.33284759521484,23157400
2022-02-15,135.60000610351562,135.83999633789062,134.94000244140625,134.97999572753906,123.90996551513672,18198500
2022-02-16,135.9499969482422,136.07000732421875,134.50999450683594,135.77999877929688,124.64434814453125,16473700
2022-02-17,136.4499969482422,137.57000732421875,135.89999389648438,136.7899932861328,125.5715560913086,24508200
2022-02-18,137.52000427246094,138.3699951171875,137.16000366210938,138.22999572753906,126.8934097290039,17522600
2022-02-22,137.69000244140625,138.6699981689453,137.47000122070312,138.58999633789062,127.22388458251953,19534000
2022-02-23,137.67999267578125,137.85000610351562,136.57000732421875,136.67999267578125,125.47053527832031,17757800
2022-02-24,139.10000610351562,139.3699951171875,136.25,136.77000427246094,125.55319213867188,28150400
2022-02-25,136.86000061035156,137.30999755859375,136.17999267578125,136.8699951171875,125.64495849609375,15025400
2022-02-28,138.42999267578125,140.0399932861328,138.32000732421875,139.8699951171875,128.39894104003906,25817700
2022-03-01,140.36000061035156,142.3300018310547,140.0,141.3000030517578,129.88343811035156,35664400
2022-03-02,139.83999633789062,140.4199981689453,136.41000366210938,136.47000122070312,125.44364166259766,30397400
2022-03-03,137.49000549316406,138.6999969482422,137.02000427246094,137.86000061035156,126.72138214111328,20649100
2022-03-04,140.36000061035156,140.82000732421875,139.30999755859375,140.24000549316406,128.90907287597656,25853100
2022-03-07,139.1199951171875,140.63999938964844,138.77000427246094,139.1699981689453,127.92558288574219,23710900
2022-03-08,137.50999450683594,138.25,137.25,137.77000427246094,126.63867950439453,28331300
2022-03-09,137.07000732421875,137.33999633789062,136.1300048828125,136.4199981689453,125.39771270751953,18819200
2022-03-10,134.8300018310547,135.1699981689453,133.72000122070312,134.4600067138672,123.59606170654297,26868900
2022-03-11,134.3300018310547,135.4499969482422,134.2100067138672,134.91000366210938,124.0097427368164,15583800
2022-03-14,132.6999969482422,132.88999938964844,131.72000122070312,131.75999450683594,121.11419677734375,24385000
2022-03-15,132.86000061035156,133.14999389648438,131.19000244140625,131.52999877929688,120.90281677246094,17518800
2022-03-16,131.8300018310547,133.1300048828125,130.32000732421875,132.82000732421875,122.08860778808594,25857700
2022-03-17,132.82000732421875,133.33999633789062,131.07000732421875,131.8300018310547,121.1785659790039,19330600
2022-03-18,132.57000732421875,133.5399932861328,132.57000732421875,133.44000244140625,122.65848541259766,55891700
2022-03-21,131.27999877929688,131.6699981689453,129.75,130.35000610351562,119.81816864013672,26122000
2022-03-22,128.9600067138672,129.33999633789062,128.33999633789062,128.67999267578125,118.2830810546875,21830900
2022-03-23,129.3699951171875,131.60000610351562,128.86000061035156,131.5,120.87525939941406,21266100
2022-03-24,129.64999389648438,131.17999267578125,129.60000610351562,130.47000122070312,119.92845153808594,17141600
2022-03-25,129.5,129.52000427246094,127.6500015258789,128.66000366210938,118.26470947265625,25684500
2022-03-28,129.38999938964844,130.55999755859375,129.0399932861328,129.75999450683594,119.27581024169922,17657800
2022-03-29,130.55999755859375,131.5500030517578,129.74000549316406,130.74000549316406,120.17665100097656,19319700
2022-03-30,130.07000732421875,132.00999450683594,129.99000549316406,131.75999450683594,121.11419677734375,16310200
2022-03-31,131.97999572753906,132.6699981689453,131.66000366210938,132.0800018310547,121.40839385986328,19901000
2022-04-01,130.00999450683594,132.9600067138672,129.7100067138672,132.3800048828125,121.87055206298828,23489700
2022-04-04,131.92999267578125,131.97999572753906,130.7100067138672,131.4600067138672,121.0235824584961,13609900
2022-04-05,130.75999450683594,130.77999877929688,128.2899932861328,128.49000549316406,118.28935241699219,25196900
2022-04-06,126.43000030517578,128.3000030517578,126.4000015258789,127.44999694824219,117.33191680908203,22952000
2022-04-07,126.11000061035156,126.66999816894531,125.41000366210938,126.48999786376953,116.4481201171875,23458800
2022-04-08,125.44999694824219,125.83000183105469,124.26000213623047,125.12000274658203,115.18690490722656,26859200
2022-04-11,123.91999816894531,124.19000244140625,122.55999755859375,123.13999938964844,113.36407470703125,30020700
2022-04-12,124.05000305175781,124.16000366210938,122.66999816894531,122.97000122070312,113.20760345458984,23124200
2022-04-13,123.05000305175781,124.30000305175781,122.88999938964844,123.22000122070312,113.43773651123047,17189500
2022-04-14,122.86000061035156,122.93000030517578,120.37999725341797,120.75,111.16383361816406,34274500
2022-04-18,120.87000274658203,121.08000183105469,119.69000244140625,120.1500015258789,110.6114501953125,18784300
2022-04-19,119.1500015258789,119.72000122070312,118.66999816894531,119.25,109.78288269042969,26012300
2022-04-20,120.22000122070312,121.97000122070312,119.91999816894531,121.6500015258789,111.99235534667969,31423200
2022-04-21,120.83000183105469,120.91000366210938,119.16999816894531,120.75,111.16383361816406,23323200
2022-04-22,120.06999969482422,121.44000244140625,119.80999755859375,119.98999786376953,110.46414947509766,19773400
2022-04-25,121.37999725341797,122.19000244140625,121.12999725341797,121.19000244140625,111.56887817382812,25418900
2022-04-26,122.44000244140625,123.02999877929688,121.76000213623047,122.41000366210938,112.69206237792969,26931300
2022-04-27,122.19000244140625,122.31999969482422,120.7699966430664,120.83999633789062,111.24667358398438,14560500
2022-04-28,120.38999938964844,121.06999969482422,120.01000213623047,121.0199966430664,111.41239166259766,16892500
2022-04-29,119.30999755859375,120.97000122070312,119.11000061035156,119.44999694824219,109.96703338623047,26153400
2022-05-02,117.86000061035156,118.2699966430664,116.93000030517578,117.18000030517578,108.0608901977539,29233900
2022-05-03,119.04000091552734,119.30999755859375,117.88999938964844,117.97000122070312,108.7894058227539,21256700
2022-05-04,117.97000122070312,118.97000122070312,117.3499984741211,118.62000274658203,109.38883972167969,25575700
2022-05-05,116.3499984741211,116.47000122070312,114.0199966430664,115.37000274658203,106.3917236328125,48384500
2022-05-06,114.13999938964844,115.04000091552734,113.30999755859375,113.66999816894531,104.82402801513672,32790500
2022-05-09,112.86000061035156,114.70999908447266,112.62000274658203,114.66999816894531,105.7462158203125,26773000
2022-05-10,115.88999938964844,116.95999908447266,115.4800033569336,115.70999908447266,106.70526123046875,33640800
2022-05-11,114.73999786376953,117.94000244140625,114.44000244140625,117.94000244140625,108.7617416381836,34173600
2022-05-12,118.0199966430664,118.88999938964844,117.66000366210938,117.72000122070312,108.55888366699219,26405700
2022-05-13,116.9800033569336,117.1500015258789,115.9000015258789,115.9800033569336,106.95426940917969,20782700
2022-05-16,116.20999908447266,116.94000244140625,115.8499984741211,115.86000061035156,106.84361267089844,11050600
2022-05-17,114.70999908447266,115.3499984741211,114.36000061035156,114.45999908447266,105.55256652832031,15040800
2022-05-18,114.72000122070312,117.0,114.61000061035156,116.9000015258789,107.80265045166016,21337300
2022-05-19,118.63999938964844,118.72000122070312,116.8499984741211,117.18000030517578,108.0608901977539,21937500
2022-05-20,117.08999633789062,119.0199966430664,117.05999755859375,118.51000213623047,109.28736877441406,22780900
2022-05-23,117.70999908447266,118.25,116.54000091552734,116.55999755859375,107.4891357421875,15925200
2022-05-24,117.9000015258789,119.63999938964844,117.86000061035156,118.86000061035156,109.61012268066406,23388200
2022-05-25,119.61000061035156,119.62000274658203,118.58999633789062,119.33000183105469,110.04357147216797,14410800
2022-05-26,119.0199966430664,119.08999633789062,117.80000305175781,118.79000091552734,109.54559326171875,14912900
2022-05-27,119.36000061035156,119.73999786376953,118.73999786376953,119.08000183105469,109.81302642822266,11190400
2022-05-31,117.18000030517578,117.2300033569336,115.93000030517578,116.55999755859375,107.4891357421875,28393700
2022-06-01,117.02999877929688,117.33999633789062,115.69000244140625,116.22000122070312,107.36625671386719,15544800
2022-06-02,116.62999725341797,116.70999908447266,115.45999908447266,116.27999877929688,107.42167663574219,9832000
2022-06-03,115.08999633789062,116.05999755859375,114.87000274658203,116.02999877929688,107.19074249267578,15330400
2022-06-06,115.1500015258789,115.51000213623047,113.80999755859375,113.88999938964844,105.21379089355469,20815400
2022-06-07,114.61000061035156,115.77999877929688,114.58000183105469,115.12000274658203,106.35008239746094,14278700
2022-06-08,114.68000030517578,115.12999725341797,114.08000183105469,114.0999984741211,105.40776824951172,11476100
2022-06-09,113.83999633789062,114.70999908447266,113.68000030517578,114.4800033569336,105.75883483886719,15527300
2022-06-10,114.36000061035156,114.61000061035156,112.97000122070312,113.7699966430664,105.10291290283203,21917100
2022-06-13,111.48999786376953,111.66999816894531,109.23999786376953,110.19999694824219,101.80488586425781,36968300
2022-06-14,110.52999877929688,110.9800033569336,108.58999633789062,108.80999755859375,100.52075958251953,21865900
2022-06-15,110.08999633789062,110.98999786376953,109.02999877929688,110.83999633789062,102.39611053466797,25202800
2022-06-16,108.44999694824219,111.72000122070312,108.12000274658203,111.72000122070312,103.2090835571289,26067300
2022-06-17,112.01000213623047,112.83000183105469,110.95999908447266,112.08000183105469,103.5416488647461,21614300
2022-06-21,110.08999633789062,111.0199966430664,109.80999755859375,110.18000030517578,101.7863998413086,17663800
2022-06-22,112.69000244140625,113.30999755859375,112.37999725341797,113.20999908447266,104.58556365966797,23703800
2022-06-23,113.9000015258789,115.16999816894531,113.48999786376953,114.13999938964844,105.44471740722656,20669200
2022-06-24,113.45999908447266,114.16999816894531,112.5,112.55999755859375,103.98509216308594,18161300
2022-06-27,111.22000122070312,112.22000122070312,111.16000366210938,111.5999984741211,103.09825134277344,12053000
2022-06-28,111.29000091552734,112.18000030517578,110.87000274658203,112.12000274658203,103.57861328125,13706600
2022-06-29,112.37999725341797,113.9000015258789,112.16999816894531,113.87000274658203,105.19527435302734,12925400
2022-06-30,114.86000061035156,115.7699966430664,114.75,114.87000274658203,106.11911010742188,25802100
2022-07-01,115.9000015258789,117.58999633789062,115.22000122070312,115.81999969482422,107.20858764648438,21858800
2022-07-05,116.88999938964844,117.75,116.16999816894531,116.7300033569336,108.05094909667969,16689700
2022-07-06,117.38999938964844,117.54000091552734,114.7699966430664,114.7699966430664,106.23664855957031,20205400
2022-07-07,115.0999984741211,115.16999816894531,113.51000213623047,113.76000213623047,105.3017578125,13088000
2022-07-08,113.5,113.5,112.05000305175781,112.5,104.13546752929688,15320000
2022-07-11,113.79000091552734,114.79000091552734,113.69999694824219,114.44000244140625,105.93119049072266,13639900
2022-07-12,115.51000213623047,116.2300033569336,114.97000122070312,115.12000274658203,106.56063842773438,18547300
2022-07-13,113.7699966430664,116.6500015258789,113.44999694824219,116.44000244140625,107.78250122070312,20594800
2022-07-14,115.08000183105469,116.16000366210938,114.47000122070312,115.48999786376953,106.90313720703125,15665000
2022-07-15,115.83999633789062,116.81999969482422,115.5999984741211,116.13999938964844,107.50480651855469,16022600
2022-07-18,115.25,115.31999969482422,114.18000030517578,114.93000030517578,106.38477325439453,15838300
2022-07-19,114.91000366210938,115.1500015258789,113.66000366210938,114.30999755859375,105.81086730957031,9276800
2022-07-20,115.4800033569336,115.55000305175781,114.05000305175781,114.61000061035156,106.08856201171875,9117300
2022-07-21,115.19000244140625,116.72000122070312,115.01000213623047,116.58999633789062,107.92134857177734,14754900
2022-07-22,118.29000091552734,119.2699966430664,117.97000122070312,118.55000305175781,109.7356185913086,17715300
2022-07-25,116.70999908447266,117.54000091552734,116.47000122070312,117.38999938964844,108.66187286376953,24868100
2022-07-26,118.86000061035156,119.23999786376953,117.4000015258789,117.4800033569336,108.74518585205078,13536000
2022-07-27,118.01000213623047,118.48999786376953,116.70999908447266,116.81999969482422,108.13423919677734,15725600
2022-07-28,118.05000305175781,118.91999816894531,117.31999969482422,117.75,108.99510955810547,16637900
2022-07-29,117.69999694824219,119.30999755859375,117.33000183105469,117.43000030517578,108.69888305664062,16655900
2022-08-01,118.25,120.0999984741211,118.08000183105469,120.04000091552734,111.31675720214844,17974600
2022-08-02,120.1500015258789,120.69000244140625,117.29000091552734,117.5,108.9613265991211,17896300
2022-08-03,117.16999816894531,119.48999786376953,116.33000183105469,119.3499984741211,110.67686462402344,16731200
2022-08-04,118.9800033569336,119.55000305175781,118.54000091552734,119.30999755859375,110.63980102539062,11003000
2022-08-05,117.06999969482422,117.11000061035156,115.88999938964844,116.47000122070312,108.0062026977539,19492300
2022-08-08,117.63999938964844,118.52999877929688,117.55999755859375,118.3499984741211,109.74954223632812,17476300
2022-08-09,117.7300033569336,118.36000061035156,117.45999908447266,117.88999938964844,109.3229751586914,8223200
2022-08-10,117.7300033569336,118.91000366210938,116.7300033569336,117.12000274658203,108.60894012451172,14665300
2022-08-11,116.87000274658203,117.05999755859375,114.08999633789062,114.38999938964844,106.07731628417969,20663800
2022-08-12,115.0999984741211,115.56999969482422,114.43000030517578,115.55000305175781,107.15303039550781,12178400
2022-08-15,116.33000183105469,116.75,115.44999694824219,115.44999694824219,107.06029510498047,9031800
2022-08-16,115.25,116.0199966430664,114.23999786376953,115.93000030517578,107.50541687011719,11066000
2022-08-17,115.05999755859375,115.0999984741211,114.30999755859375,114.72000122070312,106.38333892822266,14131300
2022-08-18,114.97000122070312,115.63999938964844,114.58999633789062,114.88999938964844,106.5409927368164,10738200
2022-08-19,113.2300033569336,113.33999633789062,112.73999786376953,113.04000091552734,104.82542419433594,16330900
2022-08-22,112.86000061035156,112.95999908447266,112.12999725341797,112.66000366210938,104.47303771972656,10457200
2022-08-23,112.19000244140625,113.4800033569336,111.73999786376953,112.04000091552734,103.89810943603516,17813200
2022-08-24,111.48999786376953,111.87000274658203,110.86000061035156,111.22000122070312,103.13768768310547,13971600
2022-08-25,111.31999969482422,113.08999633789062,110.98999786376953,112.7699966430664,104.5750503540039,21429700
2022-08-26,112.30000305175781,113.98999786376953,112.01000213623047,113.62000274658203,105.36327362060547,18764400
2022-08-29,112.94000244140625,113.01000213623047,112.12999725341797,112.68000030517578,104.49158477783203,14278300
2022-08-30,112.62000274658203,113.51000213623047,112.20999908447266,112.95999908447266,104.751220703125,14346600
2022-08-31,112.69000244140625,113.33999633789062,111.58000183105469,111.87999725341797,103.74971008300781,13623500
2022-09-01,109.87000274658203,110.25,108.94000244140625,109.5999984741211,101.85025024414062,22490400
2022-09-02,109.68000030517578,110.55999755859375,109.47000122070312,110.22000122070312,102.4264144897461,13024400
2022-09-06,108.9000015258789,108.97000122070312,107.41999816894531,107.48999786376953,99.88945770263672,24648500
2022-09-07,108.31999969482422,109.4800033569336,108.20999908447266,109.19000244140625,101.46924591064453,17050100
2022-09-08,108.83999633789062,109.5199966430664,108.05000305175781,108.06999969482422,100.42843627929688,14671400
2022-09-09,108.33000183105469,108.80000305175781,107.62999725341797,108.30999755859375,100.6514663696289,12529800
2022-09-12,108.62999725341797,108.88999938964844,106.91999816894531,107.41999816894531,99.82438659667969,14806900
2022-09-13,106.55999755859375,107.73999786376953,106.23999786376953,107.66999816894531,100.05672454833984,22158900
2022-09-14,107.33999633789062,108.20999908447266,107.12000274658203,108.04000091552734,100.40056610107422,13077800
2022-09-15,107.8499984741211,108.19000244140625,107.58000183105469,107.97000122070312,100.33551788330078,10260200
2022-09-16,107.02999877929688,108.05000305175781,106.7699966430664,107.06999969482422,99.49915313720703,18903800
2022-09-19,106.95999908447266,107.81999969482422,106.80000305175781,107.31999969482422,99.73147583007812,11084400
2022-09-20,105.69000244140625,106.83999633789062,105.4000015258789,106.25,98.73712921142578,20133800
2022-09-21,106.69999694824219,108.04000091552734,105.97000122070312,108.02999877929688,100.39126586914062,23132900
2022-09-22,105.79000091552734,105.95999908447266,104.7300033569336,105.2699966430664,97.826416015625,29030600
2022-09-23,105.33999633789062,106.43000030517578,104.55999755859375,105.69999694824219,98.22600555419922,23042200
2022-09-26,105.36000061035156,105.41000366210938,103.22000122070312,103.68000030517578,96.34886169433594,25104600
2022-09-27,102.70999908447266,102.9800033569336,100.9000015258789,100.94999694824219,93.8118896484375,34609500
2022-09-28,103.12999725341797,104.44999694824219,102.4800033569336,104.33000183105469,96.95288848876953,39283100
2022-09-29,102.9000015258789,104.2300033569336,102.80000305175781,103.79000091552734,96.45108795166016,19127100
2022-09-30,104.2699966430664,104.86000061035156,102.2300033569336,102.44999694824219,95.205810546875,26485700
2022-10-03,103.8499984741211,104.68000030517578,103.1500015258789,103.83000183105469,96.71858215332031,27192200
2022-10-04,104.1500015258789,104.6500015258789,103.30000305175781,103.54000091552734,96.44844818115234,13788700
2022-10-05,102.7300033569336,102.83999633789062,101.58000183105469,102.55000305175781,95.52626037597656,20522100
2022-10-06,102.58999633789062,102.83999633789062,101.52999877929688,101.9800033569336,94.99530792236328,13965700
2022-10-07,100.80999755859375,101.62000274658203,100.47000122070312,100.98999786376953,94.07310485839844,14814800
2022-10-10,100.5,100.51000213623047,98.80000305175781,99.41999816894531,92.61064147949219,15652600
2022-10-11,99.73999786376953,100.9000015258789,98.98999786376953,99.86000061035156,93.0205078125,33246700
2022-10-12,99.27999877929688,100.54000091552734,99.19000244140625,100.3499984741211,93.47694396972656,21447600
2022-10-13,98.36000061035156,100.37999725341797,98.33999633789062,99.38999938964844,92.58270263671875,30292500
2022-10-14,100.19000244140625,100.19000244140625,98.25,98.56999969482422,91.81885528564453,18728200
2022-10-17,99.29000091552734,99.66000366210938,97.94000244140625,98.08999633789062,91.37171936035156,18969900
2022-10-18,97.94999694824219,98.45999908447266,96.87000274658203,98.31999969482422,91.58597564697266,16931500
2022-10-19,97.19000244140625,97.41999816894531,96.31999969482422,96.52999877929688,89.9185791015625,25431600
2022-10-20,95.93000030517578,96.33000183105469,94.73999786376953,94.87999725341797,88.381591796875,25434900
2022-10-21,93.0199966430664,93.93000030517578,92.26000213623047,93.16999816894531,86.78868103027344,46280300
2022-10-24,92.81999969482422,93.55000305175781,91.8499984741211,92.4000015258789,86.07144927978516,31332600
2022-10-25,94.58000183105469,95.2300033569336,94.44000244140625,95.08999633789062,88.57719421386719,31213100
2022-10-26,95.7699966430664,96.69000244140625,95.7699966430664,96.45999908447266,89.8533706665039,24843900
2022-10-27,96.9800033569336,97.9000015258789,96.22000122070312,97.47000122070312,90.79420471191406,20270000
2022-10-28,96.86000061035156,97.62999725341797,96.41000366210938,96.80000305175781,90.17008972167969,22244100
2022-10-31,96.36000061035156,96.62000274658203,95.02999877929688,96.11000061035156,89.52733612060547,23956700
2022-11-01,97.37999725341797,97.41999816894531,96.20999908447266,96.7699966430664,90.36404418945312,17585100
2022-11-02,96.91000366210938,97.62999725341797,95.95999908447266,96.3499984741211,89.97183990478516,25010500
2022-11-03,95.16999816894531,96.37999725341797,95.08999633789062,95.83000183105469,89.48624420166016,29097500
2022-11-04,95.0999984741211,95.66000366210938,94.22000122070312,94.22000122070312,87.98284149169922,23561400
2022-11-07,94.80000305175781,94.86000061035156,93.23999786376953,93.27999877929688,87.10504150390625,14522800
2022-11-08,93.80000305175781,94.95999908447266,93.7699966430664,94.30000305175781,88.05752563476562,20360600
2022-11-09,93.81999969482422,95.0199966430664,93.69000244140625,94.61000061035156,88.34700775146484,15637500
2022-11-10,96.7300033569336,98.43000030517578,96.63999938964844,98.25,91.74607849121094,45380900
2022-11-11,97.56999969482422,98.37000274658203,97.54000091552734,97.88999938964844,91.4098892211914,15943100
2022-11-14,97.91000366210938,97.98999786376953,97.08999633789062,97.6500015258789,91.18578338623047,13741100
2022-11-15,98.25,99.30000305175781,98.11000061035156,99.2300033569336,92.66117858886719,26608200
2022-11-16,100.0199966430664,101.44999694824219,99.73999786376953,101.4000015258789,94.68753814697266,28507700
2022-11-17,100.19999694824219,100.56999969482422,99.77999877929688,100.33000183105469,93.6883773803711,24528900
2022-11-18,100.5999984741211,100.88999938964844,99.55000305175781,99.63999938964844,93.0440444946289,14941300
2022-11-21,100.69000244140625,100.81999969482422,99.80000305175781,100.05999755859375,93.43624114990234,15534000
2022-11-22,100.6500015258789,101.62000274658203,100.52999877929688,101.4800033569336,94.76224517822266,18103100
2022-11-23,102.13999938964844,103.25,102.08000183105469,103.25,96.41508483886719,23234600
2022-11-25,102.61000061035156,102.93000030517578,102.43000030517578,102.9000015258789,96.08824157714844,9486100
2022-11-28,103.61000061035156,103.80999755859375,102.69000244140625,103.19000244140625,96.35903930664062,14563200
2022-11-29,102.1500015258789,102.95999908447266,101.91000366210938,101.9800033569336,95.2291488647461,16576400
2022-11-30,101.62000274658203,102.7300033569336,101.37000274658203,102.7300033569336,95.92950439453125,21581700
2022-12-01,103.1500015258789,105.80999755859375,103.0999984741211,105.76000213623047,98.9940414428711,53156800
2022-12-02,105.30000305175781,107.0999984741211,104.61000061035156,107.08999633789062,100.23896789550781,24479500
2022-12-05,105.83999633789062,105.98999786376953,104.9000015258789,105.58999633789062,98.83491516113281,20159700
2022-12-06,106.5,107.38999938964844,106.19000244140625,106.94999694824219,100.10791015625,21754500
2022-12-07,108.37000274658203,109.68000030517578,108.19999694824219,109.47000122070312,102.46670532226562,30546700
2022-12-08,108.69999694824219,109.44999694824219,108.47000122070312,109.16999816894531,102.18589782714844,13377300
2022-12-09,107.94000244140625,108.16999816894531,106.2699966430664,106.33000183105469,99.52757263183594,25872200
2022-12-12,107.86000061035156,108.11000061035156,106.26000213623047,106.66999816894531,99.84580993652344,16897100
2022-12-13,109.04000091552734,109.08000183105469,107.45999908447266,107.69999694824219,100.80992126464844,23854700
2022-12-14,107.66000366210938,108.31999969482422,106.88999938964844,108.16000366210938,101.24051666259766,19517500
2022-12-15,108.38999938964844,109.12000274658203,108.16000366210938,108.31999969482422,101.6355209350586,20246200
2022-12-16,106.5999984741211,107.83000183105469,106.30999755859375,107.11000061035156,100.50019836425781,20838300
2022-12-19,105.83000183105469,105.83999633789062,104.9800033569336,105.30999755859375,98.8112564086914,26126800
2022-12-20,103.37999725341797,103.80999755859375,103.0999984741211,103.44000244140625,97.05668640136719,28869000
2022-12-21,104.29000091552734,104.4000015258789,102.95999908447266,103.69999694824219,97.30062103271484,15894100
2022-12-22,103.66999816894531,104.12000274658203,103.37999725341797,103.68000030517578,97.28185272216797,11322500
2022-12-23,102.58000183105469,102.80999755859375,102.0199966430664,102.16000366210938,95.85565948486328,15408900
2022-12-27,100.48999786376953,101.06999969482422,100.01000213623047,100.13999938964844,93.96031188964844,26475700
2022-12-28,100.6500015258789,100.77999877929688,99.3499984741211,99.55000305175781,93.40672302246094,17302900
2022-12-29,99.86000061035156,100.98999786376953,99.79000091552734,100.68000030517578,94.46698760986328,16593000
2022-12-30,99.87000274658203,100.55000305175781,99.37000274658203,99.55999755859375,93.41610717773438,20810200
2023-01-03,102.19999694824219,102.33999633789062,100.83999633789062,101.45999908447266,95.1988525390625,25313200
2023-01-04,103.22000122070312,103.4800033569336,102.20999908447266,102.8499984741211,96.5030746459961,21678200
2023-01-05,101.87000274658203,103.29000091552734,101.77999877929688,103.27999877929688,96.90654754638672,14771100
2023-01-06,102.69999694824219,105.30000305175781,102.63999938964844,105.18000030517578,98.6893081665039,27473700
2023-01-09,104.41000366210938,105.93000030517578,104.2699966430664,105.73999786376953,99.21472930908203,21472200
2023-01-10,104.52999877929688,104.81999969482422,103.5,103.98999786376953,97.5727310180664,20545200
2023-01-11,104.97000122070312,105.72000122070312,104.69999694824219,105.68000030517578,99.15843963623047,18794000
2023-01-12,105.81999969482422,107.80999755859375,104.55999755859375,107.76000213623047,101.11007690429688,32029600
2023-01-13,107.0999984741211,107.80000305175781,106.37999725341797,106.75,100.16240692138672,17750800
2023-01-17,105.66999816894531,106.66000366210938,105.6500015258789,106.05999755859375,99.51497650146484,13911700
2023-01-18,108.45999908447266,108.7699966430664,107.12000274658203,108.62999725341797,101.92639923095703,35497200
2023-01-19,108.0999984741211,108.37000274658203,107.44000244140625,107.94999694824219,101.2883529663086,17194700
2023-01-20,106.95999908447266,107.23999786376953,106.11000061035156,106.19999694824219,99.64635467529297,22754100
2023-01-23,105.56999969482422,106.19999694824219,105.48999786376953,105.69999694824219,99.17720794677734,12961500
2023-01-24,106.12000274658203,107.44999694824219,105.38999938964844,107.22000122070312,100.60340118408203,16417200
2023-01-25,107.37000274658203,107.91000366210938,106.63999938964844,107.4800033569336,100.84735107421875,11906500
2023-01-26,107.13999938964844,107.6500015258789,106.48999786376953,106.9800033569336,100.37822723388672,15549400
2023-01-27,106.19000244140625,106.95999908447266,106.11000061035156,106.70999908447266,100.1248779296875,11845500
2023-01-30,106.45999908447266,107.16000366210938,106.19000244140625,106.31999969482422,99.75894165039062,11459700
2023-01-31,106.9800033569336,107.27999877929688,105.87000274658203,107.16999816894531,100.5564956665039,13705300
2023-02-01,107.55000305175781,108.58999633789062,106.41999816894531,108.18000030517578,101.76531219482422,25305800
2023-02-02,108.91999816894531,109.3499984741211,108.08999633789062,108.31999969482422,101.89698791503906,19548400
2023-02-03,106.7699966430664,107.11000061035156,106.08000183105469,106.69999694824219,100.37305450439453,20619500
2023-02-06,105.75,106.30999755859375,105.68000030517578,105.91000366210938,99.6298828125,15182400
2023-02-07,105.33000183105469,106.2300033569336,105.0,105.05999755859375,98.83027648925781,18290300
2023-02-08,105.04000091552734,105.58000183105469,104.38999938964844,105.55999755859375,99.30064392089844,13530700
2023-02-09,106.47000122070312,106.62000274658203,104.38999938964844,104.55999755859375,98.35994720458984,20469900
2023-02-10,104.4000015258789,104.44000244140625,103.12000274658203,103.38999938964844,97.25933074951172,16598300
2023-02-13,103.70999908447266,104.41999816894531,103.58000183105469,104.26000213623047,98.0777359008789,13134300
2023-02-14,104.19999694824219,104.83000183105469,103.13999938964844,104.0199966430664,97.85197448730469,15440300
2023-02-15,103.55000305175781,103.94999694824219,102.5,103.05000305175781,96.93949127197266,15246900
2023-02-16,102.06999969482422,102.22000122070312,101.33000183105469,101.58999633789062,95.56604766845703,19267300
2023-02-17,101.0999984741211,102.37999725341797,100.97000122070312,102.37999725341797,96.3092269897461,19560900
2023-02-21,101.01000213623047,101.19999694824219,100.27999877929688,100.38999938964844,94.43721008300781,22728000
2023-02-22,100.98999786376953,101.69000244140625,100.94999694824219,101.30999755859375,95.30268096923828,15165400
2023-02-23,101.54000091552734,102.58999633789062,101.47000122070312,102.30000305175781,96.23394775390625,15829100
2023-02-24,101.44000244140625,101.80000305175781,100.55999755859375,100.97000122070312,94.98283386230469,21403600
2023-02-27,101.29000091552734,101.69999694824219,100.91000366210938,101.25,95.24622344970703,14209200
2023-02-28,100.56999969482422,101.72000122070312,100.27999877929688,101.70999908447266,95.67894744873047,14955700
2023-03-01,100.81999969482422,101.02999877929688,99.95999908447266,100.37000274658203,94.65106201171875,19000000
2023-03-02,99.05999755859375,99.6500015258789,98.87999725341797,99.4800033569336,93.81175231933594,23763600
2023-03-03,100.93000030517578,101.9000015258789,100.56999969482422,101.88999938964844,96.08443450927734,30877300
2023-03-06,102.22000122070312,102.33999633789062,100.98999786376953,101.0999984741211,95.3394546508789,16631900
2023-03-07,101.45999908447266,102.37000274658203,100.87999725341797,101.72000122070312,95.92412567138672,23096500
2023-03-08,102.4000015258789,102.97000122070312,101.41999816894531,101.81999969482422,96.01842498779297,20252400
2023-03-09,101.55000305175781,102.5199966430664,101.33000183105469,102.06999969482422,96.25420379638672,21550400
2023-03-10,104.02999877929688,105.69000244140625,104.0,105.58999633789062,99.57362365722656,43921500
2023-03-13,108.19999694824219,109.0999984741211,105.04000091552734,105.83000183105469,99.7999496459961,51502500
2023-03-14,105.13999938964844,105.61000061035156,103.75,104.08999633789062,98.15909576416016,38417800
2023-03-15,106.77999877929688,107.70999908447266,105.3499984741211,106.0999984741211,100.05455017089844,45164100
2023-03-16,107.37999725341797,108.02999877929688,105.04000091552734,105.2699966430664,99.2718734741211,43089300
2023-03-17,106.6500015258789,107.7300033569336,106.45999908447266,106.8499984741211,100.76183319091797,38129000
2023-03-20,106.87999725341797,106.95999908447266,105.72000122070312,105.91000366210938,99.87537384033203,24242800
2023-03-21,105.08000183105469,105.41999816894531,104.54000091552734,105.0,99.0172348022461,18934900
2023-03-22,104.66000366210938,106.44999694824219,104.44000244140625,106.4000015258789,100.33747863769531,26388500
2023-03-23,105.36000061035156,106.55000305175781,104.81999969482422,106.4000015258789,100.33747863769531,25475100
2023-03-24,107.08999633789062,107.43000030517578,106.26000213623047,106.8499984741211,100.76183319091797,23652700
2023-03-27,105.05000305175781,105.76000213623047,104.33000183105469,104.33999633789062,98.39484405517578,22224500
2023-03-28,104.23999786376953,104.68000030517578,104.0199966430664,104.52999877929688,98.57400512695312,17794300
2023-03-29,103.69999694824219,104.44999694824219,103.5999984741211,104.31999969482422,98.37600708007812,16804400
2023-03-30,104.45999908447266,105.05000305175781,104.2699966430664,104.80000305175781,98.82865142822266,14315800
2023-03-31,105.3499984741211,106.55999755859375,105.08000183105469,106.37000274658203,100.30918884277344,25396700
2023-04-03,105.87999725341797,107.0999984741211,105.69999694824219,106.5999984741211,100.78094482421875,18234800
2023-04-04,105.77999877929688,107.80000305175781,105.75,107.12999725341797,101.2820053100586,18052400
2023-04-05,107.7699966430664,108.37000274658203,107.41000366210938,108.25,102.34088134765625,23047700
2023-04-06,108.41999816894531,108.87000274658203,108.38999938964844,108.52999877929688,102.6055908203125,16447300
2023-04-10,107.63999938964844,107.76000213623047,106.55999755859375,106.77999877929688,100.95111846923828,19134400
2023-04-11,107.05000305175781,107.08999633789062,106.51000213623047,107.0,101.15910339355469,13971200
2023-04-12,107.05000305175781,107.16999816894531,105.87999725341797,106.88999938964844,101.05509185791016,20563000
2023-04-13,107.05000305175781,107.38999938964844,105.87999725341797,106.05000305175781,100.26097869873047,22079400
2023-04-14,105.38999938964844,105.55000305175781,104.7699966430664,105.08000183105469,99.34393310546875,19801900
2023-04-17,104.41999816894531,104.58999633789062,103.70999908447266,103.83000183105469,98.16214752197266,19528800
2023-04-18,103.80999755859375,104.58999633789062,103.80000305175781,104.19999694824219,98.5119400024414,15922600
2023-04-19,103.91000366210938,104.23999786376953,103.4800033569336,104.0999984741211,98.41740417480469,16093900
2023-04-20,104.83000183105469,105.27999877929688,104.75,104.98999786376953,99.25882720947266,16450100
2023-04-21,105.30000305175781,105.45999908447266,104.2699966430664,104.4000015258789,98.7010498046875,15244700
2023-04-24,104.95999908447266,105.48999786376953,104.83999633789062,105.41000366210938,99.65589904785156,17034300
2023-04-25,106.33000183105469,107.12999725341797,106.27999877929688,106.95999908447266,101.12129211425781,21899900
2023-04-26,106.79000091552734,107.23999786376953,105.66999816894531,105.81999969482422,100.04351043701172,19610400
2023-04-27,105.19999694824219,105.2699966430664,104.61000061035156,104.7699966430664,99.05082702636719,20247600
2023-04-28,106.20999908447266,106.76000213623047,105.86000061035156,106.45999908447266,100.6485824584961,26949000
2023-05-01,105.2699966430664,105.41999816894531,102.83999633789062,103.12999725341797,97.7464370727539,32487300
2023-05-02,104.0,105.69999694824219,103.88999938964844,105.69999694824219,100.18226623535156,30057800
2023-05-03,106.0,106.5999984741211,105.27999877929688,106.29000091552734,100.74146270751953,23656200
2023-05-04,105.22000122070312,106.44999694824219,105.1500015258789,105.23999786376953,99.74629211425781,25110500
2023-05-05,104.3499984741211,104.9000015258789,104.11000061035156,104.88999938964844,99.41455841064453,15090900
2023-05-08,103.5199966430664,103.87000274658203,103.31999969482422,103.41999816894531,98.02127838134766,20587000
2023-05-09,103.5,103.63999938964844,103.0,103.05000305175781,97.67059326171875,19182500
2023-05-10,103.66999816894531,104.23999786376953,103.63999938964844,104.05000305175781,98.61839294433594,22886800
2023-05-11,105.30000305175781,105.5199966430664,104.72000122070312,105.1500015258789,99.66098022460938,19147200
2023-05-12,105.05000305175781,105.25,104.25,104.2699966430664,98.826904296875,14195900
2023-05-15,103.38999938964844,103.47000122070312,103.12000274658203,103.19000244140625,97.80329132080078,20085300
2023-05-16,102.4000015258789,102.9000015258789,102.11000061035156,102.87999725341797,97.50946807861328,29251700
2023-05-17,103.08000183105469,103.16000366210938,102.3499984741211,102.58000183105469,97.22515106201172,21340900
2023-05-18,102.19999694824219,102.26000213623047,101.75,101.81999969482422,96.50480651855469,25536600
2023-05-19,101.26000213623047,101.86000061035156,100.93000030517578,101.0999984741211,95.82239532470703,29032300
2023-05-22,101.25,101.70999908447266,100.66999816894531,100.73999786376953,95.48119354248047,20131100
2023-05-23,100.43000030517578,101.25,100.27999877929688,101.02999877929688,95.75605773925781,21749500
2023-05-24,101.27999877929688,101.36000061035156,100.52999877929688,100.52999877929688,95.28214263916016,18473400
2023-05-25,100.69999694824219,100.80000305175781,100.02999877929688,100.27999877929688,95.04519653320312,22492800
2023-05-26,100.12000274658203,101.16999816894531,100.0,101.08999633789062,95.81291961669922,17030300
2023-05-30,101.4000015258789,102.23999786376953,101.25,102.0999984741211,96.77019500732422,23125200
2023-05-31,101.98999786376953,103.18000030517578,101.87000274658203,102.98999786376953,97.61373138427734,23787000
2023-06-01,103.27999877929688,103.62999725341797,102.62999725341797,103.12000274658203,97.9967269897461,21040400
2023-06-02,103.0,103.06999969482422,101.94000244140625,101.98999786376953,96.92285919189453,19122100
2023-06-05,101.3499984741211,102.44000244140625,101.20999908447266,101.80000305175781,96.74230194091797,14433200
2023-06-06,101.83999633789062,102.47000122070312,101.38999938964844,102.4000015258789,97.3124771118164,14332100
2023-06-07,102.16999816894531,102.43000030517578,100.77999877929688,100.87999725341797,95.86800384521484,25251100
2023-06-08,100.87000274658203,102.13999938964844,100.80000305175781,102.05999755859375,96.98937225341797,23845100
2023-06-09,101.5999984741211,102.2699966430664,101.33999633789062,101.91999816894531,96.85633087158203,22147400
2023-06-12,102.23999786376953,102.30000305175781,101.12000274658203,102.22000122070312,97.14142608642578,19010300
2023-06-13,102.11000061035156,102.33000183105469,100.97000122070312,101.20999908447266,96.18161010742188,25910800
2023-06-14,101.62999725341797,102.29000091552734,101.45999908447266,102.0199966430664,96.95135498046875,29094200
2023-06-15,103.02999877929688,103.62999725341797,102.5999984741211,103.0,97.88265991210938,25732000
2023-06-16,102.44000244140625,102.83000183105469,102.02999877929688,102.5999984741211,97.50254821777344,16758200
2023-06-20,103.11000061035156,103.66000366210938,103.11000061035156,103.30999755859375,98.17727661132812,17162900
2023-06-21,102.80999755859375,103.6500015258789,102.33999633789062,103.55999755859375,98.41484832763672,19720100
2023-06-22,102.80000305175781,103.25,102.19999694824219,102.30999755859375,97.2269515991211,23630700
2023-06-23,103.83000183105469,103.94999694824219,102.9800033569336,103.33000183105469,98.1962890625,22896800
2023-06-26,103.62000274658203,103.80000305175781,103.16000366210938,103.44000244140625,98.30082702636719,12894900
2023-06-27,103.58999633789062,103.94999694824219,102.76000213623047,103.16999816894531,98.04421997070312,18105700
2023-06-28,103.41000366210938,103.83999633789062,102.83000183105469,103.61000061035156,98.4623794555664,23826800
2023-06-29,102.16999816894531,102.33999633789062,101.44999694824219,101.73999786376953,96.68527221679688,41091600
2023-06-30,102.05999755859375,103.05999755859375,101.87000274658203,102.94000244140625,97.82566833496094,32018800
2023-07-03,102.83999633789062,103.26000213623047,102.05999755859375,102.08000183105469,97.27108764648438,16011800
2023-07-05,101.88999938964844,102.0,100.73999786376953,101.11000061035156,96.3467788696289,28170300
2023-07-06,100.19999694824219,100.37999725341797,99.47000122070312,99.68000030517578,94.98416137695312,41375700
2023-07-07,99.18000030517578,99.5999984741211,98.98999786376953,99.08000183105469,94.41241455078125,28979600
2023-07-10,98.86000061035156,99.52999877929688,98.8499984741211,99.20999908447266,94.53628540039062,24665200
2023-07-11,99.56999969482422,99.97000122070312,99.29000091552734,99.72000122070312,95.02225494384766,20491100
2023-07-12,100.0999984741211,101.12000274658203,99.7699966430664,100.83000183105469,96.07997131347656,31928000
2023-07-13,101.30999755859375,101.97000122070312,101.02999877929688,101.88999938964844,97.09002685546875,32441500
2023-07-14,101.72000122070312,101.94000244140625,101.23999786376953,101.29000091552734,96.51829528808594,18566200
2023-07-17,101.2300033569336,101.48999786376953,100.91999816894531,101.33999633789062,96.56593322753906,18822000
2023-07-18,101.80000305175781,102.06999969482422,101.56999969482422,101.80000305175781,97.0042724609375,15412800
2023-07-19,102.0,102.9800033569336,101.7300033569336,102.94999694824219,98.10009765625,27192500
2023-07-20,102.22000122070312,102.30999755859375,101.27999877929688,101.69999694824219,96.90898132324219,56951200
2023-07-21,102.16000366210938,102.3499984741211,101.62999725341797,101.7300033569336,96.93756866455078,20655700
2023-07-24,101.98999786376953,102.1500015258789,101.30000305175781,101.36000061035156,96.58500671386719,17546700
2023-07-25,100.83000183105469,101.5,100.80000305175781,101.16999816894531,96.40392303466797,17160600
2023-07-26,101.68000030517578,101.69000244140625,100.93000030517578,101.2699966430664,96.49923706054688,19310700
2023-07-27,100.70999908447266,100.93000030517578,98.91000366210938,99.30000305175781,94.6220474243164,44794400
2023-07-28,99.4000015258789,99.86000061035156,99.1500015258789,99.80999755859375,95.10800170898438,27434000
2023-07-31,99.6500015258789,100.33000183105469,99.62000274658203,100.05000305175781,95.33670806884766,28663800
2023-08-01,98.83999633789062,98.91999816894531,97.9000015258789,98.13999938964844,93.7744369506836,34943400
2023-08-02,97.04000091552734,97.23999786376953,96.41000366210938,97.08999633789062,92.7711410522461,38121300
2023-08-03,95.19000244140625,95.31999969482422,94.54000091552734,94.8499984741211,90.63078308105469,59394800
2023-08-04,95.1500015258789,96.68000030517578,95.12999725341797,96.52999877929688,92.23604583740234,42053300
2023-08-07,96.11000061035156,96.19999694824219,95.5,95.58000183105469,91.32830810546875,35862900
2023-08-08,96.86000061035156,97.37000274658203,96.44000244140625,96.69000244140625,92.3889389038086,24010500
2023-08-09,96.87999725341797,97.29000091552734,96.83999633789062,97.19000244140625,92.86669158935547,20151100
2023-08-10,97.04000091552734,97.36000061035156,95.58999633789062,95.58999633789062,91.33787536621094,37253200
2023-08-11,95.30000305175781,95.87000274658203,95.19999694824219,95.37000274658203,91.1276626586914,26747800
2023-08-14,95.20999908447266,95.93000030517578,94.9000015258789,95.16000366210938,90.927001953125,19072000
2023-08-15,94.80000305175781,95.19999694824219,94.55999755859375,94.58000183105469,90.372802734375,24125000
2023-08-16,94.27999877929688,94.79000091552734,93.72000122070312,93.83999633789062,89.66570281982422,23076700
2023-08-17,93.5,93.61000061035156,93.0199966430664,93.44000244140625,89.28350067138672,32244900
2023-08-18,93.43000030517578,94.19000244140625,93.30000305175781,93.7699966430664,89.59882354736328,24176000
2023-08-21,92.66000366210938,92.76000213623047,92.2300033569336,92.5199966430664,88.40442657470703,29254100
2023-08-22,92.63999938964844,93.27999877929688,92.45999908447266,93.2300033569336,89.08283996582031,21323100
2023-08-23,94.30000305175781,95.55000305175781,94.2300033569336,95.54000091552734,91.29010009765625,38294700
2023-08-24,95.12999725341797,95.55000305175781,94.88999938964844,94.91000366210938,90.68812561035156,22300800
2023-08-25,94.66000366210938,95.51000213623047,94.51000213623047,95.22000122070312,90.98433685302734,23865200
2023-08-28,95.6500015258789,95.66000366210938,94.88999938964844,95.31999969482422,91.07987213134766,16037300
2023-08-29,94.97000122070312,96.51000213623047,94.94000244140625,96.30999755859375,92.02584838867188,28478100
2023-08-30,96.16000366210938,96.4000015258789,95.87999725341797,96.20999908447266,91.93026733398438,17550100
2023-08-31,96.54000091552734,97.05000305175781,96.43000030517578,96.63999938964844,92.34117126464844,26959700
2023-09-01,95.80000305175781,95.81999969482422,94.62000274658203,94.8499984741211,90.90261840820312,32466900
2023-09-05,94.27999877929688,94.29000091552734,93.48999786376953,93.5199966430664,89.62797546386719,29435900
2023-09-06,94.08999633789062,94.11000061035156,93.45999908447266,93.75,89.84840393066406,23636300
2023-09-07,94.0,94.06999969482422,93.68000030517578,94.01000213623047,90.09759521484375,18091500
2023-09-08,94.37999725341797,94.9000015258789,94.16999816894531,94.37000274658203,90.44261932373047,17052100
2023-09-11,93.69999694824219,93.9800033569336,93.55000305175781,93.69000244140625,89.79090118408203,17061500
2023-09-12,93.88999938964844,94.23999786376953,93.58000183105469,94.2300033569336,90.30844116210938,20034300
2023-09-13,93.91999816894531,94.52999877929688,93.81999969482422,94.20999908447266,90.28926849365234,23332300
2023-09-14,93.94000244140625,94.20999908447266,93.4000015258789,93.52999877929688,89.63756561279297,27800600
2023-09-15,93.45999908447266,93.4800033569336,92.95999908447266,92.95999908447266,89.09127807617188,25636800
2023-09-18,92.8499984741211,93.52999877929688,92.81999969482422,93.48999786376953,89.5992202758789,17963400
2023-09-19,93.08000183105469,93.43000030517578,92.80000305175781,92.80000305175781,88.93795013427734,24941800
2023-09-20,93.29000091552734,93.5999984741211,93.04000091552734,93.08999633789062,89.21588134765625,29451200
2023-09-21,91.29000091552734,91.37000274658203,90.69000244140625,90.69999694824219,86.92534637451172,59920500
2023-09-22,90.80999755859375,91.61000061035156,90.66999816894531,91.43000030517578,87.62496185302734,29524500
2023-09-25,89.66000366210938,90.04000091552734,89.1500015258789,89.18000030517578,85.46858978271484,45587900
2023-09-26,89.43000030517578,89.62000274658203,88.70999908447266,88.87000274658203,85.17150115966797,38104100
2023-09-27,89.54000091552734,89.62000274658203,88.08999633789062,88.41000366210938,84.73063659667969,47111200
2023-09-28,87.62000274658203,88.7300033569336,87.0999984741211,88.68000030517578,84.98941040039062,60238000
2023-09-29,89.2699966430664,89.48999786376953,88.12999725341797,88.69000244140625,84.9990005493164,48989800
2023-10-02,87.81999969482422,87.93000030517578,86.70999908447266,86.93000030517578,83.57608795166016,44704300
2023-10-03,86.30999755859375,86.6500015258789,84.88999938964844,85.05999755859375,81.77825164794922,71362600
2023-10-04,85.7699966430664,86.30999755859375,85.37000274658203,86.26000213623047,82.93193817138672,56281600
2023-10-05,86.11000061035156,86.19000244140625,85.63999938964844,85.83000183105469,82.51854705810547,35758800
2023-10-06,84.19999694824219,85.69000244140625,84.05999755859375,84.79000091552734,81.5186538696289,62772200
2023-10-09,85.5,86.80000305175781,84.94999694824219,86.77999877929688,83.431884765625,29424900
2023-10-10,85.8499984741211,87.16999816894531,85.5199966430664,86.66000366210938,83.31651306152344,54743900
2023-10-11,87.8499984741211,88.47000122070312,87.5999984741211,88.47000122070312,85.05667877197266,58517700
2023-10-12,88.05000305175781,88.19000244140625,85.93000030517578,86.06999969482422,82.749267578125,66986700
2023-10-13,87.5999984741211,87.83000183105469,87.16999816894531,87.61000061035156,84.22986602783203,44183800
2023-10-16,86.19000244140625,86.37000274658203,85.9000015258789,86.19999694824219,82.87425231933594,38309800
2023-10-17,84.88999938964844,85.62999725341797,84.5,85.25,81.96089172363281,52949100
2023-10-18,84.37999725341797,84.72000122070312,83.8499984741211,84.5,81.23985290527344,63724600
2023-10-19,83.87999725341797,84.56999969482422,82.73999786376953,82.7699966430664,79.57658386230469,87696900
2023-10-20,82.98999786376953,83.54000091552734,82.7699966430664,83.23999786376953,80.0284652709961,52162600
2023-10-23,82.80999755859375,84.86000061035156,82.41999816894531,84.23999786376953,80.98987579345703,70890400
2023-10-24,84.44000244140625,85.3499984741211,84.08999633789062,85.3499984741211,82.05705261230469,46267700
2023-10-25,84.0199966430664,84.12999725341797,83.12999725341797,83.44999694824219,80.23033905029297,60737200
2023-10-26,83.4800033569336,84.81999969482422,83.4000015258789,84.7300033569336,81.46096801757812,49704100
2023-10-27,84.19000244140625,84.97000122070312,83.73999786376953,84.37000274658203,81.1148681640625,32362300
2023-10-30,83.80999755859375,84.5,83.23999786376953,83.98999786376953,80.74951171875,45026900
2023-10-31,84.37000274658203,84.7699966430664,83.55000305175781,83.58000183105469,80.35533905029297,37269200
2023-11-01,84.04000091552734,85.12000274658203,84.0199966430664,85.0999984741211,82.09761810302734,72308500
2023-11-02,86.68000030517578,87.30999755859375,86.22000122070312,87.04000091552734,83.96917724609375,69739400
2023-11-03,88.80999755859375,89.05000305175781,87.58000183105469,87.62999725341797,84.5383529663086,77668500
2023-11-06,87.06999969482422,87.19999694824219,86.5999984741211,86.77999877929688,83.7183609008789,41341900
2023-11-07,87.61000061035156,88.5,87.58999633789062,88.05999755859375,84.95317840576172,37834200
2023-11-08,88.4800033569336,89.62000274658203,88.44999694824219,89.55999755859375,86.40027618408203,53893400
2023-11-09,88.94000244140625,89.02999877929688,86.73999786376953,87.5,84.41294860839844,88975100
2023-11-10,88.2300033569336,88.43000030517578,87.7699966430664,87.98999786376953,84.88565063476562,36516400
2023-11-13,87.22000122070312,87.94000244140625,86.9000015258789,87.79000091552734,84.69271087646484,25661500
2023-11-14,90.0,90.1500015258789,89.29000091552734,89.77999877929688,86.61250305175781,65666800
2023-11-15,89.01000213623047,89.13999938964844,88.30999755859375,88.5199966430664,85.39695739746094,56205300
2023-11-16,89.30000305175781,89.95999908447266,89.25,89.62000274658203,86.45816802978516,49473900
2023-11-17,90.16000366210938,90.43000030517578,89.63999938964844,90.04000091552734,86.86331939697266,44091400
2023-11-20,89.62000274658203,90.66000366210938,89.61000061035156,90.58999633789062,87.39392852783203,40477800
2023-11-21,90.5,90.80000305175781,89.88999938964844,90.55000305175781,87.3553466796875,27721000
2023-11-22,91.12000274658203,91.31999969482422,90.37999725341797,90.87000274658203,87.66405487060547,31197500
2023-11-24,90.0999984741211,90.26000213623047,89.79000091552734,89.80000305175781,86.63180541992188,20199600
2023-11-27,90.30000305175781,91.33999633789062,90.20999908447266,91.30000305175781,88.07889556884766,39804400
2023-11-28,90.91000366210938,91.52999877929688,90.79000091552734,91.4800033569336,88.25253295898438,44989300
2023-11-29,92.11000061035156,92.69999694824219,91.77999877929688,92.62999725341797,89.36195373535156,61647800
2023-11-30,91.97000122070312,92.29000091552734,91.16000366210938,91.55999755859375,88.3297119140625,60520900
2023-12-01,91.30999755859375,93.05999755859375,91.12999725341797,92.98999786376953,89.9933090209961,64141700
2023-12-04,92.48999786376953,92.83000183105469,92.08999633789062,92.62000274658203,89.63524627685547,33766300
2023-12-05,93.62999725341797,94.62000274658203,93.56999969482422,94.61000061035156,91.56111145019531,73588600
2023-12-06,95.08000183105469,96.05000305175781,94.87000274658203,95.87000274658203,92.78050231933594,61606100
2023-12-07,95.18000030517578,96.08000183105469,95.05999755859375,95.31999969482422,92.24823760986328,47970200
2023-12-08,94.41999816894531,94.72000122070312,93.91000366210938,94.54000091552734,91.49336242675781,44800500
2023-12-11,94.01000213623047,94.44000244140625,93.52999877929688,94.33999633789062,91.2998046875,33909700
2023-12-12,94.1500015258789,94.69999694824219,93.9000015258789,94.62000274658203,91.57079315185547,36996900
2023-12-13,95.16999816894531,96.9800033569336,95.0199966430664,96.83999633789062,93.71923828125,70828500
2023-12-14,97.66000366210938,99.04000091552734,97.41999816894531,99.04000091552734,96.15715026855469,87798600
2023-12-15,98.69000244140625,99.3499984741211,98.58000183105469,99.1500015258789,96.26397705078125,59919700
2023-12-18,98.5,98.5,98.0199966430664,98.36000061035156,95.49695587158203,34746000
2023-12-19,98.86000061035156,99.26000213623047,98.66000366210938,98.88999938964844,96.01152038574219,30018400
2023-12-20,99.11000061035156,99.69000244140625,98.58000183105469,99.55999755859375,96.66202545166016,51229400
2023-12-21,99.73999786376953,99.83999633789062,98.75,98.93000030517578,96.05035400390625,65231200
2023-12-22,99.37999725341797,99.37999725341797,98.23999786376953,98.4800033569336,95.61346435546875,29237200
2023-12-26,98.54000091552734,98.87000274658203,98.4800033569336,98.76000213623047,95.88531494140625,24019700
2023-12-27,99.77999877929688,100.52999877929688,99.5,100.51000213623047,97.58436584472656,45082800
2023-12-28,100.08999633789062,100.56999969482422,99.55999755859375,99.77999877929688,96.87561798095703,36213000
2023-12-29,99.12999725341797,99.81999969482422,98.80000305175781,98.87999725341797,96.0018081665039,41601700
