date,ADX
2024-10-04,10.2839
2024-10-03,10.6297
2024-10-02,11.1277
2024-10-01,11.6518
2024-09-30,12.126
2024-09-27,11.9318
2024-09-26,12.07
2024-09-25,12.3206
2024-09-24,12.7084
2024-09-23,12.9214
2024-09-20,13.1365
2024-09-19,13.1625
2024-09-18,13.4837
2024-09-17,13.8207
2024-09-16,13.4208
2024-09-13,12.9997
2024-09-12,13.381
2024-09-11,13.7169
2024-09-10,14.0108
2024-09-09,14.1125
2024-09-06,14.1927
2024-09-05,14.5859
2024-09-04,15.1856
2024-09-03,15.3701
2024-08-30,15.9572
2024-08-29,16.2166
2024-08-28,16.2868
2024-08-27,16.7086
2024-08-26,17.2732
2024-08-23,18.0568
2024-08-22,18.8263
2024-08-21,19.6363
2024-08-20,20.3535
2024-08-19,21.1921
2024-08-16,22.1957
2024-08-15,23.1879
2024-08-14,24.3759
2024-08-13,25.4614
2024-08-12,26.4897
2024-08-09,27.3305
2024-08-08,27.8995
2024-08-07,28.2118
2024-08-06,28.4781
2024-08-05,28.3428
2024-08-02,28.2004
2024-08-01,29.4141
2024-07-31,30.8234
2024-07-30,31.8318
2024-07-29,33.3024
2024-07-26,34.9776
2024-07-25,36.7085
2024-07-24,38.5304
2024-07-23,40.1469
2024-07-22,41.0908
2024-07-19,42.0235
2024-07-18,43.0938
2024-07-17,44.2204
2024-07-16,44.7857
2024-07-15,44.4239
2024-07-12,43.9026
2024-07-11,43.6238
2024-07-10,43.3458
2024-07-09,42.3973
2024-07-08,41.5854
2024-07-05,40.8156
2024-07-03,40.0831
2024-07-02,39.6141
2024-07-01,39.1999
2024-06-28,38.9686
2024-06-27,38.8338
2024-06-26,38.304
2024-06-25,37.8045
2024-06-24,37.5228
2024-06-21,37.2262
2024-06-20,36.9708
2024-06-18,36.4003
2024-06-17,35.0172
2024-06-14,33.5612
2024-06-13,32.2057
2024-06-12,30.7215
2024-06-11,29.1591
2024-06-10,28.2794
2024-06-07,28.3733
2024-06-06,27.9814
2024-06-05,27.622
2024-06-04,27.0709
2024-06-03,26.6704
2024-05-31,26.2867
2024-05-30,26.1727
2024-05-29,25.8895
2024-05-28,25.5913
2024-05-24,25.2775
2024-05-23,25.2165
2024-05-22,25.1524
2024-05-21,24.3319
2024-05-20,23.3235
2024-05-17,22.3325
2024-05-16,21.3862
2024-05-15,20.2923
2024-05-14,19.1766
2024-05-13,18.1961
2024-05-10,17.267
2024-05-09,16.467
2024-05-08,15.6865
2024-05-07,15.0086
2024-05-06,14.2951
2024-05-03,13.6044
2024-05-02,12.5332
2024-05-01,12.8647
2024-04-30,13.3188
2024-04-29,13.654
2024-04-26,13.4769
2024-04-25,13.974
2024-04-24,14.617
2024-04-23,15.2612
2024-04-22,15.542
2024-04-19,15.8375
2024-04-18,15.9976
2024-04-17,16.5188
2024-04-16,17.2883
2024-04-15,18.1394
2024-04-12,18.4528
2024-04-11,18.461
2024-04-10,18.8834
2024-04-09,19.2423
2024-04-08,19.8456
2024-04-05,20.288
2024-04-04,20.8782
2024-04-03,21.4996
2024-04-02,21.9011
2024-04-01,22.0404
2024-03-28,22.3721
2024-03-27,22.8792
2024-03-26,23.413
2024-03-25,23.5439
2024-03-22,23.6818
2024-03-21,23.9046
2024-03-20,24.2377
2024-03-19,25.181
2024-03-18,25.7973
2024-03-15,26.5162
2024-03-14,26.2145
2024-03-13,26.1209
2024-03-12,25.7566
2024-03-11,25.4028
2024-03-08,25.1526
2024-03-07,24.7397
2024-03-06,23.6079
2024-03-05,22.4338
2024-03-04,21.2817
2024-03-01,20.4845
2024-02-29,20.0842
2024-02-28,19.968
2024-02-27,19.935
2024-02-26,19.9003
2024-02-23,19.6117
2024-02-22,19.5202
2024-02-21,19.455
2024-02-20,18.9498
2024-02-16,18.3182
2024-02-15,17.8474
2024-02-14,17.2775
2024-02-13,16.8013
2024-02-12,16.4233
2024-02-09,16.432
2024-02-08,16.604
2024-02-07,16.6625
2024-02-06,16.8872
2024-02-05,16.8245
2024-02-02,16.7482
2024-02-01,16.337
2024-01-31,16.4466
2024-01-30,16.6309
2024-01-29,17.2529
2024-01-26,18.0943
2024-01-25,18.5918
2024-01-24,18.9122
2024-01-23,19.0321
2024-01-22,19.2383
2024-01-19,19.5074
2024-01-18,20.2335
2024-01-17,21.1829
2024-01-16,21.033
2024-01-12,20.9599
2024-01-11,21.5199
2024-01-10,22.1094
2024-01-09,22.6023
2024-01-08,22.8729
2024-01-05,23.1578
2024-01-04,22.8776
2024-01-03,22.6686
2024-01-02,22.7731
2023-12-29,22.9436
2023-12-28,23.8613
2023-12-27,24.5073
2023-12-26,25.4012
2023-12-22,25.9454
2023-12-21,26.4857
2023-12-20,26.9341
2023-12-19,27.0992
2023-12-18,27.0198
2023-12-15,26.9785
2023-12-14,26.2911
2023-12-13,25.5675
2023-12-12,24.9846
2023-12-11,24.779
2023-12-08,24.7331
2023-12-07,24.1161
2023-12-06,23.5913
2023-12-05,23.069
2023-12-04,22.5629
2023-12-01,22.6234
2023-11-30,22.2425
2023-11-29,22.0199
2023-11-28,21.5876
2023-11-27,21.272
2023-11-24,20.9964
2023-11-22,20.6251
2023-11-21,19.8637
2023-11-20,19.2297
2023-11-17,18.5302
2023-11-16,17.9733
2023-11-15,17.3699
2023-11-14,16.9049
2023-11-13,16.5832
2023-11-10,16.5096
2023-11-09,16.4322
2023-11-08,16.7065
2023-11-07,17.0883
2023-11-06,17.6303
2023-11-03,18.4707
2023-11-02,18.9233
2023-11-01,19.7133
2023-10-31,19.8987
2023-10-30,19.3742
2023-10-27,18.9463
2023-10-26,17.9684
2023-10-25,16.9391
2023-10-24,16.4812
2023-10-23,16.1161
2023-10-20,15.7319
2023-10-19,15.7329
2023-10-18,16.1724
2023-10-17,16.5794
2023-10-16,17.0077
2023-10-13,17.752
2023-10-12,18.539
2023-10-11,19.1966
2023-10-10,20.0777
2023-10-09,21.0679
2023-10-06,21.989
2023-10-05,22.7657
2023-10-04,23.0887
2023-10-03,23.1686
2023-10-02,23.1299
2023-09-29,23.1031
2023-09-28,22.8259
2023-09-27,22.32
2023-09-26,21.941
2023-09-25,21.8425
2023-09-22,22.0564
2023-09-21,22.2816
2023-09-20,22.3768
2023-09-19,22.6649
2023-09-18,23.1882
2023-09-15,23.6978
2023-09-14,23.7411
2023-09-13,23.7165
2023-09-12,23.7327
2023-09-11,23.8363
2023-09-08,24.2143
2023-09-07,24.6613
2023-09-06,24.825
2023-09-05,25.9475
2023-09-01,26.4622
2023-08-31,26.872
2023-08-30,27.4108
2023-08-29,28.1505
2023-08-28,29.3626
2023-08-25,30.4186
2023-08-24,31.2386
2023-08-23,32.1304
2023-08-22,33.4296
2023-08-21,33.9751
2023-08-18,34.1701
2023-08-17,34.1122
2023-08-16,34.245
2023-08-15,34.8178
2023-08-14,35.5063
2023-08-11,36.2701
2023-08-10,36.8248
2023-08-09,37.5221
2023-08-08,38.256
2023-08-07,38.8872
2023-08-04,39.5517
2023-08-03,40.8608
2023-08-02,41.9815
2023-08-01,42.8267
2023-07-31,42.5545
2023-07-28,42.3002
2023-07-27,42.0325
2023-07-26,41.7507
2023-07-25,41.6489
2023-07-24,41.7024
2023-07-21,41.7587
2023-07-20,41.818
2023-07-19,41.4991
2023-07-18,41.1165
2023-07-17,41.1681
2023-07-14,41.2236
2023-07-13,41.722
2023-07-12,42.2024
2023-07-11,42.7081
2023-07-10,43.6
2023-07-07,44.4213
2023-07-06,44.3292
2023-07-05,44.312
2023-07-03,43.8219
2023-06-30,42.9047
2023-06-29,41.9393
2023-06-28,41.3505
2023-06-27,40.7497
2023-06-26,40.291
2023-06-23,39.8484
2023-06-22,39.4398
2023-06-21,39.0692
2023-06-20,38.8757
2023-06-16,38.0736
2023-06-15,37.2293
2023-06-14,36.3863
2023-06-13,35.717
2023-06-12,34.8799
2023-06-09,34.0244
2023-06-08,33.2904
2023-06-07,32.6666
2023-06-06,32.01
2023-06-05,31.4343
2023-06-02,30.6662
2023-06-01,30.199
2023-05-31,29.9094
2023-05-30,29.702
2023-05-26,29.5289
2023-05-25,29.7832
2023-05-24,30.3422
2023-05-23,31.1782
2023-05-22,31.883
2023-05-19,32.0887
2023-05-18,31.9035
2023-05-17,31.8634
2023-05-16,32.161
2023-05-15,32.0933
2023-05-12,32.022
2023-05-11,31.947
2023-05-10,31.6268
2023-05-09,31.355
2023-05-08,31.1251
2023-05-05,30.7618
2023-05-04,30.3793
2023-05-03,30.8873
2023-05-02,30.6836
2023-05-01,30.5466
2023-04-28,30.0996
2023-04-27,29.7024
2023-04-26,29.4454
2023-04-25,29.6374
2023-04-24,29.5908
2023-04-21,29.6435
2023-04-20,29.5433
2023-04-19,29.1573
2023-04-18,28.7509
2023-04-17,28.4106
2023-04-14,28.2985
2023-04-13,28.1805
2023-04-12,28.1186
2023-04-11,28.544
2023-04-10,28.8334
2023-04-06,29.1821
2023-04-05,29.1373
2023-04-04,29.0902
2023-04-03,28.2834
2023-03-31,27.4862
2023-03-30,26.7698
2023-03-29,26.2737
2023-03-28,25.9074
2023-03-27,25.8255
2023-03-24,25.3065
2023-03-23,24.8081
2023-03-22,24.2834
2023-03-21,23.7036
2023-03-20,23.3796
2023-03-17,23.2169
2023-03-16,23.1708
2023-03-15,23.1543
2023-03-14,23.524
2023-03-13,23.8817
2023-03-10,24.2893
2023-03-09,24.9855
2023-03-08,25.2896
2023-03-07,25.3293
2023-03-06,25.3711
2023-03-03,25.0077
2023-03-02,25.165
2023-03-01,25.9011
2023-02-28,26.4743
2023-02-27,26.7344
2023-02-24,26.8885
2023-02-23,27.292
2023-02-22,27.4289
2023-02-21,27.6178
2023-02-17,27.5852
2023-02-16,27.0722
2023-02-15,25.9978
2023-02-14,24.9329
2023-02-13,23.9525
2023-02-10,22.9082
2023-02-09,22.0514
2023-02-08,20.9547
2023-02-07,19.6512
2023-02-06,18.2791
2023-02-03,16.9881
2023-02-02,15.6292
2023-02-01,14.6927
2023-01-31,14.1619
2023-01-30,13.8616
2023-01-27,13.4457
2023-01-26,12.9688
2023-01-25,12.7979
2023-01-24,12.8359
2023-01-23,12.6401
2023-01-20,12.434
2023-01-19,12.863
2023-01-18,13.5187
2023-01-17,14.0719
2023-01-13,14.7905
2023-01-12,15.2084
2023-01-11,15.5512
2023-01-10,15.8035
2023-01-09,15.7365
2023-01-06,15.8607
2023-01-05,15.5095
2023-01-04,14.714
2023-01-03,13.9058
2022-12-30,13.0552
2022-12-29,12.4533
2022-12-28,11.8475
2022-12-27,11.2099
2022-12-23,10.7951
2022-12-22,10.4437
2022-12-21,10.1339
2022-12-20,10.0338
2022-12-19,9.4789
2022-12-16,9.02
2022-12-15,8.754
2022-12-14,8.69
2022-12-13,9.1366
2022-12-12,9.2438
2022-12-09,9.4618
2022-12-08,9.6912
2022-12-07,9.6754
2022-12-06,9.6401
2022-12-05,9.7966
2022-12-02,10.2463
2022-12-01,10.5131
2022-11-30,10.8976
2022-11-29,11.2561
2022-11-28,11.1768
2022-11-25,11.3931
2022-11-23,11.9587
2022-11-22,12.2939
2022-11-21,12.7984
2022-11-18,13.2403
2022-11-17,13.4476
2022-11-16,13.7837
2022-11-15,14.2939
2022-11-14,14.6964
2022-11-11,15.4379
2022-11-10,16.2448
2022-11-09,16.7955
2022-11-08,16.405
2022-11-07,16.238
2022-11-04,15.7599
2022-11-03,15.2566
2022-11-02,15.0618
2022-11-01,15.4496
2022-10-31,16.2032
2022-10-28,16.6486
2022-10-27,17.1174
2022-10-26,17.3689
2022-10-25,18.1215
2022-10-24,19.0577
2022-10-21,19.7607
2022-10-20,20.1416
2022-10-19,20.2282
2022-10-18,20.1645
2022-10-17,20.0974
2022-10-14,19.3908
2022-10-13,18.6469
2022-10-12,17.706
2022-10-11,17.0339
2022-10-10,16.3317
2022-10-07,15.6222
2022-10-06,14.9468
2022-10-05,14.7577
2022-10-04,14.5359
2022-10-03,14.4215
2022-09-30,13.8609
2022-09-29,13.2978
2022-09-28,12.9379
2022-09-27,12.9571
2022-09-26,13.5482
2022-09-23,14.0503
2022-09-22,14.2812
2022-09-21,14.7891
2022-09-20,15.4874
2022-09-19,16.3015
2022-09-16,16.7193
2022-09-15,16.7125
2022-09-14,17.0335
2022-09-13,17.6337
2022-09-12,18.2654
2022-09-09,18.7562
2022-09-08,19.3059
2022-09-07,19.6419
2022-09-06,20.1167
2022-09-02,20.6267
2022-09-01,21.3232
2022-08-31,21.7651
2022-08-30,22.5346
2022-08-29,23.418
2022-08-26,24.6186
2022-08-25,25.4144
2022-08-24,25.4385
2022-08-23,25.7019
2022-08-22,25.9059
2022-08-19,26.0353
2022-08-18,25.3773
2022-08-17,24.2981
2022-08-16,23.1621
2022-08-15,22.1626
2022-08-12,21.137
2022-08-11,20.1569
2022-08-10,19.2224
2022-08-09,18.3777
2022-08-08,17.8094
2022-08-05,17.043
2022-08-04,16.4177
2022-08-03,15.5518
2022-08-02,14.6923
2022-08-01,14.1743
2022-07-29,13.4202
2022-07-28,12.6263
2022-07-27,12.3869
2022-07-26,12.1691
2022-07-25,12.4397
2022-07-22,12.5039
2022-07-21,12.4004
2022-07-20,12.3714
2022-07-19,12.5515
2022-07-18,13.0404
2022-07-15,13.555
2022-07-14,13.9056
2022-07-13,14.4924
2022-07-12,15.1012
2022-07-11,15.6943
2022-07-08,16.5064
2022-07-07,17.2419
2022-07-06,18.1307
2022-07-05,18.8188
2022-07-01,19.2319
2022-06-30,19.3283
2022-06-29,19.3399
2022-06-28,19.6228
2022-06-27,19.9832
2022-06-24,20.7248
2022-06-23,21.3181
2022-06-22,21.5281
2022-06-21,21.6418
2022-06-17,21.6727
2022-06-16,21.1788
2022-06-15,20.564
2022-06-14,20.1393
2022-06-13,19.2127
2022-06-10,18.2373
2022-06-09,17.5914
2022-06-08,17.3522
2022-06-07,17.5715
2022-06-06,17.6853
2022-06-03,17.8829
2022-06-02,18.0154
2022-06-01,18.379
2022-05-31,18.8395
2022-05-27,19.2017
2022-05-26,19.4733
2022-05-25,19.1188
2022-05-24,18.407
2022-05-23,17.6578
2022-05-20,16.8896
2022-05-19,15.7604
2022-05-18,14.8093
2022-05-17,14.0207
2022-05-16,13.6903
2022-05-13,13.0605
2022-05-12,12.3975
2022-05-11,11.4667
2022-05-10,11.0037
2022-05-09,11.1741
2022-05-06,11.2434
2022-05-05,11.5898
2022-05-04,12.0105
2022-05-03,12.3658
2022-05-02,12.6339
2022-04-29,12.5937
2022-04-28,12.9859
2022-04-27,13.1782
2022-04-26,12.6966
2022-04-25,12.3249
2022-04-22,12.1133
2022-04-21,12.2251
2022-04-20,12.8402
2022-04-19,13.1698
2022-04-18,13.3601
2022-04-14,13.3783
2022-04-13,13.5689
2022-04-12,13.977
2022-04-11,14.2457
2022-04-08,14.4135
2022-04-07,15.0198
2022-04-06,15.7374
2022-04-05,16.5261
2022-04-04,16.899
2022-04-01,17.2883
2022-03-31,18.1018
2022-03-30,18.6469
2022-03-29,18.9125
2022-03-28,19.2541
2022-03-25,19.9656
2022-03-24,20.6207
2022-03-23,21.4317
2022-03-22,22.4461
2022-03-21,23.3791
2022-03-18,23.9865
2022-03-17,24.3848
2022-03-16,24.3258
2022-03-15,24.1198
2022-03-14,23.2222
2022-03-11,22.0367
2022-03-10,21.0828
2022-03-09,20.1859
2022-03-08,19.5054
2022-03-07,18.7048
2022-03-04,18.1202
2022-03-03,17.7716
2022-03-02,17.737
2022-03-01,17.4691
2022-02-28,17.0733
2022-02-25,16.4814
2022-02-24,15.8146
2022-02-23,14.7807
2022-02-22,14.3318
2022-02-18,14.0959
2022-02-17,14.2896
2022-02-16,14.7704
2022-02-15,15.4772
2022-02-14,16.1705
2022-02-11,16.4438
2022-02-10,16.9032
2022-02-09,17.7615
2022-02-08,18.1943
2022-02-07,18.8112
2022-02-04,19.6379
2022-02-03,20.5081
2022-02-02,21.2663
2022-02-01,21.9073
2022-01-31,22.6945
2022-01-28,23.5232
2022-01-27,24.614
2022-01-26,24.8862
2022-01-25,25.1727
2022-01-24,25.2358
2022-01-21,25.235
2022-01-20,25.9915
2022-01-19,27.0102
2022-01-18,28.2986
2022-01-14,29.4612
2022-01-13,30.4434
2022-01-12,31.3761
2022-01-11,31.902
2022-01-10,32.6651
2022-01-07,33.7678
2022-01-06,34.4871
2022-01-05,35.1467
2022-01-04,35.3418
2022-01-03,34.6894
2021-12-31,34.0069
2021-12-30,33.5655
2021-12-29,32.9344
2021-12-28,32.2605
2021-12-27,31.478
2021-12-23,30.7144
2021-12-22,30.1587
2021-12-21,29.6464
2021-12-20,29.3095
2021-12-17,29.169
2021-12-16,28.6443
2021-12-15,27.9082
2021-12-14,27.2491
2021-12-13,26.6827
2021-12-10,25.5158
2021-12-09,24.4479
2021-12-08,23.5225
2021-12-07,22.6049
2021-12-06,21.9745
2021-12-03,21.6376
2021-12-02,21.5716
2021-12-01,21.5805
2021-11-30,20.3513
2021-11-29,19.4936
2021-11-26,19.0866
2021-11-24,18.753
2021-11-23,17.634
2021-11-22,16.4926
2021-11-19,14.7998
2021-11-18,13.5083
2021-11-17,12.4513
2021-11-16,11.9105
2021-11-15,12.0517
2021-11-12,12.1759
2021-11-11,12.6464
2021-11-10,13.245
2021-11-09,13.9156
2021-11-08,14.1149
2021-11-05,14.298
2021-11-04,14.4907
2021-11-03,14.6046
2021-11-02,14.8113
2021-11-01,15.103
2021-10-29,15.7698
2021-10-28,16.4717
2021-10-27,16.4736
2021-10-26,17.1613
2021-10-25,17.7604
2021-10-22,18.6738
2021-10-21,19.4412
2021-10-20,20.3664
2021-10-19,21.2848
2021-10-18,22.3716
2021-10-15,23.0715
2021-10-14,23.326
2021-10-13,23.3234
2021-10-12,22.5922
2021-10-11,22.1063
2021-10-08,21.7216
2021-10-07,21.4422
2021-10-06,21.1746
2021-10-05,20.2776
2021-10-04,19.4763
2021-10-01,18.6237
2021-09-30,17.8444
2021-09-29,17.3517
2021-09-28,16.9546
2021-09-27,16.5365
2021-09-24,16.4459
2021-09-23,16.6675
2021-09-22,16.8066
2021-09-21,16.7976
2021-09-20,16.3303
2021-09-17,15.8383
2021-09-16,16.0918
2021-09-15,16.6625
2021-09-14,17.2634
2021-09-13,18.0062
2021-09-10,18.7263
2021-09-09,19.4843
2021-09-08,18.9206
2021-09-07,18.3196
2021-09-03,17.5632
2021-09-02,17.1984
2021-09-01,16.8144
2021-08-31,16.4101
2021-08-30,16.3611
2021-08-27,16.3096
2021-08-26,17.0871
2021-08-25,17.9008
2021-08-24,18.6868
2021-08-23,19.1785
2021-08-20,19.8396
2021-08-19,20.8503
2021-08-18,21.7961
2021-08-17,22.7104
2021-08-16,22.8708
2021-08-13,23.1397
2021-08-12,22.8652
2021-08-11,22.6482
2021-08-10,22.8807
2021-08-09,23.1254
2021-08-06,23.5948
2021-08-05,24.0582
2021-08-04,24.4592
2021-08-03,24.8525
2021-08-02,25.2665
2021-07-30,25.895
2021-07-29,26.6674
2021-07-28,27.3762
2021-07-27,28.1223
2021-07-26,28.2239
2021-07-23,27.7699
2021-07-22,27.436
2021-07-21,27.1528
2021-07-20,27.1373
2021-07-19,27.1209
2021-07-16,27.5555
2021-07-15,26.8549
2021-07-14,25.7229
2021-07-13,24.3338
2021-07-12,23.1084
2021-07-09,21.9583
2021-07-08,20.8319
2021-07-07,19.8557
2021-07-06,18.1577
2021-07-02,16.5768
2021-07-01,15.3599
2021-06-30,14.5619
2021-06-29,13.6807
2021-06-28,12.9338
2021-06-25,12.4084
2021-06-24,12.1653
2021-06-23,11.8696
2021-06-22,11.6305
2021-06-21,11.4316
2021-06-18,11.6065
2021-06-17,11.4876
2021-06-16,11.3624
2021-06-15,11.6113
2021-06-14,11.6111
2021-06-11,11.6242
2021-06-10,12.0673
2021-06-09,12.5337
2021-06-08,13.1701
2021-06-07,13.84
2021-06-04,13.99
2021-06-03,14.1039
2021-06-02,13.8585
2021-06-01,13.7848
2021-05-28,13.7073
2021-05-27,13.7441
2021-05-26,13.8854
2021-05-25,14.3003
2021-05-24,14.7371
2021-05-21,15.1144
2021-05-20,15.5116
2021-05-19,15.8736
2021-05-18,15.6587
2021-05-17,15.7387
2021-05-14,15.8873
2021-05-13,16.1543
2021-05-12,16.0718
2021-05-11,15.6493
2021-05-10,15.2766
2021-05-07,15.5091
2021-05-06,16.2538
2021-05-05,16.6631
2021-05-04,17.2552
2021-05-03,17.8784
2021-04-30,17.9785
2021-04-29,18.1803
2021-04-28,18.0343
2021-04-27,18.2616
2021-04-26,18.2272
2021-04-23,18.255
2021-04-22,18.2843
2021-04-21,18.4836
2021-04-20,18.7632
2021-04-19,18.9436
2021-04-16,18.7839
2021-04-15,18.7367
2021-04-14,18.6066
2021-04-13,18.4698
2021-04-12,18.3713
2021-04-09,18.5144
2021-04-08,18.665
2021-04-07,19.1979
2021-04-06,20.1473
2021-04-05,21.1379
2021-04-01,22.0197
2021-03-31,22.606
2021-03-30,23.1058
2021-03-29,23.0421
2021-03-26,23.2134
2021-03-25,23.1755
2021-03-24,23.1452
2021-03-23,23.2388
2021-03-22,23.5915
2021-03-19,23.8983
2021-03-18,23.7842
2021-03-17,23.7342
2021-03-16,23.9056
2021-03-15,24.3694
2021-03-12,24.2801
2021-03-11,23.6121
2021-03-10,23.1244
2021-03-09,22.3907
2021-03-08,21.5954
2021-03-05,20.5416
2021-03-04,19.5486
2021-03-03,18.5946
2021-03-02,17.8884
2021-03-01,17.4771
2021-02-26,16.8955
2021-02-25,15.6692
2021-02-24,14.3782
2021-02-23,13.1676
2021-02-22,11.8931
2021-02-19,11.2813
2021-02-18,11.0518
2021-02-17,10.6742
2021-02-16,10.557
2021-02-12,10.9416
2021-02-11,11.4962
2021-02-10,12.0928
2021-02-09,12.6382
2021-02-08,12.9808
2021-02-05,13.4732
2021-02-04,13.8462
2021-02-03,14.2689
2021-02-02,14.9307
2021-02-01,15.4872
2021-01-29,16.1922
2021-01-28,16.9344
2021-01-27,16.7745
2021-01-26,15.9427
2021-01-25,14.882
2021-01-22,13.7655
2021-01-21,13.0957
2021-01-20,12.4097
2021-01-19,12.5803
2021-01-15,13.1046
2021-01-14,13.6668
2021-01-13,14.2168
2021-01-12,14.7958
2021-01-11,15.4635
2021-01-08,16.1245
2021-01-07,16.5274
2021-01-06,17.0989
2021-01-05,17.7857
2021-01-04,18.1743
2020-12-31,18.5833
2020-12-30,18.1187
2020-12-29,17.28
2020-12-28,16.1958
2020-12-24,15.197
2020-12-23,14.5709
2020-12-22,14.0364
2020-12-21,13.4738
2020-12-18,13.7123
2020-12-17,13.415
2020-12-16,12.6618
2020-12-15,12.035
2020-12-14,11.4403
2020-12-11,11.53
2020-12-10,11.7304
2020-12-09,11.9414
2020-12-08,11.9939
2020-12-07,11.6107
2020-12-04,11.2675
2020-12-03,11.163
2020-12-02,10.9136
2020-12-01,10.7103
2020-11-30,10.4963
2020-11-27,10.6273
2020-11-25,11.0397
2020-11-24,11.3423
2020-11-23,11.5008
2020-11-20,11.8445
2020-11-19,12.1348
2020-11-18,12.4404
2020-11-17,12.5526
2020-11-16,12.4992
2020-11-13,12.4431
2020-11-12,12.5568
2020-11-11,12.5631
2020-11-10,12.6824
2020-11-09,13.0703
2020-11-06,13.1889
2020-11-05,13.6788
2020-11-04,14.1155
2020-11-03,14.5718
2020-11-02,14.3619
2020-10-30,13.9919
2020-10-29,13.6493
2020-10-28,13.8627
2020-10-27,13.8241
2020-10-26,14.2796
2020-10-23,14.6331
2020-10-22,15.2157
2020-10-21,15.8755
2020-10-20,16.5691
2020-10-19,17.2993
2020-10-16,18.0636
2020-10-15,18.396
2020-10-14,18.7889
2020-10-13,18.9775
2020-10-12,19.1716
2020-10-09,19.3981
2020-10-08,20.1856
2020-10-07,20.9263
2020-10-06,21.5826
2020-10-05,22.2735
2020-10-02,23.1522
2020-10-01,23.9088
2020-09-30,25.1294
2020-09-29,26.3569
2020-09-28,27.4052
2020-09-25,28.5086
2020-09-24,29.3083
2020-09-23,29.8581
2020-09-22,30.6036
2020-09-21,31.6223
2020-09-18,32.3476
2020-09-17,33.402
2020-09-16,34.786
2020-09-15,36.6134
2020-09-14,38.3484
2020-09-11,40.2188
2020-09-10,42.1031
2020-09-09,44.27
2020-09-08,46.2197
2020-09-04,48.2878
2020-09-03,50.4648
2020-09-02,51.4641
2020-09-01,51.3183
2020-08-31,50.3688
2020-08-28,49.5492
2020-08-27,48.9471
2020-08-26,48.3134
2020-08-25,47.3298
2020-08-24,46.3887
2020-08-21,45.174
2020-08-20,44.0909
2020-08-19,43.377
2020-08-18,42.7247
2020-08-17,42.135
2020-08-14,41.5143
2020-08-13,40.9494
2020-08-12,40.123
2020-08-11,39.4682
2020-08-10,38.8447
2020-08-07,37.9573
2020-08-06,36.9486
2020-08-05,35.8869
2020-08-04,35.0559
2020-08-03,34.1813
2020-07-31,33.2606
2020-07-30,32.7106
2020-07-29,33.4219
2020-07-28,34.3648
2020-07-27,35.4837
2020-07-24,36.606
2020-07-23,38.1466
2020-07-22,39.0572
2020-07-21,38.5072
2020-07-20,37.8739
2020-07-17,37.3022
2020-07-16,36.8803
2020-07-15,36.4128
2020-07-14,35.7152
2020-07-13,35.2323
2020-07-10,34.2158
2020-07-09,33.6794
2020-07-08,33.1148
2020-07-07,32.6671
2020-07-06,32.3117
2020-07-02,32.0546
2020-07-01,32.0141
2020-06-30,32.114
2020-06-29,32.2827
2020-06-26,32.6378
2020-06-25,32.8726
2020-06-24,32.7477
2020-06-23,32.5376
2020-06-22,32.0051
2020-06-19,31.9424
2020-06-18,32.0046
2020-06-17,31.7185
2020-06-16,31.2523
2020-06-15,30.8434
2020-06-12,30.7109
2020-06-11,30.4338
2020-06-10,30.0382
2020-06-09,28.6675
2020-06-08,27.5039
2020-06-05,26.738
2020-06-04,26.013
2020-06-03,25.5361
2020-06-02,24.8776
2020-06-01,24.3132
2020-05-29,23.77
2020-05-28,23.2531
2020-05-27,22.7091
2020-05-26,22.3469
2020-05-22,21.6722
2020-05-21,21.1801
2020-05-20,20.6183
2020-05-19,20.0848
2020-05-18,19.5644
2020-05-15,19.0984
2020-05-14,18.9792
2020-05-13,18.7605
2020-05-12,18.4141
2020-05-11,17.4902
2020-05-08,16.6134
2020-05-07,15.9451
2020-05-06,15.4891
2020-05-05,15.0914
2020-05-04,14.7676
2020-05-01,14.7511
2020-04-30,14.7336
2020-04-29,14.917
2020-04-28,15.3384
2020-04-27,15.9686
2020-04-24,16.5408
2020-04-23,17.2136
2020-04-22,17.9784
2020-04-21,18.8941
2020-04-20,19.8293
2020-04-17,20.416
2020-04-16,21.0331
2020-04-15,21.4254
2020-04-14,21.9056
2020-04-13,22.411
2020-04-09,23.477
2020-04-08,24.6809
2020-04-07,25.8406
2020-04-06,27.0614
2020-04-03,28.0115
2020-04-02,28.2341
2020-04-01,28.4419
2020-03-31,28.7243
2020-03-30,29.4103
2020-03-27,29.816
2020-03-26,30.243
2020-03-25,30.6925
2020-03-24,31.148
2020-03-23,31.186
2020-03-20,30.3017
2020-03-19,29.6838
2020-03-18,29.3839
2020-03-17,28.9138
2020-03-16,28.4493
2020-03-13,27.9973
2020-03-12,27.8355
2020-03-11,27.1543
2020-03-10,27.072
2020-03-09,26.9854
2020-03-06,26.4285
2020-03-05,26.3887
2020-03-04,26.7176
2020-03-03,27.1301
2020-03-02,27.5643
2020-02-28,27.886
2020-02-27,26.7735
2020-02-26,26.0959
2020-02-25,25.9109
2020-02-24,25.7163
2020-02-21,25.6432
2020-02-20,26.725
2020-02-19,27.8195
2020-02-18,28.8251
2020-02-14,30.2298
2020-02-13,30.996
2020-02-12,31.7556
2020-02-11,32.5552
2020-02-10,33.6092
2020-02-07,34.8736
2020-02-06,35.8597
2020-02-05,36.7704
2020-02-04,37.7553
2020-02-03,39.0908
2020-01-31,40.8924
2020-01-30,42.3058
2020-01-29,42.7898
2020-01-28,43.0077
2020-01-27,43.7716
2020-01-24,45.0426
2020-01-23,44.5564
2020-01-22,44.2598
2020-01-21,43.6404
2020-01-17,43.0394
2020-01-16,42.4212
2020-01-15,41.9297
2020-01-14,41.4231
2020-01-13,40.4496
2020-01-10,39.4463
2020-01-09,38.5868
2020-01-08,37.7907
2020-01-07,37.2807
2020-01-06,36.9699
2020-01-03,36.7057
2020-01-02,35.7794
2019-12-31,34.8043
2019-12-30,34.184
2019-12-27,33.597
2019-12-26,32.4442
2019-12-24,31.4664
2019-12-23,30.795
2019-12-20,30.1378
2019-12-19,29.5706
2019-12-18,29.091
2019-12-17,28.5558
2019-12-16,28.0021
2019-12-13,27.4906
2019-12-12,27.3923
2019-12-11,27.5416
2019-12-10,27.8403
2019-12-09,28.2554
2019-12-06,28.6923
2019-12-05,28.8112
2019-12-04,29.4135
2019-12-03,30.3207
2019-12-02,31.7187
2019-11-29,32.0523
2019-11-27,31.924
2019-11-26,31.7909
2019-11-25,31.7282
2019-11-22,31.7296
2019-11-21,32.0525
2019-11-20,32.3333
2019-11-19,32.6289
2019-11-18,32.0442
2019-11-15,31.4725
2019-11-14,30.9981
2019-11-13,30.5691
2019-11-12,30.1252
2019-11-11,29.8089
2019-11-08,29.5004
2019-11-07,29.3301
2019-11-06,28.9577
2019-11-05,28.839
2019-11-04,28.5711
2019-11-01,28.3137
2019-10-31,28.1813
2019-10-30,28.5969
2019-10-29,28.4491
2019-10-28,28.0779
2019-10-25,26.9785
2019-10-24,25.9845
2019-10-23,25.0701
2019-10-22,24.2175
2019-10-21,23.3939
2019-10-18,22.6128
2019-10-17,22.0453
2019-10-16,21.5607
2019-10-15,21.1226
2019-10-14,20.4147
2019-10-11,19.6695
2019-10-10,18.9181
2019-10-09,18.6646
2019-10-08,18.6271
2019-10-07,18.5876
2019-10-04,18.3558
2019-10-03,18.3094
2019-10-02,18.8617
2019-10-01,19.0961
2019-09-30,18.4427
2019-09-27,18.0789
2019-09-26,18.0603
2019-09-25,17.7963
2019-09-24,17.5184
2019-09-23,17.2186
2019-09-20,17.1496
2019-09-19,17.0771
2019-09-18,16.6004
2019-09-17,16.1744
2019-09-16,15.8969
2019-09-13,15.6631
2019-09-12,15.4171
2019-09-11,14.3924
2019-09-10,13.5067
2019-09-09,13.1479
2019-09-06,12.8014
2019-09-05,12.6219
2019-09-04,12.4741
2019-09-03,12.7521
2019-08-30,13.3099
2019-08-29,13.5448
2019-08-28,13.908
2019-08-27,14.6018
2019-08-26,15.355
2019-08-23,16.0138
2019-08-22,16.7073
2019-08-21,16.246
2019-08-20,15.6377
2019-08-19,15.0212
2019-08-16,14.4199
2019-08-15,14.2473
2019-08-14,14.2507
2019-08-13,13.8798
2019-08-12,13.4893
2019-08-09,14.0776
2019-08-08,14.6798
2019-08-07,15.3144
2019-08-06,15.8046
2019-08-05,16.1386
2019-08-02,16.4903
2019-08-01,16.8189
2019-07-31,16.3979
2019-07-30,15.1259
2019-07-29,15.0938
2019-07-26,14.8062
2019-07-25,14.6411
2019-07-24,14.5413
2019-07-23,14.3453
2019-07-22,14.1723
2019-07-19,14.2256
2019-07-18,14.3865
2019-07-17,14.3122
2019-07-16,14.3399
2019-07-15,14.3291
2019-07-12,14.2339
2019-07-11,14.3634
2019-07-10,14.4997
2019-07-09,14.7215
2019-07-08,15.2239
2019-07-05,15.7661
2019-07-03,15.6943
2019-07-02,15.6886
2019-07-01,15.8249
2019-06-28,15.9684
2019-06-27,16.6874
2019-06-26,17.1032
2019-06-25,17.6082
2019-06-24,18.3416
2019-06-21,18.7309
2019-06-20,19.1406
2019-06-19,19.5967
2019-06-18,20.1502
2019-06-17,20.7329
2019-06-14,21.7551
2019-06-13,22.678
2019-06-12,23.7392
2019-06-11,24.9428
2019-06-10,26.1879
2019-06-07,27.5604
2019-06-06,28.6701
2019-06-05,29.0949
2019-06-04,29.4819
2019-06-03,29.2034
2019-05-31,28.6329
2019-05-30,28.3514
2019-05-29,28.1781
2019-05-28,27.9956
2019-05-24,27.9391
2019-05-23,27.93
2019-05-22,27.72
2019-05-21,27.8261
2019-05-20,28.098
2019-05-17,27.9274
2019-05-16,28.2376
2019-05-15,28.7408
2019-05-14,29.1808
2019-05-13,29.3876
2019-05-10,29.578
2019-05-09,30.6209
2019-05-08,32.0465
2019-05-07,33.315
2019-05-06,34.6504
2019-05-03,35.7168
2019-05-02,35.8351
2019-05-01,35.9597
2019-04-30,35.9136
2019-04-29,37.0299
2019-04-26,37.2808
2019-04-25,37.6541
2019-04-24,37.37
2019-04-23,36.587
2019-04-22,35.8222
2019-04-18,35.2607
2019-04-17,34.7426
2019-04-16,34.2683
2019-04-15,33.9614
2019-04-12,33.7926
2019-04-11,33.615
2019-04-10,32.9276
2019-04-09,32.2257
2019-04-08,31.2515
2019-04-05,30.4286
2019-04-04,29.8347
2019-04-03,29.2771
2019-04-02,28.6881
2019-04-01,28.2526
2019-03-29,28.0681
2019-03-28,28.0437
2019-03-27,28.0737
2019-03-26,28.1053
2019-03-25,28.1386
2019-03-22,27.8254
2019-03-21,26.6942
2019-03-20,25.6004
2019-03-19,25.0309
2019-03-18,24.1727
2019-03-15,23.3235
2019-03-14,22.525
2019-03-13,21.9966
2019-03-12,21.5228
2019-03-11,21.0882
2019-03-08,21.0168
2019-03-07,21.7727
2019-03-06,22.0765
2019-03-05,21.983
2019-03-04,21.7508
2019-03-01,21.5063
2019-02-28,21.587
2019-02-27,21.7043
2019-02-26,21.8278
2019-02-25,21.8766
2019-02-22,21.7866
2019-02-21,22.0307
2019-02-20,22.3657
2019-02-19,22.6029
2019-02-15,23.0758
2019-02-14,23.5328
2019-02-13,24.0638
2019-02-12,24.5445
2019-02-11,25.2087
2019-02-08,25.908
2019-02-07,26.6996
2019-02-06,27.3849
2019-02-05,27.7884
2019-02-04,28.2551
2019-02-01,29.0479
2019-01-31,30.1362
2019-01-30,31.2817
2019-01-29,32.7591
2019-01-28,33.7499
2019-01-25,34.5574
2019-01-24,35.4671
2019-01-23,35.9397
2019-01-22,36.4372
2019-01-18,37.0312
2019-01-17,37.922
2019-01-16,38.8331
2019-01-15,39.5798
2019-01-14,40.0609
2019-01-11,40.299
2019-01-10,40.6913
2019-01-09,41.1043
2019-01-08,41.5391
2019-01-07,41.6872
2019-01-04,41.4879
2019-01-03,41.2449
2019-01-02,40.6541
2018-12-31,40.577
2018-12-28,40.6163
2018-12-27,40.553
2018-12-26,40.27
2018-12-24,39.9721
2018-12-21,38.9458
2018-12-20,37.9712
2018-12-19,37.1606
2018-12-18,36.4669
2018-12-17,35.9839
2018-12-14,35.4755
2018-12-13,35.0628
2018-12-12,34.8465
2018-12-11,34.5406
2018-12-10,34.2035
2018-12-07,33.6563
2018-12-06,33.3065
2018-12-04,33.0404
2018-12-03,33.062
2018-11-30,33.3707
2018-11-29,33.1802
2018-11-28,33.0153
2018-11-27,32.6728
2018-11-26,31.5271
2018-11-23,30.3211
2018-11-21,29.1188
2018-11-20,28.0226
2018-11-19,26.8687
2018-11-16,26.0553
2018-11-15,25.4213
2018-11-14,24.3981
2018-11-13,23.321
2018-11-12,22.444
2018-11-09,21.6376
2018-11-08,21.265
2018-11-07,21.1703
2018-11-06,20.9834
2018-11-05,20.171
2018-11-02,19.276
2018-11-01,18.7667
2018-10-31,19.1359
2018-10-30,19.2883
2018-10-29,18.7292
2018-10-26,18.1406
2018-10-25,18.0847
2018-10-24,18.4465
2018-10-23,18.8273
2018-10-22,19.0998
2018-10-19,19.8366
2018-10-18,20.3419
2018-10-17,20.6722
2018-10-16,21.7422
2018-10-15,22.8684
2018-10-12,23.911
2018-10-11,25.0083
2018-10-10,25.7475
2018-10-09,26.9353
2018-10-08,27.7042
2018-10-05,28.8113
2018-10-04,29.9233
2018-10-03,30.122
2018-10-02,29.7476
2018-10-01,29.7002
2018-09-28,29.7122
2018-09-27,30.1345
2018-09-26,30.579
2018-09-25,31.3802
2018-09-24,32.3452
2018-09-21,33.5691
2018-09-20,34.7505
2018-09-19,35.6874
2018-09-18,37.0089
2018-09-17,38.0945
2018-09-14,39.2119
2018-09-13,39.41
2018-09-12,39.6083
2018-09-11,40.159
2018-09-10,40.8149
2018-09-07,41.7832
2018-09-06,41.9239
2018-09-05,41.9377
2018-09-04,41.009
2018-08-31,39.6043
2018-08-30,38.1425
2018-08-29,36.6361
2018-08-28,35.3348
2018-08-27,34.1798
2018-08-24,33.1106
2018-08-23,32.1471
2018-08-22,31.1328
2018-08-21,30.1251
2018-08-20,29.0155
2018-08-17,27.5736
2018-08-16,26.1445
2018-08-15,24.9767
2018-08-14,24.0476
2018-08-13,23.0884
2018-08-10,22.0787
2018-08-09,21.2009
2018-08-08,20.2826
2018-08-07,19.5162
2018-08-06,18.1996
2018-08-03,16.7411
2018-08-02,15.249
2018-08-01,13.7079
2018-07-31,12.7226
2018-07-30,13.2178
2018-07-27,13.7392
2018-07-26,14.0517
2018-07-25,13.452
2018-07-24,13.0237
2018-07-23,12.8023
2018-07-20,12.9248
2018-07-19,12.8874
2018-07-18,12.8479
2018-07-17,12.9555
2018-07-16,13.0687
2018-07-13,12.8929
2018-07-12,12.8529
2018-07-11,12.8875
2018-07-10,13.2234
2018-07-09,12.9744
2018-07-06,12.8178
2018-07-05,13.0746
2018-07-03,13.7518
2018-07-02,14.4647
2018-06-29,15.076
2018-06-28,15.6965
2018-06-27,16.1463
2018-06-26,16.6609
2018-06-25,17.0529
2018-06-22,17.1341
2018-06-21,17.9141
2018-06-20,18.7816
2018-06-19,19.4655
2018-06-18,20.0078
2018-06-15,20.8254
2018-06-14,21.4551
2018-06-13,21.6617
2018-06-12,21.8261
2018-06-11,21.8309
2018-06-08,21.9333
2018-06-07,22.0411
2018-06-06,21.5634
2018-06-05,21.0756
2018-06-04,20.4605
2018-06-01,19.8727
2018-05-31,19.6416
2018-05-30,19.6787
2018-05-29,19.5831
2018-05-25,19.464
2018-05-24,19.1826
2018-05-23,18.9837
2018-05-22,18.8145
2018-05-21,18.4496
2018-05-18,18.0422
2018-05-17,17.7653
2018-05-16,17.4356
2018-05-15,17.1327
2018-05-14,16.9497
2018-05-11,16.3279
2018-05-10,15.6734
2018-05-09,15.0199
2018-05-08,14.5853
2018-05-07,14.2324
2018-05-04,13.7138
2018-05-03,13.4655
2018-05-02,13.9012
2018-05-01,14.3597
2018-04-30,14.2515
2018-04-27,13.821
2018-04-26,12.8521
2018-04-25,12.1053
2018-04-24,11.2636
2018-04-23,10.3777
2018-04-20,9.7271
2018-04-19,9.1811
2018-04-18,9.4993
2018-04-17,9.4839
2018-04-16,9.4677
2018-04-13,9.855
2018-04-12,10.3163
2018-04-11,10.7902
2018-04-10,11.1259
2018-04-09,11.4793
2018-04-06,11.7203
2018-04-05,11.8875
2018-04-04,12.469
2018-04-03,12.8612
2018-04-02,12.7777
2018-03-29,12.6898
2018-03-28,12.8868
2018-03-27,12.8334
2018-03-26,12.9818
2018-03-23,12.8281
2018-03-22,12.1439
2018-03-21,11.827
2018-03-20,11.8241
2018-03-19,12.3419
2018-03-16,12.8868
2018-03-15,13.0384
2018-03-14,13.1204
2018-03-13,13.2067
2018-03-12,13.0633
2018-03-09,13.0466
2018-03-08,13.3306
2018-03-07,14.0279
2018-03-06,14.5836
2018-03-05,15.2694
2018-03-02,16.0625
2018-03-01,16.7174
2018-02-28,17.4339
2018-02-27,17.7531
2018-02-26,18.1063
2018-02-23,18.6099
2018-02-22,19.5528
2018-02-21,20.3037
2018-02-20,21.0941
2018-02-16,21.976
2018-02-15,22.9457
2018-02-14,23.7483
2018-02-13,23.8059
2018-02-12,23.4079
2018-02-09,22.842
2018-02-08,21.0891
2018-02-07,19.5239
2018-02-06,18.2002
2018-02-05,16.8068
2018-02-02,15.5126
2018-02-01,14.5523
2018-01-31,14.4195
2018-01-30,14.2397
2018-01-29,13.8137
2018-01-26,13.7222
2018-01-25,14.1453
2018-01-24,14.6788
2018-01-23,15.1268
2018-01-22,14.7146
2018-01-19,14.5807
2018-01-18,14.2206
2018-01-17,13.6098
2018-01-16,13.1079
2018-01-12,12.2869
2018-01-11,11.7551
2018-01-10,11.5385
2018-01-09,11.5474
2018-01-08,11.4522
2018-01-05,11.2211
2018-01-04,11.0209
2018-01-03,11.1628
2018-01-02,11.3121
2017-12-29,11.9017
2017-12-28,12.1472
2017-12-27,12.6617
2017-12-26,12.9653
2017-12-22,13.2849
2017-12-21,13.2745
2017-12-20,13.2635
2017-12-19,13.3667
2017-12-18,13.2722
2017-12-15,12.9839
2017-12-14,13.2439
2017-12-13,13.735
2017-12-12,14.1723
2017-12-11,14.8696
2017-12-08,15.6036
2017-12-07,16.0771
2017-12-06,16.4528
2017-12-05,16.7978
2017-12-04,17.5122
2017-12-01,18.3657
2017-11-30,19.2162
2017-11-29,20.1114
2017-11-28,21.0537
2017-11-27,21.3662
2017-11-24,21.3561
2017-11-22,21.0307
2017-11-21,20.7576
2017-11-20,20.6532
2017-11-17,21.0366
2017-11-16,21.4225
2017-11-15,21.6875
2017-11-14,22.2112
2017-11-13,22.1417
2017-11-10,21.507
2017-11-09,20.6042
2017-11-08,19.6538
2017-11-07,18.3425
2017-11-06,17.0639
2017-11-03,15.7444
2017-11-02,14.4284
2017-11-01,13.7258
2017-10-31,12.9051
2017-10-30,11.7117
2017-10-27,10.6515
2017-10-26,10.1947
2017-10-25,10.513
2017-10-24,10.7737
2017-10-23,11.2709
2017-10-20,11.7943
2017-10-19,12.3788
2017-10-18,12.9146
2017-10-17,12.5119
2017-10-16,12.0879
2017-10-13,11.8155
2017-10-12,12.1419
2017-10-11,12.4856
2017-10-10,12.9395
2017-10-09,13.4174
2017-10-06,14.0348
2017-10-05,14.382
2017-10-04,14.7352
2017-10-03,14.7119
2017-10-02,14.9763
2017-09-29,15.0936
2017-09-28,15.1373
2017-09-27,15.3129
2017-09-26,15.6548
2017-09-25,15.8342
2017-09-22,15.5206
2017-09-21,15.426
2017-09-20,15.7307
2017-09-19,16.2679
2017-09-18,16.2898
2017-09-15,16.3129
2017-09-14,16.3358
2017-09-13,16.6732
2017-09-12,17.0284
2017-09-11,17.1926
2017-09-08,17.7407
2017-09-07,18.5064
2017-09-06,18.8762
2017-09-05,19.226
2017-09-01,19.5847
2017-08-31,19.1821
2017-08-30,18.8251
2017-08-29,18.5486
2017-08-28,18.3794
2017-08-25,18.3824
2017-08-24,18.6297
2017-08-23,18.89
2017-08-22,19.0928
2017-08-21,19.3795
2017-08-18,20.0216
2017-08-17,20.3737
2017-08-16,20.5091
2017-08-15,20.1322
2017-08-14,19.7773
2017-08-11,19.6742
2017-08-10,19.8058
2017-08-09,19.9443
2017-08-08,19.2228
2017-08-07,18.4634
2017-08-04,18.0343
2017-08-03,17.797
2017-08-02,17.5743
2017-08-01,17.0873
2017-07-31,17.6498
2017-07-28,18.2419
2017-07-27,19.1005
2017-07-26,20.0043
2017-07-25,19.58
2017-07-24,19.1506
2017-07-21,18.9735
2017-07-20,19.2305
2017-07-19,19.0652
2017-07-18,18.9613
2017-07-17,19.1436
2017-07-14,19.3355
2017-07-13,19.9092
2017-07-12,20.7269
2017-07-11,21.3883
2017-07-10,21.9814
2017-07-07,22.6058
2017-07-06,22.8968
2017-07-05,22.7921
2017-07-03,22.7457
2017-06-30,22.7723
2017-06-29,22.9365
2017-06-28,23.1093
2017-06-27,23.4622
2017-06-26,23.9239
2017-06-23,24.7713
2017-06-22,25.373
2017-06-21,25.8849
2017-06-20,26.2579
2017-06-19,26.7092
2017-06-16,27.1523
2017-06-15,27.0438
2017-06-14,26.9241
2017-06-13,27.0386
2017-06-12,27.3646
2017-06-09,27.3648
2017-06-08,27.9475
2017-06-07,27.9484
2017-06-06,27.9169
2017-06-05,27.9207
2017-06-02,28.2307
2017-06-01,28.5571
2017-05-31,29.4255
2017-05-30,30.285
2017-05-26,30.8619
2017-05-25,31.514
2017-05-24,32.2005
2017-05-23,32.9623
2017-05-22,33.5671
2017-05-19,34.2672
2017-05-18,35.122
2017-05-17,36.1481
2017-05-16,37.2282
2017-05-15,36.7771
2017-05-12,36.1748
2017-05-11,35.5711
2017-05-10,35.2689
2017-05-09,35.0695
2017-05-08,34.3561
2017-05-05,33.7704
2017-05-04,34.0206
2017-05-03,34.7546
2017-05-02,35.5273
2017-05-01,35.1476
2017-04-28,34.9475
2017-04-27,35.5653
2017-04-26,36.2641
2017-04-25,36.9648
2017-04-24,37.4446
2017-04-21,38.2479
2017-04-20,39.5469
2017-04-19,40.9143
2017-04-18,42.7087
2017-04-17,44.2818
2017-04-13,45.9977
2017-04-12,47.7205
2017-04-11,49.614
2017-04-10,51.6072
2017-04-07,52.2755
2017-04-06,52.7522
2017-04-05,53.1443
2017-04-04,53.3398
2017-04-03,53.6643
2017-03-31,54.175
2017-03-30,54.7126
2017-03-29,55.0043
2017-03-28,55.3132
2017-03-27,55.7213
2017-03-24,56.7739
2017-03-23,56.7996
2017-03-22,56.6448
2017-03-21,56.4818
2017-03-20,56.3102
2017-03-17,56.3515
2017-03-16,56.4881
2017-03-15,56.399
2017-03-14,56.3501
2017-03-13,56.4906
2017-03-10,56.6787
2017-03-09,56.8897
2017-03-08,57.2119
2017-03-07,56.4781
2017-03-06,55.7057
2017-03-03,54.9148
2017-03-02,54.0824
2017-03-01,53.1087
2017-02-28,52.095
2017-02-27,51.3002
2017-02-24,50.4634
2017-02-23,49.6701
2017-02-22,48.2461
2017-02-21,46.7755
2017-02-17,45.2565
2017-02-16,43.7319
2017-02-15,42.127
2017-02-14,40.4376
2017-02-13,38.7516
2017-02-10,37.0851
2017-02-09,35.4114
2017-02-08,33.6962
2017-02-07,31.9667
2017-02-06,30.1587
2017-02-03,28.4139
2017-02-02,26.7226
2017-02-01,24.9423
2017-01-31,23.0682
2017-01-30,22.7808
2017-01-27,22.4554
2017-01-26,21.555
2017-01-25,20.6073
2017-01-24,19.6974
2017-01-23,19.3347
2017-01-20,18.7935
2017-01-19,18.3396
2017-01-18,17.9786
2017-01-17,17.4127
2017-01-13,16.8956
2017-01-12,16.5417
2017-01-11,16.2696
2017-01-10,15.7923
2017-01-09,15.4534
2017-01-06,15.0966
2017-01-05,15.1095
2017-01-04,15.5772
2017-01-03,16.2029
2016-12-30,16.9285
2016-12-29,17.428
2016-12-28,17.5449
2016-12-27,17.6679
2016-12-23,17.6767
2016-12-22,18.0813
2016-12-21,18.4876
2016-12-20,18.4549
2016-12-19,18.4205
2016-12-16,18.4167
2016-12-15,18.6519
2016-12-14,18.8995
2016-12-13,19.3019
2016-12-12,19.7998
2016-12-09,20.5726
2016-12-08,21.4684
2016-12-07,22.1024
2016-12-06,22.3375
2016-12-05,22.2747
2016-12-02,22.0831
2016-12-01,22.0159
2016-11-30,21.9852
2016-11-29,22.2358
2016-11-28,22.4433
2016-11-25,22.9721
2016-11-23,23.3401
2016-11-22,23.6134
2016-11-21,24.1409
2016-11-18,24.5664
2016-11-17,24.5575
2016-11-16,24.4865
2016-11-15,24.3741
2016-11-14,23.3945
2016-11-11,22.3633
2016-11-10,21.6601
2016-11-09,20.9198
2016-11-08,20.5304
2016-11-07,20.4547
2016-11-04,19.9528
2016-11-03,19.3315
2016-11-02,18.9543
2016-11-01,18.788
2016-10-31,18.6128
2016-10-28,19.0368
2016-10-27,19.546
2016-10-26,20.2451
2016-10-25,20.9359
2016-10-24,21.2561
2016-10-21,21.7549
2016-10-20,22.5034
2016-10-19,23.2756
2016-10-18,24.0884
2016-10-17,23.6824
2016-10-14,23.3334
2016-10-13,22.8286
2016-10-12,22.4433
2016-10-11,21.6354
2016-10-10,20.785
2016-10-07,20.2529
2016-10-06,20.1838
2016-10-05,20.1649
2016-10-04,20.3116
2016-10-03,20.4661
2016-09-30,20.9391
2016-09-29,21.437
2016-09-28,21.9611
2016-09-27,22.0083
2016-09-26,22.3859
2016-09-23,22.7834
2016-09-22,23.2019
2016-09-21,22.8679
2016-09-20,22.7002
2016-09-19,22.501
2016-09-16,22.0502
2016-09-15,21.3126
2016-09-14,20.5991
2016-09-13,20.3146
2016-09-12,21.0074
2016-09-09,21.451
2016-09-08,22.1069
2016-09-07,22.9817
2016-09-06,23.0652
2016-09-02,23.3076
2016-09-01,23.6645
2016-08-31,24.4749
2016-08-30,25.4166
2016-08-29,26.434
2016-08-26,27.1663
2016-08-25,27.9286
2016-08-24,28.5746
2016-08-23,28.8131
2016-08-22,28.6577
2016-08-19,28.5499
2016-08-18,28.1927
2016-08-17,27.4922
2016-08-16,26.802
2016-08-15,25.6446
2016-08-12,24.5499
2016-08-11,23.608
2016-08-10,22.5826
2016-08-09,21.5088
2016-08-08,20.2666
2016-08-05,19.0552
2016-08-04,17.9041
2016-08-03,17.0018
2016-08-02,16.2006
2016-08-01,15.3573
2016-07-29,14.3129
2016-07-28,13.524
2016-07-27,12.7138
2016-07-26,11.8804
2016-07-25,12.2832
2016-07-22,12.8855
2016-07-21,13.0703
2016-07-20,12.9122
2016-07-19,12.4717
2016-07-18,12.1468
2016-07-15,11.8047
2016-07-14,11.6917
2016-07-13,11.6673
2016-07-12,12.0686
2016-07-11,12.3872
2016-07-08,12.7385
2016-07-07,13.3509
2016-07-06,13.9846
2016-07-05,14.3715
2016-07-01,14.6905
2016-06-30,15.2799
2016-06-29,15.6741
2016-06-28,15.6671
2016-06-27,15.3284
2016-06-24,14.7361
2016-06-23,14.3844
2016-06-22,14.7501
2016-06-21,15.167
2016-06-20,15.4105
2016-06-17,15.7709
2016-06-16,16.2286
2016-06-15,16.9362
2016-06-14,17.6783
2016-06-13,18.4594
2016-06-10,19.1767
2016-06-09,19.4995
2016-06-08,19.8393
2016-06-07,20.3001
2016-06-06,20.7025
2016-06-03,21.1261
2016-06-02,21.9963
2016-06-01,22.7869
2016-05-31,23.8951
2016-05-27,24.9207
2016-05-26,25.8786
2016-05-25,26.8869
2016-05-24,28.1881
2016-05-23,29.3539
2016-05-20,30.3276
2016-05-19,30.815
2016-05-18,31.0674
2016-05-17,31.3954
2016-05-16,31.5776
2016-05-13,31.6716
2016-05-12,30.8287
2016-05-11,29.9415
2016-05-10,29.4439
2016-05-09,28.92
2016-05-06,28.4435
2016-05-05,27.8323
2016-05-04,27.3108
2016-05-03,26.8467
2016-05-02,26.3087
2016-04-29,25.2155
2016-04-28,24.0777
2016-04-27,23.0887
2016-04-26,22.2335
2016-04-25,22.9635
2016-04-22,23.9087
2016-04-21,24.9359
2016-04-20,26.215
2016-04-19,27.3977
2016-04-18,28.5919
2016-04-15,29.6371
2016-04-14,29.779
2016-04-13,29.2578
2016-04-12,28.7186
2016-04-11,28.5226
2016-04-08,28.2442
2016-04-07,28.1289
2016-04-06,28.0076
2016-04-05,27.448
2016-04-04,26.9044
2016-04-01,25.9875
2016-03-31,25.4081
2016-03-30,24.5069
2016-03-29,23.5583
2016-03-28,23.0562
2016-03-24,22.8965
2016-03-23,22.7284
2016-03-22,22.1302
2016-03-21,21.5005
2016-03-18,20.8377
2016-03-17,20.3691
2016-03-16,19.8819
2016-03-15,19.4002
2016-03-14,19.1155
2016-03-11,19.3234
2016-03-10,19.6985
2016-03-09,20.1031
2016-03-08,20.6878
2016-03-07,21.2663
2016-03-04,21.7184
2016-03-03,22.0802
2016-03-02,22.9097
2016-03-01,23.9786
2016-02-29,25.1323
2016-02-26,25.9152
2016-02-25,26.6825
2016-02-24,27.1358
2016-02-23,27.5037
2016-02-22,28.1312
2016-02-19,29.0775
2016-02-18,30.0372
2016-02-17,31.1064
2016-02-16,32.0661
2016-02-12,32.7336
2016-02-11,32.7792
2016-02-10,32.8272
2016-02-09,33.1092
2016-02-08,33.2924
2016-02-05,33.4204
2016-02-04,33.6464
2016-02-03,34.1013
2016-02-02,34.3263
2016-02-01,34.3595
2016-01-29,34.5385
2016-01-28,34.7269
2016-01-27,34.2123
2016-01-26,33.7706
2016-01-25,33.8893
2016-01-22,34.1811
2016-01-21,34.47
2016-01-20,33.7482
2016-01-19,32.9883
2016-01-15,32.4238
2016-01-14,31.5386
2016-01-13,30.6469
2016-01-12,29.8766
2016-01-11,29.2439
2016-01-08,28.0827
2016-01-07,26.8604
2016-01-06,25.5737
2016-01-05,24.5687
2016-01-04,23.8188
2015-12-31,22.8875
2015-12-30,22.2799
2015-12-29,22.008
2015-12-28,21.7218
2015-12-24,20.9087
2015-12-23,20.316
2015-12-22,19.6472
2015-12-21,18.6044
2015-12-18,17.4006
2015-12-17,16.1628
2015-12-16,15.2806
2015-12-15,14.2775
2015-12-14,13.4435
2015-12-11,12.5332
2015-12-10,12.0488
2015-12-09,12.0338
2015-12-08,12.018
2015-12-07,12.3627
2015-12-04,12.931
2015-12-03,13.391
2015-12-02,13.2722
2015-12-01,13.5278
2015-11-30,13.9675
2015-11-27,14.6294
2015-11-25,15.0888
2015-11-24,15.6403
2015-11-23,16.2208
2015-11-20,16.8748
2015-11-19,17.6628
2015-11-18,18.5251
2015-11-17,19.1125
2015-11-16,19.1733
2015-11-13,19.038
2015-11-12,19.1025
2015-11-11,19.7997
2015-11-10,20.5336
2015-11-09,21.4755
2015-11-06,21.8243
2015-11-05,22.0404
2015-11-04,22.2678
2015-11-03,22.2734
2015-11-02,22.3325
2015-10-30,22.7536
2015-10-29,23.2214
2015-10-28,23.8042
2015-10-27,24.659
2015-10-26,25.8233
2015-10-23,27.13
2015-10-22,28.2128
2015-10-21,29.2532
2015-10-20,30.3483
2015-10-19,31.1702
2015-10-16,31.4048
2015-10-15,31.7193
2015-10-14,32.0504
2015-10-13,32.2515
2015-10-12,32.6245
2015-10-09,33.1286
2015-10-08,33.5498
2015-10-07,33.4866
2015-10-06,33.5704
2015-10-05,33.7033
2015-10-02,33.757
2015-10-01,33.7328
2015-09-30,33.3904
2015-09-29,33.1727
2015-09-28,32.9436
2015-09-25,33.2034
2015-09-24,33.6759
2015-09-23,33.9179
2015-09-22,34.2841
2015-09-21,34.5577
2015-09-18,34.9754
2015-09-17,35.2018
2015-09-16,35.642
2015-09-15,36.3043
2015-09-14,36.9996
2015-09-11,37.7803
2015-09-10,38.1205
2015-09-09,38.3042
2015-09-08,38.4975
2015-09-04,38.4375
2015-09-03,37.9788
2015-09-02,37.603
2015-09-01,37.1262
2015-08-31,36.542
2015-08-28,36.2374
2015-08-27,35.6974
2015-08-26,35.1167
2015-08-25,33.9001
2015-08-24,32.6195
2015-08-21,30.8445
2015-08-20,29.6916
2015-08-19,28.9814
2015-08-18,28.5587
2015-08-17,28.27
2015-08-14,27.966
2015-08-13,27.3303
2015-08-12,26.715
2015-08-11,25.8407
2015-08-10,25.2933
2015-08-07,25.1013
2015-08-06,23.9108
2015-08-05,22.6577
2015-08-04,21.3386
2015-08-03,20.0594
2015-07-31,19.1794
2015-07-30,18.7195
2015-07-29,18.3585
2015-07-28,18.065
2015-07-27,17.7984
2015-07-24,17.4471
2015-07-23,17.3374
2015-07-22,17.4008
2015-07-21,17.1119
2015-07-20,17.5636
2015-07-17,17.9363
2015-07-16,18.597
2015-07-15,18.9834
2015-07-14,18.9388
2015-07-13,18.6274
2015-07-10,18.0867
2015-07-09,16.8021
2015-07-08,15.4499
2015-07-07,14.6284
2015-07-06,14.0366
2015-07-02,13.6749
2015-07-01,13.5327
2015-06-30,13.441
2015-06-29,13.0474
2015-06-26,12.633
2015-06-25,12.7083
2015-06-24,13.0697
2015-06-23,13.4502
2015-06-22,13.0872
2015-06-19,12.7557
2015-06-18,12.3194
2015-06-17,12.0567
2015-06-16,11.6311
2015-06-15,11.1731
2015-06-12,10.4887
2015-06-11,10.0668
2015-06-10,9.9421
2015-06-09,9.5416
2015-06-08,8.6909
2015-06-05,8.0596
2015-06-04,7.7636
2015-06-03,7.5932
2015-06-02,7.6768
2015-06-01,7.6779
2015-05-29,7.8707
2015-05-28,8.0736
2015-05-27,8.3959
2015-05-26,8.7351
2015-05-22,9.0921
2015-05-21,8.8634
2015-05-20,8.9286
2015-05-19,9.1523
2015-05-18,9.3096
2015-05-15,9.5109
2015-05-14,10.0007
2015-05-13,10.4126
2015-05-12,10.4173
2015-05-11,10.3438
2015-05-08,10.4265
2015-05-07,10.6104
2015-05-06,10.4397
2015-05-05,10.2601
2015-05-04,10.5271
2015-05-01,10.8123
2015-04-30,11.2057
2015-04-29,11.4646
2015-04-28,11.4844
2015-04-27,11.1312
2015-04-24,10.2505
2015-04-23,9.8558
2015-04-22,9.4893
2015-04-21,9.4807
2015-04-20,9.6461
2015-04-17,9.8408
2015-04-16,10.1324
2015-04-15,10.4166
2015-04-14,10.7158
2015-04-13,11.0307
2015-04-10,11.1662
2015-04-09,11.6472
2015-04-08,12.2024
2015-04-07,12.8237
2015-04-06,13.2179
2015-04-02,13.7779
2015-04-01,14.1432
2015-03-31,14.4087
2015-03-30,14.9792
2015-03-27,15.557
2015-03-26,15.7236
2015-03-25,15.899
2015-03-24,16.243
2015-03-23,16.8535
2015-03-20,17.5405
2015-03-19,18.2637
2015-03-18,18.457
2015-03-17,18.6775
2015-03-16,19.2879
2015-03-13,20.1167
2015-03-12,20.9891
2015-03-11,21.7874
2015-03-10,22.7304
2015-03-09,23.754
2015-03-06,24.529
2015-03-05,25.0407
2015-03-04,25.699
2015-03-03,25.6988
2015-03-02,25.7054
2015-02-27,25.6544
2015-02-26,25.6008
2015-02-25,25.5444
2015-02-24,25.0965
2015-02-23,23.766
2015-02-20,22.4269
2015-02-19,21.418
2015-02-18,20.4159
2015-02-17,19.3923
2015-02-13,18.3148
2015-02-12,17.3735
2015-02-11,16.3827
2015-02-10,15.6639
2015-02-09,15.3129
2015-02-06,15.3343
2015-02-05,15.3521
2015-02-04,15.1842
2015-02-03,15.0375
2015-02-02,15.1082
2015-01-30,15.1826
2015-01-29,15.1043
2015-01-28,15.1397
2015-01-27,15.334
2015-01-26,15.757
2015-01-23,16.2127
2015-01-22,16.8125
2015-01-21,17.6941
2015-01-20,18.3236
2015-01-16,18.5028
2015-01-15,18.3416
2015-01-14,18.4254
2015-01-13,18.8612
2015-01-12,19.4008
2015-01-09,19.9301
2015-01-08,20.7563
2015-01-07,21.3866
2015-01-06,21.0494
2015-01-05,20.4694
2015-01-02,19.9778
2014-12-31,19.7755
2014-12-30,20.1065
2014-12-29,20.8814
2014-12-26,21.8632
2014-12-24,22.9592
2014-12-23,23.7468
2014-12-22,24.6826
2014-12-19,25.6675
2014-12-18,26.6421
2014-12-17,27.523
2014-12-16,27.6895
2014-12-15,27.8647
2014-12-12,28.0643
2014-12-11,28.8723
2014-12-10,30.1083
2014-12-09,31.4549
2014-12-08,32.7378
2014-12-05,34.3144
2014-12-04,35.1359
2014-12-03,35.7963
2014-12-02,36.664
2014-12-01,37.7015
2014-11-28,38.7937
2014-11-26,37.3281
2014-11-25,35.8173
2014-11-24,34.227
2014-11-21,32.6542
2014-11-20,31.1319
2014-11-19,29.613
2014-11-18,28.1531
2014-11-17,26.5744
2014-11-14,24.9126
2014-11-13,23.573
2014-11-12,22.2783
2014-11-11,21.2684
2014-11-10,20.5562
2014-11-07,19.9019
2014-11-06,19.2154
2014-11-05,18.6082
2014-11-04,17.969
2014-11-03,17.2962
2014-10-31,16.4812
2014-10-30,16.0824
2014-10-29,15.8191
2014-10-28,15.38
2014-10-27,15.0542
2014-10-24,14.998
2014-10-23,14.9389
2014-10-22,14.9752
2014-10-21,15.2284
2014-10-20,15.7566
2014-10-17,15.9956
2014-10-16,15.929
2014-10-15,15.4022
2014-10-14,14.8476
2014-10-13,15.1013
2014-10-10,15.7504
2014-10-09,16.5653
2014-10-08,17.322
2014-10-07,17.9347
2014-10-06,18.2272
2014-10-03,18.737
2014-10-02,19.1181
2014-10-01,19.5191
2014-09-30,20.1197
2014-09-29,21.0628
2014-09-26,21.9332
2014-09-25,22.8494
2014-09-24,23.8014
2014-09-23,24.1582
2014-09-22,24.5339
2014-09-19,25.1469
2014-09-18,25.6848
2014-09-17,26.0062
2014-09-16,26.4804
2014-09-15,27.1144
2014-09-12,26.8137
2014-09-11,26.6891
2014-09-10,26.7335
2014-09-09,26.8586
2014-09-08,26.9903
2014-09-05,28.1686
2014-09-04,29.313
2014-09-03,30.5177
2014-09-02,31.505
2014-08-29,30.5885
2014-08-28,29.8078
2014-08-27,29.013
2014-08-26,28.2223
2014-08-25,27.6346
2014-08-22,26.7815
2014-08-21,26.0411
2014-08-20,25.3858
2014-08-19,24.696
2014-08-18,24.0627
2014-08-15,23.7129
2014-08-14,23.6681
2014-08-13,23.8048
2014-08-12,24.0483
2014-08-11,24.413
2014-08-08,25.0449
2014-08-07,26.1387
2014-08-06,26.9554
2014-08-05,28.1508
2014-08-04,29.4091
2014-08-01,30.4139
2014-07-31,31.4716
2014-07-30,32.382
2014-07-29,32.2851
2014-07-28,31.8783
2014-07-25,31.4953
2014-07-24,31.4296
2014-07-23,31.4971
2014-07-22,31.5682
2014-07-21,32.5644
2014-07-18,33.6129
2014-07-17,34.8089
2014-07-16,36.0678
2014-07-15,36.3542
2014-07-14,36.4966
2014-07-11,36.2999
2014-07-10,36.3497
2014-07-09,36.4944
2014-07-08,35.9182
2014-07-07,35.3117
2014-07-03,34.8533
2014-07-02,34.867
2014-07-01,34.8932
2014-06-30,34.8978
2014-06-27,34.9962
2014-06-26,35.6243
2014-06-25,36.6272
2014-06-24,37.8167
2014-06-23,38.7884
2014-06-20,39.5922
2014-06-19,40.2769
2014-06-18,40.7594
2014-06-17,41.2614
2014-06-16,41.5533
2014-06-13,41.8606
2014-06-12,42.2576
2014-06-11,42.1597
2014-06-10,41.1508
2014-06-09,40.027
2014-06-06,39.0177
2014-06-05,38.093
2014-06-04,37.1651
2014-06-03,36.2234
2014-06-02,35.4611
2014-05-30,34.7647
2014-05-29,33.5002
2014-05-28,32.3414
2014-05-27,31.3054
2014-05-23,30.3258
2014-05-22,29.6435
2014-05-21,29.0995
2014-05-20,28.6442
2014-05-19,28.1759
2014-05-16,27.6829
2014-05-15,27.5266
2014-05-14,27.1623
2014-05-13,26.4942
2014-05-12,25.8873
2014-05-09,25.2777
2014-05-08,24.8907
2014-05-07,24.036
2014-05-06,23.1502
2014-05-05,21.7145
2014-05-02,20.2921
2014-05-01,18.9807
2014-04-30,17.6004
2014-04-29,15.899
2014-04-28,14.1923
2014-04-25,12.4013
2014-04-24,11.193
2014-04-23,9.9896
2014-04-22,10.2331
2014-04-21,10.6432
2014-04-17,11.0749
2014-04-16,11.188
2014-04-15,10.7291
2014-04-14,10.246
2014-04-11,10.1051
2014-04-10,9.9568
2014-04-09,10.2031
2014-04-08,10.3248
2014-04-07,10.098
2014-04-04,10.0628
2014-04-03,10.5349
2014-04-02,10.4237
2014-04-01,10.0578
2014-03-31,9.7819
2014-03-28,9.5626
2014-03-27,9.4564
2014-03-26,9.2723
2014-03-25,8.764
2014-03-24,8.4238
2014-03-21,8.4019
2014-03-20,8.823
2014-03-19,9.1836
2014-03-18,9.6508
2014-03-17,9.8569
2014-03-14,9.9196
2014-03-13,9.9855
2014-03-12,10.4562
2014-03-11,10.8638
2014-03-10,11.2521
2014-03-07,11.6705
2014-03-06,12.0187
2014-03-05,12.5105
2014-03-04,13.0903
2014-03-03,13.5717
2014-02-28,13.9573
2014-02-27,14.3633
2014-02-26,14.5588
2014-02-25,14.5376
2014-02-24,14.7652
2014-02-21,15.0717
2014-02-20,15.4953
2014-02-19,16.1471
2014-02-18,16.9
2014-02-14,17.0825
2014-02-13,17.5145
2014-02-12,18.0219
2014-02-11,18.8047
2014-02-10,19.7151
2014-02-07,20.5519
2014-02-06,20.953
2014-02-05,20.8099
2014-02-04,20.5791
2014-02-03,19.9653
2014-01-31,19.2066
2014-01-30,17.9963
2014-01-29,16.8103
2014-01-28,15.6151
2014-01-27,14.4523
2014-01-24,15.0725
2014-01-23,15.7254
2014-01-22,16.416
2014-01-21,17.2411
2014-01-17,17.7431
2014-01-16,18.2715
2014-01-15,18.9431
2014-01-14,19.6501
2014-01-13,20.1122
2014-01-10,20.2804
2014-01-09,20.3266
2014-01-08,20.6003
2014-01-07,21.0731
2014-01-06,21.5708
2014-01-03,22.0947
2014-01-02,23.0098
2013-12-31,23.7455
2013-12-30,24.3825
2013-12-27,25.1175
2013-12-26,25.3894
2013-12-24,25.383
2013-12-23,25.171
2013-12-20,24.9963
2013-12-19,25.7808
2013-12-18,26.7061
2013-12-17,27.6801
2013-12-16,27.5242
2013-12-13,27.2047
2013-12-12,26.8684
2013-12-11,25.9084
2013-12-10,24.8979
2013-12-09,23.9476
2013-12-06,22.9474
2013-12-05,21.9952
2013-12-04,20.3733
2013-12-03,18.85
2013-12-02,17.3381
2013-11-29,15.8141
2013-11-27,14.4156
2013-11-26,13.4461
2013-11-25,12.9346
2013-11-22,13.0683
2013-11-21,13.4942
2013-11-20,14.0173
2013-11-19,14.6285
2013-11-18,14.9747
2013-11-15,15.3203
2013-11-14,15.1452
2013-11-13,14.961
2013-11-12,15.2178
2013-11-11,15.4848
2013-11-08,15.9143
2013-11-07,16.4015
2013-11-06,16.9144
2013-11-05,17.0311
2013-11-04,17.0208
2013-11-01,17.1194
2013-10-31,17.33
2013-10-30,17.1643
2013-10-29,16.99
2013-10-28,16.8064
2013-10-25,15.9931
2013-10-24,14.9924
2013-10-23,13.9663
2013-10-22,13.1363
2013-10-21,12.2627
2013-10-18,11.497
2013-10-17,11.3355
2013-10-16,11.389
2013-10-15,11.56
2013-10-14,11.7664
2013-10-11,12.2036
2013-10-10,12.8362
2013-10-09,13.4251
2013-10-08,13.9881
2013-10-07,14.6895
2013-10-04,15.2628
2013-10-03,15.8768
2013-10-02,16.6236
2013-10-01,17.4468
2013-09-30,18.2951
2013-09-27,18.8336
2013-09-26,19.6726
2013-09-25,20.6974
2013-09-24,21.7761
2013-09-23,22.6551
2013-09-20,23.5804
2013-09-19,24.2946
2013-09-18,25.1766
2013-09-17,25.6388
2013-09-16,25.7702
2013-09-13,25.9085
2013-09-12,26.7003
2013-09-11,27.5877
2013-09-10,28.4382
2013-09-09,29.3819
2013-09-06,29.4815
2013-09-05,29.9599
2013-09-04,30.1982
2013-09-03,30.2557
2013-08-30,30.3818
2013-08-29,30.8356
2013-08-28,30.9857
2013-08-27,31.1719
2013-08-26,31.3475
2013-08-23,30.4752
2013-08-22,29.7697
2013-08-21,29.0271
2013-08-20,28.0057
2013-08-19,26.9306
2013-08-16,25.5551
2013-08-15,24.3839
2013-08-14,23.1656
2013-08-13,21.5546
2013-08-12,20.0975
2013-08-09,19.4675
2013-08-08,19.2069
2013-08-07,18.5429
2013-08-06,17.7716
2013-08-05,16.9245
2013-08-02,16.0843
2013-08-01,15.5502
2013-07-31,15.2933
2013-07-30,15.0228
2013-07-29,14.7476
2013-07-26,14.8227
2013-07-25,15.4268
2013-07-24,15.9632
2013-07-23,16.5279
2013-07-22,16.4425
2013-07-19,16.7781
2013-07-18,17.1312
2013-07-17,17.9288
2013-07-16,18.5669
2013-07-15,19.123
2013-07-12,19.7486
2013-07-11,20.2867
2013-07-10,20.7435
2013-07-09,20.9764
2013-07-08,21.1275
2013-07-05,21.1074
2013-07-03,21.3105
2013-07-02,21.6271
2013-07-01,21.8716
2013-06-28,21.473
2013-06-27,20.0372
2013-06-26,18.6833
2013-06-25,17.3318
2013-06-24,16.0207
2013-06-21,14.6406
2013-06-20,13.5594
2013-06-19,12.7248
2013-06-18,12.2299
2013-06-17,12.1159
2013-06-14,12.0049
2013-06-13,11.888
2013-06-12,11.7784
2013-06-11,11.8079
2013-06-10,11.9349
2013-06-07,12.2532
2013-06-06,12.2216
2013-06-05,12.252
2013-06-04,12.7986
2013-06-03,13.355
2013-05-31,14.0578
2013-05-30,14.3806
2013-05-29,14.8595
2013-05-28,15.5248
2013-05-24,16.3065
2013-05-23,16.8119
2013-05-22,17.344
2013-05-21,18.0253
2013-05-20,18.5859
2013-05-17,19.1759
2013-05-16,19.4921
2013-05-15,19.7027
2013-05-14,20.0625
2013-05-13,20.865
2013-05-10,21.1568
2013-05-09,21.4641
2013-05-08,21.4725
2013-05-07,21.5103
2013-05-06,21.5501
2013-05-03,21.7253
2013-05-02,22.2675
2013-05-01,23.0367
2013-04-30,24.0066
2013-04-29,25.0276
2013-04-26,26.0631
2013-04-25,26.3492
2013-04-24,26.3526
2013-04-23,26.3561
2013-04-22,25.9341
2013-04-19,25.0802
2013-04-18,24.004
2013-04-17,22.9913
2013-04-16,22.156
2013-04-15,22.0662
2013-04-12,21.9717
2013-04-11,22.2882
2013-04-10,22.72
2013-04-09,23.118
2013-04-08,22.9925
2013-04-05,22.7939
2013-04-04,22.4181
2013-04-03,22.2242
2013-04-02,22.2129
2013-04-01,22.2011
2013-03-28,22.2375
2013-03-27,22.8283
2013-03-26,23.8763
2013-03-25,24.7627
2013-03-22,25.625
2013-03-21,26.9238
2013-03-20,28.171
2013-03-19,29.4653
2013-03-18,30.8277
2013-03-15,32.0881
2013-03-14,32.69
2013-03-13,32.7052
2013-03-12,32.7119
2013-03-11,32.7924
2013-03-08,32.877
2013-03-07,32.7507
2013-03-06,32.4103
2013-03-05,32.1417
2013-03-04,31.8555
2013-03-01,31.1527
2013-02-28,30.6731
2013-02-27,30.4759
2013-02-26,30.2683
2013-02-25,30.0001
2013-02-22,29.8461
2013-02-21,29.7908
2013-02-20,29.611
2013-02-19,29.573
2013-02-15,29.6642
2013-02-14,29.9219
2013-02-13,30.3043
2013-02-12,30.7068
2013-02-11,31.2477
2013-02-08,31.9611
2013-02-07,32.4781
2013-02-06,32.6728
2013-02-05,32.6252
2013-02-04,32.2911
2013-02-01,31.7781
2013-01-31,31.3488
2013-01-30,31.0149
2013-01-29,30.6634
2013-01-28,30.2039
2013-01-25,29.4608
2013-01-24,28.6786
2013-01-23,28.0745
2013-01-22,28.5123
2013-01-18,28.6952
2013-01-17,28.6607
2013-01-16,28.7497
2013-01-15,28.7932
2013-01-14,28.433
2013-01-11,28.3603
2013-01-10,28.7706
2013-01-09,29.2026
2013-01-08,29.5175
2013-01-07,29.9724
2013-01-04,30.3591
2013-01-03,31.0098
2013-01-02,32.0761
2012-12-31,33.2149
2012-12-28,33.7437
2012-12-27,33.4423
2012-12-26,33.1251
2012-12-24,32.9131
2012-12-21,32.8378
2012-12-20,32.5727
2012-12-19,32.4552
2012-12-18,32.4595
2012-12-17,32.464
2012-12-14,31.8976
2012-12-13,31.3709
2012-12-12,31.1666
2012-12-11,31.155
2012-12-10,31.1644
2012-12-07,30.7561
2012-12-06,30.474
2012-12-05,30.1061
2012-12-04,30.0852
2012-12-03,30.8398
2012-11-30,32.0241
2012-11-29,33.0413
2012-11-28,34.1861
2012-11-27,35.0805
2012-11-26,36.2357
2012-11-23,37.4368
2012-11-21,38.024
2012-11-20,38.4525
2012-11-19,38.9036
2012-11-16,39.2052
2012-11-15,37.7372
2012-11-14,36.4035
2012-11-13,35.1996
2012-11-12,33.935
2012-11-09,32.6382
2012-11-08,31.273
2012-11-07,29.8578
2012-11-06,28.6781
2012-11-05,27.8491
2012-11-02,26.8106
2012-11-01,25.7174
2012-10-31,24.9748
2012-10-26,24.1373
2012-10-25,23.3285
2012-10-24,22.8231
2012-10-23,22.4233
2012-10-22,22.0298
2012-10-19,21.6155
2012-10-18,21.0189
2012-10-17,20.8995
2012-10-16,21.193
2012-10-15,21.3935
2012-10-12,20.8926
2012-10-11,20.4038
2012-10-10,19.9619
2012-10-09,19.7349
2012-10-08,19.2905
2012-10-05,19.167
2012-10-04,19.5182
2012-10-03,20.424
2012-10-02,21.2759
2012-10-01,21.9361
2012-09-28,22.8494
2012-09-27,23.8821
2012-09-26,24.9691
2012-09-25,26.0796
2012-09-24,27.1754
2012-09-21,27.8702
2012-09-20,27.7157
2012-09-19,27.7165
2012-09-18,27.3587
2012-09-17,27.0316
2012-09-14,26.7614
2012-09-13,26.559
2012-09-12,26.7021
2012-09-11,27.4299
2012-09-10,28.1698
2012-09-07,28.6553
2012-09-06,28.3608
2012-09-05,28.1856
2012-09-04,28.0638
2012-08-31,27.9737
2012-08-30,28.088
2012-08-29,27.8887
2012-08-28,27.0772
2012-08-27,26.2631
2012-08-24,25.227
2012-08-23,24.4181
2012-08-22,23.2077
2012-08-21,21.9542
2012-08-20,20.4971
2012-08-17,19.1754
2012-08-16,18.2214
2012-08-15,17.5751
2012-08-14,16.988
2012-08-13,16.2204
2012-08-10,15.6977
2012-08-09,15.4491
2012-08-08,15.1885
2012-08-07,14.9322
2012-08-06,14.614
2012-08-03,14.2833
2012-08-02,14.1574
2012-08-01,14.2733
2012-07-31,14.2732
2012-07-30,14.4302
2012-07-27,15.0365
2012-07-26,15.4156
2012-07-25,15.5662
2012-07-24,15.7247
2012-07-23,16.0086
2012-07-20,16.4682
2012-07-19,16.0558
2012-07-18,15.4766
2012-07-17,15.1303
2012-07-16,14.7657
2012-07-13,14.2741
2012-07-12,13.9136
2012-07-11,13.6683
2012-07-10,13.1669
2012-07-09,12.1813
2012-07-06,11.3305
2012-07-05,10.6136
2012-07-03,9.8591
2012-07-02,9.5648
2012-06-29,9.5128
2012-06-28,9.8664
2012-06-27,10.0452
2012-06-26,10.5316
2012-06-25,10.9325
2012-06-22,11.4957
2012-06-21,11.8734
2012-06-20,12.1742
2012-06-19,12.3307
2012-06-18,12.3861
2012-06-15,12.5231
2012-06-14,13.1661
2012-06-13,13.7952
2012-06-12,14.4576
2012-06-11,15.2089
2012-06-08,15.8661
2012-06-07,16.5424
2012-06-06,17.1262
2012-06-05,17.6049
2012-06-04,17.813
2012-06-01,18.0321
2012-05-31,18.6389
2012-05-30,19.5828
2012-05-29,20.5972
2012-05-25,21.4538
2012-05-24,22.0559
2012-05-23,22.7742
2012-05-22,23.3974
2012-05-21,24.0535
2012-05-18,24.3041
2012-05-17,23.8299
2012-05-16,23.5112
2012-05-15,23.4415
2012-05-14,23.6527
2012-05-11,24.0394
2012-05-10,24.6421
2012-05-09,25.3971
2012-05-08,26.1238
2012-05-07,26.8023
2012-05-04,27.5818
2012-05-03,28.5038
2012-05-02,29.8852
2012-05-01,31.2194
2012-04-30,32.6876
2012-04-27,34.2793
2012-04-26,35.7326
2012-04-25,37.2155
2012-04-24,38.668
2012-04-23,39.735
2012-04-20,40.8993
2012-04-19,42.4889
2012-04-18,44.5793
2012-04-17,46.4471
2012-04-16,48.7475
2012-04-13,50.9375
2012-04-12,52.152
2012-04-11,52.4813
2012-04-10,52.652
2012-04-09,52.6683
2012-04-05,52.7655
2012-04-04,52.9693
2012-04-03,53.3656
2012-04-02,53.4622
2012-03-30,53.838
2012-03-29,54.4215
2012-03-28,54.4572
2012-03-27,54.2936
2012-03-26,54.2137
2012-03-23,54.3025
2012-03-22,54.5039
2012-03-21,54.6467
2012-03-20,54.4362
2012-03-19,54.2591
2012-03-16,53.6366
2012-03-15,53.1557
2012-03-14,52.6145
2012-03-13,52.1192
2012-03-12,52.0494
2012-03-09,52.3449
2012-03-08,52.7662
2012-03-07,53.3363
2012-03-06,54.0806
2012-03-05,54.9809
2012-03-02,55.2773
2012-03-01,54.2568
2012-02-29,53.1826
2012-02-28,52.0593
2012-02-27,51.0391
2012-02-24,50.0698
2012-02-23,49.1407
2012-02-22,48.2496
2012-02-21,47.3527
2012-02-17,46.4196
2012-02-16,45.5611
2012-02-15,44.71
2012-02-14,42.9673
2012-02-13,41.3456
2012-02-10,39.7254
2012-02-09,38.1217
2012-02-08,36.4483
2012-02-07,35.0901
2012-02-06,33.846
2012-02-03,32.6752
2012-02-02,31.5992
2012-02-01,30.5602
2012-01-31,29.304
2012-01-30,28.0041
2012-01-27,26.7669
2012-01-26,25.6398
2012-01-25,24.4534
2012-01-24,23.1516
2012-01-23,23.045
2012-01-20,22.6435
2012-01-19,22.2742
2012-01-18,21.137
2012-01-17,20.029
2012-01-13,19.0313
2012-01-12,18.2747
2012-01-11,17.4684
2012-01-10,16.5605
2012-01-09,15.3756
2012-01-06,14.1284
2012-01-05,13.0442
2012-01-04,12.1103
2012-01-03,11.3305
2011-12-30,10.6279
2011-12-29,10.2491
2011-12-28,9.8885
2011-12-27,9.4401
2011-12-23,8.8311
2011-12-22,8.495
2011-12-21,8.4083
2011-12-20,8.43
2011-12-19,8.5261
2011-12-16,8.5581
2011-12-15,8.5391
2011-12-14,8.4893
2011-12-13,8.437
2011-12-12,8.8058
2011-12-09,9.0371
2011-12-08,9.1753
2011-12-07,9.3208
2011-12-06,9.7325
2011-12-05,10.0084
2011-12-02,10.239
2011-12-01,10.6276
2011-11-30,11.0878
2011-11-29,11.1854
2011-11-28,11.0789
2011-11-25,10.8379
2011-11-23,10.2349
2011-11-22,9.7479
2011-11-21,9.4076
2011-11-18,8.6624
2011-11-17,8.2578
2011-11-16,7.8594
2011-11-15,7.8478
2011-11-14,7.7416
2011-11-11,7.3845
2011-11-10,7.0982
2011-11-09,6.8779
2011-11-08,7.2073
2011-11-07,7.2298
2011-11-04,7.5567
2011-11-03,7.8464
2011-11-02,8.1533
2011-11-01,8.5433
2011-10-31,8.9085
2011-10-28,9.0855
2011-10-27,9.4059
2011-10-26,9.7431
2011-10-25,10.1296
2011-10-24,10.6046
2011-10-21,11.1067
2011-10-20,11.4359
2011-10-19,11.9199
2011-10-18,12.5222
2011-10-17,12.3393
2011-10-14,12.1467
2011-10-13,12.1092
2011-10-12,12.5936
2011-10-11,13.1034
2011-10-10,13.6991
2011-10-07,13.6728
2011-10-06,13.0561
2011-10-05,12.5195
2011-10-04,11.6791
2011-10-03,10.7944
2011-09-30,10.5086
2011-09-29,10.5342
2011-09-28,10.7799
2011-09-27,11.1667
2011-09-26,11.4958
2011-09-23,12.0851
2011-09-22,12.2788
2011-09-21,12.4827
2011-09-20,11.8412
2011-09-19,11.166
2011-09-16,10.8246
2011-09-15,11.0395
2011-09-14,11.619
2011-09-13,12.151
2011-09-12,12.3802
2011-09-09,12.3087
2011-09-08,12.377
2011-09-07,12.8025
2011-09-06,13.0829
2011-09-02,13.0756
2011-09-01,13.3162
2011-08-31,14.0125
2011-08-30,14.6845
2011-08-29,15.1586
2011-08-26,15.5608
2011-08-25,16.357
2011-08-24,16.7917
2011-08-23,17.5285
2011-08-22,18.0067
2011-08-19,17.9731
2011-08-18,17.9778
2011-08-17,18.2225
2011-08-16,18.9938
2011-08-15,19.8716
2011-08-12,20.6758
2011-08-11,21.7107
2011-08-10,22.5562
2011-08-09,23.3996
2011-08-08,24.2852
2011-08-05,24.8288
2011-08-04,25.8592
2011-08-03,26.6254
2011-08-02,27.0917
2011-08-01,27.1233
2011-07-29,26.8334
2011-07-28,26.7145
2011-07-27,26.2514
2011-07-26,25.4201
2011-07-25,23.8437
2011-07-22,22.3164
2011-07-21,20.8637
2011-07-20,19.5023
2011-07-19,17.8676
2011-07-18,16.8306
2011-07-15,15.9364
2011-07-14,15.5513
2011-07-13,15.3733
2011-07-12,15.297
2011-07-11,15.3786
2011-07-08,15.0579
2011-07-07,14.7203
2011-07-06,14.4892
2011-07-05,14.4971
2011-07-01,14.8001
2011-06-30,15.5519
2011-06-29,15.675
2011-06-28,15.8045
2011-06-27,16.0538
2011-06-24,16.0589
2011-06-23,15.9951
2011-06-22,15.7959
2011-06-21,15.8524
2011-06-20,15.6367
2011-06-17,14.6041
2011-06-16,14.0381
2011-06-15,13.3801
2011-06-14,13.1312
2011-06-13,13.2122
2011-06-10,12.7566
2011-06-09,12.3094
2011-06-08,12.2427
2011-06-07,12.1725
2011-06-06,12.1962
2011-06-03,12.7163
2011-06-02,13.1088
2011-06-01,13.2901
2011-05-31,13.4457
2011-05-27,13.9721
2011-05-26,13.8248
2011-05-25,13.5796
2011-05-24,13.3216
2011-05-23,12.7389
2011-05-20,12.1256
2011-05-19,11.8964
2011-05-18,11.9598
2011-05-17,11.8796
2011-05-16,11.2314
2011-05-13,10.6901
2011-05-12,10.7885
2011-05-11,11.0819
2011-05-10,11.6316
2011-05-09,12.0573
2011-05-06,12.554
2011-05-05,13.0767
2011-05-04,13.627
2011-05-03,14.1303
2011-05-02,14.8229
2011-04-29,15.5519
2011-04-28,16.2247
2011-04-27,16.8925
2011-04-26,17.7159
2011-04-25,18.5417
2011-04-21,19.5019
2011-04-20,20.5128
2011-04-19,20.8883
2011-04-18,20.5617
2011-04-15,19.596
2011-04-14,18.9446
2011-04-13,18.5936
2011-04-12,18.2547
2011-04-11,17.6313
2011-04-08,16.9751
2011-04-07,16.5177
2011-04-06,16.1651
2011-04-05,15.8625
2011-04-04,15.3864
2011-04-01,15.0241
2011-03-31,14.942
2011-03-30,15.0344
2011-03-29,15.2219
2011-03-28,15.4192
2011-03-25,15.9061
2011-03-24,16.2495
2011-03-23,16.1303
2011-03-22,15.4942
2011-03-21,14.994
2011-03-18,14.2043
2011-03-17,13.2311
2011-03-16,12.2369
2011-03-15,11.1904
2011-03-14,10.7752
2011-03-11,11.0772
2011-03-10,11.0344
2011-03-09,10.7572
2011-03-08,10.868
2011-03-07,11.1086
2011-03-04,11.3619
2011-03-03,11.7986
2011-03-02,12.2961
2011-03-01,12.6396
2011-02-28,13.0012
2011-02-25,13.6286
2011-02-24,13.7564
2011-02-23,13.6014
2011-02-22,13.393
2011-02-18,13.1736
2011-02-17,13.7307
2011-02-16,14.005
2011-02-15,13.919
2011-02-14,14.2
2011-02-11,14.5342
2011-02-10,15.0151
2011-02-09,15.5214
2011-02-08,15.4495
2011-02-07,15.6161
2011-02-04,15.9554
2011-02-03,16.7619
2011-02-02,17.3988
2011-02-01,18.1394
2011-01-31,18.919
2011-01-28,19.6181
2011-01-27,20.3541
2011-01-26,20.9218
2011-01-25,21.5194
2011-01-24,22.4795
2011-01-21,23.4908
2011-01-20,24.3207
2011-01-19,25.4807
2011-01-18,26.3155
2011-01-14,27.5285
2011-01-13,26.2376
2011-01-12,24.9971
2011-01-11,23.8405
2011-01-10,22.6231
2011-01-07,21.4577
2011-01-06,20.773
2011-01-05,20.1527
2011-01-04,19.5829
2011-01-03,19.1545
2010-12-31,18.9228
2010-12-30,19.4789
2010-12-29,19.7737
2010-12-28,19.7216
2010-12-27,19.6669
2010-12-23,19.7492
2010-12-22,19.5557
2010-12-21,19.2873
2010-12-20,19.1407
2010-12-17,19.1039
2010-12-16,18.7485
2010-12-15,18.3745
2010-12-14,17.9807
2010-12-13,17.6053
2010-12-10,16.9264
2010-12-09,16.5387
2010-12-08,16.0719
2010-12-07,15.7022
2010-12-06,15.1802
2010-12-03,14.7602
2010-12-02,14.6206
2010-12-01,14.4738
2010-11-30,14.4212
2010-11-29,14.6523
2010-11-26,14.8417
2010-11-24,14.879
2010-11-23,15.101
2010-11-22,15.6397
2010-11-19,16.2067
2010-11-18,16.8829
2010-11-17,17.5947
2010-11-16,17.8102
2010-11-15,18.1567
2010-11-12,19.1059
2010-11-11,20.1051
2010-11-10,20.0736
2010-11-09,20.0404
2010-11-08,19.8968
2010-11-05,19.4854
2010-11-04,19.0654
2010-11-03,18.6232
2010-11-02,18.6386
2010-11-01,18.8529
2010-10-29,19.4419
2010-10-28,20.0619
2010-10-27,20.7119
2010-10-26,20.9629
2010-10-25,21.2381
2010-10-22,21.2672
2010-10-21,21.395
2010-10-20,21.4848
2010-10-19,21.6076
2010-10-18,21.7635
2010-10-15,20.5868
2010-10-14,19.5266
2010-10-13,19.0975
2010-10-12,18.6785
2010-10-11,18.3947
2010-10-08,18.2441
2010-10-07,18.2705
2010-10-06,18.5854
2010-10-05,18.9168
2010-10-04,19.447
2010-10-01,20.4249
2010-09-30,21.2401
2010-09-29,22.0982
2010-09-28,22.5851
2010-09-27,23.0976
2010-09-24,21.8698
2010-09-23,20.6385
2010-09-22,19.3808
2010-09-21,18.3068
2010-09-20,17.2107
2010-09-17,16.2553
2010-09-16,15.6106
2010-09-15,15.018
2010-09-14,14.85
2010-09-13,14.7683
2010-09-10,14.7513
2010-09-09,15.0356
2010-09-08,15.1823
2010-09-07,15.5058
2010-09-03,16.2586
2010-09-02,17.1111
2010-09-01,17.3767
2010-08-31,17.5833
2010-08-30,17.0295
2010-08-27,16.4688
2010-08-26,15.4998
2010-08-25,14.7798
2010-08-24,13.8042
2010-08-23,12.8675
2010-08-20,12.3314
2010-08-19,12.06
2010-08-18,11.7241
2010-08-17,11.6007
2010-08-16,11.4666
2010-08-13,10.8231
2010-08-12,10.3238
2010-08-11,9.7983
2010-08-10,9.5118
2010-08-09,9.8577
2010-08-06,10.3406
2010-08-05,10.8595
2010-08-04,11.185
2010-08-03,11.5276
2010-08-02,11.9716
2010-07-30,12.4923
2010-07-29,13.0281
2010-07-28,13.6846
2010-07-27,14.105
2010-07-26,14.6339
2010-07-23,15.2643
2010-07-22,15.9278
2010-07-21,16.5986
2010-07-20,17.3047
2010-07-19,17.0951
2010-07-16,16.6009
2010-07-15,16.6022
2010-07-14,16.6035
2010-07-13,16.7104
2010-07-12,16.8229
2010-07-09,17.4833
2010-07-08,18.029
2010-07-07,18.6035
2010-07-06,18.899
2010-07-02,18.7257
2010-07-01,18.3834
2010-06-30,18.0241
2010-06-29,17.9949
2010-06-28,18.2049
2010-06-25,19.0856
2010-06-24,20.0753
2010-06-23,20.954
2010-06-22,21.879
2010-06-21,22.603
2010-06-18,23.365
2010-06-17,24.401
2010-06-16,25.6165
2010-06-15,26.7171
2010-06-14,27.3386
2010-06-11,27.9428
2010-06-10,28.1939
2010-06-09,28.2395
2010-06-08,28.2998
2010-06-07,28.4965
2010-06-04,28.9173
2010-06-03,29.5464
2010-06-02,30.4869
2010-06-01,31.4305
2010-05-28,32.4237
2010-05-27,33.0758
2010-05-26,33.4075
2010-05-25,33.641
2010-05-24,33.5277
2010-05-21,33.723
2010-05-20,33.4756
2010-05-19,33.3779
2010-05-18,33.5907
2010-05-17,34.0317
2010-05-14,34.3319
2010-05-13,34.7166
2010-05-12,35.3955
2010-05-11,36.2054
2010-05-10,36.8562
2010-05-07,37.205
2010-05-06,37.0118
2010-05-05,36.8084
2010-05-04,38.3322
2010-05-03,39.1111
2010-04-30,39.1638
2010-04-29,39.2192
2010-04-28,39.1477
2010-04-27,39.423
2010-04-26,39.1582
2010-04-23,37.6468
2010-04-22,36.0655
2010-04-21,34.5987
2010-04-20,33.344
2010-04-19,32.733
2010-04-16,32.2046
2010-04-15,31.022
2010-04-14,29.9298
2010-04-13,29.0394
2010-04-12,28.3814
2010-04-09,27.5208
2010-04-08,26.7238
2010-04-07,25.9171
2010-04-06,24.9313
2010-04-05,24.0374
2010-04-01,23.2516
2010-03-31,22.4245
2010-03-30,21.7449
2010-03-29,21.0295
2010-03-26,20.6188
2010-03-25,20.3871
2010-03-24,20.2484
2010-03-23,19.8845
2010-03-22,19.6448
2010-03-19,19.6895
2010-03-18,19.5593
2010-03-17,19.1931
2010-03-16,18.6979
2010-03-15,18.3123
2010-03-12,17.9064
2010-03-11,16.5585
2010-03-10,15.3076
2010-03-09,13.9923
2010-03-08,12.6428
2010-03-05,11.6062
2010-03-04,10.548
2010-03-03,10.3153
2010-03-02,10.1985
2010-03-01,10.0756
2010-02-26,10.1022
2010-02-25,10.5808
2010-02-24,10.7494
2010-02-23,10.711
2010-02-22,10.6539
2010-02-19,11.0239
2010-02-18,11.5361
2010-02-17,12.0752
2010-02-16,12.6428
2010-02-12,13.1588
2010-02-11,13.7595
2010-02-10,14.1611
2010-02-09,14.1747
2010-02-08,14.2386
2010-02-05,14.3058
2010-02-04,14.1425
2010-02-03,14.0338
2010-02-02,14.1743
2010-02-01,13.8485
2010-01-29,13.4652
2010-01-28,13.0618
2010-01-27,13.3804
2010-01-26,13.799
2010-01-25,14.4971
2010-01-22,14.1626
2010-01-21,13.8104
2010-01-20,14.4839
2010-01-19,14.8546
2010-01-15,15.2915
2010-01-14,15.9497
2010-01-13,16.4708
2010-01-12,17.0194
2010-01-11,17.238
2010-01-08,17.1327
2010-01-07,17.1372
2010-01-06,17.1419
2010-01-05,16.8792
2010-01-04,16.1873
2009-12-31,15.5603
2009-12-30,15.0076
2009-12-29,14.5528
2009-12-28,14.0107
2009-12-24,13.3099
2009-12-23,12.9888
2009-12-22,13.4393
2009-12-21,14.1164
2009-12-18,14.7414
2009-12-17,14.7753
2009-12-16,14.7317
2009-12-15,15.1176
2009-12-14,15.5239
2009-12-11,15.9404
2009-12-10,16.4805
2009-12-09,17.3221
2009-12-08,18.0664
2009-12-07,18.0225
2009-12-04,17.9764
2009-12-03,18.0957
2009-12-02,18.9434
2009-12-01,19.8356
2009-11-30,20.8441
2009-11-27,21.6477
2009-11-25,22.4936
2009-11-24,22.6115
2009-11-23,22.7356
2009-11-20,22.8589
2009-11-19,23.5828
2009-11-18,24.0491
2009-11-17,23.8633
2009-11-16,23.4931
2009-11-13,23.1018
2009-11-12,22.9821
2009-11-11,22.8561
2009-11-10,22.6625
2009-11-09,22.4605
2009-11-06,22.5133
2009-11-05,23.2535
2009-11-04,24.0543
2009-11-03,25.025
2009-11-02,26.1192
2009-10-30,27.2709
2009-10-29,28.5382
2009-10-28,29.4681
2009-10-27,30.447
2009-10-26,30.7156
2009-10-23,30.3885
2009-10-22,29.4574
2009-10-21,28.4773
2009-10-20,27.4455
2009-10-19,26.8617
2009-10-16,27.5991
2009-10-15,27.8772
2009-10-14,27.7677
2009-10-13,27.4801
2009-10-12,27.3212
2009-10-09,27.154
2009-10-08,27.0757
2009-10-07,26.9355
2009-10-06,26.8906
2009-10-05,26.9045
2009-10-02,27.2971
2009-10-01,27.8288
2009-09-30,28.3884
2009-09-29,28.6366
2009-09-28,28.5797
2009-09-25,28.5941
2009-09-24,28.7311
2009-09-23,28.6378
2009-09-22,28.1182
2009-09-21,27.8944
2009-09-18,27.68
2009-09-17,26.8432
2009-09-16,25.9624
2009-09-15,25.3731
2009-09-14,25.5286
2009-09-11,25.9296
2009-09-10,26.4522
2009-09-09,27.0022
2009-09-08,27.5812
2009-09-04,27.7756
2009-09-03,28.2749
2009-09-02,29.2948
2009-09-01,30.3684
2009-08-31,31.3581
2009-08-28,32.1312
2009-08-27,32.5768
2009-08-26,33.4044
2009-08-25,33.9104
2009-08-24,33.9583
2009-08-21,34.0331
2009-08-20,34.2529
2009-08-19,34.7823
2009-08-18,35.5105
2009-08-17,36.4074
2009-08-14,37.4313
2009-08-13,37.2834
2009-08-12,36.8993
2009-08-11,36.6793
2009-08-10,36.686
2009-08-07,36.2685
2009-08-06,35.5454
2009-08-05,34.7916
2009-08-04,33.7278
2009-08-03,32.7404
2009-07-31,31.5434
2009-07-30,30.3972
2009-07-29,29.2103
2009-07-28,28.2828
2009-07-27,27.3347
2009-07-24,26.3367
2009-07-23,25.3534
2009-07-22,24.4388
2009-07-21,23.3698
2009-07-20,22.6775
2009-07-17,21.7233
2009-07-16,20.9855
2009-07-15,20.6179
2009-07-14,20.3453
2009-07-13,20.528
2009-07-10,20.8331
2009-07-09,21.6431
2009-07-08,22.6501
2009-07-07,23.7101
2009-07-06,24.7061
2009-07-02,25.5859
2009-07-01,25.9072
2009-06-30,25.7139
2009-06-29,25.6066
2009-06-26,25.4937
2009-06-25,25.4156
2009-06-24,25.7037
2009-06-23,26.3415
2009-06-22,27.0837
2009-06-19,27.2595
2009-06-18,27.6924
2009-06-17,28.3381
2009-06-16,29.0881
2009-06-15,29.609
2009-06-12,30.3423
2009-06-11,30.9204
2009-06-10,31.085
2009-06-09,31.2583
2009-06-08,31.033
2009-06-05,30.8247
2009-06-04,29.8794
2009-06-03,29.0474
2009-06-02,28.4182
2009-06-01,27.7559
2009-05-29,27.1688
2009-05-28,26.9163
2009-05-27,26.6992
2009-05-26,26.509
2009-05-22,26.722
2009-05-21,27.7912
2009-05-20,28.7212
2009-05-19,29.2633
2009-05-18,29.7515
2009-05-15,30.605
2009-05-14,31.7993
2009-05-13,33.2187
2009-05-12,34.7128
2009-05-11,35.6229
2009-05-08,35.7852
2009-05-07,35.956
2009-05-06,35.7745
2009-05-05,35.0345
2009-05-04,34.0319
2009-05-01,33.0214
2009-04-30,32.308
2009-04-29,31.6436
2009-04-28,30.9576
2009-04-27,30.2913
2009-04-24,29.6957
2009-04-23,29.0036
2009-04-22,28.1645
2009-04-21,27.4268
2009-04-20,26.925
2009-04-17,26.2872
2009-04-16,25.4045
2009-04-15,24.5607
2009-04-14,24.095
2009-04-13,23.3152
2009-04-09,22.1419
2009-04-08,20.9822
2009-04-07,20.0237
2009-04-06,19.0249
2009-04-03,17.9735
2009-04-02,17.0813
2009-04-01,16.2607
2009-03-31,15.9593
2009-03-30,15.8159
2009-03-27,15.9544
2009-03-26,15.4397
2009-03-25,14.6737
2009-03-24,14.0377
2009-03-23,13.0799
2009-03-20,12.1989
2009-03-19,11.841
2009-03-18,11.4642
2009-03-17,11.0677
2009-03-16,11.1198
2009-03-13,11.4955
2009-03-12,11.7608
2009-03-11,12.1246
2009-03-10,12.6637
2009-03-09,12.4214
2009-03-06,11.8689
2009-03-05,11.2874
2009-03-04,11.5033
2009-03-03,11.8903
2009-03-02,11.9286
2009-02-27,11.9689
2009-02-26,12.0113
2009-02-25,12.234
2009-02-24,12.5082
2009-02-23,12.472
2009-02-20,12.4338
2009-02-19,12.7053
2009-02-18,13.1362
2009-02-17,13.7077
2009-02-13,14.0825
2009-02-12,13.8643
2009-02-11,13.6567
2009-02-10,13.6053
2009-02-09,13.3461
2009-02-06,12.6679
2009-02-05,12.273
2009-02-04,12.181
2009-02-03,12.2079
2009-02-02,12.6108
2009-01-30,13.2269
2009-01-29,13.7157
2009-01-28,13.8394
2009-01-27,13.9697
2009-01-26,14.545
2009-01-23,15.2283
2009-01-22,15.9658
2009-01-21,16.7421
2009-01-20,16.5078
2009-01-16,16.1099
2009-01-15,15.9297
2009-01-14,15.6975
2009-01-13,15.9987
2009-01-12,16.5296
2009-01-09,17.2496
2009-01-08,17.9415
2009-01-07,18.7005
2009-01-06,19.5836
2009-01-05,20.2212
2009-01-02,21.0124
2008-12-31,21.7018
2008-12-30,21.9046
2008-12-29,22.1181
2008-12-26,22.275
2008-12-24,22.4096
2008-12-23,22.3764
2008-12-22,22.4687
2008-12-19,22.5657
2008-12-18,23.062
2008-12-17,23.5702
2008-12-16,24.105
2008-12-15,25.1371
2008-12-12,26.1927
2008-12-11,27.3038
2008-12-10,28.6987
2008-12-09,29.9882
2008-12-08,31.412
2008-12-05,32.6297
2008-12-04,33.2
2008-12-03,33.8158
2008-12-02,34.4639
2008-12-01,34.731
2008-11-28,35.1741
2008-11-26,35.8453
2008-11-25,36.5519
2008-11-24,37.2387
2008-11-21,37.9616
2008-11-20,37.5057
2008-11-19,37.0667
2008-11-18,36.9205
2008-11-17,36.8018
2008-11-14,36.624
2008-11-13,36.5773
2008-11-12,36.5281
2008-11-11,36.681
2008-11-10,36.9626
2008-11-07,37.3809
2008-11-06,37.8875
2008-11-05,38.5447
2008-11-04,39.5216
2008-11-03,40.7757
2008-10-31,41.8603
2008-10-30,43.0182
2008-10-29,44.3771
2008-10-28,45.5914
2008-10-27,46.051
2008-10-24,46.2452
2008-10-23,46.4495
2008-10-22,46.7349
2008-10-21,47.0751
2008-10-20,47.1286
2008-10-17,47.2698
2008-10-16,47.4184
2008-10-15,47.7737
2008-10-14,48.3749
2008-10-13,49.2181
2008-10-10,49.6082
2008-10-09,48.9848
2008-10-08,47.8577
2008-10-07,46.6714
2008-10-06,45.4857
2008-10-03,43.9431
2008-10-02,42.4381
2008-10-01,40.9525
2008-09-30,39.5409
2008-09-29,38.0549
2008-09-26,36.4908
2008-09-25,35.4281
2008-09-24,34.5092
2008-09-23,33.0475
2008-09-22,31.5555
2008-09-19,30.1127
2008-09-18,28.7927
2008-09-17,26.8352
2008-09-16,25.0016
2008-09-15,23.2297
2008-09-12,21.7236
2008-09-11,20.4748
2008-09-10,19.1604
2008-09-09,17.9428
2008-09-08,16.7213
2008-09-05,15.5369
2008-09-04,14.7078
2008-09-03,14.0794
2008-09-02,13.6855
2008-08-29,13.3579
2008-08-28,13.3839
2008-08-27,13.7925
2008-08-26,14.1641
2008-08-25,14.4523
2008-08-22,14.7557
2008-08-21,15.4561
2008-08-20,15.9738
2008-08-19,16.687
2008-08-18,17.4378
2008-08-15,18.2928
2008-08-14,19.0756
2008-08-13,19.6285
2008-08-12,20.2476
2008-08-11,20.9557
2008-08-08,21.9244
2008-08-07,22.6036
2008-08-06,22.9676
2008-08-05,23.3509
2008-08-04,23.0469
2008-08-01,22.3806
2008-07-31,21.8476
2008-07-30,21.3608
2008-07-29,20.6525
2008-07-28,19.7886
2008-07-25,18.8979
2008-07-24,18.2011
2008-07-23,17.4677
2008-07-22,16.8593
2008-07-21,15.6402
2008-07-18,15.1988
2008-07-17,15.023
2008-07-16,15.3844
2008-07-15,15.5348
2008-07-14,15.693
2008-07-11,16.4816
2008-07-10,17.0791
2008-07-09,17.7436
2008-07-08,18.6449
2008-07-07,19.5409
2008-07-03,20.2293
2008-07-02,20.418
2008-07-01,20.8209
2008-06-30,20.9344
2008-06-27,20.7284
2008-06-26,20.336
2008-06-25,20.2009
2008-06-24,20.5414
2008-06-23,20.5265
2008-06-20,20.5108
2008-06-19,20.7767
2008-06-18,21.2119
2008-06-17,21.717
2008-06-16,22.2268
2008-06-13,22.3272
2008-06-12,21.998
2008-06-11,22.0819
2008-06-10,22.9386
2008-06-09,23.8404
2008-06-06,24.5799
2008-06-05,25.2708
2008-06-04,25.9778
2008-06-03,27.0175
2008-06-02,28.1119
2008-05-30,28.9952
2008-05-29,29.5559
2008-05-28,30.2705
2008-05-27,31.0456
2008-05-23,31.9979
2008-05-22,33.4273
2008-05-21,34.9987
2008-05-20,36.1687
2008-05-19,36.9064
2008-05-16,37.524
2008-05-15,37.332
2008-05-14,37.1564
2008-05-13,36.7586
2008-05-12,35.9751
2008-05-09,35.2879
2008-05-08,34.836
2008-05-07,34.0826
2008-05-06,33.2895
2008-05-05,32.1959
2008-05-02,31.1312
2008-05-01,30.1809
2008-04-30,29.2823
2008-04-29,28.3364
2008-04-28,27.5741
2008-04-25,26.8813
2008-04-24,26.3093
2008-04-23,25.775
2008-04-22,25.5437
2008-04-21,25.3003
2008-04-18,24.577
2008-04-17,24.2126
2008-04-16,24.3111
2008-04-15,24.5786
2008-04-14,25.2694
2008-04-11,26.0427
2008-04-10,26.6316
2008-04-09,26.7041
2008-04-08,26.9077
2008-04-07,26.8712
2008-04-04,26.4397
2008-04-03,26.3615
2008-04-02,26.3678
2008-04-01,26.5773
2008-03-31,26.9304
2008-03-28,27.6645
2008-03-27,28.5398
2008-03-26,29.4613
2008-03-25,30.3578
2008-03-24,31.5362
2008-03-20,32.9847
2008-03-19,34.1289
2008-03-18,35.3796
2008-03-17,36.549
2008-03-14,37.2454
2008-03-13,38.1114
2008-03-12,38.9251
2008-03-11,39.9498
2008-03-10,40.8889
2008-03-07,41.3888
2008-03-06,41.8548
2008-03-05,42.4563
2008-03-04,42.8049
2008-03-03,43.1407
2008-02-29,43.4941
2008-02-28,44.2498
2008-02-27,45.1041
2008-02-26,44.8934
2008-02-25,44.3994
2008-02-22,43.9299
2008-02-21,43.4357
2008-02-20,43.1213
2008-02-19,42.5487
2008-02-15,41.9459
2008-02-14,41.4092
2008-02-13,40.9583
2008-02-12,40.3646
2008-02-11,39.7397
2008-02-08,39.2079
2008-02-07,38.1717
2008-02-06,36.9766
2008-02-05,35.8453
2008-02-04,34.8781
2008-02-01,33.9455
2008-01-31,32.9895
2008-01-30,31.9832
2008-01-29,30.8048
2008-01-28,29.3016
2008-01-25,27.7193
2008-01-24,26.1305
2008-01-23,24.5171
2008-01-22,22.7574
2008-01-18,21.4592
2008-01-17,20.6314
2008-01-16,19.7216
2008-01-15,18.764
2008-01-14,18.1115
2008-01-11,17.9977
2008-01-10,17.7325
2008-01-09,17.7824
2008-01-08,17.7006
2008-01-07,17.7667
2008-01-04,17.8363
2008-01-03,18.465
2008-01-02,18.5762
2007-12-31,18.6933
2007-12-28,18.2812
2007-12-27,17.8475
2007-12-26,17.2967
2007-12-24,16.8306
2007-12-21,16.4327
2007-12-20,16.3382
2007-12-19,16.6485
2007-12-18,17.21
2007-12-17,17.8011
2007-12-14,18.0564
2007-12-13,17.7112
2007-12-12,17.8779
2007-12-11,18.0533
2007-12-10,18.0838
2007-12-07,17.5856
2007-12-06,17.1009
2007-12-05,16.8903
2007-12-04,16.9429
2007-12-03,17.3729
2007-11-30,17.7608
2007-11-29,17.9882
2007-11-28,18.4052
2007-11-27,19.1839
2007-11-26,19.9915
2007-11-23,21.0292
2007-11-21,21.6719
2007-11-20,22.3484
2007-11-19,23.0129
2007-11-16,23.4043
2007-11-15,23.7133
2007-11-14,24.0966
2007-11-13,24.7083
2007-11-12,24.7945
2007-11-09,24.5832
2007-11-08,25.2793
2007-11-07,26.2109
2007-11-06,25.9982
2007-11-05,25.828
2007-11-02,25.8952
2007-11-01,25.966
2007-10-31,26.0404
2007-10-30,25.4517
2007-10-29,24.881
2007-10-26,24.4656
2007-10-25,24.1117
2007-10-24,23.7392
2007-10-23,23.3471
2007-10-22,22.5067
2007-10-19,22.5708
2007-10-18,22.6613
2007-10-17,22.6224
2007-10-16,22.672
2007-10-15,22.9549
2007-10-12,23.3027
2007-10-11,23.8566
2007-10-10,24.4397
2007-10-09,23.4914
2007-10-08,22.3262
2007-10-05,21.291
2007-10-04,20.6405
2007-10-03,20.241
2007-10-02,19.2508
2007-10-01,18.2522
2007-09-28,17.2878
2007-09-27,16.4868
2007-09-26,15.6499
2007-09-25,14.7689
2007-09-24,13.9703
2007-09-21,13.3862
2007-09-20,13.2194
2007-09-19,13.3211
2007-09-18,13.4182
2007-09-17,13.5494
2007-09-14,13.8986
2007-09-13,14.4203
2007-09-12,14.9233
2007-09-11,15.4528
2007-09-10,16.1049
2007-09-07,16.8131
2007-09-06,17.3338
2007-09-05,18.1079
2007-09-04,18.9021
2007-08-31,19.3872
2007-08-30,20.3897
2007-08-29,21.3134
2007-08-28,21.8863
2007-08-27,22.3066
2007-08-24,23.21
2007-08-23,24.1609
2007-08-22,24.9667
2007-08-21,25.7586
2007-08-20,26.2227
2007-08-17,26.2381
2007-08-16,26.1441
2007-08-15,25.4665
2007-08-14,25.2371
2007-08-13,25.284
2007-08-10,25.547
2007-08-09,25.6332
2007-08-08,26.0993
2007-08-07,27.2354
2007-08-06,28.4964
2007-08-03,29.6066
2007-08-02,31.0953
2007-08-01,32.5183
2007-07-31,34.1771
2007-07-30,35.5118
2007-07-27,35.8437
2007-07-26,35.495
2007-07-25,35.1577
2007-07-24,35.692
2007-07-23,36.2544
2007-07-20,35.4459
2007-07-19,34.6763
2007-07-18,34.1536
2007-07-17,33.833
2007-07-16,33.1388
2007-07-13,32.408
2007-07-12,31.8283
2007-07-11,31.584
2007-07-10,31.3863
2007-07-09,31.1782
2007-07-06,31.129
2007-07-05,30.8164
2007-07-03,30.5235
2007-07-02,30.8351
2007-06-29,31.9626
2007-06-28,32.7522
2007-06-27,33.8391
2007-06-26,35.0611
2007-06-25,36.3474
2007-06-22,37.2017
2007-06-21,37.7963
2007-06-20,38.444
2007-06-19,38.9505
2007-06-18,39.1599
2007-06-15,39.3803
2007-06-14,40.1594
2007-06-13,41.1497
2007-06-12,42.1921
2007-06-11,42.6405
2007-06-08,42.8132
2007-06-07,42.2666
2007-06-06,41.4343
2007-06-05,40.8583
2007-06-04,40.3821
2007-06-01,39.9759
2007-05-31,39.6021
2007-05-30,38.8586
2007-05-29,38.3861
2007-05-25,38.3651
2007-05-24,38.4922
2007-05-23,38.626
2007-05-22,38.094
2007-05-21,37.677
2007-05-18,37.3949
2007-05-17,37.3341
2007-05-16,37.3765
2007-05-15,37.5683
2007-05-14,36.7816
2007-05-11,35.2822
2007-05-10,33.7782
2007-05-09,32.2198
2007-05-08,30.7476
2007-05-07,29.3798
2007-05-04,28.026
2007-05-03,26.934
2007-05-02,25.8042
2007-05-01,24.7352
2007-04-30,23.6351
2007-04-27,22.0771
2007-04-26,20.557
2007-04-25,18.7373
2007-04-24,17.8614
2007-04-23,16.9395
2007-04-20,16.5455
2007-04-19,16.9049
2007-04-18,17.2832
2007-04-17,17.8124
2007-04-16,18.3322
2007-04-13,19.1347
2007-04-12,20.0115
2007-04-11,20.7127
2007-04-10,20.8597
2007-04-09,20.5679
2007-04-05,20.2609
2007-04-04,20.0876
2007-04-03,19.661
2007-04-02,19.2121
2007-03-30,18.957
2007-03-29,18.6885
2007-03-28,18.5124
2007-03-27,18.0064
2007-03-26,16.7625
2007-03-23,15.6161
2007-03-22,14.7654
2007-03-21,13.8698
2007-03-20,12.9986
2007-03-19,12.5509
2007-03-16,12.1482
2007-03-15,12.1141
2007-03-14,12.0781
2007-03-13,12.1307
2007-03-12,12.0364
2007-03-09,12.0816
2007-03-08,12.4098
2007-03-07,12.7876
2007-03-06,13.1854
2007-03-05,13.7583
2007-03-02,14.3614
2007-03-01,14.9851
2007-02-28,15.6417
2007-02-27,15.6764
2007-02-26,15.7925
2007-02-23,16.3785
2007-02-22,16.6513
2007-02-21,16.9385
2007-02-20,17.5391
2007-02-16,17.8555
2007-02-15,17.9527
2007-02-14,18.0822
2007-02-13,18.2184
2007-02-12,18.262
2007-02-09,18.2773
2007-02-08,18.2934
2007-02-07,18.7324
2007-02-06,19.1626
2007-02-05,19.1299
2007-02-02,19.2935
2007-02-01,19.4658
2007-01-31,19.8351
2007-01-30,20.1611
2007-01-29,20.662
2007-01-26,21.238
2007-01-25,21.8444
2007-01-24,22.6538
2007-01-23,23.2454
2007-01-22,23.8682
2007-01-19,24.5441
2007-01-18,25.6254
2007-01-17,26.9106
2007-01-16,27.3152
2007-01-12,27.6035
2007-01-11,28.2281
2007-01-10,28.4738
2007-01-09,28.7325
2007-01-08,29.7553
2007-01-05,30.3267
2007-01-04,30.8323
2007-01-03,31.2935
2006-12-29,31.779
2006-12-28,32.5465
2006-12-27,32.1014
2006-12-26,31.6329
2006-12-22,31.8306
2006-12-21,32.1822
2006-12-20,32.6756
2006-12-19,33.78
2006-12-18,34.9426
2006-12-15,36.409
2006-12-14,37.9009
2006-12-13,39.1558
2006-12-12,40.7284
2006-12-11,42.447
2006-12-08,43.3467
2006-12-07,44.2937
2006-12-06,45.2907
2006-12-05,45.1698
2006-12-04,44.4308
2006-12-01,43.6911
2006-11-30,42.9125
2006-11-29,41.6077
2006-11-28,40.2342
2006-11-27,38.9056
2006-11-24,37.5072
2006-11-22,36.0427
2006-11-21,34.7435
2006-11-20,33.6485
2006-11-17,32.7362
2006-11-16,31.9543
2006-11-15,31.1313
2006-11-14,30.3315
2006-11-13,29.6431
2006-11-10,29.0155
2006-11-09,28.5095
2006-11-08,27.9768
2006-11-07,27.8018
2006-11-06,28.001
2006-11-03,28.4481
2006-11-02,29.0579
2006-11-01,29.4315
2006-10-31,29.8247
2006-10-30,29.4962
2006-10-27,29.3121
2006-10-26,28.903
2006-10-25,27.9776
2006-10-24,27.1054
2006-10-23,26.2418
2006-10-20,25.3327
2006-10-19,24.708
2006-10-18,24.0577
2006-10-17,23.6302
2006-10-16,23.9629
2006-10-13,24.0087
2006-10-12,24.0568
2006-10-11,24.5008
2006-10-10,25.393
2006-10-09,26.1515
2006-10-06,26.7789
2006-10-05,27.3334
2006-10-04,27.7978
2006-10-03,28.4672
2006-10-02,29.3069
2006-09-29,29.7978
2006-09-28,29.3275
2006-09-27,28.8404
2006-09-26,28.3296
2006-09-25,27.6747
2006-09-22,27.3499
2006-09-21,27.3437
2006-09-20,26.6997
2006-09-19,26.0994
2006-09-18,25.7528
2006-09-15,25.1607
2006-09-14,24.5374
2006-09-13,23.9429
2006-09-12,23.3855
2006-09-11,22.9724
2006-09-08,22.5374
2006-09-07,21.8982
2006-09-06,21.2412
2006-09-05,20.8786
2006-09-01,20.5336
2006-08-31,20.783
2006-08-30,21.13
2006-08-29,21.6104
2006-08-28,22.2506
2006-08-25,22.4447
2006-08-24,22.443
2006-08-23,22.6236
2006-08-22,22.5994
2006-08-21,22.6397
2006-08-18,22.8866
2006-08-17,22.8069
2006-08-16,22.7229
2006-08-15,22.7418
2006-08-14,23.0604
2006-08-11,23.6592
2006-08-10,24.5267
2006-08-09,25.4096
2006-08-08,26.1652
2006-08-07,26.6774
2006-08-04,26.7226
2006-08-03,26.9418
2006-08-02,26.291
2006-08-01,25.8103
2006-07-31,25.426
2006-07-28,24.9117
2006-07-27,24.8756
2006-07-26,24.9648
2006-07-25,25.1319
2006-07-24,25.8446
2006-07-21,26.5949
2006-07-20,27.5981
2006-07-19,28.6332
2006-07-18,28.629
2006-07-17,28.1033
2006-07-14,27.2144
2006-07-13,26.1782
2006-07-12,25.3012
2006-07-11,24.6671
2006-07-10,24.356
2006-07-07,24.0286
2006-07-06,23.722
2006-07-05,23.6125
2006-07-03,23.7265
2006-06-30,24.0449
2006-06-29,24.2204
2006-06-28,24.4051
2006-06-27,23.9182
2006-06-26,23.8516
2006-06-23,24.0292
2006-06-22,24.311
2006-06-21,24.4466
2006-06-20,24.1758
2006-06-19,23.7428
2006-06-16,23.2186
2006-06-15,22.7693
2006-06-14,22.2963
2006-06-13,21.4414
2006-06-12,20.6558
2006-06-09,19.8289
2006-06-08,19.3443
2006-06-07,18.6113
2006-06-06,18.0615
2006-06-05,17.5902
2006-06-02,17.3039
2006-06-01,17.1914
2006-05-31,16.8117
2006-05-30,16.2538
2006-05-26,16.1799
2006-05-25,16.5677
2006-05-24,17.0144
2006-05-23,17.2434
2006-05-22,17.8439
2006-05-19,18.1083
2006-05-18,18.3987
2006-05-17,18.7742
2006-05-16,19.3924
2006-05-15,20.2076
2006-05-12,20.844
2006-05-11,21.514
2006-05-10,22.0259
2006-05-09,21.9371
2006-05-08,21.5033
2006-05-05,20.6549
2006-05-04,20.034
2006-05-03,19.3803
2006-05-02,18.8613
2006-05-01,18.3149
2006-04-28,17.816
2006-04-27,17.3317
2006-04-26,17.0721
2006-04-25,17.0969
2006-04-24,17.474
2006-04-21,17.8709
2006-04-20,18.0387
2006-04-19,18.2154
2006-04-18,19.0171
2006-04-17,19.9804
2006-04-13,20.9944
2006-04-12,21.7321
2006-04-11,22.3947
2006-04-10,22.9133
2006-04-07,23.1275
2006-04-06,23.3482
2006-04-05,23.5805
2006-04-04,24.6897
2006-04-03,24.8504
2006-03-31,25.3469
2006-03-30,25.7161
2006-03-29,26.0124
2006-03-28,26.0924
2006-03-27,25.3963
2006-03-24,24.8482
2006-03-23,24.1178
2006-03-22,23.4381
2006-03-21,22.9918
2006-03-20,22.542
2006-03-17,22.5145
2006-03-16,22.5322
2006-03-15,22.5865
2006-03-14,22.8761
2006-03-13,22.9802
2006-03-10,22.7923
2006-03-09,22.0428
2006-03-08,21.4646
2006-03-07,21.1147
2006-03-06,20.6535
2006-03-03,20.168
2006-03-02,20.1007
2006-03-01,20.2486
2006-02-28,20.2651
2006-02-27,20.2969
2006-02-24,20.8221
2006-02-23,21.49
2006-02-22,22.2405
2006-02-21,22.7096
2006-02-17,22.9851
2006-02-16,23.4428
2006-02-15,23.9246
2006-02-14,24.1013
2006-02-13,23.903
2006-02-10,23.3321
2006-02-09,22.731
2006-02-08,22.3124
2006-02-07,22.0775
2006-02-06,21.9281
2006-02-03,21.7793
2006-02-02,22.2962
2006-02-01,23.0232
2006-01-31,24.1694
2006-01-30,25.4004
2006-01-27,26.6962
2006-01-26,27.5227
2006-01-25,28.5434
2006-01-24,29.8651
2006-01-23,31.0981
2006-01-20,32.346
2006-01-19,33.6595
2006-01-18,34.3996
2006-01-17,34.3572
2006-01-13,33.6894
2006-01-12,32.7466
2006-01-11,31.7542
2006-01-10,30.8759
2006-01-09,30.2965
2006-01-06,30.4267
2006-01-05,30.659
2006-01-04,31.2695
2006-01-03,31.6701
2005-12-30,32.3491
2005-12-29,33.618
2005-12-28,34.6072
2005-12-27,34.9648
2005-12-23,35.0926
2005-12-22,35.419
2005-12-21,35.6472
2005-12-20,36.0679
2005-12-19,36.7805
2005-12-16,37.5305
2005-12-15,38.3847
2005-12-14,39.1895
2005-12-13,40.0367
2005-12-12,39.4973
2005-12-09,38.7793
2005-12-08,38.124
2005-12-07,37.4905
2005-12-06,36.6148
2005-12-05,35.6019
2005-12-02,34.8131
2005-12-01,33.9828
2005-11-30,33.2378
2005-11-29,32.8779
2005-11-28,32.4991
2005-11-25,31.4263
2005-11-23,30.5047
2005-11-22,29.7717
2005-11-21,29.2054
2005-11-18,28.9031
2005-11-17,28.3126
2005-11-16,27.6911
2005-11-15,27.1806
2005-11-14,27.0284
2005-11-11,27.1102
2005-11-10,27.0311
2005-11-09,27.1468
2005-11-08,26.888
2005-11-07,26.7886
2005-11-04,26.2698
2005-11-03,25.8057
2005-11-02,25.139
2005-11-01,24.8902
2005-10-31,25.0686
2005-10-28,25.2971
2005-10-27,25.9531
2005-10-26,26.1573
2005-10-25,26.1599
2005-10-24,26.3404
2005-10-21,26.5454
2005-10-20,26.658
2005-10-19,26.8871
2005-10-18,27.5064
2005-10-17,28.4315
2005-10-14,29.241
2005-10-13,30.056
2005-10-12,31.0137
2005-10-11,32.1799
2005-10-10,33.4612
2005-10-07,34.81
2005-10-06,36.1279
2005-10-05,37.3959
2005-10-04,37.9633
2005-10-03,38.1463
2005-09-30,38.5348
2005-09-29,39.1734
2005-09-28,40.1431
2005-09-27,41.1638
2005-09-26,40.7891
2005-09-23,40.3947
2005-09-22,40.206
2005-09-21,40.2526
2005-09-20,39.9847
2005-09-19,39.0321
2005-09-16,38.2013
2005-09-15,37.6984
2005-09-14,37.4444
2005-09-13,37.0845
2005-09-12,36.079
2005-09-09,34.8205
2005-09-08,33.5496
2005-09-07,32.4693
2005-09-06,31.5039
2005-09-02,30.6202
2005-09-01,30.3478
2005-08-31,30.0611
2005-08-30,29.6218
2005-08-29,29.2403
2005-08-26,29.1084
2005-08-25,28.8984
2005-08-24,28.3559
2005-08-23,27.7849
2005-08-22,27.5152
2005-08-19,27.2314
2005-08-18,26.5897
2005-08-17,25.9141
2005-08-16,24.7859
2005-08-15,23.5983
2005-08-12,22.1911
2005-08-11,21.2423
2005-08-10,20.994
2005-08-09,20.6895
2005-08-08,20.5786
2005-08-05,20.7497
2005-08-04,20.9298
2005-08-03,21.2816
2005-08-02,21.3538
2005-08-01,21.4298
2005-07-29,21.6816
2005-07-28,21.8431
2005-07-27,21.3758
2005-07-26,20.8839
2005-07-25,19.9183
2005-07-22,18.6505
2005-07-21,17.3905
2005-07-20,16.0642
2005-07-19,14.7284
2005-07-18,13.4674
2005-07-15,12.4545
2005-07-14,11.5488
2005-07-13,10.5956
2005-07-12,10.9695
2005-07-11,11.4147
2005-07-08,11.8834
2005-07-07,12.4605
2005-07-06,12.8064
2005-07-05,13.3554
2005-07-01,13.9285
2005-06-30,13.9359
2005-06-29,13.9518
2005-06-28,13.9685
2005-06-27,14.4054
2005-06-24,14.8652
2005-06-23,15.5184
2005-06-22,15.7412
2005-06-21,16.4922
2005-06-20,17.2411
2005-06-17,17.9818
2005-06-16,18.9266
2005-06-15,19.7165
2005-06-14,20.1764
2005-06-13,20.0462
2005-06-10,19.934
2005-06-09,19.8159
2005-06-08,20.1592
2005-06-07,20.156
2005-06-06,20.1526
2005-06-03,20.5581
2005-06-02,21.0671
2005-06-01,21.9373
2005-05-31,22.7216
2005-05-27,23.5559
2005-05-26,24.2254
2005-05-25,24.9302
2005-05-24,26.0639
2005-05-23,27.2573
2005-05-20,28.5485
2005-05-19,29.1913
2005-05-18,29.868
2005-05-17,30.522
2005-05-16,30.0482
2005-05-13,29.5494
2005-05-12,28.7281
2005-05-11,27.8635
2005-05-10,26.9534
2005-05-09,26.8679
2005-05-06,26.9241
2005-05-05,26.9126
2005-05-04,26.8664
2005-05-03,26.7796
2005-05-02,26.4395
2005-04-29,26.0333
2005-04-28,25.3836
2005-04-27,24.7042
2005-04-26,24.0497
2005-04-25,23.4983
2005-04-22,22.6857
2005-04-21,21.821
2005-04-20,21.1171
2005-04-19,20.3762
2005-04-18,19.6838
2005-04-15,18.4698
2005-04-14,17.4314
2005-04-13,16.668
2005-04-12,16.8691
2005-04-11,17.7159
2005-04-08,18.6073
2005-04-07,18.8768
2005-04-06,19.4443
2005-04-05,20.4594
2005-04-04,21.2694
2005-04-01,21.6336
2005-03-31,22.1901
2005-03-30,23.2433
2005-03-29,24.4649
2005-03-28,25.7508
2005-03-24,26.6304
2005-03-23,27.5409
2005-03-22,28.4994
2005-03-21,29.1857
2005-03-18,29.8186
2005-03-17,30.6724
2005-03-16,31.7761
2005-03-15,33.1546
2005-03-14,34.7085
2005-03-11,36.1885
2005-03-10,37.8554
2005-03-09,39.47
2005-03-08,41.1696
2005-03-07,43.2406
2005-03-04,44.3756
2005-03-03,45.6535
2005-03-02,46.9986
2005-03-01,46.6651
2005-02-28,46.2542
2005-02-25,45.8216
2005-02-24,45.404
2005-02-23,45.0247
2005-02-22,44.7126
2005-02-18,44.3991
2005-02-17,43.7781
2005-02-16,42.7496
2005-02-15,41.7155
2005-02-14,40.7081
2005-02-11,40.0087
2005-02-10,39.595
2005-02-09,39.4766
2005-02-08,38.8437
2005-02-07,37.9225
2005-02-04,37.1783
2005-02-03,36.4446
2005-02-02,35.6722
2005-02-01,34.7363
2005-01-31,33.9854
2005-01-28,33.195
2005-01-27,32.8654
2005-01-26,32.6799
2005-01-25,32.5107
2005-01-24,32.3325
2005-01-21,32.2994
2005-01-20,32.2908
2005-01-19,32.3285
2005-01-18,32.294
2005-01-14,32.3578
2005-01-13,32.4249
2005-01-12,32.3678
2005-01-11,33.6524
2005-01-10,34.7924
2005-01-07,34.8871
2005-01-06,35.1762
2005-01-05,36.5598
2005-01-04,37.7644
2005-01-03,39.0324
2004-12-31,40.459
2004-12-30,41.4739
2004-12-29,42.475
2004-12-28,43.5395
2004-12-27,44.8158
2004-12-23,45.8902
2004-12-22,47.2049
2004-12-21,48.5888
2004-12-20,50.1624
2004-12-17,51.7733
2004-12-16,52.4794
2004-12-15,52.8011
2004-12-14,53.4449
2004-12-13,53.986
2004-12-10,54.5556
2004-12-09,55.1201
2004-12-08,55.9467
2004-12-07,56.8168
2004-12-06,57.5682
2004-12-03,58.4223
2004-12-02,59.4846
2004-12-01,59.6307
2004-11-30,59.1614
2004-11-29,58.3479
2004-11-26,57.3442
2004-11-24,56.5162
2004-11-23,55.6837
2004-11-22,55.0227
2004-11-19,54.3268
2004-11-18,54.4704
2004-11-17,54.9125
2004-11-16,55.3779
2004-11-15,55.724
2004-11-12,56.0883
2004-11-11,56.209
2004-11-10,56.377
2004-11-09,56.56
2004-11-08,56.8811
2004-11-05,56.9898
2004-11-04,57.1672
2004-11-03,56.1442
2004-11-02,55.0673
2004-11-01,54.0979
2004-10-29,53.1528
2004-10-28,52.1634
2004-10-27,51.2135
2004-10-26,50.3805
2004-10-25,49.8398
2004-10-22,49.3024
2004-10-21,48.7616
2004-10-20,47.9983
2004-10-19,47.2633
2004-10-18,46.1167
2004-10-15,44.9737
2004-10-14,44.0303
2004-10-13,43.0374
2004-10-12,43.229
2004-10-11,43.8597
2004-10-08,44.0863
2004-10-07,43.7719
2004-10-06,42.8533
2004-10-05,41.9266
2004-10-04,41.2361
2004-10-01,40.6562
2004-09-30,40.0457
2004-09-29,39.4031
2004-09-28,38.8438
2004-09-27,38.4276
2004-09-24,38.0879
2004-09-23,37.4586
2004-09-22,36.943
2004-09-21,36.4002
2004-09-20,35.2854
2004-09-17,34.336
2004-09-16,33.5054
2004-09-15,32.821
2004-09-14,32.5671
2004-09-13,32.2998
2004-09-10,31.5318
2004-09-09,30.5933
2004-09-08,29.6054
2004-09-07,28.209
2004-09-03,26.8375
2004-09-02,25.4654
2004-09-01,24.0497
2004-08-31,22.5596
2004-08-30,21.2668
2004-08-27,19.9718
2004-08-26,18.5786
2004-08-25,17.112
2004-08-24,16.1857
2004-08-23,15.6929
2004-08-20,15.4942
2004-08-19,15.425
2004-08-18,15.3521
2004-08-17,15.1892
2004-08-16,15.3597
2004-08-13,15.3539
2004-08-12,15.5591
2004-08-11,15.9899
2004-08-10,16.4435
2004-08-09,16.8712
2004-08-06,17.6541
2004-08-05,18.4782
2004-08-04,18.6856
2004-08-03,18.9892
2004-08-02,19.5
2004-07-30,20.0376
2004-07-29,20.0906
2004-07-28,20.2225
2004-07-27,20.5354
2004-07-26,20.6263
2004-07-23,21.3017
2004-07-22,22.0127
2004-07-21,22.4332
2004-07-20,22.7126
2004-07-19,23.2222
2004-07-16,23.6978
2004-07-15,23.9438
2004-07-14,24.2027
2004-07-13,24.614
2004-07-12,24.7784
2004-07-09,24.9514
2004-07-08,25.6844
2004-07-07,26.456
2004-07-06,27.3622
2004-07-02,28.6813
2004-07-01,29.926
2004-06-30,30.2778
2004-06-29,30.6481
2004-06-28,31.0379
2004-06-25,30.7744
2004-06-24,29.7239
2004-06-23,28.6182
2004-06-22,27.4542
2004-06-21,26.4752
2004-06-18,25.4447
2004-06-17,24.0737
2004-06-16,22.7144
2004-06-15,21.2837
2004-06-14,20.5736
2004-06-10,20.0473
2004-06-09,18.7877
2004-06-08,17.5726
2004-06-07,16.4114
2004-06-04,15.4003
2004-06-03,14.7134
2004-06-02,14.1378
2004-06-01,13.5319
2004-05-28,13.4886
2004-05-27,13.268
2004-05-26,13.0176
2004-05-25,12.5952
2004-05-24,12.3077
2004-05-21,12.3863
2004-05-20,12.9694
2004-05-19,13.566
2004-05-18,14.1939
2004-05-17,14.7482
2004-05-14,15.4937
2004-05-13,16.2148
2004-05-12,16.6494
2004-05-11,17.3542
2004-05-10,17.9828
2004-05-07,18.8217
2004-05-06,19.4874
2004-05-05,20.2454
2004-05-04,21.0854
2004-05-03,21.8194
2004-04-30,22.7494
2004-04-29,23.7284
2004-04-28,24.8774
2004-04-27,25.84
2004-04-26,26.604
2004-04-23,27.1806
2004-04-22,27.7512
2004-04-21,28.3098
2004-04-20,28.7183
2004-04-19,29.0174
2004-04-16,29.1469
2004-04-15,28.8009
2004-04-14,28.4367
2004-04-13,29.1499
2004-04-12,29.4802
2004-04-08,29.2576
2004-04-07,29.0689
2004-04-06,29.0068
2004-04-05,28.4852
2004-04-02,27.9271
2004-04-01,27.515
2004-03-31,27.3673
2004-03-30,26.9247
2004-03-29,26.1063
2004-03-26,25.2449
2004-03-25,24.5727
2004-03-24,24.0461
2004-03-23,24.0332
2004-03-22,24.0196
2004-03-19,23.9812
2004-03-18,23.7109
2004-03-17,23.8452
2004-03-16,23.8362
2004-03-15,23.8268
2004-03-12,23.1126
2004-03-11,21.4923
2004-03-10,19.7867
2004-03-09,17.9913
2004-03-08,16.38
2004-03-05,14.8344
2004-03-04,13.2075
2004-03-03,12.494
2004-03-02,12.4274
2004-03-01,12.1857
2004-02-27,11.8312
2004-02-26,11.651
2004-02-25,12.1213
2004-02-24,12.6505
2004-02-23,13.0603
2004-02-20,13.2281
2004-02-19,13.6642
2004-02-18,14.2911
2004-02-17,14.548
2004-02-13,14.7694
2004-02-12,15.0025
2004-02-11,14.4695
2004-02-10,13.9881
2004-02-09,14.0308
2004-02-06,14.291
2004-02-05,14.5649
2004-02-04,14.8532
2004-02-03,15.4145
2004-02-02,16.1766
2004-01-30,16.9059
2004-01-29,17.3575
2004-01-28,17.8889
2004-01-27,18.2456
2004-01-26,18.2466
2004-01-23,18.3797
2004-01-22,18.7492
2004-01-21,19.1381
2004-01-20,19.3259
2004-01-16,19.6348
2004-01-15,19.6434
2004-01-14,19.6524
2004-01-13,18.3763
2004-01-12,16.9362
2004-01-09,15.8205
2004-01-08,14.6462
2004-01-07,13.6187
2004-01-06,13.0872
2004-01-05,12.8239
2004-01-02,12.569
2003-12-31,12.8062
2003-12-30,13.2475
2003-12-29,13.7379
2003-12-26,14.3705
2003-12-24,14.8071
2003-12-23,14.9601
2003-12-22,14.4347
2003-12-19,13.8127
2003-12-18,13.4121
2003-12-17,13.1946
2003-12-16,12.9134
2003-12-15,12.7744
2003-12-12,12.6706
2003-12-11,13.0352
2003-12-10,13.419
2003-12-09,13.132
2003-12-08,13.1568
2003-12-05,13.0114
2003-12-04,13.0996
2003-12-03,13.2228
2003-12-02,13.4948
2003-12-01,14.1349
2003-11-28,14.7672
2003-11-26,14.7325
2003-11-25,14.6959
2003-11-24,14.9167
2003-11-21,15.149
2003-11-20,14.7521
2003-11-19,14.4948
2003-11-18,13.7899
2003-11-17,13.1006
2003-11-14,12.7465
2003-11-13,12.5978
2003-11-12,12.9232
2003-11-11,13.2657
2003-11-10,12.9548
2003-11-07,12.8922
2003-11-06,13.3292
2003-11-05,13.9697
2003-11-04,14.6256
2003-11-03,15.3715
2003-10-31,15.9936
2003-10-30,16.6483
2003-10-29,17.2647
2003-10-28,17.5212
2003-10-27,17.8789
2003-10-24,18.7295
2003-10-23,19.5925
2003-10-22,20.4658
2003-10-21,21.314
2003-10-20,22.1529
2003-10-17,23.076
2003-10-16,24.0124
2003-10-15,24.9981
2003-10-14,24.1769
2003-10-13,23.4419
2003-10-10,22.8322
2003-10-09,22.516
2003-10-08,22.2639
2003-10-07,22.0727
2003-10-06,21.9447
2003-10-03,22.5007
2003-10-02,23.4473
2003-10-01,23.9192
2003-09-30,24.4159
2003-09-29,25.1378
2003-09-26,26.0696
2003-09-25,26.8065
2003-09-24,27.66
2003-09-23,28.9584
2003-09-22,29.4553
2003-09-19,29.9299
2003-09-18,29.7773
2003-09-17,29.6577
2003-09-16,29.9846
2003-09-15,29.8545
2003-09-12,29.7175
2003-09-11,29.3109
2003-09-10,29.1151
2003-09-09,29.0348
2003-09-08,28.9373
2003-09-05,28.3735
2003-09-04,27.7801
2003-09-03,26.6684
2003-09-02,25.4983
2003-08-29,24.4683
2003-08-28,23.4087
2003-08-27,22.626
2003-08-26,22.2759
2003-08-25,22.2168
2003-08-22,22.2829
2003-08-21,22.1719
2003-08-20,21.6524
2003-08-19,21.4222
2003-08-18,21.9091
2003-08-15,22.4621
2003-08-14,23.3989
2003-08-13,24.0364
2003-08-12,24.7075
2003-08-11,25.9919
2003-08-08,27.2858
2003-08-07,28.5454
2003-08-06,29.9129
2003-08-05,31.2672
2003-08-04,31.9991
2003-08-01,32.5384
2003-07-31,32.6158
2003-07-30,32.6973
2003-07-29,33.1259
2003-07-28,33.085
2003-07-25,32.5177
2003-07-24,31.9205
2003-07-23,31.3333
2003-07-22,31.0582
2003-07-21,30.7103
2003-07-18,30.4485
2003-07-17,30.0352
2003-07-16,29.7429
2003-07-15,30.142
2003-07-14,30.4944
2003-07-11,30.2379
2003-07-10,30.2774
2003-07-09,30.3677
2003-07-08,29.651
2003-07-07,28.8966
2003-07-03,28.3151
2003-07-02,28.196
2003-07-01,28.2042
2003-06-30,28.4161
2003-06-27,28.5157
2003-06-26,28.6206
2003-06-25,28.4033
2003-06-24,28.1597
2003-06-23,27.889
2003-06-20,27.5634
2003-06-19,27.0204
2003-06-18,26.4488
2003-06-17,25.9213
2003-06-16,26.0152
2003-06-13,26.2948
2003-06-12,26.8545
2003-06-11,27.0522
2003-06-10,27.568
2003-06-09,28.3063
2003-06-06,29.3151
2003-06-05,29.7483
2003-06-04,30.4749
2003-06-03,31.2397
2003-06-02,32.1514
2003-05-30,32.8109
2003-05-29,33.1777
2003-05-28,33.0627
2003-05-27,32.5781
2003-05-23,32.068
2003-05-22,31.7991
2003-05-21,31.5542
2003-05-20,31.4976
2003-05-19,31.4381
2003-05-16,30.7638
2003-05-15,29.7393
2003-05-14,28.3825
2003-05-13,26.9584
2003-05-12,25.4593
2003-05-09,23.9705
2003-05-08,22.5405
2003-05-07,21.1763
2003-05-06,19.7403
2003-05-05,18.3744
2003-05-02,17.4534
2003-05-01,18.1417
2003-04-30,18.5645
2003-04-29,18.9484
2003-04-28,19.0598
2003-04-25,18.8535
2003-04-24,17.9574
2003-04-23,17.0141
2003-04-22,16.3639
2003-04-21,15.6617
2003-04-17,14.1063
2003-04-16,12.469
2003-04-15,10.8979
2003-04-14,9.5642
2003-04-11,8.3471
2003-04-10,7.0659
2003-04-09,7.3762
2003-04-08,7.7028
2003-04-07,7.7505
2003-04-04,7.7112
2003-04-03,8.0744
2003-04-02,8.4567
2003-04-01,8.8417
2003-03-31,8.5297
2003-03-28,8.2013
2003-03-27,8.3853
2003-03-26,8.5789
2003-03-25,8.5218
2003-03-24,8.571
2003-03-21,8.5694
2003-03-20,8.6854
2003-03-19,9.0832
2003-03-18,9.1434
2003-03-17,9.3068
2003-03-14,9.5112
2003-03-13,9.8215
2003-03-12,10.185
2003-03-11,9.789
2003-03-10,9.4605
2003-03-07,9.3874
2003-03-06,9.3258
2003-03-05,9.0552
2003-03-04,8.9417
2003-03-03,8.8221
2003-02-28,8.848
2003-02-27,9.1927
2003-02-26,9.4142
2003-02-25,9.6475
2003-02-24,10.042
2003-02-21,10.3872
2003-02-20,9.7625
2003-02-19,9.2306
2003-02-18,8.6708
2003-02-14,8.0107
2003-02-13,8.0735
2003-02-12,8.26
2003-02-11,8.5155
2003-02-10,8.7844
2003-02-07,9.1499
2003-02-06,9.5209
2003-02-05,9.7067
2003-02-04,9.5748
2003-02-03,9.7725
2003-01-31,9.9251
2003-01-30,10.3516
2003-01-29,10.6675
2003-01-28,10.9321
2003-01-27,11.2108
2003-01-24,11.2291
2003-01-23,10.8476
2003-01-22,10.9116
2003-01-21,10.6398
2003-01-17,10.6019
2003-01-16,10.6636
2003-01-15,10.8947
2003-01-14,11.0512
2003-01-13,11.5061
2003-01-10,11.9849
2003-01-09,12.5807
2003-01-08,13.1955
2003-01-07,13.6856
2003-01-06,14.2348
2003-01-03,14.6784
2003-01-02,15.2204
2002-12-31,15.7783
2002-12-30,15.6022
2002-12-27,15.0912
2002-12-26,14.7168
2002-12-24,14.5971
2002-12-23,13.9345
2002-12-20,13.2371
2002-12-19,12.5029
2002-12-18,12.02
2002-12-17,11.9184
2002-12-16,11.9878
2002-12-13,11.9372
2002-12-12,11.9254
2002-12-11,12.301
2002-12-10,12.7753
2002-12-09,13.2277
2002-12-06,13.0784
2002-12-05,12.9212
2002-12-04,12.6141
2002-12-03,12.2909
2002-12-02,12.5013
2002-11-29,12.7229
2002-11-27,13.3725
2002-11-26,14.0647
2002-11-25,14.7933
2002-11-22,15.1023
2002-11-21,15.216
2002-11-20,15.3357
2002-11-19,16.1407
2002-11-18,16.988
2002-11-15,17.3464
2002-11-14,17.4458
2002-11-13,17.5274
2002-11-12,17.9032
2002-11-11,18.3248
2002-11-08,18.8963
2002-11-07,19.0837
2002-11-06,18.9587
2002-11-05,17.6559
2002-11-04,16.5023
2002-11-01,15.2879
2002-10-31,14.6459
2002-10-30,14.0202
2002-10-29,13.4187
2002-10-28,13.2127
2002-10-25,12.5932
2002-10-24,12.4133
2002-10-23,12.4789
2002-10-22,12.807
2002-10-21,13.2681
2002-10-18,13.8818
2002-10-17,14.1702
2002-10-16,14.5291
2002-10-15,15.1107
2002-10-14,15.2873
2002-10-11,15.7913
2002-10-10,16.5731
2002-10-09,16.6832
2002-10-08,16.1468
2002-10-07,15.5821
2002-10-04,15.4422
2002-10-03,15.6056
2002-10-02,15.8581
2002-10-01,16.1764
2002-09-30,16.465
2002-09-27,16.9421
2002-09-26,17.77
2002-09-25,18.5427
2002-09-24,19.2162
2002-09-23,20.0647
2002-09-20,21.0236
2002-09-19,22.1232
2002-09-18,23.0999
2002-09-17,24.1757
2002-09-16,25.2348
2002-09-13,25.8064
2002-09-12,26.02
2002-09-11,26.3113
2002-09-10,26.6457
2002-09-09,26.8625
2002-09-06,27.1158
2002-09-05,27.4472
2002-09-04,27.4305
2002-09-03,27.5008
2002-08-30,27.2832
2002-08-29,27.4371
2002-08-28,27.5233
2002-08-27,27.7169
2002-08-26,27.9642
2002-08-23,28.5637
2002-08-22,29.432
2002-08-21,30.5246
2002-08-20,31.6647
2002-08-19,32.7184
2002-08-16,33.9751
2002-08-15,35.1582
2002-08-14,36.0683
2002-08-13,36.6161
2002-08-12,37.0439
2002-08-09,37.2923
2002-08-08,37.586
2002-08-07,37.9055
2002-08-06,38.2228
2002-08-05,38.4377
2002-08-02,38.1608
2002-08-01,37.9793
2002-07-31,37.9857
2002-07-30,38.0648
2002-07-29,38.148
2002-07-26,37.8725
2002-07-25,37.0427
2002-07-24,36.2318
2002-07-23,35.45
2002-07-22,34.6838
2002-07-19,33.9276
2002-07-18,33.1148
2002-07-17,32.3201
2002-07-16,31.6074
2002-07-15,31.7437
2002-07-12,31.8872
2002-07-11,32.244
2002-07-10,32.2646
2002-07-09,32.407
2002-07-08,32.6482
2002-07-05,32.9975
2002-07-03,33.3778
2002-07-02,32.9554
2002-07-01,32.0578
2002-06-28,31.179
2002-06-27,30.2026
2002-06-26,28.699
2002-06-25,27.1162
2002-06-24,25.6574
2002-06-21,24.1218
2002-06-20,22.3092
2002-06-19,20.4137
2002-06-18,18.4244
2002-06-17,17.1398
2002-06-14,15.7875
2002-06-13,14.1402
2002-06-12,12.8337
2002-06-11,11.6792
2002-06-10,10.663
2002-06-07,10.0376
2002-06-06,9.3793
2002-06-05,9.305
2002-06-04,8.9574
2002-06-03,8.5915
2002-05-31,8.4346
2002-05-30,8.7059
2002-05-29,9.1451
2002-05-28,9.6075
2002-05-24,9.9397
2002-05-23,10.3037
2002-05-22,10.6161
2002-05-21,10.8575
2002-05-20,11.1591
2002-05-17,11.279
2002-05-16,11.3477
2002-05-15,11.6139
2002-05-14,11.8342
2002-05-13,12.2372
2002-05-10,12.0177
2002-05-09,11.8093
2002-05-08,12.084
2002-05-07,12.3733
2002-05-06,11.3354
2002-05-03,10.4165
2002-05-02,10.0589
2002-05-01,9.8037
2002-04-30,9.4877
2002-04-29,9.4283
2002-04-26,9.0719
2002-04-25,8.6966
2002-04-24,8.6764
2002-04-23,8.7483
2002-04-22,9.1258
2002-04-19,9.5829
2002-04-18,9.494
2002-04-17,9.4005
2002-04-16,8.8646
2002-04-15,8.4051
2002-04-12,8.4986
2002-04-11,8.5969
2002-04-10,8.554
2002-04-09,8.6789
2002-04-08,8.8103
2002-04-05,9.1607
2002-04-04,9.3009
2002-04-03,9.537
2002-04-02,9.9245
2002-04-01,10.3821
2002-03-28,10.8638
2002-03-27,10.9521
2002-03-26,10.9304
2002-03-25,10.8516
2002-03-22,10.8977
2002-03-21,11.3021
2002-03-20,11.563
2002-03-19,11.72
2002-03-18,11.8853
2002-03-15,12.203
2002-03-14,12.5885
2002-03-13,13.1986
2002-03-12,13.6816
2002-03-11,14.2493
2002-03-08,14.8469
2002-03-07,15.3696
2002-03-06,16.1616
2002-03-05,16.8999
2002-03-04,17.6733
2002-03-01,18.4874
2002-02-28,19.0552
2002-02-27,19.1528
2002-02-26,19.2556
2002-02-25,20.0704
2002-02-22,20.9281
2002-02-21,21.1526
2002-02-20,21.3889
2002-02-19,22.1113
2002-02-15,22.9448
2002-02-14,23.6082
2002-02-13,23.9018
2002-02-12,23.994
2002-02-11,24.1942
2002-02-08,24.4251
2002-02-07,24.8491
2002-02-06,24.7606
2002-02-05,24.6125
2002-02-04,23.6765
2002-02-01,22.8663
2002-01-31,22.2429
2002-01-30,21.6855
2002-01-29,21.3648
2002-01-28,21.3253
2002-01-25,21.2837
2002-01-24,21.3038
2002-01-23,21.1462
2002-01-22,21.2
2002-01-18,21.5957
2002-01-17,21.9148
2002-01-16,22.2508
2002-01-15,23.3253
2002-01-14,23.9761
2002-01-11,24.8726
2002-01-10,25.8162
2002-01-09,27.0234
2002-01-08,27.5949
2002-01-07,27.1854
2002-01-04,26.4682
2002-01-03,25.4716
2002-01-02,24.4987
2001-12-31,23.6517
2001-12-28,23.0361
2001-12-27,22.2646
2001-12-26,21.7967
2001-12-24,21.3042
2001-12-21,21.2215
2001-12-20,21.1344
2001-12-19,21.0794
2001-12-18,21.0215
2001-12-17,21.1343
2001-12-14,21.4216
2001-12-13,21.8116
2001-12-12,21.9382
2001-12-11,21.5087
2001-12-10,20.7312
2001-12-07,19.4101
2001-12-06,18.1142
2001-12-05,16.6286
2001-12-04,15.0397
2001-12-03,13.87
2001-11-30,13.2154
2001-11-29,12.5263
2001-11-28,12.1897
2001-11-27,11.6531
2001-11-26,11.0144
2001-11-23,10.3422
2001-11-21,10.5375
2001-11-20,10.8436
2001-11-19,10.9889
2001-11-16,11.2359
2001-11-15,11.6499
2001-11-14,11.8308
2001-11-13,12.0213
2001-11-12,12.5657
2001-11-09,13.1598
2001-11-08,13.4889
2001-11-07,13.8202
2001-11-06,13.5653
2001-11-05,13.6104
2001-11-02,13.902
2001-11-01,14.4807
2001-10-31,15.1465
2001-10-30,15.7683
2001-10-29,16.121
2001-10-26,16.859
2001-10-25,17.0351
2001-10-24,17.2205
2001-10-23,17.5208
2001-10-22,17.7386
2001-10-19,18.1896
2001-10-18,19.1279
2001-10-17,20.0281
2001-10-16,20.9758
2001-10-15,21.5945
2001-10-12,22.1032
2001-10-11,22.8283
2001-10-10,23.8138
2001-10-09,24.6299
2001-10-08,24.9266
2001-10-05,25.2389
2001-10-04,25.3912
2001-10-03,25.5516
2001-10-02,24.899
2001-10-01,24.2346
2001-09-28,23.6921
2001-09-27,23.1941
2001-09-26,22.526
2001-09-25,21.8228
2001-09-24,21.255
2001-09-21,20.9218
2001-09-20,20.0684
2001-09-19,19.5329
2001-09-18,19.0166
2001-09-17,18.7517
2001-09-10,17.8961
2001-09-07,17.6164
2001-09-06,17.493
2001-09-05,17.6539
2001-09-04,18.1545
2001-08-31,18.725
2001-08-30,18.9108
2001-08-29,18.7123
2001-08-28,18.8614
2001-08-27,19.4381
2001-08-24,20.0452
2001-08-23,20.0385
2001-08-22,19.7371
2001-08-21,19.3244
2001-08-20,18.7757
2001-08-17,18.2588
2001-08-16,17.8134
2001-08-15,17.3444
2001-08-14,16.9711
2001-08-13,16.8345
2001-08-10,16.7408
2001-08-09,16.6345
2001-08-08,16.3933
2001-08-07,16.1394
2001-08-06,16.0825
2001-08-03,16.0322
2001-08-02,15.9793
2001-08-01,16.0389
2001-07-31,16.0487
2001-07-30,15.8488
2001-07-27,15.6038
2001-07-26,15.2847
2001-07-25,14.6993
2001-07-24,14.1216
2001-07-23,13.7632
2001-07-20,13.662
2001-07-19,13.3311
2001-07-18,13.0718
2001-07-17,13.0335
2001-07-16,13.3089
2001-07-13,13.0873
2001-07-12,12.8915
2001-07-11,12.7667
2001-07-10,13.1307
2001-07-09,13.5139
2001-07-06,14.0811
2001-07-05,14.6559
2001-07-03,14.4715
2001-07-02,13.9332
2001-06-29,13.3665
2001-06-28,12.7296
2001-06-27,12.5739
2001-06-26,12.4099
2001-06-25,11.9119
2001-06-22,11.3876
2001-06-21,11.2653
2001-06-20,11.1366
2001-06-19,11.5536
2001-06-18,12.0896
2001-06-15,12.3434
2001-06-14,12.5532
2001-06-13,12.9777
2001-06-12,13.5678
2001-06-11,13.6132
2001-06-08,13.7484
2001-06-07,14.2552
2001-06-06,14.7886
2001-06-05,14.9302
2001-06-04,15.088
2001-06-01,15.3004
2001-05-31,15.5139
2001-05-30,15.2989
2001-05-29,15.0727
2001-05-25,15.4137
2001-05-24,15.8579
2001-05-23,16.2601
2001-05-22,16.5548
2001-05-21,16.5696
2001-05-18,16.6735
2001-05-17,16.8902
2001-05-16,17.0529
2001-05-15,17.2241
2001-05-14,17.3158
2001-05-11,18.1043
2001-05-10,19.0148
2001-05-09,19.8931
2001-05-08,20.5078
2001-05-07,21.0311
2001-05-04,21.1736
2001-05-03,21.3235
2001-05-02,21.1203
2001-05-01,20.3824
2001-04-30,19.6564
2001-04-27,18.8923
2001-04-26,18.2925
2001-04-25,17.7089
2001-04-24,17.4208
2001-04-23,17.1476
2001-04-20,16.65
2001-04-19,15.8639
2001-04-18,15.0364
2001-04-17,14.5604
2001-04-16,14.9314
2001-04-12,14.7553
2001-04-11,14.4306
2001-04-10,14.0275
2001-04-09,13.6916
2001-04-06,13.7667
2001-04-05,13.9469
2001-04-04,14.096
2001-04-03,14.6015
2001-04-02,15.0335
2001-03-30,14.8687
2001-03-29,14.6952
2001-03-28,14.4334
2001-03-27,14.4851
2001-03-26,14.3487
2001-03-23,14.2051
2001-03-22,13.6415
2001-03-21,13.6508
2001-03-20,14.0057
2001-03-19,14.228
2001-03-16,14.5865
2001-03-15,15.0842
2001-03-14,15.2418
2001-03-13,15.7385
2001-03-12,16.4796
2001-03-09,17.2598
2001-03-08,17.392
2001-03-07,17.2984
2001-03-06,17.034
2001-03-05,16.7557
2001-03-02,17.0212
2001-03-01,17.324
2001-02-28,18.1048
2001-02-27,18.736
2001-02-26,19.0981
2001-02-23,19.4793
2001-02-22,20.2312
2001-02-21,21.0227
2001-02-20,21.7383
2001-02-16,22.6964
2001-02-15,23.4497
2001-02-14,23.7821
2001-02-13,24.4943
2001-02-12,24.9897
2001-02-09,25.6811
2001-02-08,26.4089
2001-02-07,26.395
2001-02-06,26.4429
2001-02-05,26.3901
2001-02-02,26.5995
2001-02-01,26.4119
2001-01-31,26.3489
2001-01-30,25.7438
2001-01-29,25.2452
2001-01-26,24.7901
2001-01-25,24.9296
2001-01-24,24.6656
2001-01-23,24.3877
2001-01-22,24.0952
2001-01-19,24.219
2001-01-18,24.2114
2001-01-17,24.4859
2001-01-16,25.2433
2001-01-12,25.7747
2001-01-11,26.4336
2001-01-10,27.1271
2001-01-09,28.4835
2001-01-08,29.6689
2001-01-05,31.2157
2001-01-04,32.7882
2001-01-03,34.0874
2001-01-02,35.4339
2000-12-29,35.9478
2000-12-28,36.3117
2000-12-27,36.653
2000-12-26,36.9246
2000-12-22,37.231
2000-12-21,37.5535
2000-12-20,37.8929
2000-12-19,38.0378
2000-12-18,38.2931
2000-12-15,38.2088
2000-12-14,38.1347
2000-12-13,38.1632
2000-12-12,38.3011
2000-12-11,38.4755
2000-12-08,38.3463
2000-12-07,38.1751
2000-12-06,37.7827
2000-12-05,37.3697
2000-12-04,37.4071
2000-12-01,37.3255
2000-11-30,37.3174
2000-11-29,37.0767
2000-11-28,37.0497
2000-11-27,37.1684
2000-11-24,37.4163
2000-11-22,37.4858
2000-11-21,37.3939
2000-11-20,37.3687
2000-11-17,37.3422
2000-11-16,37.2165
2000-11-15,37.1883
2000-11-14,37.2222
2000-11-13,37.3091
2000-11-10,37.2292
2000-11-09,37.2686
2000-11-08,37.3101
2000-11-07,37.4646
2000-11-06,37.7786
2000-11-03,38.1182
2000-11-02,38.6357
2000-11-01,39.0284
2000-10-31,39.0012
2000-10-30,38.7924
2000-10-27,38.484
2000-10-26,37.9473
2000-10-25,37.293
2000-10-24,36.6903
2000-10-23,36.0894
2000-10-20,35.5131
2000-10-19,34.8605
2000-10-18,34.0423
2000-10-17,33.2142
2000-10-16,32.4129
2000-10-13,31.6976
2000-10-12,30.7054
2000-10-11,29.3795
2000-10-10,27.9839
2000-10-09,26.5959
2000-10-06,25.1713
2000-10-05,23.6716
2000-10-04,22.148
2000-10-03,20.4131
2000-10-02,18.6027
2000-09-29,16.7602
2000-09-28,14.912
2000-09-27,14.8965
2000-09-26,14.6687
2000-09-25,14.8901
2000-09-22,15.2312
2000-09-21,14.9708
2000-09-20,15.5997
2000-09-19,15.8256
2000-09-18,16.2571
2000-09-15,16.7114
2000-09-14,17.4398
2000-09-13,17.8901
2000-09-12,18.3923
2000-09-11,18.8591
2000-09-08,19.0688
2000-09-07,19.1963
2000-09-06,19.3306
2000-09-05,19.5018
2000-09-01,18.5011
2000-08-31,17.5137
2000-08-30,16.7782
2000-08-29,16.2405
2000-08-28,15.7661
2000-08-25,15.3379
2000-08-24,15.1365
2000-08-23,15.0758
2000-08-22,15.3584
2000-08-21,16.0532
2000-08-18,16.734
2000-08-17,17.5035
2000-08-16,18.3135
2000-08-15,18.3734
2000-08-14,18.1581
2000-08-11,17.8658
2000-08-10,17.558
2000-08-09,17.5229
2000-08-08,17.4859
2000-08-07,17.3477
2000-08-04,17.3336
2000-08-03,17.3188
2000-08-02,16.5985
2000-08-01,16.2423
2000-07-31,16.1882
2000-07-28,16.1313
2000-07-27,16.0714
2000-07-26,16.4886
2000-07-25,16.5003
2000-07-24,16.3742
2000-07-21,16.2414
2000-07-20,17.033
2000-07-19,17.7458
2000-07-18,18.5447
2000-07-17,18.1477
2000-07-14,17.6586
2000-07-13,17.1438
2000-07-12,16.6019
2000-07-11,16.2848
2000-07-10,15.9509
2000-07-07,15.749
2000-07-06,16.112
2000-07-05,16.8576
2000-07-03,17.4006
2000-06-30,17.6603
2000-06-29,17.9336
2000-06-28,18.3952
2000-06-27,18.7891
2000-06-26,19.1772
2000-06-23,19.7043
2000-06-22,20.2776
2000-06-21,20.353
2000-06-20,20.5283
2000-06-19,21.5067
2000-06-16,22.1323
2000-06-15,22.3162
2000-06-14,22.4644
2000-06-13,22.7083
2000-06-12,22.79
2000-06-09,23.0764
2000-06-08,23.6552
2000-06-07,24.2645
2000-06-06,24.7567
2000-06-05,25.2505
2000-06-02,25.628
2000-06-01,26.0253
2000-05-31,25.4003
2000-05-30,24.9283
2000-05-26,24.0657
2000-05-25,23.3373
2000-05-24,22.6096
2000-05-23,21.5103
2000-05-22,20.4754
2000-05-19,19.4036
2000-05-18,18.6409
2000-05-17,18.2665
2000-05-16,17.7362
2000-05-15,17.3239
2000-05-12,16.7862
2000-05-11,16.504
2000-05-10,15.5318
2000-05-09,14.5085
2000-05-08,13.7814
2000-05-05,13.3507
2000-05-04,12.9466
2000-05-03,12.5211
2000-05-02,12.1404
2000-05-01,12.1329
2000-04-28,12.4497
2000-04-27,12.7832
2000-04-26,13.0934
2000-04-25,13.6645
2000-04-24,14.3504
2000-04-20,14.4801
2000-04-19,14.7776
2000-04-18,15.282
2000-04-17,15.5362
2000-04-14,15.5542
2000-04-13,15.0266
2000-04-12,14.4713
2000-04-11,13.7949
2000-04-10,13.8888
2000-04-07,14.5107
2000-04-06,15.0894
2000-04-05,15.6985
2000-04-04,16.2069
2000-04-03,16.7421
2000-03-31,16.9119
2000-03-30,17.256
2000-03-29,17.6182
2000-03-28,17.1903
2000-03-27,16.3766
2000-03-24,15.52
2000-03-23,14.662
2000-03-22,13.2767
2000-03-21,12.1182
2000-03-20,11.3484
2000-03-17,11.3422
2000-03-16,11.4482
2000-03-15,11.838
2000-03-14,12.4168
2000-03-13,13.0261
2000-03-10,13.1125
2000-03-09,13.0401
2000-03-08,13.2101
2000-03-07,13.4796
2000-03-06,13.5027
2000-03-03,13.1069
2000-03-02,12.756
2000-03-01,12.3132
2000-02-29,11.8471
2000-02-28,12.3761
2000-02-25,12.6978
2000-02-24,13.2017
2000-02-23,13.888
2000-02-22,14.5992
2000-02-18,15.1565
2000-02-17,15.7863
2000-02-16,16.2325
2000-02-15,16.7022
2000-02-14,16.9049
2000-02-11,17.4374
2000-02-10,18.1415
2000-02-09,18.7261
2000-02-08,19.1197
2000-02-07,19.6067
2000-02-04,20.2543
2000-02-03,21.255
2000-02-02,21.9618
2000-02-01,22.5164
2000-01-31,23.3181
2000-01-28,24.066
2000-01-27,25.3121
2000-01-26,26.1144
2000-01-25,26.6987
2000-01-24,27.3892
2000-01-21,27.859
2000-01-20,27.8458
2000-01-19,27.4731
2000-01-18,27.9088
2000-01-14,28.589
2000-01-13,29.6291
2000-01-12,31.053
2000-01-11,32.4926
2000-01-10,33.9847
2000-01-07,35.0644
2000-01-06,36.3179
2000-01-05,37.6373
2000-01-04,38.0068
2000-01-03,38.3957
1999-12-31,38.737
1999-12-30,39.8906
1999-12-29,41.0888
1999-12-28,42.5327
