date,RSI
2024-10-04,53.5429
2024-10-03,52.3212
2024-10-02,53.6375
2024-10-01,53.0614
2024-09-30,61.7435
2024-09-27,56.5627
2024-09-26,56.2711
2024-09-25,55.0503
2024-09-24,56.3499
2024-09-23,55.4507
2024-09-20,57.6181
2024-09-19,58.4587
2024-09-18,49.9969
2024-09-17,44.9146
2024-09-16,44.2661
2024-09-13,51.8987
2024-09-12,52.2727
2024-09-11,52.1392
2024-09-10,48.9969
2024-09-09,49.9748
2024-09-06,49.8679
2024-09-05,51.6872
2024-09-04,49.9871
2024-09-03,52.176
2024-08-30,60.3175
2024-08-29,61.4731
2024-08-28,58.3031
2024-08-27,60.5103
2024-08-26,59.7105
2024-08-23,59.3981
2024-08-22,57.2585
2024-08-21,59.677
2024-08-20,59.8182
2024-08-19,59.3026
2024-08-16,59.4897
2024-08-15,58.4544
2024-08-14,56.0474
2024-08-13,55.6815
2024-08-12,52.5636
2024-08-09,51.2227
2024-08-08,48.5966
2024-08-07,45.2617
2024-08-06,42.638
2024-08-05,44.2241
2024-08-02,54.1599
2024-08-01,52.7309
2024-07-31,56.9107
2024-07-30,53.8462
2024-07-29,53.3076
2024-07-26,53.0473
2024-07-25,52.6263
2024-07-24,53.6474
2024-07-23,60.5216
2024-07-22,59.726
2024-07-19,60.1096
2024-07-18,60.019
2024-07-17,65.0978
2024-07-16,72.4595
2024-07-15,72.2487
2024-07-12,70.2613
2024-07-11,68.6185
2024-07-10,75.8712
2024-07-09,73.7784
2024-07-08,73.3391
2024-07-05,72.5882
2024-07-03,69.9895
2024-07-02,69.2494
2024-07-01,67.1318
2024-06-28,62.9058
2024-06-27,67.5928
2024-06-26,67.0227
2024-06-25,64.0695
2024-06-24,63.3763
2024-06-21,62.9011
2024-06-20,65.6269
2024-06-18,71.8536
2024-06-17,75.3606
2024-06-14,73.1762
2024-06-13,75.8507
2024-06-12,75.2768
2024-06-11,72.0883
2024-06-10,60.6679
2024-06-07,67.7436
2024-06-06,65.2847
2024-06-05,68.1304
2024-06-04,66.6188
2024-06-03,66.2992
2024-05-31,64.5028
2024-05-30,63.5061
2024-05-29,62.4631
2024-05-28,62.1548
2024-05-24,62.145
2024-05-23,59.0046
2024-05-22,65.7213
2024-05-21,68.3889
2024-05-20,67.2479
2024-05-17,66.2132
2024-05-16,66.1872
2024-05-15,66.0879
2024-05-14,64.1819
2024-05-13,63.1951
2024-05-10,60.2746
2024-05-09,62.1131
2024-05-08,60.4623
2024-05-07,60.1558
2024-05-06,59.5514
2024-05-03,61.7035
2024-05-02,51.3529
2024-05-01,46.3923
2024-04-30,47.6674
2024-04-29,51.8327
2024-04-26,45.8803
2024-04-25,46.6496
2024-04-24,45.3663
2024-04-23,42.1446
2024-04-22,40.4773
2024-04-19,39.1573
2024-04-18,41.2688
2024-04-17,42.2882
2024-04-16,43.7645
2024-04-15,47.5468
2024-04-12,52.5812
2024-04-11,50.6389
2024-04-10,39.2782
2024-04-09,41.6489
2024-04-08,39.4062
2024-04-05,40.7855
2024-04-04,39.4309
2024-04-03,40.3895
2024-04-02,39.015
2024-04-01,40.3124
2024-03-28,41.9262
2024-03-27,44.04
2024-03-26,38.2187
2024-03-25,39.4534
2024-03-22,41.0331
2024-03-21,39.5704
2024-03-20,48.7946
2024-03-19,44.4283
2024-03-18,39.9994
2024-03-15,37.8046
2024-03-14,38.264
2024-03-13,34.5459
2024-03-12,36.9179
2024-03-11,35.9631
2024-03-08,31.8387
2024-03-07,28.0693
2024-03-06,28.172
2024-03-05,29.012
2024-03-04,33.7769
2024-03-01,39.4068
2024-02-29,40.957
2024-02-28,41.92
2024-02-27,43.6821
2024-02-26,40.8106
2024-02-23,42.7253
2024-02-22,45.4828
2024-02-21,41.5088
2024-02-20,39.9675
2024-02-16,40.9799
2024-02-15,43.1244
2024-02-14,43.5293
2024-02-13,44.7543
2024-02-12,47.7831
2024-02-09,50.3934
2024-02-08,49.2008
2024-02-07,50.8447
2024-02-06,50.6867
2024-02-05,48.3653
2024-02-02,45.618
2024-02-01,46.9271
2024-01-31,43.1523
2024-01-30,47.9459
2024-01-29,53.6898
2024-01-26,54.8572
2024-01-25,57.8901
2024-01-24,58.4692
2024-01-23,59.637
2024-01-22,58.1298
2024-01-19,55.2635
2024-01-18,51.2789
2024-01-17,41.1705
2024-01-16,42.5083
2024-01-12,45.9255
2024-01-11,45.3237
2024-01-10,46.212
2024-01-09,44.4005
2024-01-08,44.9761
2024-01-05,36.868
2024-01-04,37.7487
2024-01-03,40.7102
2024-01-02,42.5961
2023-12-29,54.4802
2023-12-28,56.7733
2023-12-27,56.0537
2023-12-26,55.8914
2023-12-22,56.9907
2023-12-21,59.1614
2023-12-20,59.4602
2023-12-19,63.7641
2023-12-18,62.4802
2023-12-15,66.0366
2023-12-14,67.2047
2023-12-13,67.0509
2023-12-12,63.5305
2023-12-11,61.7004
2023-12-08,66.9806
2023-12-07,65.3786
2023-12-06,63.0738
2023-12-05,65.4072
2023-12-04,60.3529
2023-12-01,64.4084
2023-11-30,62.7119
2023-11-29,61.937
2023-11-28,64.1875
2023-11-27,63.4401
2023-11-24,63.8134
2023-11-22,66.5846
2023-11-21,65.8808
2023-11-20,67.514
2023-11-17,65.762
2023-11-16,65.8003
2023-11-15,64.1122
2023-11-14,63.5389
2023-11-13,60.7824
2023-11-10,63.5485
2023-11-09,58.8514
2023-11-08,59.6804
2023-11-07,58.4406
2023-11-06,55.2784
2023-11-03,51.8083
2023-11-02,53.2068
2023-11-01,47.9873
2023-10-31,42.5786
2023-10-30,41.7149
2023-10-27,37.8874
2023-10-26,35.2937
2023-10-25,40.362
2023-10-24,43.6735
2023-10-23,42.8357
2023-10-20,42.6146
2023-10-19,46.2708
2023-10-18,46.833
2023-10-17,48.7739
2023-10-16,51.1893
2023-10-13,51.3895
2023-10-12,54.2745
2023-10-11,53.0495
2023-10-10,51.1218
2023-10-09,51.9846
2023-10-06,49.9796
2023-10-05,46.3166
2023-10-04,44.4441
2023-10-03,42.5243
2023-10-02,44.0746
2023-09-29,40.1764
2023-09-28,39.3542
2023-09-27,38.9557
2023-09-26,40.4413
2023-09-25,44.8128
2023-09-22,42.9794
2023-09-21,41.7539
2023-09-20,43.3598
2023-09-19,47.3284
2023-09-18,45.8826
2023-09-15,41.7985
2023-09-14,42.5508
2023-09-13,40.4154
2023-09-12,42.4637
2023-09-11,45.6842
2023-09-08,44.132
2023-09-07,43.3235
2023-09-06,49.1545
2023-09-05,58.6765
2023-09-01,58.4059
2023-08-31,56.6183
2023-08-30,56.3718
2023-08-29,52.2353
2023-08-28,46.9116
2023-08-25,44.5512
2023-08-24,41.0361
2023-08-23,47.0603
2023-08-22,40.218
2023-08-21,37.4747
2023-08-18,34.7105
2023-08-17,33.6998
2023-08-16,36.5164
2023-08-15,37.537
2023-08-14,39.9603
2023-08-11,36.7366
2023-08-10,36.6206
2023-08-09,36.856
2023-08-08,38.5801
2023-08-07,36.9262
2023-08-04,40.3368
2023-08-03,54.2547
2023-08-02,57.131
2023-08-01,64.0521
2023-07-31,66.1796
2023-07-28,65.378
2023-07-27,61.7527
2023-07-26,64.9198
2023-07-25,63.704
2023-07-24,62.4828
2023-07-21,61.332
2023-07-20,64.075
2023-07-19,68.9228
2023-07-18,67.2877
2023-07-17,67.9321
2023-07-14,63.7457
2023-07-13,63.5402
2023-07-12,62.5035
2023-07-11,60.1404
2023-07-10,61.2912
2023-07-07,65.9753
2023-07-06,68.6981
2023-07-05,68.1679
2023-07-03,70.8515
2023-06-30,74.5786
2023-06-29,70.2689
2023-06-28,69.8924
2023-06-27,68.5694
2023-06-26,65.1591
2023-06-23,68.7399
2023-06-22,69.5641
2023-06-21,65.8709
2023-06-20,68.6024
2023-06-16,68.496
2023-06-15,71.2744
2023-06-14,69.0181
2023-06-13,68.2828
2023-06-12,69.4573
2023-06-09,66.201
2023-06-08,65.7226
2023-06-07,62.1318
2023-06-06,65.4227
2023-06-05,66.3109
2023-06-02,69.6363
2023-06-01,68.7002
2023-05-31,65.349
2023-05-30,65.4662
2023-05-26,63.1152
2023-05-25,59.7156
2023-05-24,57.9816
2023-05-23,57.5591
2023-05-22,63.257
2023-05-19,65.4968
2023-05-18,65.3633
2023-05-17,62.3979
2023-05-16,61.5769
2023-05-15,61.5769
2023-05-12,62.5713
2023-05-11,64.4267
2023-05-10,64.2176
2023-05-09,62.2899
2023-05-08,65.5409
2023-05-05,65.6727
2023-05-04,56.4235
2023-05-03,59.6831
2023-05-02,61.9143
2023-05-01,64.1075
2023-04-28,64.293
2023-04-27,62.8524
2023-04-26,56.7884
2023-04-25,56.8073
2023-04-24,59.7621
2023-04-21,59.363
2023-04-20,62.4568
2023-04-19,64.373
2023-04-18,63.1
2023-04-17,61.7106
2023-04-14,61.6885
2023-04-13,62.2863
2023-04-12,55.9619
2023-04-11,57.1287
2023-04-10,59.1888
2023-04-06,63.8669
2023-04-05,62.914
2023-04-04,66.3689
2023-04-03,67.384
2023-03-31,66.23
2023-03-30,63.7961
2023-03-29,62.1749
2023-03-28,58.7298
2023-03-27,59.7742
2023-03-24,63.1078
2023-03-23,61.7499
2023-03-22,60.6019
2023-03-21,62.9685
2023-03-20,61.0972
2023-03-17,58.5574
2023-03-16,59.8726
2023-03-15,56.769
2023-03-14,56.3202
2023-03-13,53.9107
2023-03-10,51.5514
2023-03-09,54.3557
2023-03-08,57.6032
2023-03-07,56.2191
2023-03-06,59.457
2023-03-03,56.4662
2023-03-02,50.0675
2023-03-01,49.2368
2023-02-28,52.1197
2023-02-27,52.8334
2023-02-24,51.3313
2023-02-23,55.0329
2023-02-22,54.4647
2023-02-21,53.9799
2023-02-17,59.6947
2023-02-16,61.4564
2023-02-15,63.9607
2023-02-14,62.028
2023-02-13,63.0076
2023-02-10,60.4125
2023-02-09,60.0663
2023-02-08,61.5167
2023-02-07,65.4181
2023-02-06,63.036
2023-02-03,67.2081
2023-02-02,64.2192
2023-02-01,59.0223
2023-01-31,57.7905
2023-01-30,56.3809
2023-01-27,60.759
2023-01-26,58.7111
2023-01-25,56.4073
2023-01-24,57.3777
2023-01-23,55.8483
2023-01-20,52.1248
2023-01-19,48.8354
2023-01-18,48.7582
2023-01-17,49.6235
2023-01-13,48.2122
2023-01-12,46.5858
2023-01-11,46.6683
2023-01-10,43.3817
2023-01-09,42.6765
2023-01-06,42.0499
2023-01-05,36.3094
2023-01-04,37.3329
2023-01-03,35.6747
2022-12-30,39.4066
2022-12-29,39.0075
2022-12-28,34.4303
2022-12-27,37.4112
2022-12-23,38.8778
2022-12-22,39.1728
2022-12-21,41.7944
2022-12-20,37.9342
2022-12-19,37.9873
2022-12-16,39.5998
2022-12-15,41.1427
2022-12-14,47.0094
2022-12-13,49.2569
2022-12-12,48.2374
2022-12-09,45.777
2022-12-08,46.2159
2022-12-07,44.4502
2022-12-06,46.1068
2022-12-05,49.4102
2022-12-02,50.5005
2022-12-01,50.9531
2022-11-30,50.7181
2022-11-29,44.5332
2022-11-28,47.026
2022-11-25,50.4475
2022-11-23,53.248
2022-11-22,52.4947
2022-11-21,50.653
2022-11-18,53.6391
2022-11-17,53.1834
2022-11-16,51.6551
2022-11-15,52.7139
2022-11-14,51.3809
2022-11-11,52.5156
2022-11-10,50.4435
2022-11-09,39.874
2022-11-08,43.2555
2022-11-07,42.677
2022-11-04,42.1554
2022-11-03,42.3381
2022-11-02,46.7195
2022-11-01,51.331
2022-10-31,53.7431
2022-10-28,55.9725
2022-10-27,46.3318
2022-10-26,50.72
2022-10-25,53.9074
2022-10-24,51.0848
2022-10-21,48.8397
2022-10-20,44.5353
2022-10-19,44.9707
2022-10-18,44.8508
2022-10-17,43.4245
2022-10-14,38.9105
2022-10-13,42.6046
2022-10-12,36.8605
2022-10-11,37.3492
2022-10-10,38.4386
2022-10-07,38.0452
2022-10-06,42.1901
2022-10-05,42.9985
2022-10-04,42.6758
2022-10-03,38.6619
2022-09-30,33.5121
2022-09-29,36.439
2022-09-28,42.5033
2022-09-27,44.3317
2022-09-26,43.1334
2022-09-23,42.7312
2022-09-22,44.7752
2022-09-21,45.6554
2022-09-20,48.6005
2022-09-19,46.0862
2022-09-16,41.8665
2022-09-15,43.2885
2022-09-14,45.8956
2022-09-13,44.3022
2022-09-12,54.1937
2022-09-09,47.1039
2022-09-08,43.0852
2022-09-07,44.75
2022-09-06,42.7464
2022-09-02,44.1065
2022-09-01,46.4658
2022-08-31,45.5128
2022-08-30,47.3412
2022-08-29,50.1378
2022-08-26,52.8264
2022-08-25,61.8414
2022-08-24,59.2657
2022-08-23,58.9499
2022-08-22,59.4462
2022-08-19,65.5358
2022-08-18,70.0765
2022-08-17,70.7851
2022-08-16,69.6782
2022-08-15,69.9432
2022-08-12,69.1847
2022-08-11,66.5271
2022-08-10,67.6791
2022-08-09,64.2959
2022-08-08,64.2548
2022-08-05,64.9372
2022-08-04,65.2522
2022-08-03,65.6733
2022-08-02,61.1139
2022-08-01,63.0643
2022-07-29,64.3653
2022-07-28,60.3564
2022-07-27,59.8911
2022-07-26,55.2696
2022-07-25,56.8894
2022-07-22,58.2592
2022-07-21,59.7702
2022-07-20,57.8669
2022-07-19,56.1255
2022-07-18,52.535
2022-07-15,55.9671
2022-07-14,54.4157
2022-07-13,51.5743
2022-07-12,51.9563
2022-07-11,51.0344
2022-07-08,53.1584
2022-07-07,52.562
2022-07-06,49.5272
2022-07-05,48.2809
2022-07-01,45.8232
2022-06-30,43.687
2022-06-29,45.6282
2022-06-28,43.9406
2022-06-27,47.2233
2022-06-24,47.2233
2022-06-23,44.2011
2022-06-22,41.4579
2022-06-21,41.8056
2022-06-17,37.6908
2022-06-16,36.1993
2022-06-15,39.4075
2022-06-14,36.7601
2022-06-13,35.883
2022-06-10,38.9444
2022-06-09,42.5652
2022-06-08,46.5336
2022-06-07,47.1219
2022-06-06,44.852
2022-06-03,44.1788
2022-06-02,48.4927
2022-06-01,46.3589
2022-05-31,46.454
2022-05-27,47.0176
2022-05-26,42.1314
2022-05-25,39.1664
2022-05-24,39.0208
2022-05-23,40.6086
2022-05-20,35.6124
2022-05-19,35.3879
2022-05-18,37.1679
2022-05-17,42.043
2022-05-16,38.6857
2022-05-13,39.6107
2022-05-12,35.3554
2022-05-11,37.5309
2022-05-10,42.5927
2022-05-09,40.2512
2022-05-06,43.8733
2022-05-05,43.1858
2022-05-04,50.5372
2022-05-03,44.1516
2022-05-02,42.513
2022-04-29,42.1843
2022-04-28,47.1306
2022-04-27,39.1274
2022-04-26,39.3113
2022-04-25,44.5726
2022-04-22,43.2797
2022-04-21,47.7769
2022-04-20,48.6164
2022-04-19,48.7874
2022-04-18,46.3303
2022-04-14,46.5306
2022-04-13,51.4362
2022-04-12,48.6801
2022-04-11,46.676
2022-04-08,50.9728
2022-04-07,53.1691
2022-04-06,52.8774
2022-04-05,56.3517
2022-04-04,60.2896
2022-04-01,56.784
2022-03-31,57.132
2022-03-30,60.8651
2022-03-29,62.3219
2022-03-28,59.7369
2022-03-25,59.0376
2022-03-24,58.5323
2022-03-23,55.4303
2022-03-22,54.2598
2022-03-21,51.2498
2022-03-18,49.977
2022-03-17,46.8109
2022-03-16,45.8121
2022-03-15,41.2318
2022-03-14,36.1378
2022-03-11,39.098
2022-03-10,42.1206
2022-03-09,46.076
2022-03-08,39.3459
2022-03-07,40.9863
2022-03-04,44.6675
2022-03-03,47.899
2022-03-02,48.2567
2022-03-01,44.2284
2022-02-28,46.18
2022-02-25,45.8609
2022-02-24,43.3676
2022-02-23,40.0486
2022-02-22,43.9429
2022-02-18,46.9864
2022-02-17,48.6848
2022-02-16,52.9046
2022-02-15,53.1911
2022-02-14,48.9101
2022-02-11,48.6362
2022-02-10,52.5147
2022-02-09,57.744
2022-02-08,56.3032
2022-02-07,52.9729
2022-02-04,53.8711
2022-02-03,54.2176
2022-02-02,57.7981
2022-02-01,56.6606
2022-01-31,56.8618
2022-01-28,52.6825
2022-01-27,38.5661
2022-01-26,39.0341
2022-01-25,39.1205
2022-01-24,40.877
2022-01-21,41.6396
2022-01-20,43.6983
2022-01-19,45.4466
2022-01-18,49.3389
2022-01-14,53.3121
2022-01-13,52.3307
2022-01-12,56.6222
2022-01-11,56.1621
2022-01-10,53.1285
2022-01-07,53.1072
2022-01-06,52.9342
2022-01-05,56.3246
2022-01-04,62.5554
2022-01-03,65.9024
2021-12-31,62.2105
2021-12-30,63.1319
2021-12-29,64.8408
2021-12-28,64.7717
2021-12-27,66.1998
2021-12-23,63.1979
2021-12-22,62.7005
2021-12-21,60.6065
2021-12-20,57.8586
2021-12-17,59.5516
2021-12-16,60.9161
2021-12-15,70.5716
2021-12-14,67.0711
2021-12-13,69.2926
2021-12-10,75.5471
2021-12-09,72.4312
2021-12-08,73.3758
2021-12-07,70.6486
2021-12-06,65.622
2021-12-03,61.9453
2021-12-02,65.6239
2021-12-01,67.631
2021-11-30,68.6781
2021-11-29,63.5611
2021-11-26,59.2768
2021-11-24,71.1654
2021-11-23,70.5864
2021-11-22,70.1676
2021-11-19,69.6733
2021-11-18,66.6829
2021-11-17,60.6599
2021-11-16,56.4036
2021-11-15,54.5264
2021-11-12,54.5078
2021-11-11,50.4219
2021-11-10,50.5236
2021-11-09,56.8142
2021-11-08,56.1502
2021-11-05,58.0762
2021-11-04,57.1805
2021-11-03,58.3427
2021-11-02,55.9855
2021-11-01,54.2106
2021-10-29,55.9079
2021-10-28,61.9878
2021-10-27,55.8642
2021-10-26,56.9657
2021-10-25,55.767
2021-10-22,55.8757
2021-10-21,57.5601
2021-10-20,57.2189
2021-10-19,56.4632
2021-10-18,52.9754
2021-10-15,50.0329
2021-10-14,48.0837
2021-10-13,42.4564
2021-10-12,43.3972
2021-10-11,45.4711
2021-10-08,45.6145
2021-10-07,46.2143
2021-10-06,43.8959
2021-10-05,42.2648
2021-10-04,38.5053
2021-10-01,43.275
2021-09-30,41.0002
2021-09-29,42.89
2021-09-28,41.1062
2021-09-27,46.2695
2021-09-24,48.8827
2021-09-23,48.7229
2021-09-22,47.0099
2021-09-21,42.504
2021-09-20,41.5479
2021-09-17,46.1945
2021-09-16,50.929
2021-09-15,51.3686
2021-09-14,49.8077
2021-09-13,52.3144
2021-09-10,51.3714
2021-09-09,61.5369
2021-09-08,63.99
2021-09-07,67.8962
2021-09-03,64.8092
2021-09-02,63.9126
2021-09-01,62.3128
2021-08-31,61.3417
2021-08-30,64.3291
2021-08-27,57.4277
2021-08-26,55.51
2021-08-25,57.4105
2021-08-24,60.4308
2021-08-23,60.6473
2021-08-20,58.2473
2021-08-19,55.7332
2021-08-18,55.1477
2021-08-17,64.2398
2021-08-16,66.7796
2021-08-13,63.8288
2021-08-12,63.5086
2021-08-11,58.4707
2021-08-10,57.998
2021-08-09,59.2045
2021-08-06,59.3242
2021-08-05,60.96
2021-08-04,60.7986
2021-08-03,61.7017
2021-08-02,59.1124
2021-07-30,59.8224
2021-07-29,59.5235
2021-07-28,58.6469
2021-07-27,62.1129
2021-07-26,66.7616
2021-07-23,66.2974
2021-07-22,64.3624
2021-07-21,62.7461
2021-07-20,64.2286
2021-07-19,59.7742
2021-07-16,68.3893
2021-07-15,73.7456
2021-07-14,75.5475
2021-07-13,72.1622
2021-07-12,70.92
2021-07-09,72.566
2021-07-08,70.5773
2021-07-07,74.2123
2021-07-06,71.5427
2021-07-02,69.0866
2021-07-01,65.38
2021-06-30,64.9195
2021-06-29,63.9949
2021-06-28,61.6312
2021-06-25,58.8673
2021-06-24,59.5999
2021-06-23,60.2891
2021-06-22,60.9353
2021-06-21,58.3932
2021-06-18,55.3714
2021-06-17,58.2778
2021-06-16,55.5444
2021-06-15,54.667
2021-06-14,56.409
2021-06-11,50.8666
2021-06-10,48.3972
2021-06-09,50.3757
2021-06-08,49.6277
2021-06-07,48.0247
2021-06-04,48.006
2021-06-03,43.4617
2021-06-02,45.9283
2021-06-01,44.3897
2021-05-28,44.9032
2021-05-27,45.9281
2021-05-26,48.3864
2021-05-25,48.4649
2021-05-24,48.7655
2021-05-21,46.1145
2021-05-20,48.8158
2021-05-19,44.5125
2021-05-18,44.7307
2021-05-17,46.6589
2021-05-14,48.3026
2021-05-13,44.3911
2021-05-12,40.6039
2021-05-11,44.7349
2021-05-10,46.0679
2021-05-07,51.2538
2021-05-06,50.1611
2021-05-05,47.5041
2021-05-04,47.0956
2021-05-03,54.6777
2021-04-30,53.0232
2021-04-29,56.701
2021-04-28,56.8866
2021-04-27,58.3562
2021-04-26,58.9456
2021-04-23,58.4626
2021-04-22,55.5029
2021-04-21,58.0798
2021-04-20,57.6124
2021-04-19,60.4529
2021-04-16,59.7111
2021-04-15,60.2479
2021-04-14,57.6187
2021-04-13,61.3651
2021-04-12,57.9093
2021-04-09,60.7494
2021-04-08,57.7972
2021-04-07,54.7807
2021-04-06,52.5681
2021-04-05,52.1602
2021-04-01,48.2013
2021-03-31,46.9796
2021-03-30,43.6366
2021-03-29,45.439
2021-03-26,45.1791
2021-03-25,44.3112
2021-03-24,43.6274
2021-03-23,46.2721
2021-03-22,47.2155
2021-03-19,42.7828
2021-03-18,43.3318
2021-03-17,47.907
2021-03-16,48.8452
2021-03-15,46.9189
2021-03-12,43.1059
2021-03-11,44.0504
2021-03-10,41.4559
2021-03-09,42.5008
2021-03-08,35.9421
2021-03-05,40.6606
2021-03-04,38.7119
2021-03-03,40.6072
2021-03-02,43.8402
2021-03-01,46.9379
2021-02-26,36.5158
2021-02-25,36.0222
2021-02-24,40.9007
2021-02-23,41.5256
2021-02-22,41.6918
2021-02-19,46.586
2021-02-18,46.3386
2021-02-17,47.8249
2021-02-16,51.0606
2021-02-12,54.2982
2021-02-11,53.9931
2021-02-10,54.3666
2021-02-09,55.2322
2021-02-08,56.4721
2021-02-05,56.3168
2021-02-04,56.862
2021-02-03,53.382
2021-02-02,54.6568
2021-02-01,53.8085
2021-01-29,51.6023
2021-01-28,57.7707
2021-01-27,64.9124
2021-01-26,66.6446
2021-01-25,66.4591
2021-01-22,63.3527
2021-01-21,61.4127
2021-01-20,56.6123
2021-01-19,51.6541
2021-01-15,50.7762
2021-01-14,53.1272
2021-01-13,55.8767
2021-01-12,53.4615
2021-01-11,53.702
2021-01-08,57.9241
2021-01-07,56.7346
2021-01-06,51.7845
2021-01-05,58.2475
2021-01-04,56.3707
2020-12-31,61.7789
2020-12-30,63.5992
2020-12-29,65.6509
2020-12-28,68.9975
2020-12-24,64.5447
2020-12-23,63.4783
2020-12-22,65.1746
2020-12-21,61.2744
2020-12-18,59.411
2020-12-17,63.1597
2020-12-16,62.1729
2020-12-15,62.2976
2020-12-14,54.7919
2020-12-11,55.8834
2020-12-10,57.3124
2020-12-09,55.4069
2020-12-08,59.933
2020-12-07,59.1651
2020-12-04,57.3148
2020-12-03,58.4726
2020-12-02,58.7012
2020-12-01,58.303
2020-11-30,54.0085
2020-11-27,50.7805
2020-11-25,50.0219
2020-11-24,48.8722
2020-11-23,47.0978
2020-11-20,51.5955
2020-11-19,53.4001
2020-11-18,52.6621
2020-11-17,54.4899
2020-11-16,55.7193
2020-11-13,54.6074
2020-11-12,54.5553
2020-11-11,54.8906
2020-11-10,51.3173
2020-11-09,51.7042
2020-11-06,54.3395
2020-11-05,54.4895
2020-11-04,50.5713
2020-11-03,45.6582
2020-11-02,43.6893
2020-10-30,43.7705
2020-10-29,50.1223
2020-10-28,45.3141
2020-10-27,51.4951
2020-10-26,49.6213
2020-10-23,49.6093
2020-10-22,50.4147
2020-10-21,51.6717
2020-10-20,52.3807
2020-10-19,50.849
2020-10-16,54.1358
2020-10-15,56.0492
2020-10-14,56.5888
2020-10-13,56.5143
2020-10-12,60.1115
2020-10-09,53.8248
2020-10-08,51.8857
2020-10-07,51.9998
2020-10-06,50.1832
2020-10-05,53.5312
2020-10-02,50.2456
2020-10-01,54.1888
2020-09-30,53.2834
2020-09-29,51.6916
2020-09-28,52.5521
2020-09-25,50.1223
2020-09-24,46.1538
2020-09-23,45.0281
2020-09-22,49.1939
2020-09-21,47.4916
2020-09-18,44.1629
2020-09-17,47.2359
2020-09-16,48.8887
2020-09-15,52.1939
2020-09-14,52.0268
2020-09-11,48.9516
2020-09-10,50.3123
2020-09-09,53.9762
2020-09-08,49.9042
2020-09-04,58.852
2020-09-03,58.783
2020-09-02,74.3601
2020-09-01,79.6595
2020-08-31,76.749
2020-08-28,73.8184
2020-08-27,74.2437
2020-08-26,77.4085
2020-08-25,76.3329
2020-08-24,78.4924
2020-08-21,77.6261
2020-08-20,73.4657
2020-08-19,71.3324
2020-08-18,71.2082
2020-08-17,70.406
2020-08-14,70.9963
2020-08-13,71.19
2020-08-12,69.6551
2020-08-11,66.5809
2020-08-10,73.0666
2020-08-07,71.8099
2020-08-06,77.283
2020-08-05,74.5451
2020-08-04,74.2398
2020-08-03,73.6912
2020-07-31,71.5744
2020-07-30,60.106
2020-07-29,58.2799
2020-07-28,55.2556
2020-07-27,58.7829
2020-07-24,54.931
2020-07-23,55.4468
2020-07-22,66.9423
2020-07-21,66.5367
2020-07-20,70.639
2020-07-17,67.8204
2020-07-16,68.4198
2020-07-15,72.1555
2020-07-14,71.3301
2020-07-13,69.2822
2020-07-10,70.6244
2020-07-09,70.4183
2020-07-08,69.9277
2020-07-07,67.1921
2020-07-06,67.9772
2020-07-02,64.6859
2020-07-01,64.6859
2020-06-30,65.1138
2020-06-29,64.1271
2020-06-26,61.3228
2020-06-25,68.2996
2020-06-24,66.768
2020-06-23,71.1908
2020-06-22,68.8716
2020-06-19,65.7421
2020-06-18,67.151
2020-06-17,67.1043
2020-06-16,67.4227
2020-06-15,64.4505
2020-06-12,62.9712
2020-06-11,61.9295
2020-06-10,73.3858
2020-06-09,70.6952
2020-06-08,66.9146
2020-06-05,66.1422
2020-06-04,62.2176
2020-06-03,64.3799
2020-06-02,63.6163
2020-06-01,62.9852
2020-05-29,61.3123
2020-05-28,61.5217
2020-05-27,61.4653
2020-05-26,60.9283
2020-05-22,62.2174
2020-05-21,61.4863
2020-05-20,62.8339
2020-05-19,60.7423
2020-05-18,61.7286
2020-05-15,59.223
2020-05-14,60.1676
2020-05-13,59.5343
2020-05-12,61.3785
2020-05-11,63.158
2020-05-08,61.7291
2020-05-07,59.532
2020-05-06,58.5571
2020-05-05,57.5991
2020-05-04,56.2213
2020-05-01,54.928
2020-04-30,56.7706
2020-04-29,54.9272
2020-04-28,51.9959
2020-04-27,53.659
2020-04-24,53.5975
2020-04-23,51.1553
2020-04-22,51.5023
2020-04-21,49.1341
2020-04-20,51.7948
2020-04-17,53.6889
2020-04-16,54.954
2020-04-15,54.3605
2020-04-14,55.161
2020-04-13,51.5941
2020-04-09,50.1584
2020-04-08,49.6405
2020-04-07,47.8604
2020-04-06,48.6077
2020-04-03,42.7218
2020-04-02,43.5131
2020-04-01,42.3547
2020-03-31,45.2916
2020-03-30,45.4078
2020-03-27,43.5359
2020-03-26,45.7935
2020-03-25,42.3651
2020-03-24,42.6348
2020-03-23,36.2552
2020-03-20,37.1032
2020-03-19,39.9351
2020-03-18,40.2904
2020-03-17,41.4374
2020-03-16,38.5793
2020-03-13,45.6927
2020-03-12,36.4324
2020-03-11,42.7688
2020-03-10,45.5084
2020-03-09,38.2383
2020-03-06,45.0468
2020-03-05,46.3818
2020-03-04,49.9307
2020-03-03,44.4084
2020-03-02,47.9621
2020-02-28,34.6363
2020-02-27,34.6894
2020-02-26,41.9961
2020-02-25,39.0842
2020-02-24,43.6891
2020-02-21,52.3093
2020-02-20,57.5706
2020-02-19,60.2049
2020-02-18,57.6426
2020-02-14,62.5718
2020-02-13,62.5309
2020-02-12,64.4817
2020-02-11,60.6861
2020-02-10,62.3028
2020-02-07,61.5401
2020-02-06,65.165
2020-02-05,63.4198
2020-02-04,62.1749
2020-02-03,56.6867
2020-01-31,57.3461
2020-01-30,70.5086
2020-01-29,71.0154
2020-01-28,67.9154
2020-01-27,62.9706
2020-01-24,74.6803
2020-01-23,75.9999
2020-01-22,75.3107
2020-01-21,74.803
2020-01-17,77.7048
2020-01-16,76.2931
2020-01-15,74.5848
2020-01-14,76.3814
2020-01-13,82.4043
2020-01-10,80.0944
2020-01-09,79.8288
2020-01-08,77.1661
2020-01-07,74.8117
2020-01-06,77.0281
2020-01-03,75.8874
2020-01-02,80.5703
2019-12-31,77.5505
2019-12-30,76.4449
2019-12-27,75.52
2019-12-26,75.7006
2019-12-24,72.4971
2019-12-23,72.3312
2019-12-20,69.3666
2019-12-19,70.2765
2019-12-18,70.0966
2019-12-17,71.0744
2019-12-16,70.7563
2019-12-13,67.8826
2019-12-12,65.3483
2019-12-11,64.8557
2019-12-10,63.2064
2019-12-09,62.0541
2019-12-06,66.8893
2019-12-05,63.2023
2019-12-04,60.0379
2019-12-03,57.9913
2019-12-02,64.4397
2019-11-29,69.2381
2019-11-27,70.1861
2019-11-26,67.6546
2019-11-25,71.0108
2019-11-22,67.6461
2019-11-21,68.0219
2019-11-20,69.9152
2019-11-19,75.1343
2019-11-18,76.5528
2019-11-15,75.8358
2019-11-14,74.0828
2019-11-13,77.2036
2019-11-12,75.8796
2019-11-11,76.2821
2019-11-08,75.21
2019-11-07,74.8376
2019-11-06,73.2508
2019-11-05,73.1911
2019-11-04,73.7167
2019-11-01,72.8765
2019-10-31,68.9087
2019-10-30,65.1338
2019-10-29,65.1748
2019-10-28,73.6293
2019-10-25,72.158
2019-10-24,70.2423
2019-10-23,69.9807
2019-10-22,67.8167
2019-10-21,68.6194
2019-10-18,65.7485
2019-10-17,64.9079
2019-10-16,64.2365
2019-10-15,65.4791
2019-10-14,66.1832
2019-10-11,66.6038
2019-10-10,62.5319
2019-10-09,60.2285
2019-10-08,58.1267
2019-10-07,61.2361
2019-10-04,61.1991
2019-10-03,56.2829
2019-10-02,54.6423
2019-10-01,61.2519
2019-09-30,60.7553
2019-09-27,56.3395
2019-09-26,57.6191
2019-09-25,58.9749
2019-09-24,56.0906
2019-09-23,57.2783
2019-09-20,56.4442
2019-09-19,60.0796
2019-09-18,62.2127
2019-09-17,60.6966
2019-09-16,60.109
2019-09-13,59.2775
2019-09-12,64.0649
2019-09-11,64.6362
2019-09-10,59.962
2019-09-09,58.0267
2019-09-06,57.3218
2019-09-05,57.3419
2019-09-04,54.2223
2019-09-03,51.3375
2019-08-30,54.1619
2019-08-29,54.4145
2019-08-28,51.6538
2019-08-27,50.5334
2019-08-26,52.4991
2019-08-23,49.41
2019-08-22,58.6526
2019-08-21,58.8443
2019-08-20,57.1596
2019-08-19,57.1523
2019-08-16,54.301
2019-08-15,50.4262
2019-08-14,51.3031
2019-08-13,57.1132
2019-08-12,49.731
2019-08-09,50.2244
2019-08-08,51.8174
2019-08-07,47.6725
2019-08-06,45.6069
2019-08-05,41.6832
2019-08-02,52.102
2019-08-01,57.7659
2019-07-31,64.7568
2019-07-30,60.5674
2019-07-29,62.0477
2019-07-26,60.0481
2019-07-25,59.2919
2019-07-24,61.8402
2019-07-23,62.1014
2019-07-22,60.5944
2019-07-19,55.8251
2019-07-18,60.4324
2019-07-17,57.9518
2019-07-16,59.7226
2019-07-15,60.8125
2019-07-12,58.8955
2019-07-11,57.2845
2019-07-10,59.3961
2019-07-09,57.3897
2019-07-08,56.1272
2019-07-05,62.1659
2019-07-03,62.4388
2019-07-02,60.9178
2019-07-01,59.8324
2019-06-28,56.2846
2019-06-27,58.7565
2019-06-26,58.8374
2019-06-25,54.6544
2019-06-24,58.686
2019-06-21,58.9605
2019-06-20,59.8651
2019-06-19,58.449
2019-06-18,59.1725
2019-06-17,55.0135
2019-06-14,53.8881
2019-06-13,55.5054
2019-06-12,55.5504
2019-06-11,56.2205
2019-06-10,54.3383
2019-06-07,52.2113
2019-06-06,47.4977
2019-06-05,44.6798
2019-06-04,41.4494
2019-06-03,33.3682
2019-05-31,34.6361
2019-05-30,37.0785
2019-05-29,35.8546
2019-05-28,36.4774
2019-05-24,37.009
2019-05-23,37.4931
2019-05-22,39.7252
2019-05-21,42.6806
2019-05-20,38.6997
2019-05-17,43.5362
2019-05-16,44.5017
2019-05-15,45.2431
2019-05-14,42.8078
2019-05-13,39.4814
2019-05-10,50.3186
2019-05-09,53.6895
2019-05-08,56.5204
2019-05-07,56.4804
2019-05-06,64.3862
2019-05-03,69.7856
2019-05-02,67.7423
2019-05-01,70.1159
2019-04-30,60.7136
2019-04-29,68.9581
2019-04-26,68.6398
2019-04-25,70.8207
2019-04-24,75.1738
2019-04-23,75.9284
2019-04-22,73.6081
2019-04-18,73.0475
2019-04-17,72.4417
2019-04-16,68.9132
2019-04-15,68.8937
2019-04-12,68.5564
2019-04-11,68.7137
2019-04-10,71.9896
2019-04-09,71.1121
2019-04-08,72.2643
2019-04-05,69.8681
2019-04-04,68.7855
2019-04-03,68.5066
2019-04-02,67.4246
2019-04-01,65.0396
2019-03-29,63.8736
2019-03-28,62.7482
2019-03-27,62.5228
2019-03-26,61.0168
2019-03-25,63.8458
2019-03-22,67.3606
2019-03-21,74.1421
2019-03-20,69.0674
2019-03-19,67.6487
2019-03-18,70.4548
2019-03-15,68.8916
2019-03-14,66.792
2019-03-13,64.8893
2019-03-12,64.1157
2019-03-11,62.1239
2019-03-08,55.0621
2019-03-07,54.5106
2019-03-06,57.8326
2019-03-05,59.5566
2019-03-04,60.0958
2019-03-01,59.1291
2019-02-28,57.0864
2019-02-27,59.7682
2019-02-26,59.1965
2019-02-25,59.0942
2019-02-22,57.8291
2019-02-21,55.8634
2019-02-20,57.1486
2019-02-19,56.0595
2019-02-15,55.5621
2019-02-14,56.0109
2019-02-13,55.4531
2019-02-12,56.2288
2019-02-11,54.9991
2019-02-08,56.0024
2019-02-07,55.8469
2019-02-06,59.1218
2019-02-05,59.0804
2019-02-04,57.0606
2019-02-01,53.5439
2019-01-31,53.4827
2019-01-30,52.6001
2019-01-29,43.5647
2019-01-28,44.8083
2019-01-25,45.9309
2019-01-24,41.0699
2019-01-23,41.9334
2019-01-22,41.338
2019-01-18,43.7582
2019-01-17,42.8919
2019-01-16,42.0797
2019-01-15,40.4441
2019-01-14,37.7002
2019-01-11,38.9726
2019-01-10,39.8143
2019-01-09,39.4109
2019-01-08,37.3259
2019-01-07,34.9845
2019-01-04,35.1304
2019-01-03,30.0314
2019-01-02,37.2372
2018-12-31,37.0731
2018-12-28,35.7337
2018-12-27,35.6647
2018-12-26,36.1341
2018-12-24,26.8643
2018-12-21,28.3381
2018-12-20,30.8532
2018-12-19,32.6876
2018-12-18,35.2261
2018-12-17,33.1996
2018-12-14,33.9287
2018-12-13,36.6441
2018-12-12,34.9719
2018-12-11,34.555
2018-12-10,34.9949
2018-12-07,34.0827
2018-12-06,36.8391
2018-12-04,37.7563
2018-12-03,41.8407
2018-11-30,36.8604
2018-11-29,37.3325
2018-11-28,37.995
2018-11-27,32.5109
2018-11-26,32.6666
2018-11-23,30.7347
2018-11-21,32.4385
2018-11-20,32.5148
2018-11-19,36.0949
2018-11-16,39.6798
2018-11-15,38.0645
2018-11-14,34.4378
2018-11-13,36.8525
2018-11-12,37.7509
2018-11-09,43.0438
2018-11-08,45.4041
2018-11-07,45.8362
2018-11-06,41.3472
2018-11-05,39.6716
2018-11-02,42.8107
2018-11-01,52.7301
2018-10-31,50.233
2018-10-30,45.7258
2018-10-29,44.8207
2018-10-26,47.7161
2018-10-25,50.3816
2018-10-24,46.5656
2018-10-23,52.8261
2018-10-22,51.1266
2018-10-19,50.0248
2018-10-18,47.2509
2018-10-17,51.5199
2018-10-16,52.3543
2018-10-15,48.3924
2018-10-12,52.5054
2018-10-11,45.3954
2018-10-10,47.0644
2018-10-09,58.2615
2018-10-08,55.2803
2018-10-05,55.9168
2018-10-04,60.6357
2018-10-03,66.5162
2018-10-02,64.2649
2018-10-01,62.5321
2018-09-28,61.1867
2018-09-27,60.4861
2018-09-26,56.1773
2018-09-25,58.5471
2018-09-24,57.1901
2018-09-21,53.9913
2018-09-20,57.0582
2018-09-19,55.3713
2018-09-18,55.2405
2018-09-17,54.8927
2018-09-14,62.5357
2018-09-13,66.3183
2018-09-12,61.7515
2018-09-11,66.19
2018-09-10,60.8869
2018-09-07,66.1938
2018-09-06,69.6911
2018-09-05,77.8781
2018-09-04,81.4716
2018-08-31,81.0649
2018-08-30,79.546
2018-08-29,78.2384
2018-08-28,75.8962
2018-08-27,74.4969
2018-08-24,72.9905
2018-08-23,72.4077
2018-08-22,72.0312
2018-08-21,72.0229
2018-08-20,72.8799
2018-08-17,77.2899
2018-08-16,74.324
2018-08-15,71.7939
2018-08-14,71.3674
2018-08-13,70.6093
2018-08-10,69.4388
2018-08-09,70.6716
2018-08-08,69.3108
2018-08-07,69.1942
2018-08-06,72.8778
2018-08-03,72.1003
2018-08-02,71.6717
2018-08-01,66.9347
2018-07-31,52.6056
2018-07-30,51.9348
2018-07-27,53.9784
2018-07-26,60.8444
2018-07-25,62.2653
2018-07-24,59.5904
2018-07-23,57.3994
2018-07-20,57.1293
2018-07-19,58.0339
2018-07-18,55.7973
2018-07-17,57.8763
2018-07-16,57.0952
2018-07-13,57.8883
2018-07-12,57.4876
2018-07-11,53.0293
2018-07-10,57.523
2018-07-09,57.9575
2018-07-06,54.2308
2018-07-05,50.0926
2018-07-03,47.4955
2018-07-02,53.2995
2018-06-29,49.5831
2018-06-28,50.2995
2018-06-27,47.8394
2018-06-26,48.297
2018-06-25,44.0404
2018-06-22,48.6725
2018-06-21,49.6466
2018-06-20,51.5336
2018-06-19,50.1311
2018-06-18,55.9193
2018-06-15,56.1211
2018-06-14,60.1645
2018-06-13,60.0249
2018-06-12,63.3574
2018-06-11,62.0264
2018-06-08,62.9995
2018-06-07,66.7235
2018-06-06,67.8493
2018-06-05,67.1713
2018-06-04,65.6514
2018-06-01,63.9477
2018-05-31,59.9479
2018-05-30,61.1528
2018-05-29,61.9033
2018-05-25,63.1551
2018-05-24,62.702
2018-05-23,63.0618
2018-05-22,61.8742
2018-05-21,62.6233
2018-05-18,61.3757
2018-05-17,62.395
2018-05-16,64.1666
2018-05-15,62.6953
2018-05-14,65.1945
2018-05-11,65.8361
2018-05-10,66.8548
2018-05-09,64.9362
2018-05-08,63.9677
2018-05-07,63.3136
2018-05-04,62.3432
2018-05-03,56.6604
2018-05-02,56.372
2018-05-01,48.8192
2018-04-30,44.0926
2018-04-27,40.0668
2018-04-26,41.92
2018-04-25,41.1441
2018-04-24,40.1988
2018-04-23,42.2891
2018-04-20,42.7296
2018-04-19,50.0326
2018-04-18,56.5712
2018-04-17,57.1341
2018-04-16,54.5337
2018-04-13,53.322
2018-04-12,52.6734
2018-04-11,50.8023
2018-04-10,51.728
2018-04-09,48.1843
2018-04-06,46.2272
2018-04-05,51.078
2018-04-04,49.7288
2018-04-03,45.8929
2018-04-02,43.7266
2018-03-29,44.8233
2018-03-28,43.2246
2018-03-27,44.9967
2018-03-26,49.5975
2018-03-23,39.1505
2018-03-22,43.4199
2018-03-21,46.3948
2018-03-20,51.9408
2018-03-19,52.0301
2018-03-16,56.1906
2018-03-15,57.1969
2018-03-14,56.9528
2018-03-13,59.2936
2018-03-12,62.0655
2018-03-09,60.3131
2018-03-08,57.0173
2018-03-07,54.7756
2018-03-06,57.2094
2018-03-05,57.4311
2018-03-02,56.784
2018-03-01,55.5096
2018-02-28,59.8316
2018-02-27,60.217
2018-02-26,61.0192
2018-02-23,57.8259
2018-02-22,54.7837
2018-02-21,53.2568
2018-02-20,54.2053
2018-02-16,54.8959
2018-02-15,55.5451
2018-02-14,49.8964
2018-02-13,46.4086
2018-02-12,44.4317
2018-02-09,35.7262
2018-02-08,32.7349
2018-02-07,36.4814
2018-02-06,39.933
2018-02-05,27.7664
2018-02-02,31.4806
2018-02-01,40.9214
2018-01-31,40.101
2018-01-30,39.044
2018-01-29,40.5053
2018-01-26,46.4243
2018-01-25,45.5729
2018-01-24,51.6332
2018-01-23,58.3129
2018-01-22,58.2401
2018-01-19,61.994
2018-01-18,64.1463
2018-01-17,63.9082
2018-01-16,59.2308
2018-01-12,61.5755
2018-01-11,58.4317
2018-01-10,56.586
2018-01-09,56.6826
2018-01-08,56.7286
2018-01-05,58.1866
2018-01-04,54.8452
2018-01-03,53.4088
2018-01-02,53.4694
2017-12-29,47.7854
2017-12-28,51.4294
2017-12-27,50.499
2017-12-26,50.4426
2017-12-22,60.058
2017-12-21,60.058
2017-12-20,59.0098
2017-12-19,59.4364
2017-12-18,63.7698
2017-12-15,60.1751
2017-12-14,57.3002
2017-12-13,57.4127
2017-12-12,56.4875
2017-12-11,58.5436
2017-12-08,53.0166
2017-12-07,52.9262
2017-12-06,52.387
2017-12-05,53.5717
2017-12-04,53.8656
2017-12-01,56.152
2017-11-30,57.6395
2017-11-29,54.2269
2017-11-28,61.3378
2017-11-27,63.5885
2017-11-24,65.5601
2017-11-22,65.5486
2017-11-21,63.4315
2017-11-20,59.3067
2017-11-17,59.6506
2017-11-16,61.545
2017-11-15,58.9089
2017-11-14,63.5384
2017-11-13,69.5838
2017-11-10,71.2991
2017-11-09,72.7047
2017-11-08,73.5599
2017-11-07,72.3318
2017-11-06,71.8453
2017-11-03,70.2947
2017-11-02,65.8068
2017-11-01,64.3863
2017-10-31,69.1992
2017-10-30,66.6432
2017-10-27,61.8904
2017-10-26,51.8808
2017-10-25,49.6534
2017-10-24,51.2072
2017-10-23,49.1706
2017-10-20,49.3389
2017-10-19,48.7768
2017-10-18,57.221
2017-10-17,59.045
2017-10-16,57.9878
2017-10-13,52.2523
2017-10-12,50.0323
2017-10-11,51.2909
2017-10-10,49.8752
2017-10-09,49.7471
2017-10-06,48.6247
2017-10-05,48.7973
2017-10-04,44.8515
2017-10-03,46.6391
2017-10-02,45.2502
2017-09-29,45.7739
2017-09-28,44.1087
2017-09-27,45.6136
2017-09-26,43.5129
2017-09-25,38.1172
2017-09-22,39.9949
2017-09-21,42.2059
2017-09-20,46.5764
2017-09-19,51.616
2017-09-18,51.5036
2017-09-15,53.9036
2017-09-14,51.0375
2017-09-13,53.7563
2017-09-12,56.2715
2017-09-11,57.6264
2017-09-08,52.7833
2017-09-07,58.6155
2017-09-06,60.1767
2017-09-05,60.5775
2017-09-01,65.3716
2017-08-31,65.3054
2017-08-30,64.4664
2017-08-29,63.9051
2017-08-28,62.0408
2017-08-25,59.8375
2017-08-24,59.0092
2017-08-23,60.4341
2017-08-22,60.1768
2017-08-21,56.7422
2017-08-18,57.2717
2017-08-17,57.909
2017-08-16,63.6876
2017-08-15,64.9834
2017-08-14,63.0611
2017-08-11,60.2538
2017-08-10,57.4542
2017-08-09,68.2081
2017-08-08,67.0856
2017-08-07,65.59
2017-08-04,62.5058
2017-08-03,61.3919
2017-08-02,64.8989
2017-08-01,53.5039
2017-07-31,50.6716
2017-07-28,52.4419
2017-07-27,54.9527
2017-07-26,62.7626
2017-07-25,61.4711
2017-07-24,60.2898
2017-07-21,56.764
2017-07-20,56.9487
2017-07-19,58.7123
2017-07-18,56.962
2017-07-17,55.9814
2017-07-14,55.0074
2017-07-13,52.5727
2017-07-12,48.3267
2017-07-11,47.868
2017-07-10,46.8652
2017-07-07,44.9827
2017-07-06,41.7525
2017-07-05,44.0574
2017-07-03,42.755
2017-06-30,43.6049
2017-06-29,42.8998
2017-06-28,46.3837
2017-06-27,42.0142
2017-06-26,45.5218
2017-06-23,46.3305
2017-06-22,45.0193
2017-06-21,45.4084
2017-06-20,43.7533
2017-06-19,45.7931
2017-06-16,37.2947
2017-06-15,40.2716
2017-06-14,41.6312
2017-06-13,43.9481
2017-06-12,41.4138
2017-06-09,47.6401
2017-06-08,62.7767
2017-06-07,63.9981
2017-06-06,62.3115
2017-06-05,61.3391
2017-06-02,66.0734
2017-06-01,61.9015
2017-05-31,61.0598
2017-05-30,63.9687
2017-05-26,63.8608
2017-05-25,64.6574
2017-05-24,63.7825
2017-05-23,65.1116
2017-05-22,65.6483
2017-05-19,64.279
2017-05-18,63.5063
2017-05-17,59.8751
2017-05-16,76.3201
2017-05-15,77.2077
2017-05-12,78.7203
2017-05-11,76.3549
2017-05-10,74.7227
2017-05-09,77.5345
2017-05-08,76.402
2017-05-05,70.5792
2017-05-04,65.764
2017-05-03,68.0725
2017-05-02,70.056
2017-05-01,68.239
2017-04-28,61.1905
2017-04-27,61.8132
2017-04-26,61.5209
2017-04-25,65.1833
2017-04-24,62.9918
2017-04-21,59.24
2017-04-20,59.9565
2017-04-19,54.5497
2017-04-18,56.6985
2017-04-17,59.3912
2017-04-13,56.9887
2017-04-12,60.2445
2017-04-11,59.7493
2017-04-10,66.9228
2017-04-07,67.7762
2017-04-06,69.3577
2017-04-05,71.1316
2017-04-04,74.9243
2017-04-03,72.971
2017-03-31,72.8961
2017-03-30,74.2163
2017-03-29,75.1258
2017-03-28,74.6283
2017-03-27,69.3065
2017-03-24,68.7955
2017-03-23,70.0889
2017-03-22,72.3981
2017-03-21,69.3685
2017-03-20,77.6726
2017-03-17,75.1034
2017-03-16,79.2276
2017-03-15,78.8653
2017-03-14,76.3623
2017-03-13,77.6097
2017-03-10,77.51
2017-03-09,76.756
2017-03-08,78.4951
2017-03-07,81.3402
2017-03-06,81.1151
2017-03-03,83.4528
2017-03-02,82.5631
2017-03-01,87.0645
2017-02-28,84.3258
2017-02-27,84.2579
2017-02-24,83.9611
2017-02-23,83.8216
2017-02-22,87.0305
2017-02-21,86.6883
2017-02-17,85.8398
2017-02-16,85.504
2017-02-15,86.3602
2017-02-14,85.9637
2017-02-13,84.447
2017-02-10,83.2868
2017-02-09,84.8283
2017-02-08,83.9378
2017-02-07,83.4422
2017-02-06,82.1715
2017-02-03,80.806
2017-02-02,80.1495
2017-02-01,81.2049
2017-01-31,67.5496
2017-01-30,69.3611
2017-01-27,71.4411
2017-01-26,71.4156
2017-01-25,71.2697
2017-01-24,66.0244
2017-01-23,66.6906
2017-01-20,66.4568
2017-01-19,65.8301
2017-01-18,66.9646
2017-01-17,67.0168
2017-01-13,64.4901
2017-01-12,65.5334
2017-01-11,68.0224
2017-01-10,66.474
2017-01-09,66.1823
2017-01-06,63.4647
2017-01-05,59.7674
2017-01-04,57.932
2017-01-03,58.4905
2016-12-30,57.5024
2016-12-29,61.3268
2016-12-28,61.4548
2016-12-27,63.5553
2016-12-23,61.7155
2016-12-22,61.1362
2016-12-21,64.227
2016-12-20,63.9799
2016-12-19,63.3011
2016-12-16,61.824
2016-12-15,61.4943
2016-12-14,60.1204
2016-12-13,60.1204
2016-12-12,55.8558
2016-12-09,57.878
2016-12-08,53.362
2016-12-07,50.3499
2016-12-06,47.1362
2016-12-05,44.481
2016-12-02,46.5709
2016-12-01,45.3039
2016-11-30,48.0218
2016-11-29,50.6565
2016-11-28,50.9674
2016-11-25,51.5687
2016-11-23,50.1464
2016-11-22,51.6121
2016-11-21,51.4465
2016-11-18,47.3649
2016-11-17,47.0866
2016-11-16,47.1728
2016-11-15,39.6135
2016-11-14,35.3408
2016-11-11,40.6495
2016-11-10,38.5874
2016-11-09,45.9025
2016-11-08,46.3892
2016-11-07,44.3657
2016-11-04,39.0904
2016-11-03,41.4445
2016-11-02,44.4881
2016-11-01,44.1608
2016-10-31,49.8907
2016-10-28,50.4365
2016-10-27,52.7517
2016-10-26,56.34
2016-10-25,66.6632
2016-10-24,65.3008
2016-10-21,62.7713
2016-10-20,64.7353
2016-10-19,64.9873
2016-10-18,66.4199
2016-10-17,66.7393
2016-10-14,67.0457
2016-10-13,65.8352
2016-10-12,67.1326
2016-10-11,65.2533
2016-10-10,64.7936
2016-10-07,60.8796
2016-10-06,60.5234
2016-10-05,58.761
2016-10-04,58.6566
2016-10-03,57.6797
2016-09-30,59.1456
2016-09-29,57.4597
2016-09-28,62.4399
2016-09-27,60.8746
2016-09-26,60.4927
2016-09-23,60.1939
2016-09-22,65.4805
2016-09-21,63.7879
2016-09-20,63.8435
2016-09-19,63.8699
2016-09-16,67.4243
2016-09-15,69.1988
2016-09-14,63.9257
2016-09-13,56.875
2016-09-12,50.8825
2016-09-09,44.0901
2016-09-08,51.0257
2016-09-07,62.0434
2016-09-06,60.1434
2016-09-02,60.2737
2016-09-01,57.3479
2016-08-31,55.3811
2016-08-30,55.0687
2016-08-29,58.2458
2016-08-26,58.7167
2016-08-25,61.1841
2016-08-24,63.021
2016-08-23,66.3968
2016-08-22,65.6725
2016-08-19,69.2159
2016-08-18,68.6872
2016-08-17,69.2521
2016-08-16,69.8761
2016-08-15,70.252
2016-08-12,68.1352
2016-08-11,67.7156
2016-08-10,67.9536
2016-08-09,70.6855
2016-08-08,70.0644
2016-08-05,68.794
2016-08-04,66.3391
2016-08-03,65.2977
2016-08-02,63.1126
2016-08-01,67.9866
2016-07-29,64.9751
2016-07-28,65.3879
2016-07-27,62.9998
2016-07-26,47.4325
2016-07-25,49.5453
2016-07-22,54.0514
2016-07-21,56.9203
2016-07-20,58.9668
2016-07-19,58.7274
2016-07-18,58.6255
2016-07-15,55.9105
2016-07-14,55.9438
2016-07-13,50.5899
2016-07-12,52.3202
2016-07-11,51.0477
2016-07-08,50.1866
2016-07-07,48.0451
2016-07-06,46.8422
2016-07-05,45.2563
2016-07-01,47.5
2016-06-30,46.691
2016-06-29,43.2534
2016-06-28,40.8057
2016-06-27,35.7692
2016-06-24,38.4997
2016-06-23,44.9748
2016-06-22,43.1237
2016-06-21,44.0451
2016-06-20,41.3673
2016-06-17,41.9083
2016-06-16,47.6188
2016-06-15,46.3358
2016-06-14,47.1929
2016-06-13,46.8426
2016-06-10,50.8188
2016-06-09,53.1788
2016-06-08,51.3192
2016-06-07,51.5659
2016-06-06,50.5627
2016-06-03,48.7737
2016-06-02,48.2727
2016-06-01,49.9911
2016-05-31,53.408
2016-05-27,54.65
2016-05-26,54.7982
2016-05-25,53.2107
2016-05-24,49.5456
2016-05-23,46.1188
2016-05-20,43.0966
2016-05-19,40.4204
2016-05-18,41.068
2016-05-17,38.2756
2016-05-16,38.9141
2016-05-13,29.2558
2016-05-12,28.6819
2016-05-11,31.6195
2016-05-10,32.9645
2016-05-09,31.0351
2016-05-06,30.825
2016-05-05,31.5024
2016-05-04,31.9875
2016-05-03,33.255
2016-05-02,29.1038
2016-04-29,29.2159
2016-04-28,30.4294
2016-04-27,34.1232
2016-04-26,45.6102
2016-04-25,47.3013
2016-04-22,48.7115
2016-04-21,49.3876
2016-04-20,52.1374
2016-04-19,51.6524
2016-04-18,52.9737
2016-04-15,58.9277
2016-04-14,65.575
2016-04-13,65.4764
2016-04-12,62.7736
2016-04-11,60.1428
2016-04-08,59.4527
2016-04-07,59.2291
2016-04-06,66.2243
2016-04-05,64.322
2016-04-04,68.4968
2016-04-01,66.7271
2016-03-31,65.0778
2016-03-30,66.8727
2016-03-29,63.7391
2016-03-28,58.8401
2016-03-24,60.3329
2016-03-23,61.7593
2016-03-22,63.5913
2016-03-21,62.126
2016-03-18,62.1554
2016-03-17,61.9505
2016-03-16,62.4051
2016-03-15,60.1328
2016-03-14,56.4246
2016-03-11,55.9331
2016-03-10,53.8607
2016-03-09,53.7659
2016-03-08,53.603
2016-03-07,55.332
2016-03-04,57.7329
2016-03-03,55.2918
2016-03-02,54.0393
2016-03-01,53.6776
2016-02-29,46.727
2016-02-26,47.1118
2016-02-25,46.8282
2016-02-24,45.6091
2016-02-23,42.9548
2016-02-22,46.2879
2016-02-19,44.725
2016-02-18,45.0512
2016-02-17,47.8541
2016-02-16,45.2806
2016-02-12,40.2661
2016-02-11,39.6916
2016-02-10,40.4175
2016-02-09,41.3244
2016-02-08,41.3489
2016-02-05,39.6679
2016-02-04,42.6976
2016-02-03,41.4362
2016-02-02,38.3028
2016-02-01,40.4466
2016-01-29,41.4758
2016-01-28,35.9459
2016-01-27,34.7382
2016-01-26,42.1396
2016-01-25,41.1423
2016-01-22,43.7195
2016-01-21,33.4839
2016-01-20,34.0468
2016-01-19,33.7662
2016-01-15,34.267
2016-01-14,36.912
2016-01-13,32.5008
2016-01-12,35.3326
2016-01-11,32.2105
2016-01-08,28.6158
2016-01-07,27.4282
2016-01-06,31.5886
2016-01-05,33.8988
2016-01-04,37.3027
2015-12-31,37.0982
2015-12-30,39.9311
2015-12-29,42.0331
2015-12-28,37.8294
2015-12-24,39.5464
2015-12-23,40.381
2015-12-22,37.3945
2015-12-21,37.5239
2015-12-18,34.7347
2015-12-17,38.4336
2015-12-16,41.818
2015-12-15,40.0105
2015-12-14,42.9803
2015-12-11,44.0734
2015-12-10,49.1457
2015-12-09,48.102
2015-12-08,53.0065
2015-12-07,53.105
2015-12-04,54.5501
2015-12-03,47.6374
2015-12-02,49.6608
2015-12-01,51.7086
2015-11-30,53.6107
2015-11-27,52.7683
2015-11-25,53.1802
2015-11-24,54.7489
2015-11-23,52.9979
2015-11-20,55.8122
2015-11-19,55.0515
2015-11-18,52.8415
2015-11-17,46.8424
2015-11-16,47.6177
2015-11-13,44.3044
2015-11-12,49.8184
2015-11-11,50.5074
2015-11-10,51.656
2015-11-09,58.9944
2015-11-06,60.0392
2015-11-05,59.8462
2015-11-04,60.9604
2015-11-03,62.0779
2015-11-02,60.3959
2015-10-30,58.2708
2015-10-29,60.1507
2015-10-28,58.5985
2015-10-27,51.9357
2015-10-26,53.1934
2015-10-23,60.4308
2015-10-22,54.9443
2015-10-21,51.8624
2015-10-20,51.8818
2015-10-19,48.126
2015-10-16,46.7915
2015-10-15,48.1912
2015-10-14,45.049
2015-10-13,47.6796
2015-10-12,47.3283
2015-10-09,48.1693
2015-10-08,43.3506
2015-10-07,45.3055
2015-10-06,46.1237
2015-10-05,45.1833
2015-10-02,44.4885
2015-10-01,43.1188
2015-09-30,43.5914
2015-09-29,42.1423
2015-09-28,46.4471
2015-09-25,49.6853
2015-09-24,50.1093
2015-09-23,49.1426
2015-09-22,47.8436
2015-09-21,50.242
2015-09-18,47.8259
2015-09-17,48.4224
2015-09-16,51.6657
2015-09-15,51.5045
2015-09-14,50.331
2015-09-11,49.0016
2015-09-10,46.9919
2015-09-09,43.8925
2015-09-08,46.1822
2015-09-04,42.1471
2015-09-03,43.2621
2015-09-02,45.3011
2015-09-01,38.8837
2015-08-31,44.2659
2015-08-28,44.8866
2015-08-27,44.3693
2015-08-26,39.673
2015-08-25,29.2159
2015-08-24,27.98
2015-08-21,30.1063
2015-08-20,37.0954
2015-08-19,40.1265
2015-08-18,42.1945
2015-08-17,43.1298
2015-08-14,40.8656
2015-08-13,39.3163
2015-08-12,39.4254
2015-08-11,36.1548
2015-08-10,44.2316
2015-08-07,34.9205
2015-08-06,33.9476
2015-08-05,33.3436
2015-08-04,31.5353
2015-08-03,36.1999
2015-07-31,40.4813
2015-07-30,42.2576
2015-07-29,43.3035
2015-07-28,43.9537
2015-07-27,42.6748
2015-07-24,45.4702
2015-07-23,46.5759
2015-07-22,46.6739
2015-07-21,57.2175
2015-07-20,60.3068
2015-07-17,56.1304
2015-07-16,54.0494
2015-07-15,50.6646
2015-07-14,48.0623
2015-07-13,48.162
2015-07-10,42.7945
2015-07-09,34.044
2015-07-08,38.3886
2015-07-07,45.2325
2015-07-06,46.0067
2015-07-02,47.0936
2015-07-01,47.4811
2015-06-30,44.2827
2015-06-29,41.7141
2015-06-26,46.7978
2015-06-25,48.7028
2015-06-24,50.2844
2015-06-23,47.412
2015-06-22,48.852
2015-06-19,46.1462
2015-06-18,49.2852
2015-06-17,47.7554
2015-06-16,48.4739
2015-06-15,46.7486
2015-06-12,47.3018
2015-06-11,50.5281
2015-06-10,51.2057
2015-06-09,47.8616
2015-06-08,48.6866
2015-06-05,50.5379
2015-06-04,52.1102
2015-06-03,53.8127
2015-06-02,53.5089
2015-06-01,54.738
2015-05-29,54.2957
2015-05-28,57.4321
2015-05-27,57.9943
2015-05-26,54.0869
2015-05-22,60.5275
2015-05-21,58.6869
2015-05-20,56.456
2015-05-19,56.4778
2015-05-18,56.7273
2015-05-15,54.4657
2015-05-14,54.8107
2015-05-13,49.8856
2015-05-12,49.6284
2015-05-11,50.3995
2015-05-08,52.6188
2015-05-07,48.7249
2015-05-06,47.3903
2015-05-05,48.6239
2015-05-04,53.4782
2015-05-01,53.919
2015-04-30,47.6926
2015-04-29,54.0666
2015-04-28,58.1266
2015-04-27,63.0206
2015-04-24,59.332
2015-04-23,58.3153
2015-04-22,56.5386
2015-04-21,53.4703
2015-04-20,54.9576
2015-04-17,49.4391
2015-04-16,52.4826
2015-04-15,53.8352
2015-04-14,52.9283
2015-04-13,54.0848
2015-04-10,54.5999
2015-04-09,53.6949
2015-04-08,52.0816
2015-04-07,52.8284
2015-04-06,55.2899
2015-04-02,52.0762
2015-04-01,50.287
2015-03-31,50.5888
2015-03-30,53.9016
2015-03-27,48.7768
2015-03-26,50.4681
2015-03-25,49.009
2015-03-24,54.9247
2015-03-23,55.9324
2015-03-20,53.9087
2015-03-19,56.9328
2015-03-18,58.8499
2015-03-17,56.8242
2015-03-16,53.6565
2015-03-13,51.4549
2015-03-12,52.9665
2015-03-11,49.3326
2015-03-10,53.3551
2015-03-09,58.6157
2015-03-06,57.8042
2015-03-05,57.5258
2015-03-04,61.8733
2015-03-03,63.6321
2015-03-02,63.3058
2015-02-27,62.5613
2015-02-26,66.5415
2015-02-25,64.7717
2015-02-24,72.3319
2015-02-23,74.3566
2015-02-20,71.1127
2015-02-19,70.0392
2015-02-18,70.6719
2015-02-17,69.8066
2015-02-13,69.0719
2015-02-12,68.4694
2015-02-11,66.9088
2015-02-10,63.8301
2015-02-09,61.0625
2015-02-06,60.0655
2015-02-05,61.9935
2015-02-04,60.9965
2015-02-03,59.9273
2015-02-02,59.9043
2015-01-30,58.2342
2015-01-29,61.0959
2015-01-28,56.9493
2015-01-27,47.879
2015-01-26,54.9362
2015-01-23,54.7442
2015-01-22,53.841
2015-01-21,49.099
2015-01-20,47.61
2015-01-16,42.3392
2015-01-15,43.6063
2015-01-14,48.5636
2015-01-13,49.3142
2015-01-12,47.535
2015-01-09,52.5182
2015-01-08,52.3117
2015-01-07,44.3846
2015-01-06,41.0332
2015-01-05,41.0106
2015-01-02,46.2071
2014-12-31,48.1845
2014-12-30,52.5376
2014-12-29,55.6392
2014-12-26,55.8194
2014-12-24,52.1781
2014-12-23,53.2951
2014-12-22,54.1259
2014-12-19,52.0674
2014-12-18,53.787
2014-12-17,47.6729
2014-12-16,41.6393
2014-12-15,44.3364
2014-12-12,47.2958
2014-12-11,51.3881
2014-12-10,52.1363
2014-12-09,57.3533
2014-12-08,53.8781
2014-12-05,61.0186
2014-12-04,62.5016
2014-12-03,63.8249
2014-12-02,61.5393
2014-12-01,62.8154
2014-11-28,75.9391
2014-11-26,76.2134
2014-11-25,74.4605
2014-11-24,78.4833
2014-11-21,75.8807
2014-11-20,75.6731
2014-11-19,73.4483
2014-11-18,76.6989
2014-11-17,74.7337
2014-11-14,75.5104
2014-11-13,73.648
2014-11-12,71.2502
2014-11-11,68.5679
2014-11-10,66.9222
2014-11-07,67.6181
2014-11-06,67.0577
2014-11-05,66.5094
2014-11-04,66.0594
2014-11-03,68.7604
2014-10-31,66.482
2014-10-30,64.7
2014-10-29,65.8743
2014-10-28,64.8646
2014-10-27,61.96
2014-10-24,62.2902
2014-10-23,61.6011
2014-10-22,58.1754
2014-10-21,57.149
2014-10-20,51.2229
2014-10-17,45.7234
2014-10-16,41.4959
2014-10-15,44.484
2014-10-14,47.5595
2014-10-13,50.4632
2014-10-10,53.1381
2014-10-09,53.9952
2014-10-08,53.4542
2014-10-07,48.0449
2014-10-06,50.4067
2014-10-03,50.4067
2014-10-02,51.1368
2014-10-01,49.3444
2014-09-30,53.4024
2014-09-29,51.8695
2014-09-26,53.5428
2014-09-25,46.1112
2014-09-24,57.9821
2014-09-23,61.4281
2014-09-22,57.1311
2014-09-19,56.8421
2014-09-18,60.0342
2014-09-17,59.4873
2014-09-16,57.5976
2014-09-15,60.463
2014-09-12,60.5745
2014-09-11,60.0376
2014-09-10,59.047
2014-09-09,50.964
2014-09-08,52.1664
2014-09-05,54.1679
2014-09-04,51.7155
2014-09-03,54.3824
2014-09-02,73.5376
2014-08-29,71.8065
2014-08-28,71.2482
2014-08-27,70.9862
2014-08-26,68.133
2014-08-25,71.644
2014-08-22,71.167
2014-08-21,69.5291
2014-08-20,69.5068
2014-08-19,69.422
2014-08-18,66.3797
2014-08-15,63.4002
2014-08-14,62.1023
2014-08-13,61.3979
2014-08-12,57.754
2014-08-11,57.8357
2014-08-08,53.9707
2014-08-07,53.1215
2014-08-06,53.1572
2014-08-05,53.7051
2014-08-04,55.2955
2014-08-01,57.1425
2014-07-31,55.7648
2014-07-30,65.3696
2014-07-29,66.3488
2014-07-28,69.0845
2014-07-25,66.3023
2014-07-24,64.8755
2014-07-23,65.5335
2014-07-22,59.5108
2014-07-21,57.2678
2014-07-18,59.2274
2014-07-17,55.2578
2014-07-16,62.5547
2014-07-15,65.1667
2014-07-14,71.0658
2014-07-11,68.0776
2014-07-10,67.5995
2014-07-09,69.497
2014-07-08,69.4051
2014-07-07,72.6173
2014-07-03,68.238
2014-07-02,66.8068
2014-07-01,67.0154
2014-06-30,65.5059
2014-06-27,62.9094
2014-06-26,59.6274
2014-06-25,57.856
2014-06-24,57.5941
2014-06-23,60.0303
2014-06-20,60.3832
2014-06-19,64.6726
2014-06-18,66.177
2014-06-17,65.9418
2014-06-16,66.4687
2014-06-13,64.3967
2014-06-12,68.8326
2014-06-11,76.6275
2014-06-10,78.7315
2014-06-09,77.9192
2014-06-06,75.5377
2014-06-05,76.8953
2014-06-04,76.3206
2014-06-03,74.5933
2014-06-02,72.2446
2014-05-30,75.4886
2014-05-29,77.2925
2014-05-28,74.5302
2014-05-27,75.778
2014-05-23,72.6952
2014-05-22,70.5728
2014-05-21,70.2655
2014-05-20,69.7656
2014-05-19,69.7294
2014-05-16,67.5481
2014-05-15,64.5713
2014-05-14,68.0157
2014-05-13,67.9804
2014-05-12,67.6937
2014-05-09,65.3862
2014-05-08,66.911
2014-05-07,67.5494
2014-05-06,68.7845
2014-05-05,72.7648
2014-05-02,70.7044
2014-05-01,70.4254
2014-04-30,70.0834
2014-04-29,71.3466
2014-04-28,72.3195
2014-04-25,66.9271
2014-04-24,65.7332
2014-04-23,46.972
2014-04-22,51.2804
2014-04-21,50.9551
2014-04-17,46.9951
2014-04-16,42.8203
2014-04-15,42.0525
2014-04-14,44.0428
2014-04-11,42.6069
2014-04-10,44.6415
2014-04-09,48.533
2014-04-08,43.8564
2014-04-07,43.8729
2014-04-04,48.7242
2014-04-03,53.4072
2014-04-02,56.1741
2014-04-01,55.6517
2014-03-31,52.7311
2014-03-28,52.8119
2014-03-27,53.1988
2014-03-26,54.6703
2014-03-25,58.0986
2014-03-24,55.1223
2014-03-21,51.5606
2014-03-20,49.0247
2014-03-19,50.5687
2014-03-18,50.6516
2014-03-17,47.9544
2014-03-14,46.7377
2014-03-13,49.9636
2014-03-12,53.4695
2014-03-11,53.1973
2014-03-10,50.4599
2014-03-07,50.203
2014-03-06,50.3633
2014-03-05,51.169
2014-03-04,50.6472
2014-03-03,49.0398
2014-02-28,48.3416
2014-02-27,48.9408
2014-02-26,44.1984
2014-02-25,46.053
2014-02-24,48.2971
2014-02-21,47.2746
2014-02-20,49.6684
2014-02-19,52.3219
2014-02-18,56.2803
2014-02-14,55.5389
2014-02-13,55.7365
2014-02-12,52.6413
2014-02-11,52.6577
2014-02-10,50.0765
2014-02-07,46.3657
2014-02-06,43.2813
2014-02-05,41.9759
2014-02-04,40.306
2014-02-03,37.0161
2014-01-31,36.5909
2014-01-30,36.2311
2014-01-29,36.4637
2014-01-28,37.8343
2014-01-27,52.06
2014-01-24,50.2716
2014-01-23,54.6953
2014-01-22,52.8756
2014-01-21,51.917
2014-01-17,48.49
2014-01-16,54.4502
2014-01-15,55.9463
2014-01-14,51.4788
2014-01-13,46.4672
2014-01-10,45.0562
2014-01-09,46.5515
2014-01-08,49.5832
2014-01-07,47.9968
2014-01-06,49.6861
2014-01-03,48.378
2014-01-02,53.8565
2013-12-31,57.9017
2013-12-30,55.2724
2013-12-27,58.2332
2013-12-26,60.3333
2013-12-24,62.4505
2013-12-23,63.8161
2013-12-20,55.8266
2013-12-19,53.7259
2013-12-18,57.3086
2013-12-17,59.844
2013-12-16,61.3784
2013-12-13,60.1925
2013-12-12,63.9025
2013-12-11,64.4087
2013-12-10,66.9842
2013-12-09,67.5229
2013-12-06,65.609
2013-12-05,70.4589
2013-12-04,69.675
2013-12-03,70.4847
2013-12-02,66.2282
2013-11-29,69.2718
2013-11-27,66.1883
2013-11-26,61.646
2013-11-25,57.4715
2013-11-22,55.599
2013-11-21,56.3989
2013-11-20,53.4785
2013-11-19,56.1268
2013-11-18,55.705
2013-11-15,59.4561
2013-11-14,61.4131
2013-11-13,58.3178
2013-11-12,58.0528
2013-11-11,57.6585
2013-11-08,58.4793
2013-11-07,55.2499
2013-11-06,59.871
2013-11-05,60.7127
2013-11-04,61.4344
2013-11-01,59.0455
2013-10-31,60.4602
2013-10-30,61.6116
2013-10-29,58.821
2013-10-28,66.1587
2013-10-25,64.9247
2013-10-24,68.5311
2013-10-23,66.4647
2013-10-22,64.8584
2013-10-21,65.7362
2013-10-18,61.6177
2013-10-17,60.0104
2013-10-16,58.7445
2013-10-15,57.833
2013-10-14,56.8506
2013-10-11,55.6504
2013-10-10,54.4673
2013-10-09,53.3309
2013-10-08,51.1876
2013-10-07,54.0298
2013-10-04,52.2853
2013-10-03,52.4375
2013-10-02,54.8943
2013-10-01,54.3659
2013-09-30,50.5066
2013-09-27,52.7761
2013-09-26,54.1119
2013-09-25,52.5704
2013-09-24,55.4254
2013-09-23,56.0133
2013-09-20,48.129
2013-09-19,49.9183
2013-09-18,47.0014
2013-09-17,43.1368
2013-09-16,40.8608
2013-09-13,45.812
2013-09-12,48.7711
2013-09-11,46.6795
2013-09-10,59.0693
2013-09-09,66.2181
2013-09-06,63.3095
2013-09-05,62.161
2013-09-04,64.3812
2013-09-03,60.4111
2013-08-30,59.8374
2013-08-29,62.6738
2013-08-28,62.37
2013-08-27,61.5164
2013-08-26,71.0661
2013-08-23,70.4756
2013-08-22,71.8616
2013-08-21,71.6981
2013-08-20,71.3581
2013-08-19,75.8329
2013-08-16,74.6059
2013-08-15,73.5641
2013-08-14,73.9488
2013-08-13,71.8306
2013-08-12,65.132
2013-08-09,59.8612
2013-08-08,64.5732
2013-08-07,65.253
2013-08-06,65.4451
2013-08-05,68.4217
2013-08-02,66.0051
2013-08-01,63.7698
2013-07-31,62.0957
2013-07-30,62.6195
2013-07-29,60.3982
2013-07-26,57.4441
2013-07-25,56.3103
2013-07-24,57.4847
2013-07-23,46.0379
2013-07-22,50.425
2013-07-19,49.5769
2013-07-18,53.9675
2013-07-17,53.1287
2013-07-16,53.0642
2013-07-15,51.5462
2013-07-12,51.0383
2013-07-11,51.467
2013-07-10,47.9673
2013-07-09,48.793
2013-07-08,44.7194
2013-07-05,45.8442
2013-07-03,47.4616
2013-07-02,46.2299
2013-07-01,40.9526
2013-06-28,32.3132
2013-06-27,30.2111
2013-06-26,31.6687
2013-06-25,33.2906
2013-06-24,33.2264
2013-06-21,37.3835
2013-06-20,38.7876
2013-06-19,41.5226
2013-06-18,45.8984
2013-06-17,46.0192
2013-06-14,44.8499
2013-06-13,47.836
2013-06-12,45.6417
2013-06-11,48.4144
2013-06-10,49.09
2013-06-07,50.609
2013-06-06,48.8852
2013-06-05,52.3283
2013-06-04,54.6373
2013-06-03,55.4172
2013-05-31,54.9908
2013-05-30,55.9428
2013-05-29,53.1755
2013-05-28,51.6476
2013-05-24,53.3971
2013-05-23,52.1481
2013-05-22,51.8278
2013-05-21,51.1585
2013-05-20,52.4961
2013-05-17,48.7301
2013-05-16,49.2355
2013-05-15,46.9645
2013-05-14,52.8504
2013-05-13,57.8421
2013-05-10,57.2176
2013-05-09,59.0002
2013-05-08,60.8941
2013-05-07,59.294
2013-05-06,60.2209
2013-05-03,56.8715
2013-05-02,55.3881
2013-05-01,53.2547
2013-04-30,54.6454
2013-04-29,50.16
2013-04-26,44.8769
2013-04-25,40.8034
2013-04-24,39.3967
2013-04-23,39.6013
2013-04-22,36.0783
2013-04-19,31.9645
2013-04-18,32.3337
2013-04-17,35.0535
2013-04-16,42.4501
2013-04-15,39.1234
2013-04-12,42.7817
2013-04-11,44.5848
2013-04-10,45.1273
2013-04-09,40.7405
2013-04-08,40.3399
2013-04-05,38.8037
2013-04-04,40.2834
2013-04-03,41.7109
2013-04-02,40.683
2013-04-01,40.2816
2013-03-28,44.7688
2013-03-27,48.2684
2013-03-26,51.9792
2013-03-25,53.0243
2013-03-22,52.4031
2013-03-21,48.8721
2013-03-20,48.6157
2013-03-19,49.4899
2013-03-18,49.9252
2013-03-15,45.4566
2013-03-14,40.8134
2013-03-13,38.9782
2013-03-12,39.0004
2013-03-11,41.6532
2013-03-08,39.0889
2013-03-07,38.6147
2013-03-06,36.5869
2013-03-05,37.9126
2013-03-04,33.2635
2013-03-01,35.6451
2013-02-28,38.3836
2013-02-27,39.2137
2013-02-26,40.3647
2013-02-25,37.9379
2013-02-22,39.9426
2013-02-21,38.0999
2013-02-20,38.7636
2013-02-19,41.5059
2013-02-15,41.5485
2013-02-14,43.1399
2013-02-13,43.2427
2013-02-12,43.4511
2013-02-11,46.3175
2013-02-08,44.8966
2013-02-07,42.937
2013-02-06,38.827
2013-02-05,38.9243
2013-02-04,33.9833
2013-02-01,35.9973
2013-01-31,36.3357
2013-01-30,36.5698
2013-01-29,36.8119
2013-01-28,34.3939
2013-01-25,31.4563
2013-01-24,32.9524
2013-01-23,45.1516
2013-01-22,42.1952
2013-01-18,40.6248
2013-01-17,41.2225
2013-01-16,41.969
2013-01-15,35.3954
2013-01-14,38.6606
2013-01-11,43.0852
2013-01-10,43.9114
2013-01-09,41.7941
2013-01-08,43.8062
2013-01-07,43.3613
2013-01-04,44.0904
2013-01-03,47.8093
2013-01-02,49.6362
2012-12-31,44.7613
2012-12-28,37.0002
2012-12-27,38.2366
2012-12-26,37.4892
2012-12-24,39.051
2012-12-21,38.7677
2012-12-20,39.2642
2012-12-19,40.1976
2012-12-18,41.7604
2012-12-17,37.1514
2012-12-14,34.1844
2012-12-13,37.9299
2012-12-12,39.8719
2012-12-11,40.3757
2012-12-10,36.6954
2012-12-07,37.3446
2012-12-06,40.0946
2012-12-05,37.4518
2012-12-04,45.8816
2012-12-03,48.7946
2012-11-30,48.5214
2012-11-29,49.6494
2012-11-28,47.8367
2012-11-27,48.3103
2012-11-26,49.5123
2012-11-23,44.5357
2012-11-21,41.5613
2012-11-20,41.3214
2012-11-19,42.3325
2012-11-16,29.3594
2012-11-15,28.5333
2012-11-14,30.3798
2012-11-13,31.412
2012-11-12,31.387
2012-11-09,32.0786
2012-11-08,28.7981
2012-11-07,31.9911
2012-11-06,36.1442
2012-11-05,36.5035
2012-11-02,33.7411
2012-11-01,37.6707
2012-10-31,37.2416
2012-10-26,39.0593
2012-10-25,40.25
2012-10-24,41.8458
2012-10-23,40.783
2012-10-22,45.4812
2012-10-19,37.4751
2012-10-18,43.1488
2012-10-17,46.6742
2012-10-16,48.2957
2012-10-15,42.818
2012-10-12,40.8187
2012-10-11,40.1832
2012-10-10,43.7234
2012-10-09,41.7992
2012-10-08,42.4311
2012-10-05,46.5901
2012-10-04,51.2972
2012-10-03,52.9605
2012-10-02,49.5731
2012-10-01,48.9113
2012-09-28,51.4909
2012-09-27,56.7276
2012-09-26,51.3957
2012-09-25,54.713
2012-09-24,62.6382
2012-09-21,67.6606
2012-09-20,67.287
2012-09-19,69.1361
2012-09-18,69.091
2012-09-17,68.6027
2012-09-14,66.6011
2012-09-13,64.5021
2012-09-12,60.781
2012-09-11,57.8535
2012-09-10,58.8284
2012-09-07,67.7585
2012-09-06,66.6246
2012-09-05,64.9273
2012-09-04,67.4859
2012-08-31,64.7792
2012-08-30,64.382
2012-08-29,69.5982
2012-08-28,70.3508
2012-08-27,70.8308
2012-08-24,67.8838
2012-08-23,67.7367
2012-08-22,70.9938
2012-08-21,67.9927
2012-08-20,73.0902
2012-08-17,68.9427
2012-08-16,65.4483
2012-08-15,63.6282
2012-08-14,64.1291
2012-08-13,63.5941
2012-08-10,60.8712
2012-08-09,60.5435
2012-08-08,59.3758
2012-08-07,59.8799
2012-08-06,60.6391
2012-08-03,58.5487
2012-08-02,55.9844
2012-08-01,55.6616
2012-07-31,57.27
2012-07-30,52.0255
2012-07-27,48.2385
2012-07-26,43.8531
2012-07-25,43.8841
2012-07-24,54.3895
2012-07-23,55.8128
2012-07-20,56.0379
2012-07-19,61.0204
2012-07-18,58.1788
2012-07-17,58.5207
2012-07-16,58.5105
2012-07-13,57.8729
2012-07-12,55.8563
2012-07-11,58.2704
2012-07-10,59.9531
2012-07-09,62.5306
2012-07-06,60.2406
2012-07-05,62.0672
2012-07-03,59.0044
2012-07-02,56.838
2012-06-29,53.9813
2012-06-28,48.2745
2012-06-27,50.4409
2012-06-26,49.4624
2012-06-25,48.9753
2012-06-22,53.3724
2012-06-21,51.7645
2012-06-20,55.0502
2012-06-19,55.7453
2012-06-18,55.2207
2012-06-15,51.301
2012-06-14,50.3801
2012-06-13,50.6004
2012-06-12,51.9708
2012-06-11,50.3781
2012-06-08,53.4668
2012-06-07,50.7718
2012-06-06,50.6898
2012-06-05,47.9555
2012-06-04,48.3867
2012-06-01,47.3705
2012-05-31,52.3363
2012-05-30,52.7885
2012-05-29,50.8555
2012-05-25,47.9259
2012-05-24,48.7643
2012-05-23,50.2074
2012-05-22,46.2915
2012-05-21,47.4149
2012-05-18,37.0013
2012-05-17,36.9015
2012-05-16,40.6596
2012-05-15,42.4876
2012-05-14,43.8197
2012-05-11,46.1297
2012-05-10,47.1902
2012-05-09,46.7814
2012-05-08,46.4877
2012-05-07,46.8067
2012-05-04,45.654
2012-05-03,49.6587
2012-05-02,50.7198
2012-05-01,49.7763
2012-04-30,50.2152
2012-04-27,54.9473
2012-04-26,56.1903
2012-04-25,56.7876
2012-04-24,44.7212
2012-04-23,47.6228
2012-04-20,47.9541
2012-04-19,51.8233
2012-04-18,58.28
2012-04-17,58.7323
2012-04-16,50.8529
2012-04-13,60.1075
2012-04-12,68.3673
2012-04-11,70.1583
2012-04-10,71.3175
2012-04-09,75.435
2012-04-05,74.9859
2012-04-04,73.2806
2012-04-03,75.9092
2012-04-02,74.0202
2012-03-30,70.0365
2012-03-29,76.0205
2012-03-28,80.967
2012-03-27,80.4788
2012-03-26,79.2721
2012-03-23,77.3323
2012-03-22,79.4587
2012-03-21,81.5036
2012-03-20,83.7455
2012-03-19,83.1261
2012-03-16,80.9191
2012-03-15,80.9176
2012-03-14,83.4682
2012-03-13,80.3191
2012-03-12,77.2307
2012-03-09,75.6935
2012-03-08,74.9454
2012-03-07,72.0401
2012-03-06,71.9224
2012-03-05,73.9159
2012-03-02,82.9717
2012-03-01,82.8538
2012-02-29,82.5252
2012-02-28,81.3494
2012-02-27,79.5555
2012-02-24,78.8857
2012-02-23,77.6349
2012-02-22,76.9118
2012-02-21,78.2097
2012-02-17,75.4407
2012-02-16,75.5051
2012-02-15,74.4596
2012-02-14,83.2233
2012-02-13,82.0559
2012-02-10,80.3145
2012-02-09,80.2649
2012-02-08,76.5693
2012-02-07,74.4015
2012-02-06,72.9283
2012-02-03,71.5556
2012-02-02,70.0206
2012-02-01,70.8732
2012-01-31,71.0961
2012-01-30,70.0244
2012-01-27,68.1734
2012-01-26,67.2858
2012-01-25,68.6796
2012-01-24,57.9885
2012-01-23,63.4769
2012-01-20,59.8061
2012-01-19,66.4557
2012-01-18,67.7622
2012-01-17,65.6838
2012-01-13,63.1835
2012-01-12,64.6289
2012-01-11,65.6769
2012-01-10,66.2842
2012-01-09,65.6233
2012-01-06,66.1701
2012-01-05,64.3285
2012-01-04,62.2797
2012-01-03,61.262
2011-12-30,58.245
2011-12-29,58.3281
2011-12-28,57.1268
2011-12-27,59.6909
2011-12-23,58.2256
2011-12-22,55.9534
2011-12-21,54.9277
2011-12-20,54.692
2011-12-19,47.4453
2011-12-16,46.7445
2011-12-15,45.5385
2011-12-14,46.1349
2011-12-13,50.4651
2011-12-12,52.098
2011-12-09,53.056
2011-12-08,51.6514
2011-12-07,50.9113
2011-12-06,51.8038
2011-12-05,52.7773
2011-12-02,51.3828
2011-12-01,50.6423
2011-11-30,48.2168
2011-11-29,44.1192
2011-11-28,45.2222
2011-11-25,38.9953
2011-11-23,40.1777
2011-11-22,43.68
2011-11-21,39.7492
2011-11-18,41.9483
2011-11-17,42.8872
2011-11-16,45.7884
2011-11-15,47.4712
2011-11-14,42.7604
2011-11-11,44.9031
2011-11-10,45.1436
2011-11-09,49.3551
2011-11-08,54.6246
2011-11-07,51.7176
2011-11-04,51.9657
2011-11-03,53.3143
2011-11-02,50.893
2011-11-01,50.5052
2011-10-31,54.2444
2011-10-28,54.3229
2011-10-27,54.2266
2011-10-26,52.7377
2011-10-25,51.705
2011-10-24,54.9281
2011-10-21,50.1698
2011-10-20,51.1399
2011-10-19,52.4469
2011-10-18,63.4377
2011-10-17,62.7309
2011-10-14,63.7772
2011-10-13,59.4381
2011-10-12,57.1983
2011-10-11,56.5036
2011-10-10,52.0345
2011-10-07,42.7871
2011-10-06,46.1533
2011-10-05,46.5578
2011-10-04,43.4831
2011-10-03,44.3687
2011-09-30,47.2973
2011-09-29,51.7654
2011-09-28,55.2154
2011-09-27,56.4644
2011-09-26,58.6548
2011-09-23,59.2862
2011-09-22,58.3514
2011-09-21,64.1767
2011-09-20,64.9587
2011-09-19,64.3859
2011-09-16,60.649
2011-09-15,57.7993
2011-09-14,56.3413
2011-09-13,54.4288
2011-09-12,52.45
2011-09-09,51.396
2011-09-08,54.503
2011-09-07,54.4205
2011-09-06,52.7974
2011-09-02,50.5244
2011-09-01,53.5282
2011-08-31,55.2264
2011-08-30,57.5829
2011-08-29,57.5763
2011-08-26,55.4514
2011-08-25,51.9214
2011-08-24,52.9152
2011-08-23,51.9999
2011-08-22,45.2777
2011-08-19,45.1031
2011-08-18,48.7095
2011-08-17,54.6736
2011-08-16,54.6913
2011-08-15,55.9506
2011-08-12,53.733
2011-08-11,52.5706
2011-08-10,48.8565
2011-08-09,52.9149
2011-08-08,44.0095
2011-08-05,53.4296
2011-08-04,55.5032
2011-08-03,65.2555
2011-08-02,63.8006
2011-08-01,69.744
2011-07-29,67.4395
2011-07-28,68.4987
2011-07-27,69.0911
2011-07-26,78.109
2011-07-25,76.8038
2011-07-22,75.3235
2011-07-21,73.4642
2011-07-20,73.3404
2011-07-19,69.902
2011-07-18,68.7395
2011-07-15,65.0009
2011-07-14,61.4767
2011-07-13,61.683
2011-07-12,59.4763
2011-07-11,59.6674
2011-07-08,64.1396
2011-07-07,62.9809
2011-07-06,60.3426
2011-07-05,59.1582
2011-07-01,55.8405
2011-06-30,51.2085
2011-06-29,50.1416
2011-06-28,50.9335
2011-06-27,48.9103
2011-06-24,45.1106
2011-06-23,48.0204
2011-06-22,41.7111
2011-06-21,43.2681
2011-06-20,34.6736
2011-06-17,37.3331
2011-06-16,40.2417
2011-06-15,41.232
2011-06-14,44.9963
2011-06-13,39.6215
2011-06-10,38.9422
2011-06-09,42.5766
2011-06-08,43.0892
2011-06-07,42.9151
2011-06-06,47.0142
2011-06-03,51.1951
2011-06-02,53.4199
2011-06-01,52.9882
2011-05-31,54.8815
2011-05-27,46.7658
2011-05-26,44.5753
2011-05-25,45.9005
2011-05-24,41.6508
2011-05-23,43.2032
2011-05-20,43.7783
2011-05-19,47.6833
2011-05-18,47.1264
2011-05-17,43.9215
2011-05-16,41.35
2011-05-13,46.4836
2011-05-12,51.6158
2011-05-11,52.2113
2011-05-10,54.2097
2011-05-09,52.7788
2011-05-06,52.0557
2011-05-05,52.1283
2011-05-04,54.3865
2011-05-03,53.4559
2011-05-02,52.1564
2011-04-29,55.0862
2011-04-28,52.8786
2011-04-27,55.4848
2011-04-26,55.6919
2011-04-25,57.652
2011-04-21,56.348
2011-04-20,51.2384
2011-04-19,48.0673
2011-04-18,43.4527
2011-04-15,39.7369
2011-04-14,42.7523
2011-04-13,45.189
2011-04-12,42.0334
2011-04-11,40.6408
2011-04-08,43.2702
2011-04-07,45.2415
2011-04-06,45.2101
2011-04-05,45.7397
2011-04-04,47.1599
2011-04-01,49.2901
2011-03-31,51.8988
2011-03-30,51.9799
2011-03-29,53.4904
2011-03-28,53.2021
2011-03-25,53.8732
2011-03-24,50.317
2011-03-23,46.8952
2011-03-22,47.9871
2011-03-21,46.8764
2011-03-18,41.4845
2011-03-17,43.41
2011-03-16,40.3421
2011-03-15,48.6945
2011-03-14,54.3283
2011-03-11,53.3379
2011-03-10,49.836
2011-03-09,54.0362
2011-03-08,56.6071
2011-03-07,56.3673
2011-03-04,60.0222
2011-03-03,59.7873
2011-03-02,55.5963
2011-03-01,53.8714
2011-02-28,56.7796
2011-02-25,53.7053
2011-02-24,50.1857
2011-02-23,50.0079
2011-02-22,47.2493
2011-02-18,55.9972
2011-02-17,63.1966
2011-02-16,68.4108
2011-02-15,66.6634
2011-02-14,66.2682
2011-02-11,64.9926
2011-02-10,63.6996
2011-02-09,67.406
2011-02-08,65.8631
2011-02-07,64.0497
2011-02-04,60.8481
2011-02-03,58.8689
2011-02-02,59.6933
2011-02-01,60.3411
2011-01-31,56.7561
2011-01-28,54.5554
2011-01-27,61.0754
2011-01-26,61.706
2011-01-25,60.2119
2011-01-24,57.6832
2011-01-21,49.3811
2011-01-20,55.0836
2011-01-19,62.1282
2011-01-18,64.4282
2011-01-14,75.9893
2011-01-13,74.4306
2011-01-12,73.7008
2011-01-11,72.0272
2011-01-10,73.3268
2011-01-07,69.2266
2011-01-06,67.4323
2011-01-05,67.8569
2011-01-04,65.8037
2011-01-03,64.4339
2010-12-31,57.9051
2010-12-30,59.5343
2010-12-29,61.9894
2010-12-28,62.2588
2010-12-27,61.5624
2010-12-23,60.6187
2010-12-22,62.7322
2010-12-21,61.9609
2010-12-20,60.3316
2010-12-17,58.9935
2010-12-16,59.7595
2010-12-15,59.0571
2010-12-14,59.0037
2010-12-13,60.4829
2010-12-10,59.7111
2010-12-09,59.1633
2010-12-08,60.3806
2010-12-07,58.5703
2010-12-06,60.3864
2010-12-03,58.6864
2010-12-02,59.32
2010-12-01,58.2649
2010-11-30,54.9335
2010-11-29,59.8808
2010-11-26,58.7264
2010-11-24,58.6023
2010-11-23,54.7823
2010-11-22,58.7113
2010-11-19,54.2474
2010-11-18,55.7147
2010-11-17,49.6837
2010-11-16,50.5832
2010-11-15,55.3378
2010-11-12,56.2558
2010-11-11,65.1565
2010-11-10,66.7561
2010-11-09,65.6189
2010-11-08,68.5193
2010-11-05,67.7243
2010-11-04,68.9906
2010-11-03,66.1012
2010-11-02,64.1029
2010-11-01,60.7968
2010-10-29,58.5569
2010-10-28,63.1178
2010-10-27,66.0911
2010-10-26,66.3433
2010-10-25,67.2183
2010-10-22,66.4902
2010-10-21,68.6579
2010-10-20,69.7218
2010-10-19,69.2558
2010-10-18,78.6684
2010-10-15,77.5584
2010-10-14,72.3461
2010-10-13,71.2382
2010-10-12,70.4078
2010-10-11,68.7015
2010-10-08,67.9902
2010-10-07,65.1625
2010-10-06,65.1444
2010-10-05,65.0005
2010-10-04,58.2546
2010-10-01,62.5705
2010-09-30,63.9984
2010-09-29,68.3602
2010-09-28,68.0689
2010-09-27,73.4931
2010-09-24,75.0184
2010-09-23,73.4805
2010-09-22,72.9358
2010-09-21,71.0118
2010-09-20,70.7437
2010-09-17,66.454
2010-09-16,67.8979
2010-09-15,63.9613
2010-09-14,62.4743
2010-09-13,61.7666
2010-09-10,59.1627
2010-09-09,58.9137
2010-09-08,58.8085
2010-09-07,55.0844
2010-09-03,55.9878
2010-09-02,50.7081
2010-09-01,49.0906
2010-08-31,41.9841
2010-08-30,41.3386
2010-08-27,40.4147
2010-08-26,39.0257
2010-08-25,40.785
2010-08-24,37.762
2010-08-23,41.7803
2010-08-20,44.739
2010-08-19,44.9279
2010-08-18,47.4581
2010-08-17,46.4705
2010-08-16,42.4236
2010-08-13,43.4765
2010-08-12,45.4509
2010-08-11,44.0142
2010-08-10,51.4291
2010-08-09,53.6065
2010-08-06,52.2447
2010-08-05,53.6969
2010-08-04,54.8491
2010-08-03,54.0813
2010-08-02,54.0247
2010-07-30,50.7061
2010-07-29,51.3646
2010-07-28,53.5542
2010-07-27,56.0385
2010-07-26,52.8411
2010-07-23,53.348
2010-07-22,52.7504
2010-07-21,49.5439
2010-07-20,47.8938
2010-07-19,43.1512
2010-07-16,45.8664
2010-07-15,46.8717
2010-07-14,47.6898
2010-07-13,47.0511
2010-07-12,50.5116
2010-07-09,52.0595
2010-07-08,51.1272
2010-07-07,51.4847
2010-07-06,45.1235
2010-07-02,43.9477
2010-07-01,44.7783
2010-06-30,46.4293
2010-06-29,49.0426
2010-06-28,57.012
2010-06-25,56.1185
2010-06-24,57.758
2010-06-23,59.1645
2010-06-22,61.2354
2010-06-21,59.5152
2010-06-18,62.3015
2010-06-17,61.3306
2010-06-16,59.24
2010-06-15,55.5001
2010-06-14,52.5397
2010-06-11,52.1089
2010-06-10,50.4441
2010-06-09,46.1071
2010-06-08,49.5626
2010-06-07,50.5071
2010-06-04,53.5317
2010-06-03,58.2503
2010-06-02,58.8217
2010-06-01,57.3268
2010-05-28,55.3787
2010-05-27,53.5794
2010-05-26,48.4056
2010-05-25,49.0297
2010-05-24,49.8766
2010-05-21,47.3876
2010-05-20,44.7087
2010-05-19,50.3606
2010-05-18,52.7686
2010-05-17,53.9014
2010-05-14,53.6983
2010-05-13,56.3761
2010-05-12,58.6593
2010-05-11,56.1394
2010-05-10,54.9546
2010-05-07,44.8044
2010-05-06,51.0695
2010-05-05,58.3295
2010-05-04,60.595
2010-05-03,67.7047
2010-04-30,65.0317
2010-04-29,73.3051
2010-04-28,69.9146
2010-04-27,70.4459
2010-04-26,80.2699
2010-04-23,82.2117
2010-04-22,80.7622
2010-04-21,77.9206
2010-04-20,69.198
2010-04-19,73.8995
2010-04-16,74.5397
2010-04-15,77.4766
2010-04-14,75.5303
2010-04-13,73.3196
2010-04-12,73.2209
2010-04-09,72.8805
2010-04-08,71.6194
2010-04-07,72.7548
2010-04-06,72.0688
2010-04-05,71.3909
2010-04-01,69.715
2010-03-31,69.0521
2010-03-30,70.3261
2010-03-29,68.0354
2010-03-26,66.9914
2010-03-25,63.7866
2010-03-24,67.7882
2010-03-23,67.0593
2010-03-22,64.3172
2010-03-19,62.2498
2010-03-18,65.7226
2010-03-17,65.3167
2010-03-16,65.7775
2010-03-15,65.3482
2010-03-12,69.0721
2010-03-11,68.3901
2010-03-10,67.9877
2010-03-09,66.8834
2010-03-08,64.3544
2010-03-05,64.2688
2010-03-04,58.2343
2010-03-03,57.081
2010-03-02,56.6858
2010-03-01,56.8308
2010-02-26,53.2876
2010-02-25,50.9968
2010-02-24,49.797
2010-02-23,46.4643
2010-02-22,49.3701
2010-02-19,50.4906
2010-02-18,51.6069
2010-02-17,51.2996
2010-02-16,52.0051
2010-02-12,49.6686
2010-02-11,48.315
2010-02-10,45.4168
2010-02-09,46.1599
2010-02-08,44.4972
2010-02-05,45.3586
2010-02-04,42.6756
2010-02-03,47.3237
2010-02-02,44.6349
2010-02-01,43.7198
2010-01-29,41.5538
2010-01-28,46.1235
2010-01-27,52.6663
2010-01-26,51.178
2010-01-25,48.9298
2010-01-22,44.4099
2010-01-21,53.0571
2010-01-20,56.7738
2010-01-19,60.4227
2010-01-15,52.4429
2010-01-14,56.6087
2010-01-13,58.138
2010-01-12,55.3883
2010-01-11,58.3588
2010-01-08,60.7818
2010-01-07,59.5885
2010-01-06,60.0722
2010-01-05,64.4159
2010-01-04,64.1487
2009-12-31,61.7299
2009-12-30,62.8456
2009-12-29,60.971
2009-12-28,64.0026
2009-12-24,62.1731
2009-12-23,56.5017
2009-12-22,54.8908
2009-12-21,52.8607
2009-12-18,50.0535
2009-12-17,46.1707
2009-12-16,49.4109
2009-12-15,48.4791
2009-12-14,51.4191
2009-12-11,49.0038
2009-12-10,50.8331
2009-12-09,52.2761
2009-12-08,43.4484
2009-12-07,42.2714
2009-12-04,46.6526
2009-12-03,50.2289
2009-12-02,49.9405
2009-12-01,50.7677
2009-11-30,54.1534
2009-11-27,54.9588
2009-11-25,59.4018
2009-11-24,59.7203
2009-11-23,61.5255
2009-11-20,56.3359
2009-11-19,57.0597
2009-11-18,64.3105
2009-11-17,65.827
2009-11-16,65.5524
2009-11-13,63.9305
2009-11-12,62.0132
2009-11-11,63.6598
2009-11-10,63.4623
2009-11-09,62.3685
2009-11-06,56.5851
2009-11-05,56.3074
2009-11-04,53.3632
2009-11-03,51.3718
2009-11-02,51.9446
2009-10-30,51.1968
2009-10-29,59.758
2009-10-28,56.2617
2009-10-27,62.7816
2009-10-26,70.7949
2009-10-23,73.3356
2009-10-22,75.5587
2009-10-21,75.4013
2009-10-20,71.5747
2009-10-19,63.8578
2009-10-16,61.8571
2009-10-15,66.7228
2009-10-14,68.2052
2009-10-13,66.9932
2009-10-12,68.5371
2009-10-09,68.2378
2009-10-08,67.1915
2009-10-07,68.9538
2009-10-06,68.7632
2009-10-05,65.4128
2009-10-02,64.3896
2009-10-01,60.3881
2009-09-30,68.5169
2009-09-29,68.5755
2009-09-28,70.0395
2009-09-25,66.7339
2009-09-24,69.528
2009-09-23,72.887
2009-09-22,72.1098
2009-09-21,71.7631
2009-09-18,73.6543
2009-09-17,73.3406
2009-09-16,71.5025
2009-09-15,65.9122
2009-09-14,64.4921
2009-09-11,62.9015
2009-09-10,63.5954
2009-09-09,62.1886
2009-09-08,65.2061
2009-09-04,62.6887
2009-09-03,58.6054
2009-09-02,56.9756
2009-09-01,57.1598
2009-08-31,61.846
2009-08-28,65.0473
2009-08-27,64.4777
2009-08-26,62.504
2009-08-25,65.897
2009-08-24,65.5938
2009-08-21,65.8555
2009-08-20,63.3461
2009-08-19,61.7473
2009-08-18,61.1895
2009-08-17,56.7903
2009-08-14,68.8841
2009-08-13,72.2166
2009-08-12,69.564
2009-08-11,67.191
2009-08-10,71.2106
2009-08-07,72.9434
2009-08-06,71.6144
2009-08-05,74.2117
2009-08-04,75.1612
2009-08-03,77.0338
2009-07-31,74.9887
2009-07-30,74.564
2009-07-29,72.5253
2009-07-28,72.5026
2009-07-27,72.6932
2009-07-24,72.6152
2009-07-23,71.1266
2009-07-22,70.3635
2009-07-21,66.2612
2009-07-20,68.6769
2009-07-17,67.7516
2009-07-16,64.0717
2009-07-15,63.4726
2009-07-14,58.7676
2009-07-13,58.877
2009-07-10,54.4844
2009-07-09,51.7138
2009-07-08,52.9325
2009-07-07,50.5915
2009-07-06,55.1909
2009-07-02,57.3672
2009-07-01,61.9955
2009-06-30,61.5763
2009-06-29,61.1076
2009-06-26,61.8398
2009-06-25,59.2965
2009-06-24,55.3038
2009-06-23,52.6233
2009-06-22,57.6137
2009-06-19,61.0688
2009-06-18,56.8772
2009-06-17,56.5065
2009-06-16,57.7163
2009-06-15,57.4239
2009-06-12,58.7298
2009-06-11,63.3658
2009-06-10,63.8478
2009-06-09,67.887
2009-06-08,69.8062
2009-06-05,71.1938
2009-06-04,70.5634
2009-06-03,68.6052
2009-06-02,67.5314
2009-06-01,67.4299
2009-05-29,64.7862
2009-05-28,64.2093
2009-05-27,62.6212
2009-05-26,60.7625
2009-05-22,52.5941
2009-05-21,54.7928
2009-05-20,57.0729
2009-05-19,59.2633
2009-05-18,58.4971
2009-05-15,54.1672
2009-05-14,54.8483
2009-05-13,51.0293
2009-05-12,57.6271
2009-05-11,66.1096
2009-05-08,65.7563
2009-05-07,65.6398
2009-05-06,71.7742
2009-05-05,72.1653
2009-05-04,71.7191
2009-05-01,68.0468
2009-04-30,66.8531
2009-04-29,66.2673
2009-04-28,65.2195
2009-04-27,66.5326
2009-04-24,65.8784
2009-04-23,68.166
2009-04-22,65.1878
2009-04-21,65.5623
2009-04-20,64.5882
2009-04-17,68.8772
2009-04-16,67.4937
2009-04-15,64.6027
2009-04-14,65.577
2009-04-13,68.3695
2009-04-09,67.928
2009-04-08,65.6504
2009-04-07,64.6827
2009-04-06,69.5477
2009-04-03,67.9129
2009-04-02,65.5717
2009-04-01,62.3755
2009-03-31,59.1782
2009-03-30,58.5882
2009-03-27,61.7649
2009-03-26,66.1235
2009-03-25,63.3755
2009-03-24,63.8706
2009-03-23,65.0492
2009-03-20,59.9098
2009-03-19,59.9512
2009-03-18,59.8634
2009-03-17,58.2457
2009-03-16,54.2527
2009-03-13,54.8521
2009-03-12,55.3303
2009-03-11,51.8449
2009-03-10,47.552
2009-03-09,40.7163
2009-03-06,42.8207
2009-03-05,46.5124
2009-03-04,49.1625
2009-03-03,45.6256
2009-03-02,45.068
2009-02-27,46.5116
2009-02-26,46.3687
2009-02-25,48.3854
2009-02-24,47.3811
2009-02-23,43.6005
2009-02-20,47.8026
2009-02-19,47.1652
2009-02-18,51.1149
2009-02-17,51.2899
2009-02-13,56.6198
2009-02-12,56.7529
2009-02-11,54.489
2009-02-10,55.6295
2009-02-09,61.2749
2009-02-06,58.9135
2009-02-05,55.9304
2009-02-04,53.0391
2009-02-03,52.4587
2009-02-02,50.9742
2009-01-30,49.5698
2009-01-29,52.5436
2009-01-28,53.8263
2009-01-27,50.5073
2009-01-26,49.4224
2009-01-23,48.1545
2009-01-22,48.1545
2009-01-21,42.5383
2009-01-20,37.1204
2009-01-16,40.3438
2009-01-15,41.2081
2009-01-14,42.8268
2009-01-13,44.8704
2009-01-12,45.6973
2009-01-09,47.3735
2009-01-08,49.2692
2009-01-07,47.6838
2009-01-06,49.4291
2009-01-05,50.8001
2009-01-02,47.3972
2008-12-31,42.0263
2008-12-30,42.7481
2008-12-29,42.9869
2008-12-26,42.2204
2008-12-24,41.5013
2008-12-23,42.3732
2008-12-22,41.8186
2008-12-19,44.5283
2008-12-18,44.0676
2008-12-17,43.8578
2008-12-16,47.8148
2008-12-15,47.3251
2008-12-12,49.6144
2008-12-11,47.3675
2008-12-10,49.4229
2008-12-09,50.6257
2008-12-08,50.415
2008-12-05,46.7859
2008-12-04,45.0561
2008-12-03,47.6046
2008-12-02,45.3617
2008-12-01,42.9681
2008-11-28,44.9443
2008-11-26,46.2019
2008-11-25,43.4943
2008-11-24,44.5856
2008-11-21,37.3874
2008-11-20,35.7905
2008-11-19,38.3706
2008-11-18,40.0839
2008-11-17,38.8148
2008-11-14,39.7641
2008-11-13,42.6926
2008-11-12,38.2917
2008-11-11,40.4636
2008-11-10,40.9909
2008-11-07,42.0989
2008-11-06,42.4966
2008-11-05,44.4444
2008-11-04,48.2947
2008-11-03,45.9641
2008-10-31,46.2739
2008-10-30,47.9551
2008-10-29,44.3412
2008-10-28,41.5862
2008-10-27,36.5585
2008-10-24,38.2754
2008-10-23,39.0263
2008-10-22,38.1793
2008-10-21,34.7744
2008-10-20,37.2953
2008-10-17,36.6424
2008-10-16,38.2771
2008-10-15,35.8929
2008-10-14,38.0662
2008-10-13,40.4095
2008-10-10,31.7114
2008-10-09,25.5276
2008-10-08,25.8169
2008-10-07,25.3346
2008-10-06,27.7807
2008-10-03,26.9826
2008-10-02,27.8093
2008-10-01,30.4474
2008-09-30,31.8941
2008-09-29,25.6877
2008-09-26,33.6595
2008-09-25,35.3322
2008-09-24,32.5537
2008-09-23,30.9161
2008-09-22,32.6095
2008-09-19,37.135
2008-09-18,30.827
2008-09-17,24.1942
2008-09-16,29.3386
2008-09-15,29.5766
2008-09-12,34.3016
2008-09-11,36.7107
2008-09-10,35.5044
2008-09-09,35.5477
2008-09-08,39.6444
2008-09-05,41.2813
2008-09-04,42.0401
2008-09-03,46.5243
2008-09-02,45.7874
2008-08-29,48.544
2008-08-28,52.3156
2008-08-27,53.1827
2008-08-26,52.3517
2008-08-25,51.4861
2008-08-22,55.1915
2008-08-21,53.3092
2008-08-20,54.6617
2008-08-19,52.9725
2008-08-18,54.5264
2008-08-15,54.8139
2008-08-14,57.7733
2008-08-13,57.7612
2008-08-12,56.2297
2008-08-11,54.2875
2008-08-08,51.7126
2008-08-07,47.5252
2008-08-06,47.9346
2008-08-05,45.3748
2008-08-04,39.4738
2008-08-01,41.4425
2008-07-31,42.7962
2008-07-30,43.3425
2008-07-29,41.1957
2008-07-28,39.0975
2008-07-25,43.3283
2008-07-24,40.8964
2008-07-23,45.2087
2008-07-22,41.789
2008-07-21,44.4428
2008-07-18,43.5333
2008-07-17,47.8837
2008-07-16,48.5761
2008-07-15,46.2347
2008-07-14,49.0738
2008-07-11,48.1464
2008-07-10,50.8894
2008-07-09,49.276
2008-07-08,52.9563
2008-07-07,50.0189
2008-07-03,46.3664
2008-07-02,44.8939
2008-07-01,49.193
2008-06-30,43.4642
2008-06-27,45.2378
2008-06-26,43.7315
2008-06-25,50.2878
2008-06-24,46.8556
2008-06-23,46.7797
2008-06-20,48.3163
2008-06-19,52.7046
2008-06-18,51.0931
2008-06-17,53.2413
2008-06-16,49.8077
2008-06-13,46.1491
2008-06-12,46.7943
2008-06-11,52.7357
2008-06-10,57.1454
2008-06-09,54.1034
2008-06-06,58.0156
2008-06-05,62.0226
2008-06-04,59.0141
2008-06-03,59.2032
2008-06-02,59.9434
2008-05-30,62.6446
2008-05-29,61.3587
2008-05-28,61.672
2008-05-27,61.332
2008-05-23,58.1327
2008-05-22,55.3859
2008-05-21,56.3579
2008-05-20,63.5194
2008-05-19,62.1566
2008-05-16,66.2672
2008-05-15,68.5268
2008-05-14,66.7557
2008-05-13,70.791
2008-05-12,69.9516
2008-05-09,67.6397
2008-05-08,69.3729
2008-05-07,68.1847
2008-05-06,72.5934
2008-05-05,71.7712
2008-05-02,70.0975
2008-05-01,69.6739
2008-04-30,66.7978
2008-04-29,67.9102
2008-04-28,66.5586
2008-04-25,65.3191
2008-04-24,64.9304
2008-04-23,61.8172
2008-04-22,60.3296
2008-04-21,67.7494
2008-04-18,63.9856
2008-04-17,59.8952
2008-04-16,59.3664
2008-04-15,55.623
2008-04-14,55.1806
2008-04-11,54.7232
2008-04-10,61.6423
2008-04-09,59.6059
2008-04-08,60.9907
2008-04-07,64.0712
2008-04-04,62.4094
2008-04-03,61.525
2008-04-02,58.9538
2008-04-01,60.8673
2008-03-31,56.943
2008-03-28,56.6071
2008-03-27,54.7166
2008-03-26,58.9701
2008-03-25,56.2282
2008-03-24,55.2178
2008-03-20,50.5348
2008-03-19,47.5376
2008-03-18,50.0589
2008-03-17,44.6689
2008-03-14,44.5568
2008-03-13,45.5273
2008-03-12,43.8591
2008-03-11,44.7591
2008-03-10,37.7134
2008-03-07,39.3051
2008-03-06,38.0238
2008-03-05,40.1978
2008-03-04,40.2778
2008-03-03,37.6612
2008-02-29,39.5345
2008-02-28,42.5208
2008-02-27,35.9926
2008-02-26,31.9686
2008-02-25,32.267
2008-02-22,31.9808
2008-02-21,32.964
2008-02-20,34.0542
2008-02-19,32.5293
2008-02-15,33.633
2008-02-14,34.9337
2008-02-13,35.8362
2008-02-12,31.9263
2008-02-11,33.911
2008-02-08,30.3534
2008-02-07,26.3297
2008-02-06,26.5913
2008-02-05,29.2665
2008-02-04,30.1634
2008-02-01,30.9909
2008-01-31,31.6227
2008-01-30,28.9029
2008-01-29,28.3581
2008-01-28,27.0892
2008-01-25,27.0892
2008-01-24,28.7694
2008-01-23,29.8623
2008-01-22,36.0749
2008-01-18,38.7167
2008-01-17,38.3643
2008-01-16,37.4558
2008-01-15,41.8642
2008-01-14,47.35
2008-01-11,42.9061
2008-01-10,46.1444
2008-01-09,47.0172
2008-01-08,40.7269
2008-01-07,44.6778
2008-01-04,46.2867
2008-01-03,58.6812
2008-01-02,58.6175
2007-12-31,61.8787
2007-12-28,63.697
2007-12-27,62.9524
2007-12-26,63.3245
2007-12-24,63.243
2007-12-21,60.5269
2007-12-20,56.3263
2007-12-19,53.4537
2007-12-18,53.3539
2007-12-17,54.4791
2007-12-14,59.5083
2007-12-13,60.7899
2007-12-12,60.242
2007-12-11,58.9384
2007-12-10,63.7954
2007-12-07,63.8748
2007-12-06,61.6872
2007-12-05,59.2883
2007-12-04,55.9392
2007-12-03,55.3567
2007-11-30,57.93
2007-11-29,59.5501
2007-11-28,57.3206
2007-11-27,54.1277
2007-11-26,52.7189
2007-11-23,52.1016
2007-11-21,50.2029
2007-11-20,50.4434
2007-11-19,47.4374
2007-11-16,48.8388
2007-11-15,47.5786
2007-11-14,48.5628
2007-11-13,50.6811
2007-11-12,40.2652
2007-11-09,47.0272
2007-11-08,54.6027
2007-11-07,65.3305
2007-11-06,72.1555
2007-11-05,69.013
2007-11-02,71.3164
2007-11-01,71.0831
2007-10-31,74.4405
2007-10-30,73.0176
2007-10-29,72.0609
2007-10-26,71.8674
2007-10-25,70.9257
2007-10-24,74.8297
2007-10-23,75.1165
2007-10-22,69.4003
2007-10-19,66.9953
2007-10-18,71.148
2007-10-17,70.7283
2007-10-16,68.9123
2007-10-15,67.3333
2007-10-12,67.677
2007-10-11,64.5182
2007-10-10,70.4556
2007-10-09,71.9313
2007-10-08,71.9982
2007-10-05,68.3872
2007-10-04,64.9214
2007-10-03,67.1777
2007-10-02,67.8846
2007-10-01,66.5525
2007-09-28,64.66
2007-09-27,65.9324
2007-09-26,64.828
2007-09-25,65.3046
2007-09-24,62.1449
2007-09-21,59.1673
2007-09-20,56.1185
2007-09-19,56.5993
2007-09-18,56.75
2007-09-17,54.8391
2007-09-14,55.2084
2007-09-13,54.0245
2007-09-12,53.7721
2007-09-11,52.8161
2007-09-10,53.7636
2007-09-07,50.3364
2007-09-06,52.7738
2007-09-05,54.1184
2007-09-04,60.2891
2007-08-31,56.6879
2007-08-30,55.1717
2007-08-29,53.6725
2007-08-28,48.1624
2007-08-27,52.6083
2007-08-24,55.334
2007-08-23,52.0616
2007-08-22,53.3251
2007-08-21,49.3164
2007-08-20,44.4037
2007-08-17,44.2502
2007-08-16,39.2609
2007-08-15,41.2562
2007-08-14,44.3599
2007-08-13,47.4471
2007-08-10,44.736
2007-08-09,45.8556
2007-08-08,52.7285
2007-08-07,53.7531
2007-08-06,53.9678
2007-08-03,51.0979
2007-08-02,55.5913
2007-08-01,54.3672
2007-07-31,51.6118
2007-07-30,62.2731
2007-07-27,65.4894
2007-07-26,68.4742
2007-07-25,61.7399
2007-07-24,59.5118
2007-07-23,74.9187
2007-07-20,75.0234
2007-07-19,72.2608
2007-07-18,70.7184
2007-07-17,72.3236
2007-07-16,71.6978
2007-07-13,71.4174
2007-07-12,68.482
2007-07-11,67.0046
2007-07-10,66.9695
2007-07-09,65.1973
2007-07-06,68.6078
2007-07-05,69.3957
2007-07-03,64.6083
2007-07-02,57.9973
2007-06-29,59.3882
2007-06-28,57.5533
2007-06-27,59.8624
2007-06-26,57.109
2007-06-25,61.9578
2007-06-22,63.2086
2007-06-21,64.9062
2007-06-20,62.4014
2007-06-19,66.4467
2007-06-18,69.3409
2007-06-15,64.6452
2007-06-14,62.5687
2007-06-13,61.015
2007-06-12,67.1124
2007-06-11,66.9051
2007-06-08,77.3921
2007-06-07,77.0576
2007-06-06,76.7242
2007-06-05,75.9744
2007-06-04,74.9137
2007-06-01,72.381
2007-05-31,79.6589
2007-05-30,77.8211
2007-05-29,73.7001
2007-05-25,72.9103
2007-05-24,69.4074
2007-05-23,76.4598
2007-05-22,78.7044
2007-05-21,77.1768
2007-05-18,75.0396
2007-05-17,74.3648
2007-05-16,71.7364
2007-05-15,72.3403
2007-05-14,78.7814
2007-05-11,78.1589
2007-05-10,76.692
2007-05-09,76.1929
2007-05-08,74.1091
2007-05-07,72.6865
2007-05-04,68.151
2007-05-03,67.4746
2007-05-02,67.4586
2007-05-01,65.9953
2007-04-30,67.0223
2007-04-27,67.3845
2007-04-26,65.8043
2007-04-25,59.8256
2007-04-24,55.3485
2007-04-23,56.1094
2007-04-20,49.9621
2007-04-19,48.0574
2007-04-18,48.3823
2007-04-17,48.2545
2007-04-16,50.838
2007-04-13,47.9192
2007-04-12,52.7991
2007-04-11,53.868
2007-04-10,58.5409
2007-04-09,57.268
2007-04-05,60.2864
2007-04-04,59.4788
2007-04-03,60.1305
2007-04-02,58.5355
2007-03-30,57.1165
2007-03-29,59.305
2007-03-28,58.3853
2007-03-27,64.4042
2007-03-26,65.5317
2007-03-23,61.7292
2007-03-22,62.9756
2007-03-21,62.8297
2007-03-20,58.7286
2007-03-19,58.0853
2007-03-16,55.1636
2007-03-15,55.1251
2007-03-14,56.1115
2007-03-13,53.1478
2007-03-12,56.4765
2007-03-09,52.8505
2007-03-08,52.9167
2007-03-07,52.3885
2007-03-06,53.3427
2007-03-05,49.8926
2007-03-02,48.1194
2007-03-01,51.2435
2007-02-28,46.3281
2007-02-27,44.8625
2007-02-26,54.7151
2007-02-23,55.7501
2007-02-22,56.8198
2007-02-21,56.258
2007-02-20,49.6313
2007-02-16,47.1657
2007-02-15,47.9578
2007-02-14,48.1396
2007-02-13,46.8633
2007-02-12,47.1943
2007-02-09,43.8225
2007-02-08,49.219
2007-02-07,49.1576
2007-02-06,44.9475
2007-02-05,44.489
2007-02-02,45.8895
2007-02-01,45.8695
2007-01-31,47.5202
2007-01-30,47.192
2007-01-29,47.8075
2007-01-26,46.8621
2007-01-25,48.1493
2007-01-24,48.8081
2007-01-23,47.2855
2007-01-22,48.7881
2007-01-19,51.2135
2007-01-18,52.0327
2007-01-17,61.7049
2007-01-16,65.9642
2007-01-12,63.179
2007-01-11,65.6057
2007-01-10,68.1339
2007-01-09,63.1541
2007-01-08,51.6495
2007-01-05,50.7859
2007-01-04,52.069
2007-01-03,48.2841
2006-12-29,50.3981
2006-12-28,41.0363
2006-12-27,42.2774
2006-12-26,42.2519
2006-12-22,43.5133
2006-12-21,44.8023
2006-12-20,48.4235
2006-12-19,51.7337
2006-12-18,49.973
2006-12-15,55.0863
2006-12-14,57.1351
2006-12-13,58.3776
2006-12-12,52.6889
2006-12-11,59.6336
2006-12-08,58.6618
2006-12-07,56.1658
2006-12-06,64.6459
2006-12-05,69.8142
2006-12-04,69.5735
2006-12-01,70.2835
2006-11-30,71.4612
2006-11-29,71.9327
2006-11-28,71.9649
2006-11-27,68.9674
2006-11-24,76.0826
2006-11-22,74.5044
2006-11-21,72.251
2006-11-20,69.0097
2006-11-17,67.9754
2006-11-16,67.5774
2006-11-15,64.8826
2006-11-14,68.16
2006-11-13,67.0791
2006-11-10,64.9395
2006-11-09,65.6646
2006-11-08,64.125
2006-11-07,60.4528
2006-11-06,58.8007
2006-11-03,55.6785
2006-11-02,57.6969
2006-11-01,58.2199
2006-10-31,64.1091
2006-10-30,62.883
2006-10-27,62.8648
2006-10-26,68.5691
2006-10-25,67.7731
2006-10-24,66.7861
2006-10-23,68.0752
2006-10-20,65.7631
2006-10-19,64.197
2006-10-18,55.1403
2006-10-17,54.5526
2006-10-16,57.8846
2006-10-13,57.031
2006-10-12,57.7331
2006-10-11,53.0934
2006-10-10,54.7239
2006-10-09,57.0782
2006-10-06,56.1828
2006-10-05,57.8897
2006-10-04,59.4364
2006-10-03,56.8263
2006-10-02,59.0013
2006-09-29,65.3812
2006-09-28,65.4763
2006-09-27,64.4943
2006-09-26,68.1792
2006-09-25,65.2561
2006-09-22,60.1092
2006-09-21,65.6529
2006-09-20,67.8506
2006-09-19,65.1429
2006-09-18,65.5654
2006-09-15,66.2801
2006-09-14,66.5097
2006-09-13,66.6036
2006-09-12,64.0818
2006-09-11,63.8672
2006-09-08,63.9231
2006-09-07,64.6749
2006-09-06,60.2848
2006-09-05,64.2559
2006-09-01,58.7351
2006-08-31,57.6732
2006-08-30,55.8613
2006-08-29,54.8716
2006-08-28,56.1168
2006-08-25,60.7537
2006-08-24,59.0464
2006-08-23,58.1259
2006-08-22,58.9058
2006-08-21,57.0333
2006-08-18,60.361
2006-08-17,59.8332
2006-08-16,60.77
2006-08-15,58.3391
2006-08-14,53.8857
2006-08-11,53.3382
2006-08-10,54.224
2006-08-09,53.3835
2006-08-08,55.7963
2006-08-07,61.1585
2006-08-04,63.7701
2006-08-03,66.9861
2006-08-02,65.1345
2006-08-01,63.813
2006-07-31,65.6957
2006-07-28,62.5024
2006-07-27,59.1655
2006-07-26,60.2588
2006-07-25,57.1508
2006-07-24,56.3015
2006-07-21,55.1375
2006-07-20,54.7779
2006-07-19,41.9073
2006-07-18,38.805
2006-07-17,37.4024
2006-07-14,32.7021
2006-07-13,35.0241
2006-07-12,36.1189
2006-07-11,40.698
2006-07-10,38.9204
2006-07-07,39.6146
2006-07-06,40.2454
2006-07-05,42.3791
2006-07-03,44.0894
2006-06-30,42.5092
2006-06-29,45.5679
2006-06-28,38.2422
2006-06-27,40.7313
2006-06-26,43.7224
2006-06-23,43.3169
2006-06-22,44.7531
2006-06-21,40.4514
2006-06-20,39.4356
2006-06-19,38.7484
2006-06-16,39.3135
2006-06-15,42.274
2006-06-14,37.9573
2006-06-13,39.0869
2006-06-12,35.7307
2006-06-09,39.6644
2006-06-08,41.8165
2006-06-07,35.9748
2006-06-06,37.8809
2006-06-05,38.3426
2006-06-02,41.2014
2006-06-01,42.118
2006-05-31,35.7259
2006-05-30,38.1435
2006-05-26,42.5359
2006-05-25,44.1558
2006-05-24,41.4717
2006-05-23,40.9543
2006-05-22,41.3749
2006-05-19,43.4583
2006-05-18,40.085
2006-05-17,43.9836
2006-05-16,43.2781
2006-05-15,49.1839
2006-05-12,48.972
2006-05-11,49.9614
2006-05-10,55.7919
2006-05-09,56.8991
2006-05-08,59.1284
2006-05-05,59.1284
2006-05-04,57.81
2006-05-03,57.8333
2006-05-02,58.917
2006-05-01,55.5901
2006-04-28,57.3145
2006-04-27,55.6089
2006-04-26,53.5369
2006-04-25,49.9018
2006-04-24,49.0994
2006-04-21,51.5067
2006-04-20,52.6279
2006-04-19,49.0952
2006-04-18,50.1174
2006-04-17,47.5532
2006-04-13,50.4524
2006-04-12,50.8807
2006-04-11,53.1579
2006-04-10,54.3864
2006-04-07,56.4267
2006-04-06,59.1563
2006-04-05,53.1758
2006-04-04,40.8424
2006-04-03,43.5102
2006-03-31,43.6383
2006-03-30,43.6907
2006-03-29,42.7775
2006-03-28,34.0155
2006-03-27,35.1453
2006-03-24,35.7803
2006-03-23,36.0554
2006-03-22,38.1597
2006-03-21,38.3569
2006-03-20,41.5313
2006-03-17,42.5597
2006-03-16,41.8451
2006-03-15,44.7464
2006-03-14,46.4846
2006-03-13,43.3385
2006-03-10,38.0886
2006-03-09,39.1117
2006-03-08,41.593
2006-03-07,42.5567
2006-03-06,40.8955
2006-03-03,44.1705
2006-03-02,47.2004
2006-03-01,46.2553
2006-02-28,45.1396
2006-02-27,49.109
2006-02-24,49.8926
2006-02-23,50.3636
2006-02-22,49.6946
2006-02-21,46.0993
2006-02-17,47.8544
2006-02-16,48.2583
2006-02-15,46.1776
2006-02-14,43.6668
2006-02-13,38.5957
2006-02-10,41.7593
2006-02-09,37.3297
2006-02-08,42.3324
2006-02-07,39.9353
2006-02-06,39.3413
2006-02-03,45.8723
2006-02-02,46.2784
2006-02-01,52.0192
2006-01-31,52.1859
2006-01-30,51.3465
2006-01-27,46.1126
2006-01-26,46.5936
2006-01-25,49.661
2006-01-24,52.9173
2006-01-23,56.0081
2006-01-20,53.5058
2006-01-19,59.4965
2006-01-18,67.9762
2006-01-17,74.4535
2006-01-13,77.2239
2006-01-12,75.9698
2006-01-11,75.5854
2006-01-10,72.3139
2006-01-09,65.3309
2006-01-06,66.1548
2006-01-05,62.7253
2006-01-04,64.6373
2006-01-03,64.2513
2005-12-30,58.681
2005-12-29,57.7181
2005-12-28,64.61
2005-12-27,66.9752
2005-12-23,65.3694
2005-12-22,67.7523
2005-12-21,66.8616
2005-12-20,64.3621
2005-12-19,62.9685
2005-12-16,62.4527
2005-12-15,65.9095
2005-12-14,65.6223
2005-12-13,76.2896
2005-12-12,76.203
2005-12-09,75.4991
2005-12-08,75.1978
2005-12-07,75.0465
2005-12-06,75.3825
2005-12-05,72.8029
2005-12-02,75.5341
2005-12-01,74.3728
2005-11-30,69.2903
2005-11-29,70.271
2005-11-28,75.9614
2005-11-25,75.576
2005-11-23,72.6756
2005-11-22,71.8349
2005-11-21,69.476
2005-11-18,68.8404
2005-11-17,68.7786
2005-11-16,70.1998
2005-11-15,66.0632
2005-11-14,64.6125
2005-11-11,64.8983
2005-11-10,64.2983
2005-11-09,62.4877
2005-11-08,62.1296
2005-11-07,63.0278
2005-11-04,65.5371
2005-11-03,67.4787
2005-11-02,64.7885
2005-11-01,60.8179
2005-10-31,61.0582
2005-10-28,55.2335
2005-10-27,57.7039
2005-10-26,62.2632
2005-10-25,60.5639
2005-10-24,62.5491
2005-10-21,60.5365
2005-10-20,61.8784
2005-10-19,59.76
2005-10-18,54.2672
2005-10-17,57.6345
2005-10-14,59.2239
2005-10-13,58.7218
2005-10-12,48.272
2005-10-11,55.1893
2005-10-10,51.7658
2005-10-07,54.7976
2005-10-06,56.1411
2005-10-05,59.9088
2005-10-04,63.547
2005-10-03,66.2668
2005-09-30,64.5321
2005-09-29,61.6666
2005-09-28,58.507
2005-09-27,68.5626
2005-09-26,70.514
2005-09-23,69.1807
2005-09-22,66.2344
2005-09-21,67.2206
2005-09-20,72.494
2005-09-19,71.4089
2005-09-16,68.3221
2005-09-15,64.9537
2005-09-14,64.2531
2005-09-13,70.4828
2005-09-12,73.7384
2005-09-09,73.5583
2005-09-08,70.2662
2005-09-07,67.5027
2005-09-06,68.1592
2005-09-02,60.2662
2005-09-01,60.487
2005-08-31,63.9959
2005-08-30,62.959
2005-08-29,60.4933
2005-08-26,60.1481
2005-08-25,61.7896
2005-08-24,60.8702
2005-08-23,60.7775
2005-08-22,61.3763
2005-08-19,61.2648
2005-08-18,63.3059
2005-08-17,67.1497
2005-08-16,65.0129
2005-08-15,72.0911
2005-08-12,68.4901
2005-08-11,62.3576
2005-08-10,60.1842
2005-08-09,62.6219
2005-08-08,58.3616
2005-08-05,60.2576
2005-08-04,59.2211
2005-08-03,62.02
2005-08-02,61.9194
2005-08-01,60.4606
2005-07-29,60.1308
2005-07-28,66.1592
2005-07-27,67.2169
2005-07-26,66.2455
2005-07-25,67.1912
2005-07-22,68.1669
2005-07-21,66.4366
2005-07-20,68.1211
2005-07-19,67.0954
2005-07-18,62.689
2005-07-15,62.9718
2005-07-14,60.7282
2005-07-13,52.5309
2005-07-12,52.0955
2005-07-11,51.5583
2005-07-08,52.1536
2005-07-07,49.8813
2005-07-06,48.9905
2005-07-05,51.1122
2005-07-01,45.4859
2005-06-30,46.552
2005-06-29,44.8078
2005-06-28,47.986
2005-06-27,47.191
2005-06-24,49.4474
2005-06-23,53.6173
2005-06-22,52.4717
2005-06-21,50.0952
2005-06-20,49.2212
2005-06-17,51.6261
2005-06-16,50.5439
2005-06-15,47.6798
2005-06-14,43.5512
2005-06-13,43.1742
2005-06-10,42.8478
2005-06-09,48.227
2005-06-08,45.6556
2005-06-07,44.2872
2005-06-06,48.5005
2005-06-03,49.5387
2005-06-02,55.9371
2005-06-01,56.9464
2005-05-31,55.3549
2005-05-27,58.3915
2005-05-26,59.0837
2005-05-25,56.4692
2005-05-24,56.2479
2005-05-23,56.4524
2005-05-20,50.1046
2005-05-19,50.1046
2005-05-18,44.4501
2005-05-17,42.7191
2005-05-16,43.2256
2005-05-13,40.4729
2005-05-12,38.1348
2005-05-11,41.7362
2005-05-10,43.8913
2005-05-09,45.4036
2005-05-06,46.1451
2005-05-05,44.3545
2005-05-04,45.5624
2005-05-03,42.592
2005-05-02,43.1151
2005-04-29,41.9765
2005-04-28,40.3835
2005-04-27,41.2314
2005-04-26,41.7185
2005-04-25,43.3189
2005-04-22,39.1655
2005-04-21,42.4392
2005-04-20,37.5071
2005-04-19,40.7201
2005-04-18,35.864
2005-04-15,34.934
2005-04-14,38.706
2005-04-13,48.5648
2005-04-12,54.1838
2005-04-11,51.7618
2005-04-08,59.0561
2005-04-07,58.5067
2005-04-06,54.5476
2005-04-05,53.0244
2005-04-04,50.1381
2005-04-01,49.3997
2005-03-31,52.2674
2005-03-30,56.8059
2005-03-29,53.2202
2005-03-28,56.532
2005-03-24,56.433
2005-03-23,56.6374
2005-03-22,57.7499
2005-03-21,61.3047
2005-03-18,59.2793
2005-03-17,57.2392
2005-03-16,53.9351
2005-03-15,53.2292
2005-03-14,51.1609
2005-03-11,51.0001
2005-03-10,49.6129
2005-03-09,48.09
2005-03-08,51.7424
2005-03-07,59.8691
2005-03-04,60.1115
2005-03-03,57.3207
2005-03-02,67.5871
2005-03-01,69.5101
2005-02-28,71.3417
2005-02-25,70.5954
2005-02-24,70.5355
2005-02-23,69.8547
2005-02-22,66.7935
2005-02-18,70.2998
2005-02-17,72.6846
2005-02-16,78.5579
2005-02-15,77.264
2005-02-14,73.9865
2005-02-11,70.3074
2005-02-10,66.5638
2005-02-09,67.644
2005-02-08,74.1417
2005-02-07,71.8072
2005-02-04,71.6833
2005-02-03,70.4108
2005-02-02,76.1556
2005-02-01,73.8137
2005-01-31,73.0595
2005-01-28,69.1472
2005-01-27,67.0619
2005-01-26,66.4346
2005-01-25,66.1203
2005-01-24,64.0579
2005-01-21,63.6175
2005-01-20,63.5704
2005-01-19,62.6828
2005-01-18,64.67
2005-01-14,64.037
2005-01-13,63.4845
2005-01-12,56.6148
2005-01-11,54.945
2005-01-10,66.905
2005-01-07,67.8295
2005-01-06,59.1359
2005-01-05,59.024
2005-01-04,57.7942
2005-01-03,56.3496
2004-12-31,59.6625
2004-12-30,60.888
2004-12-29,60.1888
2004-12-28,59.6945
2004-12-27,57.7387
2004-12-23,60.0453
2004-12-22,59.576
2004-12-21,59.4717
2004-12-20,57.7985
2004-12-17,63.6396
2004-12-16,68.2772
2004-12-15,66.3386
2004-12-14,66.4252
2004-12-13,65.8894
2004-12-10,66.5264
2004-12-09,64.9715
2004-12-08,63.9991
2004-12-07,63.47
2004-12-06,70.7956
2004-12-03,66.9029
2004-12-02,74.6139
2004-12-01,83.9923
2004-11-30,83.4247
2004-11-29,89.0607
2004-11-26,86.6657
2004-11-24,86.2994
2004-11-23,83.9743
2004-11-22,84.3657
2004-11-19,76.237
2004-11-18,77.6015
2004-11-17,76.7199
2004-11-16,76.9254
2004-11-15,78.6695
2004-11-12,80.141
2004-11-11,79.8658
2004-11-10,79.1095
2004-11-09,78.1155
2004-11-08,79.8163
2004-11-05,81.5544
2004-11-04,81.2463
2004-11-03,85.5711
2004-11-02,83.8525
2004-11-01,82.7181
2004-10-29,82.663
2004-10-28,82.4396
2004-10-27,80.2656
2004-10-26,76.919
2004-10-25,76.2287
2004-10-22,76.0014
2004-10-21,78.708
2004-10-20,78.0494
2004-10-19,77.9806
2004-10-18,79.5445
2004-10-15,76.4906
2004-10-14,75.6939
2004-10-13,64.0547
2004-10-12,58.8258
2004-10-11,60.545
2004-10-08,63.2984
2004-10-07,66.7335
2004-10-06,73.6495
2004-10-05,69.968
2004-10-04,68.0301
2004-10-01,67.6195
2004-09-30,68.1741
2004-09-29,67.9556
2004-09-28,65.9237
2004-09-27,64.2055
2004-09-24,63.38
2004-09-23,63.3131
2004-09-22,62.1625
2004-09-21,68.5202
2004-09-20,67.6552
2004-09-17,65.9674
2004-09-16,63.4566
2004-09-15,59.3045
2004-09-14,60.9639
2004-09-13,61.5279
2004-09-10,63.0801
2004-09-09,62.535
2004-09-08,66.0792
2004-09-07,64.3362
2004-09-03,62.7007
2004-09-02,64.9982
2004-09-01,66.0679
2004-08-31,61.998
2004-08-30,60.7914
2004-08-27,61.953
2004-08-26,63.5069
2004-08-25,58.3533
2004-08-24,54.1508
2004-08-23,50.3893
2004-08-20,49.1129
2004-08-19,48.7099
2004-08-18,53.2986
2004-08-17,49.4796
2004-08-16,49.0704
2004-08-13,49.3234
2004-08-12,47.3008
2004-08-11,49.876
2004-08-10,52.0199
2004-08-09,46.8255
2004-08-06,44.3876
2004-08-05,51.3063
2004-08-04,53.266
2004-08-03,51.0456
2004-08-02,52.4178
2004-07-30,56.1777
2004-07-29,57.7305
2004-07-28,56.3157
2004-07-27,57.1009
2004-07-26,52.5004
2004-07-23,50.0655
2004-07-22,54.7297
2004-07-21,54.483
2004-07-20,57.3525
2004-07-19,56.4892
2004-07-16,57.5968
2004-07-15,61.2159
2004-07-14,46.5831
2004-07-13,44.4432
2004-07-12,43.9694
2004-07-09,48.3256
2004-07-08,48.8944
2004-07-07,50.1693
2004-07-06,53.1166
2004-07-02,53.8138
2004-07-01,60.9458
2004-06-30,62.4936
2004-06-29,62.3422
2004-06-28,62.3061
2004-06-25,70.0328
2004-06-24,68.4347
2004-06-23,72.0869
2004-06-22,70.0423
2004-06-21,67.9046
2004-06-18,72.1378
2004-06-17,71.8504
2004-06-16,71.6559
2004-06-15,64.9128
2004-06-14,62.56
2004-06-10,67.2176
2004-06-09,65.0656
2004-06-08,66.2126
2004-06-07,64.0449
2004-06-04,59.3152
2004-06-03,57.3488
2004-06-02,61.1937
2004-06-01,56.6246
2004-05-28,56.6246
2004-05-27,57.4048
2004-05-26,59.8254
2004-05-25,59.3464
2004-05-24,53.7403
2004-05-21,52.3998
2004-05-20,50.0065
2004-05-19,48.5314
2004-05-18,52.1231
2004-05-17,49.6006
2004-05-14,52.214
2004-05-13,53.0357
2004-05-12,53.7152
2004-05-11,52.881
2004-05-10,48.1051
2004-05-07,50.3016
2004-05-06,49.7991
2004-05-05,50.174
2004-05-04,47.4353
2004-05-03,47.0559
2004-04-30,45.5077
2004-04-29,50.2754
2004-04-28,48.6226
2004-04-27,51.0932
2004-04-26,52.0677
2004-04-23,55.0609
2004-04-22,55.4862
2004-04-21,55.2811
2004-04-20,55.2811
2004-04-19,58.2864
2004-04-16,62.6156
2004-04-15,63.2609
2004-04-14,53.0768
2004-04-13,54.6456
2004-04-12,61.2264
2004-04-08,59.0752
2004-04-07,58.1231
2004-04-06,61.3268
2004-04-05,64.51
2004-04-02,61.318
2004-04-01,59.6795
2004-03-31,59.3862
2004-03-30,65.037
2004-03-29,65.0011
2004-03-26,61.7503
2004-03-25,61.0793
2004-03-24,55.0404
2004-03-23,54.0011
2004-03-22,57.424
2004-03-19,57.424
2004-03-18,56.5963
2004-03-17,59.6091
2004-03-16,58.1015
2004-03-15,61.8349
2004-03-12,69.287
2004-03-11,67.9308
2004-03-10,71.8257
2004-03-09,70.0398
2004-03-08,66.1772
2004-03-05,72.1196
2004-03-04,65.9105
2004-03-03,59.1234
2004-03-02,58.4259
2004-03-01,60.2919
2004-02-27,59.7098
2004-02-26,54.0821
2004-02-25,52.4324
2004-02-24,49.0287
2004-02-23,47.6852
2004-02-20,49.2073
2004-02-19,49.7097
2004-02-18,55.8206
2004-02-17,55.1577
2004-02-13,54.1111
2004-02-12,60.2012
2004-02-11,60.8248
2004-02-10,55.7203
2004-02-09,53.5243
2004-02-06,53.873
2004-02-05,51.8639
2004-02-04,47.1094
2004-02-03,50.6554
2004-02-02,51.1221
2004-01-30,52.9767
2004-01-29,53.9056
2004-01-28,52.8586
2004-01-27,57.0937
2004-01-26,56.7344
2004-01-23,53.9896
2004-01-22,51.5223
2004-01-21,54.674
2004-01-20,55.5753
2004-01-16,55.5173
2004-01-15,56.428
2004-01-14,67.3226
2004-01-13,66.9635
2004-01-12,65.1921
2004-01-09,61.5235
2004-01-08,64.7192
2004-01-07,60.5561
2004-01-06,57.4595
2004-01-05,58.1535
2004-01-02,52.0307
2003-12-31,52.7725
2003-12-30,52.1241
2003-12-29,51.2048
2003-12-26,48.5327
2003-12-24,45.7083
2003-12-23,40.6945
2003-12-22,40.9339
2003-12-19,39.6694
2003-12-18,41.5864
2003-12-17,40.2966
2003-12-16,41.6058
2003-12-15,41.875
2003-12-12,45.9424
2003-12-11,47.907
2003-12-10,41.7712
2003-12-09,42.1692
2003-12-08,45.7157
2003-12-05,44.2304
2003-12-04,46.0249
2003-12-03,45.1797
2003-12-02,48.2287
2003-12-01,49.2819
2003-11-28,43.7948
2003-11-26,42.3885
2003-11-25,42.0988
2003-11-24,44.6028
2003-11-21,38.1317
2003-11-20,38.5994
2003-11-19,38.8132
2003-11-18,38.7421
2003-11-17,42.122
2003-11-14,43.7853
2003-11-13,49.1486
2003-11-12,48.5877
2003-11-11,43.38
2003-11-10,45.3695
2003-11-07,48.922
2003-11-06,52.9954
2003-11-05,52.4494
2003-11-04,51.7394
2003-11-03,53.2502
2003-10-31,51.8017
2003-10-30,53.0018
2003-10-29,56.7487
2003-10-28,56.9399
2003-10-27,51.0961
2003-10-24,51.0961
2003-10-23,53.3724
2003-10-22,52.1788
2003-10-21,54.6036
2003-10-20,54.8341
2003-10-17,52.6001
2003-10-16,55.3679
2003-10-15,65.6767
2003-10-14,64.5998
2003-10-13,63.8007
2003-10-10,60.9985
2003-10-09,59.9885
2003-10-08,58.2466
2003-10-07,59.252
2003-10-06,54.9592
2003-10-03,51.8502
2003-10-02,45.1344
2003-10-01,46.3405
2003-09-30,45.9035
2003-09-29,49.0475
2003-09-26,45.3046
2003-09-25,43.6278
2003-09-24,48.4588
2003-09-23,55.7767
2003-09-22,53.6815
2003-09-19,57.3704
2003-09-18,59.7092
2003-09-17,55.3262
2003-09-16,57.1927
2003-09-15,56.3177
2003-09-12,63.6513
2003-09-11,60.7016
2003-09-10,58.4474
2003-09-09,60.0845
2003-09-08,63.3681
2003-09-05,62.0915
2003-09-04,65.0529
2003-09-03,66.1427
2003-09-02,65.6876
2003-08-29,64.6029
2003-08-28,62.6394
2003-08-27,58.9856
2003-08-26,56.5402
2003-08-25,55.4246
2003-08-22,55.5672
2003-08-21,61.5906
2003-08-20,57.9654
2003-08-19,53.6889
2003-08-18,53.8397
2003-08-15,49.6029
2003-08-14,51.4545
2003-08-13,52.9718
2003-08-12,49.7546
2003-08-11,49.481
2003-08-08,49.35
2003-08-07,51.1782
2003-08-06,49.3336
2003-08-05,54.1967
2003-08-04,60.4629
2003-08-01,57.7811
2003-07-31,60.6299
2003-07-30,55.9097
2003-07-29,59.6462
2003-07-28,62.0641
2003-07-25,67.3475
2003-07-24,61.5197
2003-07-23,64.4923
2003-07-22,64.5982
2003-07-21,63.5169
2003-07-18,66.0279
2003-07-17,66.4387
2003-07-16,60.5855
2003-07-15,58.8651
2003-07-14,61.7197
2003-07-11,61.4132
2003-07-10,59.7604
2003-07-09,62.6892
2003-07-08,67.8893
2003-07-07,65.0251
2003-07-03,60.3319
2003-07-02,61.8229
2003-07-01,60.6346
2003-06-30,60.4396
2003-06-27,58.2805
2003-06-26,63.9032
2003-06-25,62.6817
2003-06-24,60.7245
2003-06-23,63.586
2003-06-20,65.0418
2003-06-19,64.7128
2003-06-18,64.6074
2003-06-17,59.2242
2003-06-16,59.9696
2003-06-13,54.1441
2003-06-12,57.4124
2003-06-11,55.056
2003-06-10,52.9702
2003-06-09,49.7715
2003-06-06,52.9284
2003-06-05,57.6571
2003-06-04,57.3617
2003-06-03,55.2093
2003-06-02,56.5178
2003-05-30,61.4597
2003-05-29,63.0304
2003-05-28,64.9219
2003-05-27,71.7393
2003-05-23,68.8379
2003-05-22,68.3975
2003-05-21,66.1846
2003-05-20,65.835
2003-05-19,69.3549
2003-05-16,78.3399
2003-05-15,78.07
2003-05-14,77.3815
2003-05-13,78.9514
2003-05-12,78.5728
2003-05-09,77.6711
2003-05-08,76.5913
2003-05-07,75.2656
2003-05-06,74.6818
2003-05-05,67.9202
2003-05-02,54.4908
2003-05-01,53.4754
2003-04-30,51.8891
2003-04-29,50.0397
2003-04-28,47.65
2003-04-25,40.7889
2003-04-24,41.7052
2003-04-23,43.1374
2003-04-22,42.1945
2003-04-21,36.9442
2003-04-17,36.6488
2003-04-16,37.6545
2003-04-15,38.9229
2003-04-14,40.5673
2003-04-11,35.3802
2003-04-10,47.5084
2003-04-09,44.7398
2003-04-08,48.2305
2003-04-07,48.7868
2003-04-04,47.6393
2003-04-03,48.2817
2003-04-02,50.0778
2003-04-01,43.84
2003-03-31,43.5354
2003-03-28,48.9602
2003-03-27,47.8108
2003-03-26,46.6699
2003-03-25,48.4301
2003-03-24,45.9397
2003-03-21,54.7272
2003-03-20,53.5206
2003-03-19,54.1297
2003-03-18,54.8713
2003-03-17,55.0145
2003-03-14,52.2941
2003-03-13,51.5682
2003-03-12,44.9358
2003-03-11,45.053
2003-03-10,46.6723
2003-03-07,48.5677
2003-03-06,48.9215
2003-03-05,49.6083
2003-03-04,48.9272
2003-03-03,49.8881
2003-02-28,53.9114
2003-02-27,52.3916
2003-02-26,48.5212
2003-02-25,54.6138
2003-02-24,51.4985
2003-02-21,54.8177
2003-02-20,52.2302
2003-02-19,53.2376
2003-02-18,58.9042
2003-02-14,51.9655
2003-02-13,50.236
2003-02-12,48.1913
2003-02-11,47.6464
2003-02-10,47.6464
2003-02-07,45.0376
2003-02-06,48.2342
2003-02-05,48.4677
2003-02-04,50.1987
2003-02-03,50.8893
2003-01-31,47.4555
2003-01-30,46.986
2003-01-29,49.7299
2003-01-28,49.7299
2003-01-27,44.6839
2003-01-24,40.5247
2003-01-23,44.0528
2003-01-22,40.1747
2003-01-21,41.4938
2003-01-17,42.2468
2003-01-16,47.5786
2003-01-15,45.1769
2003-01-14,47.1198
2003-01-13,47.3347
2003-01-10,48.2759
2003-01-09,47.838
2003-01-08,46.4379
2003-01-07,49.3413
2003-01-06,49.8346
2003-01-03,49.8346
2003-01-02,48.9127
2002-12-31,44.3456
2002-12-30,41.6021
2002-12-27,41.4967
2002-12-26,44.065
2002-12-24,43.6754
2002-12-23,44.6353
2002-12-20,41.3376
2002-12-19,41.7425
2002-12-18,44.2837
2002-12-17,48.1196
2002-12-16,46.1201
2002-12-13,45.6005
2002-12-12,48.5668
2002-12-11,50.9272
2002-12-10,49.2882
2002-12-09,44.8738
2002-12-06,46.3192
2002-12-05,43.5556
2002-12-04,45.943
2002-12-03,47.32
2002-12-02,47.4623
2002-11-29,49.7348
2002-11-27,51.3404
2002-11-26,49.1426
2002-11-25,53.2717
2002-11-22,53.5772
2002-11-21,56.1785
2002-11-20,50.6936
2002-11-19,48.7618
2002-11-18,51.567
2002-11-15,53.8922
2002-11-14,56.7273
2002-11-13,51.8454
2002-11-12,52.2397
2002-11-11,48.6803
2002-11-08,54.1072
2002-11-07,55.49
2002-11-06,68.0962
2002-11-05,66.1818
2002-11-04,66.1214
2002-11-01,62.7768
2002-10-31,60.7632
2002-10-30,60.1273
2002-10-29,56.069
2002-10-28,57.8293
2002-10-25,56.3751
2002-10-24,50.0933
2002-10-23,51.9427
2002-10-22,50.291
2002-10-21,48.9957
2002-10-18,46.9315
2002-10-17,44.7089
2002-10-16,48.483
2002-10-15,54.2876
2002-10-14,50.6383
2002-10-11,48.0096
2002-10-10,43.7403
2002-10-09,37.2091
2002-10-08,37.9331
2002-10-07,38.5669
2002-10-04,40.6645
2002-10-03,42.9701
2002-10-02,41.4517
2002-10-01,44.388
2002-09-30,44.2777
2002-09-27,46.1924
2002-09-26,45.9907
2002-09-25,47.9546
2002-09-24,45.149
2002-09-23,46.8878
2002-09-20,47.0517
2002-09-19,44.3724
2002-09-18,47.8634
2002-09-17,45.8394
2002-09-16,42.9713
2002-09-13,39.6306
2002-09-12,39.3236
2002-09-11,40.2969
2002-09-10,40.5512
2002-09-09,40.7957
2002-09-06,40.8542
2002-09-05,39.1972
2002-09-04,40.8271
2002-09-03,37.2756
2002-08-30,41.0896
2002-08-29,40.6777
2002-08-28,40.6777
2002-08-27,41.4625
2002-08-26,45.2201
2002-08-23,46.3949
2002-08-22,47.8109
2002-08-21,48.6933
2002-08-20,47.4022
2002-08-19,47.783
2002-08-16,46.797
2002-08-15,45.65
2002-08-14,43.0855
2002-08-13,39.5114
2002-08-12,41.2068
2002-08-09,41.2488
2002-08-08,42.484
2002-08-07,40.9727
2002-08-06,39.3466
2002-08-05,34.9432
2002-08-02,36.4866
2002-08-01,37.6899
2002-07-31,39.3086
2002-07-30,39.9103
2002-07-29,37.7261
2002-07-26,33.9428
2002-07-25,34.0005
2002-07-24,36.4752
2002-07-23,32.4139
2002-07-22,33.6747
2002-07-19,33.7856
2002-07-18,33.8652
2002-07-17,35.5613
2002-07-16,42.6288
2002-07-15,44.0074
2002-07-12,40.3944
2002-07-11,43.3034
2002-07-10,38.1172
2002-07-09,38.8405
2002-07-08,40.5095
2002-07-05,43.1911
2002-07-03,36.7022
2002-07-02,32.974
2002-07-01,33.341
2002-06-28,35.3996
2002-06-27,31.3741
2002-06-26,28.0845
2002-06-25,29.6463
2002-06-24,29.9955
2002-06-21,27.3699
2002-06-20,27.9872
2002-06-19,28.0103
2002-06-18,36.7307
2002-06-17,38.1843
2002-06-14,35.4462
2002-06-13,31.7933
2002-06-12,33.5655
2002-06-11,34.8054
2002-06-10,38.5331
2002-06-07,38.0386
2002-06-06,41.0165
2002-06-05,43.3944
2002-06-04,43.652
2002-06-03,44.192
2002-05-31,45.8069
2002-05-30,49.7961
2002-05-29,48.7598
2002-05-28,48.7598
2002-05-24,49.472
2002-05-23,54.0125
2002-05-22,50.4017
2002-05-21,46.4039
2002-05-20,52.3729
2002-05-17,53.7585
2002-05-16,54.7784
2002-05-15,55.1262
2002-05-14,56.7393
2002-05-13,49.6569
2002-05-10,46.5719
2002-05-09,50.7148
2002-05-08,51.6173
2002-05-07,41.1078
2002-05-06,41.9275
2002-05-03,46.0996
2002-05-02,47.0301
2002-05-01,48.5294
2002-04-30,50.045
2002-04-29,48.4087
2002-04-26,42.9705
2002-04-25,48.6645
2002-04-24,46.5426
2002-04-23,49.1917
2002-04-22,50.7938
2002-04-19,53.4518
2002-04-18,56.1175
2002-04-17,60.8073
2002-04-16,59.0905
2002-04-15,55.3767
2002-04-12,55.7667
2002-04-11,54.7578
2002-04-10,53.7558
2002-04-09,50.8609
2002-04-08,53.4731
2002-04-05,54.5139
2002-04-04,55.4248
2002-04-03,49.6836
2002-04-02,51.4348
2002-04-01,53.6232
2002-03-28,49.4875
2002-03-27,48.3804
2002-03-26,48.3266
2002-03-25,47.7576
2002-03-22,51.3726
2002-03-21,52.2872
2002-03-20,55.6883
2002-03-19,55.3915
2002-03-18,54.9408
2002-03-15,55.9662
2002-03-14,53.9442
2002-03-13,54.2171
2002-03-12,55.2347
2002-03-11,56.73
2002-03-08,55.3799
2002-03-07,54.4345
2002-03-06,53.3959
2002-03-05,51.5691
2002-03-04,54.4213
2002-03-01,51.6112
2002-02-28,44.886
2002-02-27,45.7841
2002-02-26,52.3257
2002-02-25,52.9137
2002-02-22,48.7305
2002-02-21,43.1721
2002-02-20,49.9323
2002-02-19,47.4882
2002-02-15,53.7435
2002-02-14,57.6916
2002-02-13,60.1503
2002-02-12,58.9337
2002-02-11,60.5132
2002-02-08,56.6276
2002-02-07,58.1732
2002-02-06,60.3164
2002-02-05,65.1214
2002-02-04,64.7797
2002-02-01,61.4027
2002-01-31,63.3043
2002-01-30,60.9707
2002-01-29,56.7392
2002-01-28,57.9087
2002-01-25,57.8262
2002-01-24,57.6684
2002-01-23,56.9413
2002-01-22,51.9946
2002-01-18,53.7042
2002-01-17,55.2322
2002-01-16,47.4416
2002-01-15,52.1031
2002-01-14,49.2723
2002-01-11,48.7491
2002-01-10,49.6243
2002-01-09,51.681
2002-01-08,56.7922
2002-01-07,58.4512
2002-01-04,63.2312
2002-01-03,62.8291
2002-01-02,61.8194
2001-12-31,56.1635
2001-12-28,59.324
2001-12-27,57.7913
2001-12-26,55.208
2001-12-24,54.6166
2001-12-21,52.9833
2001-12-20,51.4622
2001-12-19,56.4576
2001-12-18,53.7171
2001-12-17,51.8775
2001-12-14,50.7815
2001-12-13,53.8729
2001-12-12,56.4976
2001-12-11,58.0889
2001-12-10,62.4692
2001-12-07,62.4692
2001-12-06,63.8412
2001-12-05,69.7869
2001-12-04,65.558
2001-12-03,60.3206
2001-11-30,61.9786
2001-11-29,58.13
2001-11-28,58.8373
2001-11-27,61.8938
2001-11-26,64.3957
2001-11-23,57.6747
2001-11-21,56.8658
2001-11-20,56.1189
2001-11-19,59.1687
2001-11-16,53.9595
2001-11-15,57.1897
2001-11-14,58.2948
2001-11-13,57.1139
2001-11-12,53.9112
2001-11-09,53.6993
2001-11-08,53.6993
2001-11-07,59.0944
2001-11-06,59.0054
2001-11-05,56.7736
2001-11-02,54.4161
2001-11-01,54.5291
2001-10-31,49.3863
2001-10-30,49.5933
2001-10-29,49.7418
2001-10-26,55.1837
2001-10-25,58.2087
2001-10-24,57.1795
2001-10-23,53.5086
2001-10-22,58.7025
2001-10-19,55.3325
2001-10-18,53.8415
2001-10-17,48.3246
2001-10-16,54.5836
2001-10-15,54.4738
2001-10-12,54.5992
2001-10-11,53.2175
2001-10-10,48.1053
2001-10-09,42.8139
2001-10-08,43.8499
2001-10-05,43.46
2001-10-04,41.7961
2001-10-03,35.56
2001-10-02,35.8438
2001-10-01,37.8524
2001-09-28,37.6492
2001-09-27,37.6492
2001-09-26,35.36
2001-09-25,36.7486
2001-09-24,40.2525
2001-09-21,35.6399
2001-09-20,35.3104
2001-09-19,40.6023
2001-09-18,35.5337
2001-09-17,38.5306
2001-09-10,40.257
2001-09-07,39.6486
2001-09-06,41.6169
2001-09-05,45.6811
2001-09-04,43.7964
2001-08-31,45.2892
2001-08-30,40.6792
2001-08-29,40.6792
2001-08-28,43.2851
2001-08-27,45.8295
2001-08-24,43.7139
2001-08-23,38.782
2001-08-22,40.5589
2001-08-21,38.622
2001-08-20,39.4645
2001-08-17,39.1493
2001-08-16,41.533
2001-08-15,40.2823
2001-08-14,41.4454
2001-08-13,42.9064
2001-08-10,42.5321
2001-08-09,42.646
2001-08-08,41.9076
2001-08-07,43.1386
2001-08-06,42.5893
2001-08-03,43.8295
2001-08-02,44.9038
2001-08-01,41.6784
2001-07-31,40.5029
2001-07-30,40.9091
2001-07-27,40.9927
2001-07-26,39.5437
2001-07-25,39.0828
2001-07-24,40.6022
2001-07-23,41.7205
2001-07-20,42.8159
2001-07-19,42.751
2001-07-18,44.7537
2001-07-17,58.205
2001-07-16,54.7906
2001-07-13,58.3244
2001-07-12,56.8694
2001-07-11,50.8097
2001-07-10,45.1814
2001-07-09,51.408
2001-07-06,48.5129
2001-07-05,53.7834
2001-07-03,57.0847
2001-07-02,57.3936
2001-06-29,54.8806
2001-06-28,56.2878
2001-06-27,55.5409
2001-06-26,57.4526
2001-06-25,58.5738
2001-06-22,52.184
2001-06-21,53.2208
2001-06-20,49.8457
2001-06-19,42.7652
2001-06-18,43.3147
2001-06-15,43.7342
2001-06-14,40.9694
2001-06-13,43.0886
2001-06-12,42.32
2001-06-11,41.0435
2001-06-08,45.5872
2001-06-07,46.8972
2001-06-06,42.6116
2001-06-05,43.3623
2001-06-04,42.0696
2001-06-01,42.8325
2001-05-31,38.5026
2001-05-30,37.6917
2001-05-29,43.0525
2001-05-25,48.0033
2001-05-24,49.8613
2001-05-23,49.9866
2001-05-22,51.0843
2001-05-21,51.3223
2001-05-18,51.2143
2001-05-17,51.2863
2001-05-16,53.2424
2001-05-15,50.2257
2001-05-14,50.5965
2001-05-11,49.1705
2001-05-10,49.6345
2001-05-09,52.7222
2001-05-08,54.6673
2001-05-07,55.9638
2001-05-04,58.6401
2001-05-03,56.6717
2001-05-02,62.5025
2001-05-01,60.9573
2001-04-30,59.911
2001-04-27,62.4776
2001-04-26,58.9222
2001-04-25,59.0277
2001-04-24,57.3584
2001-04-23,58.0751
2001-04-20,60.6607
2001-04-19,62.9526
2001-04-18,56.1748
2001-04-17,48.9352
2001-04-16,52.5218
2001-04-12,56.2099
2001-04-11,54.2803
2001-04-10,55.1744
2001-04-09,50.3155
2001-04-06,50.4888
2001-04-05,51.4312
2001-04-04,46.817
2001-04-03,49.2163
2001-04-02,54.0138
2001-03-30,55.8529
2001-03-29,57.6395
2001-03-28,56.6075
2001-03-27,59.2751
2001-03-26,56.2234
2001-03-23,61.0909
2001-03-22,57.0999
2001-03-21,52.0176
2001-03-20,50.418
2001-03-19,53.8699
2001-03-16,50.3831
2001-03-15,50.6539
2001-03-14,53.5863
2001-03-13,50.3847
2001-03-12,46.6504
2001-03-09,53.2532
2001-03-08,55.8323
2001-03-07,57.9264
2001-03-06,59.1234
2001-03-05,55.1433
2001-03-02,50.6156
2001-03-01,48.407
2001-02-28,46.1177
2001-02-27,50.9263
2001-02-26,51.5187
2001-02-23,48.4982
2001-02-22,48.4982
2001-02-21,48.7365
2001-02-20,46.4015
2001-02-16,49.0148
2001-02-15,53.4043
2001-02-14,51.2115
2001-02-13,49.685
2001-02-12,52.0035
2001-02-09,49.7771
2001-02-08,56.9546
2001-02-07,56.9546
2001-02-06,58.6882
2001-02-05,55.4502
2001-02-02,57.4273
2001-02-01,59.7819
2001-01-31,62.2049
2001-01-30,62.8339
2001-01-29,62.6684
2001-01-26,56.0703
2001-01-25,57.8018
2001-01-24,60.4136
2001-01-23,60.4136
2001-01-22,56.4493
2001-01-19,57.5442
2001-01-18,54.8486
2001-01-17,47.4986
2001-01-16,48.7415
2001-01-12,49.0166
2001-01-11,52.2596
2001-01-10,46.2541
2001-01-09,48.8059
2001-01-08,45.9744
2001-01-05,45.1046
2001-01-04,47.7574
2001-01-03,44.6656
2001-01-02,37.0191
2000-12-29,37.0191
2000-12-28,36.6479
2000-12-27,36.6479
2000-12-26,36.0649
2000-12-22,36.8982
2000-12-21,32.3988
2000-12-20,33.1636
2000-12-19,31.3351
2000-12-18,31.8802
2000-12-15,31.0138
2000-12-14,31.7818
2000-12-13,32.9233
2000-12-12,33.7037
2000-12-11,32.9488
2000-12-08,32.4488
2000-12-07,29.5705
2000-12-06,29.5705
2000-12-05,34.3015
2000-12-04,33.1303
2000-12-01,33.8138
2000-11-30,31.7903
2000-11-29,33.6397
2000-11-28,34.4847
2000-11-27,35.6804
2000-11-24,36.8197
2000-11-22,34.2125
2000-11-21,34.7337
2000-11-20,34.9457
2000-11-17,33.6431
2000-11-16,34.3864
2000-11-15,35.6898
2000-11-14,36.2602
2000-11-13,33.9377
2000-11-10,33.1221
2000-11-09,34.6013
2000-11-08,34.2805
2000-11-07,35.8884
2000-11-06,36.0555
2000-11-03,37.0772
2000-11-02,37.1513
2000-11-01,33.3337
2000-10-31,31.2741
2000-10-30,30.7334
2000-10-27,29.1447
2000-10-26,29.021
2000-10-25,29.021
2000-10-24,29.3058
2000-10-23,30.4569
2000-10-20,28.9185
2000-10-19,27.9438
2000-10-18,28.7325
2000-10-17,28.7325
2000-10-16,29.6147
2000-10-13,29.9695
2000-10-12,26.9097
2000-10-11,26.3458
2000-10-10,26.9967
2000-10-09,27.4503
2000-10-06,27.6712
2000-10-05,27.5075
2000-10-04,28.236
2000-10-03,26.687
2000-10-02,27.5228
2000-09-29,28.1708
2000-09-28,48.0565
2000-09-27,41.6236
2000-09-26,44.4936
2000-09-25,47.032
2000-09-22,45.1412
2000-09-21,51.0932
2000-09-20,58.1506
2000-09-19,56.7042
2000-09-18,57.9382
2000-09-15,50.1691
2000-09-14,52.9586
2000-09-13,54.9901
2000-09-12,54.6275
2000-09-11,55.8063
2000-09-08,56.5455
2000-09-07,62.0852
2000-09-06,57.5805
2000-09-05,65.9436
2000-09-01,68.2996
2000-08-31,65.3603
2000-08-30,63.5089
2000-08-29,63.1056
2000-08-28,61.6374
2000-08-25,59.9631
2000-08-24,59.0114
2000-08-23,56.4845
2000-08-22,52.4293
2000-08-21,50.4363
2000-08-18,49.5934
2000-08-17,52.0137
2000-08-16,46.9966
2000-08-15,43.5443
2000-08-14,44.1022
2000-08-11,45.0354
2000-08-10,44.8064
2000-08-09,44.7054
2000-08-08,43.4773
2000-08-07,44.9833
2000-08-04,44.118
2000-08-03,44.8601
2000-08-02,43.7731
2000-08-01,46.1468
2000-07-31,47.9452
2000-07-28,44.5219
2000-07-27,49.0445
2000-07-26,46.3211
2000-07-25,46.3211
2000-07-24,44.428
2000-07-21,50.4343
2000-07-20,52.6127
2000-07-19,49.3849
2000-07-18,56.1787
2000-07-17,57.9388
2000-07-14,57.1936
2000-07-13,55.7645
2000-07-12,59.5413
2000-07-11,57.3019
2000-07-10,57.5986
2000-07-07,54.4255
2000-07-06,51.0212
2000-07-05,50.7822
2000-07-03,53.0791
2000-06-30,51.9358
2000-06-29,50.5448
2000-06-28,54.7978
2000-06-27,51.5307
2000-06-26,54.8638
2000-06-23,51.8292
2000-06-22,54.7833
2000-06-21,57.6311
2000-06-20,51.2174
2000-06-19,47.7413
2000-06-16,43.2347
2000-06-15,44.0184
2000-06-14,42.396
2000-06-13,45.0024
2000-06-12,42.2528
2000-06-09,45.211
2000-06-08,44.4493
2000-06-07,45.5697
2000-06-06,42.6754
2000-06-05,41.4244
2000-06-02,42.1242
2000-06-01,39.4501
2000-05-31,35.2178
2000-05-30,36.9225
2000-05-26,35.9378
2000-05-25,36.3455
2000-05-24,36.5292
2000-05-23,35.135
2000-05-22,36.823
2000-05-19,38.5528
2000-05-18,41.6425
2000-05-17,41.9358
2000-05-16,43.9862
2000-05-15,41.0115
2000-05-12,44.156
2000-05-11,41.0353
2000-05-10,38.6661
2000-05-09,41.4363
2000-05-08,43.7075
2000-05-05,45.2168
2000-05-04,43.7214
2000-05-03,45.8601
2000-05-02,47.2728
2000-05-01,50.671
2000-04-28,50.5399
2000-04-27,51.9514
2000-04-26,49.227
2000-04-25,52.8932
2000-04-24,48.856
2000-04-20,47.9719
2000-04-19,49.0846
2000-04-18,52.0134
2000-04-17,50.551
2000-04-14,44.074
2000-04-13,44.9788
2000-04-12,42.3353
2000-04-11,47.1438
2000-04-10,50.093
2000-04-07,53.9882
2000-04-06,50.4294
2000-04-05,53.542
2000-04-04,51.8728
2000-04-03,55.5806
2000-03-31,57.1989
2000-03-30,51.838
2000-03-29,58.9421
2000-03-28,61.4465
2000-03-27,61.7827
2000-03-24,61.3765
2000-03-23,63.3011
2000-03-22,65.444
2000-03-21,61.4635
2000-03-20,55.1245
2000-03-17,56.6062
2000-03-16,54.6128
2000-03-15,51.3344
2000-03-14,50.0433
2000-03-13,54.9305
2000-03-10,58.3342
2000-03-09,56.3067
2000-03-08,56.162
2000-03-07,56.7839
2000-03-06,58.7885
2000-03-03,60.4492
2000-03-02,57.4858
2000-03-01,63.7728
2000-02-29,54.9318
2000-02-28,54.0006
2000-02-25,52.0209
2000-02-24,55.8506
2000-02-23,56.7129
2000-02-22,55.1855
2000-02-18,53.5519
2000-02-17,56.3092
2000-02-16,55.8619
2000-02-15,59.636
2000-02-14,57.8683
2000-02-11,53.5957
2000-02-10,57.3105
2000-02-09,56.7833
2000-02-08,58.5393
2000-02-07,58.0961
2000-02-04,54.6509
2000-02-03,51.7332
2000-02-02,48.7262
2000-02-01,49.6668
2000-01-31,51.984
2000-01-28,50.653
2000-01-27,56.5075
2000-01-26,56.6485
2000-01-25,58.1432
2000-01-24,54.8467
2000-01-21,58.5404
2000-01-20,60.2076
2000-01-19,56.476
2000-01-18,54.9613
2000-01-14,52.8801
2000-01-13,50.5935
2000-01-12,43.8922
2000-01-11,47.448
2000-01-10,50.976
2000-01-07,52.2683
2000-01-06,49.1173
2000-01-05,56.1615
2000-01-04,55.1429
2000-01-03,64.0389
1999-12-31,57.7809
1999-12-30,55.7791
1999-12-29,56.1636
1999-12-28,54.1898
1999-12-27,55.2485
1999-12-23,59.3711
1999-12-22,56.7672
1999-12-21,59.3665
1999-12-20,56.0023
1999-12-17,58.0309
1999-12-16,56.774
1999-12-15,55.7992
1999-12-14,54.2039
1999-12-13,58.0641
1999-12-10,62.1355
1999-12-09,64.5543
1999-12-08,70.0961
1999-12-07,80.7004
1999-12-06,80.0301
1999-12-03,79.6593
1999-12-02,77.7735
1999-12-01,74.4361
1999-11-30,71.474
