date,EMA
2024-10-04,225.6957
2024-10-03,225.5795
2024-10-02,225.5699
2024-10-01,225.4426
2024-09-30,225.3618
2024-09-27,224.5577
2024-09-26,224.2175
2024-09-25,223.8699
2024-09-24,223.6067
2024-09-23,223.2106
2024-09-20,222.8675
2024-09-19,222.3062
2024-09-18,221.6152
2024-09-17,221.7126
2024-09-16,222.2308
2024-09-13,222.853
2024-09-12,222.8901
2024-09-11,222.9028
2024-09-10,222.9283
2024-09-09,223.225
2024-09-06,223.4687
2024-09-05,223.7475
2024-09-04,223.8914
2024-09-03,224.2116
2024-08-30,224.3633
2024-08-29,223.8753
2024-08-28,223.2526
2024-08-27,222.9119
2024-08-26,222.3731
2024-08-23,221.8671
2024-08-22,221.3437
2024-08-21,221.0083
2024-08-20,220.4407
2024-08-19,219.8019
2024-08-16,219.161
2024-08-15,218.4358
2024-08-14,217.7743
2024-08-13,217.359
2024-08-12,216.9473
2024-08-09,216.886
2024-08-08,216.9801
2024-08-07,217.3922
2024-08-06,218.2147
2024-08-05,219.396
2024-08-02,220.4872
2024-08-01,220.5798
2024-07-31,220.8398
2024-07-30,220.7361
2024-07-29,220.9663
2024-07-26,221.2797
2024-07-25,221.6555
2024-07-24,222.1202
2024-07-23,222.5235
2024-07-22,222.2889
2024-07-19,222.1401
2024-07-18,221.9388
2024-07-17,221.7299
2024-07-16,221.005
2024-07-15,219.5791
2024-07-12,218.0474
2024-07-11,216.7602
2024-07-10,215.6498
2024-07-09,213.8537
2024-07-08,212.3207
2024-07-05,210.7167
2024-07-03,209.0995
2024-07-02,207.8157
2024-07-01,206.5314
2024-06-28,205.4819
2024-06-27,204.9665
2024-06-26,204.031
2024-06-25,203.0863
2024-06-24,202.4817
2024-06-21,201.9113
2024-06-20,201.3491
2024-06-18,200.4975
2024-06-17,199.0716
2024-06-14,197.2453
2024-06-13,195.6662
2024-06-12,193.737
2024-06-11,191.7277
2024-06-10,190.1293
2024-06-07,189.8379
2024-06-06,189.1193
2024-06-05,188.5785
2024-06-04,187.8347
2024-06-03,187.1723
2024-05-31,186.4739
2024-05-30,185.8892
2024-05-29,185.3438
2024-05-28,184.8461
2024-05-24,184.3276
2024-05-23,183.7556
2024-05-22,183.4493
2024-05-21,182.688
2024-05-20,181.6942
2024-05-17,180.7336
2024-05-16,179.7948
2024-05-15,178.7603
2024-05-14,177.6296
2024-05-13,176.6206
2024-05-10,175.6263
2024-05-09,174.867
2024-05-08,173.8944
2024-05-07,173.0116
2024-05-06,172.0715
2024-05-03,171.105
2024-05-02,169.8613
2024-05-01,169.5735
2024-04-30,169.647
2024-04-29,169.6202
2024-04-26,169.2576
2024-04-25,169.2979
2024-04-24,169.2804
2024-04-23,169.3525
2024-04-22,169.6548
2024-04-19,170.1001
2024-04-18,170.6806
2024-04-17,171.108
2024-04-16,171.4795
2024-04-15,171.7453
2024-04-12,171.6914
2024-04-11,171.2267
2024-04-10,170.8715
2024-04-09,171.2413
2024-04-08,171.4515
2024-04-05,171.812
2024-04-04,172.0917
2024-04-03,172.4807
2024-04-02,172.8235
2024-04-01,173.2874
2024-03-28,173.6753
2024-03-27,173.9516
2024-03-26,174.065
2024-03-25,174.5683
2024-03-22,175.0048
2024-03-21,175.3371
2024-03-20,175.8
2024-03-19,175.5451
2024-03-18,175.5353
2024-03-15,175.7723
2024-03-14,176.1498
2024-03-13,176.527
2024-03-12,177.1404
2024-03-11,177.5978
2024-03-08,178.1537
2024-03-07,178.9802
2024-03-06,180.0755
2024-03-05,181.2734
2024-03-04,182.4923
2024-03-01,183.3167
2024-02-29,183.7491
2024-02-28,184.1126
2024-02-27,184.444
2024-02-26,184.6832
2024-02-23,185.1019
2024-02-22,185.4219
2024-02-21,185.5814
2024-02-20,185.9728
2024-02-16,186.4853
2024-02-15,186.973
2024-02-14,187.3493
2024-02-13,187.7347
2024-02-12,188.0672
2024-02-09,188.2132
2024-02-08,188.1961
2024-02-07,188.2579
2024-02-06,188.212
2024-02-05,188.1727
2024-02-02,188.2991
2024-02-01,188.6308
2024-01-31,188.8915
2024-01-30,189.4376
2024-01-29,189.6595
2024-01-26,189.5177
2024-01-25,189.2887
2024-01-24,188.8521
2024-01-23,188.3349
2024-01-22,187.6919
2024-01-19,187.1165
2024-01-18,186.725
2024-01-17,186.5994
2024-01-16,187.0846
2024-01-12,187.5212
2024-01-11,187.7637
2024-01-10,188.0663
2024-01-09,188.3378
2024-01-08,188.748
2024-01-05,189.1573
2024-01-04,190.0691
2024-01-03,191.0002
2024-01-02,191.784
2023-12-29,192.5046
2023-12-28,192.5784
2023-12-27,192.5499
2023-12-26,192.5635
2023-12-22,192.5891
2023-12-21,192.5596
2023-12-20,192.4138
2023-12-19,192.2369
2023-12-18,191.8201
2023-12-15,191.4696
2023-12-14,190.906
2023-12-13,190.2264
2023-12-12,189.491
2023-12-11,189.0191
2023-12-08,188.6579
2023-12-07,187.9933
2023-12-06,187.4099
2023-12-05,186.9695
2023-12-04,186.3673
2023-12-01,186.1203
2023-11-30,185.6574
2023-11-29,185.281
2023-11-28,184.9259
2023-11-27,184.4253
2023-11-24,183.9361
2023-11-22,183.3764
2023-11-21,182.6174
2023-11-20,181.8486
2023-11-17,180.9141
2023-11-16,180.0657
2023-11-15,179.1259
2023-11-14,178.2655
2023-11-13,177.3743
2023-11-10,176.6661
2023-11-09,175.7155
2023-11-08,175.108
2023-11-07,174.3862
2023-11-06,173.7004
2023-11-03,173.2138
2023-11-02,172.9461
2023-11-01,172.5539
2023-10-31,172.4975
2023-10-30,172.7702
2023-10-27,173.122
2023-10-26,173.7275
2023-10-25,174.5361
2023-10-24,174.9889
2023-10-23,175.2443
2023-10-20,175.5726
2023-10-19,175.9481
2023-10-18,176.0928
2023-10-17,176.2131
2023-10-16,176.2087
2023-10-13,176.0395
2023-10-12,175.8389
2023-10-11,175.4224
2023-10-10,175.0573
2023-10-09,174.8014
2023-10-06,174.4558
2023-10-05,174.2309
2023-10-04,174.2526
2023-10-03,174.4074
2023-10-02,174.7105
2023-09-29,174.9041
2023-09-28,175.3841
2023-09-27,175.969
2023-09-26,176.6428
2023-09-25,177.2273
2023-09-22,177.4418
2023-09-21,177.814
2023-09-20,178.3154
2023-09-19,178.7063
2023-09-18,178.7633
2023-09-15,178.9416
2023-09-14,179.4486
2023-09-13,179.9325
2023-09-12,180.6276
2023-09-11,181.177
2023-09-08,181.4638
2023-09-07,181.9043
2023-09-06,182.4561
2023-09-05,182.5057
2023-09-01,181.8494
2023-08-31,181.1491
2023-08-30,180.5417
2023-08-29,179.8933
2023-08-28,179.5464
2023-08-25,179.5746
2023-08-24,179.7712
2023-08-23,180.2221
2023-08-22,180.224
2023-08-21,180.6335
2023-08-18,181.2317
2023-08-17,182.0342
2023-08-16,182.9726
2023-08-15,183.7405
2023-08-14,184.4972
2023-08-11,185.1229
2023-08-10,185.9895
2023-08-09,186.9535
2023-08-08,187.996
2023-08-07,188.9798
2023-08-04,190.1666
2023-08-03,191.1498
2023-08-02,191.2765
2023-08-01,191.269
2023-07-31,190.9443
2023-07-28,190.497
2023-07-27,190.0676
2023-07-26,189.8659
2023-07-25,189.5091
2023-07-24,189.2068
2023-07-21,188.9636
2023-07-20,188.7796
2023-07-19,188.4518
2023-07-18,187.8834
2023-07-17,187.3984
2023-07-14,186.8352
2023-07-13,186.5579
2023-07-12,186.267
2023-07-11,186.0261
2023-07-10,185.9366
2023-07-07,185.7822
2023-07-06,185.3951
2023-07-05,184.8491
2023-07-03,184.2957
2023-06-30,183.5659
2023-06-29,182.6014
2023-06-28,181.9935
2023-06-27,181.3571
2023-06-26,180.7782
2023-06-23,180.4302
2023-06-22,179.898
2023-06-21,179.2764
2023-06-20,178.9073
2023-06-16,178.3895
2023-06-15,177.8267
2023-06-14,177.0906
2023-06-13,176.4924
2023-06-12,175.8982
2023-06-09,175.1913
2023-06-08,174.706
2023-06-07,174.2103
2023-06-06,173.9501
2023-06-05,173.5171
2023-06-02,172.9999
2023-06-01,172.2849
2023-05-31,171.5846
2023-05-30,171.1077
2023-05-26,170.5753
2023-05-25,170.1824
2023-05-24,170.0034
2023-05-23,169.9258
2023-05-22,169.8693
2023-05-19,169.5308
2023-05-18,169.0562
2023-05-17,168.5432
2023-05-16,168.223
2023-05-15,167.934
2023-05-12,167.6145
2023-05-11,167.2091
2023-05-10,166.6628
2023-05-09,166.0795
2023-05-08,165.6211
2023-05-05,164.9338
2023-05-04,164.1669
2023-05-03,164.1317
2023-05-02,163.9196
2023-05-01,163.5712
2023-04-28,163.0765
2023-04-27,162.5203
2023-04-26,162.0383
2023-04-25,161.9911
2023-04-24,161.9379
2023-04-21,161.7163
2023-04-20,161.5036
2023-04-19,161.0983
2023-04-18,160.5481
2023-04-17,160.061
2023-04-14,159.6522
2023-04-13,159.2024
2023-04-12,158.6688
2023-04-11,158.6492
2023-04-10,158.5545
2023-04-06,158.3213
2023-04-05,157.7889
2023-04-04,157.2944
2023-04-03,156.5526
2023-03-31,155.6763
2023-03-30,154.8404
2023-03-29,154.1818
2023-03-28,153.6199
2023-03-27,153.3248
2023-03-24,152.9328
2023-03-23,152.2938
2023-03-22,151.7254
2023-03-21,151.212
2023-03-20,150.4932
2023-03-17,149.895
2023-03-16,149.4846
2023-03-15,148.9421
2023-03-14,148.6413
2023-03-13,148.3506
2023-03-10,148.2507
2023-03-09,148.3461
2023-03-08,148.2332
2023-03-07,147.8702
2023-03-06,147.6018
2023-03-03,147.0721
2023-03-02,146.7791
2023-03-01,146.9901
2023-02-28,147.2859
2023-02-27,147.3936
2023-02-24,147.4593
2023-02-23,147.6583
2023-02-22,147.5973
2023-02-21,147.581
2023-02-17,147.608
2023-02-16,147.2126
2023-02-15,146.6546
2023-02-14,145.8686
2023-02-13,145.2223
2023-02-10,144.4401
2023-02-09,143.8721
2023-02-08,143.283
2023-02-07,142.5224
2023-02-06,141.397
2023-02-03,140.4576
2023-02-02,139.1305
2023-02-01,138.0475
2023-01-31,137.4125
2023-01-30,136.8297
2023-01-27,136.32
2023-01-26,135.451
2023-01-25,134.6961
2023-01-24,134.0807
2023-01-23,133.3306
2023-01-20,132.6497
2023-01-19,132.235
2023-01-18,132.0478
2023-01-17,131.8471
2023-01-13,131.5491
2023-01-12,131.3429
2023-01-11,131.2557
2023-01-10,131.151
2023-01-09,131.3232
2023-01-06,131.5739
2023-01-05,131.9063
2023-01-04,132.7534
2023-01-03,133.5499
2022-12-30,134.5648
2022-12-29,135.1797
2022-12-28,135.8927
2022-12-27,137.0531
2022-12-23,137.9195
2022-12-22,138.6862
2022-12-21,139.4951
2022-12-20,140.0533
2022-12-19,140.9988
2022-12-16,142.0365
2022-12-15,142.9602
2022-12-14,143.7737
2022-12-13,143.973
2022-12-12,143.9577
2022-12-09,144.0429
2022-12-08,144.3801
2022-12-07,144.7016
2022-12-06,145.2354
2022-12-05,145.6199
2022-12-02,145.6569
2022-12-01,145.5748
2022-11-30,145.4319
2022-11-29,145.3031
2022-11-28,145.8762
2022-11-25,146.1915
2022-11-23,146.1343
2022-11-22,145.7625
2022-11-21,145.4443
2022-11-18,145.3189
2022-11-17,144.8383
2022-11-16,144.3665
2022-11-15,144.0463
2022-11-14,143.5621
2022-11-11,143.2105
2022-11-10,142.6737
2022-11-09,142.3756
2022-11-08,143.2975
2022-11-07,143.8336
2022-11-04,144.4866
2022-11-03,145.2647
2022-11-02,146.0966
2022-11-01,146.3757
2022-10-31,146.0992
2022-10-28,145.5134
2022-10-27,144.6161
2022-10-26,144.7634
2022-10-25,144.4525
2022-10-24,143.7975
2022-10-21,143.3744
2022-10-20,143.1338
2022-10-19,143.2719
2022-10-18,143.3755
2022-10-17,143.5015
2022-10-14,143.7803
2022-10-13,144.5079
2022-10-12,144.8322
2022-10-11,145.6748
2022-10-10,146.5395
2022-10-07,147.3452
2022-10-06,148.2701
2022-10-05,148.7364
2022-10-04,149.1508
2022-10-03,149.64
2022-09-30,150.5608
2022-09-29,152.021
2022-09-28,153.1892
2022-09-27,153.7142
2022-09-26,154.0945
2022-09-23,154.618
2022-09-22,155.2319
2022-09-21,155.67
2022-09-20,156.0521
2022-09-19,156.1434
2022-09-16,156.4962
2022-09-15,157.2798
2022-09-14,157.9719
2022-09-13,158.4308
2022-09-12,159.0911
2022-09-09,158.8224
2022-09-08,159.1564
2022-09-07,159.8285
2022-09-06,160.4152
2022-09-02,161.2125
2022-09-01,161.9604
2022-08-31,162.5633
2022-08-30,163.3066
2022-08-29,163.9523
2022-08-26,164.4088
2022-08-25,164.6801
2022-08-24,164.3126
2022-08-23,164.1667
2022-08-22,164.0366
2022-08-19,163.8575
2022-08-18,163.2483
2022-08-17,162.3011
2022-08-16,161.2126
2022-08-15,160.1678
2022-08-12,158.9963
2022-08-11,157.815
2022-08-10,156.8852
2022-08-09,155.7795
2022-08-08,155.0071
2022-08-05,154.1586
2022-08-04,153.1708
2022-08-03,152.0551
2022-08-02,150.7887
2022-08-01,150.0253
2022-07-29,149.0256
2022-07-28,147.8167
2022-07-27,147.017
2022-07-26,146.1914
2022-07-25,145.8184
2022-07-22,145.2659
2022-07-21,144.5366
2022-07-20,143.5996
2022-07-19,142.8041
2022-07-18,142.1369
2022-07-15,141.8082
2022-07-14,141.1225
2022-07-13,140.5414
2022-07-12,140.2089
2022-07-11,139.803
2022-07-08,139.4573
2022-07-07,138.8495
2022-07-06,138.2496
2022-07-05,137.9431
2022-07-01,137.7457
2022-06-30,137.801
2022-06-29,138.0919
2022-06-28,138.1525
2022-06-27,138.4055
2022-06-24,138.2464
2022-06-23,138.0705
2022-06-22,138.2286
2022-06-21,138.707
2022-06-17,139.1816
2022-06-16,140.1543
2022-06-15,141.3853
2022-06-14,142.1876
2022-06-13,143.3519
2022-06-10,144.7303
2022-06-09,145.708
2022-06-08,146.2157
2022-06-07,146.2238
2022-06-06,146.1547
2022-06-03,146.3455
2022-06-02,146.6354
2022-06-01,146.3498
2022-05-31,146.294
2022-05-27,146.2187
2022-05-26,146.0524
2022-05-25,146.4779
2022-05-24,147.287
2022-05-23,148.198
2022-05-20,148.9189
2022-05-19,150.2897
2022-05-18,151.8297
2022-05-17,153.171
2022-05-16,153.7781
2022-05-13,154.8338
2022-05-12,155.8373
2022-05-11,157.4196
2022-05-10,158.7588
2022-05-09,159.4062
2022-05-06,160.3764
2022-05-05,160.9061
2022-05-04,161.5683
2022-05-03,161.34
2022-05-02,161.7666
2022-04-29,162.3958
2022-04-28,163.1235
2022-04-27,163.306
2022-04-26,164.2416
2022-04-25,165.2518
2022-04-22,165.7372
2022-04-21,166.3868
2022-04-20,166.6242
2022-04-19,166.8024
2022-04-18,166.9817
2022-04-14,167.4218
2022-04-13,167.8854
2022-04-12,167.8673
2022-04-11,168.1318
2022-04-08,168.6223
2022-04-07,168.714
2022-04-06,168.6025
2022-04-05,168.5114
2022-04-04,168.0754
2022-04-01,167.2426
2022-03-31,166.7509
2022-03-30,166.1763
2022-03-29,165.2132
2022-03-28,164.0251
2022-03-25,163.0608
2022-03-24,162.0864
2022-03-23,161.0768
2022-03-22,160.3618
2022-03-21,159.7157
2022-03-18,159.3588
2022-03-17,159.1097
2022-03-16,159.1831
2022-03-15,159.3712
2022-03-14,160.0463
2022-03-11,161.2565
2022-03-10,162.1675
2022-03-09,162.7808
2022-03-08,162.9988
2022-03-07,163.8118
2022-03-04,164.5172
2022-03-03,164.8951
2022-03-02,164.9952
2022-03-01,165.0715
2022-02-28,165.5047
2022-02-25,165.7841
2022-02-24,166.121
2022-02-23,166.7124
2022-02-22,167.6432
2022-02-18,168.2308
2022-02-17,168.5709
2022-02-16,168.7828
2022-02-15,168.6359
2022-02-14,168.4487
2022-02-11,168.6477
2022-02-10,168.8925
2022-02-09,168.8019
2022-02-08,168.2698
2022-02-07,167.8322
2022-02-04,167.6777
2022-02-03,167.4311
2022-02-02,167.1286
2022-02-01,166.4893
2022-01-31,165.9103
2022-01-28,165.2527
2022-01-27,164.9872
2022-01-26,165.8458
2022-01-25,166.746
2022-01-24,167.7316
2022-01-21,168.6302
2022-01-20,169.5415
2022-01-19,170.3309
2022-01-18,171.0251
2022-01-14,171.4223
2022-01-13,171.5222
2022-01-12,171.7239
2022-01-11,171.6005
2022-01-10,171.5107
2022-01-07,171.7112
2022-01-06,171.9348
2022-01-05,172.1996
2022-01-04,172.1895
2022-01-03,171.6828
2021-12-31,170.8832
2021-12-30,170.4598
2021-12-29,169.9265
2021-12-28,169.2147
2021-12-27,168.4373
2021-12-23,167.4702
2021-12-22,166.8213
2021-12-21,166.1704
2021-12-20,165.7258
2021-12-17,165.5703
2021-12-16,165.2543
2021-12-15,164.789
2021-12-14,163.5447
2021-12-13,162.6847
2021-12-10,161.5881
2021-12-09,159.9913
2021-12-08,158.7334
2021-12-07,157.2893
2021-12-06,156.0975
2021-12-03,155.3878
2021-12-02,154.9642
2021-12-01,154.297
2021-11-30,153.4548
2021-11-29,152.469
2021-11-26,151.9041
2021-11-24,151.6354
2021-11-23,150.8064
2021-11-22,149.9452
2021-11-19,149.0338
2021-11-18,148.0751
2021-11-17,147.2934
2021-11-16,146.8836
2021-11-15,146.6887
2021-11-12,146.5771
2021-11-11,146.4547
2021-11-10,146.5393
2021-11-09,146.6276
2021-11-08,146.4256
2021-11-05,146.2406
2021-11-04,145.9491
2021-11-03,145.6828
2021-11-02,145.3336
2021-11-01,145.0998
2021-10-29,144.9511
2021-10-28,144.6999
2021-10-27,144.1354
2021-10-26,143.8966
2021-10-25,143.5841
2021-10-22,143.309
2021-10-21,142.9998
2021-10-20,142.5763
2021-10-19,142.131
2021-10-18,141.6905
2021-10-15,141.4325
2021-10-14,141.3244
2021-10-13,141.3168
2021-10-12,141.6033
2021-10-11,141.858
2021-10-08,142.0048
2021-10-07,142.1578
2021-10-06,142.2865
2021-10-05,142.5623
2021-10-04,142.9593
2021-10-01,143.6021
2021-09-30,143.9491
2021-09-29,144.4517
2021-09-28,144.8695
2021-09-27,145.4265
2021-09-24,145.6839
2021-09-23,145.808
2021-09-22,145.9544
2021-09-21,146.2177
2021-09-20,146.7593
2021-09-17,147.4086
2021-09-16,147.8033
2021-09-15,147.9568
2021-09-14,148.1017
2021-09-13,148.356
2021-09-10,148.489
2021-09-09,148.6961
2021-09-08,148.397
2021-09-07,147.9587
2021-09-03,147.3107
2021-09-02,146.8419
2021-09-01,146.3911
2021-08-31,146.0109
2021-08-30,145.661
2021-08-27,145.1407
2021-08-26,145.0337
2021-08-25,145.0251
2021-08-24,144.9307
2021-08-23,144.6959
2021-08-20,144.4271
2021-08-19,144.2874
2021-08-18,144.2872
2021-08-17,144.3222
2021-08-16,143.9644
2021-08-13,143.4726
2021-08-12,143.1382
2021-08-11,142.7903
2021-08-10,142.7195
2021-08-09,142.6682
2021-08-06,142.5608
2021-08-05,142.4368
2021-08-04,142.2275
2021-08-03,142.0075
2021-08-02,141.7219
2021-07-30,141.5965
2021-07-29,141.4227
2021-07-28,141.2534
2021-07-27,141.1345
2021-07-26,140.8181
2021-07-23,140.2388
2021-07-22,139.643
2021-07-21,139.1665
2021-07-20,138.7845
2021-07-19,138.2847
2021-07-16,138.1149
2021-07-15,137.5199
2021-07-14,136.6462
2021-07-13,135.6112
2021-07-12,134.8302
2021-07-09,134.0848
2021-07-08,133.1978
2021-07-07,132.4109
2021-07-06,131.4035
2021-07-02,130.5538
2021-07-01,129.8276
2021-06-30,129.303
2021-06-29,128.7553
2021-06-28,128.215
2021-06-25,127.7781
2021-06-24,127.4679
2021-06-23,127.0939
2021-06-22,126.6507
2021-06-21,126.1318
2021-06-18,125.732
2021-06-17,125.4803
2021-06-16,125.0646
2021-06-15,124.7747
2021-06-14,124.507
2021-06-11,124.1243
2021-06-10,124.0249
2021-06-09,124.0432
2021-06-08,123.958
2021-06-07,123.9041
2021-06-04,123.9315
2021-06-03,123.9627
2021-06-02,124.2401
2021-06-01,124.3896
2021-05-28,124.6355
2021-05-27,124.8732
2021-05-26,125.0666
2021-05-25,125.118
2021-05-24,125.1697
2021-05-21,125.2062
2021-05-20,125.4192
2021-05-19,125.4602
2021-05-18,125.7764
2021-05-17,126.1093
2021-05-14,126.3305
2021-05-13,126.453
2021-05-12,126.8447
2021-05-11,127.5051
2021-05-10,127.9105
2021-05-07,128.2613
2021-05-06,128.3017
2021-05-05,128.4175
2021-05-04,128.7148
2021-05-03,129.0692
2021-04-30,128.9769
2021-04-29,128.9864
2021-04-28,128.7883
2021-04-27,128.5591
2021-04-26,128.2222
2021-04-23,127.8157
2021-04-22,127.4077
2021-04-21,127.2024
2021-04-20,126.8145
2021-04-19,126.4261
2021-04-16,125.8182
2021-04-15,125.2164
2021-04-14,124.5163
2021-04-13,123.9974
2021-04-12,123.1761
2021-04-09,122.5976
2021-04-08,121.7771
2021-04-07,121.1422
2021-04-06,120.6944
2021-04-05,120.3737
2021-04-01,120.0514
2021-03-31,119.9944
2021-03-30,120.0191
2021-03-29,120.2786
2021-03-26,120.4117
2021-03-25,120.5774
2021-03-24,120.8245
2021-03-23,121.1492
2021-03-22,121.2552
2021-03-19,121.2847
2021-03-18,121.6681
2021-03-17,122.0362
2021-03-16,122.0065
2021-03-15,121.8901
2021-03-12,121.9244
2021-03-11,122.2679
2021-03-10,122.5515
2021-03-09,123.0694
2021-03-08,123.5277
2021-03-05,124.5219
2021-03-04,125.0985
2021-03-03,125.869
2021-03-02,126.5214
2021-03-01,126.9267
2021-02-26,127.099
2021-02-25,127.9634
2021-02-24,128.9467
2021-02-23,129.5836
2021-02-22,130.2348
2021-02-19,130.9401
2021-02-18,131.3203
2021-02-17,131.757
2021-02-16,132.123
2021-02-12,132.2851
2021-02-11,132.2392
2021-02-10,132.2133
2021-02-09,132.1578
2021-02-08,132.0325
2021-02-05,131.8011
2021-02-04,131.5608
2021-02-03,131.2515
2021-02-02,131.2651
2021-02-01,131.1719
2021-01-29,131.1565
2021-01-28,131.3642
2021-01-27,131.065
2021-01-26,130.2223
2021-01-25,129.1774
2021-01-22,128.0473
2021-01-21,127.195
2021-01-20,126.4797
2021-01-19,126.1878
2021-01-15,126.298
2021-01-14,126.4909
2021-01-13,126.5217
2021-01-12,126.3518
2021-01-11,126.3793
2021-01-08,126.3912
2021-01-07,126.0879
2021-01-06,125.8692
2021-01-05,126.0726
2021-01-04,125.843
2020-12-31,125.7541
2020-12-30,125.3178
2020-12-29,124.7295
2020-12-28,123.9607
2020-12-24,122.9235
2020-12-23,122.2635
2020-12-22,121.6381
2020-12-21,120.852
2020-12-18,120.3593
2020-12-17,119.9771
2020-12-16,119.3439
2020-12-15,118.7358
2020-12-14,118.0564
2020-12-11,117.9341
2020-12-10,117.7341
2020-12-09,117.4274
2020-12-08,117.2389
2020-12-07,116.7627
2020-12-04,116.3012
2020-12-03,115.9457
2020-12-02,115.4817
2020-12-01,114.9545
2020-11-30,114.4088
2020-11-27,114.1839
2020-11-25,114.1888
2020-11-24,114.2519
2020-11-23,114.4103
2020-11-20,114.7214
2020-11-19,114.7056
2020-11-18,114.5542
2020-11-17,114.4497
2020-11-16,114.194
2020-11-13,113.8177
2020-11-12,113.5089
2020-11-11,113.1728
2020-11-10,112.7724
2020-11-09,112.6926
2020-11-06,112.5684
2020-11-05,112.1868
2020-11-04,111.7512
2020-11-03,111.6895
2020-11-02,112.0852
2020-10-30,112.6944
2020-10-29,113.3584
2020-10-28,113.4278
2020-10-27,113.9283
2020-10-26,113.926
2020-10-23,114.0828
2020-10-22,114.2573
2020-10-21,114.377
2020-10-20,114.3942
2020-10-19,114.3473
2020-10-16,114.4529
2020-10-15,114.2569
2020-10-14,113.8663
2020-10-13,113.3853
2020-10-12,112.8629
2020-10-09,111.9461
2020-10-08,111.6971
2020-10-07,111.6276
2020-10-06,111.5395
2020-10-05,111.6396
2020-10-02,111.4066
2020-10-01,111.5072
2020-09-30,111.2304
2020-09-29,111.0254
2020-09-28,110.9757
2020-09-25,110.8313
2020-09-24,110.9474
2020-09-23,111.4934
2020-09-22,112.21
2020-09-21,112.5196
2020-09-18,113.0397
2020-09-17,113.9479
2020-09-16,114.5916
2020-09-15,115.119
2020-09-14,115.351
2020-09-11,115.6266
2020-09-10,116.2762
2020-09-09,116.841
2020-09-08,117.0712
2020-09-04,117.7886
2020-09-03,117.7441
2020-09-02,117.7032
2020-09-01,116.5758
2020-08-31,115.0437
2020-08-28,113.879
2020-08-27,113.0272
2020-08-26,112.0649
2020-08-25,110.8457
2020-08-24,109.6728
2020-08-21,108.2703
2020-08-20,106.8731
2020-08-19,105.9558
2020-08-18,105.2061
2020-08-17,104.3924
2020-08-14,103.5912
2020-08-13,102.6749
2020-08-12,101.6516
2020-08-11,100.7263
2020-08-10,100.0776
2020-08-07,99.0157
2020-08-06,98.0081
2020-08-05,96.6291
2020-08-04,95.4992
2020-08-03,94.2911
2020-07-31,93.0306
2020-07-30,91.9124
2020-07-29,91.7104
2020-07-28,91.6053
2020-07-27,91.6727
2020-07-24,91.5872
2020-07-23,91.7181
2020-07-22,91.8392
2020-07-21,91.5183
2020-07-20,91.1917
2020-07-17,90.6914
2020-07-16,90.3468
2020-07-15,89.9459
2020-07-14,89.3793
2020-07-13,88.8216
2020-07-10,88.3675
2020-07-09,87.8201
2020-07-08,87.2323
2020-07-07,86.6247
2020-07-06,86.176
2020-07-02,85.6503
2020-07-01,85.3193
2020-06-30,84.9534
2020-06-29,84.5313
2020-06-26,84.1423
2020-06-25,83.9216
2020-06-24,83.3898
2020-06-23,82.9248
2020-06-22,82.2448
2020-06-19,81.6898
2020-06-18,81.3113
2020-06-17,80.8413
2020-06-16,80.3255
2020-06-15,79.7428
2020-06-12,79.332
2020-06-11,78.9857
2020-06-10,78.6773
2020-06-09,77.9015
2020-06-08,77.2713
2020-06-05,76.8451
2020-06-04,76.4243
2020-06-03,76.1949
2020-06-02,75.8695
2020-06-01,75.5555
2020-05-29,75.2466
2020-05-28,75.0057
2020-05-27,74.7314
2020-05-26,74.4319
2020-05-22,74.1362
2020-05-21,73.754
2020-05-20,73.3839
2020-05-19,72.9138
2020-05-18,72.5505
2020-05-15,72.1023
2020-05-14,71.7929
2020-05-13,71.4041
2020-05-12,71.0228
2020-05-11,70.5049
2020-05-08,69.84
2020-05-07,69.2304
2020-05-06,68.7413
2020-05-05,68.2802
2020-05-04,67.8493
2020-05-01,67.4856
2020-04-30,67.1884
2020-04-29,66.7388
2020-04-28,66.3973
2020-04-27,66.2541
2020-04-24,65.9783
2020-04-23,65.6785
2020-04-22,65.5506
2020-04-21,65.3817
2020-04-20,65.393
2020-04-17,65.1863
2020-04-16,64.8076
2020-04-15,64.2894
2020-04-14,63.7745
2020-04-13,63.1384
2020-04-09,62.7886
2020-04-08,62.5367
2020-04-07,62.3074
2020-04-06,62.2239
2020-04-03,62.0539
2020-04-02,62.4051
2020-04-01,62.7032
2020-03-31,63.1356
2020-03-30,63.2709
2020-03-27,63.4072
2020-03-26,63.7388
2020-03-25,63.8314
2020-03-24,64.2645
2020-03-23,64.7084
2020-03-20,65.7754
2020-03-19,66.8299
2020-03-18,67.5976
2020-03-17,68.3978
2020-03-16,69.1236
2020-03-13,70.1986
2020-03-12,70.4711
2020-03-11,71.5338
2020-03-10,72.0119
2020-03-09,72.2866
2020-03-06,73.081
2020-03-05,73.3738
2020-03-04,73.5979
2020-03-03,73.594
2020-03-02,73.9334
2020-02-28,74.0655
2020-02-27,74.8631
2020-02-26,75.7406
2020-02-25,76.2207
2020-02-24,76.8683
2020-02-21,77.3255
2020-02-20,77.4501
2020-02-19,77.4022
2020-02-18,77.2642
2020-02-14,77.23
2020-02-13,77.0399
2020-02-12,76.8318
2020-02-11,76.5422
2020-02-10,76.4164
2020-02-07,76.2277
2020-02-06,76.058
2020-02-05,75.7578
2020-02-04,75.5221
2020-02-03,75.328
2020-01-31,75.3737
2020-01-30,75.4025
2020-01-29,75.0675
2020-01-28,74.6853
2020-01-27,74.4328
2020-01-24,74.3768
2020-01-23,74.0759
2020-01-22,73.7199
2020-01-21,73.3654
2020-01-17,73.0025
2020-01-16,72.5462
2020-01-15,72.131
2020-01-14,71.7717
2020-01-13,71.3404
2020-01-10,70.7544
2020-01-09,70.276
2020-01-08,69.7651
2020-01-07,69.3649
2020-01-06,69.0453
2020-01-03,68.6559
2020-01-02,68.2861
2019-12-31,67.8028
2019-12-30,67.4398
2019-12-27,67.0929
2019-12-26,66.7535
2019-12-24,66.3755
2019-12-23,66.1018
2019-12-20,65.8061
2019-12-19,65.5959
2019-12-18,65.3486
2019-12-17,65.0825
2019-12-16,64.7713
2019-12-13,64.4413
2019-12-12,64.197
2019-12-11,64.0211
2019-12-10,63.8444
2019-12-09,63.7075
2019-12-06,63.5961
2019-12-05,63.3762
2019-12-04,63.2641
2019-12-03,63.2383
2019-12-02,63.2683
2019-11-29,63.1811
2019-11-27,63.0059
2019-11-26,62.7971
2019-11-25,62.6571
2019-11-22,62.4491
2019-11-21,62.3365
2019-11-20,62.2062
2019-11-19,62.032
2019-11-18,61.7603
2019-11-15,61.4393
2019-11-14,61.1188
2019-11-13,60.8442
2019-11-12,60.4939
2019-11-11,60.1709
2019-11-08,59.8078
2019-11-07,59.4591
2019-11-06,59.0918
2019-11-05,58.7612
2019-11-04,58.3986
2019-11-01,57.9884
2019-10-31,57.5778
2019-10-30,57.3038
2019-10-29,57.141
2019-10-28,56.9603
2019-10-25,56.6138
2019-10-24,56.2939
2019-10-23,56.0166
2019-10-22,55.7204
2019-10-21,55.4749
2019-10-18,55.1896
2019-10-17,54.9787
2019-10-16,54.7744
2019-10-15,54.5718
2019-10-14,54.3236
2019-10-11,54.0353
2019-10-10,53.7079
2019-10-09,53.502
2019-10-08,53.3523
2019-10-07,53.2539
2019-10-04,53.0773
2019-10-03,52.8834
2019-10-02,52.8268
2019-10-01,52.8115
2019-09-30,52.6513
2019-09-27,52.49
2019-09-26,52.4428
2019-09-25,52.3635
2019-09-24,52.2468
2019-09-23,52.2031
2019-09-20,52.1283
2019-09-19,52.0708
2019-09-18,51.9251
2019-09-17,51.7179
2019-09-16,51.5416
2019-09-13,51.3671
2019-09-12,51.2036
2019-09-11,50.9123
2019-09-10,50.5776
2019-09-09,50.3832
2019-09-06,50.2327
2019-09-05,50.0895
2019-09-04,49.9308
2019-09-03,49.8595
2019-08-30,49.8696
2019-08-29,49.8033
2019-08-28,49.7232
2019-08-27,49.7233
2019-08-26,49.7582
2019-08-23,49.7375
2019-08-22,49.8127
2019-08-21,49.6457
2019-08-20,49.4565
2019-08-19,49.3055
2019-08-16,49.1389
2019-08-15,49.0527
2019-08-14,49.0787
2019-08-13,49.0818
2019-08-12,48.9267
2019-08-09,48.9715
2019-08-08,49.0081
2019-08-07,49.0061
2019-08-06,49.1153
2019-08-05,49.2877
2019-08-02,49.5712
2019-08-01,49.6135
2019-07-31,49.5485
2019-07-30,49.3596
2019-07-29,49.2589
2019-07-26,49.1248
2019-07-25,49.0258
2019-07-24,48.9346
2019-07-23,48.792
2019-07-22,48.63
2019-07-19,48.4921
2019-07-18,48.4571
2019-07-17,48.3406
2019-07-16,48.2704
2019-07-15,48.1636
2019-07-12,48.0276
2019-07-11,47.9258
2019-07-10,47.8525
2019-07-09,47.734
2019-07-08,47.6534
2019-07-05,47.5954
2019-07-03,47.4244
2019-07-02,47.2309
2019-07-01,47.0596
2019-06-28,46.9002
2019-06-27,46.8162
2019-06-26,46.6771
2019-06-25,46.5219
2019-06-24,46.4576
2019-06-21,46.3102
2019-06-20,46.1422
2019-06-19,45.9393
2019-06-18,45.7553
2019-06-17,45.5373
2019-06-14,45.412
2019-06-13,45.3027
2019-06-12,45.1461
2019-06-11,44.972
2019-06-10,44.7639
2019-06-07,44.5904
2019-06-06,44.4603
2019-06-05,44.4416
2019-06-04,44.4889
2019-06-03,44.6147
2019-05-31,44.9147
2019-05-30,45.2013
2019-05-29,45.4361
2019-05-28,45.719
2019-05-24,46.0101
2019-05-23,46.3131
2019-05-22,46.6304
2019-05-21,46.902
2019-05-20,47.1053
2019-05-17,47.4191
2019-05-16,47.6159
2019-05-15,47.8061
2019-05-14,47.9949
2019-05-13,48.261
2019-05-10,48.6297
2019-05-09,48.7465
2019-05-08,48.8055
2019-05-07,48.8157
2019-05-06,48.828
2019-05-03,48.6995
2019-05-02,48.4749
2019-05-01,48.2923
2019-04-30,48.0559
2019-04-29,48.0435
2019-04-26,47.9303
2019-04-25,47.813
2019-04-24,47.6585
2019-04-23,47.4403
2019-04-22,47.1911
2019-04-18,46.9901
2019-04-17,46.785
2019-04-16,46.5766
2019-04-15,46.4444
2019-04-12,46.2988
2019-04-11,46.147
2019-04-10,45.9771
2019-04-09,45.7472
2019-04-08,45.5214
2019-04-05,45.2566
2019-04-04,45.0423
2019-04-03,44.8386
2019-04-02,44.622
2019-04-01,44.4162
2019-03-29,44.259
2019-03-28,44.1178
2019-03-27,43.9929
2019-03-26,43.8611
2019-03-25,43.7579
2019-03-22,43.5946
2019-03-21,43.3557
2019-03-20,42.9896
2019-03-19,42.76
2019-03-18,42.5475
2019-03-15,42.275
2019-03-14,42.0217
2019-03-13,41.8023
2019-03-12,41.6107
2019-03-11,41.4192
2019-03-08,41.2584
2019-03-07,41.232
2019-03-06,41.2131
2019-03-05,41.1413
2019-03-04,41.0363
2019-03-01,40.9123
2019-02-28,40.7974
2019-02-27,40.7164
2019-02-26,40.5834
2019-02-25,40.45
2019-02-22,40.3051
2019-02-21,40.1769
2019-02-20,40.0834
2019-02-19,39.9555
2019-02-15,39.842
2019-02-14,39.7294
2019-02-13,39.5954
2019-02-12,39.4629
2019-02-11,39.2985
2019-02-08,39.1537
2019-02-07,38.969
2019-02-06,38.7698
2019-02-05,38.4666
2019-02-04,38.1329
2019-02-01,37.8379
2019-01-31,37.6309
2019-01-30,37.4041
2019-01-29,37.1833
2019-01-28,37.2053
2019-01-25,37.1889
2019-01-24,37.1339
2019-01-23,37.2005
2019-01-22,37.2434
2019-01-18,37.3064
2019-01-17,37.2875
2019-01-16,37.2908
2019-01-15,37.3175
2019-01-14,37.3941
2019-01-11,37.556
2019-01-10,37.6774
2019-01-09,37.7735
2019-01-08,37.8921
2019-01-07,38.0876
2019-01-04,38.3746
2019-01-03,38.6835
2019-01-02,39.1776
2018-12-31,39.328
2018-12-28,39.4987
2018-12-27,39.7254
2018-12-26,39.978
2018-12-24,40.2315
2018-12-21,40.7719
2018-12-20,41.271
2018-12-19,41.6691
2018-12-18,42.007
2018-12-17,42.2502
2018-12-14,42.5725
2018-12-13,42.89
2018-12-12,43.1033
2018-12-11,43.3856
2018-12-10,43.7094
2018-12-07,44.0429
2018-12-06,44.4395
2018-12-04,44.721
2018-12-03,44.9826
2018-11-30,45.0672
2018-11-29,45.3177
2018-11-28,45.5701
2018-11-27,45.8141
2018-11-26,46.2524
2018-11-23,46.7273
2018-11-21,47.3108
2018-11-20,47.8428
2018-11-19,48.4257
2018-11-16,48.8465
2018-11-15,49.1187
2018-11-14,49.4728
2018-11-13,49.9802
2018-11-12,50.4044
2018-11-09,50.8244
2018-11-08,51.0294
2018-11-07,51.1549
2018-11-06,51.2753
2018-11-05,51.5634
2018-11-02,51.9364
2018-11-01,52.201
2018-10-31,52.1238
2018-10-30,52.1228
2018-10-29,52.2611
2018-10-26,52.4405
2018-10-25,52.537
2018-10-24,52.5559
2018-10-23,52.6948
2018-10-22,52.6569
2018-10-19,52.6671
2018-10-18,52.712
2018-10-17,52.8441
2018-10-16,52.8604
2018-10-15,52.8545
2018-10-12,52.968
2018-10-11,52.9743
2018-10-10,53.1734
2018-10-09,53.3455
2018-10-08,53.2722
2018-10-05,53.269
2018-10-04,53.2524
2018-10-03,53.1412
2018-10-02,52.916
2018-10-01,52.7371
2018-09-28,52.59
2018-09-27,52.4656
2018-09-26,52.3478
2018-09-25,52.3313
2018-09-24,52.2686
2018-09-21,52.2344
2018-09-20,52.2751
2018-09-19,52.2607
2018-09-18,52.2863
2018-09-17,52.3179
2018-09-14,52.3619
2018-09-13,52.2611
2018-09-12,52.0852
2018-09-11,52.0247
2018-09-10,51.8881
2018-09-07,51.8756
2018-09-06,51.7872
2018-09-05,51.6445
2018-09-04,51.3922
2018-08-31,51.0759
2018-08-30,50.7447
2018-08-29,50.4438
2018-08-28,50.1626
2018-08-27,49.9341
2018-08-24,49.7256
2018-08-23,49.5398
2018-08-22,49.3513
2018-08-21,49.154
2018-08-20,48.9361
2018-08-17,48.6848
2018-08-16,48.3539
2018-08-15,48.0949
2018-08-14,47.8859
2018-08-13,47.6673
2018-08-10,47.4476
2018-08-09,47.2384
2018-08-08,46.9918
2018-08-07,46.7598
2018-08-06,46.507
2018-08-03,46.1786
2018-08-02,45.8426
2018-08-01,45.4862
2018-07-31,45.2395
2018-07-30,45.2469
2018-07-27,45.2646
2018-07-26,45.2574
2018-07-25,45.1687
2018-07-24,45.0555
2018-07-23,44.9758
2018-07-20,44.9225
2018-07-19,44.8678
2018-07-18,44.7964
2018-07-17,44.7544
2018-07-16,44.6817
2018-07-13,44.6149
2018-07-12,44.5306
2018-07-11,44.4449
2018-07-10,44.4289
2018-07-09,44.3495
2018-07-06,44.2559
2018-07-05,44.2178
2018-07-03,44.2398
2018-07-02,44.3012
2018-06-29,44.2875
2018-06-28,44.3241
2018-06-27,44.3549
2018-06-26,44.4223
2018-06-25,44.4901
2018-06-22,44.6215
2018-06-21,44.6981
2018-06-20,44.7692
2018-06-19,44.8217
2018-06-18,44.9001
2018-06-15,44.9105
2018-06-14,44.9195
2018-06-13,44.8805
2018-06-12,44.8399
2018-06-11,44.7555
2018-06-08,44.6885
2018-06-07,44.6026
2018-06-06,44.4638
2018-06-05,44.2974
2018-06-04,44.1301
2018-06-01,43.9823
2018-05-31,43.8586
2018-05-30,43.8061
2018-05-29,43.7323
2018-05-25,43.6408
2018-05-24,43.5227
2018-05-23,43.4028
2018-05-22,43.2651
2018-05-21,43.1429
2018-05-18,42.9961
2018-05-17,42.8668
2018-05-16,42.7069
2018-05-15,42.5004
2018-05-14,42.3157
2018-05-11,42.0688
2018-05-10,41.7849
2018-05-09,41.4532
2018-05-08,41.1533
2018-05-07,40.8545
2018-05-04,40.5463
2018-05-03,40.2388
2018-05-02,40.0717
2018-05-01,39.895
2018-04-30,39.8856
2018-04-27,39.9707
2018-04-26,40.138
2018-04-25,40.2756
2018-04-24,40.4419
2018-04-23,40.6434
2018-04-20,40.8088
2018-04-19,40.9797
2018-04-18,40.9924
2018-04-17,40.881
2018-04-16,40.7478
2018-04-13,40.6609
2018-04-12,40.592
2018-04-11,40.5305
2018-04-10,40.5048
2018-04-09,40.4563
2018-04-06,40.4823
2018-04-05,40.5527
2018-04-04,40.5204
2018-04-03,40.5143
2018-04-02,40.5878
2018-03-29,40.7115
2018-03-28,40.8209
2018-03-27,40.9741
2018-03-26,41.0972
2018-03-23,41.123
2018-03-22,41.3464
2018-03-21,41.4959
2018-03-20,41.601
2018-03-19,41.6184
2018-03-16,41.636
2018-03-15,41.5879
2018-03-14,41.5189
2018-03-13,41.448
2018-03-12,41.3315
2018-03-09,41.1591
2018-03-08,41.012
2018-03-07,40.925
2018-03-06,40.8764
2018-03-05,40.7819
2018-03-02,40.6737
2018-03-01,40.5692
2018-02-28,40.4839
2018-02-27,40.312
2018-02-26,40.1152
2018-02-23,39.8833
2018-02-22,39.7134
2018-02-21,39.6002
2018-02-20,39.5108
2018-02-16,39.3924
2018-02-15,39.2472
2018-02-14,39.0728
2018-02-13,39.0199
2018-02-12,39.0368
2018-02-09,39.0961
2018-02-08,39.3185
2018-02-07,39.6111
2018-02-06,39.8256
2018-02-05,39.9763
2018-02-02,40.3049
2018-02-01,40.5687
2018-01-31,40.6798
2018-01-30,40.8112
2018-01-29,40.968
2018-01-26,41.1166
2018-01-25,41.1929
2018-01-24,41.2872
2018-01-23,41.3143
2018-01-22,41.2743
2018-01-19,41.2311
2018-01-18,41.1472
2018-01-17,41.0346
2018-01-16,40.9141
2018-01-12,40.8531
2018-01-11,40.7633
2018-01-10,40.709
2018-01-09,40.6735
2018-01-08,40.6333
2018-01-05,40.5883
2018-01-04,40.5225
2018-01-03,40.4985
2018-01-02,40.492
2017-12-29,40.4839
2017-12-28,40.5501
2017-12-27,40.5775
2017-12-26,40.6196
2017-12-22,40.6669
2017-12-21,40.6091
2017-12-20,40.5452
2017-12-19,40.491
2017-12-18,40.4263
2017-12-15,40.3083
2017-12-14,40.2385
2017-12-13,40.2048
2017-12-12,40.1663
2017-12-11,40.1378
2017-12-08,40.0824
2017-12-07,40.1028
2017-12-06,40.1267
2017-12-05,40.1608
2017-12-04,40.1829
2017-12-01,40.2033
2017-11-30,40.1949
2017-11-29,40.1657
2017-11-28,40.1923
2017-11-27,40.1326
2017-11-24,40.0414
2017-11-22,39.9187
2017-11-21,39.7834
2017-11-20,39.679
2017-11-17,39.6419
2017-11-16,39.5967
2017-11-15,39.5231
2017-11-14,39.492
2017-11-13,39.4015
2017-11-10,39.2363
2017-11-09,39.0363
2017-11-08,38.801
2017-11-07,38.532
2017-11-06,38.27
2017-11-03,37.9942
2017-11-02,37.7327
2017-11-01,37.5521
2017-10-31,37.3826
2017-10-30,37.1421
2017-10-27,36.9336
2017-10-26,36.7939
2017-10-25,36.7787
2017-10-24,36.7867
2017-10-23,36.7785
2017-10-20,36.7923
2017-10-19,36.8056
2017-10-18,36.8271
2017-10-17,36.7573
2017-10-16,36.6628
2017-10-13,36.5728
2017-10-12,36.5448
2017-10-11,36.5382
2017-10-10,36.5174
2017-10-09,36.5104
2017-10-06,36.5042
2017-10-05,36.5107
2017-10-04,36.5157
2017-10-03,36.5683
2017-10-02,36.6018
2017-09-29,36.6553
2017-09-28,36.7069
2017-09-27,36.7846
2017-09-26,36.847
2017-09-25,36.9429
2017-09-22,37.1129
2017-09-21,37.2677
2017-09-20,37.4017
2017-09-19,37.4836
2017-09-18,37.5084
2017-09-15,37.5374
2017-09-14,37.5395
2017-09-13,37.5813
2017-09-12,37.5938
2017-09-11,37.5776
2017-09-08,37.5439
2017-09-07,37.5776
2017-09-06,37.5498
2017-09-05,37.5031
2017-09-01,37.4472
2017-08-31,37.3368
2017-08-30,37.2161
2017-08-29,37.0986
2017-08-28,36.9797
2017-08-25,36.8838
2017-08-24,36.8176
2017-08-23,36.759
2017-08-22,36.6767
2017-08-21,36.5907
2017-08-18,36.5591
2017-08-17,36.517
2017-08-16,36.4616
2017-08-15,36.324
2017-08-14,36.1559
2017-08-11,36.0133
2017-08-10,35.9143
2017-08-09,35.8582
2017-08-08,35.6705
2017-08-07,35.4871
2017-08-04,35.3156
2017-08-03,35.1857
2017-08-02,35.0622
2017-08-01,34.8872
2017-07-31,34.8681
2017-07-28,34.8794
2017-07-27,34.8731
2017-07-26,34.84
2017-07-25,34.732
2017-07-24,34.6304
2017-07-21,34.5341
2017-07-20,34.4725
2017-07-19,34.4026
2017-07-18,34.3087
2017-07-17,34.2279
2017-07-14,34.1515
2017-07-13,34.0798
2017-07-12,34.0319
2017-07-11,34.0288
2017-07-10,34.0305
2017-07-07,34.044
2017-07-06,34.0806
2017-07-05,34.1567
2017-07-03,34.2074
2017-06-30,34.2779
2017-06-29,34.343
2017-06-28,34.4233
2017-06-27,34.4592
2017-06-26,34.5506
2017-06-23,34.6001
2017-06-22,34.6436
2017-06-21,34.7076
2017-06-20,34.7724
2017-06-19,34.8653
2017-06-16,34.9352
2017-06-15,35.1125
2017-06-14,35.2589
2017-06-13,35.3992
2017-06-12,35.5191
2017-06-09,35.6805
2017-06-08,35.7712
2017-06-07,35.7237
2017-06-06,35.6618
2017-06-05,35.616
2017-06-02,35.5782
2017-06-01,35.499
2017-05-31,35.4673
2017-05-30,35.4426
2017-05-26,35.3929
2017-05-25,35.3395
2017-05-24,35.274
2017-05-23,35.2148
2017-05-22,35.1379
2017-05-19,35.0483
2017-05-18,34.9721
2017-05-17,34.9007
2017-05-16,34.8781
2017-05-15,34.7247
2017-05-12,34.5496
2017-05-11,34.3461
2017-05-10,34.1741
2017-05-09,34.0164
2017-05-08,33.8241
2017-05-05,33.6357
2017-05-04,33.5266
2017-05-03,33.4656
2017-05-02,33.3852
2017-05-01,33.2853
2017-04-28,33.1976
2017-04-27,33.1726
2017-04-26,33.1414
2017-04-25,33.1097
2017-04-24,33.0538
2017-04-21,33.0138
2017-04-20,33.0032
2017-04-19,32.9873
2017-04-18,33.0128
2017-04-17,33.0283
2017-04-13,33.03
2017-04-12,33.051
2017-04-11,33.0558
2017-04-10,33.0653
2017-04-07,33.038
2017-04-06,33.0037
2017-04-05,32.958
2017-04-04,32.8986
2017-04-03,32.8146
2017-03-31,32.748
2017-03-30,32.6754
2017-03-29,32.5885
2017-03-28,32.4878
2017-03-27,32.3843
2017-03-24,32.3414
2017-03-23,32.3
2017-03-22,32.2473
2017-03-21,32.1768
2017-03-20,32.1377
2017-03-17,32.0547
2017-03-16,31.9989
2017-03-15,31.9202
2017-03-14,31.8388
2017-03-13,31.7849
2017-03-10,31.7201
2017-03-09,31.65
2017-03-08,31.5838
2017-03-07,31.5028
2017-03-06,31.4005
2017-03-03,31.2918
2017-03-02,31.1609
2017-03-01,31.0364
2017-02-28,30.8784
2017-02-27,30.7723
2017-02-24,30.6566
2017-02-23,30.5353
2017-02-22,30.4044
2017-02-21,30.2456
2017-02-17,30.08
2017-02-16,29.9211
2017-02-15,29.7546
2017-02-14,29.5665
2017-02-13,29.3706
2017-02-10,29.1966
2017-02-09,29.0328
2017-02-08,28.8445
2017-02-07,28.6595
2017-02-06,28.4675
2017-02-03,28.2855
2017-02-02,28.1139
2017-02-01,27.9376
2017-01-31,27.7375
2017-01-30,27.6967
2017-01-27,27.6449
2017-01-26,27.5798
2017-01-25,27.5081
2017-01-24,27.4303
2017-01-23,27.3909
2017-01-20,27.3447
2017-01-19,27.2956
2017-01-18,27.2466
2017-01-17,27.1874
2017-01-13,27.1218
2017-01-12,27.0726
2017-01-11,27.0131
2017-01-10,26.9352
2017-01-09,26.8647
2017-01-06,26.7896
2017-01-05,26.7331
2017-01-04,26.7023
2017-01-03,26.6826
2016-12-30,26.6577
2016-12-29,26.6382
2016-12-28,26.5945
2016-12-27,26.5455
2016-12-23,26.4791
2016-12-22,26.4237
2016-12-21,26.3682
2016-12-20,26.288
2016-12-19,26.202
2016-12-16,26.1146
2016-12-15,26.0343
2016-12-14,25.9492
2016-12-13,25.8705
2016-12-12,25.7835
2016-12-09,25.7335
2016-12-08,25.6624
2016-12-07,25.6284
2016-12-06,25.6175
2016-12-05,25.6317
2016-12-02,25.6679
2016-12-01,25.6887
2016-11-30,25.7217
2016-11-29,25.733
2016-11-28,25.7225
2016-11-25,25.7083
2016-11-23,25.6872
2016-11-22,25.6776
2016-11-21,25.653
2016-11-18,25.6276
2016-11-17,25.6402
2016-11-16,25.6568
2016-11-15,25.6742
2016-11-14,25.7637
2016-11-11,25.8968
2016-11-10,25.9775
2016-11-09,26.0823
2016-11-08,26.1228
2016-11-07,26.1632
2016-11-04,26.2236
2016-11-03,26.3288
2016-11-02,26.4208
2016-11-01,26.4936
2016-10-31,26.5766
2016-10-28,26.6185
2016-10-27,26.6604
2016-10-26,26.6884
2016-10-25,26.6923
2016-10-24,26.6321
2016-10-21,26.5801
2016-10-20,26.5481
2016-10-19,26.5016
2016-10-18,26.4488
2016-10-17,26.3819
2016-10-14,26.3059
2016-10-13,26.2201
2016-10-12,26.141
2016-10-11,26.0449
2016-10-10,25.9638
2016-10-07,25.8803
2016-10-06,25.8363
2016-10-05,25.7918
2016-10-04,25.763
2016-10-03,25.7324
2016-09-30,25.7102
2016-09-29,25.6729
2016-09-28,25.6526
2016-09-27,25.5874
2016-09-26,25.5361
2016-09-23,25.4845
2016-09-22,25.4316
2016-09-21,25.3268
2016-09-20,25.2369
2016-09-19,25.137
2016-09-16,25.0265
2016-09-15,24.8717
2016-09-14,24.6849
2016-09-13,24.5707
2016-09-12,24.5371
2016-09-09,24.5609
2016-09-08,24.6433
2016-09-07,24.6764
2016-09-06,24.644
2016-09-02,24.6242
2016-09-01,24.6016
2016-08-31,24.6009
2016-08-30,24.6154
2016-08-29,24.6339
2016-08-26,24.6344
2016-08-25,24.6321
2016-08-24,24.6142
2016-08-23,24.5833
2016-08-22,24.5292
2016-08-19,24.4777
2016-08-18,24.4002
2016-08-17,24.3212
2016-08-16,24.2306
2016-08-15,24.1265
2016-08-12,24.0091
2016-08-11,23.9108
2016-08-10,23.8083
2016-08-09,23.6932
2016-08-08,23.5465
2016-08-05,23.3949
2016-08-04,23.249
2016-08-03,23.1268
2016-08-02,23.0074
2016-08-01,22.9071
2016-07-29,22.7583
2016-07-28,22.6382
2016-07-27,22.5024
2016-07-26,22.3859
2016-07-25,22.4087
2016-07-22,22.4177
2016-07-21,22.3958
2016-07-20,22.353
2016-07-19,22.2929
2016-07-18,22.2287
2016-07-15,22.1587
2016-07-14,22.1066
2016-07-13,22.0488
2016-07-12,22.0313
2016-07-11,21.9987
2016-07-08,21.9732
2016-07-07,21.9523
2016-07-06,21.9471
2016-07-05,21.9512
2016-07-01,21.9688
2016-06-30,21.9665
2016-06-29,21.971
2016-06-28,22.0049
2016-06-27,22.0619
2016-06-24,22.1624
2016-06-23,22.2406
2016-06-22,22.2619
2016-06-21,22.2986
2016-06-20,22.3306
2016-06-17,22.3855
2016-06-16,22.4406
2016-06-15,22.4479
2016-06-14,22.4658
2016-06-13,22.478
2016-06-10,22.4943
2016-06-09,22.4763
2016-06-08,22.4367
2016-06-07,22.41
2016-06-06,22.3784
2016-06-03,22.3531
2016-06-02,22.3423
2016-06-01,22.3351
2016-05-31,22.3094
2016-05-27,22.2471
2016-05-26,22.1664
2016-05-25,22.0758
2016-05-24,21.9948
2016-05-23,21.9467
2016-05-20,21.9291
2016-05-19,21.9388
2016-05-18,21.9741
2016-05-17,22.0045
2016-05-16,22.0639
2016-05-13,22.1202
2016-05-12,22.2634
2016-05-11,22.4261
2016-05-10,22.5536
2016-05-09,22.6725
2016-05-06,22.8191
2016-05-05,22.9829
2016-05-04,23.1513
2016-05-03,23.3283
2016-05-02,23.5003
2016-04-29,23.7272
2016-04-28,23.9757
2016-04-27,24.2242
2016-04-26,24.427
2016-04-25,24.4946
2016-04-22,24.5518
2016-04-21,24.6005
2016-04-20,24.6475
2016-04-19,24.6716
2016-04-18,24.7034
2016-04-15,24.725
2016-04-14,24.6919
2016-04-13,24.6014
2016-04-12,24.5028
2016-04-11,24.4323
2016-04-08,24.3883
2016-04-07,24.3484
2016-04-06,24.3071
2016-04-05,24.2035
2016-04-04,24.1165
2016-04-01,23.989
2016-03-31,23.8751
2016-03-30,23.7732
2016-03-29,23.6469
2016-03-28,23.5525
2016-03-24,23.5078
2016-03-23,23.4469
2016-03-22,23.3686
2016-03-21,23.2679
2016-03-18,23.176
2016-03-17,23.0742
2016-03-16,22.9646
2016-03-15,22.8394
2016-03-14,22.7343
2016-03-11,22.6676
2016-03-10,22.6
2016-03-09,22.5516
2016-03-08,22.4992
2016-03-07,22.4435
2016-03-04,22.3618
2016-03-03,22.2441
2016-03-02,22.1503
2016-03-01,22.0645
2016-02-29,21.9751
2016-02-26,21.9683
2016-02-25,21.9556
2016-02-24,21.9451
2016-02-23,21.9493
2016-02-22,21.9879
2016-02-19,21.9779
2016-02-18,21.987
2016-02-17,21.9919
2016-02-16,21.9526
2016-02-12,21.9447
2016-02-11,21.9995
2016-02-10,22.067
2016-02-09,22.128
2016-02-08,22.1782
2016-02-05,22.2331
2016-02-04,22.3176
2016-02-03,22.349
2016-02-02,22.4022
2016-02-01,22.5055
2016-01-29,22.5732
2016-01-28,22.6264
2016-01-27,22.7626
2016-01-26,22.9292
2016-01-25,22.9566
2016-01-22,23.0
2016-01-21,23.0006
2016-01-20,23.1236
2016-01-19,23.2477
2016-01-15,23.3881
2016-01-14,23.532
2016-01-13,23.634
2016-01-12,23.7976
2016-01-11,23.9171
2016-01-08,24.0832
2016-01-07,24.3044
2016-01-06,24.561
2016-01-05,24.7431
2016-01-04,24.8965
2015-12-31,25.003
2015-12-30,25.1229
2015-12-29,25.2062
2015-12-28,25.2645
2015-12-24,25.3746
2015-12-23,25.4675
2015-12-22,25.5564
2015-12-21,25.6875
2015-12-18,25.83
2015-12-17,26.0185
2015-12-16,26.1565
2015-12-15,26.2527
2015-12-14,26.3793
2015-12-11,26.4718
2015-12-10,26.5573
2015-12-09,26.5804
2015-12-08,26.6191
2015-12-07,26.5995
2015-12-04,26.5767
2015-12-03,26.5336
2015-12-02,26.5774
2015-12-01,26.6
2015-11-30,26.5997
2015-11-27,26.5765
2015-11-25,26.5625
2015-11-24,26.5417
2015-11-23,26.4985
2015-11-20,26.4778
2015-11-19,26.4178
2015-11-18,26.364
2015-11-17,26.34
2015-11-16,26.3994
2015-11-13,26.4535
2015-11-12,26.5571
2015-11-11,26.591
2015-11-10,26.6191
2015-11-09,26.6344
2015-11-06,26.5606
2015-11-05,26.4674
2015-11-04,26.3677
2015-11-03,26.2442
2015-11-02,26.0941
2015-10-30,25.9613
2015-10-29,25.8544
2015-10-28,25.7118
2015-10-27,25.5842
2015-10-26,25.5552
2015-10-23,25.5059
2015-10-22,25.361
2015-10-21,25.286
2015-10-20,25.2445
2015-10-19,25.1983
2015-10-16,25.1957
2015-10-15,25.2093
2015-10-14,25.2048
2015-10-13,25.2391
2015-10-12,25.2394
2015-10-09,25.2442
2015-10-08,25.2372
2015-10-07,25.2918
2015-10-06,25.3216
2015-10-05,25.342
2015-10-02,25.3772
2015-10-01,25.4256
2015-09-30,25.498
2015-09-29,25.5693
2015-09-28,25.6692
2015-09-25,25.6994
2015-09-24,25.6788
2015-09-23,25.6491
2015-09-22,25.6324
2015-09-21,25.6359
2015-09-18,25.5967
2015-09-17,25.5952
2015-09-16,25.5824
2015-09-15,25.5091
2015-09-14,25.4311
2015-09-11,25.368
2015-09-10,25.3244
2015-09-09,25.3151
2015-09-08,25.3624
2015-09-04,25.3633
2015-09-03,25.4366
2015-09-02,25.4914
2015-09-01,25.5052
2015-08-31,25.6303
2015-08-28,25.6487
2015-08-27,25.6565
2015-08-26,25.6739
2015-08-25,25.7699
2015-08-24,26.0174
2015-08-21,26.3056
2015-08-20,26.5615
2015-08-19,26.6806
2015-08-18,26.7561
2015-08-17,26.8042
2015-08-14,26.8417
2015-08-13,26.9116
2015-08-12,27.0081
2015-08-11,27.1126
2015-08-10,27.2698
2015-08-07,27.2954
2015-08-06,27.4235
2015-08-05,27.5744
2015-08-04,27.7471
2015-08-03,27.9559
2015-07-31,28.0969
2015-07-30,28.185
2015-07-29,28.257
2015-07-28,28.322
2015-07-27,28.3846
2015-07-24,28.4682
2015-07-23,28.5198
2015-07-22,28.5611
2015-07-21,28.6053
2015-07-20,28.5234
2015-07-17,28.4016
2015-07-16,28.325
2015-07-15,28.2665
2015-07-14,28.2419
2015-07-13,28.2433
2015-07-10,28.2437
2015-07-09,28.3005
2015-07-08,28.4391
2015-07-07,28.5332
2015-07-06,28.5634
2015-07-02,28.5894
2015-07-01,28.6078
2015-06-30,28.6243
2015-06-29,28.6703
2015-06-26,28.7424
2015-06-25,28.7695
2015-06-24,28.7818
2015-06-23,28.7809
2015-06-22,28.8054
2015-06-19,28.8189
2015-06-18,28.8576
2015-06-17,28.8701
2015-06-16,28.8977
2015-06-15,28.9211
2015-06-12,28.963
2015-06-11,29.0034
2015-06-10,29.0145
2015-06-09,29.0199
2015-06-08,29.0604
2015-06-05,29.0961
2015-06-04,29.1156
2015-06-03,29.1202
2015-06-02,29.1074
2015-06-01,29.0971
2015-05-29,29.072
2015-05-28,29.0503
2015-05-27,28.9909
2015-05-26,28.9189
2015-05-22,28.8967
2015-05-21,28.8031
2015-05-20,28.7269
2015-05-19,28.6741
2015-05-18,28.6155
2015-05-15,28.5479
2015-05-14,28.5068
2015-05-13,28.4571
2015-05-12,28.4717
2015-05-11,28.4912
2015-05-08,28.5021
2015-05-07,28.4834
2015-05-06,28.5185
2015-05-05,28.5754
2015-05-04,28.6198
2015-05-01,28.6004
2015-04-30,28.5732
2015-04-29,28.6326
2015-04-28,28.6161
2015-04-27,28.5525
2015-04-24,28.4331
2015-04-23,28.3569
2015-04-22,28.2871
2015-04-21,28.2346
2015-04-20,28.2169
2015-04-17,28.1811
2015-04-16,28.2087
2015-04-15,28.2057
2015-04-14,28.188
2015-04-13,28.1798
2015-04-10,28.1578
2015-04-09,28.1275
2015-04-08,28.1068
2015-04-07,28.1065
2015-04-06,28.0965
2015-04-02,28.0539
2015-04-01,28.0547
2015-03-31,28.0807
2015-03-30,28.1053
2015-03-27,28.0867
2015-03-26,28.1396
2015-03-25,28.1749
2015-03-24,28.234
2015-03-23,28.2215
2015-03-20,28.1953
2015-03-19,28.1973
2015-03-18,28.1619
2015-03-17,28.0998
2015-03-16,28.0649
2015-03-13,28.0755
2015-03-12,28.1192
2015-03-11,28.1474
2015-03-10,28.2305
2015-03-09,28.2689
2015-03-06,28.2494
2015-03-05,28.2406
2015-03-04,28.2353
2015-03-03,28.1793
2015-03-02,28.0981
2015-02-27,28.0146
2015-02-26,27.9373
2015-02-25,27.8057
2015-02-24,27.6986
2015-02-23,27.5006
2015-02-20,27.2621
2015-02-19,27.0812
2015-02-18,26.9058
2015-02-17,26.7057
2015-02-13,26.5054
2015-02-12,26.3017
2015-02-11,26.0911
2015-02-10,25.8956
2015-02-09,25.7469
2015-02-06,25.6367
2015-02-05,25.5336
2015-02-04,25.3958
2015-02-03,25.2634
2015-02-02,25.1385
2015-01-30,25.0008
2015-01-29,24.8832
2015-01-28,24.7124
2015-01-27,24.6078
2015-01-26,24.637
2015-01-23,24.5764
2015-01-22,24.5121
2015-01-21,24.4548
2015-01-20,24.4582
2015-01-16,24.4816
2015-01-15,24.5714
2015-01-14,24.6512
2015-01-13,24.6695
2015-01-12,24.6798
2015-01-09,24.714
2015-01-08,24.6871
2015-01-07,24.6601
2015-01-06,24.7274
2015-01-05,24.8368
2015-01-02,24.9579
2014-12-31,25.0195
2014-12-30,25.063
2014-12-29,25.0608
2014-12-26,25.0257
2014-12-24,24.9851
2014-12-23,24.9867
2014-12-22,24.976
2014-12-19,24.9548
2014-12-18,24.9585
2014-12-17,24.9423
2014-12-16,25.0004
2014-12-15,25.1271
2014-12-12,25.2324
2014-12-11,25.3136
2014-12-10,25.3589
2014-12-09,25.4012
2014-12-08,25.397
2014-12-05,25.4328
2014-12-04,25.4113
2014-12-03,25.3761
2014-12-02,25.3269
2014-12-01,25.3029
2014-11-28,25.2662
2014-11-26,25.1349
2014-11-25,24.9882
2014-11-24,24.859
2014-11-21,24.692
2014-11-20,24.5581
2014-11-19,24.4138
2014-11-18,24.2928
2014-11-17,24.1403
2014-11-14,24.0065
2014-11-13,23.8541
2014-11-12,23.7177
2014-11-11,23.6037
2014-11-10,23.514
2014-11-07,23.4354
2014-11-06,23.3442
2014-11-05,23.2507
2014-11-04,23.1546
2014-11-03,23.0545
2014-10-31,22.9252
2014-10-30,22.8149
2014-10-29,22.7169
2014-10-28,22.6001
2014-10-27,22.4851
2014-10-24,22.396
2014-10-23,22.295
2014-10-22,22.1925
2014-10-21,22.1222
2014-10-20,22.0566
2014-10-17,22.0475
2014-10-16,22.0862
2014-10-15,22.1619
2014-10-14,22.2157
2014-10-13,22.2469
2014-10-10,22.2567
2014-10-09,22.2459
2014-10-08,22.2272
2014-10-07,22.2117
2014-10-06,22.2425
2014-10-03,22.2562
2014-10-02,22.2713
2014-10-01,22.2815
2014-09-30,22.3096
2014-09-29,22.3039
2014-09-26,22.3126
2014-09-25,22.3073
2014-09-24,22.3687
2014-09-23,22.3459
2014-09-22,22.2999
2014-09-19,22.286
2014-09-18,22.2729
2014-09-17,22.2391
2014-09-16,22.2067
2014-09-15,22.1876
2014-09-12,22.1485
2014-09-11,22.1047
2014-09-10,22.0615
2014-09-09,22.0239
2014-09-08,22.0527
2014-09-05,22.0759
2014-09-04,22.0872
2014-09-03,22.1196
2014-09-02,22.1362
2014-08-29,22.0527
2014-08-28,21.9791
2014-08-27,21.9036
2014-08-26,21.823
2014-08-25,21.7629
2014-08-22,21.6812
2014-08-21,21.5961
2014-08-20,21.5193
2014-08-19,21.4347
2014-08-18,21.3421
2014-08-15,21.2717
2014-08-14,21.2216
2014-08-13,21.1773
2014-08-12,21.1345
2014-08-11,21.1168
2014-08-08,21.0968
2014-08-07,21.1039
2014-08-06,21.1179
2014-08-05,21.133
2014-08-04,21.1461
2014-08-01,21.1496
2014-07-31,21.1409
2014-07-30,21.1436
2014-07-29,21.0873
2014-07-28,21.0197
2014-07-25,20.9302
2014-07-24,20.8626
2014-07-23,20.8027
2014-07-22,20.7329
2014-07-21,20.7131
2014-07-18,20.7094
2014-07-17,20.6939
2014-07-16,20.7079
2014-07-15,20.6841
2014-07-14,20.6453
2014-07-11,20.5761
2014-07-10,20.5281
2014-07-09,20.4795
2014-07-08,20.4175
2014-07-07,20.3498
2014-07-03,20.2607
2014-07-02,20.2073
2014-07-01,20.161
2014-06-30,20.1089
2014-06-27,20.0651
2014-06-26,20.0387
2014-06-25,20.0347
2014-06-24,20.0428
2014-06-23,20.0536
2014-06-20,20.0528
2014-06-19,20.05
2014-06-18,20.0248
2014-06-17,19.9896
2014-06-16,19.9529
2014-06-13,19.9096
2014-06-12,19.8832
2014-06-11,19.8305
2014-06-10,19.7357
2014-06-09,19.6219
2014-06-06,19.5088
2014-06-05,19.4182
2014-06-04,19.3122
2014-06-03,19.2034
2014-06-02,19.1073
2014-05-30,19.0306
2014-05-29,18.9315
2014-05-28,18.8139
2014-05-27,18.7218
2014-05-23,18.6146
2014-05-22,18.5343
2014-05-21,18.4683
2014-05-20,18.3986
2014-05-19,18.3268
2014-05-16,18.2479
2014-05-15,18.1842
2014-05-14,18.1426
2014-05-13,18.0799
2014-05-12,18.011
2014-05-09,17.9379
2014-05-08,17.8813
2014-05-07,17.8106
2014-05-06,17.7291
2014-05-05,17.632
2014-05-02,17.5031
2014-05-01,17.3884
2014-04-30,17.2651
2014-04-29,17.1335
2014-04-28,16.9807
2014-04-25,16.8059
2014-04-24,16.6859
2014-04-23,16.5671
2014-04-22,16.5778
2014-04-21,16.5667
2014-04-17,16.5562
2014-04-16,16.5651
2014-04-15,16.5946
2014-04-14,16.6306
2014-04-11,16.6582
2014-04-10,16.6955
2014-04-09,16.7239
2014-04-08,16.7328
2014-04-07,16.7652
2014-04-04,16.8011
2014-04-03,16.8131
2014-04-02,16.8033
2014-04-01,16.7801
2014-03-31,16.7574
2014-03-28,16.7486
2014-03-27,16.7384
2014-03-26,16.7252
2014-03-25,16.703
2014-03-24,16.6611
2014-03-21,16.6341
2014-03-20,16.625
2014-03-19,16.6288
2014-03-18,16.6245
2014-03-17,16.6193
2014-03-14,16.629
2014-03-13,16.6464
2014-03-12,16.646
2014-03-11,16.6259
2014-03-10,16.6053
2014-03-07,16.5997
2014-03-06,16.5951
2014-03-05,16.5889
2014-03-04,16.5768
2014-03-03,16.5671
2014-02-28,16.5679
2014-02-27,16.5738
2014-02-26,16.5756
2014-02-25,16.6117
2014-02-24,16.636
2014-02-21,16.6447
2014-02-20,16.662
2014-02-19,16.6615
2014-02-18,16.6405
2014-02-14,16.5888
2014-02-13,16.5383
2014-02-12,16.481
2014-02-11,16.4458
2014-02-10,16.4067
2014-02-07,16.3865
2014-02-06,16.395
2014-02-05,16.428
2014-02-04,16.4743
2014-02-03,16.5379
2014-01-31,16.6321
2014-01-30,16.7392
2014-01-29,16.8602
2014-01-28,16.9909
2014-01-27,17.1164
2014-01-24,17.1107
2014-01-23,17.1188
2014-01-22,17.0947
2014-01-21,17.0834
2014-01-17,17.0788
2014-01-16,17.1014
2014-01-15,17.0818
2014-01-14,17.0499
2014-01-13,17.0506
2014-01-10,17.0865
2014-01-09,17.1352
2014-01-08,17.1774
2014-01-07,17.2011
2014-01-06,17.2387
2014-01-03,17.2674
2014-01-02,17.3088
2013-12-31,17.3147
2013-12-30,17.2952
2013-12-27,17.2951
2013-12-26,17.2767
2013-12-24,17.2438
2013-12-23,17.1951
2013-12-20,17.1334
2013-12-19,17.1343
2013-12-18,17.1502
2013-12-17,17.1471
2013-12-16,17.1299
2013-12-13,17.1026
2013-12-12,17.0825
2013-12-11,17.0402
2013-12-10,16.9908
2013-12-09,16.9224
2013-12-06,16.8439
2013-12-05,16.7783
2013-12-04,16.6798
2013-12-03,16.5805
2013-12-02,16.4664
2013-11-29,16.3898
2013-11-27,16.2893
2013-11-26,16.2114
2013-11-25,16.1665
2013-11-22,16.1487
2013-11-21,16.1419
2013-11-20,16.1299
2013-11-19,16.1369
2013-11-18,16.1297
2013-11-15,16.1247
2013-11-14,16.0984
2013-11-13,16.0588
2013-11-12,16.0398
2013-11-11,16.0208
2013-11-08,16.003
2013-11-07,15.9784
2013-11-06,15.9776
2013-11-05,15.9492
2013-11-04,15.9128
2013-11-01,15.8685
2013-10-31,15.8413
2013-10-30,15.8026
2013-10-29,15.7527
2013-10-28,15.7243
2013-10-25,15.6499
2013-10-24,15.5804
2013-10-23,15.4842
2013-10-22,15.4005
2013-10-21,15.3247
2013-10-18,15.2359
2013-10-17,15.1786
2013-10-16,15.1295
2013-10-15,15.0864
2013-10-14,15.0466
2013-10-11,15.0113
2013-10-10,14.9828
2013-10-09,14.9617
2013-10-08,14.9482
2013-10-07,14.9519
2013-10-04,14.9336
2013-10-03,14.9289
2013-10-02,14.9224
2013-10-01,14.8951
2013-09-30,14.8702
2013-09-27,14.8793
2013-09-26,14.8697
2013-09-25,14.8478
2013-09-24,14.839
2013-09-23,14.8044
2013-09-20,14.7612
2013-09-19,14.7893
2013-09-18,14.8044
2013-09-17,14.846
2013-09-16,14.9224
2013-09-13,15.0239
2013-09-12,15.0879
2013-09-11,15.1331
2013-09-10,15.1993
2013-09-09,15.1847
2013-09-06,15.1308
2013-09-05,15.0972
2013-09-04,15.0697
2013-09-03,15.0282
2013-08-30,15.0153
2013-08-29,15.0054
2013-08-28,14.98
2013-08-27,14.9544
2013-08-26,14.9337
2013-08-23,14.8639
2013-08-22,14.793
2013-08-21,14.7084
2013-08-20,14.6169
2013-08-19,14.5199
2013-08-16,14.3909
2013-08-15,14.2661
2013-08-14,14.1425
2013-08-13,14.0039
2013-08-12,13.88
2013-08-09,13.8155
2013-08-08,13.7863
2013-08-07,13.7327
2013-08-06,13.6704
2013-08-05,13.6007
2013-08-02,13.51
2013-08-01,13.4322
2013-07-31,13.3652
2013-07-30,13.3047
2013-07-29,13.2351
2013-07-26,13.1762
2013-07-25,13.1332
2013-07-24,13.0937
2013-07-23,13.0435
2013-07-22,13.0578
2013-07-19,13.0499
2013-07-18,13.0456
2013-07-17,13.0187
2013-07-16,12.9937
2013-07-15,12.9664
2013-07-12,12.9452
2013-07-11,12.9248
2013-07-10,12.8997
2013-07-09,12.8933
2013-07-08,12.8809
2013-07-05,12.8909
2013-07-03,12.8942
2013-07-02,12.8869
2013-07-01,12.8864
2013-06-28,12.9158
2013-06-27,12.9895
2013-06-26,13.0799
2013-06-25,13.1659
2013-06-24,13.2462
2013-06-21,13.3352
2013-06-20,13.398
2013-06-19,13.4566
2013-06-18,13.5014
2013-06-17,13.5225
2013-06-14,13.545
2013-06-13,13.5763
2013-06-12,13.5916
2013-06-11,13.6208
2013-06-10,13.6356
2013-06-07,13.6477
2013-06-06,13.6516
2013-06-05,13.6668
2013-06-04,13.662
2013-06-03,13.6431
2013-05-31,13.6176
2013-05-30,13.5927
2013-05-29,13.5591
2013-05-28,13.5436
2013-05-24,13.5377
2013-05-23,13.5192
2013-05-22,13.5085
2013-05-21,13.4993
2013-05-20,13.4946
2013-05-17,13.4787
2013-05-16,13.4926
2013-05-15,13.5036
2013-05-14,13.5344
2013-05-13,13.5197
2013-05-10,13.4683
2013-05-09,13.4171
2013-05-08,13.3482
2013-05-07,13.2592
2013-05-06,13.1774
2013-05-03,13.0805
2013-05-02,13.0079
2013-05-01,12.942
2013-04-30,12.8892
2013-04-29,12.8197
2013-04-26,12.7836
2013-04-25,12.7853
2013-04-24,12.8156
2013-04-23,12.8586
2013-04-22,12.9038
2013-04-19,12.9779
2013-04-18,13.086
2013-04-17,13.2006
2013-04-16,13.2926
2013-04-15,13.3188
2013-04-12,13.3684
2013-04-11,13.3911
2013-04-10,13.4016
2013-04-09,13.4088
2013-04-08,13.4449
2013-04-05,13.4872
2013-04-04,13.5437
2013-04-03,13.5915
2013-04-02,13.6307
2013-04-01,13.681
2013-03-28,13.7395
2013-03-27,13.7598
2013-03-26,13.752
2013-03-25,13.7141
2013-03-22,13.6644
2013-03-21,13.6148
2013-03-20,13.5896
2013-03-19,13.5638
2013-03-18,13.5275
2013-03-15,13.4835
2013-03-14,13.4737
2013-03-13,13.4988
2013-03-12,13.5399
2013-03-11,13.5851
2013-03-08,13.6046
2013-03-07,13.646
2013-03-06,13.6954
2013-03-05,13.7658
2013-03-04,13.826
2013-03-01,13.9283
2013-02-28,14.0078
2013-02-27,14.0605
2013-02-26,14.1084
2013-02-25,14.1473
2013-02-22,14.2101
2013-02-21,14.2537
2013-02-20,14.3173
2013-02-19,14.3785
2013-02-15,14.4103
2013-02-14,14.4448
2013-02-13,14.4623
2013-02-12,14.4803
2013-02-11,14.4974
2013-02-08,14.4774
2013-02-07,14.4713
2013-02-06,14.4864
2013-02-05,14.5463
2013-02-04,14.611
2013-02-01,14.7322
2013-01-31,14.8299
2013-01-30,14.932
2013-01-29,15.0405
2013-01-28,15.1558
2013-01-25,15.3103
2013-01-24,15.5129
2013-01-23,15.7029
2013-01-22,15.7094
2013-01-18,15.7462
2013-01-17,15.8021
2013-01-16,15.8553
2013-01-15,15.9032
2013-01-14,16.0208
2013-01-11,16.1
2013-01-10,16.1282
2013-01-09,16.149
2013-01-08,16.1926
2013-01-07,16.2144
2013-01-04,16.2431
2013-01-03,16.2649
2013-01-02,16.2406
2012-12-31,16.1915
2012-12-28,16.1912
2012-12-27,16.2633
2012-12-26,16.3254
2012-12-24,16.4007
2012-12-21,16.4609
2012-12-20,16.5302
2012-12-19,16.599
2012-12-18,16.6605
2012-12-17,16.704
2012-12-14,16.8005
2012-12-13,16.936
2012-12-12,17.0221
2012-12-11,17.0874
2012-12-10,17.152
2012-12-07,17.2604
2012-12-06,17.3692
2012-12-05,17.4446
2012-12-04,17.5551
2012-12-03,17.5585
2012-11-30,17.5291
2012-11-29,17.4996
2012-11-28,17.4538
2012-11-27,17.4239
2012-11-26,17.3848
2012-11-23,17.3265
2012-11-21,17.3197
2012-11-20,17.3437
2012-11-19,17.3727
2012-11-16,17.3893
2012-11-15,17.5295
2012-11-14,17.6911
2012-11-13,17.8336
2012-11-12,17.9718
2012-11-09,18.1249
2012-11-08,18.2805
2012-11-07,18.4822
2012-11-06,18.6404
2012-11-05,18.7444
2012-11-02,18.8538
2012-11-01,18.9995
2012-10-31,19.0977
2012-10-26,19.2101
2012-10-25,19.3067
2012-10-24,19.3958
2012-10-23,19.471
2012-10-22,19.5653
2012-10-19,19.6035
2012-10-18,19.7228
2012-10-17,19.7821
2012-10-16,19.8094
2012-10-15,19.8231
2012-10-12,19.8861
2012-10-11,19.9719
2012-10-10,20.0718
2012-10-09,20.1414
2012-10-08,20.2345
2012-10-05,20.3299
2012-10-04,20.3895
2012-10-03,20.41
2012-10-02,20.4179
2012-10-01,20.4589
2012-09-28,20.5103
2012-09-27,20.5426
2012-09-26,20.5329
2012-09-25,20.5737
2012-09-24,20.5921
2012-09-21,20.5575
2012-09-20,20.4896
2012-09-19,20.4189
2012-09-18,20.33
2012-09-17,20.2323
2012-09-14,20.1311
2012-09-13,20.0464
2012-09-12,19.9792
2012-09-11,19.947
2012-09-10,19.9408
2012-09-07,19.927
2012-09-06,19.8554
2012-09-05,19.7895
2012-09-04,19.7359
2012-08-31,19.6616
2012-08-30,19.6104
2012-08-29,19.5583
2012-08-28,19.47
2012-08-27,19.3683
2012-08-24,19.253
2012-08-23,19.1653
2012-08-22,19.0702
2012-08-21,18.9453
2012-08-20,18.848
2012-08-17,18.7115
2012-08-16,18.615
2012-08-15,18.5458
2012-08-14,18.4869
2012-08-13,18.4191
2012-08-10,18.3495
2012-08-09,18.2991
2012-08-08,18.2464
2012-08-07,18.1994
2012-08-06,18.1441
2012-08-03,18.0778
2012-08-02,18.0262
2012-08-01,17.9943
2012-07-31,17.9622
2012-07-30,17.9141
2012-07-27,17.9109
2012-07-26,17.9387
2012-07-25,18.0021
2012-07-24,18.0718
2012-07-23,18.0666
2012-07-20,18.0515
2012-07-19,18.0333
2012-07-18,17.9815
2012-07-17,17.9497
2012-07-16,17.9125
2012-07-13,17.8714
2012-07-12,17.8322
2012-07-11,17.8081
2012-07-10,17.7639
2012-07-09,17.7031
2012-07-06,17.6178
2012-07-05,17.549
2012-07-03,17.46
2012-07-02,17.3952
2012-06-29,17.3453
2012-06-28,17.3173
2012-06-27,17.3337
2012-06-26,17.3346
2012-06-25,17.3435
2012-06-22,17.3573
2012-06-21,17.3365
2012-06-20,17.3276
2012-06-19,17.2922
2012-06-18,17.2477
2012-06-15,17.2038
2012-06-14,17.1921
2012-06-13,17.1876
2012-06-12,17.1805
2012-06-11,17.16
2012-06-08,17.1532
2012-06-07,17.1166
2012-06-06,17.1034
2012-06-05,17.0898
2012-06-04,17.102
2012-06-01,17.1109
2012-05-31,17.1313
2012-05-30,17.1006
2012-05-29,17.0621
2012-05-25,17.0415
2012-05-24,17.0504
2012-05-23,17.0506
2012-05-22,17.0342
2012-05-21,17.0592
2012-05-18,17.0732
2012-05-17,17.1867
2012-05-16,17.313
2012-05-15,17.4019
2012-05-14,17.4777
2012-05-11,17.5454
2012-05-10,17.5933
2012-05-09,17.6342
2012-05-08,17.6836
2012-05-07,17.7414
2012-05-04,17.8011
2012-05-03,17.8806
2012-05-02,17.9158
2012-05-01,17.9415
2012-04-30,17.9822
2012-04-27,18.0212
2012-04-26,18.004
2012-04-25,17.9701
2012-04-24,17.9253
2012-04-23,18.0336
2012-04-20,18.117
2012-04-19,18.2052
2012-04-18,18.2568
2012-04-17,18.2474
2012-04-16,18.2327
2012-04-13,18.3104
2012-04-12,18.3165
2012-04-11,18.2676
2012-04-10,18.2027
2012-04-09,18.1239
2012-04-05,18.012
2012-04-04,17.8964
2012-04-03,17.7984
2012-04-02,17.6742
2012-03-30,17.5708
2012-03-29,17.5172
2012-03-28,17.4251
2012-03-27,17.2988
2012-03-26,17.1691
2012-03-23,17.0495
2012-03-22,16.9521
2012-03-21,16.8339
2012-03-20,16.6933
2012-03-19,16.527
2012-03-16,16.3585
2012-03-15,16.2216
2012-03-14,16.0703
2012-03-13,15.8903
2012-03-12,15.7596
2012-03-09,15.6662
2012-03-08,15.5847
2012-03-07,15.5047
2012-03-06,15.4521
2012-03-05,15.3954
2012-03-02,15.3235
2012-03-01,15.2058
2012-02-29,15.0781
2012-02-28,14.9433
2012-02-27,14.8167
2012-02-24,14.7073
2012-02-23,14.5971
2012-02-22,14.4944
2012-02-21,14.3915
2012-02-17,14.2721
2012-02-16,14.1804
2012-02-15,14.0789
2012-02-14,13.9811
2012-02-13,13.8355
2012-02-10,13.6964
2012-02-09,13.5718
2012-02-08,13.4349
2012-02-07,13.3359
2012-02-06,13.2514
2012-02-03,13.1734
2012-02-02,13.1009
2012-02-01,13.0352
2012-01-31,12.9592
2012-01-30,12.8742
2012-01-27,12.7914
2012-01-26,12.718
2012-01-25,12.6453
2012-01-24,12.5585
2012-01-23,12.5458
2012-01-20,12.5097
2012-01-19,12.4923
2012-01-18,12.4494
2012-01-17,12.3977
2012-01-13,12.3545
2012-01-12,12.3223
2012-01-11,12.2817
2012-01-10,12.2332
2012-01-09,12.1774
2012-01-06,12.1204
2012-01-05,12.0554
2012-01-04,11.9974
2012-01-03,11.9478
2011-12-30,11.9001
2011-12-29,11.8671
2011-12-28,11.8302
2011-12-27,11.7974
2011-12-23,11.7487
2011-12-22,11.705
2011-12-21,11.672
2011-12-20,11.6421
2011-12-19,11.6107
2011-12-16,11.6196
2011-12-15,11.6332
2011-12-14,11.6548
2011-12-13,11.6747
2011-12-12,11.6694
2011-12-09,11.6539
2011-12-08,11.6311
2011-12-07,11.6153
2011-12-06,11.6028
2011-12-05,11.5832
2011-12-02,11.5549
2011-12-01,11.5341
2011-11-30,11.5167
2011-11-29,11.5158
2011-11-28,11.5432
2011-11-25,11.5644
2011-11-23,11.6275
2011-11-22,11.6865
2011-11-21,11.7215
2011-11-18,11.7839
2011-11-17,11.8341
2011-11-16,11.8817
2011-11-15,11.911
2011-11-14,11.9305
2011-11-11,11.9824
2011-11-10,12.0227
2011-11-09,12.0654
2011-11-08,12.0807
2011-11-07,12.0628
2011-11-04,12.0637
2011-11-03,12.063
2011-11-02,12.0532
2011-11-01,12.0605
2011-10-31,12.0713
2011-10-28,12.057
2011-10-27,12.0407
2011-10-26,12.0235
2011-10-25,12.0174
2011-10-24,12.0197
2011-10-21,11.9969
2011-10-20,12.0125
2011-10-19,12.0221
2011-10-18,12.0222
2011-10-17,11.9474
2011-10-14,11.8718
2011-10-13,11.7818
2011-10-12,11.7255
2011-10-11,11.683
2011-10-10,11.6421
2011-10-07,11.6333
2011-10-06,11.684
2011-10-05,11.716
2011-10-04,11.7485
2011-10-03,11.8027
2011-09-30,11.8559
2011-09-29,11.8935
2011-09-28,11.9056
2011-09-27,11.8985
2011-09-26,11.8836
2011-09-23,11.8546
2011-09-22,11.8191
2011-09-21,11.7876
2011-09-20,11.7201
2011-09-19,11.6414
2011-09-16,11.5601
2011-09-15,11.5056
2011-09-14,11.4693
2011-09-13,11.4407
2011-09-12,11.4241
2011-09-09,11.4205
2011-09-08,11.4244
2011-09-07,11.4076
2011-09-06,11.3896
2011-09-02,11.383
2011-09-01,11.3939
2011-08-31,11.3837
2011-08-30,11.3603
2011-08-29,11.3182
2011-08-26,11.2716
2011-08-25,11.2404
2011-08-24,11.2373
2011-08-23,11.226
2011-08-22,11.2217
2011-08-19,11.2715
2011-08-18,11.3278
2011-08-17,11.3582
2011-08-16,11.3461
2011-08-15,11.3326
2011-08-12,11.3084
2011-08-11,11.302
2011-08-10,11.3054
2011-08-09,11.3409
2011-08-08,11.3475
2011-08-05,11.4207
2011-08-04,11.4368
2011-08-03,11.4428
2011-08-02,11.4011
2011-08-01,11.3666
2011-07-29,11.3037
2011-07-28,11.254
2011-07-27,11.1948
2011-07-26,11.127
2011-07-25,11.0176
2011-07-22,10.9124
2011-07-21,10.8125
2011-07-20,10.7213
2011-07-19,10.6217
2011-07-18,10.5434
2011-07-15,10.4667
2011-07-14,10.41
2011-07-13,10.3701
2011-07-12,10.3252
2011-07-11,10.2891
2011-07-08,10.2484
2011-07-07,10.1853
2011-07-06,10.1235
2011-07-05,10.0725
2011-07-01,10.0236
2011-06-30,9.989
2011-06-29,9.9749
2011-06-28,9.9645
2011-06-27,9.9492
2011-06-24,9.9424
2011-06-23,9.953
2011-06-22,9.9492
2011-06-21,9.9724
2011-06-20,9.9895
2011-06-17,10.0401
2011-06-16,10.0803
2011-06-15,10.1092
2011-06-14,10.1361
2011-06-13,10.1477
2011-06-10,10.1791
2011-06-09,10.216
2011-06-08,10.2391
2011-06-07,10.2623
2011-06-06,10.2885
2011-06-03,10.2984
2011-06-02,10.2922
2011-06-01,10.2769
2011-05-31,10.2619
2011-05-27,10.2379
2011-05-26,10.2445
2011-05-25,10.2594
2011-05-24,10.2703
2011-05-23,10.2969
2011-05-20,10.3192
2011-05-19,10.3413
2011-05-18,10.3489
2011-05-17,10.3594
2011-05-16,10.3828
2011-05-13,10.4177
2011-05-12,10.4334
2011-05-11,10.4314
2011-05-10,10.4272
2011-05-09,10.4155
2011-05-06,10.4085
2011-05-05,10.4037
2011-05-04,10.3981
2011-05-03,10.3829
2011-05-02,10.3705
2011-04-29,10.3629
2011-04-28,10.3423
2011-04-27,10.3302
2011-04-26,10.306
2011-04-25,10.2785
2011-04-21,10.2399
2011-04-20,10.2045
2011-04-19,10.1917
2011-04-18,10.192
2011-04-15,10.2114
2011-04-14,10.2468
2011-04-13,10.2701
2011-04-12,10.2842
2011-04-11,10.3115
2011-04-08,10.3468
2011-04-07,10.3724
2011-04-06,10.391
2011-04-05,10.4117
2011-04-04,10.4319
2011-04-01,10.4469
2011-03-31,10.4528
2011-03-30,10.4467
2011-03-29,10.4397
2011-03-28,10.4245
2011-03-25,10.4094
2011-03-24,10.3892
2011-03-23,10.3877
2011-03-22,10.4044
2011-03-21,10.4165
2011-03-18,10.4359
2011-03-17,10.4847
2011-03-16,10.5261
2011-03-15,10.5865
2011-03-14,10.6043
2011-03-11,10.5982
2011-03-10,10.5964
2011-03-09,10.6114
2011-03-08,10.6095
2011-03-07,10.5969
2011-03-04,10.5843
2011-03-03,10.5557
2011-03-02,10.5254
2011-03-01,10.5155
2011-02-28,10.5136
2011-02-25,10.499
2011-02-24,10.499
2011-02-23,10.5157
2011-02-22,10.535
2011-02-18,10.569
2011-02-17,10.5687
2011-02-16,10.5438
2011-02-15,10.501
2011-02-14,10.4639
2011-02-11,10.4251
2011-02-10,10.3897
2011-02-09,10.3579
2011-02-08,10.3113
2011-02-07,10.2691
2011-02-04,10.233
2011-02-03,10.2103
2011-02-02,10.1948
2011-02-01,10.1749
2011-01-31,10.1507
2011-01-28,10.142
2011-01-27,10.1427
2011-01-26,10.1209
2011-01-25,10.0947
2011-01-24,10.0735
2011-01-21,10.0627
2011-01-20,10.0848
2011-01-19,10.0903
2011-01-18,10.0768
2011-01-14,10.0561
2011-01-13,10.0084
2011-01-12,9.9646
2011-01-11,9.9202
2011-01-10,9.8799
2011-01-07,9.8328
2011-01-06,9.8009
2011-01-05,9.7731
2011-01-04,9.7416
2011-01-03,9.7154
2010-12-31,9.6919
2010-12-30,9.6881
2010-12-29,9.6805
2010-12-28,9.6669
2010-12-27,9.6512
2010-12-23,9.6365
2010-12-22,9.6236
2010-12-21,9.6044
2010-12-20,9.5863
2010-12-17,9.5725
2010-12-16,9.5624
2010-12-15,9.5492
2010-12-14,9.5374
2010-12-13,9.5246
2010-12-10,9.5061
2010-12-09,9.4891
2010-12-08,9.4729
2010-12-07,9.451
2010-12-06,9.4357
2010-12-03,9.4127
2010-12-02,9.3958
2010-12-01,9.3749
2010-11-30,9.3573
2010-11-29,9.3546
2010-11-26,9.3334
2010-11-24,9.3159
2010-11-23,9.2972
2010-11-22,9.2959
2010-11-19,9.2796
2010-11-18,9.2827
2010-11-17,9.2808
2010-11-16,9.3038
2010-11-15,9.3258
2010-11-12,9.3328
2010-11-11,9.3373
2010-11-10,9.315
2010-11-09,9.286
2010-11-08,9.2601
2010-11-05,9.2234
2010-11-04,9.1876
2010-11-03,9.1444
2010-11-02,9.114
2010-11-01,9.0913
2010-10-29,9.0827
2010-10-28,9.0833
2010-10-27,9.0705
2010-10-26,9.0481
2010-10-25,9.0226
2010-10-22,8.992
2010-10-21,8.9624
2010-10-20,8.9233
2010-10-19,8.8769
2010-10-18,8.8288
2010-10-15,8.7487
2010-10-14,8.6705
2010-10-13,8.6235
2010-10-12,8.5785
2010-10-11,8.5338
2010-10-08,8.4945
2010-10-07,8.4551
2010-10-06,8.427
2010-10-05,8.3961
2010-10-04,8.3626
2010-10-01,8.3584
2010-09-30,8.3414
2010-09-29,8.3187
2010-09-28,8.2821
2010-09-27,8.2433
2010-09-24,8.1867
2010-09-23,8.1205
2010-09-22,8.0581
2010-09-21,7.9929
2010-09-20,7.9335
2010-09-17,7.8695
2010-09-16,7.8237
2010-09-15,7.7693
2010-09-14,7.7294
2010-09-13,7.692
2010-09-10,7.654
2010-09-09,7.6235
2010-09-08,7.5909
2010-09-07,7.5553
2010-09-03,7.5322
2010-09-02,7.5036
2010-09-01,7.493
2010-08-31,7.4871
2010-08-30,7.5035
2010-08-27,7.5235
2010-08-26,7.5485
2010-08-25,7.5803
2010-08-24,7.6072
2010-08-23,7.6463
2010-08-20,7.6709
2010-08-19,7.6859
2010-08-18,7.7018
2010-08-17,7.7091
2010-08-16,7.7207
2010-08-13,7.7473
2010-08-12,7.7721
2010-08-11,7.7909
2010-08-10,7.8168
2010-08-09,7.8161
2010-08-06,7.808
2010-08-05,7.8042
2010-08-04,7.795
2010-08-03,7.7807
2010-08-02,7.7682
2010-07-30,7.7547
2010-07-29,7.7544
2010-07-28,7.7513
2010-07-27,7.7388
2010-07-26,7.7151
2010-07-23,7.7042
2010-07-22,7.69
2010-07-21,7.6772
2010-07-20,7.6783
2010-07-19,7.6869
2010-07-16,7.7165
2010-07-15,7.7355
2010-07-14,7.7515
2010-07-13,7.7652
2010-07-12,7.7833
2010-07-09,7.7858
2010-07-08,7.7812
2010-07-07,7.781
2010-07-06,7.779
2010-07-02,7.8086
2010-07-01,7.8466
2010-06-30,7.8838
2010-06-29,7.9152
2010-06-28,7.9352
2010-06-25,7.9188
2010-06-24,7.9057
2010-06-23,7.884
2010-06-22,7.8537
2010-06-21,7.8111
2010-06-18,7.7757
2010-06-17,7.7241
2010-06-16,7.6742
2010-06-15,7.6336
2010-06-14,7.6128
2010-06-11,7.6069
2010-06-10,7.6029
2010-06-09,7.608
2010-06-08,7.6368
2010-06-07,7.6492
2010-06-04,7.6578
2010-06-03,7.6513
2010-06-02,7.6215
2010-06-01,7.5858
2010-05-28,7.5564
2010-05-27,7.5363
2010-05-26,7.5254
2010-05-25,7.5426
2010-05-24,7.5581
2010-05-21,7.5704
2010-05-20,7.5981
2010-05-19,7.6431
2010-05-18,7.6593
2010-05-17,7.6645
2010-05-14,7.6643
2010-05-13,7.6653
2010-05-12,7.652
2010-05-11,7.6255
2010-05-10,7.6139
2010-05-07,7.6091
2010-05-06,7.6613
2010-05-05,7.6861
2010-05-04,7.6825
2010-05-03,7.67
2010-04-30,7.6319
2010-04-29,7.6064
2010-04-28,7.5543
2010-04-27,7.5191
2010-04-26,7.4788
2010-04-23,7.4105
2010-04-22,7.3308
2010-04-21,7.2566
2010-04-20,7.1976
2010-04-19,7.1788
2010-04-16,7.1501
2010-04-15,7.1174
2010-04-14,7.0765
2010-04-13,7.0414
2010-04-12,7.013
2010-04-09,6.9821
2010-04-08,6.9495
2010-04-07,6.9194
2010-04-06,6.884
2010-04-05,6.8482
2010-04-01,6.812
2010-03-31,6.7799
2010-03-30,6.7476
2010-03-29,6.7092
2010-03-26,6.6778
2010-03-25,6.6477
2010-03-24,6.628
2010-03-23,6.5976
2010-03-22,6.5671
2010-03-19,6.545
2010-03-18,6.5284
2010-03-17,6.5024
2010-03-16,6.4755
2010-03-15,6.4446
2010-03-12,6.4124
2010-03-11,6.3681
2010-03-10,6.3225
2010-03-09,6.2743
2010-03-08,6.2268
2010-03-05,6.1868
2010-03-04,6.143
2010-03-03,6.1208
2010-03-02,6.1006
2010-03-01,6.0798
2010-02-26,6.0563
2010-02-25,6.0443
2010-02-24,6.0393
2010-02-23,6.038
2010-02-22,6.0481
2010-02-19,6.0485
2010-02-18,6.045
2010-02-17,6.0371
2010-02-16,6.0296
2010-02-12,6.0187
2010-02-11,6.0161
2010-02-10,6.0187
2010-02-09,6.0329
2010-02-08,6.0451
2010-02-05,6.0652
2010-02-04,6.0832
2010-02-03,6.1139
2010-02-02,6.125
2010-02-01,6.148
2010-01-29,6.177
2010-01-28,6.2176
2010-01-27,6.2394
2010-01-26,6.2363
2010-01-25,6.239
2010-01-22,6.2511
2010-01-21,6.2813
2010-01-20,6.282
2010-01-19,6.2712
2010-01-15,6.2487
2010-01-14,6.2527
2010-01-13,6.2461
2010-01-12,6.2349
2010-01-11,6.2318
2010-01-08,6.2208
2010-01-07,6.2027
2010-01-06,6.1872
2010-01-05,6.1687
2010-01-04,6.1375
2009-12-31,6.1042
2009-12-30,6.0778
2009-12-29,6.0458
2009-12-28,6.0184
2009-12-24,5.9802
2009-12-23,5.9461
2009-12-22,5.9304
2009-12-21,5.9186
2009-12-18,5.9124
2009-12-17,5.9144
2009-12-16,5.9279
2009-12-15,5.9328
2009-12-14,5.9409
2009-12-11,5.9409
2009-12-10,5.9483
2009-12-09,5.9509
2009-12-08,5.9494
2009-12-07,5.9729
2009-12-04,6.0019
2009-12-03,6.02
2009-12-02,6.0299
2009-12-01,6.0417
2009-11-30,6.0525
2009-11-27,6.055
2009-11-25,6.0556
2009-11-24,6.0448
2009-11-23,6.0321
2009-11-20,6.0135
2009-11-19,6.0119
2009-11-18,6.0082
2009-11-17,5.9869
2009-11-16,5.9599
2009-11-13,5.9314
2009-11-12,5.9067
2009-11-11,5.8873
2009-11-10,5.8618
2009-11-09,5.8345
2009-11-06,5.8091
2009-11-05,5.8037
2009-11-04,5.7986
2009-11-03,5.8033
2009-11-02,5.815
2009-10-30,5.8262
2009-10-29,5.8411
2009-10-28,5.8326
2009-10-27,5.8358
2009-10-26,5.8236
2009-10-23,5.7938
2009-10-22,5.7563
2009-10-21,5.7109
2009-10-20,5.6615
2009-10-19,5.6265
2009-10-16,5.6161
2009-10-15,5.6103
2009-10-14,5.5959
2009-10-13,5.5777
2009-10-12,5.5616
2009-10-09,5.5413
2009-10-08,5.52
2009-10-07,5.5002
2009-10-06,5.4753
2009-10-05,5.4485
2009-10-02,5.4315
2009-10-01,5.4162
2009-09-30,5.4122
2009-09-29,5.3936
2009-09-28,5.3728
2009-09-25,5.3475
2009-09-24,5.3314
2009-09-23,5.3091
2009-09-22,5.2791
2009-09-21,5.2492
2009-09-18,5.2176
2009-09-17,5.1795
2009-09-16,5.1388
2009-09-15,5.1024
2009-09-14,5.0835
2009-09-11,5.0672
2009-09-10,5.054
2009-09-09,5.0383
2009-09-08,5.0253
2009-09-04,5.0054
2009-09-03,4.9916
2009-09-02,4.9883
2009-09-01,4.9891
2009-08-31,4.9895
2009-08-28,4.9807
2009-08-27,4.9652
2009-08-26,4.95
2009-08-25,4.9396
2009-08-24,4.9218
2009-08-21,4.9032
2009-08-20,4.8821
2009-08-19,4.8681
2009-08-18,4.858
2009-08-17,4.8487
2009-08-14,4.8525
2009-08-13,4.8339
2009-08-12,4.8081
2009-08-11,4.7894
2009-08-10,4.7767
2009-08-07,4.7566
2009-08-06,4.7319
2009-08-05,4.7097
2009-08-04,4.6813
2009-08-03,4.6485
2009-07-31,4.6095
2009-07-30,4.5761
2009-07-29,4.541
2009-07-28,4.511
2009-07-27,4.4779
2009-07-24,4.4411
2009-07-23,4.4007
2009-07-22,4.3629
2009-07-21,4.3246
2009-07-20,4.2989
2009-07-17,4.266
2009-07-16,4.2333
2009-07-15,4.2106
2009-07-14,4.1876
2009-07-13,4.1768
2009-07-10,4.1646
2009-07-09,4.1632
2009-07-08,4.1686
2009-07-07,4.1718
2009-07-06,4.1811
2009-07-02,4.1812
2009-07-01,4.1769
2009-06-30,4.1632
2009-06-29,4.1492
2009-06-26,4.1353
2009-06-25,4.1185
2009-06-24,4.108
2009-06-23,4.108
2009-06-22,4.115
2009-06-19,4.1121
2009-06-18,4.1022
2009-06-17,4.1027
2009-06-16,4.1042
2009-06-15,4.1033
2009-06-12,4.1033
2009-06-11,4.1004
2009-06-10,4.0878
2009-06-09,4.0728
2009-06-08,4.0485
2009-06-05,4.018
2009-06-04,3.9817
2009-06-03,3.9445
2009-06-02,3.9123
2009-06-01,3.8813
2009-05-29,3.8476
2009-05-28,3.8214
2009-05-27,3.7949
2009-05-26,3.772
2009-05-22,3.7539
2009-05-21,3.7602
2009-05-20,3.7618
2009-05-19,3.7583
2009-05-18,3.7493
2009-05-15,3.7419
2009-05-14,3.7472
2009-05-13,3.7513
2009-05-12,3.7669
2009-05-11,3.7684
2009-05-08,3.7538
2009-05-07,3.7388
2009-05-06,3.7227
2009-05-05,3.694
2009-05-04,3.6615
2009-05-01,3.6277
2009-04-30,3.6056
2009-04-29,3.5857
2009-04-28,3.5659
2009-04-27,3.548
2009-04-24,3.5255
2009-04-23,3.5033
2009-04-22,3.474
2009-04-21,3.4539
2009-04-20,3.431
2009-04-17,3.4096
2009-04-16,3.3768
2009-04-15,3.3467
2009-04-14,3.3255
2009-04-13,3.3
2009-04-09,3.2658
2009-04-08,3.2299
2009-04-07,3.2007
2009-04-06,3.1725
2009-04-03,3.1305
2009-04-02,3.0918
2009-04-01,3.0595
2009-03-31,3.0365
2009-03-30,3.0224
2009-03-27,3.0089
2009-03-26,2.9864
2009-03-25,2.952
2009-03-24,2.9247
2009-03-23,2.8934
2009-03-20,2.8563
2009-03-19,2.8344
2009-03-18,2.8102
2009-03-17,2.7837
2009-03-16,2.7604
2009-03-13,2.7481
2009-03-12,2.7328
2009-03-11,2.7146
2009-03-10,2.7062
2009-03-09,2.7097
2009-03-06,2.7311
2009-03-05,2.7478
2009-03-04,2.755
2009-03-03,2.7556
2009-03-02,2.7652
2009-02-27,2.7771
2009-02-26,2.7859
2009-02-25,2.796
2009-02-24,2.8009
2009-02-23,2.8093
2009-02-20,2.829
2009-02-19,2.8373
2009-02-18,2.8482
2009-02-17,2.8484
2009-02-13,2.8482
2009-02-12,2.8332
2009-02-11,2.8163
2009-02-10,2.8054
2009-02-09,2.7902
2009-02-06,2.7585
2009-02-05,2.7323
2009-02-04,2.7137
2009-02-03,2.7024
2009-02-02,2.6917
2009-01-30,2.6846
2009-01-29,2.681
2009-01-28,2.668
2009-01-27,2.6498
2009-01-26,2.6408
2009-01-23,2.6342
2009-01-22,2.631
2009-01-21,2.6274
2009-01-20,2.641
2009-01-16,2.6708
2009-01-15,2.6906
2009-01-14,2.7091
2009-01-13,2.7234
2009-01-12,2.7317
2009-01-09,2.7378
2009-01-08,2.7384
2009-01-07,2.7324
2009-01-06,2.7311
2009-01-05,2.7233
2009-01-02,2.7097
2008-12-31,2.7069
2008-12-30,2.7209
2008-12-29,2.7334
2008-12-26,2.7462
2008-12-24,2.7628
2008-12-23,2.7837
2008-12-22,2.8025
2008-12-19,2.8254
2008-12-18,2.8371
2008-12-17,2.8518
2008-12-16,2.869
2008-12-15,2.868
2008-12-12,2.8692
2008-12-11,2.8592
2008-12-10,2.8586
2008-12-09,2.8478
2008-12-08,2.8299
2008-12-05,2.8113
2008-12-04,2.8088
2008-12-03,2.8143
2008-12-02,2.8061
2008-12-01,2.8079
2008-11-28,2.8212
2008-11-26,2.824
2008-11-25,2.8197
2008-11-24,2.8282
2008-11-21,2.8309
2008-11-20,2.8667
2008-11-19,2.913
2008-11-18,2.9457
2008-11-17,2.9703
2008-11-14,3.0032
2008-11-13,3.0329
2008-11-12,3.046
2008-11-11,3.0805
2008-11-10,3.104
2008-11-07,3.1263
2008-11-06,3.1436
2008-11-05,3.1599
2008-11-04,3.1646
2008-11-03,3.1454
2008-10-31,3.1369
2008-10-30,3.1256
2008-10-29,3.1021
2008-10-28,3.0968
2008-10-27,3.1056
2008-10-24,3.1401
2008-10-23,3.1647
2008-10-22,3.186
2008-10-21,3.2139
2008-10-20,3.2618
2008-10-17,3.2926
2008-10-16,3.3301
2008-10-15,3.3571
2008-10-14,3.3996
2008-10-13,3.427
2008-10-10,3.4378
2008-10-09,3.4924
2008-10-08,3.5783
2008-10-07,3.6699
2008-10-06,3.7732
2008-10-03,3.8588
2008-10-02,3.9569
2008-10-01,4.0556
2008-09-30,4.1361
2008-09-29,4.2107
2008-09-26,4.3198
2008-09-25,4.3674
2008-09-24,4.4084
2008-09-23,4.4638
2008-09-22,4.531
2008-09-19,4.592
2008-09-18,4.628
2008-09-17,4.6896
2008-09-16,4.7774
2008-09-15,4.8362
2008-09-12,4.8998
2008-09-11,4.9427
2008-09-10,4.9784
2008-09-09,5.0212
2008-09-08,5.0683
2008-09-05,5.1005
2008-09-04,5.1289
2008-09-03,5.157
2008-09-02,5.1698
2008-08-29,5.1864
2008-08-28,5.1942
2008-08-27,5.1894
2008-08-26,5.1812
2008-08-25,5.1754
2008-08-22,5.1724
2008-08-21,5.1557
2008-08-20,5.1451
2008-08-19,5.1285
2008-08-18,5.1175
2008-08-15,5.0994
2008-08-14,5.0784
2008-08-13,5.0437
2008-08-12,5.0054
2008-08-11,4.9713
2008-08-08,4.9436
2008-08-07,4.9258
2008-08-06,4.925
2008-08-05,4.9223
2008-08-04,4.9305
2008-08-01,4.963
2008-07-31,4.9881
2008-07-30,5.0086
2008-07-29,5.0283
2008-07-28,5.059
2008-07-25,5.1014
2008-07-24,5.1237
2008-07-23,5.1583
2008-07-22,5.1734
2008-07-21,5.2037
2008-07-18,5.2236
2008-07-17,5.2492
2008-07-16,5.2563
2008-07-15,5.261
2008-07-14,5.2763
2008-07-11,5.2798
2008-07-10,5.2877
2008-07-09,5.2836
2008-07-08,5.2866
2008-07-07,5.2731
2008-07-03,5.2722
2008-07-02,5.2871
2008-07-01,5.3097
2008-06-30,5.3142
2008-06-27,5.342
2008-06-26,5.3644
2008-06-25,5.3949
2008-06-24,5.3997
2008-06-23,5.4181
2008-06-20,5.4388
2008-06-19,5.4549
2008-06-18,5.4548
2008-06-17,5.4616
2008-06-16,5.4606
2008-06-13,5.474
2008-06-12,5.503
2008-06-11,5.5323
2008-06-10,5.5407
2008-06-09,5.5346
2008-06-06,5.5407
2008-06-05,5.5346
2008-06-04,5.5159
2008-06-03,5.5086
2008-06-02,5.5001
2008-05-30,5.4883
2008-05-29,5.4668
2008-05-28,5.4496
2008-05-27,5.4296
2008-05-23,5.4093
2008-05-22,5.4036
2008-05-21,5.4104
2008-05-20,5.4143
2008-05-19,5.394
2008-05-16,5.379
2008-05-15,5.3496
2008-05-14,5.3105
2008-05-13,5.2782
2008-05-12,5.2308
2008-05-09,5.1841
2008-05-08,5.1474
2008-05-07,5.1018
2008-05-06,5.0592
2008-05-05,4.9993
2008-05-02,4.9391
2008-05-01,4.8846
2008-04-30,4.8274
2008-04-29,4.7833
2008-04-28,4.7311
2008-04-25,4.6824
2008-04-24,4.6365
2008-04-23,4.5882
2008-04-22,4.5541
2008-04-21,4.525
2008-04-18,4.4675
2008-04-17,4.4265
2008-04-16,4.4021
2008-04-15,4.3775
2008-04-14,4.3673
2008-04-11,4.3579
2008-04-10,4.3495
2008-04-09,4.3168
2008-04-08,4.2904
2008-04-07,4.2569
2008-04-04,4.2101
2008-04-03,4.1674
2008-04-02,4.1247
2008-04-01,4.0907
2008-03-31,4.0467
2008-03-28,4.0171
2008-03-27,3.986
2008-03-26,3.9603
2008-03-25,3.9167
2008-03-24,3.8815
2008-03-20,3.8471
2008-03-19,3.829
2008-03-18,3.8205
2008-03-17,3.801
2008-03-14,3.7988
2008-03-13,3.7968
2008-03-12,3.7903
2008-03-11,3.7892
2008-03-10,3.7838
2008-03-07,3.8022
2008-03-06,3.8143
2008-03-05,3.8319
2008-03-04,3.8401
2008-03-03,3.8487
2008-02-29,3.8674
2008-02-28,3.8777
2008-02-27,3.8735
2008-02-26,3.8909
2008-02-25,3.9222
2008-02-22,3.9549
2008-02-21,3.992
2008-02-20,4.0264
2008-02-19,4.0572
2008-02-15,4.0964
2008-02-14,4.132
2008-02-13,4.1623
2008-02-12,4.1897
2008-02-11,4.2344
2008-02-08,4.2692
2008-02-07,4.3202
2008-02-06,4.3901
2008-02-05,4.465
2008-02-04,4.5243
2008-02-01,4.5826
2008-01-31,4.6404
2008-01-30,4.6992
2008-01-29,4.7743
2008-01-28,4.8593
2008-01-25,4.9581
2008-01-24,5.0672
2008-01-23,5.1702
2008-01-22,5.2729
2008-01-18,5.3339
2008-01-17,5.3832
2008-01-16,5.4391
2008-01-15,5.5049
2008-01-14,5.5477
2008-01-11,5.5641
2008-01-10,5.6017
2008-01-09,5.6262
2008-01-08,5.6489
2008-01-07,5.6999
2008-01-04,5.736
2008-01-03,5.7683
2008-01-02,5.7567
2007-12-31,5.7441
2007-12-28,5.72
2007-12-27,5.6877
2007-12-26,5.6561
2007-12-24,5.6199
2007-12-21,5.5804
2007-12-20,5.5523
2007-12-19,5.5424
2007-12-18,5.5445
2007-12-17,5.5473
2007-12-14,5.5459
2007-12-13,5.5253
2007-12-12,5.4979
2007-12-11,5.4708
2007-12-10,5.4481
2007-12-07,5.4051
2007-12-06,5.3573
2007-12-05,5.3182
2007-12-04,5.2892
2007-12-03,5.2751
2007-11-30,5.2626
2007-11-29,5.2382
2007-11-28,5.2045
2007-11-27,5.1803
2007-11-26,5.1706
2007-11-23,5.1672
2007-11-21,5.1666
2007-11-20,5.1757
2007-11-19,5.1845
2007-11-16,5.2098
2007-11-15,5.23
2007-11-14,5.2589
2007-11-13,5.2852
2007-11-12,5.302
2007-11-09,5.372
2007-11-08,5.4125
2007-11-07,5.4253
2007-11-06,5.4049
2007-11-05,5.3651
2007-11-02,5.3388
2007-11-01,5.3044
2007-10-31,5.2677
2007-10-30,5.2193
2007-10-29,5.175
2007-10-26,5.1322
2007-10-25,5.0861
2007-10-24,5.0413
2007-10-23,4.9817
2007-10-22,4.9152
2007-10-19,4.8791
2007-10-18,4.8517
2007-10-17,4.8116
2007-10-16,4.7697
2007-10-15,4.7335
2007-10-12,4.7017
2007-10-11,4.6656
2007-10-10,4.6418
2007-10-09,4.6009
2007-10-08,4.5524
2007-10-05,4.4985
2007-10-04,4.4595
2007-10-03,4.433
2007-10-02,4.3983
2007-10-01,4.3583
2007-09-28,4.3208
2007-09-27,4.2884
2007-09-26,4.2494
2007-09-25,4.2118
2007-09-24,4.1688
2007-09-21,4.137
2007-09-20,4.1148
2007-09-19,4.1026
2007-09-18,4.0876
2007-09-17,4.0705
2007-09-14,4.0596
2007-09-13,4.0463
2007-09-12,4.0367
2007-09-11,4.0272
2007-09-10,4.021
2007-09-07,4.0102
2007-09-06,4.0141
2007-09-05,4.008
2007-09-04,3.9958
2007-08-31,3.9588
2007-08-30,3.9359
2007-08-29,3.9177
2007-08-28,3.9044
2007-08-27,3.9129
2007-08-24,3.9049
2007-08-23,3.8865
2007-08-22,3.8795
2007-08-21,3.8672
2007-08-20,3.8693
2007-08-17,3.8887
2007-08-16,3.9105
2007-08-15,3.9506
2007-08-14,3.9858
2007-08-13,4.0117
2007-08-10,4.0283
2007-08-09,4.0555
2007-08-08,4.0812
2007-08-07,4.0854
2007-08-06,4.0868
2007-08-03,4.0876
2007-08-02,4.0993
2007-08-01,4.0976
2007-07-31,4.1004
2007-07-30,4.1137
2007-07-27,4.0978
2007-07-26,4.0725
2007-07-25,4.0377
2007-07-24,4.027
2007-07-23,4.0227
2007-07-20,3.99
2007-07-19,3.9536
2007-07-18,3.9254
2007-07-17,3.9001
2007-07-16,3.8697
2007-07-13,3.8386
2007-07-12,3.8055
2007-07-11,3.7805
2007-07-10,3.7582
2007-07-09,3.7336
2007-07-06,3.7129
2007-07-05,3.6838
2007-07-03,3.6501
2007-07-02,3.6307
2007-06-29,3.6279
2007-06-28,3.6224
2007-06-27,3.621
2007-06-26,3.6152
2007-06-25,3.6159
2007-06-22,3.6082
2007-06-21,3.5976
2007-06-20,3.5829
2007-06-19,3.5742
2007-06-18,3.5579
2007-06-15,3.5354
2007-06-14,3.525
2007-06-13,3.5191
2007-06-12,3.5165
2007-06-11,3.5045
2007-06-08,3.4919
2007-06-07,3.4643
2007-06-06,3.4351
2007-06-05,3.4042
2007-06-04,3.3731
2007-06-01,3.343
2007-05-31,3.3191
2007-05-30,3.2838
2007-05-29,3.2524
2007-05-25,3.2317
2007-05-24,3.2113
2007-05-23,3.1979
2007-05-22,3.1762
2007-05-21,3.1501
2007-05-18,3.1262
2007-05-17,3.106
2007-05-16,3.0855
2007-05-15,3.0696
2007-05-14,3.0514
2007-05-11,3.0254
2007-05-10,2.9987
2007-05-09,2.9736
2007-05-08,2.9474
2007-05-07,2.9241
2007-05-04,2.902
2007-05-03,2.8875
2007-05-02,2.8727
2007-05-01,2.8564
2007-04-30,2.8413
2007-04-27,2.8236
2007-04-26,2.8036
2007-04-25,2.785
2007-04-24,2.7755
2007-04-23,2.7717
2007-04-20,2.7666
2007-04-19,2.769
2007-04-18,2.7739
2007-04-17,2.779
2007-04-16,2.7847
2007-04-13,2.7876
2007-04-12,2.7945
2007-04-11,2.796
2007-04-10,2.7964
2007-04-09,2.7916
2007-04-05,2.7882
2007-04-04,2.7811
2007-04-03,2.7746
2007-04-02,2.7667
2007-03-30,2.7606
2007-03-29,2.7563
2007-03-28,2.7488
2007-03-27,2.7422
2007-03-26,2.7278
2007-03-23,2.7107
2007-03-22,2.6991
2007-03-21,2.685
2007-03-20,2.6696
2007-03-19,2.6602
2007-03-16,2.651
2007-03-15,2.6456
2007-03-14,2.6398
2007-03-13,2.6319
2007-03-12,2.6284
2007-03-09,2.6198
2007-03-08,2.6163
2007-03-07,2.6123
2007-03-06,2.6088
2007-03-05,2.6035
2007-03-02,2.6035
2007-03-01,2.6064
2007-02-28,2.6044
2007-02-27,2.61
2007-02-26,2.6183
2007-02-23,2.6125
2007-02-22,2.6048
2007-02-21,2.5948
2007-02-20,2.5848
2007-02-16,2.5842
2007-02-15,2.5869
2007-02-14,2.5887
2007-02-13,2.5905
2007-02-12,2.5943
2007-02-09,2.5979
2007-02-08,2.607
2007-02-07,2.6079
2007-02-06,2.6089
2007-02-05,2.6164
2007-02-02,2.6254
2007-02-01,2.6327
2007-01-31,2.6408
2007-01-30,2.6467
2007-01-29,2.6537
2007-01-26,2.6602
2007-01-25,2.6692
2007-01-24,2.6764
2007-01-23,2.6829
2007-01-22,2.6933
2007-01-19,2.7012
2007-01-18,2.7047
2007-01-17,2.7066
2007-01-16,2.6901
2007-01-12,2.665
2007-01-11,2.6452
2007-01-10,2.6195
2007-01-09,2.5873
2007-01-08,2.5658
2007-01-05,2.5646
2007-01-04,2.5646
2007-01-03,2.5626
2006-12-29,2.5664
2006-12-28,2.5672
2006-12-27,2.5807
2006-12-26,2.5936
2006-12-22,2.6078
2006-12-21,2.6214
2006-12-20,2.6342
2006-12-19,2.6424
2006-12-18,2.6465
2006-12-15,2.6538
2006-12-14,2.6547
2006-12-13,2.653
2006-12-12,2.6496
2006-12-11,2.6551
2006-12-08,2.6528
2006-12-07,2.6519
2006-12-06,2.6548
2006-12-05,2.6491
2006-12-04,2.6382
2006-12-01,2.6266
2006-11-30,2.6132
2006-11-29,2.5973
2006-11-28,2.5793
2006-11-27,2.5594
2006-11-24,2.5446
2006-11-22,2.5215
2006-11-21,2.5003
2006-11-20,2.4822
2006-11-17,2.469
2006-11-16,2.4564
2006-11-15,2.4432
2006-11-14,2.4335
2006-11-13,2.4199
2006-11-10,2.4068
2006-11-09,2.3963
2006-11-08,2.384
2006-11-07,2.3732
2006-11-06,2.3675
2006-11-03,2.3636
2006-11-02,2.3639
2006-11-01,2.362
2006-10-31,2.3594
2006-10-30,2.3504
2006-10-27,2.3425
2006-10-26,2.3338
2006-10-25,2.3186
2006-10-24,2.3033
2006-10-23,2.2885
2006-10-20,2.2708
2006-10-19,2.2561
2006-10-18,2.2428
2006-10-17,2.2423
2006-10-16,2.2425
2006-10-13,2.2392
2006-10-12,2.2367
2006-10-11,2.2333
2006-10-10,2.2359
2006-10-09,2.237
2006-10-06,2.2355
2006-10-05,2.2352
2006-10-04,2.233
2006-10-03,2.2287
2006-10-02,2.2282
2006-09-29,2.2251
2006-09-28,2.215
2006-09-27,2.2037
2006-09-26,2.1931
2006-09-25,2.1776
2006-09-22,2.1663
2006-09-21,2.1626
2006-09-20,2.1533
2006-09-19,2.141
2006-09-18,2.1322
2006-09-15,2.1221
2006-09-14,2.1103
2006-09-13,2.097
2006-09-12,2.0821
2006-09-11,2.0708
2006-09-08,2.0586
2006-09-07,2.0451
2006-09-06,2.0292
2006-09-05,2.0205
2006-09-01,2.0063
2006-08-31,2.0004
2006-08-30,1.9956
2006-08-29,1.9931
2006-08-28,1.9919
2006-08-25,1.989
2006-08-24,1.9801
2006-08-23,1.9732
2006-08-22,1.9673
2006-08-21,1.9597
2006-08-18,1.9547
2006-08-17,1.9449
2006-08-16,1.9351
2006-08-15,1.923
2006-08-14,1.9144
2006-08-11,1.913
2006-08-10,1.9123
2006-08-09,1.9102
2006-08-08,1.9094
2006-08-07,1.9048
2006-08-04,1.8919
2006-08-03,1.8742
2006-08-02,1.8506
2006-08-01,1.8291
2006-07-31,1.8083
2006-07-28,1.783
2006-07-27,1.7624
2006-07-26,1.7467
2006-07-25,1.7278
2006-07-24,1.7131
2006-07-21,1.6984
2006-07-20,1.6845
2006-07-19,1.6697
2006-07-18,1.6737
2006-07-17,1.682
2006-07-14,1.6928
2006-07-13,1.7101
2006-07-12,1.7243
2006-07-11,1.7377
2006-07-10,1.7439
2006-07-07,1.7529
2006-07-06,1.7616
2006-07-05,1.77
2006-07-03,1.7753
2006-06-30,1.7782
2006-06-29,1.7836
2006-06-28,1.7842
2006-06-27,1.7941
2006-06-26,1.8007
2006-06-23,1.803
2006-06-22,1.806
2006-06-21,1.807
2006-06-20,1.8135
2006-06-19,1.822
2006-06-16,1.8322
2006-06-15,1.8424
2006-06-14,1.8478
2006-06-13,1.8594
2006-06-12,1.87
2006-06-09,1.8859
2006-06-08,1.8954
2006-06-07,1.9021
2006-06-06,1.9164
2006-06-05,1.9285
2006-06-02,1.9411
2006-06-01,1.9497
2006-05-31,1.9575
2006-05-30,1.9738
2006-05-26,1.9873
2006-05-25,1.9947
2006-05-24,2.0005
2006-05-23,2.01
2006-05-22,2.0211
2006-05-19,2.0327
2006-05-18,2.0419
2006-05-17,2.0562
2006-05-16,2.0655
2006-05-15,2.0767
2006-05-12,2.0801
2006-05-11,2.0841
2006-05-10,2.0872
2006-05-09,2.0828
2006-05-08,2.0765
2006-05-05,2.0669
2006-05-04,2.0562
2006-05-03,2.0469
2006-05-02,2.0365
2006-05-01,2.0235
2006-04-28,2.0156
2006-04-27,2.0043
2006-04-26,1.9951
2006-04-25,1.9888
2006-04-24,1.9881
2006-04-21,1.9886
2006-04-20,1.9852
2006-04-19,1.9794
2006-04-18,1.9794
2006-04-17,1.9776
2006-04-13,1.98
2006-04-12,1.9774
2006-04-11,1.9738
2006-04-10,1.9657
2006-04-07,1.9546
2006-04-06,1.9388
2006-04-05,1.9168
2006-04-04,1.9052
2006-04-03,1.9116
2006-03-31,1.9139
2006-03-30,1.9163
2006-03-29,1.9188
2006-03-28,1.9229
2006-03-27,1.939
2006-03-24,1.9541
2006-03-23,1.9695
2006-03-22,1.9859
2006-03-21,1.9991
2006-03-20,2.0133
2006-03-17,2.0221
2006-03-16,2.0297
2006-03-15,2.0393
2006-03-14,2.0437
2006-03-13,2.0451
2006-03-10,2.0519
2006-03-09,2.0673
2006-03-08,2.0819
2006-03-07,2.0926
2006-03-06,2.1024
2006-03-03,2.1159
2006-03-02,2.1236
2006-03-01,2.1262
2006-02-28,2.1306
2006-02-27,2.1375
2006-02-24,2.1372
2006-02-23,2.1353
2006-02-22,2.1323
2006-02-21,2.1303
2006-02-17,2.1353
2006-02-16,2.1369
2006-02-15,2.1378
2006-02-14,2.1431
2006-02-13,2.154
2006-02-10,2.1753
2006-02-09,2.1906
2006-02-08,2.215
2006-02-07,2.2297
2006-02-06,2.2499
2006-02-03,2.2731
2006-02-02,2.2843
2006-02-01,2.2958
2006-01-31,2.2981
2006-01-30,2.3003
2006-01-27,2.3043
2006-01-26,2.3182
2006-01-25,2.3327
2006-01-24,2.3427
2006-01-23,2.3479
2006-01-20,2.3485
2006-01-19,2.3541
2006-01-18,2.351
2006-01-17,2.3367
2006-01-13,2.3137
2006-01-12,2.2856
2006-01-11,2.2586
2006-01-10,2.23
2006-01-09,2.208
2006-01-06,2.199
2006-01-05,2.1883
2006-01-04,2.1825
2006-01-03,2.1743
2005-12-30,2.1659
2005-12-29,2.1657
2005-12-28,2.1668
2005-12-27,2.1613
2005-12-23,2.1532
2005-12-22,2.147
2005-12-21,2.1381
2005-12-20,2.1298
2005-12-19,2.1251
2005-12-16,2.1222
2005-12-15,2.1198
2005-12-14,2.1138
2005-12-13,2.1078
2005-12-12,2.0916
2005-12-09,2.074
2005-12-08,2.0563
2005-12-07,2.0376
2005-12-06,2.0174
2005-12-05,1.9947
2005-12-02,1.9766
2005-12-01,1.9542
2005-11-30,1.9326
2005-11-29,1.9207
2005-11-28,1.9067
2005-11-25,1.8863
2005-11-23,1.8647
2005-11-22,1.848
2005-11-21,1.8313
2005-11-18,1.8179
2005-11-17,1.8043
2005-11-16,1.7894
2005-11-15,1.7716
2005-11-14,1.7604
2005-11-11,1.7506
2005-11-10,1.7395
2005-11-09,1.7284
2005-11-08,1.7196
2005-11-07,1.7104
2005-11-04,1.6993
2005-11-03,1.684
2005-11-02,1.6649
2005-11-01,1.6499
2005-10-31,1.641
2005-10-28,1.631
2005-10-27,1.6297
2005-10-26,1.6254
2005-10-25,1.6155
2005-10-24,1.6074
2005-10-21,1.5963
2005-10-20,1.5877
2005-10-19,1.5766
2005-10-18,1.5682
2005-10-17,1.5675
2005-10-14,1.5628
2005-10-13,1.5559
2005-10-12,1.5491
2005-10-11,1.5558
2005-10-10,1.5558
2005-10-07,1.5597
2005-10-06,1.5611
2005-10-05,1.5613
2005-10-04,1.5581
2005-10-03,1.5514
2005-09-30,1.5419
2005-09-29,1.5341
2005-09-28,1.5294
2005-09-27,1.5282
2005-09-26,1.5195
2005-09-23,1.5085
2005-09-22,1.4984
2005-09-21,1.4914
2005-09-20,1.4829
2005-09-19,1.4702
2005-09-16,1.4579
2005-09-15,1.4487
2005-09-14,1.4429
2005-09-13,1.4373
2005-09-12,1.4273
2005-09-09,1.4144
2005-09-08,1.4004
2005-09-07,1.3898
2005-09-06,1.3815
2005-09-02,1.3721
2005-09-01,1.3698
2005-08-31,1.3671
2005-08-30,1.3622
2005-08-29,1.3577
2005-08-26,1.3551
2005-08-25,1.3526
2005-08-24,1.3487
2005-08-23,1.3454
2005-08-22,1.3418
2005-08-19,1.3375
2005-08-18,1.3328
2005-08-17,1.3261
2005-08-16,1.316
2005-08-15,1.3077
2005-08-12,1.294
2005-08-11,1.2838
2005-08-10,1.2793
2005-08-09,1.2763
2005-08-08,1.2715
2005-08-05,1.27
2005-08-04,1.2672
2005-08-03,1.265
2005-08-02,1.2609
2005-08-01,1.2566
2005-07-29,1.2531
2005-07-28,1.2496
2005-07-27,1.2421
2005-07-26,1.2333
2005-07-25,1.2246
2005-07-22,1.2144
2005-07-21,1.2026
2005-07-20,1.1917
2005-07-19,1.1787
2005-07-18,1.1656
2005-07-15,1.1566
2005-07-14,1.1465
2005-07-13,1.1378
2005-07-12,1.1358
2005-07-11,1.134
2005-07-08,1.1324
2005-07-07,1.1302
2005-07-06,1.1297
2005-07-05,1.13
2005-07-01,1.1283
2005-06-30,1.1313
2005-06-29,1.1335
2005-06-28,1.1373
2005-06-27,1.1386
2005-06-24,1.1407
2005-06-23,1.1409
2005-06-22,1.1376
2005-06-21,1.1349
2005-06-20,1.1342
2005-06-17,1.1342
2005-06-16,1.132
2005-06-15,1.1306
2005-06-14,1.1317
2005-06-13,1.1366
2005-06-10,1.1422
2005-06-09,1.1488
2005-06-08,1.1502
2005-06-07,1.1541
2005-06-06,1.1596
2005-06-03,1.1613
2005-06-02,1.1621
2005-06-01,1.1573
2005-05-31,1.1512
2005-05-27,1.1462
2005-05-26,1.1381
2005-05-25,1.1286
2005-05-24,1.1211
2005-05-23,1.1131
2005-05-20,1.104
2005-05-19,1.101
2005-05-18,1.0977
2005-05-17,1.0995
2005-05-16,1.103
2005-05-13,1.1062
2005-05-12,1.1123
2005-05-11,1.121
2005-05-10,1.126
2005-05-09,1.1289
2005-05-06,1.1304
2005-05-05,1.1312
2005-05-04,1.1338
2005-05-03,1.1352
2005-05-02,1.1398
2005-04-29,1.1441
2005-04-28,1.1501
2005-04-27,1.1583
2005-04-26,1.1661
2005-04-25,1.174
2005-04-22,1.1802
2005-04-21,1.1917
2005-04-20,1.1992
2005-04-19,1.2128
2005-04-18,1.2227
2005-04-15,1.2383
2005-04-14,1.2564
2005-04-13,1.2704
2005-04-12,1.2739
2005-04-11,1.2725
2005-04-08,1.2734
2005-04-07,1.2686
2005-04-06,1.2639
2005-04-05,1.2625
2005-04-04,1.2624
2005-04-01,1.2649
2005-03-31,1.2682
2005-03-30,1.2695
2005-03-29,1.2672
2005-03-28,1.2681
2005-03-24,1.2666
2005-03-23,1.265
2005-03-22,1.263
2005-03-21,1.26
2005-03-18,1.2539
2005-03-17,1.2496
2005-03-16,1.247
2005-03-15,1.2475
2005-03-14,1.2488
2005-03-11,1.2523
2005-03-10,1.2563
2005-03-09,1.2621
2005-03-08,1.27
2005-03-07,1.275
2005-03-04,1.2735
2005-03-03,1.2717
2005-03-02,1.2729
2005-03-01,1.2668
2005-02-28,1.2589
2005-02-25,1.249
2005-02-24,1.2392
2005-02-23,1.2285
2005-02-22,1.2178
2005-02-18,1.2106
2005-02-17,1.2003
2005-02-16,1.1872
2005-02-15,1.1691
2005-02-14,1.1519
2005-02-11,1.1388
2005-02-10,1.1298
2005-02-09,1.1243
2005-02-08,1.1177
2005-02-07,1.107
2005-02-04,1.0982
2005-02-03,1.0886
2005-02-02,1.0797
2005-02-01,1.067
2005-01-31,1.0563
2005-01-28,1.0454
2005-01-27,1.038
2005-01-26,1.032
2005-01-25,1.0259
2005-01-24,1.0196
2005-01-21,1.0146
2005-01-20,1.0095
2005-01-19,1.0039
2005-01-18,0.9987
2005-01-14,0.9917
2005-01-13,0.9846
2005-01-12,0.9775
2005-01-11,0.9765
2005-01-10,0.9768
2005-01-07,0.9702
2005-01-06,0.9624
2005-01-05,0.9612
2005-01-04,0.96
2005-01-03,0.9596
2004-12-31,0.9601
2004-12-30,0.959
2004-12-29,0.9571
2004-12-28,0.9556
2004-12-27,0.9543
2004-12-23,0.9545
2004-12-22,0.9534
2004-12-21,0.9525
2004-12-20,0.9517
2004-12-17,0.9523
2004-12-16,0.9494
2004-12-15,0.9437
2004-12-14,0.9394
2004-12-13,0.9347
2004-12-10,0.93
2004-12-09,0.9245
2004-12-08,0.9203
2004-12-07,0.9167
2004-12-06,0.9134
2004-12-03,0.9051
2004-12-02,0.9009
2004-12-01,0.8922
2004-11-30,0.8785
2004-11-29,0.8646
2004-11-26,0.847
2004-11-24,0.8337
2004-11-23,0.8198
2004-11-22,0.8088
2004-11-19,0.7966
2004-11-18,0.7929
2004-11-17,0.7884
2004-11-16,0.7843
2004-11-15,0.7796
2004-11-12,0.774
2004-11-11,0.7674
2004-11-10,0.7604
2004-11-09,0.7535
2004-11-08,0.7471
2004-11-05,0.7394
2004-11-04,0.7304
2004-11-03,0.7208
2004-11-02,0.7089
2004-11-01,0.6986
2004-10-29,0.6889
2004-10-28,0.6783
2004-10-27,0.6668
2004-10-26,0.6572
2004-10-25,0.6502
2004-10-22,0.6432
2004-10-21,0.6357
2004-10-20,0.6265
2004-10-19,0.6171
2004-10-18,0.6068
2004-10-15,0.5948
2004-10-14,0.5852
2004-10-13,0.5755
2004-10-12,0.5729
2004-10-11,0.5725
2004-10-08,0.5715
2004-10-07,0.5696
2004-10-06,0.5667
2004-10-05,0.5619
2004-10-04,0.5585
2004-10-01,0.5558
2004-09-30,0.5529
2004-09-29,0.5496
2004-09-28,0.546
2004-09-27,0.5431
2004-09-24,0.5407
2004-09-23,0.5385
2004-09-22,0.536
2004-09-21,0.5338
2004-09-20,0.5297
2004-09-17,0.5256
2004-09-16,0.5219
2004-09-15,0.5192
2004-09-14,0.518
2004-09-13,0.5162
2004-09-10,0.514
2004-09-09,0.5112
2004-09-08,0.5083
2004-09-07,0.5041
2004-09-03,0.5005
2004-09-02,0.4972
2004-09-01,0.493
2004-08-31,0.4879
2004-08-30,0.4845
2004-08-27,0.4814
2004-08-26,0.4776
2004-08-25,0.4728
2004-08-24,0.4701
2004-08-23,0.4689
2004-08-20,0.4689
2004-08-19,0.4694
2004-08-18,0.4701
2004-08-17,0.4692
2004-08-16,0.4695
2004-08-13,0.4701
2004-08-12,0.4707
2004-08-11,0.472
2004-08-10,0.4725
2004-08-09,0.4722
2004-08-06,0.4738
2004-08-05,0.4764
2004-08-04,0.4767
2004-08-03,0.4764
2004-08-02,0.4769
2004-07-30,0.477
2004-07-29,0.4759
2004-07-28,0.4741
2004-07-27,0.4728
2004-07-26,0.4711
2004-07-23,0.4711
2004-07-22,0.472
2004-07-21,0.4714
2004-07-20,0.4708
2004-07-19,0.4693
2004-07-16,0.4679
2004-07-15,0.4661
2004-07-14,0.4629
2004-07-13,0.4646
2004-07-12,0.4672
2004-07-09,0.4701
2004-07-08,0.4719
2004-07-07,0.4737
2004-07-06,0.4754
2004-07-02,0.4763
2004-07-01,0.4771
2004-06-30,0.476
2004-06-29,0.4745
2004-06-28,0.4728
2004-06-25,0.4711
2004-06-24,0.4671
2004-06-23,0.4637
2004-06-22,0.459
2004-06-21,0.4549
2004-06-18,0.4515
2004-06-17,0.4468
2004-06-16,0.4417
2004-06-15,0.4363
2004-06-14,0.4335
2004-06-10,0.4313
2004-06-09,0.4279
2004-06-08,0.425
2004-06-07,0.4216
2004-06-04,0.4186
2004-06-03,0.417
2004-06-02,0.4158
2004-06-01,0.4137
2004-05-28,0.4127
2004-05-27,0.4116
2004-05-26,0.4102
2004-05-25,0.4082
2004-05-24,0.406
2004-05-21,0.4054
2004-05-20,0.405
2004-05-19,0.4053
2004-05-18,0.4059
2004-05-17,0.4057
2004-05-14,0.4061
2004-05-13,0.4059
2004-05-12,0.4055
2004-05-11,0.4048
2004-05-10,0.4044
2004-05-07,0.4052
2004-05-06,0.4056
2004-05-05,0.4061
2004-05-04,0.4065
2004-05-03,0.4078
2004-04-30,0.4094
2004-04-29,0.4115
2004-04-28,0.4124
2004-04-27,0.4138
2004-04-26,0.4146
2004-04-23,0.4152
2004-04-22,0.4149
2004-04-21,0.4145
2004-04-20,0.4141
2004-04-19,0.4137
2004-04-16,0.4122
2004-04-15,0.4093
2004-04-14,0.4059
2004-04-13,0.4063
2004-04-12,0.4063
2004-04-08,0.4046
2004-04-07,0.4035
2004-04-06,0.4026
2004-04-05,0.4009
2004-04-02,0.3981
2004-04-01,0.3964
2004-03-31,0.395
2004-03-30,0.3937
2004-03-29,0.3908
2004-03-26,0.3877
2004-03-25,0.3856
2004-03-24,0.3835
2004-03-23,0.3834
2004-03-22,0.3836
2004-03-19,0.383
2004-03-18,0.3822
2004-03-17,0.3817
2004-03-16,0.3803
2004-03-15,0.3794
2004-03-12,0.3773
2004-03-11,0.3733
2004-03-10,0.3695
2004-03-09,0.3645
2004-03-08,0.3598
2004-03-05,0.3564
2004-03-04,0.3515
2004-03-03,0.3486
2004-03-02,0.3473
2004-03-01,0.3461
2004-02-27,0.3444
2004-02-26,0.3427
2004-02-25,0.3422
2004-02-24,0.342
2004-02-23,0.3425
2004-02-20,0.3433
2004-02-19,0.3439
2004-02-18,0.3444
2004-02-17,0.3438
2004-02-13,0.3432
2004-02-12,0.3428
2004-02-11,0.3413
2004-02-10,0.3394
2004-02-09,0.3386
2004-02-06,0.3383
2004-02-05,0.3379
2004-02-04,0.3379
2004-02-03,0.3388
2004-02-02,0.3392
2004-01-30,0.3395
2004-01-29,0.3394
2004-01-28,0.3391
2004-01-27,0.3391
2004-01-26,0.3381
2004-01-23,0.3372
2004-01-22,0.3369
2004-01-21,0.3372
2004-01-20,0.3368
2004-01-16,0.3361
2004-01-15,0.3355
2004-01-14,0.3345
2004-01-13,0.3313
2004-01-12,0.3279
2004-01-09,0.3247
2004-01-08,0.3224
2004-01-07,0.3193
2004-01-06,0.317
2004-01-05,0.3153
2004-01-02,0.3133
2003-12-31,0.3126
2003-12-30,0.3115
2003-12-29,0.3106
2003-12-26,0.3097
2003-12-24,0.3093
2003-12-23,0.3095
2003-12-22,0.3106
2003-12-19,0.3118
2003-12-18,0.3133
2003-12-17,0.3145
2003-12-16,0.316
2003-12-15,0.3174
2003-12-12,0.3188
2003-12-11,0.3192
2003-12-10,0.3191
2003-12-09,0.3203
2003-12-08,0.3216
2003-12-05,0.322
2003-12-04,0.3229
2003-12-03,0.3233
2003-12-02,0.3239
2003-12-01,0.3238
2003-11-28,0.3234
2003-11-26,0.3243
2003-11-25,0.3256
2003-11-24,0.327
2003-11-21,0.3279
2003-11-20,0.3302
2003-11-19,0.3326
2003-11-18,0.3352
2003-11-17,0.3381
2003-11-14,0.3401
2003-11-13,0.3419
2003-11-12,0.3423
2003-11-11,0.3429
2003-11-10,0.3448
2003-11-07,0.3463
2003-11-06,0.347
2003-11-05,0.3469
2003-11-04,0.3468
2003-11-03,0.347
2003-10-31,0.3468
2003-10-30,0.3469
2003-10-29,0.3468
2003-10-28,0.3457
2003-10-27,0.3444
2003-10-24,0.3448
2003-10-23,0.3452
2003-10-22,0.3451
2003-10-21,0.3453
2003-10-20,0.3449
2003-10-17,0.3443
2003-10-16,0.3444
2003-10-15,0.3438
2003-10-14,0.3406
2003-10-13,0.3375
2003-10-10,0.3343
2003-10-09,0.3319
2003-10-08,0.3297
2003-10-07,0.3278
2003-10-06,0.3254
2003-10-03,0.3243
2003-10-02,0.324
2003-10-01,0.3254
2003-09-30,0.3267
2003-09-29,0.3282
2003-09-26,0.329
2003-09-25,0.3307
2003-09-24,0.3331
2003-09-23,0.3344
2003-09-22,0.3339
2003-09-19,0.3341
2003-09-18,0.3334
2003-09-17,0.3322
2003-09-16,0.332
2003-09-15,0.3315
2003-09-12,0.3311
2003-09-11,0.3293
2003-09-10,0.3282
2003-09-09,0.3275
2003-09-08,0.3265
2003-09-05,0.3247
2003-09-04,0.3232
2003-09-03,0.321
2003-09-02,0.3183
2003-08-29,0.3156
2003-08-28,0.3129
2003-08-27,0.3106
2003-08-26,0.3092
2003-08-25,0.3084
2003-08-22,0.3077
2003-08-21,0.307
2003-08-20,0.3049
2003-08-19,0.3036
2003-08-18,0.3033
2003-08-15,0.303
2003-08-14,0.3036
2003-08-13,0.3039
2003-08-12,0.3038
2003-08-11,0.3045
2003-08-08,0.3054
2003-08-07,0.3063
2003-08-06,0.307
2003-08-05,0.3081
2003-08-04,0.3082
2003-08-01,0.307
2003-07-31,0.3064
2003-07-30,0.3052
2003-07-29,0.3051
2003-07-28,0.3043
2003-07-25,0.3031
2003-07-24,0.3008
2003-07-23,0.2999
2003-07-22,0.2985
2003-07-21,0.2969
2003-07-18,0.2954
2003-07-17,0.2934
2003-07-16,0.2911
2003-07-15,0.2902
2003-07-14,0.2896
2003-07-11,0.2885
2003-07-10,0.2874
2003-07-09,0.2866
2003-07-08,0.2851
2003-07-07,0.2828
2003-07-03,0.281
2003-07-02,0.2802
2003-07-01,0.2791
2003-06-30,0.2782
2003-06-27,0.2773
2003-06-26,0.2767
2003-06-25,0.2752
2003-06-24,0.2739
2003-06-23,0.2729
2003-06-20,0.2714
2003-06-19,0.2695
2003-06-18,0.2675
2003-06-17,0.2653
2003-06-16,0.2643
2003-06-13,0.2632
2003-06-12,0.2632
2003-06-11,0.2627
2003-06-10,0.2627
2003-06-09,0.263
2003-06-06,0.2641
2003-06-05,0.2647
2003-06-04,0.2645
2003-06-03,0.2644
2003-06-02,0.2648
2003-05-30,0.265
2003-05-29,0.2644
2003-05-28,0.2635
2003-05-27,0.2622
2003-05-23,0.2598
2003-05-22,0.2581
2003-05-21,0.2563
2003-05-20,0.255
2003-05-19,0.2536
2003-05-16,0.2515
2003-05-15,0.2482
2003-05-14,0.2446
2003-05-13,0.2409
2003-05-12,0.2366
2003-05-09,0.232
2003-05-08,0.2274
2003-05-07,0.2228
2003-05-06,0.2182
2003-05-05,0.2134
2003-05-02,0.2103
2003-05-01,0.2096
2003-04-30,0.2088
2003-04-29,0.2082
2003-04-28,0.2078
2003-04-25,0.2077
2003-04-24,0.2084
2003-04-23,0.209
2003-04-22,0.2094
2003-04-21,0.21
2003-04-17,0.2113
2003-04-16,0.2127
2003-04-15,0.2141
2003-04-14,0.2154
2003-04-11,0.2165
2003-04-10,0.2183
2003-04-09,0.2185
2003-04-08,0.219
2003-04-07,0.2191
2003-04-04,0.2191
2003-04-03,0.2193
2003-04-02,0.2195
2003-04-01,0.2194
2003-03-31,0.22
2003-03-28,0.2207
2003-03-27,0.2208
2003-03-26,0.2211
2003-03-25,0.2215
2003-03-24,0.2217
2003-03-21,0.2222
2003-03-20,0.2218
2003-03-19,0.2215
2003-03-18,0.2211
2003-03-17,0.2206
2003-03-14,0.22
2003-03-13,0.2197
2003-03-12,0.2194
2003-03-11,0.22
2003-03-10,0.2205
2003-03-07,0.2209
2003-03-06,0.2211
2003-03-05,0.2213
2003-03-04,0.2214
2003-03-03,0.2216
2003-02-28,0.2216
2003-02-27,0.2211
2003-02-26,0.2208
2003-02-25,0.2211
2003-02-24,0.2205
2003-02-21,0.2203
2003-02-20,0.2197
2003-02-19,0.2194
2003-02-18,0.2189
2003-02-14,0.2177
2003-02-13,0.2173
2003-02-12,0.2171
2003-02-11,0.2171
2003-02-10,0.2172
2003-02-07,0.2173
2003-02-06,0.2177
2003-02-05,0.2177
2003-02-04,0.2177
2003-02-03,0.2175
2003-01-31,0.2171
2003-01-30,0.2171
2003-01-29,0.2173
2003-01-28,0.217
2003-01-27,0.2167
2003-01-24,0.2171
2003-01-23,0.218
2003-01-22,0.2185
2003-01-21,0.2195
2003-01-17,0.2203
2003-01-16,0.2211
2003-01-15,0.2212
2003-01-14,0.2216
2003-01-13,0.2217
2003-01-10,0.2218
2003-01-09,0.2218
2003-01-08,0.2218
2003-01-07,0.2221
2003-01-06,0.2219
2003-01-03,0.2216
2003-01-02,0.2213
2002-12-31,0.2211
2002-12-30,0.2216
2002-12-27,0.2226
2002-12-26,0.2237
2002-12-24,0.2244
2002-12-23,0.2253
2002-12-20,0.226
2002-12-19,0.2273
2002-12-18,0.2287
2002-12-17,0.2297
2002-12-16,0.2299
2002-12-13,0.2305
2002-12-12,0.2313
2002-12-11,0.2316
2002-12-10,0.2314
2002-12-09,0.2315
2002-12-06,0.2324
2002-12-05,0.2332
2002-12-04,0.2345
2002-12-03,0.2354
2002-12-02,0.2361
2002-11-29,0.2369
2002-11-27,0.2372
2002-11-26,0.2372
2002-11-25,0.2377
2002-11-22,0.2374
2002-11-21,0.237
2002-11-20,0.236
2002-11-19,0.2362
2002-11-18,0.2368
2002-11-15,0.2369
2002-11-14,0.2365
2002-11-13,0.2355
2002-11-12,0.2356
2002-11-11,0.2355
2002-11-08,0.2363
2002-11-07,0.236
2002-11-06,0.2355
2002-11-05,0.2329
2002-11-04,0.2306
2002-11-01,0.2281
2002-10-31,0.2261
2002-10-30,0.2244
2002-10-29,0.2227
2002-10-28,0.2216
2002-10-25,0.2202
2002-10-24,0.2188
2002-10-23,0.2186
2002-10-22,0.218
2002-10-21,0.2176
2002-10-18,0.2174
2002-10-17,0.2175
2002-10-16,0.218
2002-10-15,0.2178
2002-10-14,0.2167
2002-10-11,0.216
2002-10-10,0.2158
2002-10-09,0.2161
2002-10-08,0.2172
2002-10-07,0.2184
2002-10-04,0.2195
2002-10-03,0.2203
2002-10-02,0.2208
2002-10-01,0.2216
2002-09-30,0.2219
2002-09-27,0.2222
2002-09-26,0.2222
2002-09-25,0.2223
2002-09-24,0.222
2002-09-23,0.2221
2002-09-20,0.2219
2002-09-19,0.2217
2002-09-18,0.2219
2002-09-17,0.2214
2002-09-16,0.2212
2002-09-13,0.2214
2002-09-12,0.2223
2002-09-11,0.2232
2002-09-10,0.224
2002-09-09,0.2249
2002-09-06,0.2257
2002-09-05,0.2267
2002-09-04,0.228
2002-09-03,0.2291
2002-08-30,0.2309
2002-08-29,0.2318
2002-08-28,0.2328
2002-08-27,0.234
2002-08-26,0.2351
2002-08-23,0.2351
2002-08-22,0.2349
2002-08-21,0.2343
2002-08-20,0.2334
2002-08-19,0.2327
2002-08-16,0.2318
2002-08-15,0.2311
2002-08-14,0.2307
2002-08-13,0.2309
2002-08-12,0.2321
2002-08-09,0.2327
2002-08-08,0.2334
2002-08-07,0.2337
2002-08-06,0.2344
2002-08-05,0.2357
2002-08-02,0.2383
2002-08-01,0.2404
2002-07-31,0.2422
2002-07-30,0.2435
2002-07-29,0.2447
2002-07-26,0.2466
2002-07-25,0.2498
2002-07-24,0.2533
2002-07-23,0.2558
2002-07-22,0.2598
2002-07-19,0.2634
2002-07-18,0.2674
2002-07-17,0.2718
2002-07-16,0.2756
2002-07-15,0.2762
2002-07-12,0.2764
2002-07-11,0.2777
2002-07-10,0.2779
2002-07-09,0.2797
2002-07-08,0.2813
2002-07-05,0.2823
2002-07-03,0.2823
2002-07-02,0.2841
2002-07-01,0.2871
2002-06-28,0.2903
2002-06-27,0.2927
2002-06-26,0.2964
2002-06-25,0.3014
2002-06-24,0.3059
2002-06-21,0.3107
2002-06-20,0.3166
2002-06-19,0.3228
2002-06-18,0.3296
2002-06-17,0.3323
2002-06-14,0.3347
2002-06-13,0.3381
2002-06-12,0.3426
2002-06-11,0.3468
2002-06-10,0.3508
2002-06-07,0.3537
2002-06-06,0.3569
2002-06-05,0.3593
2002-06-04,0.3611
2002-06-03,0.3629
2002-05-31,0.3648
2002-05-30,0.3662
2002-05-29,0.3663
2002-05-28,0.3668
2002-05-24,0.3674
2002-05-23,0.3677
2002-05-22,0.3665
2002-05-21,0.3664
2002-05-20,0.3678
2002-05-17,0.3672
2002-05-16,0.3662
2002-05-15,0.3647
2002-05-14,0.363
2002-05-13,0.3605
2002-05-10,0.3605
2002-05-09,0.3614
2002-05-08,0.3611
2002-05-07,0.3604
2002-05-06,0.3627
2002-05-03,0.3649
2002-05-02,0.366
2002-05-01,0.3669
2002-04-30,0.3675
2002-04-29,0.3677
2002-04-26,0.3683
2002-04-25,0.3706
2002-04-24,0.3713
2002-04-23,0.3727
2002-04-22,0.3734
2002-04-19,0.3738
2002-04-18,0.3735
2002-04-17,0.3725
2002-04-16,0.3702
2002-04-15,0.3683
2002-04-12,0.3674
2002-04-11,0.3663
2002-04-10,0.3654
2002-04-09,0.3648
2002-04-08,0.3649
2002-04-05,0.3643
2002-04-04,0.3634
2002-04-03,0.3622
2002-04-02,0.3626
2002-04-01,0.3625
2002-03-28,0.3619
2002-03-27,0.3624
2002-03-26,0.3633
2002-03-25,0.3643
2002-03-22,0.3656
2002-03-21,0.3659
2002-03-20,0.3658
2002-03-19,0.3648
2002-03-18,0.3638
2002-03-15,0.3628
2002-03-14,0.3614
2002-03-13,0.3606
2002-03-12,0.3597
2002-03-11,0.3583
2002-03-08,0.3563
2002-03-07,0.3547
2002-03-06,0.3533
2002-03-05,0.3523
2002-03-04,0.352
2002-03-01,0.3505
2002-02-28,0.3502
2002-02-27,0.3526
2002-02-26,0.3549
2002-02-25,0.3547
2002-02-22,0.3542
2002-02-21,0.3554
2002-02-20,0.3587
2002-02-19,0.3597
2002-02-15,0.3617
2002-02-14,0.3618
2002-02-13,0.3609
2002-02-12,0.3591
2002-02-11,0.3577
2002-02-08,0.3557
2002-02-07,0.355
2002-02-06,0.3538
2002-02-05,0.3519
2002-02-04,0.3486
2002-02-01,0.345
2002-01-31,0.3426
2002-01-30,0.3394
2002-01-29,0.3369
2002-01-28,0.3358
2002-01-25,0.3342
2002-01-24,0.3325
2002-01-23,0.3306
2002-01-22,0.3289
2002-01-18,0.3289
2002-01-17,0.3283
2002-01-16,0.3272
2002-01-15,0.3287
2002-01-14,0.3288
2002-01-11,0.3298
2002-01-10,0.3312
2002-01-09,0.3323
2002-01-08,0.3329
2002-01-07,0.3321
2002-01-04,0.3307
2002-01-03,0.3279
2002-01-02,0.325
2001-12-31,0.3222
2001-12-28,0.3214
2001-12-27,0.3196
2001-12-26,0.3182
2001-12-24,0.3176
2001-12-21,0.3172
2001-12-20,0.3172
2001-12-19,0.3178
2001-12-18,0.3169
2001-12-17,0.3169
2001-12-14,0.3176
2001-12-13,0.3186
2001-12-12,0.3188
2001-12-11,0.3183
2001-12-10,0.3172
2001-12-07,0.3148
2001-12-06,0.3122
2001-12-05,0.3089
2001-12-04,0.3037
2001-12-03,0.3001
2001-11-30,0.2983
2001-11-29,0.2959
2001-11-28,0.2947
2001-11-27,0.2931
2001-11-26,0.2906
2001-11-23,0.2873
2001-11-21,0.286
2001-11-20,0.2849
2001-11-19,0.2839
2001-11-16,0.282
2001-11-15,0.2816
2001-11-14,0.2804
2001-11-13,0.2788
2001-11-12,0.2774
2001-11-09,0.2768
2001-11-08,0.2762
2001-11-07,0.2756
2001-11-06,0.2735
2001-11-05,0.2713
2001-11-02,0.2696
2001-11-01,0.2685
2001-10-31,0.2672
2001-10-30,0.2675
2001-10-29,0.2677
2001-10-26,0.2679
2001-10-25,0.2665
2001-10-24,0.264
2001-10-23,0.2618
2001-10-22,0.2605
2001-10-19,0.2578
2001-10-18,0.2558
2001-10-17,0.2542
2001-10-16,0.254
2001-10-15,0.2522
2001-10-12,0.2501
2001-10-11,0.2479
2001-10-10,0.2458
2001-10-09,0.245
2001-10-08,0.2454
2001-10-05,0.2455
2001-10-04,0.2457
2001-10-03,0.2464
2001-10-02,0.2486
2001-10-01,0.2508
2001-09-28,0.2526
2001-09-27,0.2545
2001-09-26,0.2567
2001-09-25,0.2597
2001-09-24,0.2624
2001-09-21,0.2639
2001-09-20,0.2667
2001-09-19,0.2699
2001-09-18,0.2713
2001-09-17,0.274
2001-09-10,0.2759
2001-09-07,0.2773
2001-09-06,0.2791
2001-09-05,0.2803
2001-09-04,0.2804
2001-08-31,0.281
2001-08-30,0.2811
2001-08-29,0.2824
2001-08-28,0.2838
2001-08-27,0.2845
2001-08-24,0.2844
2001-08-23,0.2848
2001-08-22,0.2866
2001-08-21,0.2878
2001-08-20,0.2897
2001-08-17,0.2914
2001-08-16,0.2934
2001-08-15,0.2947
2001-08-14,0.2964
2001-08-13,0.2979
2001-08-10,0.299
2001-08-09,0.3002
2001-08-08,0.3016
2001-08-07,0.3034
2001-08-06,0.3047
2001-08-03,0.3064
2001-08-02,0.3077
2001-08-01,0.3087
2001-07-31,0.3109
2001-07-30,0.3138
2001-07-27,0.3168
2001-07-26,0.3201
2001-07-25,0.3243
2001-07-24,0.3291
2001-07-23,0.3334
2001-07-20,0.3375
2001-07-19,0.3413
2001-07-18,0.3456
2001-07-17,0.3489
2001-07-16,0.3458
2001-07-13,0.3442
2001-07-12,0.341
2001-07-11,0.3382
2001-07-10,0.338
2001-07-09,0.3401
2001-07-06,0.3398
2001-07-05,0.3407
2001-07-03,0.3397
2001-07-02,0.3376
2001-06-29,0.3352
2001-06-28,0.3336
2001-06-27,0.3314
2001-06-26,0.3292
2001-06-25,0.3262
2001-06-22,0.3224
2001-06-21,0.321
2001-06-20,0.3191
2001-06-19,0.3183
2001-06-18,0.3198
2001-06-15,0.3212
2001-06-14,0.3225
2001-06-13,0.3249
2001-06-12,0.3266
2001-06-11,0.3288
2001-06-08,0.3316
2001-06-07,0.3326
2001-06-06,0.3333
2001-06-05,0.3355
2001-06-04,0.3375
2001-06-01,0.3403
2001-05-31,0.3429
2001-05-30,0.3474
2001-05-29,0.3525
2001-05-25,0.3556
2001-05-24,0.3569
2001-05-23,0.3576
2001-05-22,0.3584
2001-05-21,0.3588
2001-05-18,0.3592
2001-05-17,0.3597
2001-05-16,0.3602
2001-05-15,0.3598
2001-05-14,0.3609
2001-05-11,0.3619
2001-05-10,0.3637
2001-05-09,0.3655
2001-05-08,0.3659
2001-05-07,0.3655
2001-05-04,0.3643
2001-05-03,0.3618
2001-05-02,0.3603
2001-05-01,0.356
2001-04-30,0.3523
2001-04-27,0.3489
2001-04-26,0.3441
2001-04-25,0.3411
2001-04-24,0.3378
2001-04-23,0.3352
2001-04-20,0.332
2001-04-19,0.3272
2001-04-18,0.3208
2001-04-17,0.3184
2001-04-16,0.3195
2001-04-12,0.3191
2001-04-11,0.3171
2001-04-10,0.3159
2001-04-09,0.3142
2001-04-06,0.3146
2001-04-05,0.3151
2001-04-04,0.3151
2001-04-03,0.3173
2001-04-02,0.3186
2001-03-30,0.3179
2001-03-29,0.3163
2001-03-28,0.3138
2001-03-27,0.3117
2001-03-26,0.3082
2001-03-23,0.3061
2001-03-22,0.3018
2001-03-21,0.2992
2001-03-20,0.2988
2001-03-19,0.299
2001-03-16,0.2978
2001-03-15,0.2981
2001-03-14,0.2982
2001-03-13,0.2971
2001-03-12,0.2974
2001-03-09,0.2991
2001-03-08,0.2984
2001-03-07,0.2968
2001-03-06,0.2943
2001-03-05,0.2912
2001-03-02,0.2895
2001-03-01,0.2894
2001-02-28,0.2902
2001-02-27,0.2917
2001-02-26,0.2917
2001-02-23,0.2914
2001-02-22,0.2923
2001-02-21,0.2932
2001-02-20,0.2941
2001-02-16,0.296
2001-02-15,0.297
2001-02-14,0.2964
2001-02-13,0.2967
2001-02-12,0.2975
2001-02-09,0.2976
2001-02-08,0.2986
2001-02-07,0.2971
2001-02-06,0.2954
2001-02-05,0.293
2001-02-02,0.2918
2001-02-01,0.2898
2001-01-31,0.2867
2001-01-30,0.2826
2001-01-29,0.2778
2001-01-26,0.2727
2001-01-25,0.2703
2001-01-24,0.2671
2001-01-23,0.2627
2001-01-22,0.2578
2001-01-19,0.2544
2001-01-18,0.2502
2001-01-17,0.2469
2001-01-16,0.2462
2001-01-12,0.245
2001-01-11,0.2435
2001-01-10,0.2405
2001-01-09,0.2395
2001-01-08,0.2375
2001-01-05,0.2362
2001-01-04,0.2351
2001-01-03,0.2327
2001-01-02,0.2313
2000-12-29,0.232
2000-12-28,0.2328
2000-12-27,0.2338
2000-12-26,0.2349
2000-12-22,0.2363
2000-12-21,0.2373
2000-12-20,0.24
2000-12-19,0.2425
2000-12-18,0.2458
2000-12-15,0.249
2000-12-14,0.2529
2000-12-13,0.2566
2000-12-12,0.2598
2000-12-11,0.2627
2000-12-08,0.2663
2000-12-07,0.2704
2000-12-06,0.2762
2000-12-05,0.2825
2000-12-04,0.2853
2000-12-01,0.2888
2000-11-30,0.2922
2000-11-29,0.2967
2000-11-28,0.3001
2000-11-27,0.3031
2000-11-24,0.3053
2000-11-22,0.3068
2000-11-21,0.3097
2000-11-20,0.3125
2000-11-17,0.3153
2000-11-16,0.3191
2000-11-15,0.3225
2000-11-14,0.325
2000-11-13,0.327
2000-11-10,0.3307
2000-11-09,0.3353
2000-11-08,0.3385
2000-11-07,0.3423
2000-11-06,0.3445
2000-11-03,0.3467
2000-11-02,0.3479
2000-11-01,0.3491
2000-10-31,0.3533
2000-10-30,0.3595
2000-10-27,0.3667
2000-10-26,0.3758
2000-10-25,0.386
2000-10-24,0.3973
2000-10-23,0.4092
2000-10-20,0.4199
2000-10-19,0.4332
2000-10-18,0.4487
2000-10-17,0.464
2000-10-16,0.4809
2000-10-13,0.4974
2000-10-12,0.5147
2000-10-11,0.5372
2000-10-10,0.5626
2000-10-09,0.5887
2000-10-06,0.6161
2000-10-05,0.6458
2000-10-04,0.6787
2000-10-03,0.7127
2000-10-02,0.7523
2000-09-29,0.793
2000-09-28,0.8356
2000-09-27,0.8386
2000-09-26,0.8492
2000-09-25,0.8569
2000-09-22,0.8622
2000-09-21,0.8702
2000-09-20,0.8718
2000-09-19,0.8666
2000-09-18,0.8627
2000-09-15,0.8573
2000-09-14,0.8598
2000-09-13,0.8601
2000-09-12,0.8586
2000-09-11,0.8573
2000-09-08,0.8548
2000-09-07,0.8513
2000-09-06,0.8425
2000-09-05,0.8384
2000-09-01,0.8276
2000-08-31,0.814
2000-08-30,0.8029
2000-08-29,0.793
2000-08-28,0.7826
2000-08-25,0.7728
2000-08-24,0.7639
2000-08-23,0.7553
2000-08-22,0.7486
2000-08-21,0.7454
2000-08-18,0.7437
2000-08-17,0.7426
2000-08-16,0.7391
2000-08-15,0.7399
2000-08-14,0.7437
2000-08-11,0.7473
2000-08-10,0.7503
2000-08-09,0.7538
2000-08-08,0.7577
2000-08-07,0.7633
2000-08-04,0.7675
2000-08-03,0.7731
2000-08-02,0.7783
2000-08-01,0.7852
2000-07-31,0.7896
2000-07-28,0.7921
2000-07-27,0.7988
2000-07-26,0.8004
2000-07-25,0.8052
2000-07-24,0.8105
2000-07-21,0.8185
2000-07-20,0.8196
2000-07-19,0.8184
2000-07-18,0.8209
2000-07-17,0.8165
2000-07-14,0.8099
2000-07-13,0.8036
2000-07-12,0.7985
2000-07-11,0.7891
2000-07-10,0.7817
2000-07-07,0.7733
2000-07-06,0.7683
2000-07-05,0.767
2000-07-03,0.7658
2000-06-30,0.7618
2000-06-29,0.7588
2000-06-28,0.7573
2000-06-27,0.7507
2000-06-26,0.7475
2000-06-23,0.7403
2000-06-22,0.7362
2000-06-21,0.7284
2000-06-20,0.7167
2000-06-19,0.7118
2000-06-16,0.7101
2000-06-15,0.7125
2000-06-14,0.7142
2000-06-13,0.7176
2000-06-12,0.7181
2000-06-09,0.7213
2000-06-08,0.7213
2000-06-07,0.7219
2000-06-06,0.7213
2000-06-05,0.7235
2000-06-02,0.7272
2000-06-01,0.7303
2000-05-31,0.7365
2000-05-30,0.7473
2000-05-26,0.7565
2000-05-25,0.7676
2000-05-24,0.7791
2000-05-23,0.7915
2000-05-22,0.8068
2000-05-19,0.8203
2000-05-18,0.8321
2000-05-17,0.8397
2000-05-16,0.8476
2000-05-15,0.853
2000-05-12,0.8626
2000-05-11,0.868
2000-05-10,0.8778
2000-05-09,0.8914
2000-05-08,0.9015
2000-05-05,0.909
2000-05-04,0.915
2000-05-03,0.9234
2000-05-02,0.9293
2000-05-01,0.9336
2000-04-28,0.9332
2000-04-27,0.933
2000-04-26,0.9306
2000-04-25,0.9323
2000-04-24,0.9286
2000-04-20,0.9307
2000-04-19,0.9344
2000-04-18,0.9366
2000-04-17,0.9345
2000-04-14,0.9346
2000-04-13,0.9441
2000-04-12,0.9532
2000-04-11,0.9668
2000-04-10,0.9738
2000-04-07,0.9771
2000-04-06,0.9754
2000-04-05,0.9788
2000-04-04,0.9783
2000-04-03,0.9803
2000-03-31,0.9777
2000-03-30,0.9728
2000-03-29,0.9754
2000-03-28,0.9702
2000-03-27,0.9619
2000-03-24,0.9524
2000-03-23,0.9426
2000-03-22,0.9297
2000-03-21,0.9131
2000-03-20,0.9021
2000-03-17,0.8995
2000-03-16,0.8949
2000-03-15,0.8927
2000-03-14,0.8944
2000-03-13,0.8979
2000-03-10,0.8961
2000-03-09,0.8906
2000-03-08,0.8874
2000-03-07,0.8839
2000-03-06,0.8795
2000-03-03,0.8723
2000-03-02,0.8626
2000-03-01,0.8565
2000-02-29,0.8433
2000-02-28,0.8411
2000-02-25,0.8397
2000-02-24,0.8405
2000-02-23,0.8376
2000-02-22,0.8335
2000-02-18,0.8309
2000-02-17,0.8301
2000-02-16,0.8263
2000-02-15,0.8227
2000-02-14,0.8149
2000-02-11,0.8087
2000-02-10,0.8076
2000-02-09,0.8025
2000-02-08,0.7976
2000-02-07,0.7904
2000-02-04,0.7831
2000-02-03,0.7798
2000-02-02,0.7799
2000-02-01,0.7836
2000-01-31,0.7865
2000-01-28,0.787
2000-01-27,0.7892
2000-01-26,0.7849
2000-01-25,0.7801
2000-01-24,0.7731
2000-01-21,0.7702
2000-01-20,0.7629
2000-01-19,0.7532
2000-01-18,0.7479
2000-01-14,0.7441
2000-01-13,0.7427
2000-01-12,0.7441
2000-01-11,0.7533
2000-01-10,0.759
2000-01-07,0.7613
2000-01-06,0.7624
2000-01-05,0.7673
2000-01-04,0.7655
2000-01-03,0.7648
1999-12-31,0.7565
1999-12-30,0.7545
1999-12-29,0.7543
1999-12-28,0.7538
1999-12-27,0.7552
1999-12-23,0.7559
1999-12-22,0.7533
1999-12-21,0.7533
1999-12-20,0.7513
1999-12-17,0.7526
1999-12-16,0.7524
1999-12-15,0.7536
1999-12-14,0.756
1999-12-13,0.7603
1999-12-10,0.7617
1999-12-09,0.7601
1999-12-08,0.7566
1999-12-07,0.7489
1999-12-06,0.7343
1999-12-03,0.7195
1999-12-02,0.704
1999-12-01,0.6906
1999-11-30,0.6816
1999-11-29,0.6756
