date,SMA
2024-10-04,186.841
2024-10-03,186.085
2024-10-02,185.8815
2024-10-01,185.31
2024-09-30,184.866
2024-09-27,184.4745
2024-09-26,183.682
2024-09-25,182.664
2024-09-24,181.6935
2024-09-23,180.7705
2024-09-20,179.9285
2024-09-19,179.155
2024-09-18,178.667
2024-09-17,178.2895
2024-09-16,177.8565
2024-09-13,177.465
2024-09-12,177.02
2024-09-11,176.175
2024-09-10,175.4605
2024-09-09,174.823
2024-09-06,174.4
2024-09-05,174.1205
2024-09-04,173.3645
2024-09-03,172.7945
2024-08-30,172.033
2024-08-29,171.503
2024-08-28,172.1005
2024-08-27,172.9095
2024-08-26,173.339
2024-08-23,173.724
2024-08-22,173.997
2024-08-21,174.183
2024-08-20,174.219
2024-08-19,174.5955
2024-08-16,174.812
2024-08-15,175.1155
2024-08-14,175.4235
2024-08-13,176.315
2024-08-12,177.4545
2024-08-09,178.7505
2024-08-08,180.128
2024-08-07,181.5905
2024-08-06,183.4415
2024-08-05,185.312
2024-08-02,187.2255
2024-08-01,188.8305
2024-07-31,189.5065
2024-07-30,190.1575
2024-07-29,190.932
2024-07-26,191.4345
2024-07-25,192.202
2024-07-24,192.89
2024-07-23,193.1655
2024-07-22,193.1235
2024-07-19,193.45
2024-07-18,193.5985
2024-07-17,193.5515
2024-07-16,193.358
2024-07-15,192.89
2024-07-12,192.4455
2024-07-11,192.0655
2024-07-10,191.6745
2024-07-09,191.038
2024-07-08,190.286
2024-07-05,189.5715
2024-07-03,188.6355
2024-07-02,187.723
2024-07-01,186.64
2024-06-28,185.602
2024-06-27,184.9055
2024-06-26,184.114
2024-06-25,183.541
2024-06-24,183.2615
2024-06-21,183.0355
2024-06-20,182.738
2024-06-18,182.5905
2024-06-17,182.627
2024-06-14,182.659
2024-06-13,182.6575
2024-06-12,182.7655
2024-06-11,182.7745
2024-06-10,182.7415
2024-06-07,182.7625
2024-06-06,183.0225
2024-06-05,183.1725
2024-06-04,183.5465
2024-06-03,184.0145
2024-05-31,184.408
2024-05-30,184.822
2024-05-29,184.806
2024-05-28,184.455
2024-05-24,184.3955
2024-05-23,184.339
2024-05-22,183.97
2024-05-21,183.643
2024-05-20,183.4625
2024-05-17,183.147
2024-05-16,182.6435
2024-05-15,182.423
2024-05-14,182.1875
2024-05-13,182.0
2024-05-10,181.8525
2024-05-09,181.785
2024-05-08,181.7625
2024-05-07,181.66
2024-05-06,181.5055
2024-05-03,181.33
2024-05-02,181.273
2024-05-01,181.037
2024-04-30,181.2075
2024-04-29,181.492
2024-04-26,181.4925
2024-04-25,181.5305
2024-04-24,181.8385
2024-04-23,181.924
2024-04-22,181.9325
2024-04-19,182.0145
2024-04-18,182.1905
2024-04-17,182.137
2024-04-16,181.868
2024-04-15,181.426
2024-04-12,180.966
2024-04-11,180.597
2024-04-10,179.9723
2024-04-09,179.4443
2024-04-08,178.7588
2024-04-05,178.2668
2024-04-04,177.8543
2024-04-03,177.5298
2024-04-02,177.1153
2024-04-01,176.9598
2024-03-28,176.8223
2024-03-27,176.6413
2024-03-26,176.3078
2024-03-25,176.0698
2024-03-22,175.8208
2024-03-21,175.6268
2024-03-20,175.4483
2024-03-19,174.9703
2024-03-18,174.5293
2024-03-15,174.2808
2024-03-14,174.0498
2024-03-13,173.6613
2024-03-12,173.2655
2024-03-11,173.113
2024-03-08,173.2375
2024-03-07,172.962
2024-03-06,172.6475
2024-03-05,172.4295
2024-03-04,172.239
2024-03-01,171.9505
2024-02-29,171.0035
2024-02-28,169.9255
2024-02-27,169.2175
2024-02-26,168.6035
2024-02-23,167.823
2024-02-22,166.961
2024-02-21,166.0755
2024-02-20,165.447
2024-02-16,164.832
2024-02-15,164.1235
2024-02-14,163.3085
2024-02-13,162.345
2024-02-12,161.571
2024-02-09,160.685
2024-02-08,159.7215
2024-02-07,158.916
2024-02-06,157.958
2024-02-05,156.9555
2024-02-02,155.702
2024-02-01,154.34
2024-01-31,153.7995
2024-01-30,153.536
2024-01-29,153.183
2024-01-26,152.789
2024-01-25,152.5
2024-01-24,152.283
2024-01-23,152.1105
2024-01-22,152.0015
2024-01-19,151.8685
2024-01-18,151.791
2024-01-17,151.8195
2024-01-16,151.7325
2024-01-12,151.4455
2024-01-11,151.1565
2024-01-10,150.7715
2024-01-09,150.3795
2024-01-08,150.182
2024-01-05,150.071
2024-01-04,150.035
2024-01-03,150.1505
2024-01-02,149.969
2023-12-29,149.824
2023-12-28,149.5315
2023-12-27,149.1785
2023-12-26,148.863
2023-12-22,148.579
2023-12-21,148.245
2023-12-20,147.8885
2023-12-19,147.4775
2023-12-18,147.0945
2023-12-15,146.65
2023-12-14,146.293
2023-12-13,146.082
2023-12-12,145.93
2023-12-11,145.6855
2023-12-08,145.569
2023-12-07,145.228
2023-12-06,144.988
2023-12-05,144.8975
2023-12-04,144.5405
2023-12-01,144.2285
2023-11-30,143.7805
2023-11-29,143.326
2023-11-28,142.6645
2023-11-27,141.9485
2023-11-24,140.949
2023-11-22,139.5905
2023-11-21,138.3245
2023-11-20,137.5575
2023-11-17,136.579
2023-11-16,135.5785
2023-11-15,134.857
2023-11-14,134.1035
2023-11-13,133.387
2023-11-10,132.885
2023-11-09,132.1965
2023-11-08,131.783
2023-11-07,131.2705
2023-11-06,130.609
2023-11-03,130.035
2023-11-02,129.503
2023-11-01,128.8975
2023-10-31,128.3975
2023-10-30,127.979
2023-10-27,127.8165
2023-10-26,127.7855
2023-10-25,128.106
2023-10-24,128.3355
2023-10-23,128.2065
2023-10-20,128.442
2023-10-19,128.6395
2023-10-18,128.686
2023-10-17,129.044
2023-10-16,129.352
2023-10-13,129.7235
2023-10-12,130.2535
2023-10-11,130.873
2023-10-10,131.524
2023-10-09,132.1115
2023-10-06,132.8535
2023-10-05,133.367
2023-10-04,133.9615
2023-10-03,134.3795
2023-10-02,135.007
2023-09-29,135.44
2023-09-28,135.9845
2023-09-27,136.439
2023-09-26,136.8855
2023-09-25,137.2435
2023-09-22,137.343
2023-09-21,137.479
2023-09-20,137.7885
2023-09-19,137.7365
2023-09-18,137.589
2023-09-15,137.251
2023-09-14,136.9305
2023-09-13,136.448
2023-09-12,136.089
2023-09-11,136.056
2023-09-08,135.8215
2023-09-07,135.838
2023-09-06,135.838
2023-09-05,136.067
2023-09-01,136.3145
2023-08-31,136.387
2023-08-30,135.932
2023-08-29,135.589
2023-08-28,135.428
2023-08-25,135.455
2023-08-24,135.4025
2023-08-23,135.223
2023-08-22,134.8545
2023-08-21,134.5985
2023-08-18,134.3045
2023-08-17,134.1435
2023-08-16,133.9425
2023-08-15,133.957
2023-08-14,133.715
2023-08-11,133.3645
2023-08-10,133.178
2023-08-09,132.965
2023-08-08,132.6125
2023-08-07,132.0545
2023-08-04,131.3
2023-08-03,130.8105
2023-08-02,130.783
2023-08-01,130.8915
2023-07-31,130.818
2023-07-28,130.652
2023-07-27,130.4365
2023-07-26,130.476
2023-07-25,130.5275
2023-07-24,130.4375
2023-07-21,130.464
2023-07-20,130.4715
2023-07-19,130.215
2023-07-18,129.736
2023-07-17,129.369
2023-07-14,129.0465
2023-07-13,128.6335
2023-07-12,128.2515
2023-07-11,128.04
2023-07-10,127.7725
2023-07-07,127.6285
2023-07-06,127.201
2023-07-05,127.1135
2023-07-03,126.8595
2023-06-30,126.561
2023-06-29,126.1815
2023-06-28,125.8155
2023-06-27,125.4465
2023-06-26,124.993
2023-06-23,124.3765
2023-06-22,123.7475
2023-06-21,122.9895
2023-06-20,122.4985
2023-06-16,122.022
2023-06-15,121.655
2023-06-14,121.0745
2023-06-13,120.4235
2023-06-12,119.6505
2023-06-09,118.835
2023-06-08,118.2725
2023-06-07,117.5695
2023-06-06,116.839
2023-06-05,115.8
2023-06-02,114.8177
2023-06-01,113.8052
2023-05-31,112.8492
2023-05-30,112.0017
2023-05-26,111.0212
2023-05-25,110.2882
2023-05-24,110.0292
2023-05-23,109.4408
2023-05-22,108.8198
2023-05-19,108.3798
2023-05-18,107.9153
2023-05-17,107.1982
2023-05-16,106.6382
2023-05-15,106.0832
2023-05-12,105.6602
2023-05-11,105.2728
2023-05-10,104.7838
2023-05-09,104.1658
2023-05-08,103.8308
2023-05-05,103.6478
2023-05-04,103.468
2023-05-03,103.323
2023-05-02,103.338
2023-05-01,103.277
2023-04-28,103.339
2023-04-27,103.1665
2023-04-26,102.688
2023-04-25,102.301
2023-04-24,102.0745
2023-04-21,101.6705
2023-04-20,101.258
2023-04-19,101.0025
2023-04-18,100.818
2023-04-17,100.5885
2023-04-14,100.399
2023-04-13,100.2755
2023-04-12,99.9655
2023-04-11,99.818
2023-04-10,99.4435
2023-04-06,98.8715
2023-04-05,98.381
2023-04-04,98.022
2023-04-03,97.502
2023-03-31,97.069
2023-03-30,96.6495
2023-03-29,96.156
2023-03-28,95.752
2023-03-27,95.6015
2023-03-24,95.3875
2023-03-23,95.156
2023-03-22,95.0115
2023-03-21,94.866
2023-03-20,94.5645
2023-03-17,94.539
2023-03-16,94.499
2023-03-15,94.555
2023-03-14,94.73
2023-03-13,94.963
2023-03-10,95.222
2023-03-09,95.5975
2023-03-08,95.9875
2023-03-07,96.397
2023-03-06,96.8285
2023-03-03,97.3105
2023-03-02,98.211
2023-03-01,98.862
2023-02-28,99.41
2023-02-27,99.726
2023-02-24,100.15
2023-02-23,100.436
2023-02-22,100.504
2023-02-21,100.5305
2023-02-17,100.6775
2023-02-16,100.68
2023-02-15,100.4565
2023-02-14,100.1715
2023-02-13,99.989
2023-02-10,99.918
2023-02-09,99.801
2023-02-08,99.6435
2023-02-07,99.1345
2023-02-06,98.397
2023-02-03,97.592
2023-02-02,96.5785
2023-02-01,95.19
2023-01-31,94.2235
2023-01-30,93.267
2023-01-27,92.4485
2023-01-26,91.4275
2023-01-25,90.6185
2023-01-24,90.022
2023-01-23,89.3955
2023-01-20,88.858
2023-01-19,88.255
2023-01-18,87.817
2023-01-17,87.437
2023-01-13,87.057
2023-01-12,86.73
2023-01-11,86.591
2023-01-10,86.364
2023-01-09,86.325
2023-01-06,86.4745
2023-01-05,86.5935
2023-01-04,86.85
2023-01-03,87.1435
2022-12-30,87.559
2022-12-29,88.134
2022-12-28,88.752
2022-12-27,89.282
2022-12-23,89.8275
2022-12-22,90.2355
2022-12-21,90.7525
2022-12-20,91.074
2022-12-19,91.4375
2022-12-16,91.8985
2022-12-15,92.248
2022-12-14,92.6815
2022-12-13,93.0495
2022-12-12,93.3495
2022-12-09,93.8615
2022-12-08,94.2385
2022-12-07,94.028
2022-12-06,94.104
2022-12-05,94.218
2022-12-02,94.2165
2022-12-01,93.975
2022-11-30,93.806
2022-11-29,93.8185
2022-11-28,94.3195
2022-11-25,94.7925
2022-11-23,95.67
2022-11-22,96.7465
2022-11-21,98.1165
2022-11-18,99.4845
2022-11-17,100.7435
2022-11-16,101.7635
2022-11-15,102.661
2022-11-14,103.532
2022-11-11,104.297
2022-11-10,104.6025
2022-11-09,105.3975
2022-11-08,106.7355
2022-11-07,107.847
2022-11-04,109.004
2022-11-03,110.183
2022-11-02,111.733
2022-11-01,113.1745
2022-10-31,114.3895
2022-10-28,115.0615
2022-10-27,115.541
2022-10-26,115.733
2022-10-25,115.8505
2022-10-24,115.541
2022-10-21,115.3075
2022-10-20,115.0305
2022-10-19,115.1335
2022-10-18,115.307
2022-10-17,115.5985
2022-10-14,116.142
2022-10-13,116.9735
2022-10-12,117.661
2022-10-11,118.4435
2022-10-10,119.174
2022-10-07,120.313
2022-10-06,121.2485
2022-10-05,121.7245
2022-10-04,122.151
2022-10-03,122.402
2022-09-30,122.9835
2022-09-29,123.7245
2022-09-28,124.323
2022-09-27,124.859
2022-09-26,125.628
2022-09-23,126.408
2022-09-22,127.583
2022-09-21,128.4075
2022-09-20,129.1615
2022-09-19,129.713
2022-09-16,130.3915
2022-09-15,131.33
2022-09-14,132.121
2022-09-13,132.9325
2022-09-12,133.7505
2022-09-09,134.1055
2022-09-08,134.474
2022-09-07,135.1175
2022-09-06,135.535
2022-09-02,136.2
2022-09-01,136.8645
2022-08-31,137.602
2022-08-30,138.2395
2022-08-29,138.511
2022-08-26,138.791
2022-08-25,139.001
2022-08-24,138.251
2022-08-23,137.6095
2022-08-22,136.669
2022-08-19,136.065
2022-08-18,135.2745
2022-08-17,134.391
2022-08-16,133.4245
2022-08-15,132.096
2022-08-12,130.625
2022-08-11,129.125
2022-08-10,127.6245
2022-08-09,126.01
2022-08-08,124.5795
2022-08-05,123.1965
2022-08-04,121.9335
2022-08-03,120.6215
2022-08-02,119.362
2022-08-01,118.329
2022-07-29,117.0375
2022-07-28,115.6005
2022-07-27,114.9325
2022-07-26,114.254
2022-07-25,114.1745
2022-07-22,113.9405
2022-07-21,113.4415
2022-07-20,112.6575
2022-07-19,111.953
2022-07-18,111.3535
2022-07-15,110.8485
2022-07-14,110.5545
2022-07-13,110.1385
2022-07-12,109.802
2022-07-11,109.8235
2022-07-08,110.0435
2022-07-07,110.3255
2022-07-06,110.659
2022-07-05,111.182
2022-07-01,111.6245
2022-06-30,112.422
2022-06-29,113.1958
2022-06-28,113.7602
2022-06-27,114.1475
2022-06-24,114.0404
2022-06-23,113.5562
2022-06-22,113.1392
2022-06-21,113.0695
2022-06-17,113.0151
2022-06-16,113.07
2022-06-15,113.2426
2022-06-14,113.6276
2022-06-13,114.0526
2022-06-10,114.5218
2022-06-09,114.3859
2022-06-08,113.847
2022-06-07,113.2309
2022-06-06,112.5204
2022-06-03,112.0195
2022-06-02,111.7224
2022-06-01,111.7432
2022-05-31,111.8717
2022-05-27,112.0862
2022-05-26,112.543
2022-05-25,114.2189
2022-05-24,115.7885
2022-05-23,117.5531
2022-05-20,119.4789
2022-05-19,121.3169
2022-05-18,123.3657
2022-05-17,125.71
2022-05-16,127.8474
2022-05-13,129.9461
2022-05-12,131.8787
2022-05-11,134.3092
2022-05-10,136.58
2022-05-09,138.6931
2022-05-06,140.9767
2022-05-05,143.1273
2022-05-04,145.2447
2022-05-03,147.151
2022-05-02,149.3557
2022-04-29,151.3087
2022-04-28,153.2445
2022-04-27,154.3297
2022-04-26,155.8871
2022-04-25,157.3671
2022-04-22,158.3021
2022-04-21,159.267
2022-04-20,160.0226
2022-04-19,160.5672
2022-04-18,160.736
2022-04-14,161.1593
2022-04-13,161.4359
2022-04-12,161.314
2022-04-11,161.143
2022-04-08,160.6796
2022-04-07,160.2328
2022-04-06,159.6844
2022-04-05,158.7106
2022-04-04,157.3085
2022-04-01,155.7639
2022-03-31,154.8679
2022-03-30,154.113
2022-03-29,153.4005
2022-03-28,152.4919
2022-03-25,151.7205
2022-03-24,151.1713
2022-03-23,150.5567
2022-03-22,149.6276
2022-03-21,148.8931
2022-03-18,148.4486
2022-03-17,148.1187
2022-03-16,148.1617
2022-03-15,148.3321
2022-03-14,148.7221
2022-03-11,149.2941
2022-03-10,149.9681
2022-03-09,150.6867
2022-03-08,151.7934
2022-03-07,152.8894
2022-03-04,153.8988
2022-03-03,153.559
2022-03-02,153.6947
2022-03-01,153.6517
2022-02-28,153.5733
2022-02-25,153.0941
2022-02-24,152.3865
2022-02-23,151.7622
2022-02-22,151.5202
2022-02-18,151.2375
2022-02-17,150.7396
2022-02-16,150.5903
2022-02-15,150.5002
2022-02-14,150.6206
2022-02-11,150.9691
2022-02-10,151.3652
2022-02-09,151.6754
2022-02-08,151.884
2022-02-07,151.8876
2022-02-04,152.1185
2022-02-03,152.3992
2022-02-02,153.6748
2022-02-01,154.5203
2022-01-31,155.4808
2022-01-28,156.338
2022-01-27,157.5714
2022-01-26,159.0495
2022-01-25,160.639
2022-01-24,162.1231
2022-01-21,163.4494
2022-01-20,164.869
2022-01-19,165.8065
2022-01-18,166.3455
2022-01-14,166.9005
2022-01-13,167.2372
2022-01-12,167.8422
2022-01-11,168.0364
2022-01-10,168.2467
2022-01-07,168.783
2022-01-06,169.3639
2022-01-05,170.0091
2022-01-04,170.5994
2022-01-03,170.7918
2021-12-31,170.746
2021-12-30,171.0036
2021-12-29,171.1807
2021-12-28,171.4883
2021-12-27,171.8592
2021-12-23,172.1371
2021-12-22,172.5347
2021-12-21,172.9329
2021-12-20,173.3435
2021-12-17,174.181
2021-12-16,174.9203
2021-12-15,175.3492
2021-12-14,175.5352
2021-12-13,175.9448
2021-12-10,176.2793
2021-12-09,176.35
2021-12-08,176.3466
2021-12-07,176.4792
2021-12-06,176.3935
2021-12-03,176.6225
2021-12-02,176.8405
2021-12-01,176.7071
2021-11-30,176.3797
2021-11-29,175.9073
2021-11-26,175.4344
2021-11-24,175.2895
2021-11-23,174.8197
2021-11-22,174.3097
2021-11-19,173.6792
2021-11-18,172.8267
2021-11-17,172.1741
2021-11-16,171.8392
2021-11-15,171.5979
2021-11-12,171.3505
2021-11-11,171.0602
2021-11-10,170.6286
2021-11-09,170.1342
2021-11-08,169.3119
2021-11-05,168.7052
2021-11-04,168.1293
2021-11-03,167.6929
2021-11-02,167.3879
2021-11-01,167.1585
2021-10-29,166.8377
2021-10-28,166.6148
2021-10-27,166.2109
2021-10-26,165.9825
2021-10-25,165.8322
2021-10-22,166.0458
2021-10-21,166.2707
2021-10-20,166.2232
2021-10-19,166.1357
2021-10-18,165.8844
2021-10-15,165.6569
2021-10-14,165.7906
2021-10-13,166.2616
2021-10-12,166.7403
2021-10-11,167.247
2021-10-08,167.7742
2021-10-07,168.2255
2021-10-06,168.6798
2021-10-05,169.3386
2021-10-04,170.0593
2021-10-01,170.78
2021-09-30,171.2296
2021-09-29,171.7145
2021-09-28,172.1387
2021-09-27,172.4027
2021-09-24,172.2623
2021-09-23,171.9885
2021-09-22,171.6964
2021-09-21,171.5108
2021-09-20,171.3164
2021-09-17,170.9269
2021-09-16,170.24
2021-09-15,169.5224
2021-09-14,168.9379
2021-09-13,168.5603
2021-09-10,168.1523
2021-09-09,167.7382
2021-09-08,167.2581
2021-09-07,166.746
2021-09-03,166.3275
2021-09-02,165.9947
2021-09-01,165.7769
2021-08-31,165.4662
2021-08-30,165.2048
2021-08-27,164.9796
2021-08-26,164.9245
2021-08-25,165.6343
2021-08-24,166.4621
2021-08-23,167.2637
2021-08-20,168.3485
2021-08-19,169.4903
2021-08-18,170.616
2021-08-17,171.5759
2021-08-16,172.404
2021-08-13,173.0305
2021-08-12,173.7296
2021-08-11,174.5489
2021-08-10,175.5228
2021-08-09,176.4145
2021-08-06,177.3562
2021-08-05,178.2922
2021-08-04,179.1808
2021-08-03,180.0354
2021-08-02,180.8092
2021-07-30,181.2579
2021-07-29,181.5214
2021-07-28,181.122
2021-07-27,180.6665
2021-07-26,180.2103
2021-07-23,179.4644
2021-07-22,178.9455
2021-07-21,178.6099
2021-07-20,178.4105
2021-07-19,178.1125
2021-07-16,177.9557
2021-07-15,177.7448
2021-07-14,177.2049
2021-07-13,176.4585
2021-07-12,175.7248
2021-07-09,174.7955
2021-07-08,173.8712
2021-07-07,172.7456
2021-07-06,171.6644
2021-07-02,170.4701
2021-07-01,169.7082
2021-06-30,169.0933
2021-06-29,168.5779
2021-06-28,168.0042
2021-06-25,167.4521
2021-06-24,167.0237
2021-06-23,166.5639
2021-06-22,165.952
2021-06-21,165.3009
2021-06-18,164.6737
2021-06-17,164.0756
2021-06-16,163.432
2021-06-15,162.9746
2021-06-14,162.6928
2021-06-11,162.2903
2021-06-10,161.8269
2021-06-09,161.3327
2021-06-08,161.1896
2021-06-07,161.0055
2021-06-04,161.2395
2021-06-03,161.4899
2021-06-02,161.6987
2021-06-01,161.8934
2021-05-28,162.313
2021-05-27,162.9239
2021-05-26,163.5269
2021-05-25,164.0102
2021-05-24,164.4062
2021-05-21,164.8162
2021-05-20,165.1607
2021-05-19,165.3141
2021-05-18,165.6397
2021-05-17,165.8957
2021-05-14,166.1497
2021-05-13,166.5911
2021-05-12,167.1351
2021-05-11,167.5878
2021-05-10,168.028
2021-05-07,168.5003
2021-05-06,168.7017
2021-05-05,168.6841
2021-05-04,168.7062
2021-05-03,168.4861
2021-04-30,168.0867
2021-04-29,167.3206
2021-04-28,166.3775
2021-04-27,165.3695
2021-04-26,164.5153
2021-04-23,163.6228
2021-04-22,162.8863
2021-04-21,162.3314
2021-04-20,161.7701
2021-04-19,161.2105
2021-04-16,160.4679
2021-04-15,159.5393
2021-04-14,158.9309
2021-04-13,158.328
2021-04-12,157.5322
2021-04-09,156.8075
2021-04-08,156.1609
2021-04-07,155.5568
2021-04-06,155.0154
2021-04-05,154.3358
2021-04-01,153.7701
2021-03-31,153.3115
2021-03-30,153.0888
2021-03-29,153.1869
2021-03-26,153.3629
2021-03-25,153.4652
2021-03-24,153.4924
2021-03-23,153.6736
2021-03-22,153.8161
2021-03-19,153.9908
2021-03-18,154.4281
2021-03-17,155.1787
2021-03-16,155.611
2021-03-15,156.0537
2021-03-12,156.5438
2021-03-11,156.9754
2021-03-10,157.4078
2021-03-09,158.0262
2021-03-08,158.6765
2021-03-05,159.677
2021-03-04,160.5033
2021-03-03,161.3407
2021-03-02,162.2782
2021-03-01,162.8991
2021-02-26,163.0492
2021-02-25,163.411
2021-02-24,163.8495
2021-02-23,164.266
2021-02-22,164.5148
2021-02-19,164.7935
2021-02-18,164.9362
2021-02-17,164.7741
2021-02-16,164.3044
2021-02-12,163.8926
2021-02-11,163.5171
2021-02-10,163.2764
2021-02-09,162.8621
2021-02-08,162.3851
2021-02-05,162.0345
2021-02-04,161.5595
2021-02-03,161.078
2021-02-02,160.8429
2021-02-01,160.3595
2021-01-29,160.1446
2021-01-28,160.3438
2021-01-27,160.5547
2021-01-26,160.6832
2021-01-25,160.2996
2021-01-22,160.0277
2021-01-21,159.8135
2021-01-20,159.5614
2021-01-19,159.4071
2021-01-15,159.6954
2021-01-14,160.0372
2021-01-13,160.1313
2021-01-12,160.109
2021-01-11,160.098
2021-01-08,160.0662
2021-01-07,159.8699
2021-01-06,159.9078
2021-01-05,159.9568
2021-01-04,159.817
2020-12-31,159.8172
2020-12-30,159.6837
2020-12-29,159.5193
2020-12-28,159.1344
2020-12-24,158.9129
2020-12-23,158.9438
2020-12-22,158.7758
2020-12-21,158.5055
2020-12-18,158.2385
2020-12-17,158.0269
2020-12-16,157.7004
2020-12-15,157.4371
2020-12-14,157.352
2020-12-11,157.2816
2020-12-10,157.2662
2020-12-09,157.356
2020-12-08,157.183
2020-12-07,157.0992
2020-12-04,157.4826
2020-12-03,157.8811
2020-12-02,158.0172
2020-12-01,157.6294
2020-11-30,157.0904
2020-11-27,156.7607
2020-11-25,156.7999
2020-11-24,156.7441
2020-11-23,157.1648
2020-11-20,157.4364
2020-11-19,157.6989
2020-11-18,157.8474
2020-11-17,158.0461
2020-11-16,158.2495
2020-11-13,158.4398
2020-11-12,158.7996
2020-11-11,159.3705
2020-11-10,159.9363
2020-11-09,160.9578
2020-11-06,161.7058
2020-11-05,161.644
2020-11-04,161.3154
2020-11-03,161.2017
2020-11-02,161.3306
2020-10-30,161.8174
2020-10-29,162.0395
2020-10-28,162.0651
2020-10-27,162.03
2020-10-26,161.6764
2020-10-23,161.5939
2020-10-22,161.3207
2020-10-21,160.9292
2020-10-20,160.4665
2020-10-19,160.2465
2020-10-16,159.6296
2020-10-15,158.8351
2020-10-14,158.0103
2020-10-13,157.2963
2020-10-12,156.5775
2020-10-09,155.7276
2020-10-08,155.3016
2020-10-07,155.263
2020-10-06,155.4453
2020-10-05,155.57
2020-10-02,155.8085
2020-10-01,156.416
2020-09-30,157.1915
2020-09-29,158.0675
2020-09-28,158.8327
2020-09-25,159.402
2020-09-24,160.1642
2020-09-23,161.2194
2020-09-22,162.0859
2020-09-21,162.5321
2020-09-18,163.3427
2020-09-17,164.1989
2020-09-16,164.8283
2020-09-15,165.4142
2020-09-14,165.4799
2020-09-11,165.5926
2020-09-10,165.7046
2020-09-09,165.6724
2020-09-08,165.2025
2020-09-04,165.1983
2020-09-03,164.8804
2020-09-02,164.5229
2020-09-01,163.7069
2020-08-31,162.8062
2020-08-28,161.9585
2020-08-27,161.3657
2020-08-26,160.4954
2020-08-25,159.4746
2020-08-24,158.6092
2020-08-21,157.9785
2020-08-20,157.289
2020-08-19,156.512
2020-08-18,156.1106
2020-08-17,155.675
2020-08-14,155.7111
2020-08-13,155.246
2020-08-12,154.8432
2020-08-11,154.4598
2020-08-10,154.4681
2020-08-07,154.3577
2020-08-06,154.439
2020-08-05,154.3331
2020-08-04,154.0233
2020-08-03,153.6765
2020-07-31,153.5394
2020-07-30,152.8535
2020-07-29,152.4205
2020-07-28,151.7337
2020-07-27,150.9339
2020-07-24,150.028
2020-07-23,149.3922
2020-07-22,148.7618
2020-07-21,147.9231
2020-07-20,146.8619
2020-07-17,145.5573
2020-07-16,144.7873
2020-07-15,143.89
2020-07-14,142.906
2020-07-13,141.6277
2020-07-10,140.2303
2020-07-09,138.6252
2020-07-08,137.2872
2020-07-07,136.0866
2020-07-06,134.8965
2020-07-02,133.4614
2020-07-01,132.3871
2020-06-30,131.3864
2020-06-29,130.6704
2020-06-26,130.147
2020-06-25,129.5208
2020-06-24,128.6371
2020-06-23,127.827
2020-06-22,126.9707
2020-06-19,126.2783
2020-06-18,125.7076
2020-06-17,125.3175
2020-06-16,124.8384
2020-06-15,124.3659
2020-06-12,123.9586
2020-06-11,123.5682
2020-06-10,123.0931
2020-06-09,122.3669
2020-06-08,121.8872
2020-06-05,121.5261
2020-06-04,121.2376
2020-06-03,120.9643
2020-06-02,120.5628
2020-06-01,120.1717
2020-05-29,119.7092
2020-05-28,119.7883
2020-05-27,119.7173
2020-05-26,119.4765
2020-05-22,119.3619
2020-05-21,119.2952
2020-05-20,119.177
2020-05-19,118.8409
2020-05-18,118.5379
2020-05-15,118.4562
2020-05-14,118.3693
2020-05-13,118.4176
2020-05-12,118.267
2020-05-11,118.083
2020-05-08,117.4826
2020-05-07,116.6405
2020-05-06,115.829
2020-05-05,114.9798
2020-05-04,114.1793
2020-05-01,113.1558
2020-04-30,112.2378
2020-04-29,110.822
2020-04-28,109.7646
2020-04-27,108.8892
2020-04-24,107.6995
2020-04-23,106.5627
2020-04-22,105.2786
2020-04-21,104.2202
2020-04-20,103.1569
2020-04-17,101.7881
2020-04-16,100.553
2020-04-15,99.1075
2020-04-14,97.8579
2020-04-13,96.3725
2020-04-09,95.4128
2020-04-08,94.4974
2020-04-07,93.9421
2020-04-06,93.6426
2020-04-03,93.1502
2020-04-02,93.1364
2020-04-01,93.1494
2020-03-31,93.3197
2020-03-30,93.2179
2020-03-27,93.1929
2020-03-26,93.152
2020-03-25,92.974
2020-03-24,93.2084
2020-03-23,93.29
2020-03-20,93.5562
2020-03-19,94.1809
2020-03-18,94.8613
2020-03-17,95.7119
2020-03-16,96.5814
2020-03-13,97.6957
2020-03-12,98.6079
2020-03-11,99.8164
2020-03-10,100.6412
2020-03-09,101.2465
2020-03-06,101.9431
2020-03-05,102.316
2020-03-04,102.6056
2020-03-03,102.7902
2020-03-02,103.0282
2020-02-28,103.1651
2020-02-27,103.1325
2020-02-26,103.0667
2020-02-25,102.7509
2020-02-24,102.3898
2020-02-21,102.0207
2020-02-20,101.4922
2020-02-19,100.8281
2020-02-18,100.1326
2020-02-14,99.4052
2020-02-13,98.7629
2020-02-12,98.0433
2020-02-11,97.3169
2020-02-10,96.6681
2020-02-07,96.0412
2020-02-06,95.5957
2020-02-05,95.2
2020-02-04,94.8675
2020-02-03,94.5005
2020-01-31,94.1774
2020-01-30,93.9007
2020-01-29,93.8436
2020-01-28,93.8158
2020-01-27,93.8572
2020-01-24,93.9582
2020-01-23,93.7772
2020-01-22,93.5482
2020-01-21,93.2958
2020-01-17,93.0465
2020-01-16,92.8448
2020-01-15,92.6266
2020-01-14,92.3946
2020-01-13,92.1233
2020-01-10,91.7959
2020-01-09,91.4598
2020-01-08,91.0552
2020-01-07,90.699
2020-01-06,90.3109
2020-01-03,89.9049
2020-01-02,89.6192
2019-12-31,89.2991
2019-12-30,89.1335
2019-12-27,89.0182
2019-12-26,88.89
2019-12-24,88.7104
2019-12-23,88.672
2019-12-20,88.5538
2019-12-19,88.4243
2019-12-18,88.3075
2019-12-17,88.2294
2019-12-16,88.134
2019-12-13,88.0597
2019-12-12,88.0439
2019-12-11,88.0258
2019-12-10,88.099
2019-12-09,88.1801
2019-12-06,88.2711
2019-12-05,88.3626
2019-12-04,88.5008
2019-12-03,88.6033
2019-12-02,88.6901
2019-11-29,88.7147
2019-11-27,88.6543
2019-11-26,88.558
2019-11-25,88.4725
2019-11-22,88.4806
2019-11-21,88.5196
2019-11-20,88.6348
2019-11-19,88.6764
2019-11-18,88.7087
2019-11-15,88.7915
2019-11-14,88.8366
2019-11-13,88.9188
2019-11-12,88.9796
2019-11-11,88.953
2019-11-08,88.865
2019-11-07,88.7301
2019-11-06,88.5602
2019-11-05,88.3758
2019-11-04,88.1353
2019-11-01,87.9553
2019-10-31,87.8258
2019-10-30,87.6952
2019-10-29,87.5283
2019-10-28,87.4607
2019-10-25,87.3577
2019-10-24,87.268
2019-10-23,87.1657
2019-10-22,87.1811
2019-10-21,87.1208
2019-10-18,87.1199
2019-10-17,87.2115
2019-10-16,87.2966
2019-10-15,87.3966
2019-10-14,87.5346
2019-10-11,87.7131
2019-10-10,87.9816
2019-10-09,88.2899
2019-10-08,88.5424
2019-10-07,88.83
2019-10-04,89.0767
2019-10-03,89.3113
2019-10-02,89.6021
2019-10-01,89.8206
2019-09-30,89.956
2019-09-27,90.057
2019-09-26,90.2094
2019-09-25,90.2704
2019-09-24,90.2542
2019-09-23,90.3223
2019-09-20,90.2331
2019-09-19,90.2593
2019-09-18,90.2644
2019-09-17,90.2242
2019-09-16,90.2082
2019-09-13,90.17
2019-09-12,90.0119
2019-09-11,89.8105
2019-09-10,89.8138
2019-09-09,89.7248
2019-09-06,89.6653
2019-09-05,89.6638
2019-09-04,89.5455
2019-09-03,89.5135
2019-08-30,89.4517
2019-08-29,89.5691
2019-08-28,89.7414
2019-08-27,89.9977
2019-08-26,90.3395
2019-08-23,90.6984
2019-08-22,91.182
2019-08-21,91.6049
2019-08-20,92.0481
2019-08-19,92.5309
2019-08-16,92.9546
2019-08-15,93.3845
2019-08-14,93.889
2019-08-13,94.4616
2019-08-12,94.9255
2019-08-09,95.5157
2019-08-08,96.0243
2019-08-07,96.4447
2019-08-06,97.0047
2019-08-05,97.5059
2019-08-02,97.9739
2019-08-01,98.2731
2019-07-31,98.4823
2019-07-30,98.6511
2019-07-29,98.7102
2019-07-26,98.6632
2019-07-25,98.5663
2019-07-24,98.3763
2019-07-23,98.0699
2019-07-22,97.8685
2019-07-19,97.6826
2019-07-18,97.5668
2019-07-17,97.394
2019-07-16,97.1674
2019-07-15,96.8577
2019-07-12,96.4794
2019-07-11,96.1277
2019-07-10,95.7633
2019-07-09,95.379
2019-07-08,95.0599
2019-07-05,94.6891
2019-07-03,94.2178
2019-07-02,93.7165
2019-07-01,93.2046
2019-06-28,92.6309
2019-06-27,92.3345
2019-06-26,92.1146
2019-06-25,91.918
2019-06-24,91.8134
2019-06-21,91.5868
2019-06-20,91.3473
2019-06-19,91.201
2019-06-18,91.0728
2019-06-17,90.9668
2019-06-14,90.9243
2019-06-13,91.019
2019-06-12,91.0211
2019-06-11,90.9831
2019-06-10,90.8806
2019-06-07,90.954
2019-06-06,91.1936
2019-06-05,91.6021
2019-06-04,92.0583
2019-06-03,92.6108
2019-05-31,93.2852
2019-05-30,93.5996
2019-05-29,93.8376
2019-05-28,94.1059
2019-05-24,94.3609
2019-05-23,94.6793
2019-05-22,94.8962
2019-05-21,95.0014
2019-05-20,95.167
2019-05-17,95.2379
2019-05-16,95.2196
2019-05-15,95.1127
2019-05-14,95.0924
2019-05-13,95.1043
2019-05-10,95.1553
2019-05-09,95.0405
2019-05-08,94.9092
2019-05-07,94.7043
2019-05-06,94.5265
2019-05-03,94.2433
2019-05-02,93.8843
2019-05-01,93.684
2019-04-30,93.4402
2019-04-29,93.1593
2019-04-26,92.7651
2019-04-25,92.3221
2019-04-24,91.9807
2019-04-23,91.6858
2019-04-22,91.312
2019-04-18,91.0056
2019-04-17,90.8996
2019-04-16,90.7307
2019-04-15,90.4777
2019-04-12,90.2209
2019-04-11,89.8942
2019-04-10,89.4995
2019-04-09,89.1082
2019-04-08,88.7014
2019-04-05,88.2533
2019-04-04,87.7121
2019-04-03,87.2298
2019-04-02,86.8504
2019-04-01,86.5465
2019-03-29,86.2515
2019-03-28,85.9789
2019-03-27,85.645
2019-03-26,85.3334
2019-03-25,84.965
2019-03-22,84.6119
2019-03-21,84.2789
2019-03-20,83.7793
2019-03-19,83.3414
2019-03-18,83.0057
2019-03-15,82.6702
2019-03-14,82.4459
2019-03-13,82.3304
2019-03-12,82.1984
2019-03-11,81.9931
2019-03-08,81.7871
2019-03-07,81.7711
2019-03-06,81.8068
2019-03-05,81.7815
2019-03-04,81.6337
2019-03-01,81.4588
2019-02-28,81.5763
2019-02-27,81.6528
2019-02-26,81.5348
2019-02-25,81.5386
2019-02-22,81.6325
2019-02-21,81.6909
2019-02-20,81.7423
2019-02-19,81.7675
2019-02-15,81.9391
2019-02-14,82.1522
2019-02-13,82.3051
2019-02-12,82.3915
2019-02-11,82.3395
2019-02-08,82.4634
2019-02-07,82.6334
2019-02-06,82.746
2019-02-05,82.7868
2019-02-04,82.7136
2019-02-01,82.5688
2019-01-31,82.2539
2019-01-30,81.8049
2019-01-29,81.3837
2019-01-28,81.0941
2019-01-25,80.6535
2019-01-24,80.1543
2019-01-23,79.3769
2019-01-22,78.7204
2019-01-18,78.2921
2019-01-17,77.7893
2019-01-16,77.4349
2019-01-15,77.0278
2019-01-14,76.8211
2019-01-11,76.9241
2019-01-10,76.9815
2019-01-09,76.9491
2019-01-08,76.9031
2019-01-07,76.8345
2019-01-04,77.0087
2019-01-03,77.2412
2019-01-02,77.9214
2018-12-31,78.299
2018-12-28,78.728
2018-12-27,79.2273
2018-12-26,79.5268
2018-12-24,79.8028
2018-12-21,80.1981
2018-12-20,80.5463
2018-12-19,80.6328
2018-12-18,80.6759
2018-12-17,80.7807
2018-12-14,81.027
2018-12-13,81.0448
2018-12-12,80.9768
2018-12-11,80.91
2018-12-10,81.083
2018-12-07,81.3677
2018-12-06,81.6836
2018-12-04,81.5426
2018-12-03,81.4411
2018-11-30,81.1741
2018-11-29,81.1125
2018-11-28,80.9236
2018-11-27,80.5552
2018-11-26,80.4489
2018-11-23,80.6026
2018-11-21,81.3029
2018-11-20,81.6716
2018-11-19,82.3547
2018-11-16,83.0472
2018-11-15,83.4737
2018-11-14,83.8519
2018-11-13,84.4337
2018-11-12,84.9057
2018-11-09,85.216
2018-11-08,85.4064
2018-11-07,85.3175
2018-11-06,85.3169
2018-11-05,85.8857
2018-11-02,86.4773
2018-11-01,87.0376
2018-10-31,87.6473
2018-10-30,88.5342
2018-10-29,89.6364
2018-10-26,90.8001
2018-10-25,91.7006
2018-10-24,92.2776
2018-10-23,93.0542
2018-10-22,93.5688
2018-10-19,93.9315
2018-10-18,94.3089
2018-10-17,94.7429
2018-10-16,94.9796
2018-10-15,95.2823
2018-10-12,95.65
2018-10-11,96.104
2018-10-10,96.7803
2018-10-09,97.3671
2018-10-08,97.6592
2018-10-05,97.8457
2018-10-04,98.0017
2018-10-03,98.124
2018-10-02,98.2291
2018-10-01,98.3996
2018-09-28,98.4205
2018-09-27,98.4189
2018-09-26,98.3817
2018-09-25,98.2767
2018-09-24,98.1595
2018-09-21,98.0871
2018-09-20,98.0568
2018-09-19,97.9583
2018-09-18,97.8508
2018-09-17,97.6899
2018-09-14,97.6254
2018-09-13,97.4162
2018-09-12,97.1481
2018-09-11,96.9722
2018-09-10,96.7449
2018-09-07,96.6131
2018-09-06,96.4792
2018-09-05,96.2997
2018-09-04,95.9689
2018-08-31,95.4895
2018-08-30,95.0159
2018-08-29,94.5958
2018-08-28,94.0935
2018-08-27,93.705
2018-08-24,93.3339
2018-08-23,93.1136
2018-08-22,92.8763
2018-08-21,92.7731
2018-08-20,92.6377
2018-08-17,92.4509
2018-08-16,92.2796
2018-08-15,92.0957
2018-08-14,91.9965
2018-08-13,91.8072
2018-08-10,91.6229
2018-08-09,91.4397
2018-08-08,91.185
2018-08-07,90.8562
2018-08-06,90.5576
2018-08-03,90.2858
2018-08-02,90.0042
2018-08-01,89.6677
2018-07-31,89.4096
2018-07-30,89.2505
2018-07-27,89.0519
2018-07-26,88.7624
2018-07-25,88.3937
2018-07-24,87.9624
2018-07-23,87.5471
2018-07-20,87.3313
2018-07-19,87.1226
2018-07-18,86.9654
2018-07-17,86.695
2018-07-16,86.3947
2018-07-13,86.1284
2018-07-12,85.9055
2018-07-11,85.6761
2018-07-10,85.5354
2018-07-09,85.4006
2018-07-06,85.263
2018-07-05,85.2097
2018-07-03,85.1997
2018-07-02,85.2057
2018-06-29,85.0844
2018-06-28,84.9388
2018-06-27,84.7592
2018-06-26,84.6701
2018-06-25,84.4746
2018-06-22,84.3421
2018-06-21,84.0606
2018-06-20,83.7397
2018-06-19,83.318
2018-06-18,82.9447
2018-06-15,82.5711
2018-06-14,82.2356
2018-06-13,81.8942
2018-06-12,81.5723
2018-06-11,81.3293
2018-06-08,81.1138
2018-06-07,80.9265
2018-06-06,80.7232
2018-06-05,80.4648
2018-06-04,80.2243
2018-06-01,80.0135
2018-05-31,79.8399
2018-05-30,79.69
2018-05-29,79.5834
2018-05-25,79.4666
2018-05-24,79.3728
2018-05-23,79.16
2018-05-22,78.8058
2018-05-21,78.5025
2018-05-18,78.3335
2018-05-17,78.2163
2018-05-16,78.1542
2018-05-15,78.0056
2018-05-14,77.8248
2018-05-11,77.4247
2018-05-10,76.9944
2018-05-09,76.593
2018-05-08,76.1406
2018-05-07,75.7502
2018-05-04,75.265
2018-05-03,74.8257
2018-05-02,74.5249
2018-05-01,74.1271
2018-04-30,73.6516
2018-04-27,73.1663
2018-04-26,72.8531
2018-04-25,72.6367
2018-04-24,72.7289
2018-04-23,72.9683
2018-04-20,72.9126
2018-04-19,72.9562
2018-04-18,73.0185
2018-04-17,73.1652
2018-04-16,73.268
2018-04-13,73.5934
2018-04-12,73.9722
2018-04-11,74.3285
2018-04-10,74.7313
2018-04-09,75.1367
2018-04-06,75.5688
2018-04-05,75.9353
2018-04-04,76.1685
2018-04-03,76.4861
2018-04-02,76.815
2018-03-29,77.1357
2018-03-28,77.251
2018-03-27,77.4535
2018-03-26,77.4909
2018-03-23,77.4061
2018-03-22,77.4172
2018-03-21,77.2682
2018-03-20,77.0209
2018-03-19,76.7255
2018-03-16,76.4849
2018-03-15,76.2101
2018-03-14,75.8819
2018-03-13,75.4407
2018-03-12,74.9358
2018-03-09,74.2888
2018-03-08,73.7179
2018-03-07,73.3802
2018-03-06,73.1248
2018-03-05,72.7557
2018-03-02,72.5215
2018-03-01,72.2459
2018-02-28,72.1395
2018-02-27,71.9529
2018-02-26,71.7172
2018-02-23,71.4174
2018-02-22,71.1123
2018-02-21,70.7927
2018-02-20,70.4918
2018-02-16,70.1392
2018-02-15,69.7539
2018-02-14,69.3328
2018-02-13,68.9427
2018-02-12,68.6685
2018-02-09,68.466
2018-02-08,68.3087
2018-02-07,68.0682
2018-02-06,67.658
2018-02-05,67.1681
2018-02-02,66.766
2018-02-01,66.2151
2018-01-31,65.7506
2018-01-30,65.0959
2018-01-29,64.425
2018-01-26,63.846
2018-01-25,63.2966
2018-01-24,62.7936
2018-01-23,62.3207
2018-01-22,61.8513
2018-01-19,61.477
2018-01-18,61.209
2018-01-17,60.9522
2018-01-16,60.6625
2018-01-12,60.336
2018-01-11,59.9834
2018-01-10,59.7044
2018-01-09,59.4908
2018-01-08,59.2641
2018-01-05,59.0464
2018-01-04,58.8544
2018-01-03,58.6844
2018-01-02,58.5087
2017-12-29,58.4421
2017-12-28,58.4603
2017-12-27,58.3982
2017-12-26,58.4266
2017-12-22,58.4742
2017-12-21,58.5183
2017-12-20,58.4718
2017-12-19,58.3765
2017-12-18,58.2238
2017-12-15,58.0721
2017-12-14,57.9675
2017-12-13,57.8485
2017-12-12,57.7803
2017-12-11,57.6905
2017-12-08,57.5816
2017-12-07,57.4994
2017-12-06,57.4322
2017-12-05,57.3592
2017-12-04,57.3069
2017-12-01,57.2511
2017-11-30,57.0807
2017-11-29,56.898
2017-11-28,56.7581
2017-11-27,56.5512
2017-11-24,56.314
2017-11-22,55.7801
2017-11-21,55.3219
2017-11-20,54.913
2017-11-17,54.513
2017-11-16,54.1455
2017-11-15,53.7688
2017-11-14,53.4446
2017-11-13,53.1253
2017-11-10,52.8183
2017-11-09,52.5122
2017-11-08,52.1917
2017-11-07,51.847
2017-11-06,51.5071
2017-11-03,51.1829
2017-11-02,50.8779
2017-11-01,50.5945
2017-10-31,50.2489
2017-10-30,49.8784
2017-10-27,49.4993
2017-10-26,49.1503
2017-10-25,49.1102
2017-10-24,49.0551
2017-10-23,48.9619
2017-10-20,48.8956
2017-10-19,48.8261
2017-10-18,48.7712
2017-10-17,48.7117
2017-10-16,48.6135
2017-10-13,48.5331
2017-10-12,48.4928
2017-10-11,48.471
2017-10-10,48.4825
2017-10-09,48.4709
2017-10-06,48.4383
2017-10-05,48.3791
2017-10-04,48.3757
2017-10-03,48.3816
2017-10-02,48.402
2017-09-29,48.4496
2017-09-28,48.4978
2017-09-27,48.5257
2017-09-26,48.5337
2017-09-25,48.5523
2017-09-22,48.5659
2017-09-21,48.5593
2017-09-20,48.5427
2017-09-19,48.5269
2017-09-18,48.4855
2017-09-15,48.4462
2017-09-14,48.3806
2017-09-13,48.3456
2017-09-12,48.3034
2017-09-11,48.3052
2017-09-08,48.2803
2017-09-07,48.2578
2017-09-06,48.2642
2017-09-05,48.3193
2017-09-01,48.3868
2017-08-31,48.4101
2017-08-30,48.4259
2017-08-29,48.4967
2017-08-28,48.602
2017-08-25,48.7064
2017-08-24,48.8933
2017-08-23,49.1272
2017-08-22,49.3642
2017-08-21,49.5466
2017-08-18,49.7608
2017-08-17,49.9288
2017-08-16,50.0991
2017-08-15,50.2208
2017-08-14,50.3251
2017-08-11,50.392
2017-08-10,50.4765
2017-08-09,50.5858
2017-08-08,50.647
2017-08-07,50.6578
2017-08-04,50.6683
2017-08-03,50.6462
2017-08-02,50.5918
2017-08-01,50.5305
2017-07-31,50.4242
2017-07-28,50.3748
2017-07-27,50.2645
2017-07-26,50.1253
2017-07-25,49.9353
2017-07-24,49.8205
2017-07-21,49.7325
2017-07-20,49.6716
2017-07-19,49.6054
2017-07-18,49.5197
2017-07-17,49.4465
2017-07-14,49.3907
2017-07-13,49.2966
2017-07-12,49.2362
2017-07-11,49.1719
2017-07-10,49.0988
2017-07-07,49.0534
2017-07-06,49.1322
2017-07-05,49.2445
2017-07-03,49.3235
2017-06-30,49.4677
2017-06-29,49.5646
2017-06-28,49.6146
2017-06-27,49.6253
2017-06-26,49.6751
2017-06-23,49.6796
2017-06-22,49.6537
2017-06-21,49.6014
2017-06-20,49.5246
2017-06-19,49.4698
2017-06-16,49.3815
2017-06-15,49.3085
2017-06-14,49.2599
2017-06-13,49.2339
2017-06-12,49.1769
2017-06-09,49.168
2017-06-08,49.0913
2017-06-07,48.938
2017-06-06,48.7948
2017-06-05,48.6599
2017-06-02,48.467
2017-06-01,48.294
2017-05-31,48.1567
2017-05-30,48.0375
2017-05-26,47.9163
2017-05-25,47.7393
2017-05-24,47.5518
2017-05-23,47.3742
2017-05-22,47.2144
2017-05-19,47.0562
2017-05-18,46.9029
2017-05-17,46.7619
2017-05-16,46.648
2017-05-15,46.4922
2017-05-12,46.3523
2017-05-11,46.1606
2017-05-10,46.0321
2017-05-09,45.9156
2017-05-08,45.8012
2017-05-05,45.6658
2017-05-04,45.5761
2017-05-03,45.5055
2017-05-02,45.42
2017-05-01,45.2814
2017-04-28,45.1272
2017-04-27,45.0056
2017-04-26,44.8954
2017-04-25,44.7622
2017-04-24,44.6102
2017-04-21,44.4557
2017-04-20,44.3278
2017-04-19,44.1928
2017-04-18,44.0528
2017-04-17,43.9358
2017-04-13,43.8116
2017-04-12,43.7335
2017-04-11,43.6253
2017-04-10,43.5007
2017-04-07,43.3696
2017-04-06,43.2636
2017-04-05,43.1504
2017-04-04,43.0034
2017-04-03,42.8514
2017-03-31,42.7391
2017-03-30,42.6475
2017-03-29,42.5789
2017-03-28,42.5258
2017-03-27,42.4984
2017-03-24,42.503
2017-03-23,42.502
2017-03-22,42.5141
2017-03-21,42.5329
2017-03-20,42.566
2017-03-17,42.5363
2017-03-16,42.5159
2017-03-15,42.4891
2017-03-14,42.4476
2017-03-13,42.4076
2017-03-10,42.3398
2017-03-09,42.262
2017-03-08,42.1788
2017-03-07,42.0838
2017-03-06,41.9879
2017-03-03,41.8968
2017-03-02,41.872
2017-03-01,41.8306
2017-02-28,41.7566
2017-02-27,41.72
2017-02-24,41.6878
2017-02-23,41.6726
2017-02-22,41.6334
2017-02-21,41.5504
2017-02-17,41.454
2017-02-16,41.3622
2017-02-15,41.2744
2017-02-14,41.1864
2017-02-13,41.1197
2017-02-10,41.0713
2017-02-09,41.0367
2017-02-08,40.9809
2017-02-07,40.9213
2017-02-06,40.8824
2017-02-03,40.8532
2017-02-02,40.7789
2017-02-01,40.572
2017-01-31,40.3753
2017-01-30,40.1912
2017-01-27,40.0282
2017-01-26,39.8691
2017-01-25,39.6997
2017-01-24,39.5099
2017-01-23,39.3696
2017-01-20,39.2514
2017-01-19,39.1586
2017-01-18,39.051
2017-01-17,38.9268
2017-01-13,38.805
2017-01-12,38.6842
2017-01-11,38.5859
2017-01-10,38.4887
2017-01-09,38.4206
2017-01-06,38.3466
2017-01-05,38.2827
2017-01-04,38.2433
2017-01-03,38.2488
2016-12-30,38.2155
2016-12-29,38.1999
2016-12-28,38.1634
2016-12-27,38.1394
2016-12-23,38.1278
2016-12-22,38.1773
2016-12-21,38.2117
2016-12-20,38.2486
2016-12-19,38.2705
2016-12-16,38.2559
2016-12-15,38.2525
2016-12-14,38.2162
2016-12-13,38.1523
2016-12-12,38.0141
2016-12-09,37.9613
2016-12-08,37.8956
2016-12-07,37.907
2016-12-06,37.9503
2016-12-05,38.0009
2016-12-02,37.9901
2016-12-01,38.0568
2016-11-30,38.1116
2016-11-29,38.1987
2016-11-28,38.2669
2016-11-25,38.2908
2016-11-23,38.3858
2016-11-22,38.492
2016-11-21,38.6166
2016-11-18,38.7618
2016-11-17,38.9089
2016-11-16,39.0437
2016-11-15,39.2217
2016-11-14,39.4077
2016-11-11,39.6424
2016-11-10,39.8523
2016-11-09,40.0695
2016-11-08,40.2251
2016-11-07,40.3332
2016-11-04,40.4751
2016-11-03,40.6861
2016-11-02,40.8727
2016-11-01,41.0697
2016-10-31,41.1912
2016-10-28,41.3085
2016-10-27,41.461
2016-10-26,41.4877
2016-10-25,41.503
2016-10-24,41.4554
2016-10-21,41.358
2016-10-20,41.3249
2016-10-19,41.3109
2016-10-18,41.241
2016-10-17,41.1474
2016-10-14,41.0528
2016-10-13,40.9417
2016-10-12,40.7927
2016-10-11,40.6102
2016-10-10,40.4353
2016-10-07,40.2597
2016-10-06,40.0615
2016-10-05,39.9175
2016-10-04,39.7678
2016-10-03,39.6549
2016-09-30,39.4941
2016-09-29,39.3274
2016-09-28,39.1777
2016-09-27,39.0248
2016-09-26,38.9128
2016-09-23,38.8374
2016-09-22,38.721
2016-09-21,38.6024
2016-09-20,38.5342
2016-09-19,38.4823
2016-09-16,38.4379
2016-09-15,38.4027
2016-09-14,38.3901
2016-09-13,38.3974
2016-09-12,38.4161
2016-09-09,38.4188
2016-09-08,38.4466
2016-09-07,38.4078
2016-09-06,38.3674
2016-09-02,38.3116
2016-09-01,38.2955
2016-08-31,38.2708
2016-08-30,38.2346
2016-08-29,38.217
2016-08-26,38.2082
2016-08-25,38.1827
2016-08-24,38.1662
2016-08-23,38.1147
2016-08-22,38.0476
2016-08-19,37.9979
2016-08-18,37.9668
2016-08-17,37.9167
2016-08-16,37.8694
2016-08-15,37.8092
2016-08-12,37.7282
2016-08-11,37.6354
2016-08-10,37.5602
2016-08-09,37.4954
2016-08-08,37.4452
2016-08-05,37.4132
2016-08-04,37.3628
2016-08-03,37.3023
2016-08-02,37.2597
2016-08-01,37.1785
2016-07-29,37.0734
2016-07-28,36.9654
2016-07-27,36.8729
2016-07-26,36.8011
2016-07-25,36.6905
2016-07-22,36.5889
2016-07-21,36.5319
2016-07-20,36.4473
2016-07-19,36.3726
2016-07-18,36.3077
2016-07-15,36.2335
2016-07-14,36.1887
2016-07-13,36.1214
2016-07-12,36.063
2016-07-11,35.9806
2016-07-08,35.8909
2016-07-07,35.8455
2016-07-06,35.8207
2016-07-05,35.786
2016-07-01,35.7826
2016-06-30,35.7823
2016-06-29,35.8138
2016-06-28,35.8234
2016-06-27,35.8605
2016-06-24,35.9127
2016-06-23,35.9526
2016-06-22,35.9183
2016-06-21,35.9023
2016-06-20,35.8546
2016-06-17,35.8266
2016-06-16,35.8069
2016-06-15,35.7567
2016-06-14,35.7093
2016-06-13,35.6877
2016-06-10,35.6744
2016-06-09,35.6744
2016-06-08,35.6384
2016-06-07,35.5795
2016-06-06,35.4695
2016-06-03,35.3375
2016-06-02,35.1714
2016-06-01,35.028
2016-05-31,34.9078
2016-05-27,34.8104
2016-05-26,34.6788
2016-05-25,34.3965
2016-05-24,34.1421
2016-05-23,33.9238
2016-05-20,33.7474
2016-05-19,33.5416
2016-05-18,33.3728
2016-05-17,33.2117
2016-05-16,33.0432
2016-05-13,32.855
2016-05-12,32.6449
2016-05-11,32.4019
2016-05-10,32.1559
2016-05-09,31.9062
2016-05-06,31.6966
2016-05-05,31.4982
2016-05-04,31.3291
2016-05-03,31.157
2016-05-02,30.9441
2016-04-29,30.7174
2016-04-28,30.5647
2016-04-27,30.5438
2016-04-26,30.5241
2016-04-25,30.4666
2016-04-22,30.3507
2016-04-21,30.2569
2016-04-20,30.1034
2016-04-19,29.9222
2016-04-18,29.7374
2016-04-15,29.5292
2016-04-14,29.3631
2016-04-13,29.2469
2016-04-12,29.1524
2016-04-11,29.0779
2016-04-08,29.0121
2016-04-07,28.9229
2016-04-06,28.843
2016-04-05,28.7384
2016-04-04,28.6801
2016-04-01,28.635
2016-03-31,28.5824
2016-03-30,28.5489
2016-03-29,28.4997
2016-03-28,28.3964
2016-03-24,28.3348
2016-03-23,28.2653
2016-03-22,28.2263
2016-03-21,28.2075
2016-03-18,28.2213
2016-03-17,28.1783
2016-03-16,28.0922
2016-03-15,27.9918
2016-03-14,27.852
2016-03-11,27.6863
2016-03-10,27.5218
2016-03-09,27.3507
2016-03-08,27.1572
2016-03-07,26.9768
2016-03-04,26.8251
2016-03-03,26.7279
2016-03-02,26.6118
2016-03-01,26.5416
2016-02-29,26.531
2016-02-26,26.6172
2016-02-25,26.8175
2016-02-24,26.888
2016-02-23,27.006
2016-02-22,27.115
2016-02-19,27.2072
2016-02-18,27.3075
2016-02-17,27.4244
2016-02-16,27.5254
2016-02-12,27.6481
2016-02-11,27.8629
2016-02-10,28.0578
2016-02-09,28.3764
2016-02-08,28.7155
2016-02-05,29.0129
2016-02-04,29.2774
2016-02-03,29.5184
2016-02-02,29.7752
2016-02-01,29.9874
2016-01-29,30.2401
2016-01-28,30.4953
2016-01-27,30.6419
2016-01-26,30.8715
2016-01-25,31.0253
2016-01-22,31.1933
2016-01-21,31.3602
2016-01-20,31.5839
2016-01-19,31.8148
2016-01-15,32.0553
2016-01-14,32.3192
2016-01-13,32.4833
2016-01-12,32.6736
2016-01-11,32.7292
2016-01-08,32.8407
2016-01-07,32.985
2016-01-06,33.1585
2016-01-05,33.2515
2016-01-04,33.3486
2015-12-31,33.4217
2015-12-30,33.422
2015-12-29,33.397
2015-12-28,33.3241
2015-12-24,33.3192
2015-12-23,33.3506
2015-12-22,33.3692
2015-12-21,33.4088
2015-12-18,33.4187
2015-12-17,33.4115
2015-12-16,33.3937
2015-12-15,33.3126
2015-12-14,33.2855
2015-12-11,33.2466
2015-12-10,33.3102
2015-12-09,33.3375
2015-12-08,33.3248
2015-12-07,33.2702
2015-12-04,33.244
2015-12-03,33.2015
2015-12-02,33.1383
2015-12-01,33.0115
2015-11-30,32.8848
2015-11-27,32.7875
2015-11-25,32.6707
2015-11-24,32.5251
2015-11-23,32.3748
2015-11-20,32.1988
2015-11-19,32.0253
2015-11-18,31.7819
2015-11-17,31.5125
2015-11-16,31.3064
2015-11-13,31.1198
2015-11-12,30.9408
2015-11-11,30.6829
2015-11-10,30.3618
2015-11-09,30.0849
2015-11-06,29.8216
2015-11-05,29.5227
2015-11-04,29.2165
2015-11-03,28.969
2015-11-02,28.7494
2015-10-30,28.5377
2015-10-29,28.3043
2015-10-28,28.0397
2015-10-27,27.7762
2015-10-26,27.4888
2015-10-23,27.2274
2015-10-22,27.0405
2015-10-21,26.9651
2015-10-20,26.9158
2015-10-19,26.8596
2015-10-16,26.7977
2015-10-15,26.7215
2015-10-14,26.6626
2015-10-13,26.619
2015-10-12,26.5526
2015-10-09,26.4806
2015-10-08,26.4547
2015-10-07,26.4274
2015-10-06,26.3648
2015-10-05,26.3149
2015-10-02,26.2032
2015-10-01,26.1337
2015-09-30,26.1083
2015-09-29,26.0704
2015-09-28,26.1125
2015-09-25,26.1474
2015-09-24,26.1327
2015-09-23,26.0502
2015-09-22,25.876
2015-09-21,25.6884
2015-09-18,25.5536
2015-09-17,25.4924
2015-09-16,25.4775
2015-09-15,25.4966
2015-09-14,25.5287
2015-09-11,25.5541
2015-09-10,25.5546
2015-09-09,25.5638
2015-09-08,25.5902
2015-09-04,25.6064
2015-09-03,25.6654
2015-09-02,25.7273
2015-09-01,25.7934
2015-08-31,25.8818
2015-08-28,25.9372
2015-08-27,25.9825
2015-08-26,26.0285
2015-08-25,26.0991
2015-08-24,26.2482
2015-08-21,26.4183
2015-08-20,26.5057
2015-08-19,26.4217
2015-08-18,26.3101
2015-08-17,26.1925
2015-08-14,26.0747
2015-08-13,25.9534
2015-08-12,25.818
2015-08-11,25.6562
2015-08-10,25.5015
2015-08-07,25.3304
2015-08-06,25.1326
2015-08-05,24.8949
2015-08-04,24.6267
2015-08-03,24.3887
2015-07-31,24.1412
2015-07-30,23.8951
2015-07-29,23.6467
2015-07-28,23.4094
2015-07-27,23.169
2015-07-24,22.9357
2015-07-23,22.7124
2015-07-22,22.6091
2015-07-21,22.5034
2015-07-20,22.3741
2015-07-17,22.2412
2015-07-16,22.1321
2015-07-15,22.0129
2015-07-14,21.9281
2015-07-13,21.8234
2015-07-10,21.7592
2015-07-09,21.7329
2015-07-08,21.7238
2015-07-07,21.7133
2015-07-06,21.6802
2015-07-02,21.6575
2015-07-01,21.6402
2015-06-30,21.6382
2015-06-29,21.6304
2015-06-26,21.6331
2015-06-25,21.6109
2015-06-24,21.5771
2015-06-23,21.5535
2015-06-22,21.5022
2015-06-19,21.4806
2015-06-18,21.4724
2015-06-17,21.4335
2015-06-16,21.4183
2015-06-15,21.4132
2015-06-12,21.4191
2015-06-11,21.425
2015-06-10,21.4097
2015-06-09,21.4103
2015-06-08,21.4288
2015-06-05,21.4542
2015-06-04,21.4541
2015-06-03,21.4249
2015-06-02,21.3864
2015-06-01,21.3665
2015-05-29,21.3464
2015-05-28,21.3277
2015-05-27,21.3347
2015-05-26,21.3295
2015-05-22,21.3622
2015-05-21,21.4059
2015-05-20,21.3018
2015-05-19,21.2166
2015-05-18,21.1403
2015-05-15,21.051
2015-05-14,20.9249
2015-05-13,20.8093
2015-05-12,20.7007
2015-05-11,20.5859
2015-05-08,20.4597
2015-05-07,20.3321
2015-05-06,20.2238
2015-05-05,20.129
2015-05-04,20.0121
2015-05-01,19.8971
2015-04-30,19.7705
2015-04-29,19.6417
2015-04-28,19.4985
2015-04-27,19.3617
2015-04-24,19.1917
2015-04-23,18.9974
2015-04-22,18.9498
2015-04-21,18.9105
2015-04-20,18.8703
2015-04-17,18.8428
2015-04-16,18.837
2015-04-15,18.8097
2015-04-14,18.7809
2015-04-13,18.7515
2015-04-10,18.722
2015-04-09,18.701
2015-04-08,18.6581
2015-04-07,18.6289
2015-04-06,18.6392
2015-04-02,18.6469
2015-04-01,18.6858
2015-03-31,18.717
2015-03-30,18.7483
2015-03-27,18.7759
2015-03-26,18.7999
2015-03-25,18.8435
2015-03-24,18.8796
2015-03-23,18.8908
2015-03-20,18.9034
2015-03-19,18.9163
2015-03-18,18.9307
2015-03-17,18.9263
2015-03-16,18.9351
2015-03-13,18.9563
2015-03-12,18.9727
2015-03-11,18.975
2015-03-10,18.9916
2015-03-09,18.9942
2015-03-06,18.9835
2015-03-05,18.968
2015-03-04,18.9103
2015-03-03,18.8624
2015-03-02,18.812
2015-02-27,18.7342
2015-02-26,18.5632
2015-02-25,18.361
2015-02-24,18.1645
2015-02-23,17.9921
2015-02-20,17.8228
2015-02-19,17.6394
2015-02-18,17.4351
2015-02-17,17.2252
2015-02-13,17.0135
2015-02-12,16.7763
2015-02-11,16.5666
2015-02-10,16.3656
2015-02-09,16.1616
2015-02-06,15.9775
2015-02-05,15.793
2015-02-04,15.6043
2015-02-03,15.4306
2015-02-02,15.2772
2015-01-30,15.1374
2015-01-29,15.0269
2015-01-28,15.0232
2015-01-27,15.0435
2015-01-26,15.0494
2015-01-23,15.0328
2015-01-22,15.0176
2015-01-21,15.0081
2015-01-20,15.0147
2015-01-16,15.0355
2015-01-15,15.0558
2015-01-14,15.0761
2015-01-13,15.1081
2015-01-12,15.1395
2015-01-09,15.1794
2015-01-08,15.2017
2015-01-07,15.2318
2015-01-06,15.2523
2015-01-05,15.2957
2015-01-02,15.3325
2014-12-31,15.3525
2014-12-30,15.3924
2014-12-29,15.4316
2014-12-26,15.4981
2014-12-24,15.5593
2014-12-23,15.6394
2014-12-22,15.7127
2014-12-19,15.778
2014-12-18,15.8546
2014-12-17,15.9266
2014-12-16,15.9917
2014-12-15,16.0617
2014-12-12,16.1161
2014-12-11,16.139
2014-12-10,16.1493
2014-12-09,16.1648
2014-12-08,16.1463
2014-12-05,16.1293
2014-12-04,16.0894
2014-12-03,16.0383
2014-12-02,16.0041
2014-12-01,15.9526
2014-11-28,15.9013
2014-11-26,15.8024
2014-11-25,15.7037
2014-11-24,15.6051
2014-11-21,15.4909
2014-11-20,15.377
2014-11-19,15.3336
2014-11-18,15.2997
2014-11-17,15.2757
2014-11-14,15.2336
2014-11-13,15.1731
2014-11-12,15.1391
2014-11-11,15.1252
2014-11-10,15.116
2014-11-07,15.1193
2014-11-06,15.1482
2014-11-05,15.195
2014-11-04,15.2604
2014-11-03,15.2959
2014-10-31,15.3371
2014-10-30,15.3803
2014-10-29,15.4286
2014-10-28,15.487
2014-10-27,15.5541
2014-10-24,15.6337
2014-10-23,15.7241
2014-10-22,15.746
2014-10-21,15.7841
2014-10-20,15.8048
2014-10-17,15.8505
2014-10-16,15.9197
2014-10-15,15.9751
2014-10-14,16.0202
2014-10-13,16.0688
2014-10-10,16.1124
2014-10-09,16.1619
2014-10-08,16.1998
2014-10-07,16.2213
2014-10-06,16.2533
2014-10-03,16.3036
2014-10-02,16.3627
2014-10-01,16.4316
2014-09-30,16.4854
2014-09-29,16.5353
2014-09-26,16.5783
2014-09-25,16.6203
2014-09-24,16.6735
2014-09-23,16.7075
2014-09-22,16.7335
2014-09-19,16.7512
2014-09-18,16.7552
2014-09-17,16.7821
2014-09-16,16.81
2014-09-15,16.8269
2014-09-12,16.8512
2014-09-11,16.8563
2014-09-10,16.8457
2014-09-09,16.8157
2014-09-08,16.7871
2014-09-05,16.7233
2014-09-04,16.6359
2014-09-03,16.5558
2014-09-02,16.4891
2014-08-29,16.4173
2014-08-28,16.3373
2014-08-27,16.2697
2014-08-26,16.2181
2014-08-25,16.1635
2014-08-22,16.1295
2014-08-21,16.1105
2014-08-20,16.1748
2014-08-19,16.2307
2014-08-18,16.2949
2014-08-15,16.358
2014-08-14,16.4206
2014-08-13,16.4687
2014-08-12,16.5428
2014-08-11,16.6306
2014-08-08,16.723
2014-08-07,16.7965
2014-08-06,16.8377
2014-08-05,16.8779
2014-08-04,16.9066
2014-08-01,16.9564
2014-07-31,17.0325
2014-07-30,17.0821
2014-07-29,17.1068
2014-07-28,17.1188
2014-07-25,17.1292
2014-07-24,17.1334
2014-07-23,17.0554
2014-07-22,16.9705
2014-07-21,16.8865
2014-07-18,16.7976
2014-07-17,16.7184
2014-07-16,16.6733
2014-07-15,16.5976
2014-07-14,16.5305
2014-07-11,16.4579
2014-07-10,16.4072
2014-07-09,16.4254
2014-07-08,16.4315
2014-07-07,16.4407
2014-07-03,16.431
2014-07-02,16.3962
2014-07-01,16.331
2014-06-30,16.268
2014-06-27,16.2281
2014-06-26,16.1981
2014-06-25,16.1683
2014-06-24,16.1251
2014-06-23,16.0918
2014-06-20,16.0543
2014-06-19,16.006
2014-06-18,15.9511
2014-06-17,15.8681
2014-06-16,15.7959
2014-06-13,15.7211
2014-06-12,15.6434
2014-06-11,15.5727
2014-06-10,15.4963
2014-06-09,15.4224
2014-06-06,15.3343
2014-06-05,15.2309
2014-06-04,15.1538
2014-06-03,15.1303
2014-06-02,15.1374
2014-05-30,15.1353
2014-05-29,15.1237
2014-05-28,15.0996
2014-05-27,15.0751
2014-05-23,15.0395
2014-05-22,15.0185
2014-05-21,15.0991
2014-05-20,15.148
2014-05-19,15.2183
2014-05-16,15.3036
2014-05-15,15.3716
2014-05-14,15.4429
2014-05-13,15.489
2014-05-12,15.5172
2014-05-09,15.5394
2014-05-08,15.6015
2014-05-07,15.7103
2014-05-06,15.7962
2014-05-05,15.8471
2014-05-02,15.8795
2014-05-01,15.9435
2014-04-30,16.0287
2014-04-29,16.1258
2014-04-28,16.2158
2014-04-25,16.3201
2014-04-24,16.4067
2014-04-23,16.4223
2014-04-22,16.4976
2014-04-21,16.554
2014-04-17,16.6283
2014-04-16,16.7385
2014-04-15,16.8624
2014-04-14,17.0191
2014-04-11,17.1669
2014-04-10,17.3219
2014-04-09,17.4579
2014-04-08,17.555
2014-04-07,17.6594
2014-04-04,17.7913
2014-04-03,17.914
2014-04-02,18.0103
2014-04-01,18.0864
2014-03-31,18.1386
2014-03-28,18.1972
2014-03-27,18.2567
2014-03-26,18.3108
2014-03-25,18.3518
2014-03-24,18.3608
2014-03-21,18.3607
2014-03-20,18.326
2014-03-19,18.2781
2014-03-18,18.2135
2014-03-17,18.1507
2014-03-14,18.1064
2014-03-13,18.0651
2014-03-12,18.0094
2014-03-11,17.9873
2014-03-10,17.9674
2014-03-07,17.9438
2014-03-06,17.9001
2014-03-05,17.8359
2014-03-04,17.7748
2014-03-03,17.7304
2014-02-28,17.7277
2014-02-27,17.83
2014-02-26,17.8902
2014-02-25,17.9767
2014-02-24,18.0466
2014-02-21,18.1362
2014-02-20,18.269
2014-02-19,18.4058
2014-02-18,18.555
2014-02-14,18.6699
2014-02-13,18.766
2014-02-12,18.8627
2014-02-11,18.9834
2014-02-10,19.0564
2014-02-07,19.1484
2014-02-06,19.2482
2014-02-05,19.3665
2014-02-04,19.4955
2014-02-03,19.6097
2014-01-31,19.7354
2014-01-30,19.8336
2014-01-29,19.823
2014-01-28,19.846
2014-01-27,19.8551
2014-01-24,19.9004
2014-01-23,19.9294
2014-01-22,19.937
2014-01-21,19.9311
2014-01-17,19.9015
2014-01-16,19.8924
2014-01-15,19.872
2014-01-14,19.8547
2014-01-13,19.8215
2014-01-10,19.7972
2014-01-09,19.7585
2014-01-08,19.7254
2014-01-07,19.6828
2014-01-06,19.6551
2014-01-03,19.6323
2014-01-02,19.6061
2013-12-31,19.5728
2013-12-30,19.5566
2013-12-27,19.5572
2013-12-26,19.5288
2013-12-24,19.4712
2013-12-23,19.4148
2013-12-20,19.3383
2013-12-19,19.2551
2013-12-18,19.1736
2013-12-17,19.096
2013-12-16,19.0423
2013-12-13,18.9928
2013-12-12,18.9507
2013-12-11,18.8882
2013-12-10,18.8065
2013-12-09,18.723
2013-12-06,18.6366
2013-12-05,18.5281
2013-12-04,18.4573
2013-12-03,18.3896
2013-12-02,18.3248
2013-11-29,18.2416
2013-11-27,18.1676
2013-11-26,18.1035
2013-11-25,18.0569
2013-11-22,18.0107
2013-11-21,17.9884
2013-11-20,17.8966
2013-11-19,17.8071
2013-11-18,17.7261
2013-11-15,17.6267
2013-11-14,17.5261
2013-11-13,17.3845
2013-11-12,17.2702
2013-11-11,17.1624
2013-11-08,17.0532
2013-11-07,16.9546
2013-11-06,16.8587
2013-11-05,16.7138
2013-11-04,16.5747
2013-11-01,16.4529
2013-10-31,16.353
2013-10-30,16.2298
2013-10-29,16.1284
2013-10-28,16.024
2013-10-25,15.9102
2013-10-24,15.7917
2013-10-23,15.7565
2013-10-22,15.7213
2013-10-21,15.6752
2013-10-18,15.6379
2013-10-17,15.6064
2013-10-16,15.6096
2013-10-15,15.6135
2013-10-14,15.6079
2013-10-11,15.5713
2013-10-10,15.5389
2013-10-09,15.5231
2013-10-08,15.5266
2013-10-07,15.5194
2013-10-04,15.4936
2013-10-03,15.4357
2013-10-02,15.384
2013-10-01,15.3169
2013-09-30,15.2365
2013-09-27,15.1573
2013-09-26,15.0773
2013-09-25,14.9859
2013-09-24,14.9066
2013-09-23,14.8368
2013-09-20,14.7831
2013-09-19,14.7166
2013-09-18,14.6479
2013-09-17,14.5855
2013-09-16,14.539
2013-09-13,14.5109
2013-09-12,14.4823
2013-09-11,14.4635
2013-09-10,14.4493
2013-09-09,14.4401
2013-09-06,14.434
2013-09-05,14.4337
2013-09-04,14.4407
2013-09-03,14.4585
2013-08-30,14.489
2013-08-29,14.547
2013-08-28,14.601
2013-08-27,14.6501
2013-08-26,14.7038
2013-08-23,14.7535
2013-08-22,14.8085
2013-08-21,14.8427
2013-08-20,14.8786
2013-08-19,14.9136
2013-08-16,14.9583
2013-08-15,15.0094
2013-08-14,15.0535
2013-08-13,15.0968
2013-08-12,15.1291
2013-08-09,15.1538
2013-08-08,15.1795
2013-08-07,15.1893
2013-08-06,15.1779
2013-08-05,15.1548
2013-08-02,15.1288
2013-08-01,15.083
2013-07-31,15.0291
2013-07-30,14.9854
2013-07-29,14.9346
2013-07-26,14.8636
2013-07-25,14.7775
2013-07-24,14.7129
2013-07-23,14.6458
2013-07-22,14.5696
2013-07-19,14.4943
2013-07-18,14.4149
2013-07-17,14.35
2013-07-16,14.2827
2013-07-15,14.2106
2013-07-12,14.1292
2013-07-11,14.0498
2013-07-10,13.9798
2013-07-09,13.9359
2013-07-08,13.9098
2013-07-05,13.8755
2013-07-03,13.8304
2013-07-02,13.7882
2013-07-01,13.7431
2013-06-28,13.7051
2013-06-27,13.6839
2013-06-26,13.6571
2013-06-25,13.627
2013-06-24,13.615
2013-06-21,13.5928
2013-06-20,13.5639
2013-06-19,13.5377
2013-06-18,13.5144
2013-06-17,13.4791
2013-06-14,13.4587
2013-06-13,13.434
2013-06-12,13.411
2013-06-11,13.4026
2013-06-10,13.3769
2013-06-07,13.3333
2013-06-06,13.2916
2013-06-05,13.2687
2013-06-04,13.2451
2013-06-03,13.2201
2013-05-31,13.1981
2013-05-30,13.1564
2013-05-29,13.1099
2013-05-28,13.0806
2013-05-24,13.0368
2013-05-23,13.0194
2013-05-22,13.0517
2013-05-21,13.0662
2013-05-20,13.0663
2013-05-17,13.0561
2013-05-16,13.0322
2013-05-15,13.0204
2013-05-14,13.0225
2013-05-13,13.0326
2013-05-10,13.0406
2013-05-09,13.0637
2013-05-08,13.0879
2013-05-07,13.1031
2013-05-06,13.1117
2013-05-03,13.1197
2013-05-02,13.1133
2013-05-01,13.1296
2013-04-30,13.1566
2013-04-29,13.1804
2013-04-26,13.2101
2013-04-25,13.2393
2013-04-24,13.2158
2013-04-23,13.1946
2013-04-22,13.1624
2013-04-19,13.1479
2013-04-18,13.1306
2013-04-17,13.1252
2013-04-16,13.0978
2013-04-15,13.0616
2013-04-12,13.0469
2013-04-11,13.0291
2013-04-10,13.0422
2013-04-09,13.0656
2013-04-08,13.0908
2013-04-05,13.1289
2013-04-04,13.1749
2013-04-03,13.2117
2013-04-02,13.2531
2013-04-01,13.2776
2013-03-28,13.2879
2013-03-27,13.2824
2013-03-26,13.2772
2013-03-25,13.2749
2013-03-22,13.2845
2013-03-21,13.3037
2013-03-20,13.335
2013-03-19,13.3579
2013-03-18,13.3912
2013-03-15,13.4092
2013-03-14,13.4278
2013-03-13,13.4371
2013-03-12,13.3961
2013-03-11,13.3538
2013-03-08,13.3306
2013-03-07,13.2957
2013-03-06,13.2665
2013-03-05,13.2493
2013-03-04,13.2102
2013-03-01,13.19
2013-02-28,13.1894
2013-02-27,13.2106
2013-02-26,13.2034
2013-02-25,13.2451
2013-02-22,13.3054
2013-02-21,13.3259
2013-02-20,13.3313
2013-02-19,13.3407
2013-02-15,13.3467
2013-02-14,13.3601
2013-02-13,13.3594
2013-02-12,13.3654
2013-02-11,13.4005
2013-02-08,13.4273
2013-02-07,13.4358
2013-02-06,13.4511
2013-02-05,13.4615
2013-02-04,13.4654
2013-02-01,13.4634
2013-01-31,13.4471
2013-01-30,13.4266
2013-01-29,13.3718
2013-01-28,13.3339
2013-01-25,13.2646
2013-01-24,13.1762
2013-01-23,13.1387
2013-01-22,13.1107
2013-01-18,13.089
2013-01-17,13.0537
2013-01-16,13.0285
2013-01-15,12.9908
2013-01-14,12.934
2013-01-11,12.8803
2013-01-10,12.8399
2013-01-09,12.8033
2013-01-08,12.7568
2013-01-07,12.724
2013-01-04,12.6863
2013-01-03,12.6733
2013-01-02,12.6583
2012-12-31,12.6409
2012-12-28,12.6438
2012-12-27,12.6591
2012-12-26,12.6561
2012-12-24,12.643
2012-12-21,12.6055
2012-12-20,12.5629
2012-12-19,12.5042
2012-12-18,12.4437
2012-12-17,12.367
2012-12-14,12.2954
2012-12-13,12.2239
2012-12-12,12.1532
2012-12-11,12.0903
2012-12-10,12.0297
2012-12-07,11.9761
2012-12-06,11.9113
2012-12-05,11.858
2012-12-04,11.817
2012-12-03,11.7716
2012-11-30,11.7268
2012-11-29,11.6771
2012-11-28,11.6311
2012-11-27,11.6089
2012-11-26,11.5577
2012-11-23,11.5199
2012-11-21,11.506
2012-11-20,11.4954
2012-11-19,11.5109
2012-11-16,11.5488
2012-11-15,11.6044
2012-11-14,11.6628
2012-11-13,11.7158
2012-11-12,11.7552
2012-11-09,11.7996
2012-11-08,11.8463
2012-11-07,11.9053
2012-11-06,11.9728
2012-11-05,12.0252
2012-11-02,12.0906
2012-11-01,12.1493
2012-10-31,12.1955
2012-10-26,12.2432
2012-10-25,12.2834
2012-10-24,12.3676
2012-10-23,12.4206
2012-10-22,12.4659
2012-10-19,12.5185
2012-10-18,12.5622
2012-10-17,12.6021
2012-10-16,12.6376
2012-10-15,12.6746
2012-10-12,12.7091
2012-10-11,12.7564
2012-10-10,12.7965
2012-10-09,12.8231
2012-10-08,12.8348
2012-10-05,12.8299
2012-10-04,12.8315
2012-10-03,12.8088
2012-10-02,12.7845
2012-10-01,12.7777
2012-09-28,12.7684
2012-09-27,12.7481
2012-09-26,12.7244
2012-09-25,12.7155
2012-09-24,12.6942
2012-09-21,12.6715
2012-09-20,12.6308
2012-09-19,12.5866
2012-09-18,12.531
2012-09-17,12.485
2012-09-14,12.4429
2012-09-13,12.3936
2012-09-12,12.3366
2012-09-11,12.2805
2012-09-10,12.2224
2012-09-07,12.1615
2012-09-06,12.0988
2012-09-05,12.0563
2012-09-04,12.0322
2012-08-31,11.9975
2012-08-30,11.9642
2012-08-29,11.9257
2012-08-28,11.8881
2012-08-27,11.8561
2012-08-24,11.8365
2012-08-23,11.8155
2012-08-22,11.7625
2012-08-21,11.6974
2012-08-20,11.6563
2012-08-17,11.6205
2012-08-16,11.5883
2012-08-15,11.5498
2012-08-14,11.5
2012-08-13,11.4593
2012-08-10,11.4182
2012-08-09,11.3823
2012-08-08,11.3356
2012-08-07,11.2956
2012-08-06,11.2529
2012-08-03,11.2306
2012-08-02,11.2058
2012-08-01,11.1964
2012-07-31,11.19
2012-07-30,11.18
2012-07-27,11.1607
2012-07-26,11.1207
2012-07-25,11.1347
2012-07-24,11.1561
2012-07-23,11.1487
2012-07-20,11.139
2012-07-19,11.1198
2012-07-18,11.1119
2012-07-17,11.1283
2012-07-16,11.1426
2012-07-13,11.1485
2012-07-12,11.1386
2012-07-11,11.137
2012-07-10,11.1322
2012-07-09,11.1247
2012-07-06,11.1082
2012-07-05,11.0926
2012-07-03,11.0691
2012-07-02,11.0283
2012-06-29,10.9914
2012-06-28,10.9411
2012-06-27,10.9201
2012-06-26,10.8791
2012-06-25,10.8519
2012-06-22,10.834
2012-06-21,10.8167
2012-06-20,10.8084
2012-06-19,10.7892
2012-06-18,10.7744
2012-06-15,10.7524
2012-06-14,10.7524
2012-06-13,10.7764
2012-06-12,10.8006
2012-06-11,10.8169
2012-06-08,10.8448
2012-06-07,10.8653
2012-06-06,10.8758
2012-06-05,10.8914
2012-06-04,10.9213
2012-06-01,10.9449
2012-05-31,10.9979
2012-05-30,11.0413
2012-05-29,11.0933
2012-05-25,11.1362
2012-05-24,11.1711
2012-05-23,11.123
2012-05-22,11.0658
2012-05-21,11.0033
2012-05-18,10.9286
2012-05-17,10.869
2012-05-16,10.8008
2012-05-15,10.7183
2012-05-14,10.6283
2012-05-11,10.5348
2012-05-10,10.4367
2012-05-09,10.3467
2012-05-08,10.2592
2012-05-07,10.1669
2012-05-04,10.0837
2012-05-03,10.0097
2012-05-02,9.921
2012-05-01,9.8445
2012-04-30,9.7646
2012-04-27,9.6911
2012-04-26,9.6355
2012-04-25,9.6484
2012-04-24,9.676
2012-04-23,9.7073
2012-04-20,9.7243
2012-04-19,9.7304
2012-04-18,9.7319
2012-04-17,9.7351
2012-04-16,9.7279
2012-04-13,9.7268
2012-04-12,9.7167
2012-04-11,9.6956
2012-04-10,9.6872
2012-04-09,9.6782
2012-04-05,9.6593
2012-04-04,9.6425
2012-04-03,9.6169
2012-04-02,9.5705
2012-03-30,9.526
2012-03-29,9.468
2012-03-28,9.4066
2012-03-27,9.3529
2012-03-26,9.2988
2012-03-23,9.2379
2012-03-22,9.1982
2012-03-21,9.1644
2012-03-20,9.1365
2012-03-19,9.1113
2012-03-16,9.1038
2012-03-15,9.091
2012-03-14,9.0911
2012-03-13,9.1137
2012-03-12,9.1312
2012-03-09,9.1366
2012-03-08,9.1382
2012-03-07,9.1328
2012-03-06,9.1339
2012-03-05,9.139
2012-03-02,9.1575
2012-03-01,9.1636
2012-02-29,9.1621
2012-02-28,9.199
2012-02-27,9.2199
2012-02-24,9.262
2012-02-23,9.2975
2012-02-22,9.3197
2012-02-21,9.3358
2012-02-17,9.3454
2012-02-16,9.3664
2012-02-15,9.4027
2012-02-14,9.4152
2012-02-13,9.3911
2012-02-10,9.3581
2012-02-09,9.3341
2012-02-08,9.3189
2012-02-07,9.3036
2012-02-06,9.2895
2012-02-03,9.2882
2012-02-02,9.263
2012-02-01,9.2525
2012-01-31,9.2514
2012-01-30,9.198
2012-01-27,9.1523
2012-01-26,9.0986
2012-01-25,9.056
2012-01-24,9.0297
2012-01-23,9.0098
2012-01-20,8.9804
2012-01-19,8.9594
2012-01-18,8.9216
2012-01-17,8.9011
2012-01-13,8.9001
2012-01-12,8.9046
2012-01-11,8.9161
2012-01-10,8.9426
2012-01-09,8.9768
2012-01-06,9.0066
2012-01-05,9.0384
2012-01-04,9.0744
2012-01-03,9.1212
2011-12-30,9.1637
2011-12-29,9.2238
2011-12-28,9.2698
2011-12-27,9.3061
2011-12-23,9.3508
2011-12-22,9.3636
2011-12-21,9.3885
2011-12-20,9.4335
2011-12-19,9.4503
2011-12-16,9.4948
2011-12-15,9.553
2011-12-14,9.6298
2011-12-13,9.7238
2011-12-12,9.8199
2011-12-09,9.8896
2011-12-08,9.934
2011-12-07,9.9858
2011-12-06,10.0425
2011-12-05,10.105
2011-12-02,10.1556
2011-12-01,10.2113
2011-11-30,10.2575
2011-11-29,10.307
2011-11-28,10.3698
2011-11-25,10.4278
2011-11-23,10.4887
2011-11-22,10.5122
2011-11-21,10.5993
2011-11-18,10.7202
2011-11-17,10.8143
2011-11-16,10.887
2011-11-15,10.9358
2011-11-14,11.001
2011-11-11,11.0595
2011-11-10,11.1328
2011-11-09,11.1962
2011-11-08,11.2601
2011-11-07,11.3039
2011-11-04,11.3397
2011-11-03,11.3603
2011-11-02,11.3684
2011-11-01,11.3781
2011-10-31,11.379
2011-10-28,11.3752
2011-10-27,11.3725
2011-10-26,11.4116
2011-10-25,11.4899
2011-10-24,11.4826
2011-10-21,11.4632
2011-10-20,11.4352
2011-10-19,11.4093
2011-10-18,11.4101
2011-10-17,11.3836
2011-10-14,11.382
2011-10-13,11.3634
2011-10-12,11.34
2011-10-11,11.3044
2011-10-10,11.2645
2011-10-07,11.2276
2011-10-06,11.1943
2011-10-05,11.1836
2011-10-04,11.1846
2011-10-03,11.1938
2011-09-30,11.1889
2011-09-29,11.1797
2011-09-28,11.1616
2011-09-27,11.1147
2011-09-26,11.0705
2011-09-23,10.994
2011-09-22,10.9151
2011-09-21,10.8413
2011-09-20,10.7455
2011-09-19,10.6062
2011-09-16,10.4493
2011-09-15,10.3074
2011-09-14,10.2303
2011-09-13,10.168
2011-09-12,10.1266
2011-09-09,10.091
2011-09-08,10.0584
2011-09-07,10.0006
2011-09-06,9.9635
2011-09-02,9.9073
2011-09-01,9.8891
2011-08-31,9.8614
2011-08-30,9.8482
2011-08-29,9.8502
2011-08-26,9.8872
2011-08-25,9.9453
2011-08-24,10.025
2011-08-23,10.0969
2011-08-22,10.1485
2011-08-19,10.2384
2011-08-18,10.3324
2011-08-17,10.4091
2011-08-16,10.4581
2011-08-15,10.5091
2011-08-12,10.5305
2011-08-11,10.557
2011-08-10,10.587
2011-08-09,10.6354
2011-08-08,10.6508
2011-08-05,10.6979
2011-08-04,10.7369
2011-08-03,10.775
2011-08-02,10.7856
2011-08-01,10.7893
2011-07-29,10.7597
2011-07-28,10.7147
2011-07-27,10.6654
2011-07-26,10.6149
2011-07-25,10.5826
2011-07-22,10.5303
2011-07-21,10.4744
2011-07-20,10.4204
2011-07-19,10.3671
2011-07-18,10.2913
2011-07-15,10.2284
2011-07-14,10.1553
2011-07-13,10.0943
2011-07-12,10.0355
2011-07-11,9.9731
2011-07-08,9.9081
2011-07-07,9.8366
2011-07-06,9.7648
2011-07-05,9.6982
2011-07-01,9.6295
2011-06-30,9.5766
2011-06-29,9.5495
2011-06-28,9.52
2011-06-27,9.5059
2011-06-24,9.4881
2011-06-23,9.4942
2011-06-22,9.4894
2011-06-21,9.4935
2011-06-20,9.4985
2011-06-17,9.5258
2011-06-16,9.5569
2011-06-15,9.5905
2011-06-14,9.6126
2011-06-13,9.619
2011-06-10,9.6596
2011-06-09,9.7085
2011-06-08,9.7452
2011-06-07,9.785
2011-06-06,9.8181
2011-06-03,9.8479
2011-06-02,9.8698
2011-06-01,9.8856
2011-05-31,9.9008
2011-05-27,9.912
2011-05-26,9.9162
2011-05-25,9.9164
2011-05-24,9.9273
2011-05-23,9.8999
2011-05-20,9.8729
2011-05-19,9.841
2011-05-18,9.8037
2011-05-17,9.758
2011-05-16,9.7168
2011-05-13,9.6856
2011-05-12,9.6337
2011-05-11,9.5743
2011-05-10,9.5145
2011-05-09,9.4648
2011-05-06,9.4246
2011-05-05,9.3928
2011-05-04,9.357
2011-05-03,9.3202
2011-05-02,9.2815
2011-04-29,9.2288
2011-04-28,9.1896
2011-04-27,9.1505
2011-04-26,9.0955
2011-04-25,9.0631
2011-04-21,9.027
2011-04-20,8.99
2011-04-19,8.9436
2011-04-18,8.9031
2011-04-15,8.8686
2011-04-14,8.8231
2011-04-13,8.771
2011-04-12,8.727
2011-04-11,8.6885
2011-04-08,8.6452
2011-04-07,8.6036
2011-04-06,8.5567
2011-04-05,8.5224
2011-04-04,8.4764
2011-04-01,8.4418
2011-03-31,8.4206
2011-03-30,8.4023
2011-03-29,8.3838
2011-03-28,8.3708
2011-03-25,8.3807
2011-03-24,8.3963
2011-03-23,8.4129
2011-03-22,8.4413
2011-03-21,8.4859
2011-03-18,8.5408
2011-03-17,8.6057
2011-03-16,8.6698
2011-03-15,8.7306
2011-03-14,8.794
2011-03-11,8.8503
2011-03-10,8.8956
2011-03-09,8.9435
2011-03-08,8.9785
2011-03-07,9.0024
2011-03-04,9.0195
2011-03-03,9.0246
2011-03-02,9.0265
2011-03-01,9.0267
2011-02-28,9.0272
2011-02-25,9.0218
2011-02-24,9.0398
2011-02-23,9.0339
2011-02-22,9.034
2011-02-18,9.0251
2011-02-17,9.0024
2011-02-16,8.9879
2011-02-15,8.9885
2011-02-14,8.994
2011-02-11,8.9899
2011-02-10,8.9806
2011-02-09,8.9752
2011-02-08,8.9728
2011-02-07,8.9769
2011-02-04,8.9995
2011-02-03,9.0244
2011-02-02,9.0586
2011-02-01,9.0873
2011-01-31,9.1176
2011-01-28,9.1435
2011-01-27,9.1725
2011-01-26,9.1698
2011-01-25,9.1841
2011-01-24,9.1977
2011-01-21,9.212
2011-01-20,9.2304
2011-01-19,9.2374
2011-01-18,9.2284
2011-01-14,9.1942
2011-01-13,9.1675
2011-01-12,9.1426
2011-01-11,9.1172
2011-01-10,9.092
2011-01-07,9.0693
2011-01-06,9.0427
2011-01-05,9.0188
2011-01-04,8.9922
2011-01-03,8.9748
2010-12-31,8.9534
2010-12-30,8.9448
2010-12-29,8.9293
2010-12-28,8.9093
2010-12-27,8.9053
2010-12-23,8.893
2010-12-22,8.8796
2010-12-21,8.8382
2010-12-20,8.8023
2010-12-17,8.7562
2010-12-16,8.7226
2010-12-15,8.6734
2010-12-14,8.6289
2010-12-13,8.5913
2010-12-10,8.5699
2010-12-09,8.5568
2010-12-08,8.553
2010-12-07,8.5379
2010-12-06,8.526
2010-12-03,8.5078
2010-12-02,8.4909
2010-12-01,8.4708
2010-11-30,8.4409
2010-11-29,8.4089
2010-11-26,8.3732
2010-11-24,8.3473
2010-11-23,8.323
2010-11-22,8.3273
2010-11-19,8.3239
2010-11-18,8.3346
2010-11-17,8.3366
2010-11-16,8.3374
2010-11-15,8.3397
2010-11-12,8.3513
2010-11-11,8.3487
2010-11-10,8.3116
2010-11-09,8.2662
2010-11-08,8.2317
2010-11-05,8.1843
2010-11-04,8.1463
2010-11-03,8.1146
2010-11-02,8.082
2010-11-01,8.0726
2010-10-29,8.0546
2010-10-28,8.0258
2010-10-27,8.0014
2010-10-26,7.9801
2010-10-25,7.9545
2010-10-22,7.9304
2010-10-21,7.9094
2010-10-20,7.8791
2010-10-19,7.862
2010-10-18,7.8421
2010-10-15,7.8115
2010-10-14,7.7707
2010-10-13,7.7522
2010-10-12,7.7279
2010-10-11,7.7011
2010-10-08,7.6812
2010-10-07,7.6484
2010-10-06,7.6087
2010-10-05,7.568
2010-10-04,7.5089
2010-10-01,7.4674
2010-09-30,7.4212
2010-09-29,7.3597
2010-09-28,7.2743
2010-09-27,7.1846
2010-09-24,7.1027
2010-09-23,7.0131
2010-09-22,6.9481
2010-09-21,6.8798
2010-09-20,6.8195
2010-09-17,6.7606
2010-09-16,6.7087
2010-09-15,6.6625
2010-09-14,6.6211
2010-09-13,6.5719
2010-09-10,6.5209
2010-09-09,6.4812
2010-09-08,6.445
2010-09-07,6.4221
2010-09-03,6.4012
2010-09-02,6.375
2010-09-01,6.3565
2010-08-31,6.3443
2010-08-30,6.3382
2010-08-27,6.3289
2010-08-26,6.3071
2010-08-25,6.2871
2010-08-24,6.2628
2010-08-23,6.2443
2010-08-20,6.2238
2010-08-19,6.2015
2010-08-18,6.1828
2010-08-17,6.1522
2010-08-16,6.1303
2010-08-13,6.115
2010-08-12,6.0995
2010-08-11,6.0883
2010-08-10,6.0818
2010-08-09,6.0659
2010-08-06,6.0426
2010-08-05,6.015
2010-08-04,5.9859
2010-08-03,5.9506
2010-08-02,5.9197
2010-07-30,5.8923
2010-07-29,5.875
2010-07-28,5.856
2010-07-27,5.8347
2010-07-26,5.8364
2010-07-23,5.8429
2010-07-22,5.8415
2010-07-21,5.845
2010-07-20,5.8572
2010-07-19,5.8633
2010-07-16,5.878
2010-07-15,5.8965
2010-07-14,5.9086
2010-07-13,5.9175
2010-07-12,5.9179
2010-07-09,5.9267
2010-07-08,5.9416
2010-07-07,5.9458
2010-07-06,5.9594
2010-07-02,5.9892
2010-07-01,6.0233
2010-06-30,6.0678
2010-06-29,6.1104
2010-06-28,6.147
2010-06-25,6.1662
2010-06-24,6.1804
2010-06-23,6.1926
2010-06-22,6.2011
2010-06-21,6.2007
2010-06-18,6.2011
2010-06-17,6.1858
2010-06-16,6.1825
2010-06-15,6.181
2010-06-14,6.1862
2010-06-11,6.1979
2010-06-10,6.219
2010-06-09,6.2457
2010-06-08,6.277
2010-06-07,6.3082
2010-06-04,6.3156
2010-06-03,6.3305
2010-06-02,6.3359
2010-06-01,6.3447
2010-05-28,6.3803
2010-05-27,6.4094
2010-05-26,6.447
2010-05-25,6.4873
2010-05-24,6.5302
2010-05-21,6.5927
2010-05-20,6.645
2010-05-19,6.7209
2010-05-18,6.7755
2010-05-17,6.8203
2010-05-14,6.8541
2010-05-13,6.8882
2010-05-12,6.9241
2010-05-11,6.9501
2010-05-10,6.9744
2010-05-07,6.9992
2010-05-06,7.0369
2010-05-05,7.0675
2010-05-04,7.0773
2010-05-03,7.0917
2010-04-30,7.0767
2010-04-29,7.0634
2010-04-28,7.0485
2010-04-27,7.0416
2010-04-26,7.0243
2010-04-23,6.9942
2010-04-22,6.972
2010-04-21,6.9168
2010-04-20,6.8739
2010-04-19,6.8396
2010-04-16,6.8094
2010-04-15,6.7859
2010-04-14,6.7497
2010-04-13,6.7184
2010-04-12,6.6959
2010-04-09,6.6724
2010-04-08,6.6562
2010-04-07,6.6301
2010-04-06,6.615
2010-04-05,6.6013
2010-04-01,6.5949
2010-03-31,6.5867
2010-03-30,6.562
2010-03-29,6.5344
2010-03-26,6.5079
2010-03-25,6.4663
2010-03-24,6.4249
2010-03-23,6.4041
2010-03-22,6.3741
2010-03-19,6.3429
2010-03-18,6.3109
2010-03-17,6.2742
2010-03-16,6.2366
2010-03-15,6.2009
2010-03-12,6.1723
2010-03-11,6.1429
2010-03-10,6.1024
2010-03-09,6.0712
2010-03-08,6.0412
2010-03-05,6.0094
2010-03-04,5.977
2010-03-03,5.9534
2010-03-02,5.934
2010-03-01,5.9173
2010-02-26,5.9195
2010-02-25,5.9386
2010-02-24,5.95
2010-02-23,5.9494
2010-02-22,5.957
2010-02-19,5.9656
2010-02-18,5.9883
2010-02-17,6.0076
2010-02-16,6.0358
2010-02-12,6.0599
2010-02-11,6.0791
2010-02-10,6.1016
2010-02-09,6.1266
2010-02-08,6.1573
2010-02-05,6.199
2010-02-04,6.2306
2010-02-03,6.2713
2010-02-02,6.3103
2010-02-01,6.3498
2010-01-29,6.3889
2010-01-28,6.4166
2010-01-27,6.45
2010-01-26,6.4914
2010-01-25,6.5389
2010-01-22,6.5855
2010-01-21,6.6163
2010-01-20,6.6317
2010-01-19,6.6385
2010-01-15,6.6367
2010-01-14,6.6398
2010-01-13,6.647
2010-01-12,6.6526
2010-01-11,6.6696
2010-01-08,6.6823
2010-01-07,6.6768
2010-01-06,6.6871
2010-01-05,6.692
2010-01-04,6.6992
2009-12-31,6.7174
2009-12-30,6.7367
2009-12-29,6.7417
2009-12-28,6.733
2009-12-24,6.714
2009-12-23,6.7029
2009-12-22,6.6879
2009-12-21,6.6861
2009-12-18,6.6782
2009-12-17,6.6795
2009-12-16,6.6905
2009-12-15,6.6977
2009-12-14,6.7011
2009-12-11,6.7051
2009-12-10,6.696
2009-12-09,6.6823
2009-12-08,6.6794
2009-12-07,6.6608
2009-12-04,6.6408
2009-12-03,6.5984
2009-12-02,6.5382
2009-12-01,6.4785
2009-11-30,6.4294
2009-11-27,6.3866
2009-11-25,6.3637
2009-11-24,6.3327
2009-11-23,6.3056
2009-11-20,6.2847
2009-11-19,6.2567
2009-11-18,6.1679
2009-11-17,6.0732
2009-11-16,5.9825
2009-11-13,5.8903
2009-11-12,5.7961
2009-11-11,5.7098
2009-11-10,5.6287
2009-11-09,5.5404
2009-11-06,5.4577
2009-11-05,5.3815
2009-11-04,5.318
2009-11-03,5.2602
2009-11-02,5.1916
2009-10-30,5.1161
2009-10-29,5.0437
2009-10-28,4.9649
2009-10-27,4.8942
2009-10-26,4.8183
2009-10-23,4.7372
2009-10-22,4.6673
2009-10-21,4.664
2009-10-20,4.6614
2009-10-19,4.6583
2009-10-16,4.648
2009-10-15,4.6354
2009-10-14,4.6215
2009-10-13,4.6046
2009-10-12,4.5764
2009-10-09,4.552
2009-10-08,4.5241
2009-10-07,4.4957
2009-10-06,4.4663
2009-10-05,4.4413
2009-10-02,4.4168
2009-10-01,4.3883
2009-09-30,4.3561
2009-09-29,4.3206
2009-09-28,4.2943
2009-09-25,4.2706
2009-09-24,4.2551
2009-09-23,4.2348
2009-09-22,4.2144
2009-09-21,4.1912
2009-09-18,4.1773
2009-09-17,4.1619
2009-09-16,4.1433
2009-09-15,4.1218
2009-09-14,4.1156
2009-09-11,4.1149
2009-09-10,4.115
2009-09-09,4.1203
2009-09-08,4.1236
2009-09-04,4.1325
2009-09-03,4.1486
2009-09-02,4.1636
2009-09-01,4.179
2009-08-31,4.1956
2009-08-28,4.2112
2009-08-27,4.2187
2009-08-26,4.2232
2009-08-25,4.224
2009-08-24,4.226
2009-08-21,4.2253
2009-08-20,4.2291
2009-08-19,4.2535
2009-08-18,4.268
2009-08-17,4.2852
2009-08-14,4.3031
2009-08-13,4.3088
2009-08-12,4.3126
2009-08-11,4.3091
2009-08-10,4.305
2009-08-07,4.2976
2009-08-06,4.2784
2009-08-05,4.2625
2009-08-04,4.2451
2009-08-03,4.2197
2009-07-31,4.1964
2009-07-30,4.1803
2009-07-29,4.169
2009-07-28,4.1673
2009-07-27,4.1625
2009-07-24,4.1616
2009-07-23,4.1508
2009-07-22,4.1143
2009-07-21,4.0866
2009-07-20,4.0619
2009-07-17,4.0487
2009-07-16,4.0381
2009-07-15,4.0295
2009-07-14,4.0235
2009-07-13,4.0265
2009-07-10,4.0331
2009-07-09,4.0532
2009-07-08,4.0744
2009-07-07,4.0987
2009-07-06,4.1256
2009-07-02,4.1492
2009-07-01,4.1647
2009-06-30,4.1749
2009-06-29,4.1781
2009-06-26,4.1781
2009-06-25,4.1634
2009-06-24,4.152
2009-06-23,4.1466
2009-06-22,4.1484
2009-06-19,4.1396
2009-06-18,4.1221
2009-06-17,4.113
2009-06-16,4.1011
2009-06-15,4.0856
2009-06-12,4.0616
2009-06-11,4.0392
2009-06-10,4.0105
2009-06-09,3.9888
2009-06-08,3.9676
2009-06-05,3.9466
2009-06-04,3.9259
2009-06-03,3.9171
2009-06-02,3.9076
2009-06-01,3.8947
2009-05-29,3.8845
2009-05-28,3.8908
2009-05-27,3.8962
2009-05-26,3.9094
2009-05-22,3.9213
2009-05-21,3.9433
2009-05-20,3.9549
2009-05-19,3.958
2009-05-18,3.9602
2009-05-15,3.9642
2009-05-14,3.9754
2009-05-13,3.9807
2009-05-12,3.982
2009-05-11,3.9802
2009-05-08,3.9811
2009-05-07,3.9856
2009-05-06,3.9799
2009-05-05,3.9637
2009-05-04,3.9539
2009-05-01,3.9499
2009-04-30,3.9433
2009-04-29,3.9258
2009-04-28,3.9099
2009-04-27,3.8825
2009-04-24,3.851
2009-04-23,3.8241
2009-04-22,3.8036
2009-04-21,3.7871
2009-04-20,3.7792
2009-04-17,3.7602
2009-04-16,3.7403
2009-04-15,3.7253
2009-04-14,3.7169
2009-04-13,3.6913
2009-04-09,3.6656
2009-04-08,3.6401
2009-04-07,3.619
2009-04-06,3.5945
2009-04-03,3.5507
2009-04-02,3.5095
2009-04-01,3.4806
2009-03-31,3.4589
2009-03-30,3.4295
2009-03-27,3.4059
2009-03-26,3.3916
2009-03-25,3.3632
2009-03-24,3.3415
2009-03-23,3.3239
2009-03-20,3.2892
2009-03-19,3.274
2009-03-18,3.2536
2009-03-17,3.2314
2009-03-16,3.2072
2009-03-13,3.1979
2009-03-12,3.1862
2009-03-11,3.1731
2009-03-10,3.1601
2009-03-09,3.1626
2009-03-06,3.1777
2009-03-05,3.1814
2009-03-04,3.1722
2009-03-03,3.1691
2009-03-02,3.1677
2009-02-27,3.1598
2009-02-26,3.1228
2009-02-25,3.0929
2009-02-24,3.0547
2009-02-23,3.0148
2009-02-20,2.9871
2009-02-19,2.9523
2009-02-18,2.9238
2009-02-17,2.889
2009-02-13,2.8638
2009-02-12,2.8342
2009-02-11,2.7956
2009-02-10,2.7633
2009-02-09,2.7348
2009-02-06,2.7068
2009-02-05,2.6833
2009-02-04,2.6659
2009-02-03,2.6566
2009-02-02,2.6328
2009-01-30,2.6158
2009-01-29,2.597
2009-01-28,2.5989
2009-01-27,2.5965
2009-01-26,2.6048
2009-01-23,2.6094
2009-01-22,2.6105
2009-01-21,2.6102
2009-01-20,2.6128
2009-01-16,2.6219
2009-01-15,2.6259
2009-01-14,2.6288
2009-01-13,2.6297
2009-01-12,2.6292
2009-01-09,2.6201
2009-01-08,2.6055
2009-01-07,2.5908
2009-01-06,2.5788
2009-01-05,2.556
2009-01-02,2.5392
2008-12-31,2.5163
2008-12-30,2.4911
2008-12-29,2.4654
2008-12-26,2.4486
2008-12-24,2.4291
2008-12-23,2.4059
2008-12-22,2.3845
2008-12-19,2.3546
2008-12-18,2.3132
2008-12-17,2.2726
2008-12-16,2.2358
2008-12-15,2.2034
2008-12-12,2.1857
2008-12-11,2.1699
2008-12-10,2.1532
2008-12-09,2.1447
2008-12-08,2.1377
2008-12-05,2.1322
2008-12-04,2.1296
2008-12-03,2.1412
2008-12-02,2.1743
2008-12-01,2.2108
2008-11-28,2.2527
2008-11-26,2.2877
2008-11-25,2.3201
2008-11-24,2.3547
2008-11-21,2.3724
2008-11-20,2.4001
2008-11-19,2.4383
2008-11-18,2.4737
2008-11-17,2.5032
2008-11-14,2.5364
2008-11-13,2.5586
2008-11-12,2.572
2008-11-11,2.5899
2008-11-10,2.6138
2008-11-07,2.6477
2008-11-06,2.6653
2008-11-05,2.6873
2008-11-04,2.7099
2008-11-03,2.7101
2008-10-31,2.7337
2008-10-30,2.7581
2008-10-29,2.7847
2008-10-28,2.8165
2008-10-27,2.8583
2008-10-24,2.8927
2008-10-23,2.947
2008-10-22,3.0014
2008-10-21,3.0514
2008-10-20,3.1052
2008-10-17,3.1601
2008-10-16,3.236
2008-10-15,3.3015
2008-10-14,3.3585
2008-10-13,3.4157
2008-10-10,3.454
2008-10-09,3.5091
2008-10-08,3.5679
2008-10-07,3.6072
2008-10-06,3.6585
2008-10-03,3.6983
2008-10-02,3.7288
2008-10-01,3.7555
2008-09-30,3.7835
2008-09-29,3.8051
2008-09-26,3.8487
2008-09-25,3.8805
2008-09-24,3.9047
2008-09-23,3.9342
2008-09-22,3.9619
2008-09-19,3.9877
2008-09-18,3.9934
2008-09-17,4.0074
2008-09-16,4.0318
2008-09-15,4.0428
2008-09-12,4.0654
2008-09-11,4.0897
2008-09-10,4.1077
2008-09-09,4.134
2008-09-08,4.1566
2008-09-05,4.155
2008-09-04,4.1494
2008-09-03,4.1495
2008-09-02,4.1454
2008-08-29,4.1311
2008-08-28,4.1185
2008-08-27,4.1008
2008-08-26,4.092
2008-08-25,4.0831
2008-08-22,4.0659
2008-08-21,4.0485
2008-08-20,4.0372
2008-08-19,4.0082
2008-08-18,3.9749
2008-08-15,3.9383
2008-08-14,3.8951
2008-08-13,3.8553
2008-08-12,3.8182
2008-08-11,3.7677
2008-08-08,3.7131
2008-08-07,3.6832
2008-08-06,3.6674
2008-08-05,3.6487
2008-08-04,3.6385
2008-08-01,3.6305
2008-07-31,3.6211
2008-07-30,3.6089
2008-07-29,3.5974
2008-07-28,3.5852
2008-07-25,3.5819
2008-07-24,3.5769
2008-07-23,3.5813
2008-07-22,3.6041
2008-07-21,3.6359
2008-07-18,3.6674
2008-07-17,3.7053
2008-07-16,3.7313
2008-07-15,3.7591
2008-07-14,3.7958
2008-07-11,3.828
2008-07-10,3.847
2008-07-09,3.8637
2008-07-08,3.8862
2008-07-07,3.8972
2008-07-03,3.9175
2008-07-02,3.9488
2008-07-01,3.9739
2008-06-30,3.9902
2008-06-27,4.0074
2008-06-26,4.0248
2008-06-25,4.0349
2008-06-24,4.0339
2008-06-23,4.0363
2008-06-20,4.0305
2008-06-19,4.0259
2008-06-18,4.011
2008-06-17,4.0065
2008-06-16,4.0048
2008-06-13,3.9917
2008-06-12,3.9841
2008-06-11,3.9792
2008-06-10,3.9724
2008-06-09,3.9597
2008-06-06,3.9421
2008-06-05,3.9225
2008-06-04,3.8942
2008-06-03,3.8797
2008-06-02,3.8692
2008-05-30,3.8619
2008-05-29,3.8563
2008-05-28,3.852
2008-05-27,3.8536
2008-05-23,3.857
2008-05-22,3.8633
2008-05-21,3.8594
2008-05-20,3.8661
2008-05-19,3.8633
2008-05-16,3.858
2008-05-15,3.8671
2008-05-14,3.8619
2008-05-13,3.8629
2008-05-12,3.8578
2008-05-09,3.853
2008-05-08,3.8519
2008-05-07,3.857
2008-05-06,3.86
2008-05-05,3.864
2008-05-02,3.8665
2008-05-01,3.8654
2008-04-30,3.8543
2008-04-29,3.8512
2008-04-28,3.8411
2008-04-25,3.8144
2008-04-24,3.7866
2008-04-23,3.7694
2008-04-22,3.7514
2008-04-21,3.7403
2008-04-18,3.7298
2008-04-17,3.7125
2008-04-16,3.7028
2008-04-15,3.6956
2008-04-14,3.6807
2008-04-11,3.6697
2008-04-10,3.6605
2008-04-09,3.6397
2008-04-08,3.6216
2008-04-07,3.587
2008-04-04,3.555
2008-04-03,3.5197
2008-04-02,3.4948
2008-04-01,3.4648
2008-03-31,3.4291
2008-03-28,3.412
2008-03-27,3.4072
2008-03-26,3.4074
2008-03-25,3.4021
2008-03-24,3.3974
2008-03-20,3.3877
2008-03-19,3.3795
2008-03-18,3.3882
2008-03-17,3.3891
2008-03-14,3.4052
2008-03-13,3.4241
2008-03-12,3.4477
2008-03-11,3.4675
2008-03-10,3.4876
2008-03-07,3.5127
2008-03-06,3.5297
2008-03-05,3.5441
2008-03-04,3.5618
2008-03-03,3.5834
2008-02-29,3.6139
2008-02-28,3.6469
2008-02-27,3.6628
2008-02-26,3.6705
2008-02-25,3.6809
2008-02-22,3.6917
2008-02-21,3.7057
2008-02-20,3.7158
2008-02-19,3.7279
2008-02-15,3.7471
2008-02-14,3.765
2008-02-13,3.7764
2008-02-12,3.7827
2008-02-11,3.8037
2008-02-08,3.8185
2008-02-07,3.8454
2008-02-06,3.8811
2008-02-05,3.9296
2008-02-04,3.9714
2008-02-01,4.0085
2008-01-31,4.06
2008-01-30,4.1064
2008-01-29,4.1524
2008-01-28,4.2037
2008-01-25,4.2498
2008-01-24,4.2879
2008-01-23,4.3212
2008-01-22,4.3645
2008-01-18,4.3947
2008-01-17,4.4188
2008-01-16,4.4357
2008-01-15,4.4475
2008-01-14,4.4696
2008-01-11,4.4935
2008-01-10,4.519
2008-01-09,4.5352
2008-01-08,4.5547
2008-01-07,4.5708
2008-01-04,4.5842
2008-01-03,4.5952
2008-01-02,4.5932
2007-12-31,4.5799
2007-12-28,4.5747
2007-12-27,4.5614
2007-12-26,4.5516
2007-12-24,4.5334
2007-12-21,4.5092
2007-12-20,4.4846
2007-12-19,4.4575
2007-12-18,4.4351
2007-12-17,4.4158
2007-12-14,4.3996
2007-12-13,4.3715
2007-12-12,4.3368
2007-12-11,4.3082
2007-12-10,4.2738
2007-12-07,4.2385
2007-12-06,4.2117
2007-12-05,4.1938
2007-12-04,4.179
2007-12-03,4.1539
2007-11-30,4.1415
2007-11-29,4.1343
2007-11-28,4.1343
2007-11-27,4.1291
2007-11-26,4.1404
2007-11-23,4.1621
2007-11-21,4.1791
2007-11-20,4.2015
2007-11-19,4.2526
2007-11-16,4.2829
2007-11-15,4.3108
2007-11-14,4.3408
2007-11-13,4.3709
2007-11-12,4.395
2007-11-09,4.4289
2007-11-08,4.4626
2007-11-07,4.477
2007-11-06,4.496
2007-11-05,4.5161
2007-11-02,4.5448
2007-11-01,4.5635
2007-10-31,4.575
2007-10-30,4.5832
2007-10-29,4.5935
2007-10-26,4.6018
2007-10-25,4.6097
2007-10-24,4.6226
2007-10-23,4.6344
2007-10-22,4.616
2007-10-19,4.6193
2007-10-18,4.6231
2007-10-17,4.6226
2007-10-16,4.6187
2007-10-15,4.6168
2007-10-12,4.6077
2007-10-11,4.5962
2007-10-10,4.591
2007-10-09,4.5726
2007-10-08,4.55
2007-10-05,4.5188
2007-10-04,4.4965
2007-10-03,4.4814
2007-10-02,4.4596
2007-10-01,4.4354
2007-09-28,4.4017
2007-09-27,4.3655
2007-09-26,4.3297
2007-09-25,4.2867
2007-09-24,4.2496
2007-09-21,4.2162
2007-09-20,4.1812
2007-09-19,4.1534
2007-09-18,4.1246
2007-09-17,4.0895
2007-09-14,4.0597
2007-09-13,4.0223
2007-09-12,3.9851
2007-09-11,3.9505
2007-09-10,3.9219
2007-09-07,3.9006
2007-09-06,3.8745
2007-09-05,3.8535
2007-09-04,3.8419
2007-08-31,3.8327
2007-08-30,3.8249
2007-08-29,3.8275
2007-08-28,3.8231
2007-08-27,3.8289
2007-08-24,3.839
2007-08-23,3.851
2007-08-22,3.8678
2007-08-21,3.887
2007-08-20,3.8664
2007-08-17,3.859
2007-08-16,3.8505
2007-08-15,3.8519
2007-08-14,3.8543
2007-08-13,3.8551
2007-08-10,3.8522
2007-08-09,3.853
2007-08-08,3.8497
2007-08-07,3.832
2007-08-06,3.8099
2007-08-03,3.7926
2007-08-02,3.773
2007-08-01,3.7455
2007-07-31,3.7259
2007-07-30,3.7036
2007-07-27,3.6678
2007-07-26,3.63
2007-07-25,3.5903
2007-07-24,3.5435
2007-07-23,3.5421
2007-07-20,3.5349
2007-07-19,3.53
2007-07-18,3.5193
2007-07-17,3.5106
2007-07-16,3.5057
2007-07-13,3.5024
2007-07-12,3.4945
2007-07-11,3.4898
2007-07-10,3.4881
2007-07-09,3.4904
2007-07-06,3.4933
2007-07-05,3.501
2007-07-03,3.5099
2007-07-02,3.5204
2007-06-29,3.5224
2007-06-28,3.5228
2007-06-27,3.5234
2007-06-26,3.5277
2007-06-25,3.5331
2007-06-22,3.5328
2007-06-21,3.5341
2007-06-20,3.5324
2007-06-19,3.5318
2007-06-18,3.5281
2007-06-15,3.5067
2007-06-14,3.4812
2007-06-13,3.4594
2007-06-12,3.4336
2007-06-11,3.4127
2007-06-08,3.3886
2007-06-07,3.3578
2007-06-06,3.3349
2007-06-05,3.3087
2007-06-04,3.2766
2007-06-01,3.2587
2007-05-31,3.2427
2007-05-30,3.2228
2007-05-29,3.2011
2007-05-25,3.1804
2007-05-24,3.1655
2007-05-23,3.1491
2007-05-22,3.1186
2007-05-21,3.0583
2007-05-18,2.9995
2007-05-17,2.9536
2007-05-16,2.9098
2007-05-15,2.8642
2007-05-14,2.8254
2007-05-11,2.7842
2007-05-10,2.7363
2007-05-09,2.6897
2007-05-08,2.6368
2007-05-07,2.5868
2007-05-04,2.5389
2007-05-03,2.4851
2007-05-02,2.4334
2007-05-01,2.3834
2007-04-30,2.3315
2007-04-27,2.2777
2007-04-26,2.2207
2007-04-25,2.162
2007-04-24,2.1184
2007-04-23,2.1041
2007-04-20,2.0896
2007-04-19,2.076
2007-04-18,2.0639
2007-04-17,2.0478
2007-04-16,2.0313
2007-04-13,2.0129
2007-04-12,2.0013
2007-04-11,1.9909
2007-04-10,1.9812
2007-04-09,1.9736
2007-04-05,1.9665
2007-04-04,1.9576
2007-04-03,1.9497
2007-04-02,1.9431
2007-03-30,1.9347
2007-03-29,1.9295
2007-03-28,1.9271
2007-03-27,1.9266
2007-03-26,1.9252
2007-03-23,1.9299
2007-03-22,1.9344
2007-03-21,1.9382
2007-03-20,1.9418
2007-03-19,1.9491
2007-03-16,1.9538
2007-03-15,1.9594
2007-03-14,1.9653
2007-03-13,1.9683
2007-03-12,1.9709
2007-03-09,1.9707
2007-03-08,1.9713
2007-03-07,1.9735
2007-03-06,1.9733
2007-03-05,1.9698
2007-03-02,1.9706
2007-03-01,1.9731
2007-02-28,1.9702
2007-02-27,1.965
2007-02-26,1.9615
2007-02-23,1.9514
2007-02-22,1.9421
2007-02-21,1.9328
2007-02-20,1.9207
2007-02-16,1.9093
2007-02-15,1.901
2007-02-14,1.8933
2007-02-13,1.8877
2007-02-12,1.8861
2007-02-09,1.8844
2007-02-08,1.8811
2007-02-07,1.8763
2007-02-06,1.8733
2007-02-05,1.8713
2007-02-02,1.8744
2007-02-01,1.8781
2007-01-31,1.8781
2007-01-30,1.8826
2007-01-29,1.8905
2007-01-26,1.8977
2007-01-25,1.905
2007-01-24,1.9129
2007-01-23,1.9195
2007-01-22,1.9285
2007-01-19,1.9346
2007-01-18,1.9402
2007-01-17,1.9478
2007-01-16,1.9507
2007-01-12,1.9503
2007-01-11,1.9509
2007-01-10,1.9541
2007-01-09,1.9574
2007-01-08,1.9583
2007-01-05,1.9618
2007-01-04,1.9633
2007-01-03,1.9638
2006-12-29,1.9656
2006-12-28,1.9678
2006-12-27,1.9688
2006-12-26,1.9704
2006-12-22,1.973
2006-12-21,1.9784
2006-12-20,1.9861
2006-12-19,1.9924
2006-12-18,2.0
2006-12-15,2.0082
2006-12-14,2.0153
2006-12-13,2.0242
2006-12-12,2.0318
2006-12-11,2.0356
2006-12-08,2.037
2006-12-07,2.038
2006-12-06,2.0413
2006-12-05,2.041
2006-12-04,2.0391
2006-12-01,2.035
2006-11-30,2.0301
2006-11-29,2.0231
2006-11-28,2.0168
2006-11-27,2.0099
2006-11-24,2.0033
2006-11-22,1.9931
2006-11-21,1.9799
2006-11-20,1.9576
2006-11-17,1.9337
2006-11-16,1.9087
2006-11-15,1.883
2006-11-14,1.8573
2006-11-13,1.8347
2006-11-10,1.8162
2006-11-09,1.8013
2006-11-08,1.7881
2006-11-07,1.7717
2006-11-06,1.7563
2006-11-03,1.7443
2006-11-02,1.7321
2006-11-01,1.7218
2006-10-31,1.7098
2006-10-30,1.6942
2006-10-27,1.676
2006-10-26,1.6607
2006-10-25,1.6445
2006-10-24,1.6312
2006-10-23,1.6283
2006-10-20,1.6256
2006-10-19,1.6213
2006-10-18,1.6155
2006-10-17,1.615
2006-10-16,1.6128
2006-10-13,1.6115
2006-10-12,1.6095
2006-10-11,1.6047
2006-10-10,1.6016
2006-10-09,1.5994
2006-10-06,1.5929
2006-10-05,1.5877
2006-10-04,1.5787
2006-10-03,1.5738
2006-10-02,1.5748
2006-09-29,1.577
2006-09-28,1.5738
2006-09-27,1.5708
2006-09-26,1.5638
2006-09-25,1.5548
2006-09-22,1.5454
2006-09-21,1.5383
2006-09-20,1.5331
2006-09-19,1.5237
2006-09-18,1.5151
2006-09-15,1.5077
2006-09-14,1.4991
2006-09-13,1.4898
2006-09-12,1.4801
2006-09-11,1.4671
2006-09-08,1.4553
2006-09-07,1.4453
2006-09-06,1.4365
2006-09-05,1.4254
2006-09-01,1.4117
2006-08-31,1.4006
2006-08-30,1.3902
2006-08-29,1.3788
2006-08-28,1.3708
2006-08-25,1.3657
2006-08-24,1.3636
2006-08-23,1.36
2006-08-22,1.3553
2006-08-21,1.3684
2006-08-18,1.3838
2006-08-17,1.394
2006-08-16,1.4067
2006-08-15,1.4231
2006-08-14,1.4374
2006-08-11,1.4552
2006-08-10,1.4723
2006-08-09,1.4904
2006-08-08,1.5115
2006-08-07,1.5347
2006-08-04,1.5573
2006-08-03,1.5793
2006-08-02,1.6046
2006-08-01,1.6321
2006-07-31,1.6629
2006-07-28,1.6923
2006-07-27,1.7207
2006-07-26,1.7461
2006-07-25,1.7716
2006-07-24,1.7796
2006-07-21,1.7852
2006-07-20,1.7931
2006-07-19,1.7993
2006-07-18,1.8018
2006-07-17,1.8057
2006-07-14,1.8093
2006-07-13,1.8144
2006-07-12,1.8143
2006-07-11,1.8114
2006-07-10,1.8062
2006-07-07,1.8014
2006-07-06,1.795
2006-07-05,1.7875
2006-07-03,1.7782
2006-06-30,1.7654
2006-06-29,1.7556
2006-06-28,1.747
2006-06-27,1.7418
2006-06-26,1.7372
2006-06-23,1.7354
2006-06-22,1.7331
2006-06-21,1.7302
2006-06-20,1.7229
2006-06-19,1.7213
2006-06-16,1.7185
2006-06-15,1.7123
2006-06-14,1.7039
2006-06-13,1.7016
2006-06-12,1.6999
2006-06-09,1.6977
2006-06-08,1.6968
2006-06-07,1.6984
2006-06-06,1.701
2006-06-05,1.7042
2006-06-02,1.7081
2006-06-01,1.7074
2006-05-31,1.7046
2006-05-30,1.704
2006-05-26,1.7039
2006-05-25,1.7018
2006-05-24,1.702
2006-05-23,1.7035
2006-05-22,1.708
2006-05-19,1.7104
2006-05-18,1.7156
2006-05-17,1.725
2006-05-16,1.7382
2006-05-15,1.747
2006-05-12,1.7532
2006-05-11,1.7629
2006-05-10,1.7694
2006-05-09,1.7742
2006-05-08,1.7786
2006-05-05,1.7846
2006-05-04,1.7933
2006-05-03,1.8004
2006-05-02,1.8075
2006-05-01,1.8119
2006-04-28,1.8167
2006-04-27,1.8204
2006-04-26,1.8218
2006-04-25,1.8216
2006-04-24,1.8208
2006-04-21,1.82
2006-04-20,1.8191
2006-04-19,1.8183
2006-04-18,1.8159
2006-04-17,1.8157
2006-04-13,1.8175
2006-04-12,1.8179
2006-04-11,1.8198
2006-04-10,1.8219
2006-04-07,1.8209
2006-04-06,1.8187
2006-04-05,1.8127
2006-04-04,1.8114
2006-04-03,1.8118
2006-03-31,1.8136
2006-03-30,1.8153
2006-03-29,1.8158
2006-03-28,1.8178
2006-03-27,1.8222
2006-03-24,1.8291
2006-03-23,1.8363
2006-03-22,1.8419
2006-03-21,1.8487
2006-03-20,1.8546
2006-03-17,1.862
2006-03-16,1.8699
2006-03-15,1.8761
2006-03-14,1.8795
2006-03-13,1.8819
2006-03-10,1.8877
2006-03-09,1.8921
2006-03-08,1.8973
2006-03-07,1.899
2006-03-06,1.9016
2006-03-03,1.9053
2006-03-02,1.9191
2006-03-01,1.9368
2006-02-28,1.9561
2006-02-27,1.9749
2006-02-24,1.9929
2006-02-23,2.0087
2006-02-22,2.023
2006-02-21,2.0362
2006-02-17,2.0498
2006-02-16,2.0617
2006-02-15,2.0749
2006-02-14,2.0876
2006-02-13,2.1019
2006-02-10,2.1183
2006-02-09,2.1329
2006-02-08,2.1502
2006-02-07,2.169
2006-02-06,2.1929
2006-02-03,2.2177
2006-02-02,2.241
2006-02-01,2.2522
2006-01-31,2.2612
2006-01-30,2.2671
2006-01-27,2.2746
2006-01-26,2.2817
2006-01-25,2.2914
2006-01-24,2.3055
2006-01-23,2.3185
2006-01-20,2.3316
2006-01-19,2.3421
2006-01-18,2.3519
2006-01-17,2.3642
2006-01-13,2.3779
2006-01-12,2.3904
2006-01-11,2.4032
2006-01-10,2.4136
2006-01-09,2.4213
2006-01-06,2.4245
2006-01-05,2.4269
2006-01-04,2.4309
2006-01-03,2.4348
2005-12-30,2.4385
2005-12-29,2.4432
2005-12-28,2.4443
2005-12-27,2.4456
2005-12-23,2.445
2005-12-22,2.4421
2005-12-21,2.4397
2005-12-20,2.4394
2005-12-19,2.439
2005-12-16,2.438
2005-12-15,2.4319
2005-12-14,2.4214
2005-12-13,2.409
2005-12-12,2.3916
2005-12-09,2.3756
2005-12-08,2.3592
2005-12-07,2.3418
2005-12-06,2.3246
2005-12-05,2.305
2005-12-02,2.2856
2005-12-01,2.2669
2005-11-30,2.2462
2005-11-29,2.226
2005-11-28,2.2043
2005-11-25,2.1808
2005-11-23,2.1583
2005-11-22,2.1371
2005-11-21,2.1304
2005-11-18,2.1277
2005-11-17,2.1226
2005-11-16,2.1183
2005-11-15,2.1197
2005-11-14,2.1202
2005-11-11,2.1264
2005-11-10,2.1292
2005-11-09,2.1303
2005-11-08,2.1332
2005-11-07,2.1368
2005-11-04,2.1427
2005-11-03,2.1493
2005-11-02,2.1554
2005-11-01,2.1648
2005-10-31,2.1762
2005-10-28,2.1916
2005-10-27,2.2074
2005-10-26,2.2218
2005-10-25,2.2308
2005-10-24,2.2233
2005-10-21,2.2143
2005-10-20,2.2049
2005-10-19,2.1976
2005-10-18,2.1861
2005-10-17,2.1791
2005-10-14,2.1734
2005-10-13,2.171
2005-10-12,2.1712
2005-10-11,2.1726
2005-10-10,2.1739
2005-10-07,2.1757
2005-10-06,2.1738
2005-10-05,2.1712
2005-10-04,2.1693
2005-10-03,2.166
2005-09-30,2.1548
2005-09-29,2.1461
2005-09-28,2.1409
2005-09-27,2.1387
2005-09-26,2.1378
2005-09-23,2.1353
2005-09-22,2.1356
2005-09-21,2.1364
2005-09-20,2.1418
2005-09-19,2.1465
2005-09-16,2.149
2005-09-15,2.1513
2005-09-14,2.1548
2005-09-13,2.1577
2005-09-12,2.1605
2005-09-09,2.1598
2005-09-08,2.1654
2005-09-07,2.1699
2005-09-06,2.1754
2005-09-02,2.1805
2005-09-01,2.1899
2005-08-31,2.199
2005-08-30,2.2075
2005-08-29,2.2175
2005-08-26,2.2229
2005-08-25,2.2298
2005-08-24,2.2383
2005-08-23,2.2415
2005-08-22,2.2273
2005-08-19,2.2127
2005-08-18,2.1983
2005-08-17,2.1838
2005-08-16,2.169
2005-08-15,2.1537
2005-08-12,2.1341
2005-08-11,2.1165
2005-08-10,2.0964
2005-08-09,2.0758
2005-08-08,2.0517
2005-08-05,2.0266
2005-08-04,2.0002
2005-08-03,1.9715
2005-08-02,1.9414
2005-08-01,1.9103
2005-07-29,1.8802
2005-07-28,1.8501
2005-07-27,1.8193
2005-07-26,1.7944
2005-07-25,1.7863
2005-07-22,1.779
2005-07-21,1.7727
2005-07-20,1.7659
2005-07-19,1.7589
2005-07-18,1.7527
2005-07-15,1.748
2005-07-14,1.7441
2005-07-13,1.7392
2005-07-12,1.7355
2005-07-11,1.7319
2005-07-08,1.7303
2005-07-07,1.7315
2005-07-06,1.7336
2005-07-05,1.7369
2005-07-01,1.7411
2005-06-30,1.7478
2005-06-29,1.7561
2005-06-28,1.764
2005-06-27,1.7685
2005-06-24,1.771
2005-06-23,1.772
2005-06-22,1.7716
2005-06-21,1.7724
2005-06-20,1.7731
2005-06-17,1.7727
2005-06-16,1.7734
2005-06-15,1.7727
2005-06-14,1.7715
2005-06-13,1.7702
2005-06-10,1.7678
2005-06-09,1.765
2005-06-08,1.7616
2005-06-07,1.7601
2005-06-06,1.7583
2005-06-03,1.7552
2005-06-02,1.7511
2005-06-01,1.745
2005-05-31,1.7368
2005-05-27,1.7307
2005-05-26,1.7229
2005-05-25,1.7156
2005-05-24,1.7067
2005-05-23,1.6997
2005-05-20,1.6943
2005-05-19,1.6881
2005-05-18,1.6833
2005-05-17,1.6781
2005-05-16,1.6733
2005-05-13,1.6694
2005-05-12,1.6672
2005-05-11,1.6675
2005-05-10,1.6687
2005-05-09,1.6697
2005-05-06,1.6696
2005-05-05,1.6698
2005-05-04,1.6722
2005-05-03,1.6743
2005-05-02,1.6795
2005-04-29,1.6842
2005-04-28,1.6884
2005-04-27,1.6927
2005-04-26,1.6992
2005-04-25,1.701
2005-04-22,1.7007
2005-04-21,1.7003
2005-04-20,1.6991
2005-04-19,1.6988
2005-04-18,1.701
2005-04-15,1.7039
2005-04-14,1.7063
2005-04-13,1.7061
2005-04-12,1.7058
2005-04-11,1.7057
2005-04-08,1.7061
2005-04-07,1.7068
2005-04-06,1.7081
2005-04-05,1.7106
2005-04-04,1.7132
2005-04-01,1.7153
2005-03-31,1.7194
2005-03-30,1.7225
2005-03-29,1.7252
2005-03-28,1.7296
2005-03-24,1.7336
2005-03-23,1.7381
2005-03-22,1.7405
2005-03-21,1.7444
2005-03-18,1.7485
2005-03-17,1.7523
2005-03-16,1.7566
2005-03-15,1.7622
2005-03-14,1.7669
2005-03-11,1.7698
2005-03-10,1.7724
2005-03-09,1.7748
2005-03-08,1.7771
2005-03-07,1.7767
2005-03-04,1.7752
2005-03-03,1.775
2005-03-02,1.7906
2005-03-01,1.808
2005-02-28,1.8276
2005-02-25,1.8452
2005-02-24,1.8635
2005-02-23,1.8801
2005-02-22,1.8971
2005-02-18,1.9113
2005-02-17,1.9259
2005-02-16,1.9426
2005-02-15,1.9633
2005-02-14,1.9844
2005-02-11,2.0057
2005-02-10,2.0228
2005-02-09,2.0391
2005-02-08,2.0534
2005-02-07,2.0673
2005-02-04,2.0839
2005-02-03,2.0972
2005-02-02,2.1122
2005-02-01,2.1129
2005-01-31,2.118
2005-01-28,2.1207
2005-01-27,2.1275
2005-01-26,2.1338
2005-01-25,2.142
2005-01-24,2.1453
2005-01-21,2.1417
2005-01-20,2.1376
2005-01-19,2.1302
2005-01-18,2.1176
2005-01-14,2.1062
2005-01-13,2.095
2005-01-12,2.091
2005-01-11,2.0863
2005-01-10,2.0818
2005-01-07,2.0748
2005-01-06,2.0686
2005-01-05,2.0627
2005-01-04,2.0538
2005-01-03,2.0472
2004-12-31,2.0361
2004-12-30,2.0258
2004-12-29,2.0133
2004-12-28,2.0005
2004-12-27,1.9863
2004-12-23,1.9784
2004-12-22,1.9779
2004-12-21,1.9749
2004-12-20,1.9715
2004-12-17,1.9705
2004-12-16,1.9714
2004-12-15,1.9711
2004-12-14,1.9687
2004-12-13,1.9699
2004-12-10,1.9714
2004-12-09,1.9709
2004-12-08,1.9666
2004-12-07,1.9633
2004-12-06,1.9611
2004-12-03,1.9538
2004-12-02,1.9458
2004-12-01,1.9352
2004-11-30,1.9258
2004-11-29,1.9144
2004-11-26,1.9023
2004-11-24,1.8907
2004-11-23,1.8794
2004-11-22,1.8682
2004-11-19,1.858
2004-11-18,1.8482
2004-11-17,1.8459
2004-11-16,1.842
2004-11-15,1.8377
2004-11-12,1.8336
2004-11-11,1.8289
2004-11-10,1.8295
2004-11-09,1.8343
2004-11-08,1.8413
2004-11-05,1.8484
2004-11-04,1.857
2004-11-03,1.8676
2004-11-02,1.8812
2004-11-01,1.893
2004-10-29,1.9078
2004-10-28,1.9236
2004-10-27,1.9396
2004-10-26,1.9562
2004-10-25,1.9702
2004-10-22,1.9851
2004-10-21,2.0009
2004-10-20,2.0068
2004-10-19,2.0144
2004-10-18,2.0268
2004-10-15,2.0368
2004-10-14,2.0478
2004-10-13,2.0565
2004-10-12,2.0621
2004-10-11,2.0682
2004-10-08,2.0679
2004-10-07,2.0643
2004-10-06,2.0566
2004-10-05,2.0482
2004-10-04,2.0421
2004-10-01,2.0364
2004-09-30,2.0332
2004-09-29,2.0266
2004-09-28,2.0199
2004-09-27,2.0171
2004-09-24,2.017
2004-09-23,2.0151
2004-09-22,2.0113
2004-09-21,2.0055
2004-09-20,1.9959
2004-09-17,1.9865
2004-09-16,1.9756
2004-09-15,1.9676
2004-09-14,1.9577
2004-09-13,1.9459
2004-09-10,1.9362
2004-09-09,1.9305
2004-09-08,1.9267
2004-09-07,1.9244
2004-09-03,1.9164
2004-09-02,1.9083
2004-09-01,1.8994
2004-08-31,1.8966
2004-08-30,1.8953
2004-08-27,1.8952
2004-08-26,1.8928
2004-08-25,1.8888
2004-08-24,1.8829
2004-08-23,1.8831
2004-08-20,1.8814
2004-08-19,1.8826
2004-08-18,1.9006
2004-08-17,1.9141
2004-08-16,1.936
2004-08-13,1.9561
2004-08-12,1.9836
2004-08-11,2.0145
2004-08-10,2.0469
2004-08-09,2.0781
2004-08-06,2.1124
2004-08-05,2.1445
2004-08-04,2.1792
2004-08-03,2.2139
2004-08-02,2.248
2004-07-30,2.2837
2004-07-29,2.3178
2004-07-28,2.3574
2004-07-27,2.3967
2004-07-26,2.4324
2004-07-23,2.465
2004-07-22,2.4926
2004-07-21,2.5051
2004-07-20,2.5157
2004-07-19,2.5226
2004-07-16,2.5316
2004-07-15,2.5382
2004-07-14,2.543
2004-07-13,2.5445
2004-07-12,2.5436
2004-07-09,2.5459
2004-07-08,2.5507
2004-07-07,2.5568
2004-07-06,2.5587
2004-07-02,2.5579
2004-07-01,2.55
2004-06-30,2.5444
2004-06-29,2.534
2004-06-28,2.521
2004-06-25,2.5066
2004-06-24,2.4888
2004-06-23,2.4703
2004-06-22,2.4473
2004-06-21,2.4278
2004-06-18,2.4058
2004-06-17,2.386
2004-06-16,2.3666
2004-06-15,2.3453
2004-06-14,2.3277
2004-06-10,2.3136
2004-06-09,2.2963
2004-06-08,2.2774
2004-06-07,2.2507
2004-06-04,2.2261
2004-06-03,2.2066
2004-06-02,2.1937
2004-06-01,2.1777
2004-05-28,2.1632
2004-05-27,2.1509
2004-05-26,2.1473
2004-05-25,2.153
2004-05-24,2.164
2004-05-21,2.178
2004-05-20,2.1908
2004-05-19,2.2105
2004-05-18,2.2206
2004-05-17,2.2286
2004-05-14,2.2412
2004-05-13,2.2473
2004-05-12,2.2558
2004-05-11,2.2652
2004-05-10,2.2749
2004-05-07,2.2917
2004-05-06,2.3072
2004-05-05,2.3139
2004-05-04,2.3194
2004-05-03,2.3269
2004-04-30,2.3311
2004-04-29,2.334
2004-04-28,2.3267
2004-04-27,2.3188
2004-04-26,2.3057
2004-04-23,2.2918
2004-04-22,2.281
2004-04-21,2.258
2004-04-20,2.2442
2004-04-19,2.2334
2004-04-16,2.2226
2004-04-15,2.2164
2004-04-14,2.2059
2004-04-13,2.1942
2004-04-12,2.1805
2004-04-08,2.1667
2004-04-07,2.1496
2004-04-06,2.1389
2004-04-05,2.1296
2004-04-02,2.1209
2004-04-01,2.1159
2004-03-31,2.115
2004-03-30,2.1148
2004-03-29,2.1103
2004-03-26,2.1108
2004-03-25,2.1141
2004-03-24,2.1182
2004-03-23,2.1265
2004-03-22,2.1317
2004-03-19,2.1395
2004-03-18,2.1455
2004-03-17,2.1496
2004-03-16,2.1547
2004-03-15,2.1632
2004-03-12,2.1765
2004-03-11,2.188
2004-03-10,2.2027
2004-03-09,2.2128
2004-03-08,2.2207
2004-03-05,2.2278
2004-03-04,2.2327
2004-03-03,2.2352
2004-03-02,2.2396
2004-03-01,2.2552
2004-02-27,2.2738
2004-02-26,2.2893
2004-02-25,2.3101
2004-02-24,2.3421
2004-02-23,2.3789
2004-02-20,2.4117
2004-02-19,2.4418
2004-02-18,2.4706
2004-02-17,2.5
2004-02-13,2.5255
2004-02-12,2.55
2004-02-11,2.5718
2004-02-10,2.5912
2004-02-09,2.6096
2004-02-06,2.624
2004-02-05,2.6337
2004-02-04,2.6483
2004-02-03,2.6674
2004-02-02,2.6883
2004-01-30,2.6973
2004-01-29,2.7029
2004-01-28,2.7119
2004-01-27,2.7157
2004-01-26,2.71
2004-01-23,2.7007
2004-01-22,2.6892
2004-01-21,2.6709
2004-01-20,2.6535
2004-01-16,2.6339
2004-01-15,2.6135
2004-01-14,2.5968
2004-01-13,2.5834
2004-01-12,2.5736
2004-01-09,2.5682
2004-01-08,2.5622
2004-01-07,2.56
2004-01-06,2.5579
2004-01-05,2.5542
2004-01-02,2.5506
2003-12-31,2.5496
2003-12-30,2.5529
2003-12-29,2.5574
2003-12-26,2.5587
2003-12-24,2.5574
2003-12-23,2.5553
2003-12-22,2.5524
2003-12-19,2.5491
2003-12-18,2.5481
2003-12-17,2.5501
2003-12-16,2.5524
2003-12-15,2.5545
2003-12-12,2.5596
2003-12-11,2.5692
2003-12-10,2.5775
2003-12-09,2.5851
2003-12-08,2.5917
2003-12-05,2.5997
2003-12-04,2.6083
2003-12-03,2.6207
2003-12-02,2.634
2003-12-01,2.6411
2003-11-28,2.6405
2003-11-26,2.6452
2003-11-25,2.6545
2003-11-24,2.6652
2003-11-21,2.6739
2003-11-20,2.6887
2003-11-19,2.7024
2003-11-18,2.7136
2003-11-17,2.7408
2003-11-14,2.7638
2003-11-13,2.7819
2003-11-12,2.7947
2003-11-11,2.8057
2003-11-10,2.8249
2003-11-07,2.8407
2003-11-06,2.8501
2003-11-05,2.8573
2003-11-04,2.8547
2003-11-03,2.8498
2003-10-31,2.8433
2003-10-30,2.8395
2003-10-29,2.8251
2003-10-28,2.8062
2003-10-27,2.7854
2003-10-24,2.773
2003-10-23,2.7582
2003-10-22,2.7475
2003-10-21,2.7364
2003-10-20,2.7142
2003-10-17,2.6839
2003-10-16,2.6536
2003-10-15,2.6235
2003-10-14,2.5926
2003-10-13,2.5584
2003-10-10,2.5264
2003-10-09,2.4955
2003-10-08,2.4638
2003-10-07,2.4401
2003-10-06,2.4195
2003-10-03,2.4024
2003-10-02,2.3864
2003-10-01,2.3794
2003-09-30,2.3721
2003-09-29,2.3694
2003-09-26,2.3605
2003-09-25,2.354
2003-09-24,2.3435
2003-09-23,2.3343
2003-09-22,2.3229
2003-09-19,2.3172
2003-09-18,2.3125
2003-09-17,2.3022
2003-09-16,2.2957
2003-09-15,2.2877
2003-09-12,2.2742
2003-09-11,2.2607
2003-09-10,2.2483
2003-09-09,2.2323
2003-09-08,2.213
2003-09-05,2.1926
2003-09-04,2.1739
2003-09-03,2.153
2003-09-02,2.1342
2003-08-29,2.115
2003-08-28,2.0993
2003-08-27,2.0885
2003-08-26,2.0755
2003-08-25,2.0641
2003-08-22,2.0547
2003-08-21,2.0456
2003-08-20,2.0347
2003-08-19,2.0255
2003-08-18,2.0038
2003-08-15,1.9846
2003-08-14,1.9718
2003-08-13,1.9618
2003-08-12,1.9555
2003-08-11,1.9519
2003-08-08,1.9528
2003-08-07,1.949
2003-08-06,1.9471
2003-08-05,1.951
2003-08-04,1.9556
2003-08-01,1.9541
2003-07-31,1.9483
2003-07-30,1.9388
2003-07-29,1.9303
2003-07-28,1.9176
2003-07-25,1.9031
2003-07-24,1.8909
2003-07-23,1.8761
2003-07-22,1.8644
2003-07-21,1.8661
2003-07-18,1.8654
2003-07-17,1.8667
2003-07-16,1.8655
2003-07-15,1.8609
2003-07-14,1.8545
2003-07-11,1.8416
2003-07-10,1.8355
2003-07-09,1.8265
2003-07-08,1.8104
2003-07-07,1.7934
2003-07-03,1.7791
2003-07-02,1.7737
2003-07-01,1.7676
2003-06-30,1.7625
2003-06-27,1.7602
2003-06-26,1.7592
2003-06-25,1.7563
2003-06-24,1.7549
2003-06-23,1.7536
2003-06-20,1.7464
2003-06-19,1.7413
2003-06-18,1.7319
2003-06-17,1.721
2003-06-16,1.7103
2003-06-13,1.7033
2003-06-12,1.6996
2003-06-11,1.6931
2003-06-10,1.6888
2003-06-09,1.6829
2003-06-06,1.6761
2003-06-05,1.6689
2003-06-04,1.6568
2003-06-03,1.6455
2003-06-02,1.6324
2003-05-30,1.6174
2003-05-29,1.5994
2003-05-28,1.5822
2003-05-27,1.5673
2003-05-23,1.5529
2003-05-22,1.5436
2003-05-21,1.5239
2003-05-20,1.5081
2003-05-19,1.4933
2003-05-16,1.4775
2003-05-15,1.4574
2003-05-14,1.4368
2003-05-13,1.4181
2003-05-12,1.3983
2003-05-09,1.3835
2003-05-08,1.3702
2003-05-07,1.3567
2003-05-06,1.3463
2003-05-05,1.3361
2003-05-02,1.3268
2003-05-01,1.3198
2003-04-30,1.3141
2003-04-29,1.3063
2003-04-28,1.2991
2003-04-25,1.2943
2003-04-24,1.2913
2003-04-23,1.2979
2003-04-22,1.3016
2003-04-21,1.3032
2003-04-17,1.3099
2003-04-16,1.316
2003-04-15,1.3214
2003-04-14,1.3256
2003-04-11,1.3293
2003-04-10,1.3267
2003-04-09,1.3236
2003-04-08,1.3193
2003-04-07,1.31
2003-04-04,1.3001
2003-04-03,1.292
2003-04-02,1.2821
2003-04-01,1.2722
2003-03-31,1.264
2003-03-28,1.2535
2003-03-27,1.2406
2003-03-26,1.2252
2003-03-25,1.2099
2003-03-24,1.1973
2003-03-21,1.1862
2003-03-20,1.1708
2003-03-19,1.1556
2003-03-18,1.1422
2003-03-17,1.1288
2003-03-14,1.1125
2003-03-13,1.1009
2003-03-12,1.0924
2003-03-11,1.086
2003-03-10,1.0825
2003-03-07,1.0789
2003-03-06,1.0767
2003-03-05,1.0754
2003-03-04,1.0745
2003-03-03,1.0742
2003-02-28,1.0743
2003-02-27,1.0739
2003-02-26,1.0739
2003-02-25,1.0738
2003-02-24,1.0736
2003-02-21,1.0744
2003-02-20,1.0744
2003-02-19,1.0739
2003-02-18,1.0737
2003-02-14,1.0737
2003-02-13,1.078
2003-02-12,1.0836
2003-02-11,1.0878
2003-02-10,1.091
2003-02-07,1.0908
2003-02-06,1.0908
2003-02-05,1.0881
2003-02-04,1.0866
2003-02-03,1.0832
2003-01-31,1.0791
2003-01-30,1.0734
2003-01-29,1.0661
2003-01-28,1.0602
2003-01-27,1.0533
2003-01-24,1.0496
2003-01-23,1.049
2003-01-22,1.0501
2003-01-21,1.0517
2003-01-17,1.0532
2003-01-16,1.055
2003-01-15,1.0566
2003-01-14,1.0572
2003-01-13,1.0558
2003-01-10,1.0563
2003-01-09,1.0583
2003-01-08,1.0593
2003-01-07,1.061
2003-01-06,1.0636
2003-01-03,1.0683
2003-01-02,1.0755
2002-12-31,1.0859
2002-12-30,1.099
2002-12-27,1.1092
2002-12-26,1.1223
2002-12-24,1.13
2002-12-23,1.136
2002-12-20,1.1403
2002-12-19,1.1443
2002-12-18,1.1474
2002-12-17,1.1453
2002-12-16,1.1452
2002-12-13,1.1445
2002-12-12,1.1421
2002-12-11,1.1375
2002-12-10,1.1317
2002-12-09,1.1246
2002-12-06,1.1192
2002-12-05,1.1104
2002-12-04,1.1023
2002-12-03,1.0907
2002-12-02,1.0783
2002-11-29,1.0675
2002-11-27,1.0575
2002-11-26,1.0438
2002-11-25,1.0317
2002-11-22,1.0175
2002-11-21,1.0058
2002-11-20,0.997
2002-11-19,0.9891
2002-11-18,0.9843
2002-11-15,0.9764
2002-11-14,0.9685
2002-11-13,0.9623
2002-11-12,0.96
2002-11-11,0.9578
2002-11-08,0.9583
2002-11-07,0.9557
2002-11-06,0.9528
2002-11-05,0.9466
2002-11-04,0.9422
2002-11-01,0.9368
2002-10-31,0.9287
2002-10-30,0.9222
2002-10-29,0.9182
2002-10-28,0.9142
2002-10-25,0.9075
2002-10-24,0.9018
2002-10-23,0.895
2002-10-22,0.885
2002-10-21,0.8763
2002-10-18,0.8683
2002-10-17,0.8604
2002-10-16,0.8565
2002-10-15,0.8521
2002-10-14,0.8482
2002-10-11,0.8419
2002-10-10,0.8373
2002-10-09,0.8343
2002-10-08,0.8349
2002-10-07,0.8354
2002-10-04,0.8351
2002-10-03,0.832
2002-10-02,0.8257
2002-10-01,0.8203
2002-09-30,0.8144
2002-09-27,0.8119
2002-09-26,0.8072
2002-09-25,0.8008
2002-09-24,0.7978
2002-09-23,0.7953
2002-09-20,0.7931
2002-09-19,0.7927
2002-09-18,0.7882
2002-09-17,0.7838
2002-09-16,0.7792
2002-09-13,0.7746
2002-09-12,0.7697
2002-09-11,0.7626
2002-09-10,0.7546
2002-09-09,0.7479
2002-09-06,0.7423
2002-09-05,0.7388
2002-09-04,0.7372
2002-09-03,0.7344
2002-08-30,0.7301
2002-08-29,0.7274
2002-08-28,0.7249
2002-08-27,0.7246
2002-08-26,0.7253
2002-08-23,0.7238
2002-08-22,0.7182
2002-08-21,0.7101
2002-08-20,0.7069
2002-08-19,0.7033
2002-08-16,0.7033
2002-08-15,0.7043
2002-08-14,0.7066
2002-08-13,0.7122
2002-08-12,0.7181
2002-08-09,0.7218
2002-08-08,0.7247
2002-08-07,0.7289
2002-08-06,0.7323
2002-08-05,0.7369
2002-08-02,0.7421
2002-08-01,0.7455
2002-07-31,0.7457
2002-07-30,0.7429
2002-07-29,0.7398
2002-07-26,0.7446
2002-07-25,0.752
2002-07-24,0.7604
2002-07-23,0.7635
2002-07-22,0.7709
2002-07-19,0.7759
2002-07-18,0.7816
2002-07-17,0.7885
2002-07-16,0.795
2002-07-15,0.8003
2002-07-12,0.8025
2002-07-11,0.8075
2002-07-10,0.8113
2002-07-09,0.8168
2002-07-08,0.821
2002-07-05,0.8301
2002-07-03,0.8375
2002-07-02,0.8469
2002-07-01,0.8585
2002-06-28,0.8695
2002-06-27,0.8745
2002-06-26,0.8808
2002-06-25,0.8884
2002-06-24,0.8977
2002-06-21,0.9026
2002-06-20,0.9074
2002-06-19,0.9104
2002-06-18,0.9116
2002-06-17,0.9131
2002-06-14,0.915
2002-06-13,0.9219
2002-06-12,0.9282
2002-06-11,0.9325
2002-06-10,0.933
2002-06-07,0.9321
2002-06-06,0.93
2002-06-05,0.9278
2002-06-04,0.9231
2002-06-03,0.9185
2002-05-31,0.9137
2002-05-30,0.909
2002-05-29,0.9043
2002-05-28,0.8987
2002-05-24,0.8915
2002-05-23,0.8851
2002-05-22,0.8785
2002-05-21,0.8736
2002-05-20,0.8619
2002-05-17,0.8492
2002-05-16,0.8376
2002-05-15,0.8242
2002-05-14,0.8114
2002-05-13,0.7994
2002-05-10,0.7909
2002-05-09,0.7818
2002-05-08,0.7693
2002-05-07,0.7599
2002-05-06,0.7536
2002-05-03,0.7482
2002-05-02,0.7418
2002-05-01,0.7349
2002-04-30,0.7278
2002-04-29,0.7217
2002-04-26,0.7183
2002-04-25,0.7117
2002-04-24,0.7053
2002-04-23,0.7004
2002-04-22,0.7021
2002-04-19,0.7052
2002-04-18,0.7068
2002-04-17,0.7074
2002-04-16,0.707
2002-04-15,0.7095
2002-04-12,0.7098
2002-04-11,0.7128
2002-04-10,0.7203
2002-04-09,0.7272
2002-04-08,0.7349
2002-04-05,0.7409
2002-04-04,0.7462
2002-04-03,0.7532
2002-04-02,0.759
2002-04-01,0.7645
2002-03-28,0.766
2002-03-27,0.7655
2002-03-26,0.7656
2002-03-25,0.7645
2002-03-22,0.762
2002-03-21,0.7558
2002-03-20,0.751
2002-03-19,0.7472
2002-03-18,0.7431
2002-03-15,0.7391
2002-03-14,0.7387
2002-03-13,0.7357
2002-03-12,0.7286
2002-03-11,0.7211
2002-03-08,0.7106
2002-03-07,0.6978
2002-03-06,0.6869
2002-03-05,0.6749
2002-03-04,0.6662
2002-03-01,0.6594
2002-02-28,0.6564
2002-02-27,0.6559
2002-02-26,0.6558
2002-02-25,0.6585
2002-02-22,0.6603
2002-02-21,0.6626
2002-02-20,0.6607
2002-02-19,0.6598
2002-02-15,0.6526
2002-02-14,0.6435
2002-02-13,0.6316
2002-02-12,0.6241
2002-02-11,0.6171
2002-02-08,0.6114
2002-02-07,0.6077
2002-02-06,0.6085
2002-02-05,0.6099
2002-02-04,0.612
2002-02-01,0.6113
2002-01-31,0.6068
2002-01-30,0.5987
2002-01-29,0.591
2002-01-28,0.5827
2002-01-25,0.5704
2002-01-24,0.5621
2002-01-23,0.5516
2002-01-22,0.5455
2002-01-18,0.5393
2002-01-17,0.5407
2002-01-16,0.5435
2002-01-15,0.5477
2002-01-14,0.5495
2002-01-11,0.5514
2002-01-10,0.5536
2002-01-09,0.5566
2002-01-08,0.5569
2002-01-07,0.5566
2002-01-04,0.556
2002-01-03,0.5548
2002-01-02,0.5548
2001-12-31,0.5536
2001-12-28,0.5549
2001-12-27,0.5555
2001-12-26,0.558
2001-12-24,0.559
2001-12-21,0.5649
2001-12-20,0.5626
2001-12-19,0.5592
2001-12-18,0.5539
2001-12-17,0.5498
2001-12-14,0.5451
2001-12-13,0.5402
2001-12-12,0.5368
2001-12-11,0.5252
2001-12-10,0.5122
2001-12-07,0.5009
2001-12-06,0.489
2001-12-05,0.4774
2001-12-04,0.4656
2001-12-03,0.4532
2001-11-30,0.4438
2001-11-29,0.4329
2001-11-28,0.4224
2001-11-27,0.4095
2001-11-26,0.3985
2001-11-23,0.3868
2001-11-21,0.3836
2001-11-20,0.3806
2001-11-19,0.383
2001-11-16,0.382
2001-11-15,0.3796
2001-11-14,0.3782
2001-11-13,0.3768
2001-11-12,0.3824
2001-11-09,0.387
2001-11-08,0.3894
2001-11-07,0.3916
2001-11-06,0.3912
2001-11-05,0.3908
2001-11-02,0.3911
2001-11-01,0.3924
2001-10-31,0.3926
2001-10-30,0.392
2001-10-29,0.3912
2001-10-26,0.3886
2001-10-25,0.3846
2001-10-24,0.3807
2001-10-23,0.3775
2001-10-22,0.3713
2001-10-19,0.368
2001-10-18,0.3667
2001-10-17,0.3642
2001-10-16,0.3602
2001-10-15,0.3545
2001-10-12,0.3511
2001-10-11,0.3525
2001-10-10,0.3541
2001-10-09,0.3563
2001-10-08,0.3582
2001-10-05,0.3619
2001-10-04,0.3662
2001-10-03,0.3703
2001-10-02,0.3764
2001-10-01,0.3861
2001-09-28,0.3964
2001-09-27,0.4071
2001-09-26,0.4156
2001-09-25,0.4253
2001-09-24,0.4323
2001-09-21,0.4396
2001-09-20,0.4459
2001-09-19,0.4517
2001-09-18,0.4586
2001-09-17,0.4667
2001-09-10,0.4733
2001-09-07,0.4766
2001-09-06,0.4815
2001-09-05,0.4889
2001-09-04,0.4988
2001-08-31,0.507
2001-08-30,0.5151
2001-08-29,0.5238
2001-08-28,0.5321
2001-08-27,0.5384
2001-08-24,0.5444
2001-08-23,0.5495
2001-08-22,0.5562
2001-08-21,0.5595
2001-08-20,0.5649
2001-08-17,0.579
2001-08-16,0.5965
2001-08-15,0.6132
2001-08-14,0.6279
2001-08-13,0.6425
2001-08-10,0.6572
2001-08-09,0.6748
2001-08-08,0.6898
2001-08-07,0.7004
2001-08-06,0.7104
2001-08-03,0.7202
2001-08-02,0.728
2001-08-01,0.7357
2001-07-31,0.7398
2001-07-30,0.7449
2001-07-27,0.7489
2001-07-26,0.7542
2001-07-25,0.7584
2001-07-24,0.7628
2001-07-23,0.7646
2001-07-20,0.7556
2001-07-19,0.7458
2001-07-18,0.7359
2001-07-17,0.7244
2001-07-16,0.7131
2001-07-13,0.7043
2001-07-12,0.6951
2001-07-11,0.6892
2001-07-10,0.6874
2001-07-09,0.6855
2001-07-06,0.6853
2001-07-05,0.6874
2001-07-03,0.6892
2001-07-02,0.695
2001-06-29,0.7009
2001-06-28,0.7079
2001-06-27,0.7138
2001-06-26,0.7178
2001-06-25,0.7277
2001-06-22,0.7384
2001-06-21,0.7493
2001-06-20,0.7556
2001-06-19,0.7649
2001-06-18,0.7775
2001-06-15,0.7847
2001-06-14,0.7904
2001-06-13,0.7925
2001-06-12,0.7911
2001-06-11,0.7878
2001-06-08,0.7873
2001-06-07,0.7846
2001-06-06,0.7818
2001-06-05,0.7823
2001-06-04,0.7835
2001-06-01,0.7851
2001-05-31,0.7846
2001-05-30,0.7857
2001-05-29,0.7888
2001-05-25,0.7852
2001-05-24,0.7806
2001-05-23,0.7773
2001-05-22,0.7785
2001-05-21,0.7771
2001-05-18,0.7767
2001-05-17,0.7793
2001-05-16,0.7823
2001-05-15,0.7884
2001-05-14,0.7914
2001-05-11,0.7931
2001-05-10,0.7931
2001-05-09,0.7898
2001-05-08,0.7823
2001-05-07,0.7698
2001-05-04,0.7485
2001-05-03,0.7274
2001-05-02,0.7065
2001-05-01,0.6853
2001-04-30,0.6658
2001-04-27,0.6519
2001-04-26,0.6388
2001-04-25,0.6272
2001-04-24,0.6161
2001-04-23,0.6042
2001-04-20,0.5892
2001-04-19,0.5752
2001-04-18,0.5602
2001-04-17,0.5445
2001-04-16,0.5339
2001-04-12,0.5263
2001-04-11,0.5169
2001-04-10,0.5101
2001-04-09,0.5076
2001-04-06,0.5062
2001-04-05,0.5159
2001-04-04,0.5224
2001-04-03,0.532
2001-04-02,0.5401
2001-03-30,0.5489
2001-03-29,0.5484
2001-03-28,0.5495
2001-03-27,0.5479
2001-03-26,0.5482
2001-03-23,0.5507
2001-03-22,0.5548
2001-03-21,0.5591
2001-03-20,0.564
2001-03-19,0.5696
2001-03-16,0.5776
2001-03-15,0.5863
2001-03-14,0.5952
2001-03-13,0.603
2001-03-12,0.6118
2001-03-09,0.6187
2001-03-08,0.624
2001-03-07,0.6323
2001-03-06,0.6412
2001-03-05,0.6476
2001-03-02,0.6519
2001-03-01,0.6676
2001-02-28,0.6847
2001-02-27,0.7066
2001-02-26,0.7276
2001-02-23,0.7465
2001-02-22,0.7644
2001-02-21,0.7893
2001-02-20,0.8068
2001-02-16,0.8218
2001-02-15,0.8374
2001-02-14,0.8499
2001-02-13,0.8598
2001-02-12,0.8706
2001-02-09,0.8785
2001-02-08,0.8876
2001-02-07,0.8929
2001-02-06,0.8963
2001-02-05,0.8942
2001-02-02,0.8945
2001-02-01,0.8973
2001-01-31,0.9005
2001-01-30,0.892
2001-01-29,0.8835
2001-01-26,0.8766
2001-01-25,0.8701
2001-01-24,0.8649
2001-01-23,0.8491
2001-01-22,0.8397
2001-01-19,0.8352
2001-01-18,0.831
2001-01-17,0.8319
2001-01-16,0.8432
2001-01-12,0.8548
2001-01-11,0.8699
2001-01-10,0.8921
2001-01-09,0.9141
2001-01-08,0.9318
2001-01-05,0.9479
2001-01-04,0.9706
2001-01-03,0.9953
2001-01-02,1.0178
2000-12-29,1.0446
2000-12-28,1.0675
2000-12-27,1.0914
2000-12-26,1.1117
2000-12-22,1.1394
2000-12-21,1.1728
2000-12-20,1.1978
2000-12-19,1.2167
2000-12-18,1.2356
2000-12-15,1.2545
2000-12-14,1.2669
2000-12-13,1.2839
2000-12-12,1.2969
2000-12-11,1.3017
2000-12-08,1.3136
2000-12-07,1.3331
2000-12-06,1.3643
2000-12-05,1.3976
2000-12-04,1.4256
2000-12-01,1.4531
2000-11-30,1.4909
2000-11-29,1.5226
2000-11-28,1.5468
2000-11-27,1.5664
2000-11-24,1.5855
2000-11-22,1.6054
2000-11-21,1.6221
2000-11-20,1.6354
2000-11-17,1.6458
2000-11-16,1.6543
2000-11-15,1.6541
2000-11-14,1.6432
2000-11-13,1.6257
2000-11-10,1.6169
2000-11-09,1.6129
2000-11-08,1.5976
2000-11-07,1.5824
2000-11-06,1.5662
2000-11-03,1.5499
2000-11-02,1.5349
2000-11-01,1.5194
2000-10-31,1.516
2000-10-30,1.5121
2000-10-27,1.5196
2000-10-26,1.5266
2000-10-25,1.5344
2000-10-24,1.5494
2000-10-23,1.5749
2000-10-20,1.6008
2000-10-19,1.6274
2000-10-18,1.6582
2000-10-17,1.6891
2000-10-16,1.7361
2000-10-13,1.7824
2000-10-12,1.8203
2000-10-11,1.8697
2000-10-10,1.9063
2000-10-09,1.9369
2000-10-06,1.9677
2000-10-05,1.9962
2000-10-04,2.021
2000-10-03,2.0457
2000-10-02,2.0723
2000-09-29,2.0863
2000-09-28,2.094
2000-09-27,2.1013
2000-09-26,2.1057
2000-09-25,2.1042
2000-09-22,2.1031
2000-09-21,2.0979
2000-09-20,2.0948
2000-09-19,2.0923
2000-09-18,2.0842
2000-09-15,2.0746
2000-09-14,2.0612
2000-09-13,2.0459
2000-09-12,2.0337
2000-09-11,2.0141
2000-09-08,1.9924
2000-09-07,1.9612
2000-09-06,1.9296
2000-09-05,1.8973
2000-09-01,1.8676
2000-08-31,1.8451
2000-08-30,1.8201
2000-08-29,1.7897
2000-08-28,1.7663
2000-08-25,1.7438
2000-08-24,1.7189
2000-08-23,1.6989
2000-08-22,1.6921
2000-08-21,1.6949
2000-08-18,1.698
2000-08-17,1.7033
2000-08-16,1.7085
2000-08-15,1.7138
2000-08-14,1.7243
2000-08-11,1.7399
2000-08-10,1.7623
2000-08-09,1.7737
2000-08-08,1.7841
2000-08-07,1.7846
2000-08-04,1.7877
2000-08-03,1.7968
2000-08-02,1.8082
2000-08-01,1.8224
2000-07-31,1.8393
2000-07-28,1.8547
2000-07-27,1.8726
2000-07-26,1.8888
2000-07-25,1.8899
2000-07-24,1.8807
2000-07-21,1.8685
2000-07-20,1.8707
2000-07-19,1.8851
2000-07-18,1.8982
2000-07-17,1.9071
2000-07-14,1.9193
2000-07-13,1.9285
2000-07-12,1.9571
2000-07-11,1.9919
2000-07-10,2.0302
2000-07-07,2.073
2000-07-06,2.1124
2000-07-05,2.1518
2000-07-03,2.1869
2000-06-30,2.2307
2000-06-29,2.2846
2000-06-28,2.3172
2000-06-27,2.3474
2000-06-26,2.3855
2000-06-23,2.4169
2000-06-22,2.446
2000-06-21,2.4624
2000-06-20,2.4639
2000-06-19,2.4783
2000-06-16,2.4966
2000-06-15,2.5201
2000-06-14,2.5568
2000-06-13,2.5883
2000-06-12,2.606
2000-06-09,2.6193
2000-06-08,2.626
2000-06-07,2.6296
2000-06-06,2.6407
2000-06-05,2.6543
2000-06-02,2.6643
2000-06-01,2.6573
2000-05-31,2.6671
2000-05-30,2.6826
2000-05-26,2.7031
2000-05-25,2.7248
2000-05-24,2.7432
2000-05-23,2.7556
2000-05-22,2.77
2000-05-19,2.7648
2000-05-18,2.7642
2000-05-17,2.7593
2000-05-16,2.7442
2000-05-15,2.7142
2000-05-12,2.6912
2000-05-11,2.6768
2000-05-10,2.6806
2000-05-09,2.7058
2000-05-08,2.7236
2000-05-05,2.7524
2000-05-04,2.7668
2000-05-03,2.7846
2000-05-02,2.8092
2000-05-01,2.8277
2000-04-28,2.8454
2000-04-27,2.8737
2000-04-26,2.9071
2000-04-25,2.9487
2000-04-24,3.0004
2000-04-20,3.0576
2000-04-19,3.0959
2000-04-18,3.139
2000-04-17,3.1826
2000-04-14,3.2254
2000-04-13,3.2702
2000-04-12,3.3159
2000-04-11,3.3343
2000-04-10,3.3399
2000-04-07,3.3447
2000-04-06,3.343
2000-04-05,3.3544
2000-04-04,3.358
2000-04-03,3.3569
2000-03-31,3.3579
2000-03-30,3.3466
2000-03-29,3.3368
2000-03-28,3.3359
2000-03-27,3.3327
2000-03-24,3.3143
2000-03-23,3.3054
2000-03-22,3.3073
2000-03-21,3.3066
2000-03-20,3.2846
2000-03-17,3.286
2000-03-16,3.2965
2000-03-15,3.3076
2000-03-14,3.3327
2000-03-13,3.3547
2000-03-10,3.3819
2000-03-09,3.4052
2000-03-08,3.4338
2000-03-07,3.4826
2000-03-06,3.5113
2000-03-03,3.5479
2000-03-02,3.6021
2000-03-01,3.6193
2000-02-29,3.6232
2000-02-28,3.6124
2000-02-25,3.6022
2000-02-24,3.5968
2000-02-23,3.5877
2000-02-22,3.5847
2000-02-18,3.6011
2000-02-17,3.5944
2000-02-16,3.5838
2000-02-15,3.5741
2000-02-14,3.5499
2000-02-11,3.5244
2000-02-10,3.4988
2000-02-09,3.4672
2000-02-08,3.4335
2000-02-07,3.3986
2000-02-04,3.385
2000-02-03,3.3525
2000-02-02,3.3214
2000-02-01,3.3527
2000-01-31,3.4075
2000-01-28,3.4364
2000-01-27,3.4799
2000-01-26,3.5213
2000-01-25,3.565
2000-01-24,3.5947
2000-01-21,3.6444
2000-01-20,3.7335
2000-01-19,3.8213
2000-01-18,3.8968
2000-01-14,3.9716
2000-01-13,4.0482
2000-01-12,4.1246
2000-01-11,4.2047
2000-01-10,4.2941
2000-01-07,4.3879
2000-01-06,4.473
2000-01-05,4.5291
2000-01-04,4.5649
2000-01-03,4.5785
1999-12-31,4.5714
1999-12-30,4.6037
1999-12-29,4.6186
1999-12-28,4.6225
1999-12-27,4.6428
1999-12-23,4.6728
1999-12-22,4.6659
1999-12-21,4.6261
1999-12-20,4.5776
1999-12-17,4.53
1999-12-16,4.4897
1999-12-15,4.4438
1999-12-14,4.3998
1999-12-13,4.3445
1999-12-10,4.2756
1999-12-09,4.1914
1999-12-08,4.1124
1999-12-07,4.0694
1999-12-06,4.0492
1999-12-03,3.9932
1999-12-02,3.9344
1999-12-01,3.8763
1999-11-30,3.8299
1999-11-29,3.79
