date,EMA
2024-10-04,185.5128
2024-10-03,185.4078
2024-10-02,185.7708
2024-10-01,185.8772
2024-09-30,185.9558
2024-09-27,185.9164
2024-09-26,185.7003
2024-09-25,185.1256
2024-09-24,184.3461
2024-09-23,183.3342
2024-09-20,182.2241
2024-09-19,181.2371
2024-09-18,180.3284
2024-09-17,179.6861
2024-09-16,178.9289
2024-09-13,178.3014
2024-09-12,177.4394
2024-09-11,176.433
2024-09-10,175.5818
2024-09-09,175.1641
2024-09-06,175.1393
2024-09-05,175.5339
2024-09-04,175.2859
2024-09-03,175.4918
2024-08-30,175.412
2024-08-29,175.0869
2024-08-28,175.3992
2024-08-27,175.8834
2024-08-26,176.1742
2024-08-23,176.2452
2024-08-22,176.1615
2024-08-21,176.1649
2024-08-20,175.7496
2024-08-19,175.4201
2024-08-16,175.1253
2024-08-15,174.9217
2024-08-14,174.6408
2024-08-13,175.1188
2024-08-12,175.6334
2024-08-09,176.5632
2024-08-08,177.5762
2024-08-07,178.8158
2024-08-06,180.5048
2024-08-05,182.4601
2024-08-02,184.7169
2024-08-01,186.4871
2024-07-31,186.7416
2024-07-30,186.7165
2024-07-29,187.2435
2024-07-26,187.6691
2024-07-25,188.2132
2024-07-24,189.0936
2024-07-23,189.9634
2024-07-22,190.3374
2024-07-19,191.1572
2024-07-18,192.0021
2024-07-17,192.8708
2024-07-16,193.3909
2024-07-15,193.4299
2024-07-12,193.5046
2024-07-11,193.4009
2024-07-10,193.2273
2024-07-09,192.5365
2024-07-08,191.8204
2024-07-05,191.0341
2024-07-03,190.0903
2024-07-02,189.3009
2024-07-01,188.1746
2024-06-28,187.2246
2024-06-27,186.5903
2024-06-26,185.4051
2024-06-25,184.5415
2024-06-24,184.3521
2024-06-21,184.2239
2024-06-20,183.7128
2024-06-18,183.4615
2024-06-17,183.5301
2024-06-14,183.4743
2024-06-13,183.4547
2024-06-12,183.4152
2024-06-11,183.0495
2024-06-10,182.6094
2024-06-07,182.1409
2024-06-06,181.9136
2024-06-05,181.5888
2024-06-04,181.6213
2024-06-03,181.8614
2024-05-31,182.2321
2024-05-30,182.8418
2024-05-29,183.2125
2024-05-28,183.338
2024-05-24,183.4631
2024-05-23,183.7486
2024-05-22,184.0327
2024-05-21,184.1277
2024-05-20,184.2306
2024-05-17,184.3033
2024-05-16,184.2616
2024-05-15,184.3281
2024-05-14,184.1531
2024-05-13,183.8461
2024-05-10,183.5594
2024-05-09,183.1467
2024-05-08,182.4779
2024-05-07,181.8966
2024-05-06,181.1742
2024-05-03,180.382
2024-05-02,179.7685
2024-05-01,179.2473
2024-04-30,179.2733
2024-04-29,179.7231
2024-04-26,179.5929
2024-04-25,179.5901
2024-04-24,180.2133
2024-04-23,180.5947
2024-04-22,180.7057
2024-04-19,181.0715
2024-04-18,181.7496
2024-04-17,182.0159
2024-04-16,182.0933
2024-04-15,181.9642
2024-04-12,181.7899
2024-04-11,181.3331
2024-04-10,180.5208
2024-04-09,179.9493
2024-04-08,179.3471
2024-04-05,178.732
2024-04-04,178.0649
2024-04-03,177.8612
2024-04-02,177.3824
2024-04-01,177.0342
2024-03-28,176.6199
2024-03-27,176.2241
2024-03-26,175.8445
2024-03-25,175.586
2024-03-22,175.1519
2024-03-21,174.7606
2024-03-20,174.4038
2024-03-19,174.0094
2024-03-18,173.8104
2024-03-15,173.74
2024-03-14,173.6684
2024-03-13,173.1335
2024-03-12,172.7733
2024-03-11,172.4979
2024-03-08,172.5545
2024-03-07,172.2602
2024-03-06,171.7802
2024-03-05,171.5982
2024-03-04,171.3327
2024-03-01,170.6751
2024-02-29,169.8809
2024-02-28,169.1568
2024-02-27,168.7354
2024-02-26,168.2296
2024-02-23,167.5454
2024-02-22,166.7617
2024-02-21,165.9388
2024-02-20,165.6597
2024-02-16,165.5102
2024-02-15,165.0892
2024-02-14,164.5933
2024-02-13,163.921
2024-02-12,163.4242
2024-02-09,162.4857
2024-02-08,161.2264
2024-02-07,160.3197
2024-02-06,159.2449
2024-02-05,158.2022
2024-02-02,156.9277
2024-02-01,155.3612
2024-01-31,154.9487
2024-01-30,154.9222
2024-01-29,154.493
2024-01-26,153.7807
2024-01-25,153.2186
2024-01-24,152.7416
2024-01-23,152.3071
2024-01-22,151.9162
2024-01-19,151.6148
2024-01-18,151.2227
2024-01-17,150.9829
2024-01-16,150.9064
2024-01-12,150.6692
2024-01-11,150.2533
2024-01-10,149.7347
2024-01-09,149.3142
2024-01-08,149.0978
2024-01-05,149.0975
2024-01-04,149.5036
2024-01-03,150.0229
2024-01-02,150.1864
2023-12-29,150.2134
2023-12-28,150.0316
2023-12-27,149.6791
2023-12-26,149.2938
2023-12-22,148.8605
2023-12-21,148.3805
2023-12-20,147.8059
2023-12-19,147.3517
2023-12-18,146.674
2023-12-15,145.8955
2023-12-14,145.4666
2023-12-13,145.261
2023-12-12,144.8843
2023-12-11,144.611
2023-12-08,144.4764
2023-12-07,144.1665
2023-12-06,143.8809
2023-12-05,143.8136
2023-12-04,143.4909
2023-12-01,143.3489
2023-11-30,142.9614
2023-11-29,142.632
2023-11-28,142.2438
2023-11-27,141.74
2023-11-24,141.1095
2023-11-22,140.5168
2023-11-21,139.8649
2023-11-20,139.4402
2023-11-17,138.736
2023-11-16,138.0577
2023-11-15,137.5553
2023-11-14,136.9611
2023-11-13,136.0307
2023-11-10,135.3403
2023-11-09,134.475
2023-11-08,133.8303
2023-11-07,132.9619
2023-11-06,131.9358
2023-11-03,131.1143
2023-11-02,130.3263
2023-11-01,129.5112
2023-10-31,128.7229
2023-10-30,128.2632
2023-10-27,127.7951
2023-10-26,127.8009
2023-10-25,128.6674
2023-10-24,129.4334
2023-10-23,129.5253
2023-10-20,129.8375
2023-10-19,130.3288
2023-10-18,130.5318
2023-10-17,130.7846
2023-10-16,130.7125
2023-10-13,130.5191
2023-10-12,130.5958
2023-10-11,130.4133
2023-10-10,130.2642
2023-10-09,130.3467
2023-10-06,130.5663
2023-10-05,130.8407
2023-10-04,131.3545
2023-10-03,131.8128
2023-10-02,132.5594
2023-09-29,132.8857
2023-09-28,133.4926
2023-09-27,134.2834
2023-09-26,135.1575
2023-09-25,136.1235
2023-09-22,136.6344
2023-09-21,137.4254
2023-09-20,138.2775
2023-09-19,138.592
2023-09-18,138.6933
2023-09-15,138.5578
2023-09-14,138.365
2023-09-13,137.696
2023-09-12,136.943
2023-09-11,136.4917
2023-09-08,135.7961
2023-09-07,135.5399
2023-09-06,135.2967
2023-09-05,135.29
2023-09-01,135.0816
2023-08-31,134.7618
2023-08-30,134.4199
2023-08-29,134.3514
2023-08-28,134.2927
2023-08-25,134.414
2023-08-24,134.5355
2023-08-23,134.8192
2023-08-22,134.7454
2023-08-21,134.7976
2023-08-18,134.8099
2023-08-17,134.9773
2023-08-16,135.0823
2023-08-15,135.0836
2023-08-14,134.8113
2023-08-11,134.2052
2023-08-10,133.7625
2023-08-09,133.2575
2023-08-08,132.7741
2023-08-07,132.0198
2023-08-04,130.9461
2023-08-03,130.0383
2023-08-02,130.1571
2023-08-01,130.3621
2023-07-31,130.2223
2023-07-28,129.8583
2023-07-27,129.6108
2023-07-26,129.754
2023-07-25,129.9229
2023-07-24,130.0063
2023-07-21,130.1333
2023-07-20,130.1473
2023-07-19,130.167
2023-07-18,129.6204
2023-07-17,129.2826
2023-07-14,128.8323
2023-07-13,128.2168
2023-07-12,127.5764
2023-07-11,127.2371
2023-07-10,127.0747
2023-07-07,127.0689
2023-07-06,126.7835
2023-07-05,126.6175
2023-07-03,126.2215
2023-06-30,125.8006
2023-06-29,125.3206
2023-06-28,125.0491
2023-06-27,124.629
2023-06-26,124.15
2023-06-23,123.8153
2023-06-22,123.2348
2023-06-21,122.5068
2023-06-20,122.2623
2023-06-16,121.892
2023-06-15,121.5133
2023-06-14,120.9242
2023-06-13,120.3456
2023-06-12,119.681
2023-06-09,118.9558
2023-06-08,118.4848
2023-06-07,117.878
2023-06-06,117.5251
2023-06-05,116.5688
2023-06-02,115.6498
2023-06-01,114.7445
2023-05-31,113.8997
2023-05-30,113.1965
2023-05-26,112.3056
2023-05-25,111.4841
2023-05-24,111.114
2023-05-23,110.5207
2023-05-22,110.0503
2023-05-19,109.5282
2023-05-18,108.8206
2023-05-17,107.8386
2023-05-16,107.0321
2023-05-15,106.3618
2023-05-12,105.8526
2023-05-11,105.3886
2023-05-10,104.6737
2023-05-09,104.0931
2023-05-08,103.8271
2023-05-05,103.6163
2023-05-04,103.4017
2023-05-03,103.3387
2023-05-02,103.3059
2023-05-01,103.2718
2023-04-28,103.4004
2023-04-27,103.1846
2023-04-26,102.4862
2023-04-25,102.2237
2023-04-24,102.1872
2023-04-21,101.7638
2023-04-20,101.2168
2023-04-19,100.9438
2023-04-18,100.5906
2023-04-17,100.4106
2023-04-14,100.1654
2023-04-13,99.9186
2023-04-12,99.6574
2023-04-11,99.8498
2023-04-10,99.8424
2023-04-06,99.5974
2023-04-05,99.3382
2023-04-04,99.1527
2023-04-03,98.6477
2023-03-31,98.2517
2023-03-30,97.7214
2023-03-29,97.271
2023-03-28,96.9574
2023-03-27,96.9276
2023-03-24,96.8105
2023-03-23,96.6717
2023-03-22,96.4571
2023-03-21,96.221
2023-03-20,95.759
2023-03-17,95.5536
2023-03-16,95.1961
2023-03-15,94.6862
2023-03-14,94.5269
2023-03-13,94.4897
2023-03-10,94.7065
2023-03-09,95.1251
2023-03-08,95.4278
2023-03-07,95.5865
2023-03-06,95.8008
2023-03-03,96.0167
2023-03-02,96.1343
2023-03-01,96.5558
2023-02-28,97.0174
2023-02-27,97.3109
2023-02-24,97.6846
2023-02-23,98.1251
2023-02-22,98.3678
2023-02-21,98.6391
2023-02-17,99.0664
2023-02-16,99.2628
2023-02-15,99.38
2023-02-14,99.1926
2023-02-13,99.1392
2023-02-10,99.097
2023-02-09,99.2535
2023-02-08,99.3602
2023-02-07,99.2876
2023-02-06,98.9905
2023-02-03,98.6548
2023-02-02,98.1564
2023-02-01,96.6033
2023-01-31,95.7037
2023-01-30,94.922
2023-01-27,94.3295
2023-01-26,93.4969
2023-01-25,92.8944
2023-01-24,92.4433
2023-01-23,92.0352
2023-01-20,91.4579
2023-01-19,90.8482
2023-01-18,90.5501
2023-01-17,90.0333
2023-01-13,89.4
2023-01-12,88.4821
2023-01-11,87.7675
2023-01-10,86.9968
2023-01-09,86.6943
2023-01-06,86.6242
2023-01-05,86.6815
2023-01-04,87.0564
2023-01-03,87.2582
2022-12-30,87.4095
2022-12-29,87.7684
2022-12-28,88.1462
2022-12-27,88.8121
2022-12-23,89.4197
2022-12-22,89.8586
2022-12-21,90.4974
2022-12-20,90.8897
2022-12-19,91.4897
2022-12-16,92.1813
2022-12-15,92.6361
2022-12-14,93.0768
2022-12-13,93.2343
2022-12-12,93.3127
2022-12-09,93.6035
2022-12-08,94.0786
2022-12-07,94.4711
2022-12-06,95.1038
2022-12-05,95.8253
2022-12-02,96.3322
2022-12-01,96.564
2022-11-30,96.676
2022-11-29,96.6903
2022-11-28,97.1398
2022-11-25,97.4755
2022-11-23,97.9035
2022-11-22,98.3007
2022-11-21,98.8376
2022-11-18,99.5089
2022-11-17,100.0741
2022-11-16,100.624
2022-11-15,100.9928
2022-11-14,101.2089
2022-11-11,101.4951
2022-11-10,101.5693
2022-11-09,102.0893
2022-11-08,103.7681
2022-11-07,105.2195
2022-11-04,106.7658
2022-11-03,108.4274
2022-11-02,110.4409
2022-11-01,112.3694
2022-10-31,114.0093
2022-10-28,115.2271
2022-10-27,116.471
2022-10-26,117.0511
2022-10-25,117.1976
2022-10-24,116.8394
2022-10-21,116.5257
2022-10-20,116.2315
2022-10-19,116.3349
2022-10-18,116.468
2022-10-17,116.4794
2022-10-14,116.7625
2022-10-13,117.8006
2022-10-12,118.3554
2022-10-11,118.9297
2022-10-10,119.637
2022-10-07,120.2651
2022-10-06,120.8657
2022-10-05,120.9252
2022-10-04,120.9226
2022-10-03,120.905
2022-09-30,121.4339
2022-09-29,122.3217
2022-09-28,123.1134
2022-09-27,123.6506
2022-09-26,124.6233
2022-09-23,125.6205
2022-09-22,126.8669
2022-09-21,127.8729
2022-09-20,128.8553
2022-09-19,129.5569
2022-09-16,130.0724
2022-09-15,130.7611
2022-09-14,131.2327
2022-09-13,131.5151
2022-09-12,132.0094
2022-09-09,131.5419
2022-09-08,131.36
2022-09-07,131.5221
2022-09-06,131.7371
2022-09-02,132.3294
2022-09-01,132.8367
2022-08-31,133.3648
2022-08-30,134.059
2022-08-29,134.62
2022-08-26,135.1284
2022-08-25,135.5893
2022-08-24,135.4113
2022-08-23,135.5809
2022-08-22,135.7873
2022-08-19,136.0575
2022-08-18,135.8289
2022-08-17,135.1477
2022-08-16,134.4159
2022-08-15,133.3249
2022-08-12,132.2875
2022-08-11,131.102
2022-08-10,130.098
2022-08-09,128.7725
2022-08-08,127.8191
2022-08-05,126.599
2022-08-04,125.1042
2022-08-03,123.2657
2022-08-02,121.5547
2022-08-01,120.2278
2022-07-29,118.6318
2022-07-28,116.9141
2022-07-27,116.3493
2022-07-26,115.8629
2022-07-25,115.9737
2022-07-22,115.4299
2022-07-21,114.6941
2022-07-20,113.6482
2022-07-19,112.688
2022-07-18,112.1068
2022-07-15,111.9327
2022-07-14,111.7625
2022-07-13,111.8817
2022-07-12,112.0377
2022-07-11,112.3343
2022-07-08,112.3958
2022-07-07,112.0648
2022-07-06,111.6158
2022-07-05,111.3301
2022-07-01,111.1017
2022-06-30,111.264
2022-06-29,111.796
2022-06-28,112.0987
2022-06-27,112.5933
2022-06-24,112.5274
2022-06-23,112.1134
2022-06-22,112.079
2022-06-21,112.4084
2022-06-17,112.8009
2022-06-16,113.4936
2022-06-15,114.5287
2022-06-14,115.2507
2022-06-13,116.6129
2022-06-10,117.9753
2022-06-09,118.8516
2022-06-08,119.136
2022-06-07,118.9208
2022-06-06,118.4914
2022-06-03,117.8284
2022-06-02,117.3525
2022-06-01,116.4937
2022-05-31,115.9473
2022-05-27,115.4987
2022-05-26,115.5358
2022-05-25,116.0051
2022-05-24,116.9767
2022-05-23,118.3321
2022-05-20,119.4663
2022-05-19,120.7163
2022-05-18,122.1266
2022-05-17,123.707
2022-05-16,124.5848
2022-05-13,126.0347
2022-05-12,127.401
2022-05-11,129.5557
2022-05-10,132.1014
2022-05-09,134.548
2022-05-06,137.2594
2022-05-05,139.6265
2022-05-04,142.0706
2022-05-03,143.7698
2022-05-02,145.8242
2022-04-29,148.0688
2022-04-28,150.5727
2022-04-27,151.2018
2022-04-26,152.5739
2022-04-25,153.9616
2022-04-22,154.7919
2022-04-21,155.891
2022-04-20,156.6905
2022-04-19,156.9739
2022-04-18,156.8537
2022-04-14,157.282
2022-04-13,157.8689
2022-04-12,158.114
2022-04-11,158.8852
2022-04-08,159.7023
2022-04-07,160.2541
2022-04-06,160.5141
2022-04-05,160.6991
2022-04-04,160.3459
2022-04-01,159.5037
2022-03-31,159.0767
2022-03-30,158.664
2022-03-29,157.8601
2022-03-28,156.6543
2022-03-25,155.3558
2022-03-24,154.3645
2022-03-23,153.3871
2022-03-22,152.3323
2022-03-21,151.0105
2022-03-18,149.9072
2022-03-17,148.7132
2022-03-16,147.8157
2022-03-15,147.2591
2022-03-14,147.2478
2022-03-11,147.8156
2022-03-10,148.0568
2022-03-09,148.1873
2022-03-08,149.125
2022-03-07,150.505
2022-03-04,151.8789
2022-03-03,152.5356
2022-03-02,153.0237
2022-03-01,153.1259
2022-02-28,153.3347
2022-02-25,153.3107
2022-02-24,153.2604
2022-02-23,153.4607
2022-02-22,154.3695
2022-02-18,154.8086
2022-02-17,155.041
2022-02-16,155.0818
2022-02-15,154.7641
2022-02-14,154.5803
2022-02-11,154.5185
2022-02-10,154.6475
2022-02-09,154.1889
2022-02-08,153.452
2022-02-07,152.614
2022-02-04,152.0538
2022-02-03,151.4658
2022-02-02,152.7943
2022-02-01,153.024
2022-01-31,153.2166
2022-01-28,153.6001
2022-01-27,154.613
2022-01-26,156.1893
2022-01-25,158.0122
2022-01-24,159.9097
2022-01-21,161.5271
2022-01-20,163.5149
2022-01-19,164.762
2022-01-18,165.6528
2022-01-14,166.3618
2022-01-13,166.8064
2022-01-12,167.3951
2022-01-11,167.6254
2022-01-10,167.8637
2022-01-07,168.535
2022-01-06,169.1646
2022-01-05,169.7868
2022-01-04,170.3583
2022-01-03,170.6569
2021-12-31,170.6834
2021-12-30,171.101
2021-12-29,171.3595
2021-12-28,171.5868
2021-12-27,171.6842
2021-12-23,171.8963
2021-12-22,171.9834
2021-12-21,172.083
2021-12-20,172.2584
2021-12-17,172.8036
2021-12-16,173.0969
2021-12-15,173.5417
2021-12-14,173.5656
2021-12-13,174.0365
2021-12-10,174.507
2021-12-09,174.7485
2021-12-08,174.8093
2021-12-07,174.6674
2021-12-06,174.5098
2021-12-03,174.8405
2021-12-02,175.4037
2021-12-01,175.7759
2021-11-30,176.1538
2021-11-29,176.238
2021-11-26,176.0443
2021-11-24,176.1302
2021-11-23,175.826
2021-11-22,175.4916
2021-11-19,175.1614
2021-11-18,174.2491
2021-11-17,173.1382
2021-11-16,172.6843
2021-11-15,172.2263
2021-11-12,171.694
2021-11-11,171.2136
2021-11-10,170.9597
2021-11-09,170.6289
2021-11-08,169.7676
2021-11-05,169.2748
2021-11-04,168.5722
2021-11-03,168.0167
2021-11-02,167.8921
2021-11-01,168.1294
2021-10-29,168.3635
2021-10-28,168.3364
2021-10-27,167.9162
2021-10-26,167.7363
2021-10-25,167.624
2021-10-22,167.793
2021-10-21,167.8999
2021-10-20,167.4946
2021-10-19,167.1516
2021-10-18,166.6194
2021-10-15,166.0175
2021-10-14,165.5508
2021-10-13,165.6096
2021-10-12,165.7565
2021-10-11,166.1133
2021-10-08,166.5131
2021-10-07,166.7323
2021-10-06,166.9019
2021-10-05,167.302
2021-10-04,167.9601
2021-10-01,168.8518
2021-09-30,169.3454
2021-09-29,169.8815
2021-09-28,170.3895
2021-09-27,170.8728
2021-09-24,170.9341
2021-09-23,170.8981
2021-09-22,170.9085
2021-09-21,171.1091
2021-09-20,171.5225
2021-09-17,171.9158
2021-09-16,171.7884
2021-09-15,171.5122
2021-09-14,171.2725
2021-09-13,171.1433
2021-09-10,170.9628
2021-09-09,170.7002
2021-09-08,170.3309
2021-09-07,169.7052
2021-09-03,169.099
2021-09-02,168.5933
2021-09-01,168.1131
2021-08-31,167.4986
2021-08-30,166.8628
2021-08-27,166.419
2021-08-26,166.3072
2021-08-25,166.3605
2021-08-24,166.5081
2021-08-23,166.6364
2021-08-20,166.9883
2021-08-19,167.7241
2021-08-18,168.6017
2021-08-17,169.5007
2021-08-16,170.2799
2021-08-13,170.841
2021-08-12,171.4876
2021-08-11,172.1521
2021-08-10,172.9465
2021-08-09,173.6741
2021-08-06,174.3668
2021-08-05,175.1163
2021-08-04,175.7812
2021-08-03,176.628
2021-08-02,177.5034
2021-07-30,178.6539
2021-07-29,179.9459
2021-07-28,179.9407
2021-07-27,179.7748
2021-07-26,179.6122
2021-07-23,179.046
2021-07-22,178.6475
2021-07-21,178.305
2021-07-20,178.2045
2021-07-19,178.1566
2021-07-16,178.2279
2021-07-15,178.1801
2021-07-14,177.8243
2021-07-13,177.1654
2021-07-12,176.4599
2021-07-09,175.4633
2021-07-08,174.3576
2021-07-07,173.0721
2021-07-06,171.8345
2021-07-02,170.5763
2021-07-01,170.0529
2021-06-30,169.8849
2021-06-29,169.6615
2021-06-28,169.3724
2021-06-25,169.0754
2021-06-24,168.9704
2021-06-23,168.6037
2021-06-22,167.9103
2021-06-21,167.1354
2021-06-18,166.5498
2021-06-17,165.7293
2021-06-16,164.81
2021-06-15,164.1835
2021-06-14,163.66
2021-06-11,163.0775
2021-06-10,162.6287
2021-06-09,162.1177
2021-06-08,161.9136
2021-06-07,161.7776
2021-06-04,161.9751
2021-06-03,162.1503
2021-06-02,162.445
2021-06-01,162.5235
2021-05-28,162.691
2021-05-27,162.8528
2021-05-26,162.9947
2021-05-25,162.9669
2021-05-24,162.9684
2021-05-21,163.0441
2021-05-20,163.3484
2021-05-19,163.4499
2021-05-18,163.6456
2021-05-17,163.8595
2021-05-14,163.8953
2021-05-13,164.1848
2021-05-12,164.8281
2021-05-11,165.5892
2021-05-10,166.0517
2021-05-07,166.7388
2021-05-06,166.966
2021-05-05,167.1394
2021-05-04,167.5197
2021-05-03,167.7225
2021-04-30,167.5538
2021-04-29,166.9415
2021-04-28,166.2442
2021-04-27,165.541
2021-04-26,164.9799
2021-04-23,164.4041
2021-04-22,164.1262
2021-04-21,163.9866
2021-04-20,163.5535
2021-04-19,163.2187
2021-04-16,162.6522
2021-04-15,161.8817
2021-04-14,161.1372
2021-04-13,160.5569
2021-04-12,159.5629
2021-04-09,158.5727
2021-04-08,157.5161
2021-04-07,156.732
2021-04-06,155.9702
2021-04-05,155.4206
2021-04-01,154.7979
2021-03-31,154.4556
2021-03-30,154.4295
2021-03-29,154.6047
2021-03-26,154.6908
2021-03-25,154.9108
2021-03-24,155.1842
2021-03-23,155.2717
2021-03-22,155.1029
2021-03-19,155.0565
2021-03-18,155.1943
2021-03-17,155.5937
2021-03-16,155.4682
2021-03-15,155.5603
2021-03-12,155.7157
2021-03-11,155.8463
2021-03-10,155.8639
2021-03-09,156.1778
2021-03-08,156.4973
2021-03-05,157.4341
2021-03-04,158.2142
2021-03-03,159.1969
2021-03-02,160.1387
2021-03-01,160.7084
2021-02-26,161.0664
2021-02-25,161.7422
2021-02-24,162.6774
2021-02-23,163.1722
2021-02-22,163.5351
2021-02-19,164.0085
2021-02-18,164.1679
2021-02-17,163.9317
2021-02-16,163.7738
2021-02-12,163.8081
2021-02-11,163.8
2021-02-10,163.873
2021-02-09,163.825
2021-02-08,163.675
2021-02-05,163.4147
2021-02-04,162.9734
2021-02-03,162.5969
2021-02-02,162.278
2021-02-01,161.5704
2021-01-29,160.9838
2021-01-28,161.0547
2021-01-27,160.9677
2021-01-26,160.8981
2021-01-25,160.3288
2021-01-22,159.8686
2021-01-21,159.3694
2021-01-20,158.7399
2021-01-19,158.2737
2021-01-15,158.509
2021-01-14,158.856
2021-01-13,159.1173
2021-01-12,159.204
2021-01-11,159.5369
2021-01-08,159.9396
2021-01-07,160.0243
2021-01-06,160.226
2021-01-05,160.5741
2021-01-04,160.5372
2020-12-31,160.6641
2020-12-30,160.4343
2020-12-29,160.0282
2020-12-28,159.3891
2020-12-24,158.8829
2020-12-23,158.909
2020-12-22,158.8717
2020-12-21,158.7186
2020-12-18,158.5512
2020-12-17,158.3901
2020-12-16,158.0307
2020-12-15,157.6078
2020-12-14,157.5396
2020-12-11,157.5071
2020-12-10,157.6846
2020-12-09,157.9593
2020-12-08,158.2487
2020-12-07,158.1839
2020-12-04,158.2138
2020-12-03,158.2227
2020-12-02,158.1054
2020-12-01,157.8874
2020-11-30,157.5594
2020-11-27,157.4707
2020-11-25,157.2289
2020-11-24,157.0158
2020-11-23,157.133
2020-11-20,157.366
2020-11-19,157.6182
2020-11-18,157.8042
2020-11-17,158.0706
2020-11-16,158.2062
2020-11-13,158.3802
2020-11-12,158.5844
2020-11-11,158.9076
2020-11-10,159.1221
2020-11-09,159.898
2020-11-06,160.1834
2020-11-05,159.6166
2020-11-04,158.9341
2020-11-03,158.6053
2020-11-02,159.2563
2020-10-30,160.207
2020-10-29,161.0912
2020-10-28,161.1481
2020-10-27,161.4649
2020-10-26,161.1647
2020-10-23,161.2503
2020-10-22,161.3587
2020-10-21,161.6259
2020-10-20,161.8763
2020-10-19,161.9843
2020-10-16,162.1553
2020-10-15,161.9994
2020-10-14,161.4802
2020-10-13,160.7743
2020-10-12,159.5736
2020-10-09,158.2501
2020-10-08,157.6099
2020-10-07,157.408
2020-10-06,157.1579
2020-10-05,157.3852
2020-10-02,157.1142
2020-10-01,157.2052
2020-09-30,156.7991
2020-09-29,156.732
2020-09-28,156.6781
2020-09-25,156.465
2020-09-24,156.6448
2020-09-23,157.2401
2020-09-22,158.003
2020-09-21,158.1665
2020-09-18,159.2342
2020-09-17,160.4435
2020-09-16,161.4969
2020-09-15,162.296
2020-09-14,162.7686
2020-09-11,163.5707
2020-09-10,164.3875
2020-09-09,164.9804
2020-09-08,165.1435
2020-09-04,165.949
2020-09-03,166.0772
2020-09-02,165.8327
2020-09-01,164.7022
2020-08-31,163.6228
2020-08-28,162.6833
2020-08-27,161.9037
2020-08-26,161.0514
2020-08-25,159.8892
2020-08-24,159.1065
2020-08-21,158.4469
2020-08-20,157.8375
2020-08-19,157.0974
2020-08-18,156.4736
2020-08-17,155.5103
2020-08-14,155.1303
2020-08-13,154.8913
2020-08-12,154.5587
2020-08-11,154.1846
2020-08-10,154.2005
2020-08-07,153.8629
2020-08-06,153.3882
2020-08-05,152.5606
2020-08-04,151.751
2020-08-03,151.2047
2020-07-31,150.7426
2020-07-30,149.954
2020-07-29,149.6761
2020-07-28,149.4656
2020-07-27,149.4076
2020-07-24,149.0546
2020-07-23,148.9082
2020-07-22,148.8641
2020-07-21,148.2187
2020-07-20,147.3034
2020-07-17,145.9835
2020-07-16,145.7609
2020-07-15,145.3152
2020-07-14,144.7753
2020-07-13,143.7833
2020-07-10,142.5815
2020-07-09,140.748
2020-07-08,138.8129
2020-07-07,137.2084
2020-07-06,135.8613
2020-07-02,134.0728
2020-07-01,132.9736
2020-06-30,131.8198
2020-06-29,131.1754
2020-06-26,130.8761
2020-06-25,130.4795
2020-06-24,129.7164
2020-06-23,128.9792
2020-06-22,128.0064
2020-06-19,127.1975
2020-06-18,126.5077
2020-06-17,125.856
2020-06-16,125.2041
2020-06-15,124.619
2020-06-12,124.1963
2020-06-11,123.8748
2020-06-10,123.4513
2020-06-09,122.5122
2020-06-08,121.7195
2020-06-05,121.2475
2020-06-04,120.942
2020-06-03,120.7222
2020-06-02,120.3856
2020-06-01,120.0451
2020-05-29,119.6759
2020-05-28,119.4188
2020-05-27,119.3519
2020-05-26,119.229
2020-05-22,119.0328
2020-05-21,118.7368
2020-05-20,118.3579
2020-05-19,117.6695
2020-05-18,117.1646
2020-05-15,116.7279
2020-05-14,116.332
2020-05-13,116.0046
2020-05-12,115.7529
2020-05-11,115.5324
2020-05-08,115.0147
2020-05-07,114.5973
2020-05-06,114.1991
2020-05-05,113.845
2020-05-04,113.6297
2020-05-01,113.4013
2020-04-30,113.3065
2020-04-29,112.2124
2020-04-28,111.5363
2020-04-27,111.0976
2020-04-24,110.2868
2020-04-23,109.2106
2020-04-22,108.0778
2020-04-21,107.015
2020-04-20,106.0264
2020-04-17,104.5891
2020-04-16,103.0985
2020-04-15,101.2763
2020-04-14,99.7913
2020-04-13,98.2782
2020-04-09,97.2081
2020-04-08,96.6892
2020-04-07,96.1144
2020-04-06,95.6443
2020-04-03,95.1985
2020-04-02,95.1847
2020-04-01,95.1051
2020-03-31,95.0756
2020-03-30,94.8219
2020-03-27,94.4666
2020-03-26,94.4099
2020-03-25,94.0557
2020-03-24,94.0308
2020-03-23,93.7178
2020-03-20,93.5679
2020-03-19,93.7009
2020-03-18,93.6645
2020-03-17,93.8924
2020-03-16,94.2608
2020-03-13,95.2927
2020-03-12,95.9288
2020-03-11,97.2023
2020-03-10,97.8507
2020-03-09,98.1938
2020-03-06,99.0531
2020-03-05,99.474
2020-03-04,99.8185
2020-03-03,99.9266
2020-03-02,100.3978
2020-02-28,100.6821
2020-02-27,101.3657
2020-02-26,102.1184
2020-02-25,102.4488
2020-02-24,102.8501
2020-02-21,103.1012
2020-02-20,102.9225
2020-02-19,102.4244
2020-02-18,101.7837
2020-02-14,101.1521
2020-02-13,100.5636
2020-02-12,99.8341
2020-02-11,98.9745
2020-02-10,98.0729
2020-02-07,97.1653
2020-02-06,96.4496
2020-02-05,95.8115
2020-02-04,95.1608
2020-02-03,94.39
2020-01-31,93.7773
2020-01-30,93.0764
2020-01-29,93.0283
2020-01-28,93.0418
2020-01-27,93.0817
2020-01-24,93.2569
2020-01-23,93.2753
2020-01-22,93.175
2020-01-21,93.0488
2020-01-17,92.8856
2020-01-16,92.8487
2020-01-15,92.7383
2020-01-14,92.7002
2020-01-13,92.6189
2020-01-10,92.4141
2020-01-09,92.2305
2020-01-08,91.9334
2020-01-07,91.6529
2020-01-06,91.2645
2020-01-03,90.8561
2020-01-02,90.5516
2019-12-31,90.0938
2019-12-30,89.8519
2019-12-27,89.5896
2019-12-26,89.179
2019-12-24,88.7306
2019-12-23,88.6538
2019-12-20,88.5489
2019-12-19,88.4672
2019-12-18,88.3465
2019-12-17,88.2565
2019-12-16,88.1221
2019-12-13,88.0865
2019-12-12,88.0907
2019-12-11,88.0985
2019-12-10,88.1682
2019-12-09,88.2954
2019-12-06,88.3817
2019-12-05,88.4661
2019-12-04,88.6179
2019-12-03,88.6793
2019-12-02,88.6983
2019-11-29,88.6582
2019-11-27,88.5127
2019-11-26,88.2587
2019-11-25,88.0915
2019-11-22,88.0283
2019-11-21,88.1065
2019-11-20,88.2508
2019-11-19,88.3534
2019-11-18,88.4285
2019-11-15,88.5129
2019-11-14,88.6749
2019-11-13,88.7743
2019-11-12,88.8921
2019-11-11,88.8913
2019-11-08,88.9238
2019-11-07,88.8848
2019-11-06,88.8295
2019-11-05,88.7285
2019-11-04,88.5857
2019-11-01,88.4123
2019-10-31,88.2902
2019-10-30,88.2331
2019-10-29,88.1524
2019-10-28,88.1542
2019-10-25,88.0805
2019-10-24,88.082
2019-10-23,87.9813
2019-10-22,87.9679
2019-10-21,87.9344
2019-10-18,87.7924
2019-10-17,87.7837
2019-10-16,87.6162
2019-10-15,87.4841
2019-10-14,87.391
2019-10-11,87.4509
2019-10-10,87.5409
2019-10-09,87.7017
2019-10-08,87.8704
2019-10-07,88.1435
2019-10-04,88.3025
2019-10-03,88.4415
2019-10-02,88.6752
2019-10-01,88.9925
2019-09-30,89.2251
2019-09-27,89.4808
2019-09-26,89.8186
2019-09-25,90.1161
2019-09-24,90.295
2019-09-23,90.6334
2019-09-20,90.7774
2019-09-19,90.89
2019-09-18,90.8705
2019-09-17,90.8702
2019-09-16,90.8431
2019-09-13,90.8906
2019-09-12,90.7773
2019-09-11,90.6299
2019-09-10,90.5752
2019-09-09,90.5276
2019-09-06,90.4182
2019-09-05,90.2858
2019-09-04,90.1016
2019-09-03,90.109
2019-08-30,90.174
2019-08-29,90.3171
2019-08-28,90.4221
2019-08-27,90.6546
2019-08-26,90.9244
2019-08-23,91.1856
2019-08-22,91.5756
2019-08-21,91.7169
2019-08-20,91.7737
2019-08-19,91.9531
2019-08-16,92.0739
2019-08-15,92.3313
2019-08-14,92.7024
2019-08-13,93.1818
2019-08-12,93.3886
2019-08-09,93.8247
2019-08-08,94.1874
2019-08-07,94.4551
2019-08-06,94.9588
2019-08-05,95.5448
2019-08-02,96.312
2019-08-01,96.8541
2019-07-31,97.2844
2019-07-30,97.6997
2019-07-29,97.9916
2019-07-26,98.241
2019-07-25,98.3556
2019-07-24,98.3203
2019-07-23,98.1392
2019-07-22,97.9723
2019-07-19,97.8345
2019-07-18,97.7933
2019-07-17,97.6773
2019-07-16,97.4748
2019-07-15,97.1569
2019-07-12,96.7471
2019-07-11,96.3468
2019-07-10,95.9567
2019-07-09,95.4394
2019-07-08,95.0209
2019-07-05,94.7478
2019-07-03,94.4954
2019-07-02,94.237
2019-07-01,93.9761
2019-06-28,93.7515
2019-06-27,93.6536
2019-06-26,93.4894
2019-06-25,93.3418
2019-06-24,93.2816
2019-06-21,93.0276
2019-06-20,92.7605
2019-06-19,92.429
2019-06-18,92.1121
2019-06-17,91.8009
2019-06-14,91.5377
2019-06-13,91.3329
2019-06-12,91.1032
2019-06-11,90.9281
2019-06-10,90.6906
2019-06-07,90.4441
2019-06-06,90.4697
2019-06-05,90.7593
2019-06-04,91.163
2019-06-03,91.6561
2019-05-31,92.3952
2019-05-30,92.7786
2019-05-29,92.9852
2019-05-28,93.1984
2019-05-24,93.3433
2019-05-23,93.5727
2019-05-22,93.8673
2019-05-21,93.9603
2019-05-20,94.0744
2019-05-17,94.193
2019-05-16,94.2712
2019-05-15,94.1546
2019-05-14,94.2175
2019-05-13,94.4502
2019-05-10,94.7993
2019-05-09,94.8309
2019-05-08,94.8138
2019-05-07,94.7007
2019-05-06,94.5587
2019-05-03,94.2461
2019-05-02,93.8381
2019-05-01,93.7114
2019-04-30,93.5152
2019-04-29,93.2193
2019-04-26,92.8296
2019-04-25,92.3346
2019-04-24,92.0422
2019-04-23,91.7217
2019-04-22,91.2515
2019-04-18,90.9237
2019-04-17,90.6962
2019-04-16,90.4284
2019-04-15,90.1417
2019-04-12,89.9204
2019-04-11,89.6854
2019-04-10,89.4203
2019-04-09,89.1102
2019-04-08,88.8279
2019-04-05,88.4421
2019-04-04,88.0819
2019-04-03,87.7808
2019-04-02,87.4382
2019-04-01,87.095
2019-03-29,86.7145
2019-03-28,86.47
2019-03-27,86.2383
2019-03-26,86.0228
2019-03-25,85.6896
2019-03-22,85.3714
2019-03-21,85.0696
2019-03-20,84.4492
2019-03-19,83.8793
2019-03-18,83.4358
2019-03-15,83.0493
2019-03-14,82.7789
2019-03-13,82.6177
2019-03-12,82.4153
2019-03-11,82.2848
2019-03-08,82.1536
2019-03-07,82.2708
2019-03-06,82.3733
2019-03-05,82.2602
2019-03-04,82.0116
2019-03-01,81.7172
2019-02-28,81.5204
2019-02-27,81.4708
2019-02-26,81.4094
2019-02-25,81.3662
2019-02-22,81.3363
2019-02-21,81.3109
2019-02-20,81.3465
2019-02-19,81.372
2019-02-15,81.3712
2019-02-14,81.4737
2019-02-13,81.5096
2019-02-12,81.458
2019-02-11,81.4115
2019-02-08,81.6074
2019-02-07,81.8386
2019-02-06,81.9565
2019-02-05,81.9506
2019-02-04,81.8464
2019-02-01,81.8654
2019-01-31,81.9237
2019-01-30,81.5013
2019-01-29,81.2886
2019-01-28,81.4565
2019-01-25,81.4104
2019-01-24,81.1874
2019-01-23,81.0233
2019-01-22,80.9204
2019-01-18,80.848
2019-01-17,80.4309
2019-01-16,79.9857
2019-01-15,79.5432
2019-01-14,79.1027
2019-01-11,78.9177
2019-01-10,78.5903
2019-01-09,78.146
2019-01-08,77.6381
2019-01-07,77.0917
2019-01-04,76.6302
2019-01-03,76.405
2019-01-02,76.5514
2018-12-31,76.5088
2018-12-28,76.6572
2018-12-27,76.9474
2018-12-26,77.3542
2018-12-24,77.7552
2018-12-21,78.8665
2018-12-20,79.9185
2018-12-19,80.6424
2018-12-18,81.2622
2018-12-17,81.6505
2018-12-14,82.2405
2018-12-13,82.5189
2018-12-12,82.4768
2018-12-11,82.4031
2018-12-10,82.4284
2018-12-07,82.4681
2018-12-06,82.5746
2018-12-04,82.3236
2018-12-03,82.2081
2018-11-30,81.5334
2018-11-29,81.2203
2018-11-28,80.9615
2018-11-27,80.6535
2018-11-26,80.8201
2018-11-23,81.0047
2018-11-21,81.6259
2018-11-20,82.2353
2018-11-19,83.0208
2018-11-16,83.8004
2018-11-15,84.2351
2018-11-14,84.5786
2018-11-13,85.0658
2018-11-12,85.435
2018-11-09,85.8131
2018-11-08,85.8333
2018-11-07,85.632
2018-11-06,85.4065
2018-11-05,85.7503
2018-11-02,86.2093
2018-11-01,86.518
2018-10-31,86.8592
2018-10-30,87.5917
2018-10-29,88.757
2018-10-26,90.0005
2018-10-25,90.8279
2018-10-24,91.0089
2018-10-23,91.8298
2018-10-22,92.1872
2018-10-19,92.4737
2018-10-18,92.9234
2018-10-17,93.3853
2018-10-16,93.5746
2018-10-15,93.8458
2018-10-12,94.4562
2018-10-11,94.9852
2018-10-10,95.9344
2018-10-09,96.7946
2018-10-08,97.1397
2018-10-05,97.5522
2018-10-04,97.8753
2018-10-03,98.1284
2018-10-02,98.18
2018-10-01,98.1394
2018-09-28,97.9206
2018-09-27,97.6859
2018-09-26,97.374
2018-09-25,97.23
2018-09-24,97.0723
2018-09-21,97.1096
2018-09-20,97.2527
2018-09-19,97.2567
2018-09-18,97.3552
2018-09-17,97.387
2018-09-14,97.596
2018-09-13,97.4999
2018-09-12,97.29
2018-09-11,97.0574
2018-09-10,96.8153
2018-09-07,96.801
2018-09-06,96.7165
2018-09-05,96.5903
2018-09-04,96.2587
2018-08-31,95.6569
2018-08-30,95.1329
2018-08-29,94.608
2018-08-28,94.0504
2018-08-27,93.7777
2018-08-24,93.5034
2018-08-23,93.3175
2018-08-22,93.1251
2018-08-21,92.902
2018-08-20,92.7684
2018-08-17,92.6561
2018-08-16,92.5029
2018-08-15,92.311
2018-08-14,92.1194
2018-08-13,91.7128
2018-08-10,91.3868
2018-08-09,91.0785
2018-08-08,90.6735
2018-08-07,90.2891
2018-08-06,89.9907
2018-08-03,89.7384
2018-08-02,89.5882
2018-08-01,89.3642
2018-07-31,89.3122
2018-07-30,89.3585
2018-07-27,89.4004
2018-07-26,89.2463
2018-07-25,89.1249
2018-07-24,88.698
2018-07-23,88.4071
2018-07-20,88.2289
2018-07-19,87.9703
2018-07-18,87.6884
2018-07-17,87.2192
2018-07-16,86.6952
2018-07-13,86.229
2018-07-12,85.7635
2018-07-11,85.3353
2018-07-10,85.0812
2018-07-09,84.863
2018-07-06,84.6432
2018-07-05,84.5497
2018-07-03,84.5037
2018-07-02,84.4833
2018-06-29,84.3564
2018-06-28,84.2897
2018-06-27,84.2073
2018-06-26,84.3317
2018-06-25,84.3082
2018-06-22,84.4293
2018-06-21,84.2868
2018-06-20,84.0527
2018-06-19,83.6894
2018-06-18,83.3684
2018-06-15,83.0714
2018-06-14,82.7843
2018-06-13,82.4255
2018-06-12,82.129
2018-06-11,81.8333
2018-06-08,81.5573
2018-06-07,81.2791
2018-06-06,80.9438
2018-06-05,80.5392
2018-06-04,80.0888
2018-06-01,79.7546
2018-05-31,79.5102
2018-05-30,79.3027
2018-05-29,79.0983
2018-05-25,78.9357
2018-05-24,78.7702
2018-05-23,78.6246
2018-05-22,78.4701
2018-05-21,78.4069
2018-05-18,78.3157
2018-05-17,78.2733
2018-05-16,78.1876
2018-05-15,78.0638
2018-05-14,77.9856
2018-05-11,77.7655
2018-05-10,77.5149
2018-05-09,77.2056
2018-05-08,76.8693
2018-05-07,76.5798
2018-05-04,76.2191
2018-05-03,75.9213
2018-05-02,75.639
2018-05-01,75.3395
2018-04-30,74.9423
2018-04-27,74.5881
2018-04-26,74.1626
2018-04-25,73.9799
2018-04-24,74.0821
2018-04-23,74.1956
2018-04-20,74.0169
2018-04-19,73.7687
2018-04-18,73.3396
2018-04-17,73.0183
2018-04-16,72.7895
2018-04-13,72.8648
2018-04-12,73.0043
2018-04-11,73.0652
2018-04-10,73.2455
2018-04-09,73.3965
2018-04-06,73.7221
2018-04-05,74.0863
2018-04-04,74.2441
2018-04-03,74.6352
2018-04-02,75.165
2018-03-29,75.8561
2018-03-28,76.2233
2018-03-27,76.7131
2018-03-26,76.9089
2018-03-23,76.8158
2018-03-22,77.0304
2018-03-21,77.0077
2018-03-20,76.7881
2018-03-19,76.5211
2018-03-16,76.4447
2018-03-15,76.2195
2018-03-14,75.9146
2018-03-13,75.5319
2018-03-12,75.1238
2018-03-09,74.619
2018-03-08,74.1637
2018-03-07,73.8027
2018-03-06,73.4398
2018-03-05,73.0775
2018-03-02,72.7509
2018-03-01,72.5128
2018-02-28,72.2855
2018-02-27,71.9342
2018-02-26,71.5484
2018-02-23,71.0696
2018-02-22,70.6559
2018-02-21,70.2758
2018-02-20,69.8684
2018-02-16,69.4948
2018-02-15,69.1853
2018-02-14,68.7745
2018-02-13,68.3768
2018-02-12,68.1296
2018-02-09,68.0052
2018-02-08,68.1131
2018-02-07,68.175
2018-02-06,67.8946
2018-02-05,67.4475
2018-02-02,67.2314
2018-02-01,66.7824
2018-01-31,66.4963
2018-01-30,65.8597
2018-01-29,65.2248
2018-01-26,64.6291
2018-01-25,64.0529
2018-01-24,63.543
2018-01-23,63.0869
2018-01-22,62.5564
2018-01-19,62.1554
2018-01-18,61.8845
2018-01-17,61.5917
2018-01-16,61.2593
2018-01-12,60.8399
2018-01-11,60.3747
2018-01-10,60.0105
2018-01-09,59.7257
2018-01-08,59.4194
2018-01-05,59.1116
2018-01-04,58.8647
2018-01-03,58.6948
2018-01-02,58.5353
2017-12-29,58.4389
2017-12-28,58.4353
2017-12-27,58.3438
2017-12-26,58.2628
2017-12-22,58.2022
2017-12-21,58.1795
2017-12-20,58.1207
2017-12-19,58.0407
2017-12-18,57.9009
2017-12-15,57.7295
2017-12-14,57.6003
2017-12-13,57.4832
2017-12-12,57.407
2017-12-11,57.3179
2017-12-08,57.1991
2017-12-07,57.1043
2017-12-06,57.0111
2017-12-05,56.9473
2017-12-04,56.9335
2017-12-01,56.9583
2017-11-30,56.8363
2017-11-29,56.6256
2017-11-28,56.4743
2017-11-27,56.1368
2017-11-24,55.7521
2017-11-22,55.3787
2017-11-21,55.1229
2017-11-20,54.928
2017-11-17,54.782
2017-11-16,54.6018
2017-11-15,54.3636
2017-11-14,54.1561
2017-11-13,53.8734
2017-11-10,53.6013
2017-11-09,53.3206
2017-11-08,52.9906
2017-11-07,52.606
2017-11-06,52.232
2017-11-03,51.8319
2017-11-02,51.4374
2017-11-01,51.0928
2017-10-31,50.6622
2017-10-30,50.1778
2017-10-27,49.613
2017-10-26,49.041
2017-10-25,49.0851
2017-10-24,49.1314
2017-10-23,49.1668
2017-10-20,49.2565
2017-10-19,49.2682
2017-10-18,49.2616
2017-10-17,49.1997
2017-10-16,49.0674
2017-10-13,48.9359
2017-10-12,48.8084
2017-10-11,48.6781
2017-10-10,48.5652
2017-10-09,48.4816
2017-10-06,48.3691
2017-10-05,48.2523
2017-10-04,48.1691
2017-10-03,48.1583
2017-10-02,48.1902
2017-09-29,48.2145
2017-09-28,48.2299
2017-09-27,48.2731
2017-09-26,48.3499
2017-09-25,48.4993
2017-09-22,48.6583
2017-09-21,48.7534
2017-09-20,48.8082
2017-09-19,48.8237
2017-09-18,48.8585
2017-09-15,48.8742
2017-09-14,48.8252
2017-09-13,48.7426
2017-09-12,48.6123
2017-09-11,48.5579
2017-09-08,48.5222
2017-09-07,48.5461
2017-09-06,48.5011
2017-09-05,48.5128
2017-09-01,48.539
2017-08-31,48.4997
2017-08-30,48.4439
2017-08-29,48.4506
2017-08-28,48.5293
2017-08-25,48.6586
2017-08-24,48.8055
2017-08-23,48.9301
2017-08-22,49.0385
2017-08-21,49.1115
2017-08-18,49.2638
2017-08-17,49.4049
2017-08-16,49.5498
2017-08-15,49.6172
2017-08-14,49.6678
2017-08-11,49.7207
2017-08-10,49.8598
2017-08-09,50.0718
2017-08-08,50.174
2017-08-07,50.2458
2017-08-04,50.3124
2017-08-03,50.4106
2017-08-02,50.5227
2017-08-01,50.5993
2017-07-31,50.6825
2017-07-28,50.8186
2017-07-27,50.7993
2017-07-26,50.6414
2017-07-25,50.431
2017-07-24,50.2665
2017-07-21,50.0895
2017-07-20,49.9639
2017-07-19,49.809
2017-07-18,49.6475
2017-07-17,49.4817
2017-07-14,49.3743
2017-07-13,49.2989
2017-07-12,49.2218
2017-07-11,49.1056
2017-07-10,49.0424
2017-07-07,48.9601
2017-07-06,48.9625
2017-07-05,49.0367
2017-07-03,49.0859
2017-06-30,49.2335
2017-06-29,49.3213
2017-06-28,49.3765
2017-06-27,49.3618
2017-06-26,49.4168
2017-06-23,49.3871
2017-06-22,49.3029
2017-06-21,49.2227
2017-06-20,49.1291
2017-06-19,49.0764
2017-06-16,49.0046
2017-06-15,48.9645
2017-06-14,49.0441
2017-06-13,49.0673
2017-06-12,49.0703
2017-06-09,49.1571
2017-06-08,49.1825
2017-06-07,49.0424
2017-06-06,48.8886
2017-06-05,48.7558
2017-06-02,48.5652
2017-06-01,48.3787
2017-05-31,48.2294
2017-05-30,48.0713
2017-05-26,47.8857
2017-05-25,47.6853
2017-05-24,47.4765
2017-05-23,47.3143
2017-05-22,47.1814
2017-05-19,47.039
2017-05-18,46.9387
2017-05-17,46.835
2017-05-16,46.7925
2017-05-15,46.6335
2017-05-12,46.5003
2017-05-11,46.3354
2017-05-10,46.2253
2017-05-09,46.0967
2017-05-08,45.9341
2017-05-05,45.7743
2017-05-04,45.6761
2017-05-03,45.5497
2017-05-02,45.3916
2017-05-01,45.1858
2017-04-28,44.9515
2017-04-27,44.8149
2017-04-26,44.6987
2017-04-25,44.6181
2017-04-24,44.5378
2017-04-21,44.4501
2017-04-20,44.3999
2017-04-19,44.3259
2017-04-18,44.2592
2017-04-17,44.1613
2017-04-13,44.0626
2017-04-12,44.0446
2017-04-11,43.9639
2017-04-10,43.8424
2017-04-07,43.6835
2017-04-06,43.5718
2017-04-05,43.4305
2017-04-04,43.2165
2017-04-03,42.9928
2017-03-31,42.8262
2017-03-30,42.6682
2017-03-29,42.5473
2017-03-28,42.4243
2017-03-27,42.3847
2017-03-24,42.3893
2017-03-23,42.4008
2017-03-22,42.4041
2017-03-21,42.4043
2017-03-20,42.43
2017-03-17,42.3859
2017-03-16,42.3617
2017-03-15,42.3292
2017-03-14,42.2956
2017-03-13,42.2607
2017-03-10,42.2114
2017-03-09,42.1681
2017-03-08,42.1173
2017-03-07,42.0744
2017-03-06,42.0506
2017-03-03,42.0211
2017-03-02,41.9713
2017-03-01,41.9214
2017-02-28,41.8443
2017-02-27,41.8014
2017-02-24,41.735
2017-02-23,41.6795
2017-02-22,41.5816
2017-02-21,41.4554
2017-02-17,41.3116
2017-02-16,41.2125
2017-02-15,41.1078
2017-02-14,40.9996
2017-02-13,40.9133
2017-02-10,40.8172
2017-02-09,40.7587
2017-02-08,40.7261
2017-02-07,40.6988
2017-02-06,40.7066
2017-02-03,40.7408
2017-02-02,40.7651
2017-02-01,40.6354
2017-01-31,40.532
2017-01-30,40.4644
2017-01-27,40.3534
2017-01-26,40.2023
2017-01-25,40.0176
2017-01-24,39.8272
2017-01-23,39.6909
2017-01-20,39.5643
2017-01-19,39.4746
2017-01-18,39.3717
2017-01-17,39.2662
2017-01-13,39.1378
2017-01-12,38.9568
2017-01-11,38.7752
2017-01-10,38.6514
2017-01-09,38.531
2017-01-06,38.3926
2017-01-05,38.2445
2017-01-04,38.1626
2017-01-03,38.1946
2016-12-30,38.2484
2016-12-29,38.3278
2016-12-28,38.3353
2016-12-27,38.3067
2016-12-23,38.279
2016-12-22,38.3052
2016-12-21,38.304
2016-12-20,38.2802
2016-12-19,38.2507
2016-12-16,38.2455
2016-12-15,38.283
2016-12-14,38.3076
2016-12-13,38.2935
2016-12-12,38.249
2016-12-09,38.2745
2016-12-08,38.2579
2016-12-07,38.2464
2016-12-06,38.2175
2016-12-05,38.2156
2016-12-02,38.2416
2016-12-01,38.3705
2016-11-30,38.4956
2016-11-29,38.5974
2016-11-28,38.647
2016-11-25,38.6795
2016-11-23,38.6438
2016-11-22,38.6057
2016-11-21,38.5361
2016-11-18,38.4873
2016-11-17,38.5377
2016-11-16,38.6133
2016-11-15,38.7489
2016-11-14,38.916
2016-11-11,39.2278
2016-11-10,39.4676
2016-11-09,39.7148
2016-11-08,39.8328
2016-11-07,39.8796
2016-11-04,39.9463
2016-11-03,40.1772
2016-11-02,40.3694
2016-11-01,40.5895
2016-10-31,40.7283
2016-10-28,40.8586
2016-10-27,41.0736
2016-10-26,41.09
2016-10-25,41.0858
2016-10-24,41.015
2016-10-21,40.9213
2016-10-20,40.9184
2016-10-19,40.9607
2016-10-18,40.9687
2016-10-17,40.9778
2016-10-14,41.0126
2016-10-13,40.9983
2016-10-12,40.9493
2016-10-11,40.8698
2016-10-10,40.7982
2016-10-07,40.6627
2016-10-06,40.525
2016-10-05,40.361
2016-10-04,40.1655
2016-10-03,40.0038
2016-09-30,39.8108
2016-09-29,39.5945
2016-09-28,39.399
2016-09-27,39.1845
2016-09-26,39.0139
2016-09-23,38.9145
2016-09-22,38.77
2016-09-21,38.6158
2016-09-20,38.5241
2016-09-19,38.4729
2016-09-16,38.4432
2016-09-15,38.3923
2016-09-14,38.3826
2016-09-13,38.4172
2016-09-12,38.4558
2016-09-09,38.4433
2016-09-08,38.4892
2016-09-07,38.4141
2016-09-06,38.3288
2016-09-02,38.2115
2016-09-01,38.1682
2016-08-31,38.1301
2016-08-30,38.0955
2016-08-29,38.0657
2016-08-26,38.0132
2016-08-25,37.9672
2016-08-24,37.9679
2016-08-23,37.979
2016-08-22,37.9639
2016-08-19,37.9628
2016-08-18,37.973
2016-08-17,37.9467
2016-08-16,37.9168
2016-08-15,37.8867
2016-08-12,37.8301
2016-08-11,37.7461
2016-08-10,37.6603
2016-08-09,37.5794
2016-08-08,37.4914
2016-08-05,37.4034
2016-08-04,37.3091
2016-08-03,37.2323
2016-08-02,37.1797
2016-08-01,37.0903
2016-07-29,36.9538
2016-07-28,36.85
2016-07-27,36.7678
2016-07-26,36.7609
2016-07-25,36.7589
2016-07-22,36.7356
2016-07-21,36.6822
2016-07-20,36.6254
2016-07-19,36.5559
2016-07-18,36.5094
2016-07-15,36.4785
2016-07-14,36.4476
2016-07-13,36.3831
2016-07-12,36.3043
2016-07-11,36.1879
2016-07-08,36.0298
2016-07-07,35.8971
2016-07-06,35.7991
2016-07-05,35.6853
2016-07-01,35.6095
2016-06-30,35.5385
2016-06-29,35.513
2016-06-28,35.4849
2016-06-27,35.4941
2016-06-24,35.5916
2016-06-23,35.6593
2016-06-22,35.6125
2016-06-21,35.6212
2016-06-20,35.6033
2016-06-17,35.5931
2016-06-16,35.6219
2016-06-15,35.5952
2016-06-14,35.5828
2016-06-13,35.5426
2016-06-10,35.5195
2016-06-09,35.4799
2016-06-08,35.3849
2016-06-07,35.2852
2016-06-06,35.1903
2016-06-03,35.0696
2016-06-02,34.9425
2016-06-01,34.7878
2016-05-31,34.6632
2016-05-27,34.5078
2016-05-26,34.3915
2016-05-25,34.249
2016-05-24,34.126
2016-05-23,34.0119
2016-05-20,33.925
2016-05-19,33.7971
2016-05-18,33.6783
2016-05-17,33.5526
2016-05-16,33.4251
2016-05-13,33.2032
2016-05-12,32.9619
2016-05-11,32.653
2016-05-10,32.3363
2016-05-09,32.0397
2016-05-06,31.8347
2016-05-05,31.6386
2016-05-04,31.5001
2016-05-03,31.2849
2016-05-02,31.0448
2016-04-29,30.7134
2016-04-28,30.4749
2016-04-27,30.5143
2016-04-26,30.5339
2016-04-25,30.5013
2016-04-22,30.4161
2016-04-21,30.352
2016-04-20,30.2259
2016-04-19,30.0761
2016-04-18,29.9373
2016-04-15,29.7446
2016-04-14,29.5815
2016-04-13,29.4282
2016-04-12,29.29
2016-04-11,29.1986
2016-04-08,29.1357
2016-04-07,29.0731
2016-04-06,29.0206
2016-04-05,28.9066
2016-04-04,28.8644
2016-04-01,28.7807
2016-03-31,28.6603
2016-03-30,28.5528
2016-03-29,28.4073
2016-03-28,28.272
2016-03-24,28.196
2016-03-23,28.0959
2016-03-22,28.0553
2016-03-21,28.0586
2016-03-18,28.0964
2016-03-17,28.1482
2016-03-16,28.1668
2016-03-15,28.1092
2016-03-14,28.0312
2016-03-11,27.9641
2016-03-10,27.9097
2016-03-09,27.9058
2016-03-08,27.8987
2016-03-07,27.8867
2016-03-04,27.86
2016-03-03,27.7656
2016-03-02,27.6489
2016-03-01,27.5056
2016-02-29,27.3533
2016-02-26,27.3246
2016-02-25,27.2786
2016-02-24,27.2282
2016-02-23,27.1783
2016-02-22,27.129
2016-02-19,27.0399
2016-02-18,27.071
2016-02-17,27.1574
2016-02-16,27.205
2016-02-12,27.3261
2016-02-11,27.5337
2016-02-10,27.7803
2016-02-09,28.123
2016-02-08,28.5461
2016-02-05,28.982
2016-02-04,29.39
2016-02-03,29.6613
2016-02-02,29.9884
2016-02-01,30.2393
2016-01-29,30.397
2016-01-28,30.5073
2016-01-27,30.3746
2016-01-26,30.5017
2016-01-25,30.5479
2016-01-22,30.6238
2016-01-21,30.7086
2016-01-20,30.9146
2016-01-19,31.1595
2016-01-15,31.4158
2016-01-14,31.7218
2016-01-13,31.9399
2016-01-12,32.2398
2016-01-11,32.3814
2016-01-08,32.5388
2016-01-07,32.7689
2016-01-06,33.0186
2016-01-05,33.1645
2016-01-04,33.3197
2015-12-31,33.4745
2015-12-30,33.4408
2015-12-29,33.3342
2015-12-28,33.1906
2015-12-24,33.1307
2015-12-23,33.1297
2015-12-22,33.1239
2015-12-21,33.1204
2015-12-18,33.1093
2015-12-17,33.099
2015-12-16,33.0534
2015-12-15,32.976
2015-12-14,32.9806
2015-12-11,32.9896
2015-12-10,33.093
2015-12-09,33.0906
2015-12-08,33.0749
2015-12-07,32.9915
2015-12-04,32.9389
2015-12-03,32.866
2015-12-02,32.819
2015-12-01,32.7156
2015-11-30,32.5854
2015-11-27,32.5165
2015-11-25,32.3958
2015-11-24,32.2515
2015-11-23,32.114
2015-11-20,31.9208
2015-11-19,31.7627
2015-11-18,31.6258
2015-11-17,31.4625
2015-11-16,31.3885
2015-11-13,31.2831
2015-11-12,31.1952
2015-11-11,30.9758
2015-11-10,30.6929
2015-11-09,30.4518
2015-11-06,30.2073
2015-11-05,29.9166
2015-11-04,29.615
2015-11-03,29.3589
2015-11-02,29.1582
2015-10-30,28.9204
2015-10-29,28.6704
2015-10-28,28.3907
2015-10-27,28.1313
2015-10-26,27.8767
2015-10-23,27.6079
2015-10-22,27.3612
2015-10-21,27.2734
2015-10-20,27.2191
2015-10-19,27.1323
2015-10-16,26.9718
2015-10-15,26.8069
2015-10-14,26.6685
2015-10-13,26.6081
2015-10-12,26.5201
2015-10-09,26.4159
2015-10-08,26.3555
2015-10-07,26.3236
2015-10-06,26.2422
2015-10-05,26.1757
2015-10-02,26.0696
2015-10-01,26.0109
2015-09-30,26.0083
2015-09-29,26.053
2015-09-28,26.1845
2015-09-25,26.2878
2015-09-24,26.2957
2015-09-23,26.2545
2015-09-22,26.1967
2015-09-21,26.1206
2015-09-18,25.9838
2015-09-17,25.8755
2015-09-16,25.7631
2015-09-15,25.6993
2015-09-14,25.6551
2015-09-11,25.6116
2015-09-10,25.521
2015-09-09,25.4588
2015-09-08,25.4182
2015-09-04,25.3699
2015-09-03,25.4141
2015-09-02,25.4328
2015-09-01,25.4228
2015-08-31,25.4856
2015-08-28,25.4688
2015-08-27,25.4234
2015-08-26,25.3713
2015-08-25,25.4063
2015-08-24,25.6261
2015-08-21,25.8848
2015-08-20,26.007
2015-08-19,26.03
2015-08-18,25.9651
2015-08-17,25.8824
2015-08-14,25.7899
2015-08-13,25.7072
2015-08-12,25.6255
2015-08-11,25.555
2015-08-10,25.4689
2015-08-07,25.3919
2015-08-06,25.3141
2015-08-05,25.1921
2015-08-04,25.0176
2015-08-03,24.8515
2015-07-31,24.6515
2015-07-30,24.4246
2015-07-29,24.1705
2015-07-28,23.9306
2015-07-27,23.681
2015-07-24,23.3769
2015-07-23,23.0512
2015-07-22,22.9398
2015-07-21,22.7847
2015-07-20,22.6146
2015-07-17,22.4262
2015-07-16,22.2447
2015-07-15,22.0837
2015-07-14,21.981
2015-07-13,21.8444
2015-07-10,21.7461
2015-07-09,21.7009
2015-07-08,21.6989
2015-07-07,21.7214
2015-07-06,21.7094
2015-07-02,21.6996
2015-07-01,21.6801
2015-06-30,21.6601
2015-06-29,21.6554
2015-06-26,21.6725
2015-06-25,21.6481
2015-06-24,21.6105
2015-06-23,21.5651
2015-06-22,21.4878
2015-06-19,21.4534
2015-06-18,21.4226
2015-06-17,21.365
2015-06-16,21.3623
2015-06-15,21.3623
2015-06-12,21.3811
2015-06-11,21.369
2015-06-10,21.3396
2015-06-09,21.3186
2015-06-08,21.3233
2015-06-05,21.3389
2015-06-04,21.338
2015-06-03,21.3169
2015-06-02,21.2629
2015-06-01,21.2328
2015-05-29,21.1998
2015-05-28,21.1722
2015-05-27,21.1558
2015-05-26,21.1121
2015-05-22,21.0951
2015-05-21,21.0649
2015-05-20,21.0106
2015-05-19,20.9914
2015-05-18,20.9815
2015-05-15,20.9519
2015-05-14,20.9153
2015-05-13,20.8417
2015-05-12,20.7889
2015-05-11,20.7087
2015-05-08,20.6104
2015-05-07,20.4973
2015-05-06,20.4082
2015-05-05,20.3507
2015-05-04,20.2761
2015-05-01,20.1839
2015-04-30,20.0828
2015-04-29,19.9769
2015-04-28,19.8199
2015-04-27,19.6467
2015-04-24,19.4066
2015-04-23,19.1067
2015-04-22,19.0654
2015-04-21,19.0207
2015-04-20,18.964
2015-04-17,18.9102
2015-04-16,18.9241
2015-04-15,18.8843
2015-04-14,18.854
2015-04-13,18.8117
2015-04-10,18.7795
2015-04-09,18.7423
2015-04-08,18.6966
2015-04-07,18.6583
2015-04-06,18.6518
2015-04-02,18.6307
2015-04-01,18.6326
2015-03-31,18.6452
2015-03-30,18.6494
2015-03-27,18.641
2015-03-26,18.6529
2015-03-25,18.6829
2015-03-24,18.6972
2015-03-23,18.6964
2015-03-20,18.6902
2015-03-19,18.6655
2015-03-18,18.6659
2015-03-17,18.6563
2015-03-16,18.6626
2015-03-13,18.6621
2015-03-12,18.6761
2015-03-11,18.6724
2015-03-10,18.7096
2015-03-09,18.7343
2015-03-06,18.7139
2015-03-05,18.6833
2015-03-04,18.6087
2015-03-03,18.5532
2015-03-02,18.4819
2015-02-27,18.3976
2015-02-26,18.3334
2015-02-25,18.2379
2015-02-24,18.1294
2015-02-23,18.0452
2015-02-20,17.944
2015-02-19,17.8136
2015-02-18,17.694
2015-02-17,17.5914
2015-02-13,17.4672
2015-02-12,17.2962
2015-02-11,17.1317
2015-02-10,16.9607
2015-02-09,16.7829
2015-02-06,16.5992
2015-02-05,16.3765
2015-02-04,16.1325
2015-02-03,15.911
2015-02-02,15.6724
2015-01-30,15.4038
2015-01-29,15.1594
2015-01-28,15.1141
2015-01-27,15.1056
2015-01-26,15.0812
2015-01-23,15.0389
2015-01-22,14.9777
2015-01-21,14.9211
2015-01-20,14.9272
2015-01-16,14.9752
2015-01-15,15.0213
2015-01-14,15.0922
2015-01-13,15.1373
2015-01-12,15.1795
2015-01-09,15.2436
2015-01-08,15.2854
2015-01-07,15.313
2015-01-06,15.3543
2015-01-05,15.4163
2015-01-02,15.4486
2014-12-31,15.451
2014-12-30,15.444
2014-12-29,15.4365
2014-12-26,15.4191
2014-12-24,15.4154
2014-12-23,15.4432
2014-12-22,15.4567
2014-12-19,15.4704
2014-12-18,15.5204
2014-12-17,15.5872
2014-12-16,15.6549
2014-12-15,15.7498
2014-12-12,15.7968
2014-12-11,15.8421
2014-12-10,15.8921
2014-12-09,15.9552
2014-12-08,15.99
2014-12-05,16.0592
2014-12-04,16.1043
2014-12-03,16.1314
2014-12-02,16.1637
2014-12-01,16.1477
2014-11-28,16.1316
2014-11-26,16.0474
2014-11-25,15.9809
2014-11-24,15.8998
2014-11-21,15.8069
2014-11-20,15.7201
2014-11-19,15.6352
2014-11-18,15.5624
2014-11-17,15.4904
2014-11-14,15.4207
2014-11-13,15.3185
2014-11-12,15.2653
2014-11-11,15.2327
2014-11-10,15.1939
2014-11-07,15.1874
2014-11-06,15.2079
2014-11-05,15.2475
2014-11-04,15.2919
2014-11-03,15.3078
2014-10-31,15.3101
2014-10-30,15.314
2014-10-29,15.3519
2014-10-28,15.4199
2014-10-27,15.4873
2014-10-24,15.5914
2014-10-23,15.7218
2014-10-22,15.7284
2014-10-21,15.7368
2014-10-20,15.7337
2014-10-17,15.7782
2014-10-16,15.841
2014-10-15,15.9145
2014-10-14,15.9793
2014-10-13,16.0386
2014-10-10,16.114
2014-10-09,16.1713
2014-10-08,16.2137
2014-10-07,16.222
2014-10-06,16.2613
2014-10-03,16.2772
2014-10-02,16.292
2014-10-01,16.3311
2014-09-30,16.3793
2014-09-29,16.4064
2014-09-26,16.4396
2014-09-25,16.469
2014-09-24,16.5082
2014-09-23,16.5185
2014-09-22,16.5539
2014-09-19,16.5886
2014-09-18,16.5909
2014-09-17,16.6268
2014-09-16,16.6717
2014-09-15,16.7016
2014-09-12,16.755
2014-09-11,16.7756
2014-09-10,16.8018
2014-09-09,16.8266
2014-09-08,16.8623
2014-09-05,16.8355
2014-09-04,16.7846
2014-09-03,16.7306
2014-09-02,16.7075
2014-08-29,16.6642
2014-08-28,16.6339
2014-08-27,16.5953
2014-08-26,16.5359
2014-08-25,16.4774
2014-08-22,16.4539
2014-08-21,16.4407
2014-08-20,16.4191
2014-08-19,16.3802
2014-08-18,16.3406
2014-08-15,16.3
2014-08-14,16.2598
2014-08-13,16.2176
2014-08-12,16.2075
2014-08-11,16.2329
2014-08-08,16.2662
2014-08-07,16.3111
2014-08-06,16.3888
2014-08-05,16.4619
2014-08-04,16.5509
2014-08-01,16.6424
2014-07-31,16.7781
2014-07-30,16.8969
2014-07-29,16.9781
2014-07-28,17.081
2014-07-25,17.1927
2014-07-24,17.2971
2014-07-23,17.2304
2014-07-22,17.1592
2014-07-21,17.0663
2014-07-18,16.9693
2014-07-17,16.8678
2014-07-16,16.7883
2014-07-15,16.6824
2014-07-14,16.5729
2014-07-11,16.4474
2014-07-10,16.3566
2014-07-09,16.3524
2014-07-08,16.337
2014-07-07,16.3524
2014-07-03,16.3182
2014-07-02,16.2597
2014-07-01,16.2194
2014-06-30,16.1773
2014-06-27,16.1708
2014-06-26,16.1647
2014-06-25,16.1521
2014-06-24,16.1289
2014-06-23,16.1206
2014-06-20,16.0952
2014-06-19,16.0831
2014-06-18,16.055
2014-06-17,15.9851
2014-06-16,15.9539
2014-06-13,15.909
2014-06-12,15.8664
2014-06-11,15.8212
2014-06-10,15.7224
2014-06-09,15.6279
2014-06-06,15.5492
2014-06-05,15.4509
2014-06-04,15.3743
2014-06-03,15.378
2014-06-02,15.38
2014-05-30,15.3734
2014-05-29,15.3467
2014-05-28,15.3107
2014-05-27,15.2899
2014-05-23,15.2635
2014-05-22,15.2268
2014-05-21,15.2248
2014-05-20,15.2221
2014-05-19,15.2392
2014-05-16,15.2815
2014-05-15,15.3232
2014-05-14,15.3826
2014-05-13,15.4354
2014-05-12,15.4568
2014-05-09,15.4898
2014-05-08,15.5822
2014-05-07,15.7049
2014-05-06,15.8175
2014-05-05,15.9174
2014-05-02,15.961
2014-05-01,16.02
2014-04-30,16.0859
2014-04-29,16.1784
2014-04-28,16.3005
2014-04-25,16.4554
2014-04-24,16.5884
2014-04-23,16.5601
2014-04-22,16.5949
2014-04-21,16.6085
2014-04-17,16.6154
2014-04-16,16.6543
2014-04-15,16.7038
2014-04-14,16.7985
2014-04-11,16.9041
2014-04-10,17.0428
2014-04-09,17.1678
2014-04-08,17.2285
2014-04-07,17.3207
2014-04-04,17.4715
2014-04-03,17.6106
2014-04-02,17.7084
2014-04-01,17.7727
2014-03-31,17.8383
2014-03-28,17.9456
2014-03-27,18.0542
2014-03-26,18.1732
2014-03-25,18.2787
2014-03-24,18.3359
2014-03-21,18.4142
2014-03-20,18.4545
2014-03-19,18.4551
2014-03-18,18.4334
2014-03-17,18.3803
2014-03-14,18.3411
2014-03-13,18.3047
2014-03-12,18.2762
2014-03-11,18.2493
2014-03-10,18.2291
2014-03-07,18.1978
2014-03-06,18.1552
2014-03-05,18.1075
2014-03-04,18.0537
2014-03-03,18.0388
2014-02-28,18.0441
2014-02-27,18.0377
2014-02-26,18.0409
2014-02-25,18.0463
2014-02-24,18.06
2014-02-21,18.1096
2014-02-20,18.1908
2014-02-19,18.2646
2014-02-18,18.3589
2014-02-14,18.4301
2014-02-13,18.4893
2014-02-12,18.5555
2014-02-11,18.6706
2014-02-10,18.7318
2014-02-07,18.8042
2014-02-06,18.8832
2014-02-05,19.0046
2014-02-04,19.1817
2014-02-03,19.3695
2014-01-31,19.5865
2014-01-30,19.7604
2014-01-29,19.7194
2014-01-28,19.773
2014-01-27,19.7784
2014-01-24,19.8273
2014-01-23,19.8744
2014-01-22,19.8619
2014-01-21,19.8234
2014-01-17,19.7677
2014-01-16,19.7453
2014-01-15,19.7406
2014-01-14,19.7351
2014-01-13,19.7201
2014-01-10,19.7382
2014-01-09,19.7229
2014-01-08,19.6884
2014-01-07,19.6455
2014-01-06,19.6186
2014-01-03,19.612
2014-01-02,19.5898
2013-12-31,19.5574
2013-12-30,19.5171
2013-12-27,19.5012
2013-12-26,19.4588
2013-12-24,19.3787
2013-12-23,19.3175
2013-12-20,19.2303
2013-12-19,19.1377
2013-12-18,19.0723
2013-12-17,18.9959
2013-12-16,18.9552
2013-12-13,18.9033
2013-12-12,18.8708
2013-12-11,18.8506
2013-12-10,18.8233
2013-12-09,18.7638
2013-12-06,18.7132
2013-12-05,18.6464
2013-12-04,18.5855
2013-12-03,18.5105
2013-12-02,18.4345
2013-11-29,18.3102
2013-11-27,18.1659
2013-11-26,18.0428
2013-11-25,17.9349
2013-11-22,17.8404
2013-11-21,17.7588
2013-11-20,17.6865
2013-11-19,17.64
2013-11-18,17.5761
2013-11-15,17.4989
2013-11-14,17.3979
2013-11-13,17.2956
2013-11-12,17.2414
2013-11-11,17.2166
2013-11-08,17.1637
2013-11-07,17.1267
2013-11-06,17.1213
2013-11-05,17.0489
2013-11-04,16.9546
2013-11-01,16.8512
2013-10-31,16.7356
2013-10-30,16.5813
2013-10-29,16.4262
2013-10-28,16.2464
2013-10-25,16.0715
2013-10-24,15.8506
2013-10-23,15.7706
2013-10-22,15.7109
2013-10-21,15.6145
2013-10-18,15.54
2013-10-17,15.4446
2013-10-16,15.4347
2013-10-15,15.4253
2013-10-14,15.4364
2013-10-11,15.426
2013-10-10,15.4135
2013-10-09,15.4298
2013-10-08,15.4843
2013-10-07,15.5183
2013-10-04,15.5201
2013-10-03,15.4746
2013-10-02,15.4469
2013-10-01,15.386
2013-09-30,15.3164
2013-09-27,15.2832
2013-09-26,15.2287
2013-09-25,15.1574
2013-09-24,15.1074
2013-09-23,15.0443
2013-09-20,14.9885
2013-09-19,14.9013
2013-09-18,14.8275
2013-09-17,14.746
2013-09-16,14.6973
2013-09-13,14.6861
2013-09-12,14.6641
2013-09-11,14.6347
2013-09-10,14.5981
2013-09-09,14.5539
2013-09-06,14.5085
2013-09-05,14.4786
2013-09-04,14.4547
2013-09-03,14.4308
2013-08-30,14.4298
2013-08-29,14.4699
2013-08-28,14.4984
2013-08-27,14.5426
2013-08-26,14.5948
2013-08-23,14.6247
2013-08-22,14.6378
2013-08-21,14.6537
2013-08-20,14.6985
2013-08-19,14.7347
2013-08-16,14.7827
2013-08-15,14.8398
2013-08-14,14.8941
2013-08-13,14.9285
2013-08-12,14.9527
2013-08-09,14.9652
2013-08-08,14.9759
2013-08-07,14.9958
2013-08-06,15.0117
2013-08-05,15.0089
2013-08-02,15.0047
2013-08-01,14.983
2013-07-31,14.9519
2013-07-30,14.9404
2013-07-29,14.9215
2013-07-26,14.8811
2013-07-25,14.8054
2013-07-24,14.767
2013-07-23,14.748
2013-07-22,14.7159
2013-07-19,14.6677
2013-07-18,14.6052
2013-07-17,14.542
2013-07-16,14.4481
2013-07-15,14.3538
2013-07-12,14.2512
2013-07-11,14.1327
2013-07-10,14.0432
2013-07-09,13.9828
2013-07-08,13.9203
2013-07-05,13.8562
2013-07-03,13.8101
2013-07-02,13.7689
2013-07-01,13.725
2013-06-28,13.6849
2013-06-27,13.6639
2013-06-26,13.6415
2013-06-25,13.6165
2013-06-24,13.6178
2013-06-21,13.627
2013-06-20,13.6227
2013-06-19,13.6175
2013-06-18,13.5869
2013-06-17,13.5341
2013-06-14,13.4953
2013-06-13,13.4738
2013-06-12,13.4406
2013-06-11,13.4255
2013-06-10,13.3925
2013-06-07,13.3229
2013-06-06,13.2681
2013-06-05,13.2552
2013-06-04,13.2443
2013-06-03,13.24
2013-05-31,13.2291
2013-05-30,13.2047
2013-05-29,13.1903
2013-05-28,13.1813
2013-05-24,13.162
2013-05-23,13.1699
2013-05-22,13.1783
2013-05-21,13.1815
2013-05-20,13.154
2013-05-17,13.13
2013-05-16,13.0916
2013-05-15,13.0795
2013-05-14,13.0534
2013-05-13,13.0152
2013-05-10,12.993
2013-05-09,12.9732
2013-05-08,12.9695
2013-05-07,12.9733
2013-05-06,12.9824
2013-05-03,13.0031
2013-05-02,13.0137
2013-05-01,13.0543
2013-04-30,13.122
2013-04-29,13.1674
2013-04-26,13.239
2013-04-25,13.2915
2013-04-24,13.2448
2013-04-23,13.2244
2013-04-22,13.2011
2013-04-19,13.2036
2013-04-18,13.2234
2013-04-17,13.2499
2013-04-16,13.2373
2013-04-15,13.1973
2013-04-12,13.1775
2013-04-11,13.1284
2013-04-10,13.0901
2013-04-09,13.0744
2013-04-08,13.0763
2013-04-05,13.0898
2013-04-04,13.1231
2013-04-03,13.1409
2013-04-02,13.1608
2013-04-01,13.1603
2013-03-28,13.1687
2013-03-27,13.1523
2013-03-26,13.1404
2013-03-25,13.1535
2013-03-22,13.1906
2013-03-21,13.2225
2013-03-20,13.2808
2013-03-19,13.3246
2013-03-18,13.3777
2013-03-15,13.4286
2013-03-14,13.4641
2013-03-13,13.4828
2013-03-12,13.4541
2013-03-11,13.4275
2013-03-08,13.4134
2013-03-07,13.3822
2013-03-06,13.3494
2013-03-05,13.3136
2013-03-04,13.2645
2013-03-01,13.2234
2013-02-28,13.2167
2013-02-27,13.217
2013-02-26,13.2228
2013-02-25,13.2496
2013-02-22,13.2765
2013-02-21,13.2771
2013-02-20,13.275
2013-02-19,13.2702
2013-02-15,13.2474
2013-02-14,13.2466
2013-02-13,13.2239
2013-02-12,13.1977
2013-02-11,13.2253
2013-02-08,13.2637
2013-02-07,13.2812
2013-02-06,13.3096
2013-02-05,13.3305
2013-02-04,13.329
2013-02-01,13.3638
2013-01-31,13.3758
2013-01-30,13.3864
2013-01-29,13.3599
2013-01-28,13.3959
2013-01-25,13.3531
2013-01-24,13.2641
2013-01-23,13.2202
2013-01-22,13.2007
2013-01-18,13.1682
2013-01-17,13.1221
2013-01-16,13.0798
2013-01-15,13.0412
2013-01-14,12.9829
2013-01-11,12.914
2013-01-10,12.8632
2013-01-09,12.8207
2013-01-08,12.7684
2013-01-07,12.7105
2013-01-04,12.6355
2013-01-03,12.6016
2013-01-02,12.5676
2012-12-31,12.5363
2012-12-28,12.5355
2012-12-27,12.5646
2012-12-26,12.5803
2012-12-24,12.596
2012-12-21,12.5607
2012-12-20,12.5306
2012-12-19,12.4733
2012-12-18,12.4285
2012-12-17,12.3662
2012-12-14,12.3318
2012-12-13,12.3184
2012-12-12,12.2927
2012-12-11,12.2616
2012-12-10,12.2329
2012-12-07,12.2165
2012-12-06,12.1695
2012-12-05,12.1169
2012-12-04,12.0558
2012-12-03,11.9959
2012-11-30,11.9411
2012-11-29,11.8715
2012-11-28,11.7987
2012-11-27,11.74
2012-11-26,11.6948
2012-11-23,11.6436
2012-11-21,11.6067
2012-11-20,11.5757
2012-11-19,11.5637
2012-11-16,11.572
2012-11-15,11.6047
2012-11-14,11.6652
2012-11-13,11.7197
2012-11-12,11.7607
2012-11-09,11.8067
2012-11-08,11.8584
2012-11-07,11.9101
2012-11-06,11.9424
2012-11-05,11.9492
2012-11-02,11.9736
2012-11-01,12.0108
2012-10-31,12.0533
2012-10-26,12.0963
2012-10-25,12.1157
2012-10-24,12.2177
2012-10-23,12.3012
2012-10-22,12.3629
2012-10-19,12.4338
2012-10-18,12.4795
2012-10-17,12.5044
2012-10-16,12.5181
2012-10-15,12.5519
2012-10-12,12.588
2012-10-11,12.6375
2012-10-10,12.6824
2012-10-09,12.728
2012-10-08,12.7469
2012-10-05,12.7252
2012-10-04,12.7041
2012-10-03,12.6705
2012-10-02,12.6573
2012-10-01,12.6707
2012-09-28,12.6781
2012-09-27,12.6741
2012-09-26,12.6577
2012-09-25,12.6761
2012-09-24,12.6816
2012-09-21,12.6755
2012-09-20,12.6546
2012-09-19,12.614
2012-09-18,12.5645
2012-09-17,12.5253
2012-09-14,12.4858
2012-09-13,12.425
2012-09-12,12.3633
2012-09-11,12.3192
2012-09-10,12.2704
2012-09-07,12.2089
2012-09-06,12.1301
2012-09-05,12.0839
2012-09-04,12.06
2012-08-31,12.0249
2012-08-30,11.984
2012-08-29,11.9495
2012-08-28,11.9067
2012-08-27,11.8648
2012-08-24,11.8299
2012-08-23,11.7818
2012-08-22,11.7525
2012-08-21,11.7101
2012-08-20,11.6825
2012-08-17,11.6473
2012-08-16,11.604
2012-08-15,11.5541
2012-08-14,11.5208
2012-08-13,11.5062
2012-08-10,11.494
2012-08-09,11.4789
2012-08-08,11.4553
2012-08-07,11.4275
2012-08-06,11.3854
2012-08-03,11.3523
2012-08-02,11.3106
2012-08-01,11.2864
2012-07-31,11.2529
2012-07-30,11.2095
2012-07-27,11.1469
2012-07-26,11.0712
2012-07-25,11.0787
2012-07-24,11.1025
2012-07-23,11.0973
2012-07-20,11.0759
2012-07-19,11.0402
2012-07-18,11.012
2012-07-17,11.0266
2012-07-16,11.0455
2012-07-13,11.0713
2012-07-12,11.0873
2012-07-11,11.1209
2012-07-10,11.1422
2012-07-09,11.1598
2012-07-06,11.1501
2012-07-05,11.1393
2012-07-03,11.1168
2012-07-02,11.0789
2012-06-29,11.0382
2012-06-28,10.9982
2012-06-27,10.9911
2012-06-26,10.9606
2012-06-25,10.927
2012-06-22,10.9189
2012-06-21,10.899
2012-06-20,10.8853
2012-06-19,10.8574
2012-06-18,10.8212
2012-06-15,10.7883
2012-06-14,10.7747
2012-06-13,10.7802
2012-06-12,10.7848
2012-06-11,10.781
2012-06-08,10.7764
2012-06-07,10.7609
2012-06-06,10.742
2012-06-05,10.7273
2012-06-04,10.7343
2012-06-01,10.7349
2012-05-31,10.769
2012-05-30,10.782
2012-05-29,10.8157
2012-05-25,10.824
2012-05-24,10.8429
2012-05-23,10.8514
2012-05-22,10.8501
2012-05-21,10.8589
2012-05-18,10.854
2012-05-17,10.8709
2012-05-16,10.866
2012-05-15,10.8305
2012-05-14,10.7896
2012-05-11,10.752
2012-05-10,10.6855
2012-05-09,10.6172
2012-05-08,10.5612
2012-05-07,10.4945
2012-05-04,10.4141
2012-05-03,10.3314
2012-05-02,10.2113
2012-05-01,10.0743
2012-04-30,9.924
2012-04-27,9.7482
2012-04-26,9.5803
2012-04-25,9.5573
2012-04-24,9.54
2012-04-23,9.5425
2012-04-20,9.5562
2012-04-19,9.5623
2012-04-18,9.563
2012-04-17,9.564
2012-04-16,9.5792
2012-04-13,9.6113
2012-04-12,9.6311
2012-04-11,9.6413
2012-04-10,9.6668
2012-04-09,9.7003
2012-04-05,9.7115
2012-04-04,9.7107
2012-04-03,9.7118
2012-04-02,9.6833
2012-03-30,9.6602
2012-03-29,9.6113
2012-03-28,9.5461
2012-03-27,9.4922
2012-03-26,9.4101
2012-03-23,9.3329
2012-03-22,9.2888
2012-03-21,9.2539
2012-03-20,9.2189
2012-03-19,9.1771
2012-03-16,9.1666
2012-03-15,9.1576
2012-03-14,9.1509
2012-03-13,9.1549
2012-03-12,9.147
2012-03-09,9.1446
2012-03-08,9.1371
2012-03-07,9.1113
2012-03-06,9.1032
2012-03-05,9.1083
2012-03-02,9.1184
2012-03-01,9.1345
2012-02-29,9.1485
2012-02-28,9.1657
2012-02-27,9.1632
2012-02-24,9.1881
2012-02-23,9.2125
2012-02-22,9.2407
2012-02-21,9.263
2012-02-17,9.2788
2012-02-16,9.2949
2012-02-15,9.3264
2012-02-14,9.3372
2012-02-13,9.3132
2012-02-10,9.2852
2012-02-09,9.286
2012-02-08,9.2899
2012-02-07,9.2916
2012-02-06,9.3002
2012-02-03,9.3153
2012-02-02,9.3081
2012-02-01,9.3315
2012-01-31,9.3692
2012-01-30,9.3321
2012-01-27,9.3031
2012-01-26,9.2541
2012-01-25,9.2107
2012-01-24,9.1919
2012-01-23,9.1752
2012-01-20,9.1616
2012-01-19,9.1211
2012-01-18,9.0578
2012-01-17,9.0142
2012-01-13,9.007
2012-01-12,9.016
2012-01-11,9.0391
2012-01-10,9.049
2012-01-09,9.0577
2012-01-06,9.0713
2012-01-05,9.0651
2012-01-04,9.0845
2012-01-03,9.1065
2011-12-30,9.1228
2011-12-29,9.1721
2011-12-28,9.2225
2011-12-27,9.2781
2011-12-23,9.327
2011-12-22,9.3757
2011-12-21,9.4204
2011-12-20,9.4944
2011-12-19,9.5331
2011-12-16,9.5928
2011-12-15,9.6485
2011-12-14,9.7102
2011-12-13,9.7838
2011-12-12,9.8637
2011-12-09,9.9045
2011-12-08,9.9311
2011-12-07,9.9739
2011-12-06,9.9958
2011-12-05,10.0375
2011-12-02,10.0613
2011-12-01,10.0886
2011-11-30,10.1131
2011-11-29,10.1655
2011-11-28,10.2441
2011-11-25,10.3006
2011-11-23,10.4248
2011-11-22,10.5275
2011-11-21,10.6233
2011-11-18,10.7455
2011-11-17,10.8391
2011-11-16,10.9036
2011-11-15,10.9356
2011-11-14,10.9403
2011-11-11,10.9396
2011-11-10,10.947
2011-11-09,10.9899
2011-11-08,11.035
2011-11-07,11.0493
2011-11-04,11.0703
2011-11-03,11.0962
2011-11-02,11.1153
2011-11-01,11.1505
2011-10-31,11.2079
2011-10-28,11.2639
2011-10-27,11.3058
2011-10-26,11.4076
2011-10-25,11.5642
2011-10-24,11.5859
2011-10-21,11.5549
2011-10-20,11.5356
2011-10-19,11.5203
2011-10-18,11.5144
2011-10-17,11.4429
2011-10-14,11.372
2011-10-13,11.2705
2011-10-12,11.214
2011-10-11,11.1481
2011-10-10,11.0822
2011-10-07,11.0312
2011-10-06,11.0096
2011-10-05,11.0026
2011-10-04,11.0056
2011-10-03,11.0456
2011-09-30,11.0926
2011-09-29,11.1222
2011-09-28,11.1222
2011-09-27,11.084
2011-09-26,11.0707
2011-09-23,11.0263
2011-09-22,11.0101
2011-09-21,10.9941
2011-09-20,10.931
2011-09-19,10.854
2011-09-16,10.7245
2011-09-15,10.5939
2011-09-14,10.5155
2011-09-13,10.451
2011-09-12,10.3957
2011-09-09,10.3501
2011-09-08,10.3271
2011-09-07,10.2706
2011-09-06,10.1944
2011-09-02,10.1297
2011-09-01,10.0907
2011-08-31,10.0343
2011-08-30,9.9577
2011-08-29,9.8958
2011-08-26,9.8505
2011-08-25,9.8386
2011-08-24,9.8635
2011-08-23,9.8821
2011-08-22,9.9037
2011-08-19,10.0118
2011-08-18,10.1239
2011-08-17,10.2289
2011-08-16,10.2744
2011-08-15,10.3155
2011-08-12,10.3332
2011-08-11,10.3562
2011-08-10,10.4023
2011-08-09,10.4756
2011-08-08,10.4989
2011-08-05,10.5845
2011-08-04,10.6318
2011-08-03,10.6906
2011-08-02,10.7108
2011-08-01,10.7241
2011-07-29,10.6881
2011-07-28,10.642
2011-07-27,10.5838
2011-07-26,10.5267
2011-07-25,10.5075
2011-07-22,10.4899
2011-07-21,10.4546
2011-07-20,10.4329
2011-07-19,10.3966
2011-07-18,10.3433
2011-07-15,10.3188
2011-07-14,10.2846
2011-07-13,10.2599
2011-07-12,10.2162
2011-07-11,10.1798
2011-07-08,10.1327
2011-07-07,10.0505
2011-07-06,9.9677
2011-07-05,9.8896
2011-07-01,9.8086
2011-06-30,9.7385
2011-06-29,9.6873
2011-06-28,9.6324
2011-06-27,9.5813
2011-06-24,9.5307
2011-06-23,9.5205
2011-06-22,9.5008
2011-06-21,9.4923
2011-06-20,9.4692
2011-06-17,9.4779
2011-06-16,9.4947
2011-06-15,9.5276
2011-06-14,9.5516
2011-06-13,9.5573
2011-06-10,9.5828
2011-06-09,9.6098
2011-06-08,9.6231
2011-06-07,9.6463
2011-06-06,9.6746
2011-06-03,9.7156
2011-06-02,9.7472
2011-06-01,9.754
2011-05-31,9.7681
2011-05-27,9.7611
2011-05-26,9.7669
2011-05-25,9.7687
2011-05-24,9.785
2011-05-23,9.7978
2011-05-20,9.7964
2011-05-19,9.7821
2011-05-18,9.7655
2011-05-17,9.7561
2011-05-16,9.7577
2011-05-13,9.7717
2011-05-12,9.7342
2011-05-11,9.6742
2011-05-10,9.6169
2011-05-09,9.5558
2011-05-06,9.5049
2011-05-05,9.4654
2011-05-04,9.4243
2011-05-03,9.3639
2011-05-02,9.3051
2011-04-29,9.2256
2011-04-28,9.1662
2011-04-27,9.1044
2011-04-26,9.0278
2011-04-25,9.0186
2011-04-21,8.9921
2011-04-20,8.9602
2011-04-19,8.9357
2011-04-18,8.9351
2011-04-15,8.937
2011-04-14,8.9304
2011-04-13,8.9134
2011-04-12,8.8923
2011-04-11,8.8784
2011-04-08,8.8443
2011-04-07,8.8032
2011-04-06,8.7566
2011-04-05,8.7165
2011-04-04,8.6588
2011-04-01,8.6074
2011-03-31,8.5654
2011-03-30,8.5189
2011-03-29,8.4714
2011-03-28,8.444
2011-03-25,8.4416
2011-03-24,8.4302
2011-03-23,8.4171
2011-03-22,8.433
2011-03-21,8.4649
2011-03-18,8.49
2011-03-17,8.532
2011-03-16,8.5829
2011-03-15,8.6196
2011-03-14,8.6581
2011-03-11,8.6919
2011-03-10,8.7223
2011-03-09,8.766
2011-03-08,8.799
2011-03-07,8.8468
2011-03-04,8.8882
2011-03-03,8.9202
2011-03-02,8.9498
2011-03-01,8.9865
2011-02-28,9.0406
2011-02-25,9.0802
2011-02-24,9.1032
2011-02-23,9.1259
2011-02-22,9.1566
2011-02-18,9.1709
2011-02-17,9.1547
2011-02-16,9.1302
2011-02-15,9.109
2011-02-14,9.073
2011-02-11,9.0258
2011-02-10,8.9798
2011-02-09,8.945
2011-02-08,8.9113
2011-02-07,8.8859
2011-02-04,8.8927
2011-02-03,8.9028
2011-02-02,8.9257
2011-02-01,8.9519
2011-01-31,8.9884
2011-01-28,9.0417
2011-01-27,9.0927
2011-01-26,9.079
2011-01-25,9.1116
2011-01-24,9.1407
2011-01-21,9.1721
2011-01-20,9.2038
2011-01-19,9.2149
2011-01-18,9.2014
2011-01-14,9.1634
2011-01-13,9.1345
2011-01-12,9.1196
2011-01-11,9.1107
2011-01-10,9.0995
2011-01-07,9.0854
2011-01-06,9.0655
2011-01-05,9.0415
2011-01-04,9.0068
2011-01-03,8.9812
2010-12-31,8.957
2010-12-30,8.9525
2010-12-29,8.933
2010-12-28,8.9082
2010-12-27,8.8928
2010-12-23,8.8703
2010-12-22,8.843
2010-12-21,8.8014
2010-12-20,8.7555
2010-12-17,8.7124
2010-12-16,8.6949
2010-12-15,8.6731
2010-12-14,8.662
2010-12-13,8.6583
2010-12-10,8.6526
2010-12-09,8.6391
2010-12-08,8.6282
2010-12-07,8.6086
2010-12-06,8.5844
2010-12-03,8.5509
2010-12-02,8.5263
2010-12-01,8.4948
2010-11-30,8.4597
2010-11-29,8.4271
2010-11-26,8.3694
2010-11-24,8.3178
2010-11-23,8.2605
2010-11-22,8.2447
2010-11-19,8.2158
2010-11-18,8.2132
2010-11-17,8.2136
2010-11-16,8.2448
2010-11-15,8.2823
2010-11-12,8.3178
2010-11-11,8.3213
2010-11-10,8.3006
2010-11-09,8.2621
2010-11-08,8.2356
2010-11-05,8.1973
2010-11-04,8.1614
2010-11-03,8.1314
2010-11-02,8.1006
2010-11-01,8.0869
2010-10-29,8.0825
2010-10-28,8.0637
2010-10-27,8.0344
2010-10-26,7.9985
2010-10-25,7.9459
2010-10-22,7.8929
2010-10-21,7.8335
2010-10-20,7.7898
2010-10-19,7.7747
2010-10-18,7.758
2010-10-15,7.7138
2010-10-14,7.6593
2010-10-13,7.6469
2010-10-12,7.6352
2010-10-11,7.6153
2010-10-08,7.6115
2010-10-07,7.594
2010-10-06,7.5709
2010-10-05,7.5499
2010-10-04,7.498
2010-10-01,7.4694
2010-09-30,7.4467
2010-09-29,7.4039
2010-09-28,7.3465
2010-09-27,7.2793
2010-09-24,7.2067
2010-09-23,7.1194
2010-09-22,7.0643
2010-09-21,7.0088
2010-09-20,6.9532
2010-09-17,6.8888
2010-09-16,6.8333
2010-09-15,6.773
2010-09-14,6.7204
2010-09-13,6.6607
2010-09-10,6.5983
2010-09-09,6.5432
2010-09-08,6.4931
2010-09-07,6.4442
2010-09-03,6.4004
2010-09-02,6.3436
2010-09-01,6.2997
2010-08-31,6.2656
2010-08-30,6.2681
2010-08-27,6.2764
2010-08-26,6.2705
2010-08-25,6.2734
2010-08-24,6.2661
2010-08-23,6.2703
2010-08-20,6.264
2010-08-19,6.2509
2010-08-18,6.2375
2010-08-17,6.2117
2010-08-16,6.1874
2010-08-13,6.1752
2010-08-12,6.1689
2010-08-11,6.1522
2010-08-10,6.1372
2010-08-09,6.099
2010-08-06,6.063
2010-08-05,6.0258
2010-08-04,5.9873
2010-08-03,5.9461
2010-08-02,5.9276
2010-07-30,5.9197
2010-07-29,5.9223
2010-07-28,5.9307
2010-07-27,5.9385
2010-07-26,5.9471
2010-07-23,5.9499
2010-07-22,5.9506
2010-07-21,5.9451
2010-07-20,5.9528
2010-07-19,5.9473
2010-07-16,5.9421
2010-07-15,5.9439
2010-07-14,5.9272
2010-07-13,5.9022
2010-07-12,5.8726
2010-07-09,5.8618
2010-07-08,5.8617
2010-07-07,5.867
2010-07-06,5.8876
2010-07-02,5.9281
2010-07-01,5.9777
2010-06-30,6.0229
2010-06-29,6.0818
2010-06-28,6.1504
2010-06-25,6.1778
2010-06-24,6.1913
2010-06-23,6.2202
2010-06-22,6.2358
2010-06-21,6.2484
2010-06-18,6.2612
2010-06-17,6.258
2010-06-16,6.2541
2010-06-15,6.2445
2010-06-14,6.2343
2010-06-11,6.2388
2010-06-10,6.248
2010-06-09,6.2572
2010-06-08,6.2953
2010-06-07,6.3325
2010-06-04,6.3569
2010-06-03,6.3799
2010-06-02,6.3738
2010-06-01,6.3799
2010-05-28,6.4028
2010-05-27,6.4165
2010-05-26,6.4251
2010-05-25,6.4529
2010-05-24,6.475
2010-05-21,6.5139
2010-05-20,6.5536
2010-05-19,6.6134
2010-05-18,6.6539
2010-05-17,6.6896
2010-05-14,6.7153
2010-05-13,6.7457
2010-05-12,6.7638
2010-05-11,6.7712
2010-05-10,6.7974
2010-05-07,6.8219
2010-05-06,6.8822
2010-05-05,6.9292
2010-05-04,6.9695
2010-05-03,7.0198
2010-04-30,7.0351
2010-04-29,7.0541
2010-04-28,7.0507
2010-04-27,7.0594
2010-04-26,7.055
2010-04-23,7.0234
2010-04-22,7.0068
2010-04-21,6.9544
2010-04-20,6.9157
2010-04-19,6.8847
2010-04-16,6.8598
2010-04-15,6.8336
2010-04-14,6.7855
2010-04-13,6.7404
2010-04-12,6.7122
2010-04-09,6.6756
2010-04-08,6.6412
2010-04-07,6.5983
2010-04-06,6.583
2010-04-05,6.5625
2010-04-01,6.5613
2010-03-31,6.5582
2010-03-30,6.5339
2010-03-29,6.5029
2010-03-26,6.4762
2010-03-25,6.4471
2010-03-24,6.4167
2010-03-23,6.4182
2010-03-22,6.4135
2010-03-19,6.4019
2010-03-18,6.3897
2010-03-17,6.3636
2010-03-16,6.3422
2010-03-15,6.3162
2010-03-12,6.2909
2010-03-11,6.2593
2010-03-10,6.2151
2010-03-09,6.1824
2010-03-08,6.1552
2010-03-05,6.1183
2010-03-04,6.0839
2010-03-03,6.0478
2010-03-02,6.0218
2010-03-01,5.995
2010-02-26,5.9706
2010-02-25,5.9759
2010-02-24,5.9829
2010-02-23,5.9825
2010-02-22,5.9952
2010-02-19,6.0052
2010-02-18,6.0188
2010-02-17,6.0309
2010-02-16,6.0536
2010-02-12,6.0722
2010-02-11,6.0816
2010-02-10,6.0897
2010-02-09,6.113
2010-02-08,6.1353
2010-02-05,6.1662
2010-02-04,6.1975
2010-02-03,6.2396
2010-02-02,6.2696
2010-02-01,6.3078
2010-01-29,6.3462
2010-01-28,6.3542
2010-01-27,6.3597
2010-01-26,6.3831
2010-01-25,6.4262
2010-01-22,6.4694
2010-01-21,6.5113
2010-01-20,6.5303
2010-01-19,6.5557
2010-01-15,6.5741
2010-01-14,6.5969
2010-01-13,6.6211
2010-01-12,6.6385
2010-01-11,6.6671
2010-01-08,6.683
2010-01-07,6.6838
2010-01-06,6.7031
2010-01-05,6.7126
2010-01-04,6.7103
2009-12-31,6.712
2009-12-30,6.7105
2009-12-29,6.6985
2009-12-28,6.6698
2009-12-24,6.6387
2009-12-23,6.6087
2009-12-22,6.5731
2009-12-21,6.5611
2009-12-18,6.5528
2009-12-17,6.5664
2009-12-16,6.5897
2009-12-15,6.6077
2009-12-14,6.6179
2009-12-11,6.623
2009-12-10,6.6141
2009-12-09,6.5978
2009-12-08,6.6012
2009-12-07,6.5902
2009-12-04,6.5776
2009-12-03,6.5458
2009-12-02,6.4919
2009-12-01,6.4265
2009-11-30,6.3741
2009-11-27,6.3297
2009-11-25,6.3026
2009-11-24,6.2606
2009-11-23,6.22
2009-11-20,6.1747
2009-11-19,6.1423
2009-11-18,6.1099
2009-11-17,6.0621
2009-11-16,6.0094
2009-11-13,5.9494
2009-11-12,5.8758
2009-11-11,5.8073
2009-11-10,5.7348
2009-11-09,5.6535
2009-11-06,5.5819
2009-11-05,5.5053
2009-11-04,5.45
2009-11-03,5.4074
2009-11-02,5.3536
2009-10-30,5.2916
2009-10-29,5.2233
2009-10-28,5.128
2009-10-27,5.0276
2009-10-26,4.9143
2009-10-23,4.7756
2009-10-22,4.6547
2009-10-21,4.6528
2009-10-20,4.6509
2009-10-19,4.6405
2009-10-16,4.6307
2009-10-15,4.6165
2009-10-14,4.5971
2009-10-13,4.5681
2009-10-12,4.5498
2009-10-09,4.5361
2009-10-08,4.5098
2009-10-07,4.4834
2009-10-06,4.4608
2009-10-05,4.4518
2009-10-02,4.4538
2009-10-01,4.4497
2009-09-30,4.4389
2009-09-29,4.4148
2009-09-28,4.3968
2009-09-25,4.3743
2009-09-24,4.3583
2009-09-23,4.3323
2009-09-22,4.3021
2009-09-21,4.2616
2009-09-18,4.2335
2009-09-17,4.204
2009-09-16,4.1705
2009-09-15,4.1322
2009-09-14,4.1274
2009-09-11,4.1205
2009-09-10,4.1093
2009-09-09,4.1005
2009-09-08,4.0993
2009-09-04,4.105
2009-09-03,4.122
2009-09-02,4.143
2009-09-01,4.1678
2009-08-31,4.1899
2009-08-28,4.2037
2009-08-27,4.2106
2009-08-26,4.21
2009-08-25,4.2111
2009-08-24,4.2113
2009-08-21,4.2098
2009-08-20,4.2056
2009-08-19,4.2057
2009-08-18,4.2116
2009-08-17,4.2227
2009-08-14,4.2405
2009-08-13,4.247
2009-08-12,4.2488
2009-08-11,4.2436
2009-08-10,4.2506
2009-08-07,4.2536
2009-08-06,4.2522
2009-08-05,4.2553
2009-08-04,4.2596
2009-08-03,4.2564
2009-07-31,4.2442
2009-07-30,4.2396
2009-07-29,4.2327
2009-07-28,4.2344
2009-07-27,4.2329
2009-07-24,4.2351
2009-07-23,4.2256
2009-07-22,4.1764
2009-07-21,4.1487
2009-07-20,4.1169
2009-07-17,4.0859
2009-07-16,4.0642
2009-07-15,4.0388
2009-07-14,4.0189
2009-07-13,4.0106
2009-07-10,4.004
2009-07-09,4.0169
2009-07-08,4.0287
2009-07-07,4.0456
2009-07-06,4.0734
2009-07-02,4.0911
2009-07-01,4.1043
2009-06-30,4.1069
2009-06-29,4.0989
2009-06-26,4.0933
2009-06-25,4.0827
2009-06-24,4.0798
2009-06-23,4.0921
2009-06-22,4.114
2009-06-19,4.1305
2009-06-18,4.1286
2009-06-17,4.1338
2009-06-16,4.1339
2009-06-15,4.1367
2009-06-12,4.1343
2009-06-11,4.127
2009-06-10,4.1104
2009-06-09,4.0874
2009-06-08,4.0593
2009-06-05,4.0321
2009-06-04,3.9956
2009-06-03,3.9661
2009-06-02,3.9327
2009-06-01,3.8996
2009-05-29,3.873
2009-05-28,3.8702
2009-05-27,3.8689
2009-05-26,3.8704
2009-05-22,3.8652
2009-05-21,3.874
2009-05-20,3.882
2009-05-19,3.8803
2009-05-18,3.8789
2009-05-15,3.8874
2009-05-14,3.9093
2009-05-13,3.9255
2009-05-12,3.9482
2009-05-11,3.9537
2009-05-08,3.9561
2009-05-07,3.9623
2009-05-06,3.9621
2009-05-05,3.9476
2009-05-04,3.9321
2009-05-01,3.9262
2009-04-30,3.9239
2009-04-29,3.9131
2009-04-28,3.9051
2009-04-27,3.8824
2009-04-24,3.8536
2009-04-23,3.8148
2009-04-22,3.792
2009-04-21,3.7744
2009-04-20,3.7573
2009-04-17,3.7445
2009-04-16,3.7279
2009-04-15,3.7137
2009-04-14,3.7114
2009-04-13,3.6956
2009-04-09,3.6692
2009-04-08,3.6356
2009-04-07,3.6131
2009-04-06,3.596
2009-04-03,3.5641
2009-04-02,3.5278
2009-04-01,3.4974
2009-03-31,3.4787
2009-03-30,3.4583
2009-03-27,3.4463
2009-03-26,3.438
2009-03-25,3.412
2009-03-24,3.3901
2009-03-23,3.3647
2009-03-20,3.3211
2009-03-19,3.3025
2009-03-18,3.2811
2009-03-17,3.2515
2009-03-16,3.2183
2009-03-13,3.2045
2009-03-12,3.1806
2009-03-11,3.1492
2009-03-10,3.12
2009-03-09,3.1025
2009-03-06,3.1108
2009-03-05,3.1135
2009-03-04,3.1004
2009-03-03,3.0856
2009-03-02,3.0857
2009-02-27,3.0842
2009-02-26,3.0679
2009-02-25,3.0627
2009-02-24,3.0498
2009-02-23,3.0255
2009-02-20,3.0192
2009-02-19,3.0009
2009-02-18,2.9908
2009-02-17,2.9774
2009-02-13,2.9663
2009-02-12,2.9456
2009-02-11,2.919
2009-02-10,2.8875
2009-02-09,2.8583
2009-02-06,2.8081
2009-02-05,2.7534
2009-02-04,2.7107
2009-02-03,2.6746
2009-02-02,2.6215
2009-01-30,2.5756
2009-01-29,2.5371
2009-01-28,2.541
2009-01-27,2.5435
2009-01-26,2.5563
2009-01-23,2.5641
2009-01-22,2.5676
2009-01-21,2.575
2009-01-20,2.58
2009-01-16,2.5967
2009-01-15,2.5985
2009-01-14,2.6013
2009-01-13,2.6199
2009-01-12,2.6249
2009-01-09,2.6279
2009-01-08,2.6124
2009-01-07,2.5865
2009-01-06,2.563
2009-01-05,2.5309
2009-01-02,2.5128
2008-12-31,2.4912
2008-12-30,2.4835
2008-12-29,2.4778
2008-12-26,2.4786
2008-12-24,2.467
2008-12-23,2.4559
2008-12-22,2.4456
2008-12-19,2.4407
2008-12-18,2.4262
2008-12-17,2.4075
2008-12-16,2.3811
2008-12-15,2.3547
2008-12-12,2.3455
2008-12-11,2.3226
2008-12-10,2.3132
2008-12-09,2.2951
2008-12-08,2.2669
2008-12-05,2.235
2008-12-04,2.2162
2008-12-03,2.2004
2008-12-02,2.1941
2008-12-01,2.2083
2008-11-28,2.2278
2008-11-26,2.2375
2008-11-25,2.2417
2008-11-24,2.2556
2008-11-21,2.2693
2008-11-20,2.3089
2008-11-19,2.3676
2008-11-18,2.4282
2008-11-17,2.4814
2008-11-14,2.5337
2008-11-13,2.5807
2008-11-12,2.6159
2008-11-11,2.6725
2008-11-10,2.7102
2008-11-07,2.7404
2008-11-06,2.7698
2008-11-05,2.8129
2008-11-04,2.8354
2008-11-03,2.8262
2008-10-31,2.8302
2008-10-30,2.8268
2008-10-29,2.8259
2008-10-28,2.824
2008-10-27,2.8263
2008-10-24,2.8628
2008-10-23,2.9065
2008-10-22,2.9476
2008-10-21,2.9948
2008-10-20,3.0457
2008-10-17,3.0875
2008-10-16,3.1459
2008-10-15,3.2123
2008-10-14,3.2941
2008-10-13,3.3468
2008-10-10,3.3727
2008-10-09,3.4317
2008-10-08,3.4981
2008-10-07,3.5452
2008-10-06,3.6104
2008-10-03,3.6471
2008-10-02,3.6784
2008-10-01,3.7111
2008-09-30,3.7355
2008-09-29,3.7458
2008-09-26,3.8066
2008-09-25,3.8352
2008-09-24,3.8595
2008-09-23,3.8976
2008-09-22,3.9302
2008-09-19,3.9495
2008-09-18,3.939
2008-09-17,3.951
2008-09-16,3.9903
2008-09-15,3.996
2008-09-12,4.0096
2008-09-11,4.0195
2008-09-10,4.0241
2008-09-09,4.0438
2008-09-08,4.0535
2008-09-05,4.053
2008-09-04,4.0629
2008-09-03,4.0799
2008-09-02,4.0842
2008-08-29,4.0857
2008-08-28,4.0904
2008-08-27,4.0819
2008-08-26,4.0815
2008-08-25,4.0808
2008-08-22,4.0743
2008-08-21,4.0544
2008-08-20,4.043
2008-08-19,4.0363
2008-08-18,4.0333
2008-08-15,4.0205
2008-08-14,3.9889
2008-08-13,3.9455
2008-08-12,3.9046
2008-08-11,3.8564
2008-08-08,3.7987
2008-08-07,3.7748
2008-08-06,3.7671
2008-08-05,3.7527
2008-08-04,3.7313
2008-08-01,3.7256
2008-07-31,3.7191
2008-07-30,3.7088
2008-07-29,3.6876
2008-07-28,3.6641
2008-07-25,3.6499
2008-07-24,3.622
2008-07-23,3.5889
2008-07-22,3.5954
2008-07-21,3.6162
2008-07-18,3.6364
2008-07-17,3.6554
2008-07-16,3.6606
2008-07-15,3.6678
2008-07-14,3.7011
2008-07-11,3.7419
2008-07-10,3.775
2008-07-09,3.8007
2008-07-08,3.8291
2008-07-07,3.8372
2008-07-03,3.8596
2008-07-02,3.8869
2008-07-01,3.9201
2008-06-30,3.9453
2008-06-27,3.9746
2008-06-26,4.0
2008-06-25,4.0195
2008-06-24,4.0189
2008-06-23,4.0228
2008-06-20,4.0216
2008-06-19,4.0181
2008-06-18,3.9976
2008-06-17,3.984
2008-06-16,3.9667
2008-06-13,3.9543
2008-06-12,3.9538
2008-06-11,3.9693
2008-06-10,3.9803
2008-06-09,3.9803
2008-06-06,3.9812
2008-06-05,3.9759
2008-06-04,3.9496
2008-06-03,3.9364
2008-06-02,3.9291
2008-05-30,3.9205
2008-05-29,3.9036
2008-05-28,3.8916
2008-05-27,3.8797
2008-05-23,3.8638
2008-05-22,3.8582
2008-05-21,3.8471
2008-05-20,3.84
2008-05-19,3.8194
2008-05-16,3.7883
2008-05-15,3.7846
2008-05-14,3.7824
2008-05-13,3.79
2008-05-12,3.7965
2008-05-09,3.8039
2008-05-08,3.8232
2008-05-07,3.8425
2008-05-06,3.8619
2008-05-05,3.8699
2008-05-02,3.8777
2008-05-01,3.879
2008-04-30,3.8696
2008-04-29,3.8631
2008-04-28,3.8448
2008-04-25,3.8181
2008-04-24,3.7944
2008-04-23,3.7849
2008-04-22,3.757
2008-04-21,3.7335
2008-04-18,3.7045
2008-04-17,3.6729
2008-04-16,3.6698
2008-04-15,3.6636
2008-04-14,3.6676
2008-04-11,3.6715
2008-04-10,3.6791
2008-04-09,3.6725
2008-04-08,3.6676
2008-04-07,3.6468
2008-04-04,3.626
2008-04-03,3.6031
2008-04-02,3.5879
2008-04-01,3.5584
2008-03-31,3.5293
2008-03-28,3.5255
2008-03-27,3.5295
2008-03-26,3.5283
2008-03-25,3.5113
2008-03-24,3.4853
2008-03-20,3.4524
2008-03-19,3.4306
2008-03-18,3.4225
2008-03-17,3.4053
2008-03-14,3.4136
2008-03-13,3.4139
2008-03-12,3.4137
2008-03-11,3.423
2008-03-10,3.4299
2008-03-07,3.4569
2008-03-06,3.4834
2008-03-05,3.5199
2008-03-04,3.5484
2008-03-03,3.578
2008-02-29,3.626
2008-02-28,3.6684
2008-02-27,3.6974
2008-02-26,3.7136
2008-02-25,3.7272
2008-02-22,3.7339
2008-02-21,3.7476
2008-02-20,3.7742
2008-02-19,3.7839
2008-02-15,3.8028
2008-02-14,3.8191
2008-02-13,3.8222
2008-02-12,3.8154
2008-02-11,3.8252
2008-02-08,3.8321
2008-02-07,3.8487
2008-02-06,3.8806
2008-02-05,3.9286
2008-02-04,3.9627
2008-02-01,3.9906
2008-01-31,4.0179
2008-01-30,4.0319
2008-01-29,4.0658
2008-01-28,4.1045
2008-01-25,4.1375
2008-01-24,4.1646
2008-01-23,4.1942
2008-01-22,4.2464
2008-01-18,4.2803
2008-01-17,4.3111
2008-01-16,4.3432
2008-01-15,4.3775
2008-01-14,4.416
2008-01-11,4.4447
2008-01-10,4.4858
2008-01-09,4.5145
2008-01-08,4.5412
2008-01-07,4.5567
2008-01-04,4.5688
2008-01-03,4.5825
2008-01-02,4.5637
2007-12-31,4.5375
2007-12-28,4.5276
2007-12-27,4.5071
2007-12-26,4.4855
2007-12-24,4.4689
2007-12-21,4.4603
2007-12-20,4.4495
2007-12-19,4.4412
2007-12-18,4.4382
2007-12-17,4.4481
2007-12-14,4.4685
2007-12-13,4.47
2007-12-12,4.4542
2007-12-11,4.4426
2007-12-10,4.4327
2007-12-07,4.4097
2007-12-06,4.3775
2007-12-05,4.3424
2007-12-04,4.3091
2007-12-03,4.2658
2007-11-30,4.2363
2007-11-29,4.2056
2007-11-28,4.1791
2007-11-27,4.1437
2007-11-26,4.1294
2007-11-23,4.1362
2007-11-21,4.143
2007-11-20,4.1593
2007-11-19,4.174
2007-11-16,4.1967
2007-11-15,4.2247
2007-11-14,4.2597
2007-11-13,4.2949
2007-11-12,4.3267
2007-11-09,4.3769
2007-11-08,4.4224
2007-11-07,4.448
2007-11-06,4.4581
2007-11-05,4.468
2007-11-02,4.4943
2007-11-01,4.5148
2007-10-31,4.5288
2007-10-30,4.5363
2007-10-29,4.5494
2007-10-26,4.554
2007-10-25,4.5597
2007-10-24,4.5754
2007-10-23,4.59
2007-10-22,4.5426
2007-10-19,4.5403
2007-10-18,4.5458
2007-10-17,4.5514
2007-10-16,4.5539
2007-10-15,4.562
2007-10-12,4.5658
2007-10-11,4.5602
2007-10-10,4.57
2007-10-09,4.5529
2007-10-08,4.5304
2007-10-05,4.5029
2007-10-04,4.4851
2007-10-03,4.4716
2007-10-02,4.4557
2007-10-01,4.4387
2007-09-28,4.4143
2007-09-27,4.3887
2007-09-26,4.3591
2007-09-25,4.3263
2007-09-24,4.2897
2007-09-21,4.2539
2007-09-20,4.2211
2007-09-19,4.1936
2007-09-18,4.1666
2007-09-17,4.1381
2007-09-14,4.1163
2007-09-13,4.0876
2007-09-12,4.0587
2007-09-11,4.0264
2007-09-10,3.9961
2007-09-07,3.9781
2007-09-06,3.9521
2007-09-05,3.9143
2007-09-04,3.8856
2007-08-31,3.8593
2007-08-30,3.845
2007-08-29,3.8356
2007-08-28,3.8233
2007-08-27,3.8246
2007-08-24,3.8132
2007-08-23,3.7975
2007-08-22,3.7904
2007-08-21,3.7763
2007-08-20,3.7659
2007-08-17,3.7692
2007-08-16,3.7711
2007-08-15,3.7849
2007-08-14,3.8024
2007-08-13,3.8161
2007-08-10,3.8237
2007-08-09,3.8327
2007-08-08,3.846
2007-08-07,3.8415
2007-08-06,3.8294
2007-08-03,3.8167
2007-08-02,3.8142
2007-08-01,3.7962
2007-07-31,3.7889
2007-07-30,3.7743
2007-07-27,3.7364
2007-07-26,3.6874
2007-07-25,3.6333
2007-07-24,3.5622
2007-07-23,3.5727
2007-07-20,3.5712
2007-07-19,3.5701
2007-07-18,3.5599
2007-07-17,3.5487
2007-07-16,3.5339
2007-07-13,3.518
2007-07-12,3.4931
2007-07-11,3.4777
2007-07-10,3.4715
2007-07-09,3.467
2007-07-06,3.4527
2007-07-05,3.4531
2007-07-03,3.4549
2007-07-02,3.453
2007-06-29,3.4501
2007-06-28,3.4532
2007-06-27,3.4541
2007-06-26,3.4591
2007-06-25,3.468
2007-06-22,3.4717
2007-06-21,3.4748
2007-06-20,3.4738
2007-06-19,3.4758
2007-06-18,3.4743
2007-06-15,3.4619
2007-06-14,3.4453
2007-06-13,3.4293
2007-06-12,3.4172
2007-06-11,3.4081
2007-06-08,3.3923
2007-06-07,3.3639
2007-06-06,3.3389
2007-06-05,3.3099
2007-06-04,3.2706
2007-06-01,3.2443
2007-05-31,3.2248
2007-05-30,3.2004
2007-05-29,3.1696
2007-05-25,3.1368
2007-05-24,3.1062
2007-05-23,3.0681
2007-05-22,3.0279
2007-05-21,2.9841
2007-05-18,2.9388
2007-05-17,2.9149
2007-05-16,2.8946
2007-05-15,2.8665
2007-05-14,2.8494
2007-05-11,2.8246
2007-05-10,2.798
2007-05-09,2.7719
2007-05-08,2.7328
2007-05-07,2.6951
2007-05-04,2.6587
2007-05-03,2.6057
2007-05-02,2.5527
2007-05-01,2.4994
2007-04-30,2.4405
2007-04-27,2.3746
2007-04-26,2.2951
2007-04-25,2.2061
2007-04-24,2.1394
2007-04-23,2.129
2007-04-20,2.1175
2007-04-19,2.1038
2007-04-18,2.0903
2007-04-17,2.0736
2007-04-16,2.0546
2007-04-13,2.033
2007-04-12,2.0238
2007-04-11,2.0144
2007-04-10,2.007
2007-04-09,1.998
2007-04-05,1.989
2007-04-04,1.9791
2007-04-03,1.9688
2007-04-02,1.9592
2007-03-30,1.9527
2007-03-29,1.9489
2007-03-28,1.9445
2007-03-27,1.9421
2007-03-26,1.9394
2007-03-23,1.9382
2007-03-22,1.937
2007-03-21,1.9331
2007-03-20,1.9271
2007-03-19,1.9269
2007-03-16,1.9274
2007-03-15,1.9311
2007-03-14,1.9355
2007-03-13,1.9388
2007-03-12,1.9438
2007-03-09,1.9442
2007-03-08,1.9444
2007-03-07,1.9485
2007-03-06,1.9518
2007-03-05,1.9542
2007-03-02,1.9649
2007-03-01,1.9733
2007-02-28,1.9766
2007-02-27,1.9786
2007-02-26,1.9825
2007-02-23,1.9761
2007-02-22,1.9694
2007-02-21,1.9609
2007-02-20,1.9502
2007-02-16,1.937
2007-02-15,1.9287
2007-02-14,1.9208
2007-02-13,1.9118
2007-02-12,1.9061
2007-02-09,1.9023
2007-02-08,1.8987
2007-02-07,1.8928
2007-02-06,1.8869
2007-02-05,1.8841
2007-02-02,1.8868
2007-02-01,1.8886
2007-01-31,1.8838
2007-01-30,1.8838
2007-01-29,1.8871
2007-01-26,1.8887
2007-01-25,1.8936
2007-01-24,1.8977
2007-01-23,1.9014
2007-01-22,1.9098
2007-01-19,1.9164
2007-01-18,1.9233
2007-01-17,1.9311
2007-01-16,1.935
2007-01-12,1.9352
2007-01-11,1.9378
2007-01-10,1.945
2007-01-09,1.9542
2007-01-08,1.961
2007-01-05,1.9701
2007-01-04,1.9755
2007-01-03,1.9788
2006-12-29,1.9834
2006-12-28,1.9844
2006-12-27,1.9817
2006-12-26,1.9783
2006-12-22,1.977
2006-12-21,1.9733
2006-12-20,1.9711
2006-12-19,1.968
2006-12-18,1.9677
2006-12-15,1.9682
2006-12-14,1.9648
2006-12-13,1.9662
2006-12-12,1.9706
2006-12-11,1.9756
2006-12-08,1.9799
2006-12-07,1.9859
2006-12-06,1.9943
2006-12-05,1.9995
2006-12-04,2.0048
2006-12-01,2.0101
2006-11-30,2.0142
2006-11-29,2.0139
2006-11-28,2.0121
2006-11-27,2.0085
2006-11-24,2.005
2006-11-22,1.9928
2006-11-21,1.9764
2006-11-20,1.9606
2006-11-17,1.9436
2006-11-16,1.9243
2006-11-15,1.9013
2006-11-14,1.8773
2006-11-13,1.8564
2006-11-10,1.8413
2006-11-09,1.8285
2006-11-08,1.8166
2006-11-07,1.8001
2006-11-06,1.7855
2006-11-03,1.7723
2006-11-02,1.7617
2006-11-01,1.7501
2006-10-31,1.7366
2006-10-30,1.7189
2006-10-27,1.6991
2006-10-26,1.6767
2006-10-25,1.6516
2006-10-24,1.6271
2006-10-23,1.6214
2006-10-20,1.619
2006-10-19,1.618
2006-10-18,1.6171
2006-10-17,1.6173
2006-10-16,1.6166
2006-10-13,1.6152
2006-10-12,1.6099
2006-10-11,1.6027
2006-10-10,1.5982
2006-10-09,1.5948
2006-10-06,1.587
2006-10-05,1.5825
2006-10-04,1.5737
2006-10-03,1.5669
2006-10-02,1.5642
2006-09-29,1.5664
2006-09-28,1.5622
2006-09-27,1.5591
2006-09-26,1.553
2006-09-25,1.5454
2006-09-22,1.5408
2006-09-21,1.5407
2006-09-20,1.5438
2006-09-19,1.5373
2006-09-18,1.5329
2006-09-15,1.5254
2006-09-14,1.5148
2006-09-13,1.5076
2006-09-12,1.4997
2006-09-11,1.4906
2006-09-08,1.4854
2006-09-07,1.4812
2006-09-06,1.4806
2006-09-05,1.4744
2006-09-01,1.46
2006-08-31,1.4465
2006-08-30,1.4365
2006-08-29,1.4263
2006-08-28,1.421
2006-08-25,1.4185
2006-08-24,1.4203
2006-08-23,1.4226
2006-08-22,1.4242
2006-08-21,1.4248
2006-08-18,1.4267
2006-08-17,1.4236
2006-08-16,1.4204
2006-08-15,1.4228
2006-08-14,1.4264
2006-08-11,1.4369
2006-08-10,1.451
2006-08-09,1.4643
2006-08-08,1.4805
2006-08-07,1.4976
2006-08-04,1.5142
2006-08-03,1.53
2006-08-02,1.5506
2006-08-01,1.5765
2006-07-31,1.6039
2006-07-28,1.6312
2006-07-27,1.6599
2006-07-26,1.6949
2006-07-25,1.7351
2006-07-24,1.7409
2006-07-21,1.7436
2006-07-20,1.7524
2006-07-19,1.757
2006-07-18,1.7605
2006-07-17,1.7695
2006-07-14,1.7786
2006-07-13,1.7926
2006-07-12,1.8037
2006-07-11,1.8113
2006-07-10,1.8143
2006-07-07,1.8169
2006-07-06,1.8181
2006-07-05,1.8158
2006-07-03,1.8116
2006-06-30,1.7991
2006-06-29,1.7849
2006-06-28,1.7701
2006-06-27,1.7632
2006-06-26,1.7568
2006-06-23,1.7482
2006-06-22,1.7399
2006-06-21,1.7316
2006-06-20,1.721
2006-06-19,1.7154
2006-06-16,1.7114
2006-06-15,1.7069
2006-06-14,1.7026
2006-06-13,1.7045
2006-06-12,1.7078
2006-06-09,1.7107
2006-06-08,1.7125
2006-06-07,1.7161
2006-06-06,1.719
2006-06-05,1.7241
2006-06-02,1.7294
2006-06-01,1.7285
2006-05-31,1.7258
2006-05-30,1.7253
2006-05-26,1.7246
2006-05-25,1.7163
2006-05-24,1.7095
2006-05-23,1.7042
2006-05-22,1.7059
2006-05-19,1.7022
2006-05-18,1.7027
2006-05-17,1.7103
2006-05-16,1.724
2006-05-15,1.733
2006-05-12,1.7429
2006-05-11,1.7541
2006-05-10,1.7623
2006-05-09,1.768
2006-05-08,1.7708
2006-05-05,1.7746
2006-05-04,1.777
2006-05-03,1.7826
2006-05-02,1.7915
2006-05-01,1.7991
2006-04-28,1.8065
2006-04-27,1.8113
2006-04-26,1.8139
2006-04-25,1.8164
2006-04-24,1.8205
2006-04-21,1.8238
2006-04-20,1.8261
2006-04-19,1.8271
2006-04-18,1.8253
2006-04-17,1.8264
2006-04-13,1.8331
2006-04-12,1.8333
2006-04-11,1.8361
2006-04-10,1.8396
2006-04-07,1.8405
2006-04-06,1.8391
2006-04-05,1.83
2006-04-04,1.8261
2006-04-03,1.8248
2006-03-31,1.8266
2006-03-30,1.8267
2006-03-29,1.8259
2006-03-28,1.827
2006-03-27,1.8315
2006-03-24,1.8387
2006-03-23,1.8456
2006-03-22,1.8521
2006-03-21,1.8576
2006-03-20,1.864
2006-03-17,1.8696
2006-03-16,1.8769
2006-03-15,1.881
2006-03-14,1.8848
2006-03-13,1.889
2006-03-10,1.8973
2006-03-09,1.9064
2006-03-08,1.917
2006-03-07,1.925
2006-03-06,1.9333
2006-03-03,1.9428
2006-03-02,1.9515
2006-03-01,1.9628
2006-02-28,1.974
2006-02-27,1.9848
2006-02-24,1.9936
2006-02-23,2.0017
2006-02-22,2.0129
2006-02-21,2.021
2006-02-17,2.0322
2006-02-16,2.0398
2006-02-15,2.0485
2006-02-14,2.0575
2006-02-13,2.0728
2006-02-10,2.0917
2006-02-09,2.1091
2006-02-08,2.1312
2006-02-07,2.1546
2006-02-06,2.184
2006-02-03,2.2141
2006-02-02,2.2454
2006-02-01,2.2569
2006-01-31,2.2629
2006-01-30,2.2653
2006-01-27,2.2671
2006-01-26,2.2677
2006-01-25,2.2713
2006-01-24,2.2809
2006-01-23,2.2893
2006-01-20,2.3001
2006-01-19,2.311
2006-01-18,2.3204
2006-01-17,2.3314
2006-01-13,2.3452
2006-01-12,2.3584
2006-01-11,2.3731
2006-01-10,2.3865
2006-01-09,2.3974
2006-01-06,2.402
2006-01-05,2.4029
2006-01-04,2.405
2006-01-03,2.4095
2005-12-30,2.4127
2005-12-29,2.4185
2005-12-28,2.4205
2005-12-27,2.4223
2005-12-23,2.4217
2005-12-22,2.4176
2005-12-21,2.413
2005-12-20,2.4093
2005-12-19,2.4095
2005-12-16,2.4086
2005-12-15,2.4031
2005-12-14,2.3957
2005-12-13,2.3878
2005-12-12,2.3786
2005-12-09,2.3707
2005-12-08,2.3638
2005-12-07,2.3581
2005-12-06,2.3493
2005-12-05,2.3374
2005-12-02,2.3264
2005-12-01,2.3131
2005-11-30,2.2987
2005-11-29,2.2856
2005-11-28,2.2707
2005-11-25,2.2552
2005-11-23,2.2396
2005-11-22,2.2215
2005-11-21,2.1982
2005-11-18,2.1771
2005-11-17,2.1537
2005-11-16,2.1344
2005-11-15,2.1207
2005-11-14,2.1099
2005-11-11,2.1082
2005-11-10,2.1055
2005-11-09,2.1051
2005-11-08,2.1088
2005-11-07,2.11
2005-11-04,2.1142
2005-11-03,2.1205
2005-11-02,2.125
2005-11-01,2.1342
2005-10-31,2.1464
2005-10-28,2.1625
2005-10-27,2.1852
2005-10-26,2.2096
2005-10-25,2.233
2005-10-24,2.2251
2005-10-21,2.2123
2005-10-20,2.2033
2005-10-19,2.1983
2005-10-18,2.1884
2005-10-17,2.1837
2005-10-14,2.1766
2005-10-13,2.1753
2005-10-12,2.18
2005-10-11,2.1855
2005-10-10,2.1871
2005-10-07,2.187
2005-10-06,2.1871
2005-10-05,2.1857
2005-10-04,2.1816
2005-10-03,2.1748
2005-09-30,2.1616
2005-09-29,2.1507
2005-09-28,2.1413
2005-09-27,2.1385
2005-09-26,2.1364
2005-09-23,2.1332
2005-09-22,2.1357
2005-09-21,2.139
2005-09-20,2.1471
2005-09-19,2.1527
2005-09-16,2.1543
2005-09-15,2.1558
2005-09-14,2.158
2005-09-13,2.1583
2005-09-12,2.1543
2005-09-09,2.1468
2005-09-08,2.1467
2005-09-07,2.1466
2005-09-06,2.1424
2005-09-02,2.1383
2005-09-01,2.145
2005-08-31,2.1505
2005-08-30,2.1522
2005-08-29,2.1551
2005-08-26,2.1567
2005-08-25,2.1607
2005-08-24,2.1655
2005-08-23,2.1705
2005-08-22,2.1704
2005-08-19,2.1685
2005-08-18,2.1666
2005-08-17,2.1646
2005-08-16,2.1602
2005-08-15,2.1546
2005-08-12,2.1443
2005-08-11,2.1374
2005-08-10,2.1245
2005-08-09,2.1125
2005-08-08,2.0931
2005-08-05,2.0732
2005-08-04,2.0531
2005-08-03,2.03
2005-08-02,2.001
2005-08-01,1.9668
2005-07-29,1.9374
2005-07-28,1.9037
2005-07-27,1.8636
2005-07-26,1.8301
2005-07-25,1.8241
2005-07-22,1.8164
2005-07-21,1.8078
2005-07-20,1.7984
2005-07-19,1.7868
2005-07-18,1.774
2005-07-15,1.765
2005-07-14,1.7552
2005-07-13,1.7443
2005-07-12,1.7357
2005-07-11,1.7273
2005-07-08,1.7218
2005-07-07,1.7202
2005-07-06,1.7226
2005-07-05,1.7246
2005-07-01,1.7268
2005-06-30,1.7354
2005-06-29,1.7439
2005-06-28,1.7519
2005-06-27,1.7589
2005-06-24,1.7625
2005-06-23,1.7637
2005-06-22,1.7628
2005-06-21,1.763
2005-06-20,1.7624
2005-06-17,1.7601
2005-06-16,1.7595
2005-06-15,1.7575
2005-06-14,1.757
2005-06-13,1.7575
2005-06-10,1.759
2005-06-09,1.7602
2005-06-08,1.7602
2005-06-07,1.7622
2005-06-06,1.7616
2005-06-03,1.7588
2005-06-02,1.7566
2005-06-01,1.7499
2005-05-31,1.742
2005-05-27,1.7384
2005-05-26,1.7346
2005-05-25,1.7306
2005-05-24,1.7272
2005-05-23,1.722
2005-05-20,1.7155
2005-05-19,1.7092
2005-05-18,1.7018
2005-05-17,1.695
2005-05-16,1.6906
2005-05-13,1.6868
2005-05-12,1.6859
2005-05-11,1.6852
2005-05-10,1.6846
2005-05-09,1.6818
2005-05-06,1.6765
2005-05-05,1.6713
2005-05-04,1.6685
2005-05-03,1.6654
2005-05-02,1.6659
2005-04-29,1.667
2005-04-28,1.6722
2005-04-27,1.6771
2005-04-26,1.6867
2005-04-25,1.6921
2005-04-22,1.6937
2005-04-21,1.6981
2005-04-20,1.6996
2005-04-19,1.7035
2005-04-18,1.7103
2005-04-15,1.7167
2005-04-14,1.7236
2005-04-13,1.7262
2005-04-12,1.7274
2005-04-11,1.727
2005-04-08,1.7266
2005-04-07,1.7263
2005-04-06,1.7243
2005-04-05,1.7225
2005-04-04,1.7182
2005-04-01,1.7148
2005-03-31,1.7163
2005-03-30,1.7166
2005-03-29,1.7167
2005-03-28,1.7215
2005-03-24,1.7269
2005-03-23,1.7357
2005-03-22,1.7437
2005-03-21,1.7528
2005-03-18,1.7601
2005-03-17,1.7656
2005-03-16,1.7727
2005-03-15,1.781
2005-03-14,1.7886
2005-03-11,1.7947
2005-03-10,1.8008
2005-03-09,1.8066
2005-03-08,1.8104
2005-03-07,1.8124
2005-03-04,1.812
2005-03-03,1.8141
2005-03-02,1.8174
2005-03-01,1.8219
2005-02-28,1.8274
2005-02-25,1.8346
2005-02-24,1.8436
2005-02-23,1.8551
2005-02-22,1.8706
2005-02-18,1.8848
2005-02-17,1.8974
2005-02-16,1.9093
2005-02-15,1.9226
2005-02-14,1.9347
2005-02-11,1.9487
2005-02-10,1.9656
2005-02-09,1.9841
2005-02-08,2.0041
2005-02-07,2.024
2005-02-04,2.0492
2005-02-03,2.0769
2005-02-02,2.1074
2005-02-01,2.1088
2005-01-31,2.1072
2005-01-28,2.1015
2005-01-27,2.1005
2005-01-26,2.099
2005-01-25,2.1023
2005-01-24,2.1082
2005-01-21,2.1175
2005-01-20,2.1238
2005-01-19,2.1244
2005-01-18,2.1167
2005-01-14,2.1048
2005-01-13,2.0919
2005-01-12,2.0879
2005-01-11,2.0851
2005-01-10,2.0854
2005-01-07,2.0847
2005-01-06,2.0814
2005-01-05,2.0844
2005-01-04,2.084
2005-01-03,2.0816
2004-12-31,2.0664
2004-12-30,2.0508
2004-12-29,2.03
2004-12-28,2.0078
2004-12-27,1.9842
2004-12-23,1.9707
2004-12-22,1.9733
2004-12-21,1.973
2004-12-20,1.9734
2004-12-17,1.9761
2004-12-16,1.9735
2004-12-15,1.9705
2004-12-14,1.9621
2004-12-13,1.9558
2004-12-10,1.9521
2004-12-09,1.952
2004-12-08,1.9479
2004-12-07,1.9492
2004-12-06,1.9533
2004-12-03,1.9511
2004-12-02,1.9455
2004-12-01,1.9388
2004-11-30,1.9325
2004-11-29,1.9271
2004-11-26,1.925
2004-11-24,1.9218
2004-11-23,1.9202
2004-11-22,1.9207
2004-11-19,1.9226
2004-11-18,1.9221
2004-11-17,1.912
2004-11-16,1.9032
2004-11-15,1.8927
2004-11-12,1.8767
2004-11-11,1.8613
2004-11-10,1.8528
2004-11-09,1.8474
2004-11-08,1.845
2004-11-05,1.8428
2004-11-04,1.8443
2004-11-03,1.8442
2004-11-02,1.8493
2004-11-01,1.8532
2004-10-29,1.8636
2004-10-28,1.8801
2004-10-27,1.8967
2004-10-26,1.9162
2004-10-25,1.9398
2004-10-22,1.9652
2004-10-21,1.99
2004-10-20,1.9917
2004-10-19,1.9995
2004-10-18,2.0083
2004-10-15,2.013
2004-10-14,2.022
2004-10-13,2.029
2004-10-12,2.0322
2004-10-11,2.0344
2004-10-08,2.0373
2004-10-07,2.0412
2004-10-06,2.0395
2004-10-05,2.0365
2004-10-04,2.0353
2004-10-01,2.0337
2004-09-30,2.0347
2004-09-29,2.0339
2004-09-28,2.033
2004-09-27,2.0395
2004-09-24,2.044
2004-09-23,2.0437
2004-09-22,2.0387
2004-09-21,2.0355
2004-09-20,2.0219
2004-09-17,2.007
2004-09-16,1.9921
2004-09-15,1.9778
2004-09-14,1.9638
2004-09-13,1.9459
2004-09-10,1.9402
2004-09-09,1.9414
2004-09-08,1.9454
2004-09-07,1.9501
2004-09-03,1.9527
2004-09-02,1.9544
2004-09-01,1.9539
2004-08-31,1.9583
2004-08-30,1.9637
2004-08-27,1.9687
2004-08-26,1.966
2004-08-25,1.9614
2004-08-24,1.9558
2004-08-23,1.9561
2004-08-20,1.9544
2004-08-19,1.9521
2004-08-18,1.9543
2004-08-17,1.9529
2004-08-16,1.9572
2004-08-13,1.9635
2004-08-12,1.9801
2004-08-11,1.9975
2004-08-10,2.0153
2004-08-09,2.0322
2004-08-06,2.0602
2004-08-05,2.0903
2004-08-04,2.1229
2004-08-03,2.151
2004-08-02,2.1795
2004-07-30,2.2073
2004-07-29,2.2348
2004-07-28,2.267
2004-07-27,2.3058
2004-07-26,2.3427
2004-07-23,2.3852
2004-07-22,2.4258
2004-07-21,2.44
2004-07-20,2.4613
2004-07-19,2.473
2004-07-16,2.4911
2004-07-15,2.5055
2004-07-14,2.513
2004-07-13,2.517
2004-07-12,2.5209
2004-07-09,2.5281
2004-07-08,2.5399
2004-07-07,2.5468
2004-07-06,2.5464
2004-07-02,2.5448
2004-07-01,2.5359
2004-06-30,2.5262
2004-06-29,2.5058
2004-06-28,2.4869
2004-06-25,2.4676
2004-06-24,2.4548
2004-06-23,2.4446
2004-06-22,2.4346
2004-06-21,2.4329
2004-06-18,2.4271
2004-06-17,2.4215
2004-06-16,2.4145
2004-06-15,2.4024
2004-06-14,2.3916
2004-06-10,2.3841
2004-06-09,2.3723
2004-06-08,2.3575
2004-06-07,2.3323
2004-06-04,2.3054
2004-06-03,2.2799
2004-06-02,2.2599
2004-06-01,2.2328
2004-05-28,2.2035
2004-05-27,2.1802
2004-05-26,2.159
2004-05-25,2.1511
2004-05-24,2.1479
2004-05-21,2.1549
2004-05-20,2.1651
2004-05-19,2.1773
2004-05-18,2.1871
2004-05-17,2.1963
2004-05-14,2.206
2004-05-13,2.2117
2004-05-12,2.2149
2004-05-11,2.2217
2004-05-10,2.2308
2004-05-07,2.2484
2004-05-06,2.2646
2004-05-05,2.2759
2004-05-04,2.2826
2004-05-03,2.2915
2004-04-30,2.299
2004-04-29,2.3115
2004-04-28,2.3117
2004-04-27,2.3078
2004-04-26,2.2981
2004-04-23,2.2914
2004-04-22,2.2889
2004-04-21,2.2727
2004-04-20,2.2713
2004-04-19,2.2725
2004-04-16,2.2638
2004-04-15,2.2626
2004-04-14,2.2534
2004-04-13,2.2444
2004-04-12,2.2355
2004-04-08,2.2184
2004-04-07,2.1987
2004-04-06,2.1888
2004-04-05,2.1748
2004-04-02,2.1566
2004-04-01,2.141
2004-03-31,2.1309
2004-03-30,2.1275
2004-03-29,2.1209
2004-03-26,2.1191
2004-03-25,2.1227
2004-03-24,2.1251
2004-03-23,2.1402
2004-03-22,2.1538
2004-03-19,2.1655
2004-03-18,2.1681
2004-03-17,2.17
2004-03-16,2.1732
2004-03-15,2.1802
2004-03-12,2.1935
2004-03-11,2.201
2004-03-10,2.2154
2004-03-09,2.2299
2004-03-08,2.2399
2004-03-05,2.2467
2004-03-04,2.2511
2004-03-03,2.2544
2004-03-02,2.2645
2004-03-01,2.2818
2004-02-27,2.2959
2004-02-26,2.3112
2004-02-25,2.3247
2004-02-24,2.3434
2004-02-23,2.3673
2004-02-20,2.3851
2004-02-19,2.3984
2004-02-18,2.4159
2004-02-17,2.4341
2004-02-13,2.4506
2004-02-12,2.4645
2004-02-11,2.4762
2004-02-10,2.4888
2004-02-09,2.5108
2004-02-06,2.5337
2004-02-05,2.5565
2004-02-04,2.5833
2004-02-03,2.6163
2004-02-02,2.6552
2004-01-30,2.6806
2004-01-29,2.6976
2004-01-28,2.7225
2004-01-27,2.7356
2004-01-26,2.7301
2004-01-23,2.7174
2004-01-22,2.7028
2004-01-21,2.6864
2004-01-20,2.6734
2004-01-16,2.6568
2004-01-15,2.6432
2004-01-14,2.6258
2004-01-13,2.6085
2004-01-12,2.5941
2004-01-09,2.5885
2004-01-08,2.5894
2004-01-07,2.5976
2004-01-06,2.5978
2004-01-05,2.5922
2004-01-02,2.5847
2003-12-31,2.5836
2003-12-30,2.5786
2003-12-29,2.572
2003-12-26,2.5613
2003-12-24,2.5495
2003-12-23,2.5372
2003-12-22,2.5281
2003-12-19,2.5316
2003-12-18,2.5389
2003-12-17,2.5496
2003-12-16,2.5675
2003-12-15,2.5773
2003-12-12,2.5833
2003-12-11,2.5868
2003-12-10,2.5917
2003-12-09,2.6056
2003-12-08,2.6202
2003-12-05,2.6272
2003-12-04,2.6323
2003-12-03,2.6368
2003-12-02,2.6433
2003-12-01,2.6377
2003-11-28,2.6277
2003-11-26,2.6202
2003-11-25,2.6173
2003-11-24,2.6166
2003-11-21,2.6219
2003-11-20,2.6422
2003-11-19,2.6632
2003-11-18,2.6829
2003-11-17,2.71
2003-11-14,2.7303
2003-11-13,2.7416
2003-11-12,2.7418
2003-11-11,2.7455
2003-11-10,2.7596
2003-11-07,2.7765
2003-11-06,2.7829
2003-11-05,2.7864
2003-11-04,2.7811
2003-11-03,2.7746
2003-10-31,2.768
2003-10-30,2.7729
2003-10-29,2.7709
2003-10-28,2.7642
2003-10-27,2.7566
2003-10-24,2.7583
2003-10-23,2.7617
2003-10-22,2.7665
2003-10-21,2.7734
2003-10-20,2.753
2003-10-17,2.7291
2003-10-16,2.7022
2003-10-15,2.6714
2003-10-14,2.6445
2003-10-13,2.6075
2003-10-10,2.5751
2003-10-09,2.5406
2003-10-08,2.5035
2003-10-07,2.4739
2003-10-06,2.4453
2003-10-03,2.4177
2003-10-02,2.3938
2003-10-01,2.3822
2003-09-30,2.3744
2003-09-29,2.3695
2003-09-26,2.3565
2003-09-25,2.3489
2003-09-24,2.3328
2003-09-23,2.3172
2003-09-22,2.2956
2003-09-19,2.2875
2003-09-18,2.2778
2003-09-17,2.2655
2003-09-16,2.2611
2003-09-15,2.2557
2003-09-12,2.2536
2003-09-11,2.2504
2003-09-10,2.2495
2003-09-09,2.243
2003-09-08,2.2334
2003-09-05,2.2197
2003-09-04,2.2085
2003-09-03,2.1921
2003-09-02,2.1797
2003-08-29,2.1601
2003-08-28,2.1436
2003-08-27,2.1275
2003-08-26,2.11
2003-08-25,2.0903
2003-08-22,2.0691
2003-08-21,2.0489
2003-08-20,2.024
2003-08-19,2.0067
2003-08-18,1.9887
2003-08-15,1.9716
2003-08-14,1.968
2003-08-13,1.9631
2003-08-12,1.9581
2003-08-11,1.9545
2003-08-08,1.9553
2003-08-07,1.9551
2003-08-06,1.9556
2003-08-05,1.9565
2003-08-04,1.9589
2003-08-01,1.9564
2003-07-31,1.9517
2003-07-30,1.938
2003-07-29,1.928
2003-07-28,1.9131
2003-07-25,1.893
2003-07-24,1.8733
2003-07-23,1.853
2003-07-22,1.837
2003-07-21,1.8468
2003-07-18,1.8553
2003-07-17,1.8665
2003-07-16,1.8718
2003-07-15,1.8705
2003-07-14,1.8651
2003-07-11,1.8548
2003-07-10,1.8519
2003-07-09,1.8455
2003-07-08,1.8266
2003-07-07,1.8057
2003-07-03,1.7902
2003-07-02,1.7803
2003-07-01,1.7685
2003-06-30,1.7586
2003-06-27,1.7526
2003-06-26,1.746
2003-06-25,1.7365
2003-06-24,1.7331
2003-06-23,1.7292
2003-06-20,1.724
2003-06-19,1.721
2003-06-18,1.7153
2003-06-17,1.7072
2003-06-16,1.6983
2003-06-13,1.6884
2003-06-12,1.6865
2003-06-11,1.6787
2003-06-10,1.6731
2003-06-09,1.6699
2003-06-06,1.6684
2003-06-05,1.6685
2003-06-04,1.6572
2003-06-03,1.6454
2003-06-02,1.6331
2003-05-30,1.6187
2003-05-29,1.6002
2003-05-28,1.5816
2003-05-27,1.5646
2003-05-23,1.5458
2003-05-22,1.5363
2003-05-21,1.5244
2003-05-20,1.5177
2003-05-19,1.5118
2003-05-16,1.5049
2003-05-15,1.4893
2003-05-14,1.4743
2003-05-13,1.458
2003-05-12,1.438
2003-05-09,1.4225
2003-05-08,1.4093
2003-05-07,1.3974
2003-05-06,1.3829
2003-05-05,1.3659
2003-05-02,1.352
2003-05-01,1.3395
2003-04-30,1.3296
2003-04-29,1.3186
2003-04-28,1.3053
2003-04-25,1.2895
2003-04-24,1.2728
2003-04-23,1.2746
2003-04-22,1.2749
2003-04-21,1.2745
2003-04-17,1.2757
2003-04-16,1.2785
2003-04-15,1.2847
2003-04-14,1.2877
2003-04-11,1.2914
2003-04-10,1.2918
2003-04-09,1.2927
2003-04-08,1.2969
2003-04-07,1.2938
2003-04-04,1.2888
2003-04-03,1.2865
2003-04-02,1.2817
2003-04-01,1.2777
2003-03-31,1.2778
2003-03-28,1.2753
2003-03-27,1.2665
2003-03-26,1.2537
2003-03-25,1.2395
2003-03-24,1.2284
2003-03-21,1.2197
2003-03-20,1.2011
2003-03-19,1.183
2003-03-18,1.1678
2003-03-17,1.1498
2003-03-14,1.1311
2003-03-13,1.1201
2003-03-12,1.1095
2003-03-11,1.1034
2003-03-10,1.0996
2003-03-07,1.0949
2003-03-06,1.0893
2003-03-05,1.0846
2003-03-04,1.0807
2003-03-03,1.0773
2003-02-28,1.0759
2003-02-27,1.0733
2003-02-26,1.0725
2003-02-25,1.0715
2003-02-24,1.0691
2003-02-21,1.067
2003-02-20,1.0647
2003-02-19,1.0643
2003-02-18,1.0648
2003-02-14,1.0644
2003-02-13,1.0708
2003-02-12,1.078
2003-02-11,1.0807
2003-02-10,1.0851
2003-02-07,1.0867
2003-02-06,1.0883
2003-02-05,1.0866
2003-02-04,1.0843
2003-02-03,1.0823
2003-01-31,1.0796
2003-01-30,1.0783
2003-01-29,1.0769
2003-01-28,1.0765
2003-01-27,1.076
2003-01-24,1.0747
2003-01-23,1.0714
2003-01-22,1.0695
2003-01-21,1.0707
2003-01-17,1.0725
2003-01-16,1.0727
2003-01-15,1.0709
2003-01-14,1.0664
2003-01-13,1.059
2003-01-10,1.0544
2003-01-09,1.0532
2003-01-08,1.0512
2003-01-07,1.0512
2003-01-06,1.0485
2003-01-03,1.0499
2003-01-02,1.0524
2002-12-31,1.0602
2002-12-30,1.0723
2002-12-27,1.0839
2002-12-26,1.0987
2002-12-24,1.1076
2002-12-23,1.109
2002-12-20,1.1087
2002-12-19,1.1106
2002-12-18,1.1134
2002-12-17,1.1143
2002-12-16,1.1133
2002-12-13,1.1121
2002-12-12,1.1124
2002-12-11,1.1124
2002-12-10,1.1131
2002-12-09,1.1152
2002-12-06,1.1185
2002-12-05,1.1172
2002-12-04,1.116
2002-12-03,1.1104
2002-12-02,1.1023
2002-11-29,1.0914
2002-11-27,1.0834
2002-11-26,1.0707
2002-11-25,1.0603
2002-11-22,1.0443
2002-11-21,1.0279
2002-11-20,1.013
2002-11-19,0.9991
2002-11-18,0.9922
2002-11-15,0.9786
2002-11-14,0.9648
2002-11-13,0.9547
2002-11-12,0.9478
2002-11-11,0.9432
2002-11-08,0.9425
2002-11-07,0.939
2002-11-06,0.9372
2002-11-05,0.9341
2002-11-04,0.9339
2002-11-01,0.9334
2002-10-31,0.9274
2002-10-30,0.9232
2002-10-29,0.9225
2002-10-28,0.9219
2002-10-25,0.9211
2002-10-24,0.9165
2002-10-23,0.9084
2002-10-22,0.9001
2002-10-21,0.8929
2002-10-18,0.8855
2002-10-17,0.8785
2002-10-16,0.8723
2002-10-15,0.8615
2002-10-14,0.8525
2002-10-11,0.8412
2002-10-10,0.8326
2002-10-09,0.8257
2002-10-08,0.8239
2002-10-07,0.8215
2002-10-04,0.8204
2002-10-03,0.8197
2002-10-02,0.8178
2002-10-01,0.8143
2002-09-30,0.8108
2002-09-27,0.8123
2002-09-26,0.8083
2002-09-25,0.8032
2002-09-24,0.8049
2002-09-23,0.8058
2002-09-20,0.8061
2002-09-19,0.8075
2002-09-18,0.8019
2002-09-17,0.793
2002-09-16,0.7852
2002-09-13,0.7799
2002-09-12,0.7746
2002-09-11,0.768
2002-09-10,0.7588
2002-09-09,0.7485
2002-09-06,0.7404
2002-09-05,0.7377
2002-09-04,0.7404
2002-09-03,0.7402
2002-08-30,0.7413
2002-08-29,0.7407
2002-08-28,0.739
2002-08-27,0.7401
2002-08-26,0.7416
2002-08-23,0.7411
2002-08-22,0.7393
2002-08-21,0.7343
2002-08-20,0.7306
2002-08-19,0.7234
2002-08-16,0.718
2002-08-15,0.7152
2002-08-14,0.7135
2002-08-13,0.7154
2002-08-12,0.7174
2002-08-09,0.7168
2002-08-08,0.7172
2002-08-07,0.7195
2002-08-06,0.7237
2002-08-05,0.7275
2002-08-02,0.7364
2002-08-01,0.7411
2002-07-31,0.7445
2002-07-30,0.7468
2002-07-29,0.7477
2002-07-26,0.751
2002-07-25,0.762
2002-07-24,0.7764
2002-07-23,0.7839
2002-07-22,0.7899
2002-07-19,0.7914
2002-07-18,0.7943
2002-07-17,0.796
2002-07-16,0.7948
2002-07-15,0.7927
2002-07-12,0.7923
2002-07-11,0.7945
2002-07-10,0.7962
2002-07-09,0.8013
2002-07-08,0.8036
2002-07-05,0.8095
2002-07-03,0.8147
2002-07-02,0.8254
2002-07-01,0.8422
2002-06-28,0.8595
2002-06-27,0.8645
2002-06-26,0.872
2002-06-25,0.8804
2002-06-24,0.8923
2002-06-21,0.8941
2002-06-20,0.8959
2002-06-19,0.8979
2002-06-18,0.8961
2002-06-17,0.8916
2002-06-14,0.8885
2002-06-13,0.8935
2002-06-12,0.8958
2002-06-11,0.9002
2002-06-10,0.9048
2002-06-07,0.909
2002-06-06,0.9069
2002-06-05,0.9067
2002-06-04,0.9075
2002-06-03,0.9084
2002-05-31,0.9095
2002-05-30,0.9093
2002-05-29,0.9083
2002-05-28,0.9044
2002-05-24,0.8993
2002-05-23,0.8915
2002-05-22,0.883
2002-05-21,0.8772
2002-05-20,0.8708
2002-05-17,0.8605
2002-05-16,0.8502
2002-05-15,0.8365
2002-05-14,0.8196
2002-05-13,0.8068
2002-05-10,0.8006
2002-05-09,0.7957
2002-05-08,0.7862
2002-05-07,0.7778
2002-05-06,0.7748
2002-05-03,0.7716
2002-05-02,0.7683
2002-05-01,0.7633
2002-04-30,0.7569
2002-04-29,0.7487
2002-04-26,0.7423
2002-04-25,0.7315
2002-04-24,0.7199
2002-04-23,0.7074
2002-04-22,0.7078
2002-04-19,0.707
2002-04-18,0.705
2002-04-17,0.7041
2002-04-16,0.7002
2002-04-15,0.7002
2002-04-12,0.7008
2002-04-11,0.7045
2002-04-10,0.7116
2002-04-09,0.7152
2002-04-08,0.7189
2002-04-05,0.7212
2002-04-04,0.726
2002-04-03,0.7312
2002-04-02,0.7362
2002-04-01,0.7387
2002-03-28,0.7386
2002-03-27,0.741
2002-03-26,0.744
2002-03-25,0.7443
2002-03-22,0.7451
2002-03-21,0.7418
2002-03-20,0.74
2002-03-19,0.7416
2002-03-18,0.7425
2002-03-15,0.7416
2002-03-14,0.7459
2002-03-13,0.7482
2002-03-12,0.7441
2002-03-11,0.7366
2002-03-08,0.7261
2002-03-07,0.7165
2002-03-06,0.7097
2002-03-05,0.6985
2002-03-04,0.688
2002-03-01,0.6736
2002-02-28,0.6636
2002-02-27,0.6592
2002-02-26,0.6535
2002-02-25,0.6465
2002-02-22,0.6423
2002-02-21,0.6411
2002-02-20,0.6388
2002-02-19,0.6378
2002-02-15,0.6365
2002-02-14,0.6329
2002-02-13,0.6264
2002-02-12,0.6224
2002-02-11,0.6201
2002-02-08,0.6153
2002-02-07,0.6142
2002-02-06,0.6197
2002-02-05,0.6257
2002-02-04,0.631
2002-02-01,0.6315
2002-01-31,0.6257
2002-01-30,0.6169
2002-01-29,0.6086
2002-01-28,0.5979
2002-01-25,0.5792
2002-01-24,0.5642
2002-01-23,0.5498
2002-01-22,0.5421
2002-01-18,0.5328
2002-01-17,0.5355
2002-01-16,0.5406
2002-01-15,0.5494
2002-01-14,0.5531
2002-01-11,0.5581
2002-01-10,0.5588
2002-01-09,0.5595
2002-01-08,0.5577
2002-01-07,0.554
2002-01-04,0.5474
2002-01-03,0.5406
2002-01-02,0.5348
2001-12-31,0.5334
2001-12-28,0.5326
2001-12-27,0.5313
2001-12-26,0.5315
2001-12-24,0.529
2001-12-21,0.533
2001-12-20,0.5364
2001-12-19,0.5395
2001-12-18,0.5399
2001-12-17,0.5396
2001-12-14,0.5395
2001-12-13,0.5383
2001-12-12,0.5377
2001-12-11,0.5316
2001-12-10,0.5232
2001-12-07,0.5169
2001-12-06,0.5097
2001-12-05,0.4997
2001-12-04,0.4904
2001-12-03,0.4792
2001-11-30,0.4744
2001-11-29,0.4648
2001-11-28,0.455
2001-11-27,0.4419
2001-11-26,0.428
2001-11-23,0.4088
2001-11-21,0.404
2001-11-20,0.4002
2001-11-19,0.3971
2001-11-16,0.3905
2001-11-15,0.3845
2001-11-14,0.3774
2001-11-13,0.3672
2001-11-12,0.3675
2001-11-09,0.369
2001-11-08,0.3704
2001-11-07,0.3727
2001-11-06,0.3728
2001-11-05,0.375
2001-11-02,0.3777
2001-11-01,0.3821
2001-10-31,0.3857
2001-10-30,0.3896
2001-10-29,0.3968
2001-10-26,0.4015
2001-10-25,0.404
2001-10-24,0.4056
2001-10-23,0.4081
2001-10-22,0.4008
2001-10-19,0.3968
2001-10-18,0.3964
2001-10-17,0.3936
2001-10-16,0.388
2001-10-15,0.3786
2001-10-12,0.3717
2001-10-11,0.3683
2001-10-10,0.3658
2001-10-09,0.3661
2001-10-08,0.3682
2001-10-05,0.3695
2001-10-04,0.3705
2001-10-03,0.3725
2001-10-02,0.3761
2001-10-01,0.3837
2001-09-28,0.3925
2001-09-27,0.4023
2001-09-26,0.4121
2001-09-25,0.422
2001-09-24,0.4291
2001-09-21,0.435
2001-09-20,0.4415
2001-09-19,0.4486
2001-09-18,0.4573
2001-09-17,0.4671
2001-09-10,0.4768
2001-09-07,0.4816
2001-09-06,0.4875
2001-09-05,0.4959
2001-09-04,0.5079
2001-08-31,0.5161
2001-08-30,0.5234
2001-08-29,0.5327
2001-08-28,0.5404
2001-08-27,0.5449
2001-08-24,0.5489
2001-08-23,0.5528
2001-08-22,0.5603
2001-08-21,0.5656
2001-08-20,0.5731
2001-08-17,0.5787
2001-08-16,0.5871
2001-08-15,0.5972
2001-08-14,0.607
2001-08-13,0.6155
2001-08-10,0.627
2001-08-09,0.6407
2001-08-08,0.6531
2001-08-07,0.6633
2001-08-06,0.6721
2001-08-03,0.6802
2001-08-02,0.6879
2001-08-01,0.6961
2001-07-31,0.7036
2001-07-30,0.7119
2001-07-27,0.7208
2001-07-26,0.7322
2001-07-25,0.7444
2001-07-24,0.7622
2001-07-23,0.7789
2001-07-20,0.7766
2001-07-19,0.769
2001-07-18,0.7631
2001-07-17,0.7594
2001-07-16,0.7533
2001-07-13,0.7484
2001-07-12,0.7378
2001-07-11,0.7286
2001-07-10,0.7246
2001-07-09,0.7187
2001-07-06,0.7111
2001-07-05,0.7056
2001-07-03,0.6995
2001-07-02,0.6988
2001-06-29,0.6959
2001-06-28,0.6947
2001-06-27,0.6922
2001-06-26,0.6912
2001-06-25,0.6942
2001-06-22,0.6999
2001-06-21,0.7083
2001-06-20,0.714
2001-06-19,0.7232
2001-06-18,0.7395
2001-06-15,0.7551
2001-06-14,0.7688
2001-06-13,0.7798
2001-06-12,0.7876
2001-06-11,0.7935
2001-06-08,0.7988
2001-06-07,0.8002
2001-06-06,0.7996
2001-06-05,0.7996
2001-06-04,0.7972
2001-06-01,0.7921
2001-05-31,0.7863
2001-05-30,0.7812
2001-05-29,0.781
2001-05-25,0.7726
2001-05-24,0.764
2001-05-23,0.7562
2001-05-22,0.7537
2001-05-21,0.7475
2001-05-18,0.74
2001-05-17,0.7404
2001-05-16,0.7406
2001-05-15,0.7442
2001-05-14,0.7513
2001-05-11,0.7602
2001-05-10,0.7629
2001-05-09,0.7663
2001-05-08,0.768
2001-05-07,0.7636
2001-05-04,0.755
2001-05-03,0.742
2001-05-02,0.732
2001-05-01,0.719
2001-04-30,0.7058
2001-04-27,0.697
2001-04-26,0.69
2001-04-25,0.6814
2001-04-24,0.6685
2001-04-23,0.6563
2001-04-20,0.6401
2001-04-19,0.6245
2001-04-18,0.606
2001-04-17,0.5828
2001-04-16,0.5665
2001-04-12,0.5523
2001-04-11,0.5332
2001-04-10,0.5193
2001-04-09,0.5107
2001-04-06,0.5056
2001-04-05,0.5148
2001-04-04,0.521
2001-04-03,0.5316
2001-04-02,0.5422
2001-03-30,0.5514
2001-03-29,0.5556
2001-03-28,0.5614
2001-03-27,0.5637
2001-03-26,0.5617
2001-03-23,0.5633
2001-03-22,0.5689
2001-03-21,0.5752
2001-03-20,0.5831
2001-03-19,0.5905
2001-03-16,0.5974
2001-03-15,0.6024
2001-03-14,0.6086
2001-03-13,0.6167
2001-03-12,0.6237
2001-03-09,0.6334
2001-03-08,0.6356
2001-03-07,0.641
2001-03-06,0.644
2001-03-05,0.6493
2001-03-02,0.6511
2001-03-01,0.667
2001-02-28,0.6823
2001-02-27,0.7005
2001-02-26,0.7124
2001-02-23,0.7245
2001-02-22,0.7386
2001-02-21,0.7536
2001-02-20,0.77
2001-02-16,0.7853
2001-02-15,0.7959
2001-02-14,0.8034
2001-02-13,0.8119
2001-02-12,0.825
2001-02-09,0.8356
2001-02-08,0.8531
2001-02-07,0.8672
2001-02-06,0.8796
2001-02-05,0.8889
2001-02-02,0.9065
2001-02-01,0.9262
2001-01-31,0.9382
2001-01-30,0.9459
2001-01-29,0.9457
2001-01-26,0.9393
2001-01-25,0.9356
2001-01-24,0.9341
2001-01-23,0.9172
2001-01-22,0.9141
2001-01-19,0.9129
2001-01-18,0.904
2001-01-17,0.8966
2001-01-16,0.8942
2001-01-12,0.8933
2001-01-11,0.8942
2001-01-10,0.8989
2001-01-09,0.9066
2001-01-08,0.9159
2001-01-05,0.9337
2001-01-04,0.9553
2001-01-03,0.9743
2001-01-02,0.9844
2000-12-29,1.015
2000-12-28,1.0399
2000-12-27,1.0579
2000-12-26,1.0804
2000-12-22,1.105
2000-12-21,1.1394
2000-12-20,1.1794
2000-12-19,1.2157
2000-12-18,1.2477
2000-12-15,1.2744
2000-12-14,1.2881
2000-12-13,1.3042
2000-12-12,1.3165
2000-12-11,1.3189
2000-12-08,1.3245
2000-12-07,1.3406
2000-12-06,1.3692
2000-12-05,1.3889
2000-12-04,1.4015
2000-12-01,1.4093
2000-11-30,1.428
2000-11-29,1.4484
2000-11-28,1.459
2000-11-27,1.4809
2000-11-24,1.4894
2000-11-22,1.4938
2000-11-21,1.5185
2000-11-20,1.5507
2000-11-17,1.5781
2000-11-16,1.5998
2000-11-15,1.6218
2000-11-14,1.6373
2000-11-13,1.6573
2000-11-10,1.6854
2000-11-09,1.7046
2000-11-08,1.7196
2000-11-07,1.7223
2000-11-06,1.7091
2000-11-03,1.6966
2000-11-02,1.6775
2000-11-01,1.6449
2000-10-31,1.6213
2000-10-30,1.5992
2000-10-27,1.5945
2000-10-26,1.5748
2000-10-25,1.5464
2000-10-24,1.5414
2000-10-23,1.5481
2000-10-20,1.5532
2000-10-19,1.5545
2000-10-18,1.5721
2000-10-17,1.6053
2000-10-16,1.6588
2000-10-13,1.7055
2000-10-12,1.7353
2000-10-11,1.7857
2000-10-10,1.8273
2000-10-09,1.8595
2000-10-06,1.897
2000-10-05,1.9306
2000-10-04,1.9572
2000-10-03,1.9737
2000-10-02,1.997
2000-09-29,2.0183
2000-09-28,2.0285
2000-09-27,2.0314
2000-09-26,2.0459
2000-09-25,2.0521
2000-09-22,2.0555
2000-09-21,2.0538
2000-09-20,2.0592
2000-09-19,2.0785
2000-09-18,2.0829
2000-09-15,2.0768
2000-09-14,2.0658
2000-09-13,2.047
2000-09-12,2.0391
2000-09-11,2.0291
2000-09-08,2.0196
2000-09-07,2.0062
2000-09-06,1.9884
2000-09-05,1.9563
2000-09-01,1.9217
2000-08-31,1.9056
2000-08-30,1.8878
2000-08-29,1.8605
2000-08-28,1.8477
2000-08-25,1.8363
2000-08-24,1.8194
2000-08-23,1.8036
2000-08-22,1.7892
2000-08-21,1.7855
2000-08-18,1.776
2000-08-17,1.7577
2000-08-16,1.7414
2000-08-15,1.7208
2000-08-14,1.7042
2000-08-11,1.7001
2000-08-10,1.7017
2000-08-09,1.7206
2000-08-08,1.7392
2000-08-07,1.7489
2000-08-04,1.755
2000-08-03,1.7687
2000-08-02,1.7891
2000-08-01,1.8153
2000-07-31,1.8472
2000-07-28,1.883
2000-07-27,1.9233
2000-07-26,1.9606
2000-07-25,1.9772
2000-07-24,1.9873
2000-07-21,1.9926
2000-07-20,1.9858
2000-07-19,1.9827
2000-07-18,1.9763
2000-07-17,1.9646
2000-07-14,1.9549
2000-07-13,1.9363
2000-07-12,1.9559
2000-07-11,1.9772
2000-07-10,2.011
2000-07-07,2.0382
2000-07-06,2.0626
2000-07-05,2.0899
2000-07-03,2.1178
2000-06-30,2.1459
2000-06-29,2.1807
2000-06-28,2.2149
2000-06-27,2.2486
2000-06-26,2.2932
2000-06-23,2.356
2000-06-22,2.4257
2000-06-21,2.4599
2000-06-20,2.4765
2000-06-19,2.4944
2000-06-16,2.5185
2000-06-15,2.5414
2000-06-14,2.5652
2000-06-13,2.5908
2000-06-12,2.6057
2000-06-09,2.625
2000-06-08,2.6266
2000-06-07,2.6301
2000-06-06,2.6342
2000-06-05,2.6454
2000-06-02,2.637
2000-06-01,2.61
2000-05-31,2.6205
2000-05-30,2.6335
2000-05-26,2.6384
2000-05-25,2.6714
2000-05-24,2.7131
2000-05-23,2.7431
2000-05-22,2.7861
2000-05-19,2.8064
2000-05-18,2.8248
2000-05-17,2.8306
2000-05-16,2.8075
2000-05-15,2.7922
2000-05-12,2.7911
2000-05-11,2.802
2000-05-10,2.8081
2000-05-09,2.8231
2000-05-08,2.8242
2000-05-05,2.8267
2000-05-04,2.8163
2000-05-03,2.823
2000-05-02,2.8353
2000-05-01,2.8383
2000-04-28,2.8216
2000-04-27,2.8281
2000-04-26,2.8475
2000-04-25,2.8657
2000-04-24,2.8913
2000-04-20,2.9335
2000-04-19,2.9666
2000-04-18,2.9976
2000-04-17,3.024
2000-04-14,3.0947
2000-04-13,3.1737
2000-04-12,3.2551
2000-04-11,3.301
2000-04-10,3.3149
2000-04-07,3.3303
2000-04-06,3.3253
2000-04-05,3.3371
2000-04-04,3.3611
2000-04-03,3.3784
2000-03-31,3.3994
2000-03-30,3.4046
2000-03-29,3.413
2000-03-28,3.4236
2000-03-27,3.4149
2000-03-24,3.3895
2000-03-23,3.3637
2000-03-22,3.3615
2000-03-21,3.3433
2000-03-20,3.3142
2000-03-17,3.3252
2000-03-16,3.3342
2000-03-15,3.3365
2000-03-14,3.3521
2000-03-13,3.3596
2000-03-10,3.3695
2000-03-09,3.3721
2000-03-08,3.365
2000-03-07,3.3843
2000-03-06,3.4063
2000-03-03,3.4283
2000-03-02,3.4602
2000-03-01,3.4952
2000-02-29,3.5164
2000-02-28,3.524
2000-02-25,3.5489
2000-02-24,3.5587
2000-02-23,3.573
2000-02-22,3.5784
2000-02-18,3.6206
2000-02-17,3.6609
2000-02-16,3.6831
2000-02-15,3.6987
2000-02-14,3.6996
2000-02-11,3.6972
2000-02-10,3.6854
2000-02-09,3.6723
2000-02-08,3.6365
2000-02-07,3.5818
2000-02-04,3.5641
2000-02-03,3.5258
2000-02-02,3.4538
2000-02-01,3.4519
2000-01-31,3.4603
2000-01-28,3.4848
2000-01-27,3.5269
2000-01-26,3.5458
2000-01-25,3.578
2000-01-24,3.5901
2000-01-21,3.5989
2000-01-20,3.6511
2000-01-19,3.6947
2000-01-18,3.732
2000-01-14,3.7873
2000-01-13,3.8478
2000-01-12,3.9058
2000-01-11,3.9824
2000-01-10,4.0502
2000-01-07,4.1124
2000-01-06,4.1792
2000-01-05,4.2741
2000-01-04,4.3463
2000-01-03,4.3726
1999-12-31,4.3624
1999-12-30,4.421
1999-12-29,4.4702
1999-12-28,4.5013
1999-12-27,4.5419
1999-12-23,4.593
1999-12-22,4.6028
1999-12-21,4.5731
1999-12-20,4.5288
1999-12-17,4.495
1999-12-16,4.4731
1999-12-15,4.4446
1999-12-14,4.4046
1999-12-13,4.3649
1999-12-10,4.2849
1999-12-09,4.1743
1999-12-08,4.0685
1999-12-07,4.0336
1999-12-06,4.0052
1999-12-03,3.9669
1999-12-02,3.9289
1999-12-01,3.8737
1999-11-30,3.8341
1999-11-29,3.79
