date,RSI
2024-10-04,53.1975
2024-10-03,48.3303
2024-10-02,51.4588
2024-10-01,51.8804
2024-09-30,53.2239
2024-09-27,55.0756
2024-09-26,58.8597
2024-09-25,60.5573
2024-09-24,62.3401
2024-09-23,62.2811
2024-09-20,60.6098
2024-09-19,59.3101
2024-09-18,56.6055
2024-09-17,57.077
2024-09-16,55.5206
2024-09-13,57.1021
2024-09-12,57.599
2024-09-11,55.8233
2024-09-10,51.9962
2024-09-09,48.4538
2024-09-06,44.7084
2024-09-05,50.3411
2024-09-04,45.7892
2024-09-03,48.4933
2024-08-30,50.6843
2024-08-29,43.8503
2024-08-28,42.2781
2024-08-27,44.3516
2024-08-26,46.5779
2024-08-23,48.0609
2024-08-22,47.1157
2024-08-21,50.9697
2024-08-20,49.7632
2024-08-19,49.1251
2024-08-16,48.0227
2024-08-15,48.4787
2024-08-14,40.9517
2024-08-13,41.0506
2024-08-12,37.2527
2024-08-09,37.346
2024-08-08,36.1082
2024-08-07,32.7538
2024-08-06,31.8109
2024-08-05,30.8125
2024-08-02,34.4336
2024-08-01,46.683
2024-07-31,49.7061
2024-07-30,43.4002
2024-07-29,44.9127
2024-07-26,44.0424
2024-07-25,40.6711
2024-07-24,41.5506
2024-07-23,47.0543
2024-07-22,42.0061
2024-07-19,42.5857
2024-07-18,43.1909
2024-07-17,47.5159
2024-07-16,53.7414
2024-07-15,53.3995
2024-07-12,55.707
2024-07-11,56.44
2024-07-10,63.1187
2024-07-09,62.7209
2024-07-08,62.6784
2024-07-05,63.6573
2024-07-03,61.7299
2024-07-02,65.0051
2024-07-01,62.8283
2024-06-28,59.4477
2024-06-27,66.0982
2024-06-26,62.4165
2024-06-25,54.3393
2024-06-24,53.3301
2024-06-21,58.9748
2024-06-20,55.1456
2024-06-18,50.2781
2024-06-17,52.3277
2024-06-14,51.7295
2024-06-13,51.9929
2024-06-12,56.9521
2024-06-11,57.5313
2024-06-10,57.3252
2024-06-07,53.8714
2024-06-06,54.9428
2024-06-05,49.914
2024-06-04,46.9824
2024-06-03,45.4179
2024-05-31,42.3472
2024-05-30,46.0803
2024-05-29,50.0064
2024-05-28,50.202
2024-05-24,48.1256
2024-05-23,48.5376
2024-05-22,51.4381
2024-05-21,51.4662
2024-05-20,51.9922
2024-05-17,53.5384
2024-05-16,52.2952
2024-05-15,55.4013
2024-05-14,56.8699
2024-05-13,56.3611
2024-05-10,57.5345
2024-05-09,60.1764
2024-05-08,58.8432
2024-05-07,59.807
2024-05-06,59.7575
2024-05-03,57.7069
2024-05-02,56.4451
2024-05-01,51.1279
2024-04-30,46.8144
2024-04-29,53.4981
2024-04-26,52.0355
2024-04-25,44.698
2024-04-24,48.1308
2024-04-23,51.9606
2024-04-22,48.9381
2024-04-19,45.2551
2024-04-18,51.4828
2024-04-17,54.6918
2024-04-16,58.0987
2024-04-15,58.6088
2024-04-12,63.0052
2024-04-11,68.7007
2024-04-10,65.5608
2024-04-09,65.2618
2024-04-08,64.7635
2024-04-05,64.6431
2024-04-04,59.021
2024-04-03,63.5869
2024-04-02,61.5713
2024-04-01,62.1029
2024-03-28,61.4364
2024-03-27,60.8262
2024-03-26,59.1167
2024-03-25,61.465
2024-03-22,60.5787
2024-03-21,59.8264
2024-03-20,59.8264
2024-03-19,57.541
2024-03-18,56.0416
2024-03-15,55.9792
2024-03-14,62.0142
2024-03-13,59.9341
2024-03-12,58.7964
2024-03-11,55.2416
2024-03-08,60.1109
2024-03-07,62.3758
2024-03-06,59.0774
2024-03-05,59.9983
2024-03-04,65.4998
2024-03-01,66.5725
2024-02-29,65.3425
2024-02-28,62.0733
2024-02-27,62.666
2024-02-26,64.4984
2024-02-23,64.8922
2024-02-22,64.5681
2024-02-21,59.3609
2024-02-20,57.8784
2024-02-16,61.2969
2024-02-15,61.7102
2024-02-14,63.3613
2024-02-13,61.4164
2024-02-12,66.7379
2024-02-09,70.0249
2024-02-08,66.6117
2024-02-07,67.708
2024-02-06,66.6656
2024-02-05,68.4295
2024-02-02,70.7283
2024-02-01,60.088
2024-01-31,55.0314
2024-01-30,61.9791
2024-01-29,66.7397
2024-01-26,64.2711
2024-01-25,62.582
2024-01-24,61.4705
2024-01-23,60.3908
2024-01-22,58.7905
2024-01-19,59.8275
2024-01-18,57.4866
2024-01-17,55.0668
2024-01-16,57.5893
2024-01-12,60.2284
2024-01-11,61.2512
2024-01-10,59.562
2024-01-09,56.6393
2024-01-08,53.5731
2024-01-05,47.5857
2024-01-04,46.4468
2024-01-03,52.7896
2024-01-02,55.4843
2023-12-29,59.4535
2023-12-28,62.4963
2023-12-27,62.4456
2023-12-26,62.5863
2023-12-22,62.6055
2023-12-21,63.3791
2023-12-20,61.5296
2023-12-19,64.5359
2023-12-18,65.042
2023-12-15,60.7608
2023-12-14,57.7
2023-12-13,60.1835
2023-12-12,58.5607
2023-12-11,56.5958
2023-12-08,59.1601
2023-12-07,58.5301
2023-12-06,55.6923
2023-12-05,59.5645
2023-12-04,57.116
2023-12-01,60.8754
2023-11-30,59.7963
2023-11-29,60.1821
2023-11-28,61.3428
2023-11-27,62.4713
2023-11-24,61.5202
2023-11-22,61.4921
2023-11-21,58.8166
2023-11-20,62.0678
2023-11-17,61.1998
2023-11-16,58.9947
2023-11-15,59.5005
2023-11-14,63.1127
2023-11-13,60.2848
2023-11-10,61.6414
2023-11-09,58.9644
2023-11-08,60.9861
2023-11-07,61.8435
2023-11-06,59.2794
2023-11-03,58.2565
2023-11-02,57.7882
2023-11-01,56.86
2023-10-31,53.2945
2023-10-30,52.9353
2023-10-27,47.9637
2023-10-26,37.6838
2023-10-25,39.328
2023-10-24,47.0035
2023-10-23,44.1132
2023-10-20,42.0256
2023-10-19,45.8025
2023-10-18,45.4129
2023-10-17,49.6031
2023-10-16,51.0501
2023-10-13,47.3193
2023-10-12,50.6975
2023-10-11,50.0303
2023-10-10,46.8171
2023-10-09,45.0752
2023-10-06,44.6517
2023-10-05,41.8103
2023-10-04,42.8982
2023-10-03,39.6263
2023-10-02,44.6829
2023-09-29,41.1617
2023-09-28,39.3756
2023-09-27,39.3756
2023-09-26,39.3756
2023-09-25,44.7842
2023-09-22,41.6918
2023-09-21,41.9096
2023-09-20,48.7801
2023-09-19,51.957
2023-09-18,55.3993
2023-09-15,56.0144
2023-09-14,63.0363
2023-09-13,63.2625
2023-09-12,59.4095
2023-09-11,62.6332
2023-09-08,56.8388
2023-09-07,56.3369
2023-09-06,52.9297
2023-09-05,56.121
2023-09-01,57.589
2023-08-31,57.4522
2023-08-30,53.6558
2023-08-29,53.441
2023-08-28,51.0573
2023-08-25,51.2262
2023-08-24,49.3421
2023-08-23,54.5279
2023-08-22,52.9052
2023-08-21,53.5195
2023-08-18,51.7108
2023-08-17,52.7254
2023-08-16,54.1737
2023-08-15,57.7695
2023-08-14,62.1399
2023-08-11,59.9986
2023-08-10,60.2233
2023-08-09,59.5419
2023-08-08,62.5377
2023-08-07,65.9779
2023-08-04,63.7777
2023-08-03,51.8875
2023-08-02,50.8816
2023-08-01,56.4558
2023-07-31,60.0283
2023-07-28,58.1708
2023-07-27,52.5247
2023-07-26,52.3705
2023-07-25,54.0038
2023-07-24,53.5403
2023-07-21,55.4714
2023-07-20,55.4205
2023-07-19,64.9449
2023-07-18,62.0414
2023-07-17,63.4827
2023-07-14,65.7076
2023-07-13,65.3158
2023-07-12,61.4631
2023-07-11,58.9639
2023-07-10,56.7893
2023-07-07,61.7848
2023-07-06,59.9933
2023-07-05,64.0511
2023-07-03,63.8672
2023-06-30,64.1399
2023-06-29,61.3874
2023-06-28,63.5343
2023-06-27,63.7947
2023-06-26,61.8316
2023-06-23,65.4778
2023-06-22,67.0171
2023-06-21,61.4282
2023-06-20,63.2463
2023-06-16,62.9281
2023-06-15,65.9584
2023-06-14,65.2819
2023-06-13,65.7134
2023-06-12,65.6325
2023-06-09,62.7157
2023-06-08,64.0646
2023-06-07,61.1403
2023-06-06,70.9056
2023-06-05,69.7894
2023-06-02,68.8803
2023-06-01,67.5738
2023-05-31,65.5399
2023-05-30,67.5241
2023-05-26,66.1259
2023-05-25,60.8463
2023-05-24,64.0965
2023-05-23,62.1656
2023-05-22,62.2017
2023-05-19,64.4054
2023-05-18,67.9074
2023-05-17,65.4158
2023-05-16,63.2688
2023-05-15,60.85
2023-05-12,59.7748
2023-05-11,63.1396
2023-05-10,60.9767
2023-05-09,56.6405
2023-05-08,55.6034
2023-05-05,55.3788
2023-05-04,53.2542
2023-05-03,52.8027
2023-05-02,52.7779
2023-05-01,50.8426
2023-04-28,55.4919
2023-04-27,62.4669
2023-04-26,56.7466
2023-04-25,53.386
2023-04-24,60.0843
2023-04-21,61.5971
2023-04-20,57.3083
2023-04-19,58.2699
2023-04-18,55.3657
2023-04-17,56.1829
2023-04-14,55.8594
2023-04-13,55.7108
2023-04-12,48.9251
2023-04-11,52.4141
2023-04-10,56.5375
2023-04-06,56.3781
2023-04-05,55.0102
2023-04-04,60.3473
2023-04-03,58.2689
2023-03-31,59.9754
2023-03-30,58.2736
2023-03-29,55.8546
2023-03-28,51.2352
2023-03-27,52.6257
2023-03-24,52.7787
2023-03-23,53.7357
2023-03-22,53.7219
2023-03-21,56.7826
2023-03-20,52.9131
2023-03-17,54.9102
2023-03-16,56.6972
2023-03-15,51.4042
2023-03-14,49.3838
2023-03-13,45.3796
2023-03-10,42.3746
2023-03-09,44.4519
2023-03-08,46.849
2023-03-07,46.2388
2023-03-06,46.513
2023-03-03,48.0702
2023-03-02,43.7618
2023-03-01,43.8117
2023-02-28,46.3983
2023-02-27,45.7035
2023-02-24,45.3311
2023-02-23,48.1295
2023-02-22,48.0901
2023-02-21,46.5354
2023-02-17,49.5906
2023-02-16,50.7381
2023-02-15,54.5364
2023-02-14,52.912
2023-02-13,52.7362
2023-02-10,50.6237
2023-02-09,51.3352
2023-02-08,53.3831
2023-02-07,55.7895
2023-02-06,55.8708
2023-02-03,57.2406
2023-02-02,70.0834
2023-02-01,63.7926
2023-01-31,61.8066
2023-01-30,59.0833
2023-01-27,61.8266
2023-01-26,58.5603
2023-01-25,56.1526
2023-01-24,55.1081
2023-01-23,56.9051
2023-01-20,56.6026
2023-01-19,52.4065
2023-01-18,54.9218
2023-01-17,55.7647
2023-01-13,58.7707
2023-01-12,55.6432
2023-01-11,55.4404
2023-01-10,49.0187
2023-01-09,45.426
2023-01-06,43.497
2023-01-05,38.7399
2023-01-04,40.9765
2023-01-03,41.7473
2022-12-30,38.8212
2022-12-29,39.0053
2022-12-28,35.1766
2022-12-27,36.2955
2022-12-23,38.3972
2022-12-22,36.074
2022-12-21,38.9201
2022-12-20,36.3924
2022-12-19,35.9621
2022-12-16,38.6676
2022-12-15,39.2303
2022-12-14,42.335
2022-12-13,43.281
2022-12-12,40.5923
2022-12-09,38.5083
2022-12-08,39.6486
2022-12-07,36.9897
2022-12-06,36.6953
2022-12-05,38.9686
2022-12-02,41.7459
2022-12-01,43.025
2022-11-30,43.9972
2022-11-29,38.792
2022-11-28,40.1071
2022-11-25,39.4185
2022-11-23,40.0011
2022-11-22,38.8929
2022-11-21,38.0276
2022-11-18,39.2255
2022-11-17,39.728
2022-11-16,41.3362
2022-11-15,42.6512
2022-11-14,42.2195
2022-11-11,43.8215
2022-11-10,39.9032
2022-11-09,27.8478
2022-11-08,29.9362
2022-11-07,30.2448
2022-11-04,30.4891
2022-11-03,28.4389
2022-11-02,29.8425
2022-11-01,32.3547
2022-10-31,35.8205
2022-10-28,36.4574
2022-10-27,41.9765
2022-10-26,46.1041
2022-10-25,51.1237
2022-10-24,50.3122
2022-10-21,49.8047
2022-10-20,45.5002
2022-10-19,45.3031
2022-10-18,46.4466
2022-10-17,43.76
2022-10-14,35.5215
2022-10-13,40.079
2022-10-12,40.4027
2022-10-11,39.5377
2022-10-10,40.7259
2022-10-07,41.4472
2022-10-06,46.4924
2022-10-05,47.1093
2022-10-04,47.2375
2022-10-03,41.6185
2022-09-30,38.16
2022-09-29,39.5512
2022-09-28,42.1547
2022-09-27,37.7918
2022-09-26,38.3568
2022-09-23,36.6923
2022-09-22,39.2891
2022-09-21,40.2316
2022-09-20,43.1497
2022-09-19,45.2601
2022-09-16,44.0713
2022-09-15,46.4012
2022-09-14,48.4081
2022-09-13,46.7403
2022-09-12,56.3778
2022-09-09,53.361
2022-09-08,49.7815
2022-09-07,49.4181
2022-09-06,45.7189
2022-09-02,47.0777
2022-09-01,47.3739
2022-08-31,46.2865
2022-08-30,48.047
2022-08-29,49.0045
2022-08-26,49.8595
2022-08-25,56.1949
2022-08-24,53.1832
2022-08-23,53.0245
2022-08-22,52.6859
2022-08-19,57.6284
2022-08-18,62.1263
2022-08-17,61.9878
2022-08-16,65.0145
2022-08-15,64.018
2022-08-12,64.4211
2022-08-11,62.6647
2022-08-10,64.8058
2022-08-09,61.8718
2022-08-08,63.5069
2022-08-05,64.9413
2022-08-04,66.7655
2022-08-03,65.1636
2022-08-02,62.115
2022-08-01,63.3231
2022-07-29,63.079
2022-07-28,54.8637
2022-07-27,53.8552
2022-07-26,48.7384
2022-07-25,54.6546
2022-07-22,55.9595
2022-07-21,58.2403
2022-07-20,56.8336
2022-07-19,53.1588
2022-07-18,49.1451
2022-07-15,48.9489
2022-07-14,46.2088
2022-07-13,45.9919
2022-07-12,44.9091
2022-07-11,46.8211
2022-07-08,49.8409
2022-07-07,50.4857
2022-07-06,48.8956
2022-07-05,48.2403
2022-07-01,45.0635
2022-06-30,42.1979
2022-06-29,43.9601
2022-06-28,42.6848
2022-06-27,46.5373
2022-06-24,48.87
2022-06-23,45.6594
2022-06-22,42.6914
2022-06-21,42.4605
2022-06-17,40.3807
2022-06-16,38.1713
2022-06-15,40.3991
2022-06-14,35.6283
2022-06-13,36.3293
2022-06-10,39.5823
2022-06-09,43.615
2022-06-08,47.1462
2022-06-07,48.4958
2022-06-06,49.8286
2022-06-03,47.9772
2022-06-02,50.2597
2022-06-01,47.3804
2022-05-31,46.2413
2022-05-27,42.1568
2022-05-26,38.5948
2022-05-25,34.5459
2022-05-24,31.8934
2022-05-23,33.5632
2022-05-20,33.5797
2022-05-19,33.3317
2022-05-18,33.1517
2022-05-17,36.9399
2022-05-16,32.9196
2022-05-13,33.9316
2022-05-12,28.2109
2022-05-11,26.676
2022-05-10,27.946
2022-05-09,27.8805
2022-05-06,30.1018
2022-05-05,30.7374
2022-05-04,34.8038
2022-05-03,33.3297
2022-05-02,33.4354
2022-04-29,33.2572
2022-04-28,43.5577
2022-04-27,37.7619
2022-04-26,38.4764
2022-04-25,42.6639
2022-04-22,41.0928
2022-04-21,43.6964
2022-04-20,47.859
2022-04-19,51.2053
2022-04-18,46.6146
2022-04-14,45.6314
2022-04-13,48.6582
2022-04-12,44.3076
2022-04-11,44.5601
2022-04-08,47.1045
2022-04-07,49.7938
2022-04-06,50.5959
2022-04-05,55.2034
2022-04-04,59.3626
2022-04-01,55.837
2022-03-31,55.4051
2022-03-30,58.6029
2022-03-29,61.689
2022-03-28,61.4815
2022-03-25,58.7218
2022-03-24,57.9591
2022-03-23,57.8
2022-03-22,59.1035
2022-03-21,56.9895
2022-03-18,56.8392
2022-03-17,54.314
2022-03-16,51.5374
2022-03-15,47.3168
2022-03-14,42.7665
2022-03-11,45.2383
2022-03-10,46.1303
2022-03-09,39.5256
2022-03-08,36.3133
2022-03-07,37.1392
2022-03-04,42.3468
2022-03-03,43.9613
2022-03-02,47.1005
2022-03-01,46.302
2022-02-28,48.1373
2022-02-25,48.3068
2022-02-24,46.3741
2022-02-23,40.716
2022-02-22,44.3735
2022-02-18,46.1358
2022-02-17,47.6703
2022-02-16,50.3446
2022-02-15,49.0935
2022-02-14,48.0427
2022-02-11,46.5819
2022-02-10,50.7099
2022-02-09,52.3987
2022-02-08,52.5692
2022-02-07,50.1789
2022-02-04,49.9751
2022-02-03,33.5864
2022-02-02,41.7151
2022-02-01,42.1941
2022-01-31,40.3807
2022-01-28,33.5393
2022-01-27,27.4
2022-01-26,26.2595
2022-01-25,26.8426
2022-01-24,29.3796
2022-01-21,26.6322
2022-01-20,32.2991
2022-01-19,36.0378
2022-01-18,38.4268
2022-01-14,41.6531
2022-01-13,40.2865
2022-01-12,44.5721
2022-01-11,44.7477
2022-01-10,39.0447
2022-01-07,40.1289
2022-01-06,40.835
2022-01-05,41.9396
2022-01-04,45.2783
2022-01-03,48.6277
2021-12-31,43.5532
2021-12-30,45.7997
2021-12-29,46.457
2021-12-28,48.1803
2021-12-27,46.9098
2021-12-23,48.5039
2021-12-22,48.4664
2021-12-21,47.7558
2021-12-20,43.7915
2021-12-17,46.7588
2021-12-16,45.3872
2021-12-15,50.144
2021-12-14,44.9333
2021-12-13,45.4418
2021-12-10,48.3284
2021-12-09,50.59
2021-12-08,52.9789
2021-12-07,52.9867
2021-12-06,47.5953
2021-12-03,45.2589
2021-12-02,47.8229
2021-12-01,48.1695
2021-11-30,51.7165
2021-11-29,55.028
2021-11-26,51.9718
2021-11-24,56.8554
2021-11-23,56.8366
2021-11-22,56.4729
2021-11-19,63.5558
2021-11-18,65.0074
2021-11-17,58.1571
2021-11-16,57.7133
2021-11-15,58.0643
2021-11-12,57.0409
2021-11-11,54.3251
2021-11-10,54.9234
2021-11-09,61.2425
2021-11-08,56.8759
2021-11-05,59.0498
2021-11-04,56.8579
2021-11-03,51.3827
2021-11-02,46.4349
2021-11-01,46.7751
2021-10-29,50.3248
2021-10-28,55.8172
2021-10-27,52.2023
2021-10-26,51.047
2021-10-25,46.912
2021-10-22,47.9609
2021-10-21,55.7147
2021-10-20,54.307
2021-10-19,56.8084
2021-10-18,57.0305
2021-10-15,54.5724
2021-10-14,46.0944
2021-10-13,44.6949
2021-10-12,41.259
2021-10-11,41.1621
2021-10-08,43.9919
2021-10-07,44.9499
2021-10-06,41.4018
2021-10-05,37.5205
2021-10-04,34.3769
2021-10-01,40.1186
2021-09-30,40.2402
2021-09-29,41.3147
2021-09-28,42.3051
2021-09-27,49.0703
2021-09-24,50.7631
2021-09-23,49.9716
2021-09-22,46.9099
2021-09-21,43.5873
2021-09-20,44.4656
2021-09-17,53.5057
2021-09-16,56.1161
2021-09-15,55.109
2021-09-14,52.9857
2021-09-13,53.656
2021-09-10,54.7555
2021-09-09,56.1244
2021-09-08,60.0526
2021-09-07,58.9832
2021-09-03,56.8692
2021-09-02,55.8358
2021-09-01,57.2212
2021-08-31,56.6935
2021-08-30,53.4208
2021-08-27,47.9604
2021-08-26,45.1024
2021-08-25,43.6314
2021-08-24,44.0716
2021-08-23,40.6308
2021-08-20,34.2871
2021-08-19,33.0289
2021-08-18,33.7058
2021-08-17,35.8147
2021-08-16,39.0653
2021-08-13,38.5993
2021-08-12,39.1391
2021-08-11,38.1571
2021-08-10,39.6829
2021-08-09,40.8334
2021-08-06,40.9969
2021-08-05,42.6382
2021-08-04,41.1038
2021-08-03,41.6774
2021-08-02,39.2471
2021-07-30,38.9767
2021-07-29,55.3613
2021-07-28,57.9444
2021-07-27,57.702
2021-07-26,64.2777
2021-07-23,61.8489
2021-07-22,60.7565
2021-07-21,57.4723
2021-07-20,56.6895
2021-07-19,55.1484
2021-07-16,57.1151
2021-07-15,62.1581
2021-07-14,67.0929
2021-07-13,66.8791
2021-07-12,71.0606
2021-07-09,71.1416
2021-07-08,72.3391
2021-07-07,71.001
2021-07-06,70.181
2021-07-02,62.141
2021-07-01,56.9158
2021-06-30,57.6121
2021-06-29,58.3648
2021-06-28,58.0878
2021-06-25,55.2641
2021-06-24,59.541
2021-06-23,65.0374
2021-06-22,65.2066
2021-06-21,62.2404
2021-06-18,65.6421
2021-06-17,65.8851
2021-06-16,61.6167
2021-06-15,59.5284
2021-06-14,59.5993
2021-06-11,57.1713
2021-06-10,57.4209
2021-06-09,52.6508
2021-06-08,51.3631
2021-06-07,45.9458
2021-06-04,46.5577
2021-06-03,44.9274
2021-06-02,48.3545
2021-06-01,47.1029
2021-05-28,47.4174
2021-05-27,47.9015
2021-05-26,50.3316
2021-05-25,49.9108
2021-05-24,48.9655
2021-05-21,46.0843
2021-05-20,48.8738
2021-05-19,47.8052
2021-05-18,47.8339
2021-05-17,50.1036
2021-05-14,47.134
2021-05-13,42.9625
2021-05-12,42.2914
2021-05-11,46.1905
2021-05-10,43.9092
2021-05-07,50.0027
2021-05-06,50.9839
2021-05-05,48.6608
2021-05-04,51.3265
2021-05-03,56.6491
2021-04-30,63.4261
2021-04-29,63.7745
2021-04-28,63.1411
2021-04-27,61.0679
2021-04-26,60.6362
2021-04-23,56.9733
2021-04-22,55.1188
2021-04-21,59.1486
2021-04-20,57.6306
2021-04-19,60.5494
2021-04-16,62.7692
2021-04-15,61.7817
2021-04-14,59.4686
2021-04-13,64.8925
2021-04-12,63.9312
2021-04-09,63.6008
2021-04-08,60.0793
2021-04-07,59.0514
2021-04-06,56.0509
2021-04-05,56.2559
2021-04-01,52.5291
2021-03-31,48.2661
2021-03-30,45.5748
2021-03-29,46.7934
2021-03-26,45.1787
2021-03-25,44.7912
2021-03-24,47.0246
2021-03-23,49.9484
2021-03-22,48.337
2021-03-19,46.1146
2021-03-18,43.0716
2021-03-17,49.1156
2021-03-16,46.195
2021-03-15,45.5055
2021-03-12,45.9345
2021-03-11,47.2402
2021-03-10,43.7115
2021-03-09,43.9717
2021-03-08,36.3057
2021-03-05,38.4944
2021-03-04,36.7861
2021-03-03,37.9872
2021-03-02,42.2664
2021-03-01,45.0452
2021-02-26,41.2629
2021-02-25,38.5624
2021-02-24,44.0712
2021-02-23,46.2137
2021-02-22,45.2182
2021-02-19,49.6017
2021-02-18,55.3779
2021-02-17,54.1082
2021-02-16,51.4491
2021-02-12,52.0818
2021-02-11,51.065
2021-02-10,52.7333
2021-02-09,53.9958
2021-02-08,55.2191
2021-02-05,57.2243
2021-02-04,56.1284
2021-02-03,55.1757
2021-02-02,59.6726
2021-02-01,57.8783
2021-01-29,50.1143
2021-01-28,52.2162
2021-01-27,51.9088
2021-01-26,58.55
2021-01-25,56.7443
2021-01-22,56.6455
2021-01-21,57.6898
2021-01-20,55.3809
2021-01-19,46.2716
2021-01-15,45.0376
2021-01-14,46.4634
2021-01-13,48.8967
2021-01-12,45.7301
2021-01-11,45.2567
2021-01-08,49.501
2021-01-07,48.1147
2021-01-06,46.4993
2021-01-05,51.6467
2021-01-04,49.5352
2020-12-31,54.5228
2020-12-30,56.7562
2020-12-29,59.658
2020-12-28,57.485
2020-12-24,50.0011
2020-12-23,50.9647
2020-12-22,52.591
2020-12-21,52.568
2020-12-18,52.2749
2020-12-17,54.7166
2020-12-16,55.0629
2020-12-15,50.431
2020-12-14,49.9038
2020-12-11,47.2522
2020-12-10,46.2573
2020-12-09,46.4082
2020-12-08,50.6425
2020-12-07,49.487
2020-12-04,49.7497
2020-12-03,51.1088
2020-12-02,52.0485
2020-12-01,52.9598
2020-11-30,50.3638
2020-11-27,51.7881
2020-11-25,51.2959
2020-11-24,48.0051
2020-11-23,47.0066
2020-11-20,47.0507
2020-11-19,47.7933
2020-11-18,47.2746
2020-11-17,48.4699
2020-11-16,48.2806
2020-11-13,48.1922
2020-11-12,47.4901
2020-11-11,48.4019
2020-11-10,44.5853
2020-11-09,48.1809
2020-11-06,54.6348
2020-11-05,55.0792
2020-11-04,52.2742
2020-11-03,44.4116
2020-11-02,42.3554
2020-10-30,43.4563
2020-10-29,50.316
2020-10-28,48.1723
2020-10-27,53.8239
2020-10-26,50.2666
2020-10-23,50.1451
2020-10-22,48.8871
2020-10-21,49.2471
2020-10-20,50.576
2020-10-19,50.1858
2020-10-16,52.8345
2020-10-15,55.6432
2020-10-14,56.732
2020-10-13,60.3074
2020-10-12,60.2865
2020-10-09,55.3139
2020-10-08,51.7873
2020-10-07,51.9958
2020-10-06,48.3139
2020-10-05,52.2616
2020-10-02,49.3202
2020-10-01,53.3731
2020-09-30,50.4591
2020-09-29,50.3024
2020-09-28,51.4738
2020-09-25,48.3846
2020-09-24,45.222
2020-09-23,44.3653
2020-09-22,49.0908
2020-09-21,41.3452
2020-09-18,41.0642
2020-09-17,42.957
2020-09-16,45.5266
2020-09-15,48.6354
2020-09-14,46.2604
2020-09-11,46.7725
2020-09-10,49.0658
2020-09-09,52.9843
2020-09-08,47.97
2020-09-04,54.7295
2020-09-03,58.7131
2020-09-02,69.4028
2020-09-01,68.3189
2020-08-31,66.647
2020-08-28,64.848
2020-08-27,64.7819
2020-08-26,67.588
2020-08-25,64.2344
2020-08-24,62.7352
2020-08-21,61.85
2020-08-20,62.6363
2020-08-19,61.2724
2020-08-18,64.4221
2020-08-17,59.472
2020-08-14,58.0045
2020-08-13,58.7687
2020-08-12,58.8378
2020-08-11,55.5151
2020-08-10,59.2762
2020-08-07,60.3876
2020-08-06,63.7744
2020-08-05,63.092
2020-08-04,60.764
2020-08-03,59.7834
2020-07-31,62.7007
2020-07-30,58.5997
2020-07-29,57.8841
2020-07-28,56.5945
2020-07-27,59.4533
2020-07-24,57.7425
2020-07-23,56.9083
2020-07-22,62.8872
2020-07-21,65.0866
2020-07-20,68.5618
2020-07-17,60.5309
2020-07-16,62.9999
2020-07-15,63.5826
2020-07-14,68.6334
2020-07-13,70.0404
2020-07-10,77.2633
2020-07-09,76.853
2020-07-08,74.2754
2020-07-07,71.9043
2020-07-06,76.6195
2020-07-02,71.4003
2020-07-01,70.972
2020-06-30,65.9689
2020-06-29,61.8855
2020-06-26,63.0296
2020-06-25,69.0183
2020-06-24,68.076
2020-06-23,71.1325
2020-06-22,68.896
2020-06-19,67.0346
2020-06-18,65.9869
2020-06-17,65.3399
2020-06-16,64.0554
2020-06-15,61.8291
2020-06-12,60.3125
2020-06-11,61.3967
2020-06-10,69.6184
2020-06-09,67.4635
2020-06-08,63.3979
2020-06-05,60.9176
2020-06-04,59.495
2020-06-03,61.176
2020-06-02,60.8221
2020-06-01,60.7444
2020-05-29,59.1321
2020-05-28,56.7001
2020-05-27,57.431
2020-05-26,58.3126
2020-05-22,59.4479
2020-05-21,60.1785
2020-05-20,64.0626
2020-05-19,61.8412
2020-05-18,60.7473
2020-05-15,59.9685
2020-05-14,58.9867
2020-05-13,58.0083
2020-05-12,57.5035
2020-05-11,60.7978
2020-05-08,59.5549
2020-05-07,59.0513
2020-05-06,58.3806
2020-05-05,57.0116
2020-05-04,56.9388
2020-05-01,55.7613
2020-04-30,66.6228
2020-04-29,62.9257
2020-04-28,60.5211
2020-04-27,64.7336
2020-04-24,67.1888
2020-04-23,66.8125
2020-04-22,65.5594
2020-04-21,64.2999
2020-04-20,68.7206
2020-04-17,68.1291
2020-04-16,70.3842
2020-04-15,67.2671
2020-04-14,66.4541
2020-04-13,62.272
2020-04-09,56.6094
2020-04-08,56.6248
2020-04-07,55.1104
2020-04-06,54.4361
2020-04-03,49.7813
2020-04-02,50.4398
2020-04-01,49.867
2020-03-31,52.0235
2020-03-30,52.7575
2020-03-27,49.7344
2020-03-26,52.5033
2020-03-25,49.1194
2020-03-24,51.8535
2020-03-23,50.0388
2020-03-20,47.1584
2020-03-19,48.7996
2020-03-18,46.1995
2020-03-17,45.0459
2020-03-16,38.3162
2020-03-13,42.2893
2020-03-12,35.0547
2020-03-11,41.657
2020-03-10,45.6774
2020-03-09,38.4201
2020-03-06,44.6649
2020-03-05,46.2971
2020-03-04,50.2349
2020-03-03,44.4423
2020-03-02,48.0136
2020-02-28,40.9784
2020-02-27,41.0197
2020-02-26,49.1814
2020-02-25,48.4814
2020-02-24,52.1208
2020-02-21,62.7301
2020-02-20,71.8929
2020-02-19,75.0122
2020-02-18,74.1051
2020-02-14,72.7622
2020-02-13,75.4425
2020-02-12,77.2686
2020-02-11,76.7837
2020-02-10,75.8867
2020-02-07,72.6383
2020-02-06,70.6403
2020-02-05,69.8955
2020-02-04,71.5261
2020-02-03,68.2626
2020-01-31,69.0096
2020-01-30,54.5958
2020-01-29,52.675
2020-01-28,51.9517
2020-01-27,47.9912
2020-01-24,53.6023
2020-01-23,58.0436
2020-01-22,58.6229
2020-01-21,59.5124
2020-01-17,55.6729
2020-01-16,58.2145
2020-01-15,55.9119
2020-01-14,57.3102
2020-01-13,61.6235
2020-01-10,60.5738
2020-01-09,64.2426
2020-01-08,63.167
2020-01-07,66.2728
2020-01-06,65.8464
2020-01-03,62.7051
2020-01-02,67.5797
2019-12-31,61.367
2019-12-30,61.2334
2019-12-27,66.5036
2019-12-26,66.3801
2019-12-24,53.8983
2019-12-23,54.8194
2019-12-20,53.5254
2019-12-19,54.8525
2019-12-18,53.2819
2019-12-17,54.7356
2019-12-16,50.5923
2019-12-13,48.8784
2019-12-12,48.7538
2019-12-11,46.3919
2019-12-10,44.3977
2019-12-09,46.1647
2019-12-06,46.5216
2019-12-05,44.3468
2019-12-04,47.6957
2019-12-03,49.3186
2019-12-02,51.405
2019-11-29,55.0548
2019-11-27,58.7073
2019-11-26,55.274
2019-11-25,51.141
2019-11-22,45.2949
2019-11-21,42.7468
2019-11-20,44.6902
2019-11-19,46.0239
2019-11-18,45.9691
2019-11-15,43.2193
2019-11-14,45.7843
2019-11-13,45.4812
2019-11-12,49.9092
2019-11-11,48.6987
2019-11-08,51.3401
2019-11-07,51.775
2019-11-06,53.1714
2019-11-05,54.2623
2019-11-04,54.7927
2019-11-01,52.8298
2019-10-31,50.5493
2019-10-30,51.0779
2019-10-29,48.4191
2019-10-28,50.5912
2019-10-25,48.1702
2019-10-24,51.1082
2019-10-23,48.2386
2019-10-22,48.7586
2019-10-21,51.7245
2019-10-18,47.4341
2019-10-17,52.119
2019-10-16,50.5635
2019-10-15,48.9893
2019-10-14,43.7486
2019-10-11,42.937
2019-10-10,40.8407
2019-10-09,41.0533
2019-10-08,38.1394
2019-10-07,41.3375
2019-10-04,42.2031
2019-10-03,39.5847
2019-10-02,37.6118
2019-10-01,40.1045
2019-09-30,40.1338
2019-09-27,38.414
2019-09-26,39.9125
2019-09-25,43.0729
2019-09-24,38.7518
2019-09-23,43.9317
2019-09-20,45.0929
2019-09-19,48.8805
2019-09-18,48.2705
2019-09-17,48.9699
2019-09-16,46.856
2019-09-13,51.168
2019-09-12,51.7729
2019-09-11,48.9741
2019-09-10,48.6381
2019-09-09,50.0234
2019-09-06,50.2956
2019-09-05,51.1786
2019-09-04,46.1866
2019-09-03,44.7437
2019-08-30,42.916
2019-08-29,43.9464
2019-08-28,40.998
2019-08-27,40.6741
2019-08-26,41.3007
2019-08-23,38.8539
2019-08-22,43.8147
2019-08-21,45.7168
2019-08-20,42.9554
2019-08-19,44.3821
2019-08-16,41.4295
2019-08-15,39.2909
2019-08-14,37.5582
2019-08-13,42.9958
2019-08-12,37.4726
2019-08-09,39.5661
2019-08-08,42.0594
2019-08-07,36.0899
2019-08-06,35.1953
2019-08-05,31.4818
2019-08-02,36.5793
2019-08-01,39.9739
2019-07-31,41.2738
2019-07-30,45.1369
2019-07-29,46.9678
2019-07-26,51.315
2019-07-25,56.2921
2019-07-24,61.2418
2019-07-23,60.4685
2019-07-22,59.3895
2019-07-19,56.7153
2019-07-18,59.0569
2019-07-17,61.6089
2019-07-16,64.9826
2019-07-15,67.1505
2019-07-12,66.1851
2019-07-11,65.2199
2019-07-10,68.266
2019-07-09,65.5423
2019-07-08,61.6804
2019-07-05,60.5827
2019-07-03,60.1319
2019-07-02,59.6055
2019-07-01,58.2523
2019-06-28,54.8674
2019-06-27,56.49
2019-06-26,55.7369
2019-06-25,53.4139
2019-06-24,58.7494
2019-06-21,58.4618
2019-06-20,59.5064
2019-06-19,58.5464
2019-06-18,57.7961
2019-06-17,56.2405
2019-06-14,54.5429
2019-06-13,54.6204
2019-06-12,53.1152
2019-06-11,54.0683
2019-06-10,53.7796
2019-06-07,48.0633
2019-06-06,42.0926
2019-06-05,40.0003
2019-06-04,38.8165
2019-06-03,33.6906
2019-05-31,40.9777
2019-05-30,45.6775
2019-05-29,46.0264
2019-05-28,48.1242
2019-05-24,46.3524
2019-05-23,45.2996
2019-05-22,50.6504
2019-05-21,50.3783
2019-05-20,50.556
2019-05-17,51.7562
2019-05-16,56.6711
2019-05-15,52.6364
2019-05-14,48.7757
2019-05-13,46.4449
2019-05-10,55.7436
2019-05-09,57.3465
2019-05-08,60.3293
2019-05-07,60.872
2019-05-06,66.0353
2019-05-03,68.2519
2019-05-02,61.9764
2019-05-01,64.0647
2019-04-30,67.0747
2019-04-29,69.5391
2019-04-26,72.1176
2019-04-25,67.5902
2019-04-24,67.5385
2019-04-23,72.3734
2019-04-22,68.8677
2019-04-18,65.9865
2019-04-17,66.703
2019-04-16,66.5065
2019-04-15,64.4736
2019-04-12,64.2684
2019-04-11,64.4658
2019-04-10,65.0788
2019-04-09,63.9304
2019-04-08,66.464
2019-04-05,65.2915
2019-04-04,63.5171
2019-04-03,63.8268
2019-04-02,63.2044
2019-04-01,63.2367
2019-03-29,60.1566
2019-03-28,59.4491
2019-03-27,58.7156
2019-03-26,61.1747
2019-03-25,60.3448
2019-03-22,59.5236
2019-03-21,67.1029
2019-03-20,65.4146
2019-03-19,62.467
2019-03-18,60.6971
2019-03-15,57.8412
2019-03-14,55.1229
2019-03-13,55.7222
2019-03-12,53.8843
2019-03-11,53.6283
2019-03-08,48.132
2019-03-07,48.6988
2019-03-06,53.7167
2019-03-05,56.7501
2019-03-04,57.2392
2019-03-01,54.822
2019-02-28,51.4165
2019-02-27,51.5624
2019-02-26,51.0716
2019-02-25,50.7278
2019-02-22,50.5881
2019-02-21,49.4419
2019-02-20,49.6822
2019-02-19,50.1593
2019-02-15,48.4756
2019-02-14,49.6693
2019-02-13,51.0796
2019-02-12,50.9278
2019-02-11,47.254
2019-02-08,47.0313
2019-02-07,48.876
2019-02-06,50.7482
2019-02-05,52.1067
2019-02-04,50.3717
2019-02-01,49.8929
2019-01-31,56.68
2019-01-30,53.5452
2019-01-29,47.865
2019-01-28,51.2903
2019-01-25,54.0172
2019-01-24,52.8782
2019-01-23,51.7968
2019-01-22,51.2371
2019-01-18,56.303
2019-01-17,56.1112
2019-01-16,55.5235
2019-01-15,54.9639
2019-01-14,51.347
2019-01-11,52.9932
2019-01-10,54.0982
2019-01-09,54.3181
2019-01-08,54.161
2019-01-07,52.6879
2019-01-04,49.6123
2019-01-03,44.8889
2019-01-02,47.0564
2018-12-31,44.6268
2018-12-28,43.0259
2018-12-27,41.9353
2018-12-26,42.3709
2018-12-24,33.355
2018-12-21,34.7162
2018-12-20,38.4253
2018-12-19,40.0971
2018-12-18,43.0254
2018-12-17,40.7991
2018-12-14,44.6485
2018-12-13,48.7382
2018-12-12,49.0697
2018-12-11,47.7414
2018-12-10,47.6
2018-12-07,46.8649
2018-12-06,50.8555
2018-12-04,49.0439
2018-12-03,55.6203
2018-11-30,50.6502
2018-11-29,49.5665
2018-11-28,49.8283
2018-11-27,43.2693
2018-11-26,43.2627
2018-11-23,37.161
2018-11-21,37.8772
2018-11-20,36.1832
2018-11-19,36.9404
2018-11-16,40.8552
2018-11-15,42.2191
2018-11-14,40.7441
2018-11-13,42.3612
2018-11-12,42.6452
2018-11-09,46.5939
2018-11-08,49.0173
2018-11-07,49.0504
2018-11-06,41.7988
2018-11-05,40.7313
2018-11-02,42.597
2018-11-01,42.597
2018-10-31,38.011
2018-10-30,32.9141
2018-10-29,33.2391
2018-10-26,37.568
2018-10-25,45.0404
2018-10-24,34.5755
2018-10-23,41.1728
2018-10-22,42.6986
2018-10-19,40.1123
2018-10-18,40.5729
2018-10-17,45.0547
2018-10-16,43.9193
2018-10-15,37.7975
2018-10-12,39.7287
2018-10-11,31.3913
2018-10-10,33.6856
2018-10-09,43.3316
2018-10-08,42.53
2018-10-05,45.123
2018-10-04,47.2683
2018-10-03,52.4629
2018-10-02,54.9168
2018-10-01,59.6384
2018-09-28,59.5023
2018-09-27,60.9349
2018-09-26,57.1942
2018-09-25,57.1636
2018-09-24,52.8673
2018-09-21,50.6012
2018-09-20,54.3596
2018-09-19,52.3052
2018-09-18,54.2016
2018-09-17,50.3411
2018-09-14,59.2771
2018-09-13,62.6204
2018-09-12,62.6426
2018-09-11,62.3651
2018-09-10,57.2714
2018-09-07,59.3414
2018-09-06,60.3311
2018-09-05,66.4958
2018-09-04,75.4622
2018-08-31,73.4204
2018-08-30,72.5851
2018-08-29,72.2417
2018-08-28,66.0868
2018-08-27,65.5149
2018-08-24,62.9399
2018-08-23,62.6439
2018-08-22,63.028
2018-08-21,60.5604
2018-08-20,59.7634
2018-08-17,60.7206
2018-08-16,61.4503
2018-08-15,61.047
2018-08-14,67.4084
2018-08-13,65.2285
2018-08-10,64.2701
2018-08-09,66.4168
2018-08-08,65.3367
2018-08-07,63.0766
2018-08-06,61.6199
2018-08-03,59.0728
2018-08-02,60.803
2018-08-01,56.7525
2018-07-31,54.3744
2018-07-30,54.6319
2018-07-27,60.4443
2018-07-26,59.4457
2018-07-25,69.4358
2018-07-24,66.0898
2018-07-23,63.0436
2018-07-20,65.4424
2018-07-19,65.3643
2018-07-18,71.6794
2018-07-17,71.902
2018-07-16,70.0251
2018-07-13,69.1617
2018-07-12,67.6249
2018-07-11,63.2071
2018-07-10,61.7871
2018-07-09,61.3055
2018-07-06,57.7603
2018-07-05,56.3
2018-07-03,55.5267
2018-07-02,58.9293
2018-06-29,57.1707
2018-06-28,57.4465
2018-06-27,51.9866
2018-06-26,57.1939
2018-06-25,53.1178
2018-06-22,64.0006
2018-06-21,67.6483
2018-06-20,73.0469
2018-06-19,71.375
2018-06-18,70.1099
2018-06-15,69.1893
2018-06-14,71.2939
2018-06-13,69.1469
2018-06-12,68.4255
2018-06-11,67.28
2018-06-08,66.668
2018-06-07,67.9171
2018-06-06,69.4181
2018-06-05,69.5539
2018-06-04,66.3097
2018-06-01,63.4877
2018-05-31,61.9675
2018-05-30,61.3611
2018-05-29,59.8141
2018-05-25,59.4652
2018-05-24,58.5759
2018-05-23,58.4278
2018-05-22,55.8952
2018-05-21,56.5446
2018-05-18,55.1937
2018-05-17,56.3017
2018-05-16,57.1152
2018-05-15,55.891
2018-05-14,59.5707
2018-05-11,59.7722
2018-05-10,60.6499
2018-05-09,60.5536
2018-05-08,59.1817
2018-05-07,60.1687
2018-05-04,58.5423
2018-05-03,57.7855
2018-05-02,57.5865
2018-05-01,58.971
2018-04-30,57.7332
2018-04-27,58.4067
2018-04-26,54.1246
2018-04-25,48.8337
2018-04-24,48.826
2018-04-23,54.4973
2018-04-20,55.5185
2018-04-19,58.7115
2018-04-18,56.3552
2018-04-17,54.3093
2018-04-16,48.3365
2018-04-13,47.2101
2018-04-12,48.8844
2018-04-11,46.7097
2018-04-10,47.531
2018-04-09,44.4831
2018-04-06,44.3966
2018-04-05,48.312
2018-04-04,44.1714
2018-04-03,42.193
2018-04-02,40.0053
2018-03-29,46.2515
2018-03-28,44.5125
2018-03-27,50.9708
2018-03-26,58.1533
2018-03-23,51.4956
2018-03-22,58.7662
2018-03-21,65.3235
2018-03-20,66.2069
2018-03-19,61.8207
2018-03-16,67.1473
2018-03-15,69.4071
2018-03-14,71.2659
2018-03-13,71.0264
2018-03-12,73.1225
2018-03-09,71.6019
2018-03-08,69.3158
2018-03-07,68.7085
2018-03-06,68.0642
2018-03-05,66.8274
2018-03-02,64.6626
2018-03-01,64.0131
2018-02-28,67.2961
2018-02-27,67.2566
2018-02-26,68.9329
2018-02-23,67.2244
2018-02-22,66.0394
2018-02-21,65.8457
2018-02-20,64.6943
2018-02-16,63.0995
2018-02-15,64.9524
2018-02-14,64.1325
2018-02-13,61.1898
2018-02-12,58.6983
2018-02-09,54.0808
2018-02-08,55.4576
2018-02-07,65.0202
2018-02-06,69.4962
2018-02-05,64.833
2018-02-02,72.8299
2018-02-01,69.2235
2018-01-31,85.6929
2018-01-30,84.9634
2018-01-29,83.7505
2018-01-26,82.7231
2018-01-25,80.9596
2018-01-24,79.2533
2018-01-23,80.9492
2018-01-22,77.7864
2018-01-19,73.9727
2018-01-18,73.8083
2018-01-17,74.4037
2018-01-16,77.9083
2018-01-12,78.0287
2018-01-11,74.943
2018-01-10,72.0172
2018-01-09,71.7889
2018-01-08,70.9848
2018-01-05,68.3811
2018-01-04,65.1005
2018-01-03,64.1256
2018-01-02,61.2258
2017-12-29,56.9757
2017-12-28,62.516
2017-12-27,61.699
2017-12-26,60.5284
2017-12-22,58.6969
2017-12-21,60.7368
2017-12-20,61.6463
2017-12-19,64.7918
2017-12-18,65.8382
2017-12-15,63.8557
2017-12-14,62.9853
2017-12-13,61.1397
2017-12-12,61.4125
2017-12-11,62.4831
2017-12-08,61.329
2017-12-07,60.9646
2017-12-06,59.7519
2017-12-05,57.9539
2017-12-04,56.6535
2017-12-01,63.6201
2017-11-30,67.6257
2017-11-29,65.401
2017-11-28,75.7257
2017-11-27,76.5172
2017-11-24,75.4423
2017-11-22,71.7073
2017-11-21,69.2232
2017-11-20,67.0502
2017-11-17,68.2909
2017-11-16,70.8771
2017-11-15,69.2969
2017-11-14,72.8947
2017-11-13,71.8454
2017-11-10,71.32
2017-11-09,72.5933
2017-11-08,73.8357
2017-11-07,72.6858
2017-11-06,72.3878
2017-11-03,71.3146
2017-11-02,69.1279
2017-11-01,71.9646
2017-10-31,72.4422
2017-10-30,74.0681
2017-10-27,73.0467
2017-10-26,47.5863
2017-10-25,47.7463
2017-10-24,48.7157
2017-10-23,45.3299
2017-10-20,50.8478
2017-10-19,52.1923
2017-10-18,56.1531
2017-10-17,61.3138
2017-10-16,60.521
2017-10-13,59.5616
2017-10-12,59.002
2017-10-11,57.3479
2017-10-10,55.0834
2017-10-09,56.4673
2017-10-06,56.0773
2017-10-05,53.634
2017-10-04,48.8673
2017-10-03,46.0082
2017-10-02,46.6281
2017-09-29,47.2533
2017-09-28,45.6674
2017-09-27,43.8764
2017-09-26,39.6858
2017-09-25,39.9607
2017-09-22,43.657
2017-09-21,46.1887
2017-09-20,48.588
2017-09-19,47.5756
2017-09-18,48.7545
2017-09-15,52.34
2017-09-14,53.9618
2017-09-13,56.218
2017-09-12,51.8094
2017-09-11,50.5247
2017-09-08,47.0224
2017-09-07,50.8719
2017-09-06,47.3505
2017-09-05,46.5616
2017-09-01,50.2298
2017-08-31,50.9198
2017-08-30,47.098
2017-08-29,42.6889
2017-08-28,39.8593
2017-08-25,39.5915
2017-08-24,41.2422
2017-08-23,42.543
2017-08-22,44.6902
2017-08-21,40.3138
2017-08-18,41.5011
2017-08-17,41.9773
2017-08-16,46.2
2017-08-15,47.3723
2017-08-14,47.5129
2017-08-11,43.1272
2017-08-10,39.6642
2017-08-09,45.6491
2017-08-08,47.7869
2017-08-07,48.4559
2017-08-04,47.0979
2017-08-03,46.9109
2017-08-02,49.1542
2017-08-01,49.229
2017-07-31,47.0846
2017-07-28,55.6497
2017-07-27,64.6387
2017-07-26,67.3457
2017-07-25,64.6732
2017-07-24,64.4767
2017-07-21,61.5431
2017-07-20,62.6648
2017-07-19,62.2703
2017-07-18,61.7626
2017-07-17,58.6125
2017-07-14,56.6759
2017-07-13,56.398
2017-07-12,58.1641
2017-07-11,55.3686
2017-07-10,56.0411
2017-07-07,51.8355
2017-07-06,48.2159
2017-07-05,49.8517
2017-07-03,44.811
2017-06-30,48.5592
2017-06-29,50.7912
2017-06-28,55.1653
2017-06-27,51.4258
2017-06-26,57.1765
2017-06-23,60.8444
2017-06-22,60.2386
2017-06-21,60.5779
2017-06-20,58.2626
2017-06-19,59.1458
2017-06-16,57.3706
2017-06-15,50.9865
2017-06-14,55.0812
2017-06-13,56.5978
2017-06-12,51.9807
2017-06-09,56.8267
2017-06-08,72.0453
2017-06-07,72.0007
2017-06-06,70.4165
2017-06-05,75.1838
2017-06-02,74.269
2017-06-01,71.974
2017-05-31,71.678
2017-05-30,72.8209
2017-05-26,72.6376
2017-05-25,72.1724
2017-05-24,69.4977
2017-05-23,67.4906
2017-05-22,67.2887
2017-05-19,64.6954
2017-05-18,64.3608
2017-05-17,60.7685
2017-05-16,71.3766
2017-05-15,69.451
2017-05-12,71.3539
2017-05-11,67.9668
2017-05-10,68.7145
2017-05-09,70.8696
2017-05-08,69.9964
2017-05-05,66.2057
2017-05-04,68.06
2017-05-03,69.9884
2017-05-02,73.3209
2017-05-01,74.052
2017-04-28,68.7123
2017-04-27,66.8701
2017-04-26,64.1094
2017-04-25,63.5797
2017-04-24,63.5154
2017-04-21,60.7291
2017-04-20,62.5326
2017-04-19,61.6561
2017-04-18,63.9312
2017-04-17,63.4302
2017-04-13,58.0773
2017-04-12,64.019
2017-04-11,67.4977
2017-04-10,70.267
2017-04-07,66.9166
2017-04-06,68.9813
2017-04-05,76.2086
2017-04-04,75.6692
2017-04-03,71.8824
2017-03-31,70.4658
2017-03-30,67.2486
2017-03-29,66.5633
2017-03-28,59.2102
2017-03-27,54.4407
2017-03-24,53.7638
2017-03-23,54.8973
2017-03-22,55.3231
2017-03-21,52.8399
2017-03-20,62.1355
2017-03-17,59.8656
2017-03-16,60.6889
2017-03-15,60.4796
2017-03-14,60.2831
2017-03-13,61.646
2017-03-10,60.7749
2017-03-09,61.1092
2017-03-08,60.1451
2017-03-07,58.3891
2017-03-06,58.7127
2017-03-03,60.4778
2017-03-02,60.1401
2017-03-01,62.3146
2017-02-28,59.6418
2017-02-27,61.4971
2017-02-24,60.3916
2017-02-23,63.9577
2017-02-22,65.7733
2017-02-21,66.2066
2017-02-17,63.0376
2017-02-16,62.7663
2017-02-15,62.3598
2017-02-14,60.5681
2017-02-13,60.629
2017-02-10,58.035
2017-02-09,56.1908
2017-02-08,55.6905
2017-02-07,53.4851
2017-02-06,51.9537
2017-02-03,52.824
2017-02-02,64.8087
2017-02-01,62.7581
2017-01-31,60.1859
2017-01-30,63.4231
2017-01-27,66.06
2017-01-26,67.7377
2017-01-25,67.1205
2017-01-24,63.5762
2017-01-23,62.3267
2017-01-20,59.5671
2017-01-19,59.8769
2017-01-18,59.4366
2017-01-17,60.3398
2017-01-13,63.3705
2017-01-12,62.5271
2017-01-11,58.7589
2017-01-10,57.9006
2017-01-09,58.2773
2017-01-06,58.0408
2017-01-05,53.8933
2017-01-04,46.3491
2017-01-03,45.0609
2016-12-30,43.6699
2016-12-29,48.3458
2016-12-28,50.7018
2016-12-27,50.4619
2016-12-23,46.8223
2016-12-22,48.6277
2016-12-21,49.9842
2016-12-20,50.1777
2016-12-19,48.5855
2016-12-16,46.0007
2016-12-15,46.8794
2016-12-14,49.0337
2016-12-13,50.5928
2016-12-12,46.4238
2016-12-09,48.7717
2016-12-08,48.3855
2016-12-07,49.2043
2016-12-06,47.652
2016-12-05,46.1827
2016-12-02,40.5587
2016-12-01,41.2717
2016-11-30,42.7649
2016-11-29,45.4634
2016-11-28,46.4538
2016-11-25,49.7483
2016-11-23,49.686
2016-11-22,50.9365
2016-11-21,49.7063
2016-11-18,44.8131
2016-11-17,43.8292
2016-11-16,41.2046
2016-11-15,40.336
2016-11-14,33.383
2016-11-11,36.7385
2016-11-10,37.3411
2016-11-09,43.2392
2016-11-08,47.0361
2016-11-07,46.2392
2016-11-04,36.6433
2016-11-03,39.3162
2016-11-02,38.7958
2016-11-01,43.5916
2016-10-31,44.7594
2016-10-28,40.0921
2016-10-27,53.4527
2016-10-26,55.2114
2016-10-25,60.8747
2016-10-24,62.2774
2016-10-21,55.9481
2016-10-20,52.5121
2016-10-19,56.0421
2016-10-18,56.0268
2016-10-17,54.2565
2016-10-14,59.0681
2016-10-13,62.3865
2016-10-12,65.0279
2016-10-11,64.1003
2016-10-10,70.2345
2016-10-07,69.647
2016-10-06,70.9481
2016-10-05,72.506
2016-10-04,70.1213
2016-10-03,71.6706
2016-09-30,71.9884
2016-09-29,70.1672
2016-09-28,70.0935
2016-09-27,67.143
2016-09-26,62.4072
2016-09-23,65.9163
2016-09-22,65.6238
2016-09-21,61.1044
2016-09-20,57.7462
2016-09-19,55.7962
2016-09-16,57.4795
2016-09-15,54.0817
2016-09-14,50.4156
2016-09-13,50.3806
2016-09-12,55.2339
2016-09-09,50.3088
2016-09-08,64.5207
2016-09-07,64.8262
2016-09-06,68.0241
2016-09-02,61.2228
2016-09-01,60.335
2016-08-31,59.6306
2016-08-30,58.8798
2016-08-29,61.4281
2016-08-26,60.4237
2016-08-25,55.7487
2016-08-24,54.7252
2016-08-23,58.0944
2016-08-22,56.6462
2016-08-19,55.5806
2016-08-18,60.213
2016-08-17,60.3266
2016-08-16,60.0783
2016-08-15,62.8985
2016-08-12,65.5729
2016-08-11,65.1159
2016-08-10,64.1993
2016-08-09,64.1157
2016-08-08,63.5499
2016-08-05,63.3681
2016-08-04,61.7392
2016-08-03,59.7381
2016-08-02,62.7598
2016-08-01,66.6185
2016-07-29,63.9956
2016-07-28,62.0277
2016-07-27,56.1775
2016-07-26,55.7385
2016-07-25,57.7852
2016-07-22,60.5432
2016-07-21,60.3961
2016-07-20,61.0446
2016-07-19,59.1822
2016-07-18,57.8963
2016-07-15,57.6907
2016-07-14,60.246
2016-07-13,60.882
2016-07-12,63.3616
2016-07-11,65.9071
2016-07-08,63.9378
2016-07-07,61.4876
2016-07-06,61.9376
2016-07-05,59.3536
2016-07-01,58.6754
2016-06-30,55.7603
2016-06-29,55.7544
2016-06-28,53.5031
2016-06-27,48.0581
2016-06-24,50.6388
2016-06-23,59.9414
2016-06-22,56.1408
2016-06-21,58.54
2016-06-20,57.948
2016-06-17,55.4011
2016-06-16,60.4792
2016-06-15,59.4471
2016-06-14,61.8257
2016-06-13,60.6198
2016-06-10,61.8402
2016-06-09,66.4781
2016-06-08,66.2286
2016-06-07,65.5287
2016-06-06,66.8864
2016-06-03,66.625
2016-06-02,67.7785
2016-06-01,65.9533
2016-05-31,67.3326
2016-05-27,65.1523
2016-05-26,66.2148
2016-05-25,64.8779
2016-05-24,64.0222
2016-05-23,62.4626
2016-05-20,64.6238
2016-05-19,63.7816
2016-05-18,63.5756
2016-05-17,63.1703
2016-05-16,68.2652
2016-05-13,68.1479
2016-05-12,70.8416
2016-05-11,70.1847
2016-05-10,68.7382
2016-05-09,65.04
2016-05-06,64.0347
2016-05-05,61.3281
2016-05-04,65.0227
2016-05-03,65.1553
2016-05-02,69.1523
2016-04-29,65.2288
2016-04-28,51.2439
2016-04-27,52.8462
2016-04-26,56.6421
2016-04-25,60.3657
2016-04-22,58.7918
2016-04-21,63.1827
2016-04-20,64.0439
2016-04-19,62.8122
2016-04-18,65.9537
2016-04-15,63.7677
2016-04-14,62.5258
2016-04-13,61.0631
2016-04-12,58.0036
2016-04-11,55.9606
2016-04-08,55.5835
2016-04-07,54.7053
2016-04-06,58.3898
2016-04-05,53.983
2016-04-04,56.497
2016-04-01,58.4446
2016-03-31,57.1606
2016-03-30,58.959
2016-03-29,57.7512
2016-03-28,54.0287
2016-03-24,55.043
2016-03-23,51.2855
2016-03-22,48.4752
2016-03-21,46.3879
2016-03-18,45.778
2016-03-17,47.7784
2016-03-16,52.1397
2016-03-15,52.9918
2016-03-14,52.0027
2016-03-11,50.9936
2016-03-10,48.0461
2016-03-09,48.1854
2016-03-08,48.3802
2016-03-07,48.9851
2016-03-04,51.985
2016-03-03,52.5675
2016-03-02,53.2232
2016-03-01,52.9835
2016-02-29,47.1536
2016-02-26,47.7281
2016-02-25,47.7103
2016-02-24,47.4736
2016-02-23,47.2488
2016-02-22,48.4228
2016-02-19,43.4143
2016-02-18,41.2326
2016-02-17,42.6692
2016-02-16,39.8237
2016-02-12,36.5998
2016-02-11,35.8405
2016-02-10,32.7076
2016-02-09,30.6803
2016-02-08,31.3231
2016-02-05,32.844
2016-02-04,36.9955
2016-02-03,35.8236
2016-02-02,38.5863
2016-02-01,41.9013
2016-01-29,43.8211
2016-01-28,52.9649
2016-01-27,40.2203
2016-01-26,44.1307
2016-01-25,42.736
2016-01-22,42.6928
2016-01-21,36.1814
2016-01-20,35.1157
2016-01-19,35.5864
2016-01-15,34.2581
2016-01-14,38.2332
2016-01-13,34.7037
2016-01-12,42.0669
2016-01-11,42.0183
2016-01-08,38.5278
2016-01-07,38.7121
2016-01-06,44.3025
2016-01-05,44.5847
2016-01-04,45.3551
2015-12-31,56.6618
2015-12-30,61.6051
2015-12-29,63.5637
2015-12-28,58.7967
2015-12-24,55.1076
2015-12-23,55.4535
2015-12-22,55.2924
2015-12-21,55.7661
2015-12-18,55.668
2015-12-17,57.8128
2015-12-16,59.5263
2015-12-15,55.3168
2015-12-14,55.1278
2015-12-11,50.2675
2015-12-10,57.676
2015-12-09,58.59
2015-12-08,63.4385
2015-12-07,61.6346
2015-12-04,62.7363
2015-12-03,61.2396
2015-12-02,65.0297
2015-12-01,66.2469
2015-11-30,63.1863
2015-11-27,66.5894
2015-11-25,67.4377
2015-11-24,66.624
2015-11-23,69.721
2015-11-20,67.8099
2015-11-19,66.4391
2015-11-18,67.2999
2015-11-17,63.2688
2015-11-16,64.9641
2015-11-13,63.85
2015-11-12,73.2752
2015-11-11,76.8197
2015-11-10,74.7625
2015-11-09,74.0879
2015-11-06,75.8719
2015-11-05,75.3309
2015-11-04,73.0632
2015-11-03,70.3042
2015-11-02,71.6595
2015-10-30,71.235
2015-10-29,71.5049
2015-10-28,69.9309
2015-10-27,68.8784
2015-10-26,68.4652
2015-10-23,66.7931
2015-10-22,59.2724
2015-10-21,57.1348
2015-10-20,58.9809
2015-10-19,63.6743
2015-10-16,63.1314
2015-10-15,61.2145
2015-10-14,56.6861
2015-10-13,58.1775
2015-10-12,58.642
2015-10-09,55.9507
2015-10-08,54.1388
2015-10-07,57.0886
2015-10-06,55.9298
2015-10-05,57.9981
2015-10-02,55.1682
2015-10-01,51.9016
2015-09-30,49.2099
2015-09-29,44.0856
2015-09-28,46.3615
2015-09-25,52.9198
2015-09-24,56.492
2015-09-23,57.3907
2015-09-22,58.2753
2015-09-21,62.179
2015-09-18,60.1133
2015-09-17,59.7563
2015-09-16,56.7167
2015-09-15,55.3146
2015-09-14,55.0418
2015-09-11,57.7699
2015-09-10,55.9156
2015-09-09,54.5055
2015-09-08,54.7074
2015-09-04,49.6518
2015-09-03,51.3311
2015-09-02,53.0691
2015-09-01,49.1377
2015-08-31,54.1685
2015-08-28,55.8703
2015-08-27,55.9878
2015-08-26,51.224
2015-08-25,38.9555
2015-08-24,37.6564
2015-08-21,47.6418
2015-08-20,57.5811
2015-08-19,68.501
2015-08-18,70.0471
2015-08-17,70.1905
2015-08-14,69.0784
2015-08-13,68.5175
2015-08-12,67.3843
2015-08-11,68.3503
2015-08-10,67.3579
2015-08-07,66.9655
2015-08-06,70.9842
2015-08-05,75.7512
2015-08-04,74.6569
2015-08-03,76.6702
2015-07-31,77.3796
2015-07-30,77.7518
2015-07-29,76.3786
2015-07-28,75.8364
2015-07-27,78.9555
2015-07-24,78.6469
2015-07-23,68.0954
2015-07-22,72.4819
2015-07-21,72.407
2015-07-20,72.4764
2015-07-17,71.1393
2015-07-16,69.0244
2015-07-15,64.3093
2015-07-14,67.2919
2015-07-13,63.6336
2015-07-10,58.2886
2015-07-09,53.3644
2015-07-08,50.5101
2015-07-07,55.325
2015-07-06,54.9297
2015-07-02,56.0877
2015-07-01,55.9186
2015-06-30,54.1895
2015-06-29,51.8916
2015-06-26,57.2014
2015-06-25,58.5837
2015-06-24,59.0855
2015-06-23,62.6329
2015-06-22,58.1355
2015-06-19,57.4484
2015-06-18,60.5279
2015-06-17,54.5291
2015-06-16,54.2152
2015-06-15,52.1672
2015-06-12,56.3348
2015-06-11,58.5014
2015-06-10,57.3781
2015-06-09,54.569
2015-06-08,53.4788
2015-06-05,55.691
2015-06-04,58.2315
2015-06-03,62.329
2015-06-02,59.7346
2015-06-01,59.7017
2015-05-29,58.9307
2015-05-28,57.7213
2015-05-27,60.8239
2015-05-26,58.2056
2015-05-22,59.5789
2015-05-21,62.1588
2015-05-20,58.8723
2015-05-19,57.9114
2015-05-18,60.1016
2015-05-15,60.5702
2015-05-14,64.5186
2015-05-13,62.519
2015-05-12,65.1965
2015-05-11,66.3876
2015-05-08,66.9207
2015-05-07,64.7399
2015-05-06,62.0227
2015-05-05,63.2669
2015-05-04,64.3526
2015-05-01,64.2991
2015-04-30,63.9698
2015-04-29,68.126
2015-04-28,68.1105
2015-04-27,73.355
2015-04-24,77.3558
2015-04-23,59.8073
2015-04-22,59.705
2015-04-21,60.772
2015-04-20,59.9491
2015-04-17,51.9503
2015-04-16,60.586
2015-04-15,58.9853
2015-04-14,60.4809
2015-04-13,58.8384
2015-04-10,59.0844
2015-04-09,59.8135
2015-04-08,58.5354
2015-04-07,54.5507
2015-04-06,56.5504
2015-04-02,53.608
2015-04-01,52.3306
2015-03-31,53.6279
2015-03-30,55.3883
2015-03-27,53.017
2015-03-26,51.048
2015-03-25,53.4407
2015-03-24,55.5868
2015-03-23,56.2866
2015-03-20,58.6092
2015-03-19,55.9255
2015-03-18,57.1972
2015-03-17,55.5688
2015-03-16,56.4767
2015-03-13,55.1276
2015-03-12,57.3594
2015-03-11,53.5151
2015-03-10,55.4085
2015-03-09,61.352
2015-03-06,62.4275
2015-03-05,68.1706
2015-03-04,66.2216
2015-03-03,67.6777
2015-03-02,68.4685
2015-02-27,66.5139
2015-02-26,69.9945
2015-02-25,70.4246
2015-02-24,68.2179
2015-02-23,69.3415
2015-02-20,71.8964
2015-02-19,70.5293
2015-02-18,68.7902
2015-02-17,70.2321
2015-02-13,74.8636
2015-02-12,73.6622
2015-02-11,73.1307
2015-02-10,72.5752
2015-02-09,71.9498
2015-02-06,74.4127
2015-02-05,74.3251
2015-02-04,72.2084
2015-02-03,71.9197
2015-02-02,72.468
2015-01-30,70.1304
2015-01-29,54.2639
2015-01-28,49.5799
2015-01-27,51.384
2015-01-26,53.2708
2015-01-23,55.0732
2015-01-22,53.9509
2015-01-21,45.8348
2015-01-20,39.813
2015-01-16,40.5255
2015-01-15,37.4241
2015-01-14,40.794
2015-01-13,41.6222
2015-01-12,38.9552
2015-01-09,41.975
2015-01-08,44.0495
2015-01-07,42.4891
2015-01-06,40.052
2015-01-05,43.9526
2015-01-02,48.029
2014-12-31,49.2844
2014-12-30,49.2499
2014-12-29,50.3807
2014-12-26,48.4753
2014-12-24,44.3013
2014-12-23,46.2116
2014-12-22,46.3604
2014-12-19,41.7188
2014-12-18,40.1099
2014-12-17,40.6752
2014-12-16,37.9138
2014-12-15,43.4519
2014-12-12,44.1474
2014-12-11,44.1689
2014-12-10,43.1701
2014-12-09,46.6434
2014-12-08,42.7963
2014-12-05,46.0183
2014-12-04,48.509
2014-12-03,48.2428
2014-12-02,54.3282
2014-12-01,54.1546
2014-11-28,63.5052
2014-11-26,60.935
2014-11-25,62.1404
2014-11-24,62.6208
2014-11-21,61.1911
2014-11-20,60.1865
2014-11-19,58.2203
2014-11-18,57.4162
2014-11-17,56.4871
2014-11-14,59.6225
2014-11-13,53.8352
2014-11-12,50.9054
2014-11-11,51.2161
2014-11-10,46.9738
2014-11-07,43.4172
2014-11-06,41.1159
2014-11-05,41.031
2014-11-04,44.2051
2014-11-03,45.761
2014-10-31,45.5984
2014-10-30,41.5062
2014-10-29,38.0783
2014-10-28,38.7184
2014-10-27,34.7335
2014-10-24,32.5768
2014-10-23,45.3571
2014-10-22,45.1929
2014-10-21,46.691
2014-10-20,39.3043
2014-10-17,36.9661
2014-10-16,36.2581
2014-10-15,37.8693
2014-10-14,39.1116
2014-10-13,37.5649
2014-10-10,40.1373
2014-10-09,42.3573
2014-10-08,46.8956
2014-10-07,42.3137
2014-10-06,45.7347
2014-10-03,46.101
2014-10-02,42.5989
2014-10-01,41.8109
2014-09-30,44.8792
2014-09-29,44.3966
2014-09-26,45.2402
2014-09-25,44.3146
2014-09-24,48.1048
2014-09-23,44.8359
2014-09-22,45.3514
2014-09-19,49.5984
2014-09-18,45.0698
2014-09-17,44.3178
2014-09-16,46.5965
2014-09-15,43.7695
2014-09-12,48.3567
2014-09-11,47.8805
2014-09-10,48.3931
2014-09-09,47.3486
2014-09-08,55.9155
2014-09-05,59.1796
2014-09-04,58.9372
2014-09-03,54.8179
2014-09-02,57.4821
2014-08-29,55.4495
2014-08-28,56.1984
2014-08-27,58.6237
2014-08-26,57.8861
2014-08-25,53.3117
2014-08-22,51.763
2014-08-21,52.6645
2014-08-20,54.6297
2014-08-19,54.2625
2014-08-18,53.9355
2014-08-15,53.4615
2014-08-14,53.2482
2014-08-13,49.6294
2014-08-12,45.6127
2014-08-11,45.0203
2014-08-08,44.1267
2014-08-07,40.938
2014-08-06,41.976
2014-08-05,41.0625
2014-08-04,41.5894
2014-08-01,37.8347
2014-07-31,40.0347
2014-07-30,43.9305
2014-07-29,42.5297
2014-07-28,42.6952
2014-07-25,44.1278
2014-07-24,63.6178
2014-07-23,63.4092
2014-07-22,65.457
2014-07-21,65.0278
2014-07-18,64.6023
2014-07-17,62.1327
2014-07-16,64.5067
2014-07-15,63.9523
2014-07-14,64.5294
2014-07-11,61.0707
2014-07-10,52.1945
2014-07-09,53.494
2014-07-08,49.9359
2014-07-07,56.4198
2014-07-03,59.3844
2014-07-02,56.8478
2014-07-01,56.5926
2014-06-30,52.1444
2014-06-27,52.0155
2014-06-26,52.7352
2014-06-25,53.8411
2014-06-24,52.0507
2014-06-23,53.9162
2014-06-20,52.3137
2014-06-19,53.9554
2014-06-18,58.5569
2014-06-17,54.1473
2014-06-16,55.4264
2014-06-13,54.7409
2014-06-12,54.5638
2014-06-11,60.3514
2014-06-10,59.1141
2014-06-09,56.8635
2014-06-06,58.2088
2014-06-05,55.3904
2014-06-04,45.8394
2014-06-03,46.0682
2014-06-02,46.9645
2014-05-30,49.0008
2014-05-29,49.6792
2014-05-28,47.6528
2014-05-27,47.9875
2014-05-23,48.6865
2014-05-22,44.7394
2014-05-21,44.784
2014-05-20,42.7092
2014-05-19,40.2322
2014-05-16,40.5874
2014-05-15,39.2337
2014-05-14,40.0735
2014-05-13,42.5746
2014-05-12,41.6981
2014-05-09,36.1764
2014-05-08,33.984
2014-05-07,35.2731
2014-05-06,36.6791
2014-05-05,40.8791
2014-05-02,39.8252
2014-05-01,39.7652
2014-04-30,37.9225
2014-04-29,36.0694
2014-04-28,34.178
2014-04-25,36.1146
2014-04-24,47.9862
2014-04-23,41.0402
2014-04-22,43.1022
2014-04-21,43.7856
2014-04-17,40.3295
2014-04-16,39.6015
2014-04-15,34.9423
2014-04-14,34.8355
2014-04-11,32.2365
2014-04-10,33.8892
2014-04-09,39.0892
2014-04-08,36.0872
2014-04-07,29.607
2014-04-04,31.3041
2014-04-03,35.1876
2014-04-02,38.7764
2014-04-01,39.246
2014-03-31,34.3907
2014-03-28,35.1664
2014-03-27,35.2371
2014-03-26,37.1836
2014-03-25,42.2563
2014-03-24,40.298
2014-03-21,44.7157
2014-03-20,49.6376
2014-03-19,52.4349
2014-03-18,56.3588
2014-03-17,54.1649
2014-03-14,53.3891
2014-03-13,52.0669
2014-03-12,51.5576
2014-03-11,50.5127
2014-03-10,51.5043
2014-03-07,52.3784
2014-03-06,52.4336
2014-03-05,52.5442
2014-03-04,48.3725
2014-03-03,46.1865
2014-02-28,47.257
2014-02-27,46.2521
2014-02-26,46.0887
2014-02-25,45.381
2014-02-24,42.1956
2014-02-21,39.6282
2014-02-20,40.6674
2014-02-19,39.467
2014-02-18,41.5353
2014-02-14,42.7926
2014-02-13,42.7258
2014-02-12,39.1499
2014-02-11,43.1907
2014-02-10,42.7791
2014-02-07,42.8464
2014-02-06,40.0778
2014-02-05,36.4073
2014-02-04,36.8019
2014-02-03,36.0112
2014-01-31,39.2624
2014-01-30,56.3414
2014-01-29,47.0556
2014-01-28,52.8649
2014-01-27,48.0068
2014-01-24,48.7804
2014-01-23,56.8733
2014-01-22,60.5027
2014-01-21,62.5405
2014-01-17,58.6154
2014-01-16,56.3925
2014-01-15,56.4454
2014-01-14,57.672
2014-01-13,53.9366
2014-01-10,58.9709
2014-01-09,61.7153
2014-01-08,62.4655
2014-01-07,60.5165
2014-01-06,58.1832
2014-01-03,60.3468
2014-01-02,61.5304
2013-12-31,62.151
2013-12-30,59.5917
2013-12-27,63.1149
2013-12-26,68.2505
2013-12-24,66.0948
2013-12-23,69.2986
2013-12-20,69.0225
2013-12-19,66.2121
2013-12-18,66.8449
2013-12-17,63.243
2013-12-16,64.2971
2013-12-13,62.1496
2013-12-12,60.7311
2013-12-11,61.4186
2013-12-10,65.6144
2013-12-09,64.4206
2013-12-06,65.9716
2013-12-05,65.0161
2013-12-04,66.0693
2013-12-03,65.6011
2013-12-02,71.076
2013-11-29,72.0632
2013-11-27,69.9904
2013-11-26,68.2616
2013-11-25,66.6447
2013-11-22,65.0984
2013-11-21,63.852
2013-11-20,61.3989
2013-11-19,62.9127
2013-11-18,63.6932
2013-11-15,65.5563
2013-11-14,64.9789
2013-11-13,61.0734
2013-11-12,58.4376
2013-11-11,61.2949
2013-11-08,59.7251
2013-11-07,56.9745
2013-11-06,64.8399
2013-11-05,66.7204
2013-11-04,66.6689
2013-11-01,66.8382
2013-10-31,70.0821
2013-10-30,69.2502
2013-10-29,70.2695
2013-10-28,69.057
2013-10-25,72.2832
2013-10-24,62.3106
2013-10-23,59.9138
2013-10-22,64.0152
2013-10-21,61.3655
2013-10-18,63.17
2013-10-17,53.7504
2013-10-16,53.5765
2013-10-15,51.0209
2013-10-14,53.9894
2013-10-11,54.1209
2013-10-10,50.6698
2013-10-09,45.9793
2013-10-08,49.1779
2013-10-07,54.0345
2013-10-04,61.7049
2013-10-03,59.0837
2013-10-02,64.7391
2013-10-01,65.1927
2013-09-30,60.1875
2013-09-27,63.7174
2013-09-26,66.0205
2013-09-25,62.7001
2013-09-24,64.3155
2013-09-23,62.6864
2013-09-20,68.1134
2013-09-19,65.618
2013-09-18,65.6024
2013-09-17,60.4702
2013-09-16,53.7026
2013-09-13,55.7834
2013-09-12,56.8408
2013-09-11,57.703
2013-09-10,58.4809
2013-09-09,57.9953
2013-09-06,55.0357
2013-09-05,53.6164
2013-09-04,53.25
2013-09-03,49.2422
2013-08-30,41.5512
2013-08-29,43.9798
2013-08-28,41.3756
2013-08-27,40.6659
2013-08-26,44.8563
2013-08-23,48.2561
2013-08-22,47.9801
2013-08-21,42.6222
2013-08-20,44.7612
2013-08-19,43.1257
2013-08-16,42.3252
2013-08-15,43.6079
2013-08-14,47.6577
2013-08-13,50.042
2013-08-12,52.6288
2013-08-09,53.1761
2013-08-08,51.9093
2013-08-07,52.957
2013-08-06,56.5134
2013-08-05,56.7397
2013-08-02,59.7906
2013-08-01,61.109
2013-07-31,58.3161
2013-07-30,59.4252
2013-07-29,62.9521
2013-07-26,69.2013
2013-07-25,64.2959
2013-07-24,61.2595
2013-07-23,63.706
2013-07-22,66.59
2013-07-19,68.7273
2013-07-18,68.1049
2013-07-17,73.8122
2013-07-16,72.9567
2013-07-15,72.8176
2013-07-12,73.9985
2013-07-11,70.3168
2013-07-10,66.0776
2013-07-09,65.5677
2013-07-08,64.9802
2013-07-05,61.8842
2013-07-03,60.5839
2013-07-02,60.3757
2013-07-01,59.2649
2013-06-28,56.1018
2013-06-27,55.9988
2013-06-26,56.0166
2013-06-25,52.0368
2013-06-24,50.8988
2013-06-21,53.1268
2013-06-20,53.1912
2013-06-19,57.0652
2013-06-18,60.2445
2013-06-17,57.9575
2013-06-14,55.2684
2013-06-13,56.7947
2013-06-12,54.0346
2013-06-11,56.6288
2013-06-10,62.3836
2013-06-07,59.7916
2013-06-06,53.1974
2013-06-05,52.6589
2013-06-04,51.4776
2013-06-03,52.4762
2013-05-31,54.4489
2013-05-30,52.7241
2013-05-29,51.7726
2013-05-28,53.1484
2013-05-24,49.0958
2013-05-23,49.1394
2013-05-22,49.9552
2013-05-21,54.3122
2013-05-20,53.5091
2013-05-17,55.2106
2013-05-16,51.4785
2013-05-15,53.2582
2013-05-14,54.558
2013-05-13,52.1644
2013-05-10,51.6065
2013-05-09,49.3958
2013-05-08,48.4415
2013-05-07,47.8416
2013-05-06,46.5927
2013-05-03,47.8546
2013-05-02,44.4829
2013-05-01,41.6686
2013-04-30,44.4325
2013-04-29,41.7554
2013-04-26,44.28
2013-04-25,57.1596
2013-04-24,53.3205
2013-04-23,53.4127
2013-04-22,49.7322
2013-04-19,47.3464
2013-04-18,46.6765
2013-04-17,52.2794
2013-04-16,56.2503
2013-04-15,53.0843
2013-04-12,57.49
2013-04-11,55.4293
2013-04-10,51.6866
2013-04-09,48.7661
2013-04-08,46.9273
2013-04-05,43.8965
2013-04-04,46.5145
2013-04-03,46.4724
2013-04-02,49.6619
2013-04-01,48.3178
2013-03-28,52.0837
2013-03-27,51.2026
2013-03-26,47.3457
2013-03-25,43.712
2013-03-22,44.8991
2013-03-21,41.0675
2013-03-20,43.6382
2013-03-19,42.8798
2013-03-18,43.8352
2013-03-15,46.4456
2013-03-14,49.2232
2013-03-13,56.9486
2013-03-12,56.2729
2013-03-11,54.2402
2013-03-08,56.8007
2013-03-07,56.5962
2013-03-06,56.5394
2013-03-05,57.9799
2013-03-04,56.5303
2013-03-01,51.8397
2013-02-28,50.8345
2013-02-27,50.1486
2013-02-26,47.4947
2013-02-25,47.8117
2013-02-22,51.3555
2013-02-21,51.6966
2013-02-20,51.9931
2013-02-19,54.0873
2013-02-15,51.4979
2013-02-14,54.0782
2013-02-13,54.2212
2013-02-12,48.1165
2013-02-11,47.1909
2013-02-08,49.8801
2013-02-07,48.8758
2013-02-06,49.9765
2013-02-05,52.6183
2013-02-04,48.815
2013-02-01,51.6779
2013-01-31,51.9662
2013-01-30,56.3025
2013-01-29,49.455
2013-01-28,60.9166
2013-01-25,68.5656
2013-01-24,62.7731
2013-01-23,58.9554
2013-01-22,61.2064
2013-01-18,63.3382
2013-01-17,62.2776
2013-01-16,61.2716
2013-01-15,64.3977
2013-01-14,65.282
2013-01-11,62.4556
2013-01-10,60.8104
2013-01-09,61.8099
2013-01-08,61.8386
2013-01-07,63.7875
2013-01-04,58.1818
2013-01-03,57.7344
2013-01-02,56.9708
2012-12-31,52.4815
2012-12-28,47.9209
2012-12-27,50.4513
2012-12-26,50.7125
2012-12-24,59.8638
2012-12-21,58.6575
2012-12-20,63.5454
2012-12-19,61.1909
2012-12-18,63.8822
2012-12-17,59.2633
2012-12-14,55.3936
2012-12-13,57.6901
2012-12-12,58.2582
2012-12-11,57.4225
2012-12-10,55.0919
2012-12-07,61.0718
2012-12-06,61.1887
2012-12-05,61.84
2012-12-04,60.8524
2012-12-03,59.3878
2012-11-30,61.1193
2012-11-29,60.625
2012-11-28,57.914
2012-11-27,55.3081
2012-11-26,55.5003
2012-11-23,52.8328
2012-11-21,51.4657
2012-11-20,48.1882
2012-11-19,44.7967
2012-11-16,40.7404
2012-11-15,36.1318
2012-11-14,37.5398
2012-11-13,39.829
2012-11-12,39.7046
2012-11-09,39.5584
2012-11-08,40.1594
2012-11-07,42.9682
2012-11-06,46.5813
2012-11-05,43.9515
2012-11-02,42.3594
2012-11-01,42.1282
2012-10-31,42.5607
2012-10-26,45.7268
2012-10-25,31.9468
2012-10-24,35.0178
2012-10-23,38.7116
2012-10-22,38.1472
2012-10-19,42.5123
2012-10-18,46.4496
2012-10-17,48.7861
2012-10-16,45.2692
2012-10-15,45.4697
2012-10-12,43.6721
2012-10-11,45.1161
2012-10-10,45.7104
2012-10-09,50.6229
2012-10-08,58.7629
2012-10-05,58.3306
2012-10-04,60.4765
2012-10-03,56.9868
2012-10-02,52.3096
2012-10-01,53.7821
2012-09-28,56.2463
2012-09-27,58.7598
2012-09-26,52.6294
2012-09-25,55.8068
2012-09-24,58.6333
2012-09-21,62.025
2012-09-20,66.6127
2012-09-19,67.8547
2012-09-18,65.8155
2012-09-17,65.2799
2012-09-14,69.8102
2012-09-13,69.17
2012-09-12,66.1145
2012-09-11,66.1686
2012-09-10,68.0448
2012-09-07,70.7981
2012-09-06,65.8255
2012-09-05,61.7063
2012-09-04,64.0663
2012-08-31,64.6179
2012-08-30,63.0284
2012-08-29,64.2319
2012-08-28,63.4886
2012-08-27,61.8558
2012-08-24,64.1197
2012-08-23,60.7106
2012-08-22,63.0954
2012-08-21,60.2486
2012-08-20,61.3573
2012-08-17,62.3505
2012-08-16,62.798
2012-08-15,59.8206
2012-08-14,56.4275
2012-08-13,55.7987
2012-08-10,56.1167
2012-08-09,57.4305
2012-08-08,57.7442
2012-08-07,59.8605
2012-08-06,58.1424
2012-08-03,59.0581
2012-08-02,56.2814
2012-08-01,57.4198
2012-07-31,58.482
2012-07-30,60.9519
2012-07-27,62.0495
2012-07-26,50.0162
2012-07-25,47.3018
2012-07-24,52.8159
2012-07-23,55.8845
2012-07-20,58.3572
2012-07-19,56.6634
2012-07-18,48.4963
2012-07-17,47.9175
2012-07-16,46.9527
2012-07-13,49.1923
2012-07-12,46.0818
2012-07-11,48.9074
2012-07-10,50.0009
2012-07-09,55.8245
2012-07-06,55.8245
2012-07-05,58.0337
2012-07-03,60.8448
2012-07-02,60.691
2012-06-29,60.0016
2012-06-28,54.4999
2012-06-27,59.2389
2012-06-26,59.2311
2012-06-25,54.6563
2012-06-22,56.9465
2012-06-21,55.6063
2012-06-20,58.2642
2012-06-19,59.3779
2012-06-18,58.352
2012-06-15,54.9518
2012-06-14,51.5516
2012-06-13,51.8184
2012-06-12,53.4029
2012-06-11,53.4765
2012-06-08,55.2658
2012-06-07,55.5512
2012-06-06,54.7465
2012-06-05,51.565
2012-06-04,52.6444
2012-06-01,47.7972
2012-05-31,51.4956
2012-05-30,48.5267
2012-05-29,53.1637
2012-05-25,51.6859
2012-05-24,53.7204
2012-05-23,55.5228
2012-05-22,54.1251
2012-05-21,56.5311
2012-05-18,53.5235
2012-05-17,57.5266
2012-05-16,63.2021
2012-05-15,63.5469
2012-05-14,62.6914
2012-05-11,67.5945
2012-05-10,67.0848
2012-05-09,65.1323
2012-05-08,66.0554
2012-05-07,67.2963
2012-05-04,66.7452
2012-05-03,72.1342
2012-05-02,72.9541
2012-05-01,72.8772
2012-04-30,74.663
2012-04-27,72.9536
2012-04-26,55.5401
2012-04-25,54.1122
2012-04-24,50.1499
2012-04-23,47.9689
2012-04-20,49.6883
2012-04-19,50.8018
2012-04-18,50.7737
2012-04-17,48.2688
2012-04-16,45.4237
2012-04-13,47.9919
2012-04-12,50.0157
2012-04-11,47.4478
2012-04-10,46.4973
2012-04-09,50.8093
2012-04-05,53.2257
2012-04-04,52.8879
2012-04-03,58.5868
2012-04-02,57.347
2012-03-30,62.2515
2012-03-29,64.7277
2012-03-28,62.393
2012-03-27,67.672
2012-03-26,66.0326
2012-03-23,60.1892
2012-03-22,57.8676
2012-03-21,57.2668
2012-03-20,57.9701
2012-03-19,51.5551
2012-03-16,51.0654
2012-03-15,50.4376
2012-03-14,48.229
2012-03-13,50.5257
2012-03-12,49.3455
2012-03-09,50.2276
2012-03-08,53.4693
2012-03-07,49.8878
2012-03-06,47.2148
2012-03-05,46.3732
2012-03-02,45.417
2012-03-01,46.0179
2012-02-29,45.6951
2012-02-28,48.9615
2012-02-27,44.0934
2012-02-24,44.553
2012-02-23,44.3325
2012-02-22,45.5441
2012-02-21,46.7508
2012-02-17,46.9195
2012-02-16,44.8967
2012-02-15,47.9642
2012-02-14,53.1546
2012-02-13,53.3876
2012-02-10,48.9521
2012-02-09,48.5214
2012-02-08,48.8711
2012-02-07,47.9515
2012-02-06,47.2174
2012-02-03,50.1212
2012-02-02,45.9778
2012-02-01,44.3113
2012-01-31,54.9936
2012-01-30,53.3607
2012-01-27,56.0785
2012-01-26,54.6797
2012-01-25,50.6718
2012-01-24,50.0633
2012-01-23,49.3887
2012-01-20,53.007
2012-01-19,55.8331
2012-01-18,52.4018
2012-01-17,46.2402
2012-01-13,43.3383
2012-01-12,41.0137
2012-01-11,43.0133
2012-01-10,43.3105
2012-01-09,42.6431
2012-01-06,45.2721
2012-01-05,41.0064
2012-01-04,40.9189
2012-01-03,41.8144
2011-12-30,36.6784
2011-12-29,37.0769
2011-12-28,37.092
2011-12-27,38.2674
2011-12-23,38.7627
2011-12-22,39.6064
2011-12-21,36.0713
2011-12-20,39.9494
2011-12-19,37.4551
2011-12-16,38.3712
2011-12-15,38.3712
2011-12-14,37.6221
2011-12-13,37.7466
2011-12-12,41.6831
2011-12-09,43.3565
2011-12-08,41.7424
2011-12-07,44.0034
2011-12-06,41.9481
2011-12-05,43.9018
2011-12-02,43.7789
2011-12-01,44.2615
2011-11-30,41.5692
2011-11-29,39.3257
2011-11-28,41.5649
2011-11-25,34.3166
2011-11-23,36.7452
2011-11-22,38.0453
2011-11-21,36.063
2011-11-18,39.0975
2011-11-17,42.257
2011-11-16,45.8174
2011-11-15,48.8758
2011-11-14,49.4667
2011-11-11,48.6409
2011-11-10,44.9803
2011-11-09,45.1796
2011-11-08,48.3864
2011-11-07,47.8724
2011-11-04,47.6121
2011-11-03,48.4116
2011-11-02,47.1684
2011-11-01,45.5266
2011-10-31,46.0703
2011-10-28,47.5325
2011-10-27,42.7578
2011-10-26,38.5329
2011-10-25,50.7385
2011-10-24,56.9763
2011-10-21,55.5724
2011-10-20,54.9957
2011-10-19,53.9868
2011-10-18,61.8013
2011-10-17,61.1305
2011-10-14,64.155
2011-10-13,59.5739
2011-10-12,60.0294
2011-10-11,59.4356
2011-10-10,57.5623
2011-10-07,54.3977
2011-10-06,52.7548
2011-10-05,51.7256
2011-10-04,47.9813
2011-10-03,47.6949
2011-09-30,49.8248
2011-09-29,53.1173
2011-09-28,57.3308
2011-09-27,54.7511
2011-09-26,58.1776
2011-09-23,55.2329
2011-09-22,55.0498
2011-09-21,60.3844
2011-09-20,61.2856
2011-09-19,67.1041
2011-09-16,66.2419
2011-09-15,61.1781
2011-09-14,59.2242
2011-09-13,57.7661
2011-09-12,56.3163
2011-09-09,53.6871
2011-09-08,57.4144
2011-09-07,59.1695
2011-09-06,57.4274
2011-09-02,54.3536
2011-09-01,55.9303
2011-08-31,57.6118
2011-08-30,55.5791
2011-08-29,53.4175
2011-08-26,49.5616
2011-08-25,45.2696
2011-08-24,46.1455
2011-08-23,46.0405
2011-08-22,35.3951
2011-08-19,35.9806
2011-08-18,37.5026
2011-08-17,44.1266
2011-08-16,45.1145
2011-08-15,48.2017
2011-08-12,47.783
2011-08-11,45.2339
2011-08-10,42.3642
2011-08-09,48.6374
2011-08-08,39.8428
2011-08-05,45.7192
2011-08-04,44.6682
2011-08-03,51.216
2011-08-02,52.7225
2011-08-01,62.356
2011-07-29,63.7361
2011-07-28,65.3154
2011-07-27,64.478
2011-07-26,58.7731
2011-07-25,58.2459
2011-07-22,61.5282
2011-07-21,59.1385
2011-07-20,61.7129
2011-07-19,64.5775
2011-07-18,59.9871
2011-07-15,61.5418
2011-07-14,59.6979
2011-07-13,63.3114
2011-07-12,61.7094
2011-07-11,63.2347
2011-07-08,70.4117
2011-07-07,69.5287
2011-07-06,68.0277
2011-07-05,67.43
2011-07-01,65.1393
2011-06-30,61.6794
2011-06-29,61.4541
2011-06-28,60.1396
2011-06-27,59.348
2011-06-24,52.2179
2011-06-23,53.8792
2011-06-22,51.5794
2011-06-21,54.2189
2011-06-20,47.8739
2011-06-17,46.4107
2011-06-16,43.368
2011-06-15,45.4689
2011-06-14,49.3484
2011-06-13,45.2568
2011-06-10,45.485
2011-06-09,48.5375
2011-06-08,46.7818
2011-06-07,46.2475
2011-06-06,44.2698
2011-06-03,46.5714
2011-06-02,51.7518
2011-06-01,50.5206
2011-05-31,55.0909
2011-05-27,52.6663
2011-05-26,53.6006
2011-05-25,50.9998
2011-05-24,52.0209
2011-05-23,55.0809
2011-05-20,57.7386
2011-05-19,57.9079
2011-05-18,56.5692
2011-05-17,54.7517
2011-05-16,52.8611
2011-05-13,63.9529
2011-05-12,68.7385
2011-05-11,67.6305
2011-05-10,67.3443
2011-05-09,65.2616
2011-05-06,62.9755
2011-05-05,62.6177
2011-05-04,66.1637
2011-05-03,65.1678
2011-05-02,68.627
2011-04-29,65.1792
2011-04-28,64.6719
2011-04-27,66.6156
2011-04-26,54.7469
2011-04-25,59.0922
2011-04-21,59.7711
2011-04-20,57.7911
2011-04-19,52.204
2011-04-18,51.6258
2011-04-15,53.7759
2011-04-14,56.1853
2011-04-13,56.8133
2011-04-12,54.9722
2011-04-11,59.7301
2011-04-08,60.6689
2011-04-07,60.9405
2011-04-06,59.069
2011-04-05,62.412
2011-04-04,60.4362
2011-04-01,57.9237
2011-03-31,57.9237
2011-03-30,57.3054
2011-03-29,52.8564
2011-03-28,47.1075
2011-03-25,48.8581
2011-03-24,48.9854
2011-03-23,42.0788
2011-03-22,38.3473
2011-03-21,40.0835
2011-03-18,36.2292
2011-03-17,34.9806
2011-03-16,38.0896
2011-03-15,38.42
2011-03-14,39.8461
2011-03-11,41.0209
2011-03-10,38.5417
2011-03-09,41.011
2011-03-08,38.2199
2011-03-07,40.0449
2011-03-04,42.315
2011-03-03,43.324
2011-03-02,42.4274
2011-03-01,39.3746
2011-02-28,42.575
2011-02-25,46.238
2011-02-24,46.7312
2011-02-23,45.5742
2011-02-22,49.1167
2011-02-18,55.8172
2011-02-17,57.3577
2011-02-16,56.3216
2011-02-15,59.2111
2011-02-14,60.9236
2011-02-11,59.9985
2011-02-10,57.5156
2011-02-09,56.7523
2011-02-08,54.8555
2011-02-07,48.5047
2011-02-04,47.9804
2011-02-03,45.6463
2011-02-02,45.4577
2011-02-01,44.0022
2011-01-31,41.4189
2011-01-28,42.5514
2011-01-27,55.2968
2011-01-26,44.5581
2011-01-25,46.0785
2011-01-24,46.2502
2011-01-21,46.8808
2011-01-20,52.2732
2011-01-19,59.2786
2011-01-18,66.8736
2011-01-14,64.4004
2011-01-13,60.8213
2011-01-12,59.0604
2011-01-11,59.5161
2011-01-10,60.092
2011-01-07,61.4376
2011-01-06,62.0404
2011-01-05,64.5785
2011-01-04,62.3159
2011-01-03,61.5511
2010-12-31,57.1365
2010-12-30,61.5086
2010-12-29,62.5335
2010-12-28,60.2177
2010-12-27,61.8913
2010-12-23,62.5997
2010-12-22,66.0635
2010-12-21,66.0553
2010-12-20,64.8748
2010-12-17,59.6631
2010-12-16,60.3484
2010-12-15,57.8806
2010-12-14,56.1704
2010-12-13,56.5855
2010-12-10,58.3974
2010-12-09,57.6737
2010-12-08,59.5128
2010-12-07,60.1199
2010-12-06,61.7148
2010-12-03,59.8409
2010-12-02,60.8557
2010-12-01,60.8788
2010-11-30,60.0512
2010-11-29,64.6737
2010-11-26,63.1656
2010-11-24,63.2216
2010-11-23,56.6086
2010-11-22,59.0495
2010-11-19,54.2871
2010-11-18,53.69
2010-11-17,47.9018
2010-11-16,47.2889
2010-11-15,48.3508
2010-11-12,55.5208
2010-11-11,61.5156
2010-11-10,65.7737
2010-11-09,63.2773
2010-11-08,65.8417
2010-11-05,64.8827
2010-11-04,63.4109
2010-11-03,63.043
2010-11-02,59.8229
2010-11-01,57.9943
2010-10-29,61.4635
2010-10-28,63.6615
2010-10-27,64.5744
2010-10-26,67.9454
2010-10-25,67.3142
2010-10-22,67.487
2010-10-21,64.736
2010-10-20,59.8484
2010-10-19,59.8484
2010-10-18,66.284
2010-10-15,67.8141
2010-10-14,60.5094
2010-10-13,60.17
2010-10-12,62.0122
2010-10-11,58.861
2010-10-08,62.4561
2010-10-07,63.509
2010-10-06,62.7889
2010-10-05,71.1783
2010-10-04,66.9792
2010-10-01,65.516
2010-09-30,71.5195
2010-09-29,75.2958
2010-09-28,76.7113
2010-09-27,76.5164
2010-09-24,79.1089
2010-09-23,74.3195
2010-09-22,73.5745
2010-09-21,72.765
2010-09-20,73.8886
2010-09-17,71.7396
2010-09-16,71.5942
2010-09-15,69.5496
2010-09-14,70.0861
2010-09-13,69.5808
2010-09-10,67.5681
2010-09-09,65.8886
2010-09-08,64.8476
2010-09-07,63.1955
2010-09-03,65.5902
2010-09-02,62.5131
2010-09-01,59.9265
2010-08-31,50.8541
2010-08-30,49.3758
2010-08-27,53.5707
2010-08-26,51.106
2010-08-25,54.1596
2010-08-24,50.9111
2010-08-23,54.1646
2010-08-20,56.0723
2010-08-19,55.8302
2010-08-18,59.2242
2010-08-17,58.3098
2010-08-16,54.9176
2010-08-13,53.1255
2010-08-12,55.9908
2010-08-11,55.1677
2010-08-10,61.9156
2010-08-09,60.6127
2010-08-06,60.0467
2010-08-05,59.5157
2010-08-04,59.2532
2010-08-03,53.3186
2010-08-02,50.1791
2010-07-30,47.0403
2010-07-29,45.499
2010-07-28,45.8312
2010-07-27,45.8312
2010-07-26,47.2969
2010-07-23,47.8347
2010-07-22,49.1915
2010-07-21,45.9897
2010-07-20,48.9537
2010-07-19,48.7657
2010-07-16,47.0882
2010-07-15,50.9934
2010-07-14,52.4281
2010-07-13,52.8267
2010-07-12,48.4206
2010-07-09,45.8073
2010-07-08,44.5742
2010-07-07,41.1621
2010-07-06,36.6898
2010-07-02,35.4167
2010-07-01,36.8077
2010-06-30,34.5257
2010-06-29,33.6555
2010-06-28,40.9695
2010-06-25,44.1429
2010-06-24,40.4891
2010-06-23,43.6595
2010-06-22,44.5702
2010-06-21,44.822
2010-06-18,48.3233
2010-06-17,48.389
2010-06-16,49.4642
2010-06-15,49.4008
2010-06-14,46.1801
2010-06-11,45.301
2010-06-10,45.4597
2010-06-09,39.5339
2010-06-08,40.2591
2010-06-07,42.8207
2010-06-04,43.4493
2010-06-03,48.8152
2010-06-02,46.2352
2010-06-01,42.8032
2010-05-28,44.7663
2010-05-27,45.8829
2010-05-26,42.0157
2010-05-25,43.409
2010-05-24,40.2851
2010-05-21,40.7531
2010-05-20,37.2808
2010-05-19,40.9799
2010-05-18,42.3628
2010-05-17,44.5873
2010-05-14,44.1882
2010-05-13,46.6762
2010-05-12,48.8096
2010-05-11,45.4438
2010-05-10,46.1453
2010-05-07,39.387
2010-05-06,42.3731
2010-05-05,44.2709
2010-05-04,43.0707
2010-05-03,50.2266
2010-04-30,49.8234
2010-04-29,54.8334
2010-04-28,52.5009
2010-04-27,55.5587
2010-04-26,62.1098
2010-04-23,58.9673
2010-04-22,69.0696
2010-04-21,65.9277
2010-04-20,63.7993
2010-04-19,62.0099
2010-04-16,61.747
2010-04-15,68.0489
2010-04-14,66.6857
2010-04-13,62.6339
2010-04-12,64.5155
2010-04-09,63.3696
2010-04-08,64.9426
2010-04-07,58.2866
2010-04-06,59.5025
2010-04-05,54.1416
2010-04-01,54.6822
2010-03-31,61.9561
2010-03-30,63.5979
2010-03-29,61.8666
2010-03-26,61.7956
2010-03-25,61.4203
2010-03-24,52.4194
2010-03-23,54.6274
2010-03-22,56.885
2010-03-19,56.7165
2010-03-18,61.2872
2010-03-17,59.4583
2010-03-16,60.3162
2010-03-15,59.5021
2010-03-12,60.7396
2010-03-11,63.9632
2010-03-10,60.4883
2010-03-09,58.39
2010-03-08,60.7286
2010-03-05,59.2876
2010-03-04,58.8332
2010-03-03,55.5593
2010-03-02,55.0967
2010-03-01,53.8414
2010-02-26,44.7393
2010-02-25,44.4
2010-02-24,46.4594
2010-02-23,42.312
2010-02-22,43.3014
2010-02-19,42.4884
2010-02-18,43.1603
2010-02-17,40.3268
2010-02-16,41.6876
2010-02-12,44.1591
2010-02-11,44.6669
2010-02-10,40.5426
2010-02-09,41.2596
2010-02-08,39.4371
2010-02-05,39.9872
2010-02-04,37.8552
2010-02-03,40.8604
2010-02-02,39.4441
2010-02-01,40.1431
2010-01-29,47.0498
2010-01-28,47.7904
2010-01-27,43.3057
2010-01-26,38.285
2010-01-25,39.1203
2010-01-22,40.2461
2010-01-21,46.0841
2010-01-20,44.8542
2010-01-19,47.0768
2010-01-15,46.4291
2010-01-14,46.6716
2010-01-13,48.6962
2010-01-12,46.491
2010-01-11,49.9167
2010-01-08,54.0231
2010-01-07,49.7166
2010-01-06,52.715
2010-01-05,56.2073
2010-01-04,55.2963
2009-12-31,56.1674
2009-12-30,58.9715
2009-12-29,63.4306
2009-12-28,63.3405
2009-12-24,62.6045
2009-12-23,63.2798
2009-12-22,58.5949
2009-12-21,57.6453
2009-12-18,53.0532
2009-12-17,51.2232
2009-12-16,53.0372
2009-12-15,55.4427
2009-12-14,56.9517
2009-12-11,60.7345
2009-12-10,62.4853
2009-12-09,58.7471
2009-12-08,62.8395
2009-12-07,62.9884
2009-12-04,68.1579
2009-12-03,74.3318
2009-12-02,76.3072
2009-12-01,74.0307
2009-11-30,72.2833
2009-11-27,69.1034
2009-11-25,73.5028
2009-11-24,72.7174
2009-11-23,72.8303
2009-11-20,70.4002
2009-11-19,69.8869
2009-11-18,74.0759
2009-11-17,74.0502
2009-11-16,74.6477
2009-11-13,77.0449
2009-11-12,75.7361
2009-11-11,75.3974
2009-11-10,75.7864
2009-11-09,73.9342
2009-11-06,73.6759
2009-11-05,70.356
2009-11-04,67.9445
2009-11-03,69.899
2009-11-02,70.6132
2009-10-30,70.595
2009-10-29,76.2323
2009-10-28,75.7752
2009-10-27,76.4159
2009-10-26,80.2695
2009-10-23,77.7146
2009-10-22,55.3502
2009-10-21,55.2991
2009-10-20,58.61
2009-10-19,58.1523
2009-10-16,59.4855
2009-10-15,60.916
2009-10-14,63.9878
2009-10-13,60.5609
2009-10-12,58.8198
2009-10-09,63.3796
2009-10-08,62.7424
2009-10-07,61.1021
2009-10-06,56.6654
2009-10-05,52.9318
2009-10-02,55.3169
2009-10-01,57.8126
2009-09-30,63.0839
2009-09-29,60.676
2009-09-28,61.8205
2009-09-25,59.3054
2009-09-24,63.0157
2009-09-23,63.6582
2009-09-22,66.9485
2009-09-21,62.6818
2009-09-18,62.2757
2009-09-17,62.6458
2009-09-16,63.2258
2009-09-15,51.4933
2009-09-14,52.179
2009-09-11,53.6682
2009-09-10,52.3574
2009-09-09,49.1699
2009-09-08,46.3306
2009-09-04,41.6391
2009-09-03,40.6436
2009-09-02,39.8832
2009-09-01,41.4928
2009-08-31,44.9203
2009-08-28,47.8228
2009-08-27,50.9078
2009-08-26,50.2987
2009-08-25,50.6647
2009-08-24,51.2428
2009-08-21,52.1546
2009-08-20,50.6359
2009-08-19,48.7861
2009-08-18,47.2707
2009-08-17,45.4226
2009-08-14,49.3271
2009-08-13,51.0133
2009-08-12,53.322
2009-08-11,49.4896
2009-08-10,50.9466
2009-08-07,52.4126
2009-08-06,51.122
2009-08-05,50.8539
2009-08-04,53.1788
2009-08-03,55.8114
2009-07-31,53.5748
2009-07-30,54.0857
2009-07-29,51.7687
2009-07-28,52.6925
2009-07-27,51.7467
2009-07-24,54.9183
2009-07-23,67.8825
2009-07-22,62.0195
2009-07-21,62.4888
2009-07-20,61.5077
2009-07-17,58.3501
2009-07-16,58.8511
2009-07-15,56.7334
2009-07-14,52.8952
2009-07-13,52.1507
2009-07-10,45.6187
2009-07-09,46.3545
2009-07-08,45.0283
2009-07-07,41.8348
2009-07-06,45.4132
2009-07-02,47.3122
2009-07-01,51.1062
2009-06-30,54.8839
2009-06-29,53.8938
2009-06-26,55.4537
2009-06-25,52.8935
2009-06-24,47.9358
2009-06-23,44.9489
2009-06-22,47.334
2009-06-19,54.4476
2009-06-18,51.9919
2009-06-17,54.1347
2009-06-16,53.2675
2009-06-15,55.3141
2009-06-12,57.1364
2009-06-11,60.525
2009-06-10,62.4933
2009-06-09,63.5624
2009-06-08,62.6709
2009-06-05,65.1964
2009-06-04,62.7737
2009-06-03,63.101
2009-06-02,62.2239
2009-06-01,59.9574
2009-05-29,52.7013
2009-05-28,52.1478
2009-05-27,51.2714
2009-05-26,53.4527
2009-05-22,49.0642
2009-05-21,49.5809
2009-05-20,52.9059
2009-05-19,52.7561
2009-05-18,49.8475
2009-05-15,45.9804
2009-05-14,48.2515
2009-05-13,46.7285
2009-05-12,52.7207
2009-05-11,53.9148
2009-05-08,52.9318
2009-05-07,55.1854
2009-05-06,60.1418
2009-05-05,60.0285
2009-05-04,57.3004
2009-05-01,56.221
2009-04-30,58.9475
2009-04-29,58.043
2009-04-28,62.7384
2009-04-27,64.0973
2009-04-24,66.6496
2009-04-23,62.5828
2009-04-22,60.925
2009-04-21,60.381
2009-04-20,59.0017
2009-04-17,59.8133
2009-04-16,58.9186
2009-04-15,55.9613
2009-04-14,60.0172
2009-04-13,62.9891
2009-04-09,64.4522
2009-04-08,61.6042
2009-04-07,60.0002
2009-04-06,64.3059
2009-04-03,64.6257
2009-04-02,62.841
2009-04-01,59.855
2009-03-31,59.7901
2009-03-30,57.6222
2009-03-27,56.5997
2009-03-26,61.4535
2009-03-25,60.1317
2009-03-24,60.483
2009-03-23,65.1182
2009-03-20,59.501
2009-03-19,59.7287
2009-03-18,61.5666
2009-03-17,61.7235
2009-03-16,57.1947
2009-03-13,59.7296
2009-03-12,61.2136
2009-03-11,60.1848
2009-03-10,57.2539
2009-03-09,50.9234
2009-03-06,52.6254
2009-03-05,57.2949
2009-03-04,57.3577
2009-03-03,53.6019
2009-03-02,54.0234
2009-02-27,58.2229
2009-02-26,55.3369
2009-02-25,57.445
2009-02-24,60.4638
2009-02-23,55.9361
2009-02-20,59.5148
2009-02-19,57.204
2009-02-18,57.8611
2009-02-17,57.0646
2009-02-13,59.5654
2009-02-12,60.6776
2009-02-11,61.2895
2009-02-10,60.2812
2009-02-09,65.5647
2009-02-06,65.4292
2009-02-05,62.4756
2009-02-04,60.4565
2009-02-03,64.3841
2009-02-02,62.13
2009-01-30,59.8234
2009-01-29,48.5547
2009-01-28,49.0886
2009-01-27,46.0851
2009-01-26,47.7435
2009-01-23,49.1557
2009-01-22,48.1504
2009-01-21,48.9499
2009-01-20,45.9667
2009-01-16,50.1422
2009-01-15,49.9365
2009-01-14,45.7546
2009-01-13,49.7129
2009-01-12,50.3703
2009-01-09,55.7162
2009-01-08,58.4235
2009-01-07,57.276
2009-01-06,59.15
2009-01-05,55.1875
2009-01-02,55.6537
2008-12-31,51.6716
2008-12-30,50.9654
2008-12-29,49.118
2008-12-26,52.4001
2008-12-24,51.9644
2008-12-23,51.5182
2008-12-22,49.998
2008-12-19,52.1528
2008-12-18,52.8065
2008-12-17,54.1709
2008-12-16,53.6015
2008-12-15,49.5049
2008-12-12,52.2896
2008-12-11,48.8745
2008-12-10,50.5354
2008-12-09,52.3418
2008-12-08,52.5259
2008-12-05,49.1826
2008-12-04,48.1474
2008-12-03,45.7926
2008-12-02,40.938
2008-12-01,40.0241
2008-11-28,41.9333
2008-11-26,43.0352
2008-11-25,40.965
2008-11-24,41.2142
2008-11-21,35.6605
2008-11-20,31.9121
2008-11-19,32.424
2008-11-18,34.0913
2008-11-17,34.9112
2008-11-14,36.2772
2008-11-13,38.4855
2008-11-12,34.4695
2008-11-11,37.7638
2008-11-10,39.3937
2008-11-07,39.9627
2008-11-06,37.6944
2008-11-05,41.2344
2008-11-04,46.9249
2008-11-03,43.8772
2008-10-31,45.2306
2008-10-30,44.6458
2008-10-29,44.8001
2008-10-28,43.9305
2008-10-27,36.7349
2008-10-24,35.9859
2008-10-23,36.8962
2008-10-22,36.5261
2008-10-21,36.6747
2008-10-20,38.3679
2008-10-17,35.9908
2008-10-16,35.6248
2008-10-15,34.0627
2008-10-14,38.0519
2008-10-13,42.0922
2008-10-10,36.05
2008-10-09,35.7741
2008-10-08,38.9816
2008-10-07,36.2786
2008-10-06,40.8981
2008-10-03,42.2461
2008-10-02,42.5169
2008-10-01,44.1756
2008-09-30,46.6524
2008-09-29,36.6709
2008-09-26,42.583
2008-09-25,43.8437
2008-09-24,41.3076
2008-09-23,42.8693
2008-09-22,45.7638
2008-09-19,52.1718
2008-09-18,46.9391
2008-09-17,40.0741
2008-09-16,48.7621
2008-09-15,46.6374
2008-09-12,47.9418
2008-09-11,49.603
2008-09-10,45.4957
2008-09-09,48.6214
2008-09-08,51.7337
2008-09-05,48.843
2008-09-04,47.0696
2008-09-03,51.0398
2008-09-02,52.0133
2008-08-29,51.1841
2008-08-28,55.1204
2008-08-27,52.8919
2008-08-26,52.9362
2008-08-25,54.5132
2008-08-22,58.1519
2008-08-21,55.8274
2008-08-20,54.4699
2008-08-19,53.4598
2008-08-18,56.0177
2008-08-15,61.0326
2008-08-14,63.7173
2008-08-13,62.4265
2008-08-12,63.3209
2008-08-11,64.6406
2008-08-08,56.9488
2008-08-07,52.3213
2008-08-06,54.09
2008-08-05,55.6903
2008-08-04,51.1101
2008-08-01,51.1692
2008-07-31,52.0122
2008-07-30,54.7268
2008-07-29,54.7268
2008-07-28,52.0324
2008-07-25,55.2992
2008-07-24,55.8857
2008-07-23,44.7856
2008-07-22,40.3022
2008-07-21,40.9287
2008-07-18,41.7016
2008-07-17,45.5162
2008-07-16,45.0853
2008-07-15,36.5984
2008-07-14,35.113
2008-07-11,37.6373
2008-07-10,40.1747
2008-07-09,40.1381
2008-07-08,46.0852
2008-07-07,41.3317
2008-07-03,40.372
2008-07-02,39.2938
2008-07-01,42.1096
2008-06-30,41.5806
2008-06-27,43.3049
2008-06-26,45.5159
2008-06-25,51.9894
2008-06-24,50.6103
2008-06-23,52.3169
2008-06-20,53.0025
2008-06-19,58.4808
2008-06-18,56.1076
2008-06-17,56.9068
2008-06-16,55.1959
2008-06-13,51.5558
2008-06-12,46.6398
2008-06-11,48.3851
2008-06-10,52.2302
2008-06-09,51.9356
2008-06-06,53.9314
2008-06-05,61.1495
2008-06-04,56.898
2008-06-03,54.7245
2008-06-02,54.9517
2008-05-30,57.5833
2008-05-29,55.7437
2008-05-28,55.3527
2008-05-27,56.2979
2008-05-23,53.0995
2008-05-22,54.6219
2008-05-21,53.2794
2008-05-20,57.342
2008-05-19,60.1697
2008-05-16,51.7816
2008-05-15,51.2124
2008-05-14,47.9136
2008-05-13,48.4977
2008-05-12,48.448
2008-05-09,44.8728
2008-05-08,45.4091
2008-05-07,45.9444
2008-05-06,49.5439
2008-05-05,49.8519
2008-05-02,51.8797
2008-05-01,55.0152
2008-04-30,54.0763
2008-04-29,57.364
2008-04-28,59.3627
2008-04-25,58.1115
2008-04-24,54.2932
2008-04-23,59.6904
2008-04-22,58.0133
2008-04-21,58.979
2008-04-18,58.8894
2008-04-17,51.2146
2008-04-16,52.0524
2008-04-15,49.043
2008-04-14,49.1974
2008-04-11,48.3263
2008-04-10,52.2228
2008-04-09,51.649
2008-04-08,55.8643
2008-04-07,55.3888
2008-04-04,55.3546
2008-04-03,53.1555
2008-04-02,56.4833
2008-04-01,55.7578
2008-03-31,49.2838
2008-03-28,47.1901
2008-03-27,48.4739
2008-03-26,52.3789
2008-03-25,54.2758
2008-03-24,55.3601
2008-03-20,52.1463
2008-03-19,48.2753
2008-03-18,50.2309
2008-03-17,42.7914
2008-03-14,44.8745
2008-03-13,44.9976
2008-03-12,42.274
2008-03-11,42.9891
2008-03-10,37.1851
2008-03-07,37.801
2008-03-06,35.5942
2008-03-05,37.7129
2008-03-04,38.0474
2008-03-03,33.3779
2008-02-29,35.1419
2008-02-28,38.3305
2008-02-27,41.5289
2008-02-26,42.4424
2008-02-25,44.2231
2008-02-22,42.4969
2008-02-21,39.2234
2008-02-20,43.2348
2008-02-19,40.8372
2008-02-15,41.783
2008-02-14,44.9764
2008-02-13,47.3108
2008-02-12,42.4917
2008-02-11,43.3413
2008-02-08,40.7719
2008-02-07,36.5851
2008-02-06,32.3395
2008-02-05,35.719
2008-02-04,37.6502
2008-02-01,38.3707
2008-01-31,41.8017
2008-01-30,35.5809
2008-01-29,35.0898
2008-01-28,37.0179
2008-01-25,38.9533
2008-01-24,39.0295
2008-01-23,32.3846
2008-01-22,37.0619
2008-01-18,38.5636
2008-01-17,38.9857
2008-01-16,39.2464
2008-01-15,39.0613
2008-01-14,41.9663
2008-01-11,39.0347
2008-01-10,42.6728
2008-01-09,43.8447
2008-01-08,47.2613
2008-01-07,48.531
2008-01-04,48.489
2008-01-03,58.1207
2008-01-02,59.9534
2007-12-31,55.306
2007-12-28,58.542
2007-12-27,58.2857
2007-12-26,56.498
2007-12-24,54.0385
2007-12-21,54.4357
2007-12-20,53.5535
2007-12-19,51.9951
2007-12-18,48.5954
2007-12-17,45.9674
2007-12-14,51.5131
2007-12-13,56.9436
2007-12-12,55.4381
2007-12-11,54.7264
2007-12-10,58.5298
2007-12-07,60.8114
2007-12-06,60.6986
2007-12-05,59.5707
2007-12-04,61.5787
2007-12-03,57.6919
2007-11-30,57.2813
2007-11-29,55.6337
2007-11-28,57.3475
2007-11-27,51.5389
2007-11-26,45.0715
2007-11-23,45.2408
2007-11-21,42.5342
2007-11-20,43.3012
2007-11-19,41.3721
2007-11-16,40.4494
2007-11-15,39.2755
2007-11-14,39.9336
2007-11-13,41.2777
2007-11-12,37.0108
2007-11-09,38.7798
2007-11-08,43.7043
2007-11-07,47.9789
2007-11-06,48.2719
2007-11-05,44.1166
2007-11-02,46.0683
2007-11-01,48.1682
2007-10-31,50.1176
2007-10-30,48.9263
2007-10-29,51.3054
2007-10-26,51.1842
2007-10-25,49.026
2007-10-24,49.6316
2007-10-23,68.2517
2007-10-22,55.8475
2007-10-19,53.0497
2007-10-18,53.2382
2007-10-17,54.6738
2007-10-16,52.9163
2007-10-15,54.8989
2007-10-12,58.7463
2007-10-11,53.6665
2007-10-10,67.5382
2007-10-09,69.6726
2007-10-08,71.3718
2007-10-05,67.9583
2007-10-04,66.102
2007-10-03,66.7139
2007-10-02,66.5707
2007-10-01,69.7211
2007-09-28,69.3802
2007-09-27,70.0429
2007-09-26,70.1813
2007-09-25,70.313
2007-09-24,69.3378
2007-09-21,67.8849
2007-09-20,65.9229
2007-09-19,65.1255
2007-09-18,64.8248
2007-09-17,62.5679
2007-09-14,64.4027
2007-09-13,63.8047
2007-09-12,63.8846
2007-09-11,62.7539
2007-09-10,59.2612
2007-09-07,61.4587
2007-09-06,64.7241
2007-09-05,61.9267
2007-09-04,60.6618
2007-08-31,57.0606
2007-08-30,55.3487
2007-08-29,55.9866
2007-08-28,51.964
2007-08-27,56.1501
2007-08-24,57.2316
2007-08-23,54.5275
2007-08-22,56.6204
2007-08-21,55.247
2007-08-20,51.1917
2007-08-17,51.7021
2007-08-16,48.2883
2007-08-15,47.6419
2007-08-14,49.1656
2007-08-13,51.2313
2007-08-10,51.1078
2007-08-09,50.2146
2007-08-08,55.4885
2007-08-07,57.6188
2007-08-06,57.4591
2007-08-03,54.9228
2007-08-02,59.3707
2007-08-01,56.6182
2007-07-31,58.5494
2007-07-30,65.7558
2007-07-27,68.3292
2007-07-26,68.3029
2007-07-25,72.4504
2007-07-24,49.9027
2007-07-23,56.3462
2007-07-20,56.1084
2007-07-19,61.0494
2007-07-18,60.9925
2007-07-17,62.3485
2007-07-16,62.1785
2007-07-13,66.1802
2007-07-12,62.4155
2007-07-11,58.5021
2007-07-10,57.5856
2007-07-09,62.8289
2007-07-06,56.2792
2007-07-05,55.7051
2007-07-03,57.8707
2007-07-02,58.3496
2007-06-29,55.74
2007-06-28,57.0995
2007-06-27,55.488
2007-06-26,54.045
2007-06-25,57.1944
2007-06-22,57.7361
2007-06-21,59.9198
2007-06-20,58.8801
2007-06-19,60.7447
2007-06-18,66.4307
2007-06-15,68.1405
2007-06-14,67.4992
2007-06-13,66.0127
2007-06-12,64.8244
2007-06-11,67.8553
2007-06-08,74.0446
2007-06-07,72.6717
2007-06-06,73.4407
2007-06-05,77.6879
2007-06-04,74.3397
2007-06-01,72.0716
2007-05-31,73.9618
2007-05-30,76.4094
2007-05-29,76.1701
2007-05-25,75.0406
2007-05-24,77.63
2007-05-23,77.3045
2007-05-22,77.1964
2007-05-21,76.6867
2007-05-18,71.4623
2007-05-17,70.0199
2007-05-16,73.2899
2007-05-15,69.9364
2007-05-14,73.6639
2007-05-11,73.4962
2007-05-10,72.7422
2007-05-09,79.197
2007-05-08,78.2269
2007-05-07,77.2281
2007-05-04,86.1912
2007-05-03,85.5014
2007-05-02,84.8009
2007-05-01,84.8201
2007-04-30,85.3546
2007-04-27,90.0813
2007-04-26,90.8295
2007-04-25,87.9732
2007-04-24,70.2502
2007-04-23,70.4137
2007-04-20,71.8431
2007-04-19,70.8758
2007-04-18,73.5873
2007-04-17,74.2037
2007-04-16,75.1759
2007-04-13,66.1284
2007-04-12,65.5295
2007-04-11,62.9035
2007-04-10,64.3237
2007-04-09,63.4527
2007-04-05,63.6002
2007-04-04,62.9872
2007-04-03,61.5943
2007-04-02,58.2107
2007-03-30,55.1387
2007-03-29,55.2613
2007-03-28,52.9262
2007-03-27,53.0942
2007-03-26,51.3327
2007-03-23,51.1876
2007-03-22,53.7774
2007-03-21,55.3958
2007-03-20,49.7408
2007-03-19,49.0874
2007-03-16,46.0098
2007-03-15,45.6456
2007-03-14,46.9345
2007-03-13,45.6715
2007-03-12,49.9742
2007-03-09,50.1101
2007-03-08,46.7144
2007-03-07,47.8003
2007-03-06,48.7106
2007-03-05,41.329
2007-03-02,43.8361
2007-03-01,48.9488
2007-02-28,50.3434
2007-02-27,48.8639
2007-02-26,60.1152
2007-02-23,59.6854
2007-02-22,61.0619
2007-02-21,62.685
2007-02-20,64.2449
2007-02-16,59.7541
2007-02-15,58.6245
2007-02-14,59.0913
2007-02-13,55.6068
2007-02-12,53.5225
2007-02-09,52.9291
2007-02-08,54.8745
2007-02-07,54.3714
2007-02-06,51.3207
2007-02-05,45.954
2007-02-02,46.9734
2007-02-01,53.3807
2007-01-31,48.0921
2007-01-30,44.4911
2007-01-29,46.3639
2007-01-26,42.8774
2007-01-25,43.9538
2007-01-24,44.7897
2007-01-23,39.7721
2007-01-22,42.0464
2007-01-19,42.3562
2007-01-18,42.1247
2007-01-17,46.0794
2007-01-16,49.9395
2007-01-12,47.4744
2007-01-11,42.8224
2007-01-10,41.2784
2007-01-09,44.1313
2007-01-08,42.452
2007-01-05,46.5853
2007-01-04,49.367
2007-01-03,48.2594
2006-12-29,52.3971
2006-12-28,56.9768
2006-12-27,57.486
2006-12-26,55.1541
2006-12-22,57.8614
2006-12-21,56.2381
2006-12-20,56.9527
2006-12-19,54.2366
2006-12-18,53.4804
2006-12-15,57.7282
2006-12-14,53.0521
2006-12-13,50.3093
2006-12-12,50.0962
2006-12-11,51.2977
2006-12-08,50.1622
2006-12-07,48.4751
2006-12-06,52.3362
2006-12-05,52.7456
2006-12-04,53.3401
2006-12-01,54.8576
2006-11-30,59.698
2006-11-29,61.3002
2006-11-28,62.9042
2006-11-27,62.6803
2006-11-24,71.864
2006-11-22,75.5727
2006-11-21,74.6226
2006-11-20,74.3973
2006-11-17,75.0938
2006-11-16,76.8968
2006-11-15,76.4523
2006-11-14,74.3206
2006-11-13,70.8212
2006-11-10,68.8868
2006-11-09,67.717
2006-11-08,71.5505
2006-11-07,69.7424
2006-11-06,68.2068
2006-11-03,66.0121
2006-11-02,65.9824
2006-11-01,66.5914
2006-10-31,69.5287
2006-10-30,69.8601
2006-10-27,70.3379
2006-10-26,70.6439
2006-10-25,69.3344
2006-10-24,57.5961
2006-10-23,54.5343
2006-10-20,53.2077
2006-10-19,53.0818
2006-10-18,52.1443
2006-10-17,52.8421
2006-10-16,53.3936
2006-10-13,56.4962
2006-10-12,57.5104
2006-10-11,55.3937
2006-10-10,54.4162
2006-10-09,57.5564
2006-10-06,54.9916
2006-10-05,58.0722
2006-10-04,56.2876
2006-10-03,53.2495
2006-10-02,49.5882
2006-09-29,54.7295
2006-09-28,53.7082
2006-09-27,55.8011
2006-09-26,56.5272
2006-09-25,54.1608
2006-09-22,50.7533
2006-09-21,48.374
2006-09-20,56.2919
2006-09-19,54.2709
2006-09-18,56.5718
2006-09-15,58.6505
2006-09-14,55.5849
2006-09-13,55.675
2006-09-12,55.8903
2006-09-11,52.6556
2006-09-08,51.6413
2006-09-07,48.7346
2006-09-06,52.8765
2006-09-05,59.272
2006-09-01,57.6735
2006-08-31,54.302
2006-08-30,53.6992
2006-08-29,49.1162
2006-08-28,46.445
2006-08-25,42.2932
2006-08-24,42.0019
2006-08-23,42.5804
2006-08-22,43.3476
2006-08-21,42.3173
2006-08-18,45.5647
2006-08-17,45.4442
2006-08-16,40.7048
2006-08-15,39.9219
2006-08-14,34.2398
2006-08-11,31.9723
2006-08-10,32.958
2006-08-09,31.6229
2006-08-08,31.9467
2006-08-07,32.8412
2006-08-04,33.9373
2006-08-03,31.3775
2006-08-02,28.7549
2006-08-01,29.1608
2006-07-31,30.163
2006-07-28,30.6547
2006-07-27,28.2335
2006-07-26,27.0433
2006-07-25,43.9682
2006-07-24,46.6953
2006-07-21,41.3166
2006-07-20,45.1415
2006-07-19,46.3776
2006-07-18,41.3425
2006-07-17,42.0241
2006-07-14,37.9765
2006-07-13,40.9066
2006-07-12,44.5335
2006-07-11,49.2844
2006-07-10,49.923
2006-07-07,51.4829
2006-07-06,55.0034
2006-07-05,56.657
2006-07-03,65.7424
2006-06-30,66.2132
2006-06-29,65.6796
2006-06-28,58.6169
2006-06-27,57.6153
2006-06-26,59.4161
2006-06-23,58.4809
2006-06-22,57.7236
2006-06-21,59.3225
2006-06-20,54.297
2006-06-19,52.3367
2006-06-16,52.4409
2006-06-15,51.8487
2006-06-14,45.501
2006-06-13,44.3578
2006-06-12,44.9119
2006-06-09,46.0898
2006-06-08,44.4588
2006-06-07,45.3273
2006-06-06,43.6149
2006-06-05,43.9052
2006-06-02,48.8044
2006-06-01,50.1008
2006-05-31,48.1596
2006-05-30,48.276
2006-05-26,54.2064
2006-05-25,52.5008
2006-05-24,50.7584
2006-05-23,44.4693
2006-05-22,48.9098
2006-05-19,44.5333
2006-05-18,36.854
2006-05-17,29.9241
2006-05-16,34.0007
2006-05-15,34.0774
2006-05-12,33.7223
2006-05-11,36.7294
2006-05-10,39.3549
2006-05-09,42.4677
2006-05-08,41.498
2006-05-05,43.1086
2006-05-04,39.4743
2006-05-03,35.9991
2006-05-02,37.6922
2006-05-01,38.5536
2006-04-28,41.1938
2006-04-27,43.6196
2006-04-26,43.8511
2006-04-25,42.4589
2006-04-24,43.4831
2006-04-21,44.503
2006-04-20,45.8217
2006-04-19,48.2306
2006-04-18,45.1949
2006-04-17,39.6262
2006-04-13,45.4963
2006-04-12,42.5624
2006-04-11,42.1397
2006-04-10,44.589
2006-04-07,46.8465
2006-04-06,54.6181
2006-04-05,47.8457
2006-04-04,43.9763
2006-04-03,39.2433
2006-03-31,41.295
2006-03-30,42.0446
2006-03-29,39.4334
2006-03-28,34.3775
2006-03-27,30.5298
2006-03-24,31.4044
2006-03-23,32.2421
2006-03-22,33.537
2006-03-21,32.8969
2006-03-20,34.106
2006-03-17,32.2752
2006-03-16,35.3036
2006-03-15,35.7945
2006-03-14,35.8735
2006-03-13,30.6397
2006-03-10,30.739
2006-03-09,30.0208
2006-03-08,32.2103
2006-03-07,32.6031
2006-03-06,32.1445
2006-03-03,33.2182
2006-03-02,31.1585
2006-03-01,31.8369
2006-02-28,32.7399
2006-02-27,34.3904
2006-02-24,35.4018
2006-02-23,32.9215
2006-02-22,35.2655
2006-02-21,32.8849
2006-02-17,35.4792
2006-02-16,35.2636
2006-02-15,35.5742
2006-02-14,30.2124
2006-02-13,28.0148
2006-02-10,29.5087
2006-02-09,26.5194
2006-02-08,26.8873
2006-02-07,23.2341
2006-02-06,23.9874
2006-02-03,24.6585
2006-02-02,35.6581
2006-02-01,40.4817
2006-01-31,44.3419
2006-01-30,45.0217
2006-01-27,46.2732
2006-01-26,43.1554
2006-01-25,36.1113
2006-01-24,37.8438
2006-01-23,35.8241
2006-01-20,36.5636
2006-01-19,38.6794
2006-01-18,37.8413
2006-01-17,35.7889
2006-01-13,37.2494
2006-01-12,37.0052
2006-01-11,39.0634
2006-01-10,41.8611
2006-01-09,48.3862
2006-01-06,52.7005
2006-01-05,51.5578
2006-01-04,49.4483
2006-01-03,51.1956
2005-12-30,48.9632
2005-12-29,53.5051
2005-12-28,53.9009
2005-12-27,56.7498
2005-12-23,60.778
2005-12-22,60.778
2005-12-21,59.8026
2005-12-20,56.3812
2005-12-19,57.6735
2005-12-16,62.6561
2005-12-15,64.3538
2005-12-14,64.1143
2005-12-13,64.6448
2005-12-12,63.2652
2005-12-09,62.1896
2005-12-08,60.9043
2005-12-07,63.4251
2005-12-06,65.7408
2005-12-05,64.5098
2005-12-02,65.7095
2005-12-01,65.5508
2005-11-30,64.1307
2005-11-29,64.5521
2005-11-28,64.0535
2005-11-25,63.3434
2005-11-23,64.09
2005-11-22,66.6178
2005-11-21,64.756
2005-11-18,64.7343
2005-11-17,61.9726
2005-11-16,58.3767
2005-11-15,56.046
2005-11-14,50.0431
2005-11-11,50.5556
2005-11-10,48.8985
2005-11-09,46.2279
2005-11-08,47.905
2005-11-07,46.0104
2005-11-04,44.9923
2005-11-03,46.2915
2005-11-02,43.6262
2005-11-01,42.3512
2005-10-31,40.6395
2005-10-28,37.4934
2005-10-27,37.723
2005-10-26,39.1516
2005-10-25,58.8534
2005-10-24,62.3839
2005-10-21,59.4004
2005-10-20,56.2377
2005-10-19,60.2711
2005-10-18,56.0038
2005-10-17,57.8075
2005-10-14,53.0301
2005-10-13,47.6763
2005-10-12,47.3351
2005-10-11,51.1854
2005-10-10,52.9172
2005-10-07,52.7485
2005-10-06,54.0836
2005-10-05,56.3254
2005-10-04,58.4346
2005-10-03,64.0254
2005-09-30,61.7392
2005-09-29,60.0047
2005-09-28,54.5556
2005-09-27,53.6687
2005-09-26,54.5354
2005-09-23,49.5954
2005-09-22,49.0928
2005-09-21,45.1738
2005-09-20,47.7843
2005-09-19,51.8222
2005-09-16,52.0596
2005-09-15,51.681
2005-09-14,53.4177
2005-09-13,57.3114
2005-09-12,60.1729
2005-09-09,54.2751
2005-09-08,54.3244
2005-09-07,58.1914
2005-09-06,57.7836
2005-09-02,48.6569
2005-09-01,50.2717
2005-08-31,54.7718
2005-08-30,53.8127
2005-08-29,55.4073
2005-08-26,53.5778
2005-08-25,53.3178
2005-08-24,53.603
2005-08-23,58.8337
2005-08-22,60.7097
2005-08-19,60.539
2005-08-18,60.589
2005-08-17,62.5029
2005-08-16,63.2327
2005-08-15,67.0508
2005-08-12,64.8513
2005-08-11,70.2045
2005-08-10,69.1258
2005-08-09,75.9142
2005-08-08,75.3842
2005-08-05,74.6179
2005-08-04,75.7088
2005-08-03,79.4855
2005-08-02,81.8731
2005-08-01,79.5703
2005-07-29,80.9303
2005-07-28,84.225
2005-07-27,81.4819
2005-07-26,64.3236
2005-07-25,66.4004
2005-07-22,66.4004
2005-07-21,66.4004
2005-07-20,68.3836
2005-07-19,68.3836
2005-07-18,64.0693
2005-07-15,63.8782
2005-07-14,64.2026
2005-07-13,61.004
2005-07-12,60.0054
2005-07-11,56.1668
2005-07-08,50.8793
2005-07-07,45.1069
2005-07-06,45.7619
2005-07-05,45.8885
2005-07-01,36.0571
2005-06-30,37.0407
2005-06-29,38.4812
2005-06-28,40.5557
2005-06-27,45.6907
2005-06-24,49.6194
2005-06-23,53.0352
2005-06-22,51.4075
2005-06-21,52.7303
2005-06-20,55.3517
2005-06-17,52.608
2005-06-16,54.8846
2005-06-15,52.4215
2005-06-14,50.9243
2005-06-13,49.6447
2005-06-10,50.2302
2005-06-09,52.0527
2005-06-08,49.4752
2005-06-07,53.3008
2005-06-06,56.6627
2005-06-03,55.5205
2005-06-02,62.6689
2005-06-01,63.5217
2005-05-31,57.4746
2005-05-27,57.4069
2005-05-26,57.0821
2005-05-25,55.8013
2005-05-24,58.1935
2005-05-23,59.3606
2005-05-20,58.3401
2005-05-19,59.0444
2005-05-18,57.641
2005-05-17,54.2004
2005-05-16,53.0533
2005-05-13,48.9626
2005-05-12,48.6304
2005-05-11,48.4391
2005-05-10,50.9001
2005-05-09,53.4814
2005-05-06,52.8161
2005-05-05,49.6217
2005-05-04,49.6217
2005-05-03,45.1318
2005-05-02,44.4419
2005-04-29,39.5872
2005-04-28,40.3107
2005-04-27,34.6362
2005-04-26,38.9943
2005-04-25,43.2794
2005-04-22,39.5056
2005-04-21,43.0
2005-04-20,39.6173
2005-04-19,35.5514
2005-04-18,36.6487
2005-04-15,36.7467
2005-04-14,41.787
2005-04-13,43.7681
2005-04-12,45.8323
2005-04-11,45.6108
2005-04-08,45.6108
2005-04-07,47.3588
2005-04-06,46.8427
2005-04-05,49.4934
2005-04-04,47.7848
2005-04-01,41.0911
2005-03-31,42.4488
2005-03-30,42.7065
2005-03-29,36.1495
2005-03-28,35.836
2005-03-24,31.7783
2005-03-23,32.9425
2005-03-22,32.7083
2005-03-21,34.7041
2005-03-18,36.7092
2005-03-17,35.3329
2005-03-16,34.622
2005-03-15,35.7803
2005-03-14,37.3904
2005-03-11,37.9702
2005-03-10,38.5762
2005-03-09,40.4509
2005-03-08,42.1667
2005-03-07,44.1913
2005-03-04,41.6379
2005-03-03,40.5382
2005-03-02,39.7289
2005-03-01,39.1521
2005-02-28,38.0771
2005-02-25,37.1223
2005-02-24,35.6337
2005-02-23,32.8654
2005-02-22,34.3452
2005-02-18,35.9076
2005-02-17,36.9358
2005-02-16,36.8
2005-02-15,38.0445
2005-02-14,37.585
2005-02-11,36.5692
2005-02-10,36.5692
2005-02-09,36.8071
2005-02-08,37.6748
2005-02-07,35.5265
2005-02-04,35.5838
2005-02-03,35.6384
2005-02-02,50.7614
2005-02-01,52.8466
2005-01-31,55.5188
2005-01-28,52.4309
2005-01-27,52.744
2005-01-26,49.6669
2005-01-25,48.3493
2005-01-24,46.4862
2005-01-21,48.8162
2005-01-20,52.6749
2005-01-19,58.5358
2005-01-18,61.0359
2005-01-14,60.9592
2005-01-13,55.5613
2005-01-12,54.6448
2005-01-11,52.6017
2005-01-10,53.2928
2005-01-07,54.9385
2005-01-06,51.1465
2005-01-05,53.5746
2005-01-04,54.8458
2005-01-03,64.1463
2004-12-31,63.5793
2004-12-30,66.5346
2004-12-29,66.2054
2004-12-28,65.8006
2004-12-27,60.1152
2004-12-23,48.8458
2004-12-22,51.2925
2004-12-21,50.7764
2004-12-20,49.0401
2004-12-17,53.3466
2004-12-16,53.5151
2004-12-15,57.6208
2004-12-14,55.7183
2004-12-13,53.561
2004-12-10,50.6398
2004-12-09,53.8144
2004-12-08,49.5195
2004-12-07,47.3195
2004-12-06,52.7361
2004-12-03,55.5455
2004-12-02,55.9229
2004-12-01,55.2367
2004-11-30,54.1664
2004-11-29,51.4461
2004-11-26,52.0409
2004-11-24,50.8164
2004-11-23,49.2226
2004-11-22,48.2818
2004-11-19,49.9734
2004-11-18,56.8626
2004-11-17,55.3526
2004-11-16,56.0265
2004-11-15,59.3367
2004-11-12,58.1035
2004-11-11,52.967
2004-11-10,50.3413
2004-11-09,47.7578
2004-11-08,47.4567
2004-11-05,44.5737
2004-11-04,45.67
2004-11-03,41.8252
2004-11-02,42.7543
2004-11-01,38.1007
2004-10-29,33.7472
2004-10-28,34.5079
2004-10-27,33.5294
2004-10-26,31.7685
2004-10-25,32.0508
2004-10-22,33.3165
2004-10-21,46.9241
2004-10-20,41.7238
2004-10-19,41.6268
2004-10-18,44.9698
2004-10-15,41.5544
2004-10-14,43.5142
2004-10-13,46.8746
2004-10-12,47.8316
2004-10-11,47.5348
2004-10-08,46.9201
2004-10-07,51.2979
2004-10-06,52.1419
2004-10-05,50.6734
2004-10-04,50.8587
2004-10-01,48.9429
2004-09-30,50.288
2004-09-29,50.2214
2004-09-28,45.3105
2004-09-27,46.8682
2004-09-24,50.1784
2004-09-23,53.3317
2004-09-22,51.8792
2004-09-21,59.3378
2004-09-20,59.2709
2004-09-17,58.3947
2004-09-16,57.2967
2004-09-15,56.285
2004-09-14,57.9516
2004-09-13,49.7832
2004-09-10,44.2093
2004-09-09,42.0891
2004-09-08,41.8371
2004-09-07,43.3297
2004-09-03,44.0159
2004-09-02,45.3204
2004-09-01,41.821
2004-08-31,41.4423
2004-08-30,41.8826
2004-08-27,46.249
2004-08-26,47.0998
2004-08-25,47.4141
2004-08-24,43.3317
2004-08-23,44.3791
2004-08-20,44.5324
2004-08-19,41.7261
2004-08-18,43.4589
2004-08-17,39.7815
2004-08-16,38.8452
2004-08-13,32.3502
2004-08-12,32.6397
2004-08-11,33.1148
2004-08-10,34.0567
2004-08-09,27.609
2004-08-06,27.8561
2004-08-05,28.0243
2004-08-04,30.2046
2004-08-03,30.9468
2004-08-02,31.9988
2004-07-30,32.955
2004-07-29,31.8947
2004-07-28,30.0082
2004-07-27,31.5603
2004-07-26,30.5728
2004-07-23,32.1766
2004-07-22,42.4799
2004-07-21,39.1184
2004-07-20,44.2916
2004-07-19,41.0713
2004-07-16,43.7461
2004-07-15,48.0695
2004-07-14,50.58
2004-07-13,50.8842
2004-07-12,49.2908
2004-07-09,47.1281
2004-07-08,50.431
2004-07-07,55.0939
2004-07-06,55.8792
2004-07-02,60.4866
2004-07-01,60.4177
2004-06-30,67.2503
2004-06-29,65.8755
2004-06-28,65.2324
2004-06-25,61.838
2004-06-24,60.0188
2004-06-23,59.5253
2004-06-22,54.9749
2004-06-21,57.5917
2004-06-18,57.164
2004-06-17,57.7169
2004-06-16,60.3255
2004-06-15,59.3212
2004-06-14,57.4063
2004-06-10,59.5427
2004-06-09,60.4723
2004-06-08,66.0212
2004-06-07,65.7046
2004-06-04,64.2822
2004-06-03,61.3694
2004-06-02,64.4287
2004-06-01,64.2146
2004-05-28,61.0002
2004-05-27,59.2305
2004-05-26,52.3983
2004-05-25,49.46
2004-05-24,43.2734
2004-05-21,41.7064
2004-05-20,41.0676
2004-05-19,42.7298
2004-05-18,43.4356
2004-05-17,43.641
2004-05-14,45.8617
2004-05-13,47.1784
2004-05-12,45.6156
2004-05-11,44.7737
2004-05-10,40.86
2004-05-07,42.1203
2004-05-06,44.6556
2004-05-05,47.0875
2004-05-04,46.3188
2004-05-03,47.2872
2004-04-30,45.3767
2004-04-29,50.9906
2004-04-28,52.8616
2004-04-27,55.4124
2004-04-26,53.8727
2004-04-23,51.8509
2004-04-22,58.356
2004-04-21,51.2582
2004-04-20,49.9153
2004-04-19,55.2248
2004-04-16,51.0557
2004-04-15,55.6079
2004-04-14,55.0974
2004-04-13,54.5763
2004-04-12,58.839
2004-04-08,59.2853
2004-04-07,53.953
2004-04-06,55.7726
2004-04-05,57.3933
2004-04-02,55.3301
2004-04-01,51.8964
2004-03-31,47.7716
2004-03-30,49.199
2004-03-29,46.1413
2004-03-26,42.8082
2004-03-25,43.508
2004-03-24,35.3354
2004-03-23,36.6147
2004-03-22,37.9641
2004-03-19,42.6616
2004-03-18,43.2085
2004-03-17,42.5083
2004-03-16,40.2762
2004-03-15,36.6123
2004-03-12,39.6017
2004-03-11,35.3226
2004-03-10,35.8848
2004-03-09,38.3777
2004-03-08,40.1838
2004-03-05,41.5719
2004-03-04,42.2773
2004-03-03,38.2277
2004-03-02,34.0482
2004-03-01,35.9611
2004-02-27,36.0412
2004-02-26,37.3051
2004-02-25,34.8992
2004-02-24,32.7585
2004-02-23,35.7268
2004-02-20,38.1165
2004-02-19,36.3657
2004-02-18,36.784
2004-02-17,38.0306
2004-02-13,39.6758
2004-02-12,41.0245
2004-02-11,41.181
2004-02-10,36.7403
2004-02-09,37.2051
2004-02-06,38.0347
2004-02-05,37.193
2004-02-04,35.4463
2004-02-03,34.2435
2004-02-02,39.4048
2004-01-30,43.3778
2004-01-29,40.2049
2004-01-28,45.8757
2004-01-27,56.2791
2004-01-26,60.7451
2004-01-23,61.0304
2004-01-22,61.2697
2004-01-21,59.1395
2004-01-20,60.4612
2004-01-16,58.5509
2004-01-15,59.9736
2004-01-14,59.1955
2004-01-13,57.3507
2004-01-12,52.8952
2004-01-09,49.4116
2004-01-08,45.619
2004-01-07,49.9975
2004-01-06,53.3063
2004-01-05,54.0277
2004-01-02,50.3865
2003-12-31,52.461
2003-12-30,53.0664
2003-12-29,54.9007
2003-12-26,54.9007
2003-12-24,54.5685
2003-12-23,52.7158
2003-12-22,46.3013
2003-12-19,44.5065
2003-12-18,43.1456
2003-12-17,39.7965
2003-12-16,43.8207
2003-12-15,45.911
2003-12-12,47.2765
2003-12-11,46.7839
2003-12-10,42.4853
2003-12-09,42.7725
2003-12-08,46.4826
2003-12-05,47.5638
2003-12-04,48.0951
2003-12-03,47.4208
2003-12-02,52.8654
2003-12-01,54.6385
2003-11-28,53.2311
2003-11-26,51.0898
2003-11-25,50.0355
2003-11-24,47.536
2003-11-21,40.7424
2003-11-20,41.2405
2003-11-19,42.4832
2003-11-18,39.8762
2003-11-17,43.2383
2003-11-14,47.5146
2003-11-13,53.1272
2003-11-12,51.578
2003-11-11,46.845
2003-11-10,46.1875
2003-11-07,51.8679
2003-11-06,53.699
2003-11-05,58.7714
2003-11-04,59.1353
2003-11-03,58.8935
2003-10-31,53.906
2003-10-30,57.9857
2003-10-29,60.6128
2003-10-28,60.7358
2003-10-27,56.7544
2003-10-24,56.0652
2003-10-23,55.6573
2003-10-22,55.0489
2003-10-21,72.3489
2003-10-20,73.3366
2003-10-17,73.7351
2003-10-16,74.582
2003-10-15,72.7289
2003-10-14,78.141
2003-10-13,76.1605
2003-10-10,75.8506
2003-10-09,75.5995
2003-10-08,72.6858
2003-10-07,71.5035
2003-10-06,70.3297
2003-10-03,68.2714
2003-10-02,62.8272
2003-10-01,60.6024
2003-09-30,58.9418
2003-09-29,64.2758
2003-09-26,61.247
2003-09-25,67.476
2003-09-24,66.5208
2003-09-23,70.2164
2003-09-22,63.2763
2003-09-19,63.8086
2003-09-18,65.252
2003-09-17,60.5169
2003-09-16,60.8814
2003-09-15,58.7266
2003-09-12,59.4511
2003-09-11,58.0335
2003-09-10,62.3892
2003-09-09,64.4412
2003-09-08,67.1792
2003-09-05,65.4107
2003-09-04,68.9886
2003-09-03,66.5019
2003-09-02,72.2019
2003-08-29,70.0406
2003-08-28,69.1843
2003-08-27,69.0516
2003-08-26,69.2878
2003-08-25,69.1272
2003-08-22,67.871
2003-08-21,69.9307
2003-08-20,65.9648
2003-08-19,65.542
2003-08-18,64.3231
2003-08-15,56.5757
2003-08-14,57.3865
2003-08-13,57.1238
2003-08-12,56.0953
2003-08-11,53.3802
2003-08-08,54.1408
2003-08-07,53.7423
2003-08-06,53.5506
2003-08-05,52.8344
2003-08-04,55.8014
2003-08-01,56.9801
2003-07-31,62.2747
2003-07-30,60.1325
2003-07-29,62.65
2003-07-28,65.0972
2003-07-25,64.1724
2003-07-24,63.619
2003-07-23,61.2676
2003-07-22,47.0777
2003-07-21,48.5614
2003-07-18,47.3615
2003-07-17,51.75
2003-07-16,56.8261
2003-07-15,59.9045
2003-07-14,63.5685
2003-07-11,58.9707
2003-07-10,61.711
2003-07-09,73.9537
2003-07-08,74.0157
2003-07-07,70.5967
2003-07-03,66.6897
2003-07-02,67.7509
2003-07-01,65.9332
2003-06-30,62.8499
2003-06-27,62.7811
2003-06-26,65.1904
2003-06-25,60.6472
2003-06-24,60.7038
2003-06-23,61.6881
2003-06-20,59.8318
2003-06-19,62.2736
2003-06-18,64.1664
2003-06-17,64.1369
2003-06-16,64.1369
2003-06-13,58.8994
2003-06-12,64.5044
2003-06-11,62.773
2003-06-10,60.864
2003-06-09,59.5385
2003-06-06,58.4062
2003-06-05,70.7805
2003-06-04,70.4239
2003-06-03,69.9957
2003-06-02,71.0337
2003-05-30,74.0402
2003-05-29,73.2951
2003-05-28,71.7309
2003-05-27,71.7081
2003-05-23,66.1855
2003-05-22,67.8393
2003-05-21,64.0273
2003-05-20,63.1306
2003-05-19,63.5767
2003-05-16,72.6617
2003-05-15,71.5739
2003-05-14,71.497
2003-05-13,73.7086
2003-05-12,70.6257
2003-05-09,68.5668
2003-05-08,67.0284
2003-05-07,68.5762
2003-05-06,69.6766
2003-05-05,67.1142
2003-05-02,65.5196
2003-05-01,63.0464
2003-04-30,63.2142
2003-04-29,64.2982
2003-04-28,65.4714
2003-04-25,65.0863
2003-04-24,50.7294
2003-04-23,52.377
2003-04-22,53.1707
2003-04-21,51.6389
2003-04-17,50.4252
2003-04-16,47.4878
2003-04-15,51.0187
2003-04-14,50.6469
2003-04-11,54.0583
2003-04-10,53.7199
2003-04-09,51.1109
2003-04-08,58.6255
2003-04-07,60.3577
2003-04-04,57.9998
2003-04-03,60.4477
2003-04-02,59.4262
2003-04-01,56.0733
2003-03-31,58.7644
2003-03-28,65.806
2003-03-27,69.8877
2003-03-26,69.8576
2003-03-25,67.1767
2003-03-24,64.8638
2003-03-21,78.1353
2003-03-20,76.8657
2003-03-19,74.1635
2003-03-18,76.3993
2003-03-17,75.7333
2003-03-14,69.1076
2003-03-13,67.7908
2003-03-12,62.1954
2003-03-11,58.4427
2003-03-10,59.4086
2003-03-07,60.2602
2003-03-06,58.5021
2003-03-05,56.7494
2003-03-04,55.7632
2003-03-03,52.6157
2003-02-28,54.2089
2003-02-27,51.4878
2003-02-26,51.6373
2003-02-25,53.4049
2003-02-24,52.7649
2003-02-21,52.7649
2003-02-20,50.1704
2003-02-19,49.0952
2003-02-18,50.3084
2003-02-14,41.1161
2003-02-13,41.1161
2003-02-12,46.8165
2003-02-11,44.9477
2003-02-10,49.0047
2003-02-07,49.2773
2003-02-06,53.9066
2003-02-05,54.5053
2003-02-04,53.7737
2003-02-03,54.5375
2003-01-31,52.7404
2003-01-30,52.5681
2003-01-29,51.4465
2003-01-28,51.4465
2003-01-27,52.3401
2003-01-24,54.184
2003-01-23,52.6472
2003-01-22,49.5313
2003-01-21,49.0691
2003-01-17,50.6354
2003-01-16,52.6303
2003-01-15,55.0513
2003-01-14,57.567
2003-01-13,54.6337
2003-01-10,51.3474
2003-01-09,51.9935
2003-01-08,50.0174
2003-01-07,52.5502
2003-01-06,48.5832
2003-01-03,47.7036
2003-01-02,42.7972
2002-12-31,38.8991
2002-12-30,40.2796
2002-12-27,38.0157
2002-12-26,43.846
2002-12-24,52.1891
2002-12-23,54.431
2002-12-20,52.0388
2002-12-19,51.4333
2002-12-18,53.8402
2002-12-17,56.0273
2002-12-16,56.3292
2002-12-13,54.8021
2002-12-12,55.1351
2002-12-11,54.6111
2002-12-10,53.4929
2002-12-09,52.727
2002-12-06,57.364
2002-12-05,57.2488
2002-12-04,61.5125
2002-12-03,63.4524
2002-12-02,65.5278
2002-11-29,63.1776
2002-11-27,67.3686
2002-11-26,65.3336
2002-11-25,70.559
2002-11-22,69.8585
2002-11-21,68.2288
2002-11-20,66.7828
2002-11-19,61.4104
2002-11-18,68.8334
2002-11-15,68.1538
2002-11-14,64.6686
2002-11-13,61.4633
2002-11-12,58.8476
2002-11-11,54.7965
2002-11-08,58.1805
2002-11-07,56.2162
2002-11-06,57.6678
2002-11-05,54.524
2002-11-04,54.8988
2002-11-01,61.7552
2002-10-31,59.6427
2002-10-30,55.7184
2002-10-29,55.6105
2002-10-28,55.7395
2002-10-25,60.4718
2002-10-24,64.5801
2002-10-23,64.1253
2002-10-22,62.5904
2002-10-21,62.0906
2002-10-18,61.1876
2002-10-17,59.9517
2002-10-16,64.8565
2002-10-15,62.7324
2002-10-14,64.4826
2002-10-11,61.5846
2002-10-10,59.4615
2002-10-09,54.1672
2002-10-08,54.6604
2002-10-07,53.1404
2002-10-04,52.6883
2002-10-03,53.7837
2002-10-02,55.2009
2002-10-01,54.9406
2002-09-30,50.2744
2002-09-27,56.1202
2002-09-26,56.9355
2002-09-25,49.926
2002-09-24,51.0376
2002-09-23,51.6936
2002-09-20,50.7412
2002-09-19,58.5301
2002-09-18,62.0134
2002-09-17,60.3763
2002-09-16,57.4417
2002-09-13,56.9687
2002-09-12,57.8235
2002-09-11,60.0238
2002-09-10,60.1446
2002-09-09,57.6338
2002-09-06,52.0836
2002-09-05,46.1653
2002-09-04,49.3326
2002-09-03,47.9883
2002-08-30,49.8456
2002-08-29,50.9475
2002-08-28,47.8247
2002-08-27,47.5464
2002-08-26,49.6075
2002-08-23,50.8329
2002-08-22,53.7775
2002-08-21,52.1311
2002-08-20,55.3414
2002-08-19,53.1487
2002-08-16,50.2478
2002-08-15,48.8436
2002-08-14,45.1117
2002-08-13,45.1999
2002-08-12,47.541
2002-08-09,46.5485
2002-08-08,44.7615
2002-08-07,43.2597
2002-08-06,43.7875
2002-08-05,39.4247
2002-08-02,42.956
2002-08-01,44.1967
2002-07-31,45.3636
2002-07-30,46.5706
2002-07-29,44.5823
2002-07-26,37.5586
2002-07-25,35.1027
2002-07-24,40.6619
2002-07-23,42.4468
2002-07-22,46.5445
2002-07-19,45.4384
2002-07-18,46.5719
2002-07-17,49.3136
2002-07-16,49.9085
2002-07-15,48.3138
2002-07-12,45.931
2002-07-11,46.4093
2002-07-10,43.6697
2002-07-09,46.0981
2002-07-08,42.9924
2002-07-05,43.9771
2002-07-03,39.2792
2002-07-02,34.2011
2002-07-01,34.8866
2002-06-28,44.9289
2002-06-27,42.6641
2002-06-26,42.6066
2002-06-25,39.6758
2002-06-24,49.9954
2002-06-21,50.1096
2002-06-20,50.2185
2002-06-19,54.4325
2002-06-18,57.359
2002-06-17,55.6114
2002-06-14,46.6923
2002-06-13,50.3819
2002-06-12,48.1485
2002-06-11,48.5041
2002-06-10,49.4288
2002-06-07,57.8038
2002-06-06,55.5099
2002-06-05,54.4778
2002-06-04,54.366
2002-06-03,54.3128
2002-05-31,55.9893
2002-05-30,56.8537
2002-05-29,60.2632
2002-05-28,61.2322
2002-05-24,63.9002
2002-05-23,63.8272
2002-05-22,61.2181
2002-05-21,61.2781
2002-05-20,65.0955
2002-05-17,64.3247
2002-05-16,67.0779
2002-05-15,69.1396
2002-05-14,65.7113
2002-05-13,60.1684
2002-05-10,58.5448
2002-05-09,63.6706
2002-05-08,62.0316
2002-05-07,56.5338
2002-05-06,56.5981
2002-05-03,56.2671
2002-05-02,57.8848
2002-05-01,58.8976
2002-04-30,60.0723
2002-04-29,58.0451
2002-04-26,62.3497
2002-04-25,62.0198
2002-04-24,61.9141
2002-04-23,49.852
2002-04-22,51.2645
2002-04-19,52.5082
2002-04-18,51.1257
2002-04-17,54.2366
2002-04-16,50.0612
2002-04-15,49.4116
2002-04-12,46.1981
2002-04-11,42.8061
2002-04-10,46.7883
2002-04-09,47.045
2002-04-08,48.826
2002-04-05,46.3449
2002-04-04,46.5355
2002-04-03,47.1337
2002-04-02,49.85
2002-04-01,52.5797
2002-03-28,50.2258
2002-03-27,49.9899
2002-03-26,52.7439
2002-03-25,52.357
2002-03-22,56.1935
2002-03-21,54.7584
2002-03-20,51.9766
2002-03-19,52.7119
2002-03-18,54.3085
2002-03-15,50.3046
2002-03-14,52.304
2002-03-13,58.4872
2002-03-12,61.6178
2002-03-11,63.8979
2002-03-08,62.7183
2002-03-07,60.2143
2002-03-06,64.1984
2002-03-05,63.0198
2002-03-04,65.9414
2002-03-01,62.4024
2002-02-28,57.4289
2002-02-27,58.396
2002-02-26,59.1192
2002-02-25,56.4803
2002-02-22,53.6822
2002-02-21,54.643
2002-02-20,53.3917
2002-02-19,53.626
2002-02-15,55.4757
2002-02-14,57.6972
2002-02-13,55.5757
2002-02-12,54.1311
2002-02-11,55.9023
2002-02-08,53.0569
2002-02-07,47.8067
2002-02-06,47.8862
2002-02-05,48.8115
2002-02-04,52.986
2002-02-01,58.5258
2002-01-31,60.8423
2002-01-30,59.8915
2002-01-29,61.4558
2002-01-28,68.2274
2002-01-25,65.2117
2002-01-24,63.891
2002-01-23,58.5348
2002-01-22,59.2395
2002-01-18,48.0981
2002-01-17,45.6697
2002-01-16,41.9202
2002-01-15,47.891
2002-01-14,46.7735
2002-01-11,52.2105
2002-01-10,52.2732
2002-01-09,55.3707
2002-01-08,57.484
2002-01-07,60.8632
2002-01-04,60.4576
2002-01-03,58.8833
2002-01-02,54.2346
2001-12-31,53.4906
2001-12-28,53.9669
2001-12-27,52.4589
2001-12-26,55.3287
2001-12-24,48.5351
2001-12-21,49.4922
2001-12-20,50.3241
2001-12-19,53.5143
2001-12-18,54.3918
2001-12-17,54.1537
2001-12-14,55.1936
2001-12-13,54.7153
2001-12-12,60.3943
2001-12-11,62.3843
2001-12-10,60.1543
2001-12-07,60.5008
2001-12-06,62.7323
2001-12-05,61.558
2001-12-04,62.4933
2001-12-03,57.2685
2001-11-30,61.9976
2001-11-29,61.377
2001-11-28,63.9446
2001-11-27,63.5827
2001-11-26,67.877
2001-11-23,55.6861
2001-11-21,54.2092
2001-11-20,53.1497
2001-11-19,56.8351
2001-11-16,55.6466
2001-11-15,56.2598
2001-11-14,58.9762
2001-11-13,46.7677
2001-11-12,45.0736
2001-11-09,45.4746
2001-11-08,44.469
2001-11-07,46.9941
2001-11-06,44.5218
2001-11-05,44.1309
2001-11-02,42.3295
2001-11-01,43.4709
2001-10-31,43.6105
2001-10-30,40.2044
2001-10-29,42.9789
2001-10-26,45.3878
2001-10-25,46.4051
2001-10-24,45.6892
2001-10-23,56.1605
2001-10-22,51.8821
2001-10-19,47.1037
2001-10-18,49.9563
2001-10-17,52.9355
2001-10-16,57.5747
2001-10-15,53.4576
2001-10-12,47.716
2001-10-11,45.997
2001-10-10,41.0601
2001-10-09,37.8585
2001-10-08,39.0681
2001-10-05,39.5252
2001-10-04,38.1504
2001-10-03,35.7211
2001-10-02,29.3159
2001-10-01,28.6203
2001-09-28,28.2369
2001-09-27,29.0904
2001-09-26,29.6456
2001-09-25,32.5575
2001-09-24,34.1508
2001-09-21,34.2369
2001-09-20,34.2369
2001-09-19,32.9408
2001-09-18,32.7928
2001-09-17,33.4952
2001-09-10,37.8903
2001-09-07,37.0645
2001-09-06,34.5857
2001-09-05,30.9999
2001-09-04,34.3643
2001-08-31,35.7362
2001-08-30,33.9468
2001-08-29,35.843
2001-08-28,39.078
2001-08-27,39.7776
2001-08-24,40.2049
2001-08-23,36.3042
2001-08-22,38.5753
2001-08-21,36.5236
2001-08-20,38.5353
2001-08-17,35.8363
2001-08-16,34.6392
2001-08-15,35.5853
2001-08-14,37.1936
2001-08-13,34.6366
2001-08-10,33.5712
2001-08-09,35.2066
2001-08-08,37.4133
2001-08-07,39.1716
2001-08-06,40.2724
2001-08-03,41.1888
2001-08-02,41.3317
2001-08-01,42.4156
2001-07-31,42.3693
2001-07-30,42.5644
2001-07-27,41.2799
2001-07-26,41.5151
2001-07-25,38.0795
2001-07-24,39.5602
2001-07-23,53.945
2001-07-20,58.806
2001-07-19,56.9031
2001-07-18,54.7555
2001-07-17,56.7318
2001-07-16,55.3985
2001-07-13,60.4465
2001-07-12,58.6378
2001-07-11,53.9419
2001-07-10,55.3433
2001-07-09,56.374
2001-07-06,54.1856
2001-07-05,54.1856
2001-07-03,49.3441
2001-07-02,51.1457
2001-06-29,49.481
2001-06-28,50.3823
2001-06-27,49.0385
2001-06-26,45.5821
2001-06-25,43.5565
2001-06-22,41.6333
2001-06-21,43.9952
2001-06-20,41.4426
2001-06-19,35.5016
2001-06-18,36.9315
2001-06-15,39.0286
2001-06-14,41.7591
2001-06-13,44.8518
2001-06-12,46.9201
2001-06-11,47.8061
2001-06-08,51.3215
2001-06-07,53.2248
2001-06-06,52.682
2001-06-05,54.6173
2001-06-04,56.6834
2001-06-01,56.8573
2001-05-31,56.0242
2001-05-30,52.578
2001-05-29,59.2599
2001-05-25,58.8458
2001-05-24,57.7797
2001-05-23,53.9461
2001-05-22,56.7111
2001-05-21,57.2688
2001-05-18,51.4806
2001-05-17,51.7212
2001-05-16,49.2821
2001-05-15,46.9719
2001-05-14,46.1424
2001-05-11,51.0161
2001-05-10,50.7967
2001-05-09,52.2418
2001-05-08,56.8512
2001-05-07,60.0339
2001-05-04,62.9285
2001-05-03,60.6471
2001-05-02,62.265
2001-05-01,61.6714
2001-04-30,58.5458
2001-04-27,57.0158
2001-04-26,57.6499
2001-04-25,60.2772
2001-04-24,59.1793
2001-04-23,61.2179
2001-04-20,60.165
2001-04-19,60.951
2001-04-18,62.9988
2001-04-17,58.6829
2001-04-16,56.7945
2001-04-12,59.1079
2001-04-11,55.4733
2001-04-10,51.4994
2001-04-09,48.746
2001-04-06,37.2974
2001-04-05,39.5366
2001-04-04,36.0342
2001-04-03,36.679
2001-04-02,37.999
2001-03-30,41.402
2001-03-29,40.3694
2001-03-28,42.8655
2001-03-27,45.683
2001-03-26,42.7014
2001-03-23,39.3106
2001-03-22,39.3106
2001-03-21,38.4782
2001-03-20,39.1494
2001-03-19,39.8091
2001-03-16,41.1258
2001-03-15,40.6784
2001-03-14,39.7727
2001-03-13,40.6452
2001-03-12,39.3818
2001-03-09,43.2072
2001-03-08,41.3359
2001-03-07,42.6716
2001-03-06,41.4847
2001-03-05,43.2072
2001-03-02,34.0906
2001-03-01,34.9831
2001-02-28,34.0511
2001-02-27,37.2133
2001-02-26,37.6175
2001-02-23,37.174
2001-02-22,37.4268
2001-02-21,37.4268
2001-02-20,38.4432
2001-02-16,40.673
2001-02-15,42.258
2001-02-14,42.0992
2001-02-13,40.3059
2001-02-12,41.6375
2001-02-09,38.7675
2001-02-08,40.455
2001-02-07,41.5194
2001-02-06,42.9211
2001-02-05,39.6473
2001-02-02,39.503
2001-02-01,42.5139
2001-01-31,44.3336
2001-01-30,47.2906
2001-01-29,49.5843
2001-01-26,48.3237
2001-01-25,47.3308
2001-01-24,52.8919
2001-01-23,46.8571
2001-01-22,45.8449
2001-01-19,48.6626
2001-01-18,47.7301
2001-01-17,45.3285
2001-01-16,44.6381
2001-01-12,43.8594
2001-01-11,42.4246
2001-01-10,41.3935
2001-01-09,41.1532
2001-01-08,38.2678
2001-01-05,37.4996
2001-01-04,38.6293
2001-01-03,41.2143
2001-01-02,33.683
2000-12-29,35.6646
2000-12-28,37.9632
2000-12-27,36.9019
2000-12-26,36.974
2000-12-22,34.1628
2000-12-21,33.4062
2000-12-20,34.9532
2000-12-19,36.629
2000-12-18,38.4594
2000-12-15,42.1413
2000-12-14,41.8061
2000-12-13,43.1304
2000-12-12,45.9064
2000-12-11,45.0066
2000-12-08,41.9995
2000-12-07,38.4789
2000-12-06,41.0653
2000-12-05,43.2114
2000-12-04,44.7081
2000-12-01,41.5631
2000-11-30,41.633
2000-11-29,44.2879
2000-11-28,41.2676
2000-11-27,44.8602
2000-11-24,46.066
2000-11-22,39.9486
2000-11-21,38.2816
2000-11-20,40.0337
2000-11-17,41.9391
2000-11-16,42.374
2000-11-15,44.3705
2000-11-14,43.533
2000-11-13,41.8549
2000-11-10,44.3479
2000-11-09,45.716
2000-11-08,48.8823
2000-11-07,52.9346
2000-11-06,52.4697
2000-11-03,53.7981
2000-11-02,56.7893
2000-11-01,54.1695
2000-10-31,53.3187
2000-10-30,48.8041
2000-10-27,52.3299
2000-10-26,54.0149
2000-10-25,47.6037
2000-10-24,44.1727
2000-10-23,44.7001
2000-10-20,45.6533
2000-10-19,41.1494
2000-10-18,36.8957
2000-10-17,31.1385
2000-10-16,33.2815
2000-10-13,37.5611
2000-10-12,30.7846
2000-10-11,33.5886
2000-10-10,36.7054
2000-10-09,35.8888
2000-10-06,37.7134
2000-10-05,40.3093
2000-10-04,43.8037
2000-10-03,41.9623
2000-10-02,43.1336
2000-09-29,47.0267
2000-09-28,49.6192
2000-09-27,45.7586
2000-09-26,48.8985
2000-09-25,49.9966
2000-09-22,51.8578
2000-09-21,49.5342
2000-09-20,44.8425
2000-09-19,50.5054
2000-09-18,54.662
2000-09-15,56.4179
2000-09-14,59.1704
2000-09-13,55.109
2000-09-12,55.6478
2000-09-11,55.1311
2000-09-08,56.2559
2000-09-07,57.3679
2000-09-06,62.3432
2000-09-05,62.0939
2000-09-01,55.9892
2000-08-31,55.9892
2000-08-30,58.933
2000-08-29,53.6064
2000-08-28,52.7264
2000-08-25,54.3118
2000-08-24,53.3914
2000-08-23,52.4654
2000-08-22,48.5284
2000-08-21,50.2397
2000-08-18,52.8977
2000-08-17,51.6835
2000-08-16,52.5413
2000-08-15,50.6908
2000-08-14,46.2031
2000-08-11,44.0553
2000-08-10,37.5906
2000-08-09,38.1577
2000-08-08,40.9023
2000-08-07,42.1177
2000-08-04,39.5481
2000-08-03,37.5372
2000-08-02,36.1448
2000-08-01,35.0281
2000-07-31,34.796
2000-07-28,34.5554
2000-07-27,35.8911
2000-07-26,40.9967
2000-07-25,42.9435
2000-07-24,44.3715
2000-07-21,47.5645
2000-07-20,46.2997
2000-07-19,47.0492
2000-07-18,48.18
2000-07-17,47.3228
2000-07-14,49.1931
2000-07-13,37.1997
2000-07-12,37.2654
2000-07-11,33.6854
2000-07-10,35.6162
2000-07-07,36.7249
2000-07-06,36.6023
2000-07-05,37.0309
2000-07-03,37.505
2000-06-30,36.4381
2000-06-29,37.1542
2000-06-28,37.7997
2000-06-27,35.8516
2000-06-26,32.1041
2000-06-23,32.0156
2000-06-22,38.455
2000-06-21,42.517
2000-06-20,42.5907
2000-06-19,41.4617
2000-06-16,42.1239
2000-06-15,42.4131
2000-06-14,42.5294
2000-06-13,44.829
2000-06-12,44.202
2000-06-09,47.6466
2000-06-08,47.3242
2000-06-07,47.2546
2000-06-06,46.0439
2000-06-05,49.4421
2000-06-02,52.6063
2000-06-01,44.9982
2000-05-31,44.7241
2000-05-30,46.3112
2000-05-26,40.4924
2000-05-25,39.302
2000-05-24,41.7286
2000-05-23,39.5622
2000-05-22,43.8617
2000-05-19,44.526
2000-05-18,47.0058
2000-05-17,52.7047
2000-05-16,50.7465
2000-05-15,47.5566
2000-05-12,44.9484
2000-05-11,46.0118
2000-05-10,44.2716
2000-05-09,46.9647
2000-05-08,46.7238
2000-05-05,49.0035
2000-05-04,45.4995
2000-05-03,44.5205
2000-05-02,46.2167
2000-05-01,49.6392
2000-04-28,44.7974
2000-04-27,42.2315
2000-04-26,42.738
2000-04-25,41.6004
2000-04-24,38.7312
2000-04-20,40.5821
2000-04-19,41.3565
2000-04-18,42.4453
2000-04-17,33.7388
2000-04-14,33.5206
2000-04-13,34.1861
2000-04-12,39.8036
2000-04-11,45.7722
2000-04-10,45.7722
2000-04-07,49.7964
2000-04-06,46.2409
2000-04-05,43.8915
2000-04-04,45.4961
2000-04-03,45.0819
2000-03-31,48.234
2000-03-30,47.7294
2000-03-29,47.4862
2000-03-28,50.9832
2000-03-27,53.8988
2000-03-24,53.5285
2000-03-23,49.1164
2000-03-22,51.9265
2000-03-21,53.5667
2000-03-20,45.6656
2000-03-17,46.2314
2000-03-16,47.5306
2000-03-15,44.9804
2000-03-14,46.5984
2000-03-13,46.286
2000-03-10,47.5836
2000-03-09,49.1942
2000-03-08,44.3953
2000-03-07,44.2698
2000-03-06,44.5934
2000-03-03,43.3048
2000-03-02,43.3447
2000-03-01,45.5511
2000-02-29,47.6325
2000-02-28,45.1483
2000-02-25,47.4579
2000-02-24,46.9314
2000-02-23,48.2631
2000-02-22,42.9751
2000-02-18,43.7092
2000-02-17,46.3982
2000-02-16,47.5022
2000-02-15,49.5707
2000-02-14,49.9883
2000-02-11,51.1248
2000-02-10,51.1248
2000-02-09,53.68
2000-02-08,55.5511
2000-02-07,50.9678
2000-02-04,53.252
2000-02-03,57.0964
2000-02-02,47.6989
2000-02-01,46.1804
2000-01-31,43.9543
2000-01-28,41.6702
2000-01-27,44.8463
2000-01-26,43.177
2000-01-25,45.9298
2000-01-24,46.4879
2000-01-21,40.1528
2000-01-20,41.7167
2000-01-19,42.9333
2000-01-18,40.7996
2000-01-14,40.8646
2000-01-13,41.7545
2000-01-12,40.0066
2000-01-11,41.596
2000-01-10,42.8325
2000-01-07,43.0168
2000-01-06,40.3834
2000-01-05,43.327
2000-01-04,48.9013
2000-01-03,53.6929
1999-12-31,44.4908
1999-12-30,46.429
1999-12-29,49.5356
1999-12-28,48.661
1999-12-27,47.8088
1999-12-23,54.2376
1999-12-22,60.9925
1999-12-21,63.1192
1999-12-20,61.4394
1999-12-17,59.6574
1999-12-16,60.397
1999-12-15,61.8357
1999-12-14,61.3662
1999-12-13,67.6054
1999-12-10,71.8479
1999-12-09,70.5521
1999-12-08,62.2441
1999-12-07,60.9422
1999-12-06,62.3314
1999-12-03,61.8178
1999-12-02,64.3597
1999-12-01,61.9456
1999-11-30,62.0045
