date,EMA
2024-10-04,162.8197
2024-10-03,162.3733
2024-10-02,162.0063
2024-10-01,161.6006
2024-09-30,161.0333
2024-09-27,160.5263
2024-09-26,160.1659
2024-09-25,159.896
2024-09-24,159.7282
2024-09-23,159.4586
2024-09-20,159.2068
2024-09-19,158.7454
2024-09-18,158.3881
2024-09-17,158.2384
2024-09-16,158.1246
2024-09-13,158.1314
2024-09-12,158.2021
2024-09-11,158.5718
2024-09-10,159.352
2024-09-09,160.4774
2024-09-06,161.7161
2024-09-05,162.8739
2024-09-04,163.4891
2024-09-03,164.2522
2024-08-30,165.0
2024-08-29,165.1936
2024-08-28,165.5758
2024-08-27,165.8857
2024-08-26,166.0359
2024-08-23,166.0464
2024-08-22,166.1147
2024-08-21,166.3815
2024-08-20,166.4608
2024-08-19,166.4088
2024-08-16,166.4048
2024-08-15,166.7905
2024-08-14,167.3913
2024-08-13,168.153
2024-08-12,168.5965
2024-08-09,169.2833
2024-08-08,169.8973
2024-08-07,170.7484
2024-08-06,172.0138
2024-08-05,173.4808
2024-08-02,175.0013
2024-08-01,175.9029
2024-07-31,176.4684
2024-07-30,177.0115
2024-07-29,177.7431
2024-07-26,178.6316
2024-07-25,179.8796
2024-07-24,181.2295
2024-07-23,182.1591
2024-07-22,182.2236
2024-07-19,182.3076
2024-07-18,182.8219
2024-07-17,183.3873
2024-07-16,183.662
2024-07-15,183.6609
2024-07-12,183.3852
2024-07-11,183.2341
2024-07-10,183.0144
2024-07-09,182.1819
2024-07-08,181.493
2024-07-05,180.7264
2024-07-03,179.714
2024-07-02,179.0976
2024-07-01,178.4772
2024-06-28,178.028
2024-06-27,177.6199
2024-06-26,176.8261
2024-06-25,176.1095
2024-06-24,175.3018
2024-06-21,174.9147
2024-06-20,174.4438
2024-06-18,174.2733
2024-06-17,174.2121
2024-06-14,173.9184
2024-06-13,173.6412
2024-06-12,173.5061
2024-06-11,173.0802
2024-06-10,172.7326
2024-06-07,172.5176
2024-06-06,172.3588
2024-06-05,171.9448
2024-06-04,171.6259
2024-06-03,171.4435
2024-05-31,171.3071
2024-05-30,171.2266
2024-05-29,171.1786
2024-05-28,170.7276
2024-05-24,170.1766
2024-05-23,169.7156
2024-05-22,169.3574
2024-05-21,168.6643
2024-05-20,167.7438
2024-05-17,166.8242
2024-05-16,165.898
2024-05-15,165.0717
2024-05-14,164.3338
2024-05-13,163.7461
2024-05-10,163.2226
2024-05-09,162.6953
2024-05-08,161.9751
2024-05-07,161.2399
2024-05-06,160.2309
2024-05-03,159.4465
2024-05-02,158.6699
2024-05-01,157.8766
2024-04-30,157.2896
2024-04-29,156.7542
2024-04-26,155.8086
2024-04-25,154.1544
2024-04-24,154.0009
2024-04-23,153.5026
2024-04-22,153.0432
2024-04-19,152.7434
2024-04-18,152.6419
2024-04-17,152.3281
2024-04-16,152.038
2024-04-15,151.8298
2024-04-12,151.5513
2024-04-11,150.9421
2024-04-10,150.0924
2024-04-09,149.4966
2024-04-08,148.7898
2024-04-05,148.1924
2024-04-04,147.7788
2024-04-03,147.5286
2024-04-02,146.791
2024-04-01,146.0136
2024-03-28,145.0568
2024-03-27,144.478
2024-03-26,143.8446
2024-03-25,143.1655
2024-03-22,142.4779
2024-03-21,141.6445
2024-03-20,141.0562
2024-03-19,140.2862
2024-03-18,139.6148
2024-03-15,138.8044
2024-03-14,138.5912
2024-03-13,138.154
2024-03-12,138.0183
2024-03-11,138.0038
2024-03-08,138.075
2024-03-07,138.3909
2024-03-06,138.8482
2024-03-05,139.6666
2024-03-04,140.4377
2024-03-01,141.2187
2024-02-29,141.6838
2024-02-28,142.0594
2024-02-27,142.6929
2024-02-26,143.1305
2024-02-23,143.7518
2024-02-22,143.7675
2024-02-21,143.7712
2024-02-20,143.937
2024-02-16,144.2704
2024-02-15,144.702
2024-02-14,144.9426
2024-02-13,144.8758
2024-02-12,144.8859
2024-02-09,144.6462
2024-02-08,144.2268
2024-02-07,144.0878
2024-02-06,143.9729
2024-02-05,143.9972
2024-02-02,144.0682
2024-02-01,144.2831
2024-01-31,144.6487
2024-01-30,145.1642
2024-01-29,144.541
2024-01-26,143.637
2024-01-25,142.777
2024-01-24,141.8596
2024-01-23,141.1784
2024-01-22,140.5998
2024-01-19,140.0706
2024-01-18,139.4447
2024-01-17,139.0574
2024-01-16,138.8404
2024-01-12,138.4935
2024-01-11,138.0933
2024-01-10,137.7108
2024-01-09,137.267
2024-01-08,136.9161
2024-01-05,136.7499
2024-01-04,136.8928
2024-01-03,136.9813
2024-01-02,136.8136
2023-12-29,136.7069
2023-12-28,136.4294
2023-12-27,136.066
2023-12-26,135.6496
2023-12-22,135.0687
2023-12-21,134.4297
2023-12-20,133.8359
2023-12-19,133.3979
2023-12-18,133.0913
2023-12-15,132.8417
2023-12-14,132.9018
2023-12-13,133.0375
2023-12-12,133.1214
2023-12-11,133.2193
2023-12-08,133.2467
2023-12-07,133.0985
2023-12-06,132.731
2023-12-05,133.0503
2023-12-04,133.3014
2023-12-01,133.7596
2023-11-30,133.994
2023-11-29,134.1827
2023-11-28,134.133
2023-11-27,133.8461
2023-11-24,133.6118
2023-11-22,133.3235
2023-11-21,132.8159
2023-11-20,132.4144
2023-11-17,132.0463
2023-11-16,131.7381
2023-11-15,131.2274
2023-11-14,130.9055
2023-11-13,130.6546
2023-11-10,130.5381
2023-11-09,130.3567
2023-11-08,130.4031
2023-11-07,130.2863
2023-11-06,130.2485
2023-11-03,130.2824
2023-11-02,130.4406
2023-11-01,130.7846
2023-10-31,131.2739
2023-10-30,132.0636
2023-10-27,132.8965
2023-10-26,134.0575
2023-10-25,135.3292
2023-10-24,136.3851
2023-10-23,136.1661
2023-10-20,136.1667
2023-10-19,136.2617
2023-10-18,136.1411
2023-10-17,135.9857
2023-10-16,135.6291
2023-10-13,135.3006
2023-10-12,135.1198
2023-10-11,134.7508
2023-10-10,134.1771
2023-10-09,133.8045
2023-10-06,133.3548
2023-10-05,132.946
2023-10-04,132.7577
2023-10-03,132.5318
2023-10-02,132.5771
2023-09-29,132.4445
2023-09-28,132.6455
2023-09-27,132.7154
2023-09-26,132.9785
2023-09-25,133.4767
2023-09-22,133.76
2023-09-21,134.1636
2023-09-20,134.5896
2023-09-19,134.714
2023-09-18,134.4
2023-09-15,134.035
2023-09-14,133.7168
2023-09-13,133.2915
2023-09-12,132.9673
2023-09-11,132.753
2023-09-08,132.3501
2023-09-07,131.9616
2023-09-06,131.6497
2023-09-05,131.389
2023-09-01,130.9634
2023-08-31,130.5044
2023-08-30,129.9436
2023-08-29,129.3543
2023-08-28,128.8404
2023-08-25,128.6463
2023-08-24,128.5504
2023-08-23,128.4549
2023-08-22,128.0774
2023-08-21,128.0056
2023-08-18,128.0007
2023-08-17,128.091
2023-08-16,127.9324
2023-08-15,127.8852
2023-08-14,127.7197
2023-08-11,127.374
2023-08-10,127.1778
2023-08-09,126.9472
2023-08-08,126.6956
2023-08-07,126.2347
2023-08-04,125.7117
2023-08-03,125.4927
2023-08-02,125.215
2023-08-01,124.9154
2023-07-31,124.2514
2023-07-28,123.3946
2023-07-27,122.4624
2023-07-26,121.766
2023-07-25,121.0099
2023-07-24,120.9155
2023-07-21,120.8825
2023-07-20,121.0047
2023-07-19,121.2258
2023-07-18,121.1731
2023-07-17,120.9331
2023-07-14,120.5744
2023-07-13,120.0972
2023-07-12,119.662
2023-07-11,119.7702
2023-07-10,120.0777
2023-07-07,120.49
2023-07-06,120.6275
2023-07-05,120.7134
2023-07-03,120.6361
2023-06-30,120.7449
2023-06-29,120.8862
2023-06-28,121.1053
2023-06-27,121.2341
2023-06-26,121.5708
2023-06-23,121.9418
2023-06-22,121.9318
2023-06-21,121.8358
2023-06-20,122.0027
2023-06-16,121.9193
2023-06-15,121.7821
2023-06-14,121.4666
2023-06-13,121.2669
2023-06-12,121.0295
2023-06-09,120.787
2023-06-08,120.6671
2023-06-07,120.544
2023-06-06,120.3701
2023-06-05,119.6729
2023-06-02,119.0387
2023-06-01,118.4785
2023-05-31,117.9591
2023-05-30,117.4743
2023-05-26,116.8545
2023-05-25,116.0707
2023-05-24,115.323
2023-05-23,114.7676
2023-05-22,113.9793
2023-05-19,112.8467
2023-05-18,111.8353
2023-05-17,110.71
2023-05-16,109.6753
2023-05-15,108.6713
2023-05-12,107.8767
2023-05-11,106.8933
2023-05-10,105.9052
2023-05-09,105.3192
2023-05-08,105.1335
2023-05-05,104.8841
2023-05-04,104.8395
2023-05-03,104.8826
2023-05-02,104.8546
2023-05-01,104.8332
2023-04-28,104.612
2023-04-27,104.3529
2023-04-26,104.0403
2023-04-25,104.1022
2023-04-24,104.1559
2023-04-21,103.9926
2023-04-20,103.871
2023-04-19,103.7491
2023-04-18,103.731
2023-04-17,103.6774
2023-04-14,103.4637
2023-04-13,102.9231
2023-04-12,102.4768
2023-04-11,102.2764
2023-04-10,101.9804
2023-04-06,101.5388
2023-04-05,100.8428
2023-04-04,100.4883
2023-04-03,100.0703
2023-03-31,99.646
2023-03-30,99.2432
2023-03-29,99.0962
2023-03-28,98.8813
2023-03-27,98.6815
2023-03-24,98.3105
2023-03-23,97.5876
2023-03-22,96.7718
2023-03-21,96.1043
2023-03-20,95.2037
2023-03-17,94.5969
2023-03-16,93.8842
2023-03-15,93.233
2023-03-14,92.9552
2023-03-13,92.873
2023-03-10,93.0824
2023-03-09,93.3642
2023-03-08,93.4982
2023-03-07,93.4437
2023-03-06,93.4245
2023-03-03,93.2698
2023-03-02,93.2542
2023-03-01,93.4103
2023-02-28,93.755
2023-02-27,94.1675
2023-02-24,94.6434
2023-02-23,95.247
2023-02-22,95.7294
2023-02-21,96.1828
2023-02-17,96.6692
2023-02-16,96.9379
2023-02-15,97.1132
2023-02-14,97.1568
2023-02-13,97.4422
2023-02-10,97.7651
2023-02-09,98.1261
2023-02-08,98.479
2023-02-07,98.4112
2023-02-06,97.4679
2023-02-03,96.9229
2023-02-02,96.1233
2023-02-01,94.9286
2023-01-31,94.3758
2023-01-30,93.9317
2023-01-27,93.6404
2023-01-26,93.0632
2023-01-25,92.6196
2023-01-24,92.3707
2023-01-23,91.8353
2023-01-20,91.024
2023-01-19,90.3132
2023-01-18,90.0495
2023-01-17,89.9606
2023-01-13,89.8445
2023-01-12,89.6291
2023-01-11,89.4949
2023-01-10,89.3057
2023-01-09,89.422
2023-01-06,89.5926
2023-01-05,89.8525
2023-01-04,90.2596
2023-01-03,90.512
2022-12-30,90.6818
2022-12-29,90.963
2022-12-28,91.2506
2022-12-27,91.8237
2022-12-23,92.3132
2022-12-22,92.6611
2022-12-21,93.1999
2022-12-20,93.6044
2022-12-19,94.1102
2022-12-16,94.7302
2022-12-15,95.2244
2022-12-14,95.7075
2022-12-13,95.7995
2022-12-12,95.8423
2022-12-09,96.1333
2022-12-08,96.5052
2022-12-07,96.824
2022-12-06,97.0471
2022-12-05,97.0795
2022-12-02,96.8528
2022-12-01,96.5015
2022-11-30,96.0554
2022-11-29,95.5623
2022-11-28,95.6264
2022-11-25,95.6069
2022-11-23,95.4373
2022-11-22,95.1449
2022-11-21,94.9697
2022-11-18,94.9284
2022-11-17,94.6905
2022-11-16,94.33
2022-11-15,93.88
2022-11-14,93.4257
2022-11-11,93.2113
2022-11-10,92.8998
2022-11-09,92.8149
2022-11-08,93.4161
2022-11-07,93.9148
2022-11-04,94.5089
2022-11-03,95.3662
2022-11-02,96.6444
2022-11-01,97.6855
2022-10-31,98.4687
2022-10-28,98.9101
2022-10-27,99.2111
2022-10-26,99.9711
2022-10-25,100.5265
2022-10-24,100.1377
2022-10-21,99.9137
2022-10-20,99.8121
2022-10-19,99.8216
2022-10-18,99.8678
2022-10-17,99.7992
2022-10-14,99.8073
2022-10-13,100.1744
2022-10-12,100.3176
2022-10-11,100.6333
2022-10-10,101.0222
2022-10-07,101.3807
2022-10-06,101.6908
2022-10-05,101.7458
2022-10-04,101.8055
2022-10-03,101.8495
2022-09-30,102.2131
2022-09-29,102.929
2022-09-28,103.5344
2022-09-27,103.9273
2022-09-26,104.6293
2022-09-23,105.3349
2022-09-22,106.0549
2022-09-21,106.7037
2022-09-20,107.5111
2022-09-19,108.2082
2022-09-16,108.776
2022-09-15,109.4319
2022-09-14,110.1453
2022-09-13,110.7144
2022-09-12,111.4147
2022-09-09,111.5021
2022-09-08,111.6207
2022-09-07,111.9902
2022-09-06,112.2862
2022-09-02,112.8905
2022-09-01,113.4493
2022-08-31,113.8685
2022-08-30,114.4913
2022-08-29,115.1041
2022-08-26,115.7311
2022-08-25,116.3274
2022-08-24,116.3239
2022-08-23,116.6309
2022-08-22,116.9523
2022-08-19,117.2677
2022-08-18,117.3044
2022-08-17,117.0342
2022-08-16,116.8006
2022-08-15,116.3167
2022-08-12,115.7419
2022-08-11,115.1486
2022-08-10,114.7911
2022-08-09,114.3057
2022-08-08,114.0915
2022-08-05,113.7845
2022-08-04,113.4272
2022-08-03,112.9568
2022-08-02,112.4483
2022-08-01,112.1961
2022-07-29,111.9457
2022-07-28,111.5157
2022-07-27,111.2609
2022-07-26,111.1011
2022-07-25,111.7686
2022-07-22,112.245
2022-07-21,112.7306
2022-07-20,112.5911
2022-07-19,112.483
2022-07-18,112.3731
2022-07-15,112.7535
2022-07-14,112.8855
2022-07-13,113.1794
2022-07-12,113.4007
2022-07-11,113.3652
2022-07-08,113.1522
2022-07-07,112.5306
2022-07-06,111.9035
2022-07-05,111.6525
2022-07-01,111.5126
2022-06-30,111.8331
2022-06-29,112.1637
2022-06-28,112.2416
2022-06-27,112.2955
2022-06-24,111.9534
2022-06-23,111.3503
2022-06-22,111.2858
2022-06-21,111.2937
2022-06-17,111.2965
2022-06-16,111.7617
2022-06-15,112.3924
2022-06-14,112.6977
2022-06-13,113.3553
2022-06-10,114.116
2022-06-09,114.4561
2022-06-08,114.4462
2022-06-07,114.1876
2022-06-06,113.9064
2022-06-03,113.6302
2022-06-02,113.5642
2022-06-01,113.1678
2022-05-31,113.1213
2022-05-27,113.0836
2022-05-26,113.1937
2022-05-25,113.7905
2022-05-24,114.6587
2022-05-23,115.601
2022-05-20,116.0631
2022-05-19,116.8447
2022-05-18,117.5536
2022-05-17,118.1781
2022-05-16,118.388
2022-05-13,118.8329
2022-05-12,119.1562
2022-05-11,119.8501
2022-05-10,120.5374
2022-05-09,121.2139
2022-05-06,122.1594
2022-05-05,122.8647
2022-05-04,123.5646
2022-05-03,123.7337
2022-05-02,124.4381
2022-04-29,125.2954
2022-04-28,126.5027
2022-04-27,127.3737
2022-04-26,128.7803
2022-04-25,129.8776
2022-04-22,130.626
2022-04-21,131.8141
2022-04-20,132.5836
2022-04-19,133.0953
2022-04-18,133.4542
2022-04-14,134.0957
2022-04-13,134.9042
2022-04-12,135.4655
2022-04-11,136.3148
2022-04-08,137.137
2022-04-07,137.577
2022-04-06,137.7903
2022-04-05,137.9568
2022-04-04,137.7162
2022-04-01,137.2004
2022-03-31,136.9265
2022-03-30,136.7375
2022-03-29,136.2271
2022-03-28,135.6035
2022-03-25,135.0244
2022-03-24,134.3616
2022-03-23,133.6396
2022-03-22,133.1878
2022-03-21,132.5212
2022-03-18,132.1799
2022-03-17,131.8001
2022-03-16,131.6205
2022-03-15,131.4806
2022-03-14,131.7546
2022-03-11,132.3984
2022-03-10,132.6985
2022-03-09,132.7614
2022-03-08,132.727
2022-03-07,133.352
2022-03-04,134.1191
2022-03-03,134.3865
2022-03-02,134.4727
2022-03-01,134.4975
2022-02-28,134.5785
2022-02-25,134.5634
2022-02-24,134.6095
2022-02-23,134.8461
2022-02-22,135.6435
2022-02-18,136.2911
2022-02-17,136.9449
2022-02-16,137.4434
2022-02-15,137.4484
2022-02-14,137.5725
2022-02-11,137.8233
2022-02-10,138.2311
2022-02-09,138.2264
2022-02-08,137.9092
2022-02-07,137.7888
2022-02-04,137.6765
2022-02-03,137.1227
2022-02-02,136.532
2022-02-01,135.3635
2022-01-31,135.1594
2022-01-28,135.1796
2022-01-27,135.407
2022-01-26,136.1146
2022-01-25,136.8728
2022-01-24,137.952
2022-01-21,138.7386
2022-01-20,139.6556
2022-01-19,140.3586
2022-01-18,140.9457
2022-01-14,141.5021
2022-01-13,141.7513
2022-01-12,142.1207
2022-01-11,142.2303
2022-01-10,142.5293
2022-01-07,142.9719
2022-01-06,143.6345
2022-01-05,144.2902
2022-01-04,145.0121
2022-01-03,145.1143
2021-12-31,145.1651
2021-12-30,145.2359
2021-12-29,145.1726
2021-12-28,145.0549
2021-12-27,144.9214
2021-12-23,144.6459
2021-12-22,144.4452
2021-12-21,144.2762
2021-12-20,144.3983
2021-12-17,144.7291
2021-12-16,145.0824
2021-12-15,145.1872
2021-12-14,145.0935
2021-12-13,145.256
2021-12-10,145.2341
2021-12-09,144.9814
2021-12-08,144.7403
2021-12-07,144.4163
2021-12-06,144.1545
2021-12-03,144.2971
2021-12-02,144.5759
2021-12-01,144.7827
2021-11-30,145.2123
2021-11-29,145.5983
2021-11-26,145.6435
2021-11-24,146.0449
2021-11-23,146.0752
2021-11-22,146.1442
2021-11-19,146.1658
2021-11-18,145.9141
2021-11-17,145.5402
2021-11-16,145.315
2021-11-15,145.0841
2021-11-12,144.7684
2021-11-11,144.3957
2021-11-10,144.2895
2021-11-09,144.1588
2021-11-08,143.6967
2021-11-05,143.1741
2021-11-04,142.6154
2021-11-03,142.0592
2021-11-02,141.6197
2021-11-01,141.2564
2021-10-29,141.058
2021-10-28,140.3612
2021-10-27,139.8216
2021-10-26,139.1866
2021-10-25,139.2101
2021-10-22,139.4317
2021-10-21,139.664
2021-10-20,139.4671
2021-10-19,139.2619
2021-10-18,138.8809
2021-10-15,138.508
2021-10-14,138.2439
2021-10-13,137.9748
2021-10-12,138.0521
2021-10-11,138.2565
2021-10-08,138.2236
2021-10-07,138.0957
2021-10-06,138.0132
2021-10-05,138.0964
2021-10-04,138.3502
2021-10-01,138.8789
2021-09-30,139.1604
2021-09-29,139.7727
2021-09-28,140.3782
2021-09-27,140.8925
2021-09-24,140.9105
2021-09-23,140.8103
2021-09-22,140.8046
2021-09-21,140.8961
2021-09-20,141.1285
2021-09-17,141.4184
2021-09-16,141.5202
2021-09-15,141.3378
2021-09-14,141.0501
2021-09-13,140.9301
2021-09-10,140.8196
2021-09-09,140.8505
2021-09-08,140.6048
2021-09-07,140.3175
2021-09-03,139.9381
2021-09-02,139.5755
2021-09-01,139.2223
2021-08-31,138.6294
2021-08-30,138.0285
2021-08-27,137.3755
2021-08-26,136.7154
2021-08-25,136.255
2021-08-24,135.6791
2021-08-23,135.1284
2021-08-20,134.6478
2021-08-19,134.3909
2021-08-18,134.2907
2021-08-17,134.2042
2021-08-16,133.9813
2021-08-13,133.5618
2021-08-12,133.1593
2021-08-11,132.7705
2021-08-10,132.4368
2021-08-09,132.0125
2021-08-06,131.5324
2021-08-05,131.1252
2021-08-04,130.6212
2021-08-03,130.1823
2021-08-02,129.6443
2021-07-30,129.1312
2021-07-29,128.5774
2021-07-28,127.855
2021-07-27,127.0233
2021-07-26,126.5444
2021-07-23,125.791
2021-07-22,125.0653
2021-07-21,124.7456
2021-07-20,124.4838
2021-07-19,124.3352
2021-07-16,124.3422
2021-07-15,124.0987
2021-07-14,123.826
2021-07-13,123.3952
2021-07-12,123.0131
2021-07-09,122.6292
2021-07-08,122.3578
2021-07-07,122.1078
2021-07-06,121.6812
2021-07-02,121.2396
2021-07-01,120.8494
2021-06-30,120.7135
2021-06-29,120.6006
2021-06-28,120.4565
2021-06-25,120.2697
2021-06-24,120.066
2021-06-23,119.8419
2021-06-22,119.6332
2021-06-21,119.3813
2021-06-18,119.1572
2021-06-17,119.0882
2021-06-16,118.8405
2021-06-15,118.6687
2021-06-14,118.4109
2021-06-11,118.0182
2021-06-10,117.6824
2021-06-09,117.2854
2021-06-08,116.9893
2021-06-07,116.7119
2021-06-04,116.3851
2021-06-03,116.0697
2021-06-02,115.9626
2021-06-01,115.7234
2021-05-28,115.4034
2021-05-27,115.1774
2021-05-26,114.8971
2021-05-25,114.4947
2021-05-24,114.1415
2021-05-21,113.7607
2021-05-20,113.6911
2021-05-19,113.5469
2021-05-18,113.5736
2021-05-17,113.6506
2021-05-14,113.5968
2021-05-13,113.5926
2021-05-12,113.8471
2021-05-11,114.2795
2021-05-10,114.3909
2021-05-07,114.4001
2021-05-06,114.0944
2021-05-05,113.833
2021-05-04,113.6627
2021-05-03,113.5161
2021-04-30,113.1638
2021-04-29,112.7197
2021-04-28,112.0227
2021-04-27,111.4294
2021-04-26,111.131
2021-04-23,110.7017
2021-04-22,110.2796
2021-04-21,110.0621
2021-04-20,109.686
2021-04-19,109.2669
2021-04-16,108.7472
2021-04-15,108.2097
2021-04-14,107.6024
2021-04-13,107.1587
2021-04-12,106.6026
2021-04-09,106.0395
2021-04-08,105.2804
2021-04-07,104.5475
2021-04-06,103.7974
2021-04-05,103.1247
2021-04-01,102.3302
2021-03-31,101.9202
2021-03-30,101.8202
2021-03-29,101.794
2021-03-26,101.7686
2021-03-25,101.8511
2021-03-24,101.9016
2021-03-23,101.9572
2021-03-22,101.9723
2021-03-19,102.045
2021-03-18,102.1448
2021-03-17,102.2847
2021-03-16,102.1196
2021-03-15,101.9285
2021-03-12,101.8718
2021-03-11,101.8325
2021-03-10,101.5236
2021-03-09,101.5202
2021-03-08,101.4944
2021-03-05,101.6385
2021-03-04,101.3275
2021-03-03,101.3152
2021-03-02,101.4199
2021-03-01,101.257
2021-02-26,101.0497
2021-02-25,101.0713
2021-02-24,101.1265
2021-02-23,100.8312
2021-02-22,100.6292
2021-02-19,100.4367
2021-02-18,100.0425
2021-02-17,99.5176
2021-02-16,98.8702
2021-02-12,98.1962
2021-02-11,97.5336
2021-02-10,96.8341
2021-02-09,96.073
2021-02-08,95.29
2021-02-05,94.3766
2021-02-04,93.3444
2021-02-03,92.3884
2021-02-02,91.3042
2021-02-01,90.8396
2021-01-29,90.4629
2021-01-28,90.3915
2021-01-27,90.1769
2021-01-26,90.1196
2021-01-25,89.589
2021-01-22,89.0743
2021-01-21,88.5144
2021-01-20,87.9397
2021-01-19,87.326
2021-01-15,87.1496
2021-01-14,87.2531
2021-01-13,87.3501
2021-01-12,87.3717
2021-01-11,87.447
2021-01-08,87.4313
2021-01-07,87.1958
2021-01-06,87.0589
2021-01-05,87.1777
2021-01-04,87.2189
2020-12-31,87.3375
2020-12-30,87.3294
2020-12-29,87.4065
2020-12-28,87.3788
2020-12-24,87.2631
2020-12-23,87.3442
2020-12-22,87.465
2020-12-21,87.6405
2020-12-18,87.7592
2020-12-17,87.9343
2020-12-16,88.0527
2020-12-15,88.096
2020-12-14,88.1234
2020-12-11,88.2
2020-12-10,88.1664
2020-12-09,88.1667
2020-12-08,88.1135
2020-12-07,87.879
2020-12-04,87.5898
2020-12-03,87.2349
2020-12-02,86.8527
2020-12-01,86.4138
2020-11-30,86.0842
2020-11-27,85.9349
2020-11-25,85.5987
2020-11-24,85.3472
2020-11-23,85.0705
2020-11-20,84.9555
2020-11-19,84.782
2020-11-18,84.4738
2020-11-17,84.2272
2020-11-16,83.8444
2020-11-13,83.3563
2020-11-12,82.8261
2020-11-11,82.3947
2020-11-10,81.8947
2020-11-09,81.392
2020-11-06,80.712
2020-11-05,79.9693
2020-11-04,79.1338
2020-11-03,78.2978
2020-11-02,77.8998
2020-10-30,77.572
2020-10-29,77.2527
2020-10-28,77.2108
2020-10-27,77.4065
2020-10-26,77.1602
2020-10-23,76.9647
2020-10-22,76.493
2020-10-21,76.1097
2020-10-20,75.7947
2020-10-19,75.6298
2020-10-16,75.5585
2020-10-15,75.2814
2020-10-14,75.0394
2020-10-13,74.7301
2020-10-12,74.3692
2020-10-09,73.9833
2020-10-08,73.841
2020-10-07,73.8256
2020-10-06,73.9361
2020-10-05,74.1008
2020-10-02,74.1159
2020-10-01,74.2756
2020-09-30,74.2824
2020-09-29,74.4071
2020-09-28,74.5427
2020-09-25,74.7312
2020-09-24,75.0425
2020-09-23,75.4715
2020-09-22,76.0165
2020-09-21,76.354
2020-09-18,76.8829
2020-09-17,77.3575
2020-09-16,77.6933
2020-09-15,77.933
2020-09-14,78.0769
2020-09-11,78.3741
2020-09-10,78.6661
2020-09-09,78.9348
2020-09-08,79.1207
2020-09-04,79.4501
2020-09-03,79.5118
2020-09-02,79.3264
2020-09-01,78.6601
2020-08-31,78.2508
2020-08-28,77.9325
2020-08-27,77.5288
2020-08-26,77.1398
2020-08-25,76.628
2020-08-24,76.2632
2020-08-21,75.9687
2020-08-20,75.6936
2020-08-19,75.3859
2020-08-18,75.2119
2020-08-17,74.9609
2020-08-14,74.8912
2020-08-13,74.875
2020-08-12,74.794
2020-08-11,74.7539
2020-08-10,74.8498
2020-08-07,74.8703
2020-08-06,74.8848
2020-08-05,74.8663
2020-08-04,74.9816
2020-08-03,75.1395
2020-07-31,75.2642
2020-07-30,75.3749
2020-07-29,75.2326
2020-07-28,75.1532
2020-07-27,75.1698
2020-07-24,75.0527
2020-07-23,75.0348
2020-07-22,74.9701
2020-07-21,74.6461
2020-07-20,74.3349
2020-07-17,73.9493
2020-07-16,73.7698
2020-07-15,73.5816
2020-07-14,73.3633
2020-07-13,73.1011
2020-07-10,72.8566
2020-07-09,72.4458
2020-07-08,72.0985
2020-07-07,71.7938
2020-07-06,71.5288
2020-07-02,71.1849
2020-07-01,70.9608
2020-06-30,70.8597
2020-06-29,70.8737
2020-06-26,70.9989
2020-06-25,71.319
2020-06-24,71.2603
2020-06-23,71.2396
2020-06-22,71.0525
2020-06-19,70.9156
2020-06-18,70.9009
2020-06-17,70.8349
2020-06-16,70.6653
2020-06-15,70.5096
2020-06-12,70.4727
2020-06-11,70.4729
2020-06-10,70.531
2020-06-09,70.2655
2020-06-08,70.0383
2020-06-05,69.8085
2020-06-04,69.5965
2020-06-03,69.4972
2020-06-02,69.2565
2020-06-01,68.9745
2020-05-29,68.7017
2020-05-28,68.4074
2020-05-27,68.1623
2020-05-26,67.8806
2020-05-22,67.5637
2020-05-21,67.256
2020-05-20,66.95
2020-05-19,66.5992
2020-05-18,66.3939
2020-05-15,66.1104
2020-05-14,65.8607
2020-05-13,65.6697
2020-05-12,65.5035
2020-05-11,65.1788
2020-05-08,64.6707
2020-05-07,64.2103
2020-05-06,63.7804
2020-05-05,63.4305
2020-05-04,63.0249
2020-05-01,62.7138
2020-04-30,62.3992
2020-04-29,61.8972
2020-04-28,61.3661
2020-04-27,61.3545
2020-04-24,61.1408
2020-04-23,60.8744
2020-04-22,60.6085
2020-04-21,60.3815
2020-04-20,60.3735
2020-04-17,60.1075
2020-04-16,59.7197
2020-04-15,59.4044
2020-04-14,59.0566
2020-04-13,58.6305
2020-04-09,58.4473
2020-04-08,58.2651
2020-04-07,58.0614
2020-04-06,57.9646
2020-04-03,57.8543
2020-04-02,58.2074
2020-04-01,58.47
2020-03-31,58.8386
2020-03-30,58.9318
2020-03-27,59.1169
2020-03-26,59.5108
2020-03-25,59.6697
2020-03-24,60.1671
2020-03-23,60.5678
2020-03-20,61.4091
2020-03-19,62.265
2020-03-18,62.9829
2020-03-17,63.8838
2020-03-16,64.7385
2020-03-13,65.9197
2020-03-12,66.4836
2020-03-11,67.6461
2020-03-10,68.4095
2020-03-09,68.9157
2020-03-06,69.787
2020-03-05,70.3302
2020-03-04,70.8308
2020-03-03,71.0331
2020-03-02,71.4872
2020-02-28,71.7338
2020-02-27,72.2536
2020-02-26,72.9556
2020-02-25,73.335
2020-02-24,73.7762
2020-02-21,74.0877
2020-02-20,74.0982
2020-02-19,73.9336
2020-02-18,73.7104
2020-02-14,73.4922
2020-02-13,73.2548
2020-02-12,73.0204
2020-02-11,72.7338
2020-02-10,72.462
2020-02-07,72.169
2020-02-06,72.0003
2020-02-05,71.8303
2020-02-04,71.7995
2020-02-03,71.7688
2020-01-31,71.5396
2020-01-30,71.5478
2020-01-29,71.4443
2020-01-28,71.3169
2020-01-27,71.2087
2020-01-24,71.1876
2020-01-23,70.9835
2020-01-22,70.6607
2020-01-21,70.3083
2020-01-17,69.9272
2020-01-16,69.5203
2020-01-15,69.2248
2020-01-14,68.9557
2020-01-13,68.7034
2020-01-10,68.3751
2020-01-09,68.0703
2020-01-08,67.7816
2020-01-07,67.5399
2020-01-06,67.3249
2020-01-03,67.0731
2020-01-02,66.9854
2019-12-31,66.8507
2019-12-30,66.8558
2019-12-27,66.8596
2019-12-26,66.7855
2019-12-24,66.6624
2019-12-23,66.6212
2019-12-20,66.543
2019-12-19,66.4535
2019-12-18,66.3272
2019-12-17,66.2113
2019-12-16,66.0676
2019-12-13,65.8783
2019-12-12,65.7417
2019-12-11,65.5822
2019-12-10,65.4281
2019-12-09,65.265
2019-12-06,65.0842
2019-12-05,64.9032
2019-12-04,64.7685
2019-12-03,64.6617
2019-12-02,64.6707
2019-11-29,64.7115
2019-11-27,64.6766
2019-11-26,64.5959
2019-11-25,64.5021
2019-11-22,64.4371
2019-11-21,64.428
2019-11-20,64.3841
2019-11-19,64.3265
2019-11-18,64.2065
2019-11-15,64.0358
2019-11-14,63.7752
2019-11-13,63.6152
2019-11-12,63.5065
2019-11-11,63.3809
2019-11-08,63.2365
2019-11-07,63.0206
2019-11-06,62.7928
2019-11-05,62.6247
2019-11-04,62.4366
2019-11-01,62.2383
2019-10-31,62.1102
2019-10-30,62.0393
2019-10-29,61.951
2019-10-28,61.8536
2019-10-25,61.5972
2019-10-24,61.4434
2019-10-23,61.3007
2019-10-22,61.1508
2019-10-21,61.0713
2019-10-18,60.9673
2019-10-17,60.8516
2019-10-16,60.6797
2019-10-15,60.5412
2019-10-14,60.3921
2019-10-11,60.3558
2019-10-10,60.3264
2019-10-09,60.3267
2019-10-08,60.3642
2019-10-07,60.4701
2019-10-04,60.4919
2019-10-03,60.5018
2019-10-02,60.6258
2019-10-01,60.8233
2019-09-30,60.8942
2019-09-27,60.893
2019-09-26,60.8664
2019-09-25,60.7513
2019-09-24,60.6048
2019-09-23,60.588
2019-09-20,60.4834
2019-09-19,60.3933
2019-09-18,60.2469
2019-09-17,60.1172
2019-09-16,59.9884
2019-09-13,59.8368
2019-09-12,59.6251
2019-09-11,59.4177
2019-09-10,59.2671
2019-09-09,59.1757
2019-09-06,59.077
2019-09-05,58.9623
2019-09-04,58.8048
2019-09-03,58.7877
2019-08-30,58.8356
2019-08-29,58.7785
2019-08-28,58.6958
2019-08-27,58.712
2019-08-26,58.7453
2019-08-23,58.7803
2019-08-22,58.9113
2019-08-21,58.8569
2019-08-20,58.7964
2019-08-19,58.7719
2019-08-16,58.656
2019-08-15,58.6393
2019-08-14,58.6728
2019-08-13,58.7365
2019-08-12,58.6364
2019-08-09,58.6424
2019-08-08,58.5734
2019-08-07,58.4065
2019-08-06,58.3809
2019-08-05,58.378
2019-08-02,58.4605
2019-08-01,58.3334
2019-07-31,58.1118
2019-07-30,57.8332
2019-07-29,57.4738
2019-07-26,57.0039
2019-07-25,56.4668
2019-07-24,56.4469
2019-07-23,56.405
2019-07-22,56.315
2019-07-19,56.2619
2019-07-18,56.2435
2019-07-17,56.1407
2019-07-16,56.0298
2019-07-15,55.8719
2019-07-12,55.7128
2019-07-11,55.5642
2019-07-10,55.4066
2019-07-09,55.249
2019-07-08,55.162
2019-07-05,55.1053
2019-07-03,54.9592
2019-07-02,54.8486
2019-07-01,54.7809
2019-06-28,54.7722
2019-06-27,54.8529
2019-06-26,54.9745
2019-06-25,55.0895
2019-06-24,55.1785
2019-06-21,55.124
2019-06-20,55.0182
2019-06-19,54.9652
2019-06-18,54.9523
2019-06-17,54.9341
2019-06-14,54.9736
2019-06-13,55.0572
2019-06-12,55.1248
2019-06-11,55.262
2019-06-10,55.4035
2019-06-07,55.5509
2019-06-06,55.7893
2019-06-05,56.161
2019-06-04,56.5882
2019-06-03,57.0087
2019-05-31,57.5562
2019-05-30,57.8055
2019-05-29,58.0028
2019-05-28,58.2285
2019-05-24,58.3751
2019-05-23,58.542
2019-05-22,58.6912
2019-05-21,58.8009
2019-05-20,58.9295
2019-05-17,59.1231
2019-05-16,59.2103
2019-05-15,59.2243
2019-05-14,59.3116
2019-05-13,59.6493
2019-05-10,59.961
2019-05-09,60.1425
2019-05-08,60.3413
2019-05-07,60.5463
2019-05-06,60.7305
2019-05-03,60.8574
2019-05-02,61.0182
2019-05-01,61.3169
2019-04-30,61.6113
2019-04-29,61.802
2019-04-26,61.5024
2019-04-25,61.2697
2019-04-24,61.0655
2019-04-23,60.8781
2019-04-22,60.6156
2019-04-18,60.4138
2019-04-17,60.2553
2019-04-16,60.0872
2019-04-15,59.9445
2019-04-12,59.8151
2019-04-11,59.6919
2019-04-10,59.6248
2019-04-09,59.5672
2019-04-08,59.5232
2019-04-05,59.4452
2019-04-04,59.3424
2019-04-03,59.1867
2019-04-02,59.06
2019-04-01,58.9477
2019-03-29,58.8579
2019-03-28,58.8747
2019-03-27,58.9175
2019-03-26,58.9347
2019-03-25,58.8916
2019-03-22,58.8044
2019-03-21,58.6541
2019-03-20,58.3384
2019-03-19,58.0404
2019-03-18,57.8369
2019-03-15,57.685
2019-03-14,57.5079
2019-03-13,57.3005
2019-03-12,57.0369
2019-03-11,56.7552
2019-03-08,56.5382
2019-03-07,56.4521
2019-03-06,56.3524
2019-03-05,56.1682
2019-03-04,55.9423
2019-03-01,55.7754
2019-02-28,55.6166
2019-02-27,55.5565
2019-02-26,55.5093
2019-02-25,55.4617
2019-02-22,55.4337
2019-02-21,55.4068
2019-02-20,55.4419
2019-02-19,55.3947
2019-02-15,55.3114
2019-02-14,55.2555
2019-02-13,55.1435
2019-02-12,55.0226
2019-02-11,54.8946
2019-02-08,54.8868
2019-02-07,54.8767
2019-02-06,54.8471
2019-02-05,54.7252
2019-02-04,54.4383
2019-02-01,54.1761
2019-01-31,54.006
2019-01-30,53.7798
2019-01-29,53.6763
2019-01-28,53.7085
2019-01-25,53.6927
2019-01-24,53.5616
2019-01-23,53.5085
2019-01-22,53.4477
2019-01-18,53.4109
2019-01-17,53.2197
2019-01-16,53.0513
2019-01-15,52.9156
2019-01-14,52.7814
2019-01-11,52.8168
2019-01-10,52.7879
2019-01-09,52.6806
2019-01-08,52.5471
2019-01-07,52.3801
2019-01-04,52.2452
2019-01-03,52.0847
2019-01-02,52.1835
2018-12-31,52.1393
2018-12-28,52.1415
2018-12-27,52.1349
2018-12-26,52.095
2018-12-24,52.0774
2018-12-21,52.3896
2018-12-20,52.7002
2018-12-19,52.8737
2018-12-18,53.0031
2018-12-17,53.1043
2018-12-14,53.3095
2018-12-13,53.3995
2018-12-12,53.3843
2018-12-11,53.3665
2018-12-10,53.4103
2018-12-07,53.5031
2018-12-06,53.6404
2018-12-04,53.6267
2018-12-03,53.6936
2018-11-30,53.4845
2018-11-29,53.2887
2018-11-28,53.1514
2018-11-27,53.0143
2018-11-26,53.0702
2018-11-23,53.1128
2018-11-21,53.2955
2018-11-20,53.4274
2018-11-19,53.6414
2018-11-16,53.8938
2018-11-15,53.9583
2018-11-14,54.0151
2018-11-13,54.1642
2018-11-12,54.3638
2018-11-09,54.577
2018-11-08,54.6675
2018-11-07,54.6751
2018-11-06,54.612
2018-11-05,54.7453
2018-11-02,54.9653
2018-11-01,55.1257
2018-10-31,55.2269
2018-10-30,55.3147
2018-10-29,55.6272
2018-10-26,56.0503
2018-10-25,56.2605
2018-10-24,56.3888
2018-10-23,56.7744
2018-10-22,56.8973
2018-10-19,57.0517
2018-10-18,57.2549
2018-10-17,57.5176
2018-10-16,57.6521
2018-10-15,57.772
2018-10-12,58.0653
2018-10-11,58.2945
2018-10-10,58.7043
2018-10-09,59.1498
2018-10-08,59.3639
2018-10-05,59.544
2018-10-04,59.6806
2018-10-03,59.783
2018-10-02,59.7153
2018-10-01,59.6609
2018-09-28,59.5961
2018-09-27,59.5321
2018-09-26,59.4599
2018-09-25,59.4499
2018-09-24,59.4398
2018-09-21,59.5038
2018-09-20,59.6137
2018-09-19,59.6329
2018-09-18,59.7451
2018-09-17,59.9066
2018-09-14,60.1233
2018-09-13,60.2676
2018-09-12,60.4052
2018-09-11,60.6127
2018-09-10,60.7454
2018-09-07,60.9705
2018-09-06,61.206
2018-09-05,61.4326
2018-09-04,61.6038
2018-08-31,61.729
2018-08-30,61.7597
2018-08-29,61.6748
2018-08-28,61.5274
2018-08-27,61.463
2018-08-24,61.3373
2018-08-23,61.3008
2018-08-22,61.3423
2018-08-21,61.3851
2018-08-20,61.4552
2018-08-17,61.5088
2018-08-16,61.6001
2018-08-15,61.6579
2018-08-14,61.679
2018-08-13,61.5661
2018-08-10,61.4913
2018-08-09,61.3883
2018-08-08,61.2117
2018-08-07,61.0329
2018-08-06,60.8642
2018-08-03,60.7731
2018-08-02,60.6698
2018-08-01,60.54
2018-07-31,60.4394
2018-07-30,60.3584
2018-07-27,60.2541
2018-07-26,60.0188
2018-07-25,59.5876
2018-07-24,59.1612
2018-07-23,58.7833
2018-07-20,58.6131
2018-07-19,58.4939
2018-07-18,58.3558
2018-07-17,58.1307
2018-07-16,57.8809
2018-07-13,57.6918
2018-07-12,57.4413
2018-07-11,57.1811
2018-07-10,57.0499
2018-07-09,56.9275
2018-07-06,56.7916
2018-07-05,56.7054
2018-07-03,56.6825
2018-07-02,56.7885
2018-06-29,56.77
2018-06-28,56.8175
2018-06-27,56.8826
2018-06-26,57.0062
2018-06-25,57.0605
2018-06-22,57.0855
2018-06-21,56.9557
2018-06-20,56.8113
2018-06-19,56.575
2018-06-18,56.342
2018-06-15,56.0589
2018-06-14,55.8735
2018-06-13,55.6643
2018-06-12,55.5164
2018-06-11,55.3321
2018-06-08,55.1667
2018-06-07,55.0269
2018-06-06,54.8634
2018-06-05,54.6169
2018-06-04,54.3231
2018-06-01,53.9877
2018-05-31,53.7118
2018-05-30,53.5906
2018-05-29,53.5749
2018-05-25,53.6068
2018-05-24,53.5582
2018-05-23,53.4972
2018-05-22,53.427
2018-05-21,53.4055
2018-05-18,53.3359
2018-05-17,53.3346
2018-05-16,53.272
2018-05-15,53.188
2018-05-14,53.0911
2018-05-11,52.8699
2018-05-10,52.6423
2018-05-09,52.3798
2018-05-08,52.1763
2018-05-07,52.1109
2018-05-04,52.034
2018-05-03,51.9934
2018-05-02,52.0782
2018-05-01,52.1733
2018-04-30,52.2012
2018-04-27,52.3484
2018-04-26,52.4436
2018-04-25,52.4865
2018-04-24,52.6406
2018-04-23,52.8127
2018-04-20,52.7344
2018-04-19,52.6293
2018-04-18,52.4496
2018-04-17,52.3247
2018-04-16,52.1658
2018-04-13,52.1648
2018-04-12,52.2165
2018-04-11,52.2671
2018-04-10,52.3873
2018-04-09,52.46
2018-04-06,52.6266
2018-04-05,52.8639
2018-04-04,53.007
2018-04-03,53.1807
2018-04-02,53.4305
2018-03-29,53.7383
2018-03-28,53.9499
2018-03-27,54.3516
2018-03-26,54.7863
2018-03-23,55.0192
2018-03-22,55.4212
2018-03-21,55.7259
2018-03-20,55.8482
2018-03-19,55.9739
2018-03-16,56.0904
2018-03-15,56.0388
2018-03-14,55.8968
2018-03-13,55.749
2018-03-12,55.6326
2018-03-09,55.3675
2018-03-08,55.1011
2018-03-07,54.9719
2018-03-06,54.9043
2018-03-05,54.9039
2018-03-02,54.9357
2018-03-01,55.0266
2018-02-28,55.1938
2018-02-27,55.208
2018-02-26,55.1524
2018-02-23,54.9534
2018-02-22,54.8153
2018-02-21,54.7583
2018-02-20,54.675
2018-02-16,54.6364
2018-02-15,54.6361
2018-02-14,54.6575
2018-02-13,54.7792
2018-02-12,55.0111
2018-02-09,55.2652
2018-02-08,55.5896
2018-02-07,56.1505
2018-02-06,56.5201
2018-02-05,56.7762
2018-02-02,57.175
2018-02-01,57.3176
2018-01-31,57.1475
2018-01-30,56.9563
2018-01-29,56.7704
2018-01-26,56.5171
2018-01-25,56.2315
2018-01-24,55.9443
2018-01-23,55.6838
2018-01-22,55.3702
2018-01-19,55.0867
2018-01-18,54.8818
2018-01-17,54.6949
2018-01-16,54.4719
2018-01-12,54.2695
2018-01-11,54.0461
2018-01-10,53.8968
2018-01-09,53.7418
2018-01-08,53.5566
2018-01-05,53.3444
2018-01-04,53.1305
2018-01-03,52.9704
2018-01-02,52.8156
2017-12-29,52.7407
2017-12-28,52.7619
2017-12-27,52.772
2017-12-26,52.7608
2017-12-22,52.7187
2017-12-21,52.6564
2017-12-20,52.5772
2017-12-19,52.4753
2017-12-18,52.3301
2017-12-15,52.1417
2017-12-14,52.0022
2017-12-13,51.9243
2017-12-12,51.8701
2017-12-11,51.824
2017-12-08,51.7563
2017-12-07,51.6949
2017-12-06,51.6524
2017-12-05,51.6677
2017-12-04,51.7534
2017-12-01,51.8887
2017-11-30,51.9689
2017-11-29,51.9994
2017-11-28,52.0266
2017-11-27,51.9208
2017-11-24,51.758
2017-11-22,51.6593
2017-11-21,51.5745
2017-11-20,51.4892
2017-11-17,51.4771
2017-11-16,51.4572
2017-11-15,51.3692
2017-11-14,51.3352
2017-11-13,51.2702
2017-11-10,51.2007
2017-11-09,51.1084
2017-11-08,50.9876
2017-11-07,50.7986
2017-11-06,50.6207
2017-11-03,50.475
2017-11-02,50.2756
2017-11-01,50.0921
2017-10-31,49.8912
2017-10-30,49.7194
2017-10-27,49.529
2017-10-26,49.3157
2017-10-25,49.3018
2017-10-24,49.2862
2017-10-23,49.2845
2017-10-20,49.2982
2017-10-19,49.2108
2017-10-18,49.1311
2017-10-17,48.9858
2017-10-16,48.8344
2017-10-13,48.6756
2017-10-12,48.508
2017-10-11,48.3343
2017-10-10,48.1424
2017-10-09,48.024
2017-10-06,47.8694
2017-10-05,47.6916
2017-10-04,47.5395
2017-10-03,47.4679
2017-10-02,47.3611
2017-09-29,47.2671
2017-09-28,47.1305
2017-09-27,47.0263
2017-09-26,46.9369
2017-09-25,46.956
2017-09-22,46.9937
2017-09-21,46.9882
2017-09-20,46.9596
2017-09-19,46.928
2017-09-18,46.9492
2017-09-15,47.01
2017-09-14,47.048
2017-09-13,47.0647
2017-09-12,47.029
2017-09-11,47.0094
2017-09-08,47.0054
2017-09-07,47.0108
2017-09-06,46.9723
2017-09-05,46.9711
2017-09-01,46.9726
2017-08-31,46.919
2017-08-30,46.8427
2017-08-29,46.8194
2017-08-28,46.835
2017-08-25,46.8922
2017-08-24,46.9431
2017-08-23,46.9657
2017-08-22,46.9608
2017-08-21,46.9669
2017-08-18,47.0761
2017-08-17,47.1689
2017-08-16,47.2638
2017-08-15,47.2814
2017-08-14,47.3334
2017-08-11,47.3864
2017-08-10,47.4914
2017-08-09,47.6416
2017-08-08,47.721
2017-08-07,47.7872
2017-08-04,47.8521
2017-08-03,47.9237
2017-08-02,48.0316
2017-08-01,48.1124
2017-07-31,48.2073
2017-07-28,48.3178
2017-07-27,48.3726
2017-07-26,48.4637
2017-07-25,48.4972
2017-07-24,48.5146
2017-07-21,48.3802
2017-07-20,48.2551
2017-07-19,48.1255
2017-07-18,47.9793
2017-07-17,47.8481
2017-07-14,47.7609
2017-07-13,47.6595
2017-07-12,47.5897
2017-07-11,47.5189
2017-07-10,47.5148
2017-07-07,47.5235
2017-07-06,47.5866
2017-07-05,47.7253
2017-07-03,47.8545
2017-06-30,48.0646
2017-06-29,48.2431
2017-06-28,48.3977
2017-06-27,48.4468
2017-06-26,48.569
2017-06-23,48.5779
2017-06-22,48.5143
2017-06-21,48.4938
2017-06-20,48.4607
2017-06-19,48.4745
2017-06-16,48.4571
2017-06-15,48.525
2017-06-14,48.5919
2017-06-13,48.6251
2017-06-12,48.6483
2017-06-09,48.7196
2017-06-08,48.7548
2017-06-07,48.6143
2017-06-06,48.4731
2017-06-05,48.3429
2017-06-02,48.1612
2017-06-01,48.0011
2017-05-31,47.8652
2017-05-30,47.7213
2017-05-26,47.5146
2017-05-25,47.3014
2017-05-24,47.0732
2017-05-23,46.8957
2017-05-22,46.7366
2017-05-19,46.5948
2017-05-18,46.4875
2017-05-17,46.3907
2017-05-16,46.3275
2017-05-15,46.1398
2017-05-12,45.9606
2017-05-11,45.784
2017-05-10,45.5848
2017-05-09,45.3702
2017-05-08,45.1232
2017-05-05,44.8398
2017-05-04,44.5708
2017-05-03,44.2501
2017-05-02,43.9285
2017-05-01,43.6328
2017-04-28,43.3283
2017-04-27,43.0354
2017-04-26,42.8853
2017-04-25,42.7315
2017-04-24,42.563
2017-04-21,42.4289
2017-04-20,42.3855
2017-04-19,42.3316
2017-04-18,42.2908
2017-04-17,42.259
2017-04-13,42.2178
2017-04-12,42.2507
2017-04-11,42.2805
2017-04-10,42.3216
2017-04-07,42.3575
2017-04-06,42.3951
2017-04-05,42.4209
2017-04-04,42.4294
2017-04-03,42.4196
2017-03-31,42.3868
2017-03-30,42.3975
2017-03-29,42.4006
2017-03-28,42.4019
2017-03-27,42.4519
2017-03-24,42.5182
2017-03-23,42.6093
2017-03-22,42.6862
2017-03-21,42.718
2017-03-20,42.7513
2017-03-17,42.6948
2017-03-16,42.609
2017-03-15,42.5266
2017-03-14,42.4439
2017-03-13,42.3656
2017-03-10,42.286
2017-03-09,42.2147
2017-03-08,42.1547
2017-03-07,42.1103
2017-03-06,42.0744
2017-03-03,42.055
2017-03-02,42.0241
2017-03-01,41.9859
2017-02-28,41.9075
2017-02-27,41.8828
2017-02-24,41.8307
2017-02-23,41.7828
2017-02-22,41.7132
2017-02-21,41.6344
2017-02-17,41.5582
2017-02-16,41.4883
2017-02-15,41.434
2017-02-14,41.3994
2017-02-13,41.347
2017-02-10,41.2947
2017-02-09,41.2585
2017-02-08,41.2436
2017-02-07,41.2281
2017-02-06,41.2144
2017-02-03,41.2392
2017-02-02,41.2744
2017-02-01,41.3231
2017-01-31,41.3928
2017-01-30,41.4439
2017-01-27,41.4812
2017-01-26,41.4112
2017-01-25,41.2711
2017-01-24,41.1084
2017-01-23,40.9755
2017-01-20,40.8554
2017-01-19,40.808
2017-01-18,40.7756
2017-01-17,40.7153
2017-01-13,40.6569
2017-01-12,40.5741
2017-01-11,40.4899
2017-01-10,40.3952
2017-01-09,40.3107
2017-01-06,40.2111
2017-01-05,40.1115
2017-01-04,40.0653
2017-01-03,40.0418
2016-12-30,40.0146
2016-12-29,40.0663
2016-12-28,40.0686
2016-12-27,40.0623
2016-12-23,40.0271
2016-12-22,39.9995
2016-12-21,39.9591
2016-12-20,39.9012
2016-12-19,39.8214
2016-12-16,39.7474
2016-12-15,39.6797
2016-12-14,39.5742
2016-12-13,39.4459
2016-12-12,39.3175
2016-12-09,39.2147
2016-12-08,39.0929
2016-12-07,39.0332
2016-12-06,38.9867
2016-12-05,39.0155
2016-12-02,39.0367
2016-12-01,39.1323
2016-11-30,39.2387
2016-11-29,39.2956
2016-11-28,39.2874
2016-11-25,39.2974
2016-11-23,39.3377
2016-11-22,39.3887
2016-11-21,39.4136
2016-11-18,39.4421
2016-11-17,39.52
2016-11-16,39.5526
2016-11-15,39.6211
2016-11-14,39.7221
2016-11-11,39.9489
2016-11-10,40.1022
2016-11-09,40.2269
2016-11-08,40.2319
2016-11-07,40.2039
2016-11-04,40.2252
2016-11-03,40.3585
2016-11-02,40.5002
2016-11-01,40.6242
2016-10-31,40.6715
2016-10-28,40.7007
2016-10-27,40.6822
2016-10-26,40.6734
2016-10-25,40.6387
2016-10-24,40.5665
2016-10-21,40.449
2016-10-20,40.3804
2016-10-19,40.3173
2016-10-18,40.2189
2016-10-17,40.1396
2016-10-14,40.1289
2016-10-13,40.1287
2016-10-12,40.1313
2016-10-11,40.0938
2016-10-10,40.0639
2016-10-07,40.0067
2016-10-06,40.0141
2016-10-05,40.0099
2016-10-04,40.0149
2016-10-03,40.0123
2016-09-30,40.022
2016-09-29,40.0135
2016-09-28,40.0115
2016-09-27,39.9704
2016-09-26,39.9214
2016-09-23,39.9096
2016-09-22,39.832
2016-09-21,39.741
2016-09-20,39.6978
2016-09-19,39.6776
2016-09-16,39.6784
2016-09-15,39.6656
2016-09-14,39.6344
2016-09-13,39.6565
2016-09-12,39.69
2016-09-09,39.674
2016-09-08,39.7106
2016-09-07,39.6757
2016-09-06,39.6101
2016-09-02,39.5374
2016-09-01,39.5156
2016-08-31,39.5202
2016-08-30,39.5334
2016-08-29,39.5372
2016-08-26,39.5209
2016-08-25,39.5165
2016-08-24,39.5218
2016-08-23,39.5155
2016-08-22,39.4928
2016-08-19,39.4659
2016-08-18,39.422
2016-08-17,39.3571
2016-08-16,39.2715
2016-08-15,39.199
2016-08-12,39.0938
2016-08-11,38.9719
2016-08-10,38.8311
2016-08-09,38.6739
2016-08-08,38.5055
2016-08-05,38.3312
2016-08-04,38.1296
2016-08-03,37.9576
2016-08-02,37.7588
2016-08-01,37.5327
2016-07-29,37.2785
2016-07-28,37.0479
2016-07-27,36.927
2016-07-26,36.8136
2016-07-25,36.711
2016-07-22,36.5983
2016-07-21,36.4644
2016-07-20,36.3421
2016-07-19,36.1928
2016-07-18,36.0471
2016-07-15,35.8872
2016-07-14,35.8026
2016-07-13,35.7083
2016-07-12,35.6372
2016-07-11,35.5428
2016-07-08,35.4663
2016-07-07,35.4312
2016-07-06,35.4476
2016-07-05,35.4567
2016-07-01,35.4883
2016-06-30,35.495
2016-06-29,35.5378
2016-06-28,35.6288
2016-06-27,35.75
2016-06-24,35.9371
2016-06-23,36.1226
2016-06-22,36.1718
2016-06-21,36.2494
2016-06-20,36.3434
2016-06-17,36.4618
2016-06-16,36.6025
2016-06-15,36.653
2016-06-14,36.6671
2016-06-13,36.6772
2016-06-10,36.6955
2016-06-09,36.7089
2016-06-08,36.6747
2016-06-07,36.6347
2016-06-06,36.6527
2016-06-03,36.678
2016-06-02,36.6756
2016-06-01,36.6287
2016-05-31,36.5548
2016-05-27,36.4712
2016-05-26,36.3853
2016-05-25,36.3464
2016-05-24,36.2972
2016-05-23,36.2695
2016-05-20,36.3217
2016-05-19,36.356
2016-05-18,36.4275
2016-05-17,36.4726
2016-05-16,36.5307
2016-05-13,36.5419
2016-05-12,36.583
2016-05-11,36.6114
2016-05-10,36.6298
2016-05-09,36.6038
2016-05-06,36.6288
2016-05-05,36.6772
2016-05-04,36.7857
2016-05-03,36.9231
2016-05-02,37.0903
2016-04-29,37.2439
2016-04-28,37.4478
2016-04-27,37.6881
2016-04-26,37.8675
2016-04-25,38.0453
2016-04-22,38.1534
2016-04-21,38.2962
2016-04-20,38.2323
2016-04-19,38.1884
2016-04-18,38.1329
2016-04-15,38.0114
2016-04-14,37.9176
2016-04-13,37.838
2016-04-12,37.7684
2016-04-11,37.7313
2016-04-08,37.7258
2016-04-07,37.7097
2016-04-06,37.6884
2016-04-05,37.6232
2016-04-04,37.601
2016-04-01,37.542
2016-03-31,37.453
2016-03-30,37.3901
2016-03-29,37.292
2016-03-28,37.1965
2016-03-24,37.1572
2016-03-23,37.1055
2016-03-22,37.0341
2016-03-21,36.9421
2016-03-18,36.8293
2016-03-17,36.7401
2016-03-16,36.6254
2016-03-15,36.5045
2016-03-14,36.4065
2016-03-11,36.2999
2016-03-10,36.2103
2016-03-09,36.178
2016-03-08,36.1777
2016-03-07,36.2398
2016-03-04,36.3123
2016-03-03,36.3009
2016-03-02,36.2811
2016-03-01,36.2178
2016-02-29,36.1338
2016-02-26,36.1719
2016-02-25,36.1738
2016-02-24,36.1537
2016-02-23,36.1745
2016-02-22,36.2165
2016-02-19,36.2012
2016-02-18,36.2208
2016-02-17,36.2665
2016-02-16,36.2411
2016-02-12,36.2883
2016-02-11,36.3968
2016-02-10,36.5196
2016-02-09,36.6528
2016-02-08,36.8306
2016-02-05,37.0106
2016-02-04,37.2116
2016-02-03,37.2959
2016-02-02,37.2875
2016-02-01,37.1126
2016-01-29,36.9726
2016-01-28,36.8673
2016-01-27,36.8194
2016-01-26,36.9278
2016-01-25,36.9625
2016-01-22,37.0017
2016-01-21,36.9829
2016-01-20,37.0607
2016-01-19,37.1893
2016-01-15,37.3288
2016-01-14,37.528
2016-01-13,37.6384
2016-01-12,37.8226
2016-01-11,37.8908
2016-01-08,38.0306
2016-01-07,38.1965
2016-01-06,38.3268
2016-01-05,38.3747
2016-01-04,38.416
2015-12-31,38.4727
2015-12-30,38.4378
2015-12-29,38.3348
2015-12-28,38.2016
2015-12-24,38.116
2015-12-23,38.1075
2015-12-22,38.0841
2015-12-21,38.0655
2015-12-18,38.0781
2015-12-17,38.1128
2015-12-16,38.083
2015-12-15,38.0145
2015-12-14,38.0255
2015-12-11,38.0248
2015-12-10,38.0876
2015-12-09,38.1066
2015-12-08,38.1144
2015-12-07,38.0568
2015-12-04,38.0046
2015-12-03,37.9141
2015-12-02,37.872
2015-12-01,37.7747
2015-11-30,37.636
2015-11-27,37.5927
2015-11-25,37.4969
2015-11-24,37.4052
2015-11-23,37.302
2015-11-20,37.1508
2015-11-19,36.9821
2015-11-18,36.8852
2015-11-17,36.7777
2015-11-16,36.7326
2015-11-13,36.6594
2015-11-12,36.6328
2015-11-11,36.5171
2015-11-10,36.3433
2015-11-09,36.188
2015-11-06,36.0347
2015-11-05,35.8293
2015-11-04,35.6073
2015-11-03,35.3899
2015-11-02,35.1838
2015-10-30,34.9617
2015-10-29,34.7705
2015-10-28,34.52
2015-10-27,34.2848
2015-10-26,34.0464
2015-10-23,33.7918
2015-10-22,33.5722
2015-10-21,33.5301
2015-10-20,33.5326
2015-10-19,33.4923
2015-10-16,33.343
2015-10-15,33.2023
2015-10-14,33.0588
2015-10-13,32.9665
2015-10-12,32.8499
2015-10-09,32.7565
2015-10-08,32.6805
2015-10-07,32.6187
2015-10-06,32.5347
2015-10-05,32.4333
2015-10-02,32.3209
2015-10-01,32.2738
2015-09-30,32.3005
2015-09-29,32.3552
2015-09-28,32.4923
2015-09-25,32.6352
2015-09-24,32.7096
2015-09-23,32.7144
2015-09-22,32.7282
2015-09-21,32.7439
2015-09-18,32.6889
2015-09-17,32.66
2015-09-16,32.5715
2015-09-15,32.5061
2015-09-14,32.4361
2015-09-11,32.4249
2015-09-10,32.3976
2015-09-09,32.3897
2015-09-08,32.4212
2015-09-04,32.4535
2015-09-03,32.5676
2015-09-02,32.6511
2015-09-01,32.7023
2015-08-31,32.8394
2015-08-28,32.895
2015-08-27,32.8942
2015-08-26,32.8499
2015-08-25,32.8441
2015-08-24,33.0859
2015-08-21,33.3235
2015-08-20,33.45
2015-08-19,33.4037
2015-08-18,33.2761
2015-08-17,33.163
2015-08-14,33.0097
2015-08-13,32.8652
2015-08-12,32.7204
2015-08-11,32.5344
2015-08-10,32.3349
2015-08-07,32.2571
2015-08-06,32.1644
2015-08-05,32.0318
2015-08-04,31.8687
2015-08-03,31.7516
2015-07-31,31.604
2015-07-30,31.4788
2015-07-29,31.3034
2015-07-28,31.1259
2015-07-27,30.939
2015-07-24,30.7398
2015-07-23,30.538
2015-07-22,30.2101
2015-07-21,29.7408
2015-07-20,29.2207
2015-07-17,28.6591
2015-07-16,28.0028
2015-07-15,27.7911
2015-07-14,27.6506
2015-07-13,27.4942
2015-07-10,27.3867
2015-07-09,27.3498
2015-07-08,27.3693
2015-07-07,27.4063
2015-07-06,27.4035
2015-07-02,27.4235
2015-07-01,27.4366
2015-06-30,27.4723
2015-06-29,27.5289
2015-06-26,27.585
2015-06-25,27.5851
2015-06-24,27.5595
2015-06-23,27.528
2015-06-22,27.4678
2015-06-19,27.4208
2015-06-18,27.3802
2015-06-17,27.3423
2015-06-16,27.3508
2015-06-15,27.3692
2015-06-12,27.3993
2015-06-11,27.4092
2015-06-10,27.4066
2015-06-09,27.3903
2015-06-08,27.4271
2015-06-05,27.4609
2015-06-04,27.4664
2015-06-03,27.4612
2015-06-02,27.4365
2015-06-01,27.4163
2015-05-29,27.4188
2015-05-28,27.442
2015-05-27,27.4212
2015-05-26,27.3978
2015-05-22,27.409
2015-05-21,27.3828
2015-05-20,27.3419
2015-05-19,27.3193
2015-05-18,27.3112
2015-05-15,27.316
2015-05-14,27.3223
2015-05-13,27.315
2015-05-12,27.3579
2015-05-11,27.4093
2015-05-08,27.4291
2015-05-07,27.4343
2015-05-06,27.4763
2015-05-05,27.5594
2015-05-04,27.6093
2015-05-01,27.6131
2015-04-30,27.6261
2015-04-29,27.653
2015-04-28,27.6165
2015-04-27,27.5605
2015-04-24,27.4895
2015-04-23,27.3713
2015-04-22,27.3258
2015-04-21,27.319
2015-04-20,27.3443
2015-04-17,27.3638
2015-04-16,27.4472
2015-04-15,27.4829
2015-04-14,27.5353
2015-04-13,27.5999
2015-04-10,27.6247
2015-04-09,27.6527
2015-04-08,27.6864
2015-04-07,27.7192
2015-04-06,27.7765
2015-04-02,27.8446
2015-04-01,27.9336
2015-03-31,27.9891
2015-03-30,28.0231
2015-03-27,28.0269
2015-03-26,28.05
2015-03-25,28.0434
2015-03-24,28.0186
2015-03-23,27.9358
2015-03-20,27.9081
2015-03-19,27.8798
2015-03-18,27.8552
2015-03-17,27.8149
2015-03-16,27.8153
2015-03-13,27.7946
2015-03-12,27.817
2015-03-11,27.7989
2015-03-10,27.8077
2015-03-09,27.7956
2015-03-06,27.7073
2015-03-05,27.6161
2015-03-04,27.4705
2015-03-03,27.3258
2015-03-02,27.1635
2015-02-27,27.0039
2015-02-26,26.8926
2015-02-25,26.7871
2015-02-24,26.7332
2015-02-23,26.7193
2015-02-20,26.723
2015-02-19,26.6915
2015-02-18,26.6322
2015-02-17,26.5866
2015-02-13,26.5239
2015-02-12,26.4222
2015-02-11,26.3369
2015-02-10,26.2847
2015-02-09,26.2156
2015-02-06,26.1963
2015-02-05,26.151
2015-02-04,26.122
2015-02-03,26.1097
2015-02-02,26.0582
2015-01-30,26.007
2015-01-29,25.9224
2015-01-28,25.9566
2015-01-27,25.9986
2015-01-26,25.999
2015-01-23,25.9179
2015-01-22,25.8008
2015-01-21,25.6958
2015-01-20,25.6685
2015-01-16,25.6932
2015-01-15,25.7179
2015-01-14,25.7789
2015-01-13,25.8363
2015-01-12,25.9214
2015-01-09,26.0404
2015-01-08,26.1526
2015-01-07,26.2442
2015-01-06,26.3547
2015-01-05,26.469
2015-01-02,26.528
2014-12-31,26.5402
2014-12-30,26.5479
2014-12-29,26.5321
2014-12-26,26.5041
2014-12-24,26.4509
2014-12-23,26.4163
2014-12-22,26.3684
2014-12-19,26.3494
2014-12-18,26.3928
2014-12-17,26.4692
2014-12-16,26.5965
2014-12-15,26.7807
2014-12-12,26.8915
2014-12-11,26.9842
2014-12-10,27.0311
2014-12-09,27.1042
2014-12-08,27.1426
2014-12-05,27.2134
2014-12-04,27.3055
2014-12-03,27.3311
2014-12-02,27.389
2014-12-01,27.4444
2014-11-28,27.5
2014-11-26,27.512
2014-11-25,27.5324
2014-11-24,27.5471
2014-11-21,27.5724
2014-11-20,27.6088
2014-11-19,27.6602
2014-11-18,27.699
2014-11-17,27.7559
2014-11-14,27.8077
2014-11-13,27.82
2014-11-12,27.8271
2014-11-11,27.8254
2014-11-10,27.8076
2014-11-07,27.8039
2014-11-06,27.8336
2014-11-05,27.867
2014-11-04,27.8816
2014-11-03,27.8544
2014-10-31,27.8266
2014-10-30,27.7744
2014-10-29,27.7565
2014-10-28,27.7464
2014-10-27,27.7325
2014-10-24,27.7648
2014-10-23,27.8057
2014-10-22,27.8259
2014-10-21,27.9057
2014-10-20,28.0185
2014-10-17,28.1728
2014-10-16,28.3927
2014-10-15,28.5625
2014-10-14,28.7302
2014-10-13,28.8738
2014-10-10,29.0531
2014-10-09,29.1965
2014-10-08,29.2731
2014-10-07,29.2897
2014-10-06,29.3588
2014-10-03,29.3633
2014-10-02,29.3763
2014-10-01,29.4189
2014-09-30,29.4725
2014-09-29,29.4857
2014-09-26,29.5034
2014-09-25,29.5224
2014-09-24,29.5575
2014-09-23,29.527
2014-09-22,29.5314
2014-09-19,29.5042
2014-09-18,29.4315
2014-09-17,29.3939
2014-09-16,29.3731
2014-09-15,29.3739
2014-09-12,29.4122
2014-09-11,29.4374
2014-09-10,29.4327
2014-09-09,29.4154
2014-09-08,29.4039
2014-09-05,29.3404
2014-09-04,29.2905
2014-09-03,29.2596
2014-09-02,29.2446
2014-08-29,29.2326
2014-08-28,29.2523
2014-08-27,29.2847
2014-08-26,29.3065
2014-08-25,29.3037
2014-08-22,29.2878
2014-08-21,29.2598
2014-08-20,29.2296
2014-08-19,29.1804
2014-08-18,29.1171
2014-08-15,29.0704
2014-08-14,29.0659
2014-08-13,29.056
2014-08-12,29.0455
2014-08-11,29.0993
2014-08-08,29.1317
2014-08-07,29.164
2014-08-06,29.2318
2014-08-05,29.2928
2014-08-04,29.3672
2014-08-01,29.4015
2014-07-31,29.4849
2014-07-30,29.5459
2014-07-29,29.5299
2014-07-28,29.52
2014-07-25,29.4825
2014-07-24,29.4459
2014-07-23,29.3796
2014-07-22,29.2949
2014-07-21,29.2098
2014-07-18,29.1426
2014-07-17,29.0334
2014-07-16,29.0402
2014-07-15,28.9962
2014-07-14,28.9349
2014-07-11,28.8607
2014-07-10,28.8187
2014-07-09,28.807
2014-07-08,28.7766
2014-07-07,28.7691
2014-07-03,28.6959
2014-07-02,28.6028
2014-07-01,28.512
2014-06-30,28.4078
2014-06-27,28.3286
2014-06-26,28.2356
2014-06-25,28.1377
2014-06-24,28.0233
2014-06-23,27.9673
2014-06-20,27.8961
2014-06-19,27.8583
2014-06-18,27.8245
2014-06-17,27.8099
2014-06-16,27.8465
2014-06-13,27.878
2014-06-12,27.8707
2014-06-11,27.867
2014-06-10,27.8209
2014-06-09,27.7658
2014-06-06,27.6922
2014-06-05,27.6354
2014-06-04,27.5785
2014-06-03,27.5742
2014-06-02,27.5655
2014-05-30,27.5043
2014-05-29,27.3983
2014-05-28,27.2869
2014-05-27,27.1642
2014-05-23,27.0055
2014-05-22,26.8882
2014-05-21,26.8024
2014-05-20,26.7377
2014-05-19,26.7151
2014-05-16,26.6983
2014-05-15,26.735
2014-05-14,26.7713
2014-05-13,26.7837
2014-05-12,26.7599
2014-05-09,26.7499
2014-05-08,26.8009
2014-05-07,26.8911
2014-05-06,27.0022
2014-05-05,27.101
2014-05-02,27.1432
2014-05-01,27.1975
2014-04-30,27.233
2014-04-29,27.2915
2014-04-28,27.3485
2014-04-25,27.4816
2014-04-24,27.6281
2014-04-23,27.7304
2014-04-22,27.8275
2014-04-21,27.8927
2014-04-17,27.9971
2014-04-16,28.0915
2014-04-15,28.088
2014-04-14,28.1639
2014-04-11,28.2662
2014-04-10,28.4183
2014-04-09,28.5395
2014-04-08,28.5667
2014-04-07,28.6467
2014-04-04,28.8238
2014-04-03,28.9953
2014-04-02,29.047
2014-04-01,29.1157
2014-03-31,29.1921
2014-03-28,29.3303
2014-03-27,29.4681
2014-03-26,29.636
2014-03-25,29.7749
2014-03-24,29.858
2014-03-21,29.9519
2014-03-20,29.9895
2014-03-19,29.994
2014-03-18,29.9934
2014-03-17,29.9612
2014-03-14,29.976
2014-03-13,30.0432
2014-03-12,30.0746
2014-03-11,30.0613
2014-03-10,30.0659
2014-03-07,30.0405
2014-03-06,30.0039
2014-03-05,29.9507
2014-03-04,29.8955
2014-03-03,29.8434
2014-02-28,29.8179
2014-02-27,29.7556
2014-02-26,29.6774
2014-02-25,29.5884
2014-02-24,29.4905
2014-02-21,29.402
2014-02-20,29.3272
2014-02-19,29.2436
2014-02-18,29.1559
2014-02-14,29.0365
2014-02-13,28.9258
2014-02-12,28.8111
2014-02-11,28.7191
2014-02-10,28.6082
2014-02-07,28.531
2014-02-06,28.4339
2014-02-05,28.3725
2014-02-04,28.3489
2014-02-03,28.336
2014-01-31,28.3342
2014-01-30,28.2071
2014-01-29,28.1866
2014-01-28,28.2389
2014-01-27,28.2543
2014-01-24,28.3287
2014-01-23,28.3514
2014-01-22,28.2811
2014-01-21,28.1903
2014-01-17,28.0935
2014-01-16,28.0212
2014-01-15,27.9262
2014-01-14,27.8413
2014-01-13,27.7454
2014-01-10,27.709
2014-01-09,27.6497
2014-01-08,27.5841
2014-01-07,27.4827
2014-01-06,27.3768
2014-01-03,27.3164
2014-01-02,27.2822
2013-12-31,27.223
2013-12-30,27.1375
2013-12-27,27.0727
2013-12-26,26.9775
2013-12-24,26.8748
2013-12-23,26.776
2013-12-20,26.6583
2013-12-19,26.5663
2013-12-18,26.5026
2013-12-17,26.436
2013-12-16,26.4016
2013-12-13,26.3554
2013-12-12,26.3364
2013-12-11,26.2913
2013-12-10,26.2221
2013-12-09,26.1262
2013-12-06,26.0374
2013-12-05,25.961
2013-12-04,25.9096
2013-12-03,25.8505
2013-12-02,25.7982
2013-11-29,25.7372
2013-11-27,25.6563
2013-11-26,25.5576
2013-11-25,25.4609
2013-11-22,25.3869
2013-11-21,25.3421
2013-11-20,25.2868
2013-11-19,25.2566
2013-11-18,25.2157
2013-11-15,25.1537
2013-11-14,25.0799
2013-11-13,24.994
2013-11-12,24.9062
2013-11-11,24.8637
2013-11-08,24.8199
2013-11-07,24.7572
2013-11-06,24.7091
2013-11-05,24.617
2013-11-04,24.5184
2013-11-01,24.3973
2013-10-31,24.2611
2013-10-30,24.1012
2013-10-29,23.9249
2013-10-28,23.7147
2013-10-25,23.5383
2013-10-24,23.3428
2013-10-23,23.0995
2013-10-22,22.8152
2013-10-21,22.5652
2013-10-18,22.2986
2013-10-17,21.9826
2013-10-16,21.9562
2013-10-15,21.9027
2013-10-14,21.8858
2013-10-11,21.8826
2013-10-10,21.8899
2013-10-09,21.9079
2013-10-08,21.9604
2013-10-07,22.0241
2013-10-04,22.0628
2013-10-03,22.0882
2013-10-02,22.1063
2013-10-01,22.0951
2013-09-30,22.0852
2013-09-27,22.1036
2013-09-26,22.1226
2013-09-25,22.1389
2013-09-24,22.1594
2013-09-23,22.1568
2013-09-20,22.1548
2013-09-19,22.1088
2013-09-18,22.0704
2013-09-17,22.015
2013-09-16,21.9991
2013-09-13,21.9772
2013-09-12,21.9495
2013-09-11,21.9084
2013-09-10,21.8547
2013-09-09,21.8152
2013-09-06,21.7731
2013-09-05,21.749
2013-09-04,21.7223
2013-09-03,21.7137
2013-08-30,21.7338
2013-08-29,21.7916
2013-08-28,21.8329
2013-08-27,21.8967
2013-08-26,21.9631
2013-08-23,21.9936
2013-08-22,22.0173
2013-08-21,22.0343
2013-08-20,22.0646
2013-08-19,22.1084
2013-08-16,22.1562
2013-08-15,22.232
2013-08-14,22.3086
2013-08-13,22.3665
2013-08-12,22.4004
2013-08-09,22.4266
2013-08-08,22.4427
2013-08-07,22.4546
2013-08-06,22.473
2013-08-05,22.4777
2013-08-02,22.4608
2013-08-01,22.4379
2013-07-31,22.4188
2013-07-30,22.4411
2013-07-29,22.4574
2013-07-26,22.4982
2013-07-25,22.5351
2013-07-24,22.5698
2013-07-23,22.568
2013-07-22,22.5638
2013-07-19,22.5409
2013-07-18,22.5527
2013-07-17,22.5287
2013-07-16,22.4814
2013-07-15,22.4264
2013-07-12,22.3522
2013-07-11,22.2746
2013-07-10,22.1962
2013-07-09,22.147
2013-07-08,22.0946
2013-07-05,22.0371
2013-07-03,22.0041
2013-07-02,21.9862
2013-07-01,21.9772
2013-06-28,21.9527
2013-06-27,21.9453
2013-06-26,21.9459
2013-06-25,21.9555
2013-06-24,21.9858
2013-06-21,22.0098
2013-06-20,22.0069
2013-06-19,21.9938
2013-06-18,21.9373
2013-06-17,21.875
2013-06-14,21.8439
2013-06-13,21.8392
2013-06-12,21.8287
2013-06-11,21.8304
2013-06-10,21.8117
2013-06-07,21.7635
2013-06-06,21.7379
2013-06-05,21.7494
2013-06-04,21.7751
2013-06-03,21.805
2013-05-31,21.8157
2013-05-30,21.818
2013-05-29,21.8218
2013-05-28,21.8324
2013-05-24,21.81
2013-05-23,21.8062
2013-05-22,21.777
2013-05-21,21.7273
2013-05-20,21.6262
2013-05-17,21.5103
2013-05-16,21.3805
2013-05-15,21.2511
2013-05-14,21.0763
2013-05-13,20.959
2013-05-10,20.8545
2013-05-09,20.732
2013-05-08,20.6195
2013-05-07,20.4896
2013-05-06,20.3891
2013-05-03,20.2667
2013-05-02,20.1732
2013-05-01,20.1121
2013-04-30,20.0689
2013-04-29,20.0102
2013-04-26,19.9598
2013-04-25,19.9505
2013-04-24,19.9201
2013-04-23,19.875
2013-04-22,19.8397
2013-04-19,19.8213
2013-04-18,19.8015
2013-04-17,19.8691
2013-04-16,19.9
2013-04-15,19.9056
2013-04-12,19.942
2013-04-11,19.9608
2013-04-10,19.9807
2013-04-09,20.0033
2013-04-08,20.0612
2013-04-05,20.1326
2013-04-04,20.1899
2013-04-03,20.2216
2013-04-02,20.2273
2013-04-01,20.2157
2013-03-28,20.234
2013-03-27,20.2726
2013-03-26,20.293
2013-03-25,20.2899
2013-03-22,20.2937
2013-03-21,20.2962
2013-03-20,20.2965
2013-03-19,20.2877
2013-03-18,20.2869
2013-03-15,20.2953
2013-03-14,20.2875
2013-03-13,20.2597
2013-03-12,20.2192
2013-03-11,20.1682
2013-03-08,20.093
2013-03-07,20.0185
2013-03-06,19.9334
2013-03-05,19.8424
2013-03-04,19.7229
2013-03-01,19.6359
2013-02-28,19.5799
2013-02-27,19.5313
2013-02-26,19.4813
2013-02-25,19.4514
2013-02-22,19.4167
2013-02-21,19.3547
2013-02-20,19.2973
2013-02-19,19.2419
2013-02-15,19.1428
2013-02-14,19.07
2013-02-13,19.0029
2013-02-12,18.9418
2013-02-11,18.88
2013-02-08,18.8071
2013-02-07,18.7188
2013-02-06,18.6513
2013-02-05,18.5866
2013-02-04,18.5267
2013-02-01,18.4783
2013-01-31,18.381
2013-01-30,18.326
2013-01-29,18.2701
2013-01-28,18.2087
2013-01-25,18.1486
2013-01-24,18.0745
2013-01-23,17.9921
2013-01-22,17.9335
2013-01-18,17.9704
2013-01-17,18.007
2013-01-16,18.0294
2013-01-15,18.044
2013-01-14,18.0345
2013-01-11,18.0285
2013-01-10,17.9777
2013-01-09,17.9176
2013-01-08,17.8601
2013-01-07,17.8092
2013-01-04,17.7491
2013-01-03,17.6742
2013-01-02,17.6291
2012-12-31,17.5804
2012-12-28,17.5683
2012-12-27,17.5744
2012-12-26,17.5645
2012-12-24,17.5468
2012-12-21,17.5256
2012-12-20,17.4861
2012-12-19,17.4246
2012-12-18,17.3626
2012-12-17,17.2915
2012-12-14,17.2138
2012-12-13,17.1773
2012-12-12,17.1352
2012-12-11,17.1021
2012-12-10,17.0673
2012-12-07,17.059
2012-12-06,17.053
2012-12-05,17.0282
2012-12-04,17.0095
2012-12-03,16.9804
2012-11-30,16.9371
2012-11-29,16.881
2012-11-28,16.8361
2012-11-27,16.8081
2012-11-26,16.8113
2012-11-23,16.84
2012-11-21,16.8537
2012-11-20,16.8744
2012-11-19,16.8865
2012-11-16,16.9045
2012-11-15,16.9798
2012-11-14,17.0628
2012-11-13,17.1406
2012-11-12,17.2095
2012-11-09,17.2676
2012-11-08,17.3394
2012-11-07,17.447
2012-11-06,17.5269
2012-11-05,17.5767
2012-11-02,17.6286
2012-11-01,17.6728
2012-10-31,17.7225
2012-10-26,17.7967
2012-10-25,17.8923
2012-10-24,17.991
2012-10-23,18.1014
2012-10-22,18.2153
2012-10-19,18.3456
2012-10-18,18.4815
2012-10-17,18.5969
2012-10-16,18.5651
2012-10-15,18.5584
2012-10-12,18.5608
2012-10-11,18.5535
2012-10-10,18.5277
2012-10-09,18.5174
2012-10-08,18.5073
2012-10-05,18.4599
2012-10-04,18.3817
2012-10-03,18.2942
2012-10-02,18.2121
2012-10-01,18.1359
2012-09-28,18.0391
2012-09-27,17.9512
2012-09-26,17.8488
2012-09-25,17.7436
2012-09-24,17.6387
2012-09-21,17.5221
2012-09-20,17.4338
2012-09-19,17.3517
2012-09-18,17.2626
2012-09-17,17.1884
2012-09-14,17.1282
2012-09-13,17.0624
2012-09-12,16.9993
2012-09-11,16.9695
2012-09-10,16.9331
2012-09-07,16.8703
2012-09-06,16.7867
2012-09-05,16.7121
2012-09-04,16.6788
2012-08-31,16.6412
2012-08-30,16.5889
2012-08-29,16.5402
2012-08-28,16.4696
2012-08-27,16.4199
2012-08-24,16.3861
2012-08-23,16.3241
2012-08-22,16.2602
2012-08-21,16.1887
2012-08-20,16.1299
2012-08-17,16.0489
2012-08-16,15.9553
2012-08-15,15.863
2012-08-14,15.775
2012-08-13,15.6748
2012-08-10,15.5869
2012-08-09,15.5371
2012-08-08,15.4812
2012-08-07,15.4197
2012-08-06,15.3562
2012-08-03,15.28
2012-08-02,15.1997
2012-08-01,15.144
2012-07-31,15.0722
2012-07-30,14.992
2012-07-27,14.9051
2012-07-26,14.8021
2012-07-25,14.7452
2012-07-24,14.6964
2012-07-23,14.6435
2012-07-20,14.5642
2012-07-19,14.4889
2012-07-18,14.4524
2012-07-17,14.4444
2012-07-16,14.4463
2012-07-13,14.4531
2012-07-12,14.4564
2012-07-11,14.4759
2012-07-10,14.4957
2012-07-09,14.4898
2012-07-06,14.472
2012-07-05,14.4524
2012-07-03,14.4045
2012-07-02,14.3729
2012-06-29,14.3574
2012-06-28,14.3412
2012-06-27,14.3649
2012-06-26,14.3779
2012-06-25,14.4045
2012-06-22,14.4443
2012-06-21,14.46
2012-06-20,14.4938
2012-06-19,14.4988
2012-06-18,14.4937
2012-06-15,14.5162
2012-06-14,14.5578
2012-06-13,14.6181
2012-06-12,14.6794
2012-06-11,14.7366
2012-06-08,14.7909
2012-06-07,14.8194
2012-06-06,14.8567
2012-06-05,14.8918
2012-06-04,14.9574
2012-06-01,15.0084
2012-05-31,15.0847
2012-05-30,15.1431
2012-05-29,15.1882
2012-05-25,15.2219
2012-05-24,15.2666
2012-05-23,15.2841
2012-05-22,15.2881
2012-05-21,15.3154
2012-05-18,15.3105
2012-05-17,15.3411
2012-05-16,15.3154
2012-05-15,15.2715
2012-05-14,15.2698
2012-05-11,15.2867
2012-05-10,15.3022
2012-05-09,15.2971
2012-05-08,15.3033
2012-05-07,15.3006
2012-05-04,15.3114
2012-05-03,15.3512
2012-05-02,15.3582
2012-05-01,15.3758
2012-04-30,15.4028
2012-04-27,15.4314
2012-04-26,15.4364
2012-04-25,15.4407
2012-04-24,15.4605
2012-04-23,15.5047
2012-04-20,15.5632
2012-04-19,15.6319
2012-04-18,15.6993
2012-04-17,15.7523
2012-04-16,15.8054
2012-04-13,15.8732
2012-04-12,15.8994
2012-04-11,15.8588
2012-04-10,15.8536
2012-04-09,15.8717
2012-04-05,15.8813
2012-04-04,15.888
2012-04-03,15.888
2012-04-02,15.8683
2012-03-30,15.8352
2012-03-29,15.8135
2012-03-28,15.7707
2012-03-27,15.7041
2012-03-26,15.6534
2012-03-23,15.5914
2012-03-22,15.5405
2012-03-21,15.4752
2012-03-20,15.419
2012-03-19,15.374
2012-03-16,15.3229
2012-03-15,15.29
2012-03-14,15.2639
2012-03-13,15.2486
2012-03-12,15.227
2012-03-09,15.2364
2012-03-08,15.2597
2012-03-07,15.2673
2012-03-06,15.2765
2012-03-05,15.2916
2012-03-02,15.2839
2012-03-01,15.2568
2012-02-29,15.2239
2012-02-28,15.1985
2012-02-27,15.17
2012-02-24,15.1624
2012-02-23,15.1525
2012-02-22,15.1515
2012-02-21,15.1456
2012-02-17,15.1231
2012-02-16,15.1229
2012-02-15,15.1177
2012-02-14,15.1145
2012-02-13,15.0998
2012-02-10,15.0773
2012-02-09,15.0689
2012-02-08,15.045
2012-02-07,15.0229
2012-02-06,15.0065
2012-02-03,14.9823
2012-02-02,14.9891
2012-02-01,15.0262
2012-01-31,15.0785
2012-01-30,15.1382
2012-01-27,15.2105
2012-01-26,15.2844
2012-01-25,15.3974
2012-01-24,15.5186
2012-01-23,15.6225
2012-01-20,15.7252
2012-01-19,15.8374
2012-01-18,15.8204
2012-01-17,15.8192
2012-01-13,15.8292
2012-01-12,15.8497
2012-01-11,15.8602
2012-01-10,15.8814
2012-01-09,15.9123
2012-01-06,15.9482
2012-01-05,15.9154
2012-01-04,15.8554
2012-01-03,15.7647
2011-12-30,15.672
2011-12-29,15.6209
2011-12-28,15.5737
2011-12-27,15.5286
2011-12-23,15.4773
2011-12-22,15.4393
2011-12-21,15.4064
2011-12-20,15.3802
2011-12-19,15.3393
2011-12-16,15.3166
2011-12-15,15.2806
2011-12-14,15.2577
2011-12-13,15.2363
2011-12-12,15.1927
2011-12-09,15.1452
2011-12-08,15.0873
2011-12-07,15.0533
2011-12-06,14.9964
2011-12-05,14.9325
2011-12-02,14.8569
2011-12-01,14.7872
2011-11-30,14.7276
2011-11-29,14.6996
2011-11-28,14.712
2011-11-25,14.7118
2011-11-23,14.7779
2011-11-22,14.8323
2011-11-21,14.8663
2011-11-18,14.9015
2011-11-17,14.9036
2011-11-16,14.8903
2011-11-15,14.8475
2011-11-14,14.7869
2011-11-11,14.7293
2011-11-10,14.6779
2011-11-09,14.656
2011-11-08,14.6163
2011-11-07,14.5425
2011-11-04,14.4714
2011-11-03,14.425
2011-11-02,14.3701
2011-11-01,14.3428
2011-10-31,14.3289
2011-10-28,14.2766
2011-10-27,14.1992
2011-10-26,14.1174
2011-10-25,14.0596
2011-10-24,14.004
2011-10-21,13.9076
2011-10-20,13.8167
2011-10-19,13.7342
2011-10-18,13.6508
2011-10-17,13.5329
2011-10-14,13.4238
2011-10-13,13.2788
2011-10-12,13.2047
2011-10-11,13.1503
2011-10-10,13.1043
2011-10-07,13.0692
2011-10-06,13.0886
2011-10-05,13.111
2011-10-04,13.1621
2011-10-03,13.226
2011-09-30,13.3134
2011-09-29,13.3587
2011-09-28,13.3758
2011-09-27,13.3913
2011-09-26,13.3807
2011-09-23,13.3887
2011-09-22,13.4143
2011-09-21,13.4553
2011-09-20,13.4518
2011-09-19,13.4285
2011-09-16,13.4025
2011-09-15,13.3738
2011-09-14,13.3529
2011-09-13,13.3574
2011-09-12,13.3692
2011-09-09,13.3805
2011-09-08,13.407
2011-09-07,13.4096
2011-09-06,13.415
2011-09-02,13.4521
2011-09-01,13.4861
2011-08-31,13.5035
2011-08-30,13.5005
2011-08-29,13.4979
2011-08-26,13.4992
2011-08-25,13.5328
2011-08-24,13.588
2011-08-23,13.6404
2011-08-22,13.7101
2011-08-19,13.8415
2011-08-18,14.0058
2011-08-17,14.1507
2011-08-16,14.2364
2011-08-15,14.3156
2011-08-12,14.3553
2011-08-11,14.3818
2011-08-10,14.4155
2011-08-09,14.4873
2011-08-08,14.5024
2011-08-05,14.5912
2011-08-04,14.6024
2011-08-03,14.6188
2011-08-02,14.5746
2011-08-01,14.5489
2011-07-29,14.4827
2011-07-28,14.4175
2011-07-27,14.3264
2011-07-26,14.2356
2011-07-25,14.0949
2011-07-22,13.9486
2011-07-21,13.789
2011-07-20,13.6422
2011-07-19,13.5105
2011-07-18,13.3461
2011-07-15,13.1843
2011-07-14,12.9985
2011-07-13,12.974
2011-07-12,12.9224
2011-07-11,12.8765
2011-07-08,12.8435
2011-07-07,12.7946
2011-07-06,12.7021
2011-07-05,12.6295
2011-07-01,12.5569
2011-06-30,12.5067
2011-06-29,12.4898
2011-06-28,12.4943
2011-06-27,12.5097
2011-06-24,12.5552
2011-06-23,12.6263
2011-06-22,12.6909
2011-06-21,12.7445
2011-06-20,12.7878
2011-06-17,12.8579
2011-06-16,12.9342
2011-06-15,12.9782
2011-06-14,13.02
2011-06-13,13.0519
2011-06-10,13.0967
2011-06-09,13.1337
2011-06-08,13.1555
2011-06-07,13.1733
2011-06-06,13.1932
2011-06-03,13.2099
2011-06-02,13.2231
2011-06-01,13.2245
2011-05-31,13.2326
2011-05-27,13.2325
2011-05-26,13.2538
2011-05-25,13.2846
2011-05-24,13.3146
2011-05-23,13.3514
2011-05-20,13.3918
2011-05-19,13.4216
2011-05-18,13.4356
2011-05-17,13.4547
2011-05-16,13.4742
2011-05-13,13.5275
2011-05-12,13.557
2011-05-11,13.5752
2011-05-10,13.5943
2011-05-09,13.5963
2011-05-06,13.6117
2011-05-05,13.635
2011-05-04,13.6634
2011-05-03,13.6908
2011-05-02,13.7262
2011-04-29,13.7529
2011-04-28,13.7679
2011-04-27,13.8005
2011-04-26,13.8372
2011-04-25,13.8908
2011-04-21,13.9704
2011-04-20,14.0583
2011-04-19,14.1538
2011-04-18,14.2704
2011-04-15,14.3852
2011-04-14,14.5021
2011-04-13,14.5053
2011-04-12,14.5147
2011-04-11,14.54
2011-04-08,14.5503
2011-04-07,14.5595
2011-04-06,14.5648
2011-04-05,14.586
2011-04-04,14.6229
2011-04-01,14.6147
2011-03-31,14.5947
2011-03-30,14.586
2011-03-29,14.5893
2011-03-28,14.5932
2011-03-25,14.6143
2011-03-24,14.6261
2011-03-23,14.6203
2011-03-22,14.6263
2011-03-21,14.6458
2011-03-18,14.6694
2011-03-17,14.7362
2011-03-16,14.8092
2011-03-15,14.9011
2011-03-14,14.9699
2011-03-11,15.0448
2011-03-10,15.1099
2011-03-09,15.1724
2011-03-08,15.2112
2011-03-07,15.2528
2011-03-04,15.3004
2011-03-03,15.3294
2011-03-02,15.3379
2011-03-01,15.3705
2011-02-28,15.4065
2011-02-25,15.4131
2011-02-24,15.4292
2011-02-23,15.4501
2011-02-22,15.4668
2011-02-18,15.4881
2011-02-17,15.4593
2011-02-16,15.4401
2011-02-15,15.4217
2011-02-14,15.4016
2011-02-11,15.3688
2011-02-10,15.3421
2011-02-09,15.3339
2011-02-08,15.3246
2011-02-07,15.3095
2011-02-04,15.3034
2011-02-03,15.3055
2011-02-02,15.31
2011-02-01,15.3101
2011-01-31,15.3127
2011-01-28,15.3437
2011-01-27,15.3763
2011-01-26,15.3707
2011-01-25,15.3653
2011-01-24,15.3504
2011-01-21,15.3572
2011-01-20,15.3627
2011-01-19,15.3294
2011-01-18,15.2795
2011-01-14,15.2036
2011-01-13,15.1604
2011-01-12,15.1324
2011-01-11,15.101
2011-01-10,15.0685
2011-01-07,15.0373
2011-01-06,14.997
2011-01-05,14.9602
2011-01-04,14.9311
2011-01-03,14.9174
2010-12-31,14.8962
2010-12-30,14.9002
2010-12-29,14.8918
2010-12-28,14.8768
2010-12-27,14.8657
2010-12-23,14.8444
2010-12-22,14.8159
2010-12-21,14.7811
2010-12-20,14.749
2010-12-17,14.7347
2010-12-16,14.73
2010-12-15,14.7224
2010-12-14,14.7178
2010-12-13,14.7006
2010-12-10,14.6822
2010-12-09,14.6684
2010-12-08,14.6549
2010-12-07,14.6425
2010-12-06,14.6378
2010-12-03,14.6557
2010-12-02,14.6896
2010-12-01,14.7301
2010-11-30,14.7946
2010-11-29,14.8887
2010-11-26,14.9231
2010-11-24,14.9404
2010-11-23,14.9464
2010-11-22,14.9845
2010-11-19,15.0051
2010-11-18,15.0288
2010-11-17,15.0399
2010-11-16,15.0865
2010-11-15,15.1375
2010-11-12,15.163
2010-11-11,15.1705
2010-11-10,15.1422
2010-11-09,15.096
2010-11-08,15.0398
2010-11-05,14.9725
2010-11-04,14.9027
2010-11-03,14.8275
2010-11-02,14.7553
2010-11-01,14.6875
2010-10-29,14.6142
2010-10-28,14.5365
2010-10-27,14.4378
2010-10-26,14.3343
2010-10-25,14.2143
2010-10-22,14.0872
2010-10-21,13.9572
2010-10-20,13.8149
2010-10-19,13.6682
2010-10-18,13.5064
2010-10-15,13.3016
2010-10-14,13.1181
2010-10-13,13.0746
2010-10-12,13.0202
2010-10-11,12.9652
2010-10-08,12.9111
2010-10-07,12.8579
2010-10-06,12.8157
2010-10-05,12.7577
2010-10-04,12.6834
2010-10-01,12.643
2010-09-30,12.5898
2010-09-29,12.5306
2010-09-28,12.4601
2010-09-27,12.3835
2010-09-24,12.2904
2010-09-23,12.1957
2010-09-22,12.1274
2010-09-21,12.0452
2010-09-20,11.9611
2010-09-17,11.8818
2010-09-16,11.8418
2010-09-15,11.8216
2010-09-14,11.8004
2010-09-13,11.7775
2010-09-10,11.7474
2010-09-09,11.7302
2010-09-08,11.711
2010-09-07,11.7047
2010-09-03,11.7139
2010-09-02,11.7086
2010-09-01,11.7214
2010-08-31,11.7431
2010-08-30,11.7942
2010-08-27,11.8437
2010-08-26,11.8823
2010-08-25,11.9455
2010-08-24,12.0058
2010-08-23,12.081
2010-08-20,12.1307
2010-08-19,12.1911
2010-08-18,12.2421
2010-08-17,12.2611
2010-08-16,12.2602
2010-08-13,12.2721
2010-08-12,12.2832
2010-08-11,12.2807
2010-08-10,12.2785
2010-08-09,12.2446
2010-08-06,12.2029
2010-08-05,12.1702
2010-08-04,12.1134
2010-08-03,12.0552
2010-08-02,12.0344
2010-07-30,12.0099
2010-07-29,11.9974
2010-07-28,11.9832
2010-07-27,11.9692
2010-07-26,11.9319
2010-07-23,11.9004
2010-07-22,11.8626
2010-07-21,11.8347
2010-07-20,11.8231
2010-07-19,11.7996
2010-07-16,11.8141
2010-07-15,11.8475
2010-07-14,11.7937
2010-07-13,11.7414
2010-07-12,11.6892
2010-07-09,11.6667
2010-07-08,11.6638
2010-07-07,11.6894
2010-07-06,11.7344
2010-07-02,11.8213
2010-07-01,11.9162
2010-06-30,12.0132
2010-06-29,12.1062
2010-06-28,12.1843
2010-06-25,12.2238
2010-06-24,12.2659
2010-06-23,12.306
2010-06-22,12.3321
2010-06-21,12.3498
2010-06-18,12.3633
2010-06-17,12.3481
2010-06-16,12.3311
2010-06-15,12.3092
2010-06-14,12.2936
2010-06-11,12.3153
2010-06-10,12.3253
2010-06-09,12.3404
2010-06-08,12.3912
2010-06-07,12.419
2010-06-04,12.4478
2010-06-03,12.4449
2010-06-02,12.4235
2010-06-01,12.4321
2010-05-28,12.4706
2010-05-27,12.5046
2010-05-26,12.5294
2010-05-25,12.5963
2010-05-24,12.666
2010-05-21,12.7428
2010-05-20,12.8411
2010-05-19,12.9421
2010-05-18,13.0025
2010-05-17,13.0589
2010-05-14,13.0959
2010-05-13,13.138
2010-05-12,13.1757
2010-05-11,13.2318
2010-05-10,13.2843
2010-05-07,13.309
2010-05-06,13.4114
2010-05-05,13.5101
2010-05-04,13.5899
2010-05-03,13.6871
2010-04-30,13.7306
2010-04-29,13.7917
2010-04-28,13.8426
2010-04-27,13.9063
2010-04-26,13.977
2010-04-23,14.0484
2010-04-22,14.0921
2010-04-21,14.135
2010-04-20,14.1633
2010-04-19,14.1927
2010-04-16,14.2381
2010-04-15,14.2883
2010-04-14,14.2247
2010-04-13,14.1712
2010-04-12,14.1178
2010-04-09,14.0958
2010-04-08,14.0886
2010-04-07,14.0773
2010-04-06,14.0752
2010-04-05,14.0606
2010-04-01,14.0371
2010-03-31,14.0169
2010-03-30,13.9991
2010-03-29,13.9804
2010-03-26,13.971
2010-03-25,13.96
2010-03-24,13.9473
2010-03-23,13.9479
2010-03-22,13.9705
2010-03-19,13.973
2010-03-18,13.9693
2010-03-17,13.9483
2010-03-16,13.9274
2010-03-15,13.9051
2010-03-12,13.8859
2010-03-11,13.8215
2010-03-10,13.7462
2010-03-09,13.6752
2010-03-08,13.6397
2010-03-05,13.5943
2010-03-04,13.5396
2010-03-03,13.5045
2010-03-02,13.4901
2010-03-01,13.4854
2010-02-26,13.5023
2010-02-25,13.5364
2010-02-24,13.5751
2010-02-23,13.6047
2010-02-22,13.6278
2010-02-19,13.633
2010-02-18,13.6441
2010-02-17,13.65
2010-02-16,13.6696
2010-02-12,13.6832
2010-02-11,13.7197
2010-02-10,13.7515
2010-02-09,13.7917
2010-02-08,13.8309
2010-02-05,13.8821
2010-02-04,13.9444
2010-02-03,14.0251
2010-02-02,14.0774
2010-02-01,14.1607
2010-01-29,14.2478
2010-01-28,14.3521
2010-01-27,14.456
2010-01-26,14.5502
2010-01-25,14.6535
2010-01-22,14.7741
2010-01-21,14.881
2010-01-20,14.9123
2010-01-19,14.9537
2010-01-15,14.9805
2010-01-14,15.0301
2010-01-13,15.0591
2010-01-12,15.0983
2010-01-11,15.1328
2010-01-08,15.1429
2010-01-07,15.1517
2010-01-06,15.1822
2010-01-05,15.1787
2010-01-04,15.1334
2009-12-31,15.076
2009-12-30,15.0305
2009-12-29,14.9729
2009-12-28,14.918
2009-12-24,14.8482
2009-12-23,14.7826
2009-12-22,14.7279
2009-12-21,14.6954
2009-12-18,14.6659
2009-12-17,14.6392
2009-12-16,14.6162
2009-12-15,14.5807
2009-12-14,14.5537
2009-12-11,14.517
2009-12-10,14.4902
2009-12-09,14.458
2009-12-08,14.4288
2009-12-07,14.4019
2009-12-04,14.3742
2009-12-03,14.3468
2009-12-02,14.3146
2009-12-01,14.2744
2009-11-30,14.2238
2009-11-27,14.1859
2009-11-25,14.1525
2009-11-24,14.0999
2009-11-23,14.0487
2009-11-20,13.9941
2009-11-19,13.9663
2009-11-18,13.9277
2009-11-17,13.8753
2009-11-16,13.8153
2009-11-13,13.7521
2009-11-12,13.6934
2009-11-11,13.6395
2009-11-10,13.5729
2009-11-09,13.5092
2009-11-06,13.45
2009-11-05,13.4147
2009-11-04,13.3821
2009-11-03,13.3679
2009-11-02,13.3603
2009-10-30,13.3606
2009-10-29,13.3553
2009-10-28,13.3101
2009-10-27,13.2884
2009-10-26,13.2435
2009-10-23,13.1782
2009-10-22,13.1074
2009-10-21,13.0281
2009-10-20,12.9483
2009-10-19,12.8585
2009-10-16,12.7583
2009-10-15,12.6534
2009-10-14,12.59
2009-10-13,12.5057
2009-10-12,12.4368
2009-10-09,12.366
2009-10-08,12.3083
2009-10-07,12.25
2009-10-06,12.1767
2009-10-05,12.1452
2009-10-02,12.1373
2009-10-01,12.1389
2009-09-30,12.1338
2009-09-29,12.1054
2009-09-28,12.067
2009-09-25,12.0245
2009-09-24,11.9934
2009-09-23,11.9478
2009-09-22,11.8929
2009-09-21,11.8307
2009-09-18,11.7673
2009-09-17,11.7119
2009-09-16,11.65
2009-09-15,11.5905
2009-09-14,11.5531
2009-09-11,11.5182
2009-09-10,11.4874
2009-09-09,11.4565
2009-09-08,11.4407
2009-09-04,11.4374
2009-09-03,11.4267
2009-09-02,11.4247
2009-09-01,11.4345
2009-08-31,11.438
2009-08-28,11.4264
2009-08-27,11.4054
2009-08-26,11.3787
2009-08-25,11.3442
2009-08-24,11.2971
2009-08-21,11.252
2009-08-20,11.2114
2009-08-19,11.1792
2009-08-18,11.1869
2009-08-17,11.192
2009-08-14,11.1986
2009-08-13,11.1661
2009-08-12,11.1242
2009-08-11,11.0877
2009-08-10,11.0595
2009-08-07,11.0213
2009-08-06,10.9779
2009-08-05,10.9476
2009-08-04,10.912
2009-08-03,10.8659
2009-07-31,10.8189
2009-07-30,10.7911
2009-07-29,10.7536
2009-07-28,10.7368
2009-07-27,10.7088
2009-07-24,10.6648
2009-07-23,10.6111
2009-07-22,10.5765
2009-07-21,10.5636
2009-07-20,10.5489
2009-07-17,10.5266
2009-07-16,10.5017
2009-07-15,10.4417
2009-07-14,10.387
2009-07-13,10.3621
2009-07-10,10.3356
2009-07-09,10.3324
2009-07-08,10.3394
2009-07-07,10.3679
2009-07-06,10.4149
2009-07-02,10.4326
2009-07-01,10.4552
2009-06-30,10.4525
2009-06-29,10.4426
2009-06-26,10.425
2009-06-25,10.4024
2009-06-24,10.4026
2009-06-23,10.4199
2009-06-22,10.4485
2009-06-19,10.4757
2009-06-18,10.4722
2009-06-17,10.4843
2009-06-16,10.4947
2009-06-15,10.504
2009-06-12,10.5123
2009-06-11,10.5001
2009-06-10,10.4758
2009-06-09,10.4394
2009-06-08,10.3912
2009-06-05,10.3297
2009-06-04,10.247
2009-06-03,10.1663
2009-06-02,10.0999
2009-06-01,10.0349
2009-05-29,9.968
2009-05-28,9.9187
2009-05-27,9.8821
2009-05-26,9.8544
2009-05-22,9.827
2009-05-21,9.8252
2009-05-20,9.8154
2009-05-19,9.8028
2009-05-18,9.7843
2009-05-15,9.7693
2009-05-14,9.7707
2009-05-13,9.7788
2009-05-12,9.7825
2009-05-11,9.7615
2009-05-08,9.7148
2009-05-07,9.6648
2009-05-06,9.6378
2009-05-05,9.5899
2009-05-04,9.5383
2009-05-01,9.4838
2009-04-30,9.4455
2009-04-29,9.3971
2009-04-28,9.3554
2009-04-27,9.3298
2009-04-24,9.2956
2009-04-23,9.2485
2009-04-22,9.2091
2009-04-21,9.1677
2009-04-20,9.1282
2009-04-17,9.0904
2009-04-16,9.0144
2009-04-15,8.9397
2009-04-14,8.8814
2009-04-13,8.8449
2009-04-09,8.7803
2009-04-08,8.7237
2009-04-07,8.6887
2009-04-06,8.6589
2009-04-03,8.6008
2009-04-02,8.5324
2009-04-01,8.476
2009-03-31,8.4359
2009-03-30,8.4074
2009-03-27,8.39
2009-03-26,8.3576
2009-03-25,8.3071
2009-03-24,8.2755
2009-03-23,8.232
2009-03-20,8.1807
2009-03-19,8.1724
2009-03-18,8.1639
2009-03-17,8.1461
2009-03-16,8.1206
2009-03-13,8.1336
2009-03-12,8.1355
2009-03-11,8.14
2009-03-10,8.1597
2009-03-09,8.2071
2009-03-06,8.3051
2009-03-05,8.3668
2009-03-04,8.4427
2009-03-03,8.4916
2009-03-02,8.5285
2009-02-27,8.5647
2009-02-26,8.5763
2009-02-25,8.5912
2009-02-24,8.5959
2009-02-23,8.5911
2009-02-20,8.6264
2009-02-19,8.6221
2009-02-18,8.6275
2009-02-17,8.6059
2009-02-13,8.6095
2009-02-12,8.5739
2009-02-11,8.5204
2009-02-10,8.4745
2009-02-09,8.4226
2009-02-06,8.3118
2009-02-05,8.2091
2009-02-04,8.1418
2009-02-03,8.0956
2009-02-02,8.0513
2009-01-30,8.002
2009-01-29,7.953
2009-01-28,7.8861
2009-01-27,7.7981
2009-01-26,7.7461
2009-01-23,7.7087
2009-01-22,7.6651
2009-01-21,7.6649
2009-01-20,7.6737
2009-01-16,7.7369
2009-01-15,7.7622
2009-01-14,7.792
2009-01-13,7.8197
2009-01-12,7.8152
2009-01-09,7.8145
2009-01-08,7.8074
2009-01-07,7.773
2009-01-06,7.7433
2009-01-05,7.6787
2009-01-02,7.6232
2008-12-31,7.5796
2008-12-30,7.5673
2008-12-29,7.5657
2008-12-26,7.579
2008-12-24,7.5859
2008-12-23,7.5867
2008-12-22,7.6005
2008-12-19,7.6182
2008-12-18,7.6034
2008-12-17,7.5867
2008-12-16,7.5553
2008-12-15,7.494
2008-12-12,7.4648
2008-12-11,7.4192
2008-12-10,7.4096
2008-12-09,7.3764
2008-12-08,7.3472
2008-12-05,7.325
2008-12-04,7.3483
2008-12-03,7.3994
2008-12-02,7.4425
2008-12-01,7.5015
2008-11-28,7.5908
2008-11-26,7.6184
2008-11-25,7.6512
2008-11-24,7.7139
2008-11-21,7.848
2008-11-20,7.9831
2008-11-19,8.14
2008-11-18,8.259
2008-11-17,8.3453
2008-11-14,8.4334
2008-11-13,8.5048
2008-11-12,8.5783
2008-11-11,8.715
2008-11-10,8.8123
2008-11-07,8.9005
2008-11-06,8.9654
2008-11-05,9.037
2008-11-04,9.0871
2008-11-03,9.0774
2008-10-31,9.1205
2008-10-30,9.1344
2008-10-29,9.1487
2008-10-28,9.1691
2008-10-27,9.1633
2008-10-24,9.2602
2008-10-23,9.3416
2008-10-22,9.3972
2008-10-21,9.4498
2008-10-20,9.4893
2008-10-17,9.4894
2008-10-16,9.5073
2008-10-15,9.5785
2008-10-14,9.6937
2008-10-13,9.759
2008-10-10,9.783
2008-10-09,9.9386
2008-10-08,10.1185
2008-10-07,10.2933
2008-10-06,10.4657
2008-10-03,10.5899
2008-10-02,10.6858
2008-10-01,10.7824
2008-09-30,10.8332
2008-09-29,10.9189
2008-09-26,11.0651
2008-09-25,11.0948
2008-09-24,11.1051
2008-09-23,11.1284
2008-09-22,11.1694
2008-09-19,11.2125
2008-09-18,11.2101
2008-09-17,11.2339
2008-09-16,11.325
2008-09-15,11.3508
2008-09-12,11.4032
2008-09-11,11.4511
2008-09-10,11.5144
2008-09-09,11.6359
2008-09-08,11.7583
2008-09-05,11.8902
2008-09-04,11.972
2008-09-03,12.0466
2008-09-02,12.0918
2008-08-29,12.1396
2008-08-28,12.1975
2008-08-27,12.2339
2008-08-26,12.2878
2008-08-25,12.3327
2008-08-22,12.3591
2008-08-21,12.3682
2008-08-20,12.389
2008-08-19,12.416
2008-08-18,12.4314
2008-08-15,12.4279
2008-08-14,12.3927
2008-08-13,12.3662
2008-08-12,12.3512
2008-08-11,12.3279
2008-08-08,12.3068
2008-08-07,12.2988
2008-08-06,12.3318
2008-08-05,12.3492
2008-08-04,12.3856
2008-08-01,12.4702
2008-07-31,12.5509
2008-07-30,12.6246
2008-07-29,12.6825
2008-07-28,12.7454
2008-07-25,12.8307
2008-07-24,12.8858
2008-07-23,12.9898
2008-07-22,13.0689
2008-07-21,13.1883
2008-07-18,13.3421
2008-07-17,13.4792
2008-07-16,13.4934
2008-07-15,13.5034
2008-07-14,13.5659
2008-07-11,13.6203
2008-07-10,13.6485
2008-07-09,13.6617
2008-07-08,13.6738
2008-07-07,13.653
2008-07-03,13.6579
2008-07-02,13.6816
2008-07-01,13.734
2008-06-30,13.7716
2008-06-27,13.8351
2008-06-26,13.9009
2008-06-25,13.9717
2008-06-24,13.9916
2008-06-23,14.0364
2008-06-20,14.0783
2008-06-19,14.1213
2008-06-18,14.1327
2008-06-17,14.1395
2008-06-16,14.1284
2008-06-13,14.1073
2008-06-12,14.0874
2008-06-11,14.1142
2008-06-10,14.1643
2008-06-09,14.1961
2008-06-06,14.2215
2008-06-05,14.2254
2008-06-04,14.179
2008-06-03,14.1648
2008-06-02,14.162
2008-05-30,14.1387
2008-05-29,14.0845
2008-05-28,14.0319
2008-05-27,14.0127
2008-05-23,14.0107
2008-05-22,14.0515
2008-05-21,14.0838
2008-05-20,14.1181
2008-05-19,14.0806
2008-05-16,14.0421
2008-05-15,13.9928
2008-05-14,13.9358
2008-05-13,13.8852
2008-05-12,13.8117
2008-05-09,13.7253
2008-05-08,13.6607
2008-05-07,13.5635
2008-05-06,13.4667
2008-05-05,13.3402
2008-05-02,13.178
2008-05-01,13.0345
2008-04-30,12.8449
2008-04-29,12.6848
2008-04-28,12.5495
2008-04-25,12.4167
2008-04-24,12.2911
2008-04-23,12.1549
2008-04-22,11.9954
2008-04-21,11.7967
2008-04-18,11.6223
2008-04-17,11.4254
2008-04-16,11.4443
2008-04-15,11.4508
2008-04-14,11.4796
2008-04-11,11.4986
2008-04-10,11.5045
2008-04-09,11.4803
2008-04-08,11.4665
2008-04-07,11.4416
2008-04-04,11.3905
2008-04-03,11.349
2008-04-02,11.3452
2008-04-01,11.3132
2008-03-31,11.2778
2008-03-28,11.3051
2008-03-27,11.3415
2008-03-26,11.366
2008-03-25,11.356
2008-03-24,11.3643
2008-03-20,11.3479
2008-03-19,11.4008
2008-03-18,11.4633
2008-03-17,11.5136
2008-03-14,11.6199
2008-03-13,11.69
2008-03-12,11.754
2008-03-11,11.8322
2008-03-10,11.9195
2008-03-07,12.085
2008-03-06,12.2161
2008-03-05,12.3626
2008-03-04,12.4851
2008-03-03,12.6286
2008-02-29,12.7545
2008-02-28,12.8563
2008-02-27,12.9579
2008-02-26,13.0767
2008-02-25,13.2309
2008-02-22,13.3428
2008-02-21,13.4102
2008-02-20,13.4976
2008-02-19,13.5782
2008-02-15,13.6673
2008-02-14,13.7113
2008-02-13,13.7531
2008-02-12,13.793
2008-02-11,13.8807
2008-02-08,13.9696
2008-02-07,14.0795
2008-02-06,14.2319
2008-02-05,14.4089
2008-02-04,14.5912
2008-02-01,14.8225
2008-01-31,15.0243
2008-01-30,15.12
2008-01-29,15.2678
2008-01-28,15.4254
2008-01-25,15.5851
2008-01-24,15.7342
2008-01-23,15.8777
2008-01-22,16.1044
2008-01-18,16.2609
2008-01-17,16.3921
2008-01-16,16.5356
2008-01-15,16.6542
2008-01-14,16.7283
2008-01-11,16.7675
2008-01-10,16.8519
2008-01-09,16.9228
2008-01-08,16.9842
2008-01-07,17.1087
2008-01-04,17.2
2008-01-03,17.2806
2008-01-02,17.295
2007-12-31,17.3113
2007-12-28,17.3127
2007-12-27,17.2852
2007-12-26,17.2596
2007-12-24,17.2046
2007-12-21,17.1705
2007-12-20,17.1434
2007-12-19,17.1319
2007-12-18,17.1516
2007-12-17,17.184
2007-12-14,17.2306
2007-12-13,17.2276
2007-12-12,17.2134
2007-12-11,17.1839
2007-12-10,17.1516
2007-12-07,17.0653
2007-12-06,16.9793
2007-12-05,16.8831
2007-12-04,16.821
2007-12-03,16.7901
2007-11-30,16.7629
2007-11-29,16.7027
2007-11-28,16.6255
2007-11-27,16.5527
2007-11-26,16.5215
2007-11-23,16.5069
2007-11-21,16.4626
2007-11-20,16.4563
2007-11-19,16.4808
2007-11-16,16.5676
2007-11-15,16.6431
2007-11-14,16.7371
2007-11-13,16.8092
2007-11-12,16.8393
2007-11-09,16.9475
2007-11-08,16.9831
2007-11-07,16.9438
2007-11-06,16.7973
2007-11-05,16.6122
2007-11-02,16.4501
2007-11-01,16.3089
2007-10-31,16.1739
2007-10-30,16.0148
2007-10-29,15.8711
2007-10-26,15.7532
2007-10-25,15.6351
2007-10-24,15.5206
2007-10-23,15.3748
2007-10-22,15.2138
2007-10-19,15.1017
2007-10-18,14.9937
2007-10-17,14.8878
2007-10-16,14.7868
2007-10-15,14.7213
2007-10-12,14.6381
2007-10-11,14.5006
2007-10-10,14.3891
2007-10-09,14.257
2007-10-08,14.1378
2007-10-05,14.0208
2007-10-04,13.9324
2007-10-03,13.8743
2007-10-02,13.7969
2007-10-01,13.7104
2007-09-28,13.6197
2007-09-27,13.5596
2007-09-26,13.4926
2007-09-25,13.4168
2007-09-24,13.3309
2007-09-21,13.2384
2007-09-20,13.1571
2007-09-19,13.0864
2007-09-18,13.0239
2007-09-17,12.9854
2007-09-14,12.9691
2007-09-13,12.942
2007-09-12,12.9224
2007-09-11,12.9065
2007-09-10,12.8923
2007-09-07,12.8947
2007-09-06,12.8845
2007-09-05,12.8622
2007-09-04,12.8263
2007-08-31,12.7936
2007-08-30,12.7836
2007-08-29,12.7826
2007-08-28,12.7777
2007-08-27,12.7893
2007-08-24,12.784
2007-08-23,12.7736
2007-08-22,12.7695
2007-08-21,12.7635
2007-08-20,12.773
2007-08-17,12.8065
2007-08-16,12.8378
2007-08-15,12.8949
2007-08-14,12.9421
2007-08-13,12.9652
2007-08-10,12.9726
2007-08-09,12.98
2007-08-08,12.991
2007-08-07,12.974
2007-08-06,12.9809
2007-08-03,13.0044
2007-08-02,13.0488
2007-08-01,13.0768
2007-07-31,13.1026
2007-07-30,13.1389
2007-07-27,13.163
2007-07-26,13.2007
2007-07-25,13.2526
2007-07-24,13.3053
2007-07-23,13.3524
2007-07-20,13.4084
2007-07-19,13.4502
2007-07-18,13.4215
2007-07-17,13.3873
2007-07-16,13.3351
2007-07-13,13.2827
2007-07-12,13.2269
2007-07-11,13.1833
2007-07-10,13.1373
2007-07-09,13.0895
2007-07-06,13.0387
2007-07-05,12.9909
2007-07-03,12.9321
2007-07-02,12.8864
2007-06-29,12.8463
2007-06-28,12.8221
2007-06-27,12.7894
2007-06-26,12.7498
2007-06-25,12.6957
2007-06-22,12.6433
2007-06-21,12.5918
2007-06-20,12.5635
2007-06-19,12.5431
2007-06-18,12.5092
2007-06-15,12.4693
2007-06-14,12.4498
2007-06-13,12.4362
2007-06-12,12.4149
2007-06-11,12.3926
2007-06-08,12.3506
2007-06-07,12.2933
2007-06-06,12.2311
2007-06-05,12.154
2007-06-04,12.0671
2007-06-01,12.0021
2007-05-31,11.9479
2007-05-30,11.8945
2007-05-29,11.8336
2007-05-25,11.7966
2007-05-24,11.7652
2007-05-23,11.7546
2007-05-22,11.7439
2007-05-21,11.7271
2007-05-18,11.7224
2007-05-17,11.7179
2007-05-16,11.7112
2007-05-15,11.6995
2007-05-14,11.725
2007-05-11,11.7433
2007-05-10,11.7504
2007-05-09,11.7722
2007-05-08,11.7758
2007-05-07,11.7861
2007-05-04,11.7964
2007-05-03,11.7976
2007-05-02,11.7933
2007-05-01,11.8082
2007-04-30,11.8162
2007-04-27,11.8188
2007-04-26,11.8016
2007-04-25,11.7769
2007-04-24,11.7579
2007-04-23,11.7381
2007-04-20,11.7122
2007-04-19,11.6747
2007-04-18,11.6616
2007-04-17,11.6358
2007-04-16,11.6156
2007-04-13,11.5895
2007-04-12,11.5816
2007-04-11,11.57
2007-04-10,11.5647
2007-04-09,11.5536
2007-04-05,11.5369
2007-04-04,11.5098
2007-04-03,11.4811
2007-04-02,11.4452
2007-03-30,11.4425
2007-03-29,11.4406
2007-03-28,11.4312
2007-03-27,11.4183
2007-03-26,11.3994
2007-03-23,11.3749
2007-03-22,11.3562
2007-03-21,11.3349
2007-03-20,11.3259
2007-03-19,11.3456
2007-03-16,11.3622
2007-03-15,11.3974
2007-03-14,11.4223
2007-03-13,11.445
2007-03-12,11.4831
2007-03-09,11.4944
2007-03-08,11.5116
2007-03-07,11.526
2007-03-06,11.5395
2007-03-05,11.5494
2007-03-02,11.604
2007-03-01,11.6704
2007-02-28,11.7186
2007-02-27,11.7687
2007-02-26,11.8258
2007-02-23,11.8464
2007-02-22,11.8541
2007-02-21,11.8489
2007-02-20,11.8432
2007-02-16,11.8467
2007-02-15,11.8563
2007-02-14,11.8892
2007-02-13,11.9138
2007-02-12,11.959
2007-02-09,12.0111
2007-02-08,12.0591
2007-02-07,12.0882
2007-02-06,12.1231
2007-02-05,12.1577
2007-02-02,12.2073
2007-02-01,12.2244
2007-01-31,12.2427
2007-01-30,12.2108
2007-01-29,12.1946
2007-01-26,12.1814
2007-01-25,12.1581
2007-01-24,12.1526
2007-01-23,12.1177
2007-01-22,12.1319
2007-01-19,12.1428
2007-01-18,12.1313
2007-01-17,12.1238
2007-01-16,12.0905
2007-01-12,12.0354
2007-01-11,11.9725
2007-01-10,11.9169
2007-01-09,11.8825
2007-01-08,11.8549
2007-01-05,11.8294
2007-01-04,11.7918
2007-01-03,11.7605
2006-12-29,11.7672
2006-12-28,11.7933
2006-12-27,11.8167
2006-12-26,11.8282
2006-12-22,11.8685
2006-12-21,11.9182
2006-12-20,11.9715
2006-12-19,12.0128
2006-12-18,12.0433
2006-12-15,12.0924
2006-12-14,12.1006
2006-12-13,12.1048
2006-12-12,12.1177
2006-12-11,12.1247
2006-12-08,12.1267
2006-12-07,12.1284
2006-12-06,12.1342
2006-12-05,12.1246
2006-12-04,12.1186
2006-12-01,12.1175
2006-11-30,12.127
2006-11-29,12.1269
2006-11-28,12.1273
2006-11-27,12.1149
2006-11-24,12.1137
2006-11-22,12.0591
2006-11-21,11.9908
2006-11-20,11.911
2006-11-17,11.8613
2006-11-16,11.7964
2006-11-15,11.7324
2006-11-14,11.672
2006-11-13,11.6122
2006-11-10,11.5679
2006-11-09,11.5387
2006-11-08,11.5087
2006-11-07,11.4694
2006-11-06,11.4324
2006-11-03,11.3799
2006-11-02,11.3355
2006-11-01,11.2913
2006-10-31,11.2489
2006-10-30,11.1785
2006-10-27,11.1003
2006-10-26,11.0175
2006-10-25,10.8999
2006-10-24,10.766
2006-10-23,10.6529
2006-10-20,10.5083
2006-10-19,10.404
2006-10-18,10.3773
2006-10-17,10.3655
2006-10-16,10.349
2006-10-13,10.3278
2006-10-12,10.2898
2006-10-11,10.2475
2006-10-10,10.2031
2006-10-09,10.1536
2006-10-06,10.0928
2006-10-05,10.048
2006-10-04,10.0213
2006-10-03,9.9816
2006-10-02,9.9683
2006-09-29,9.9606
2006-09-28,9.9508
2006-09-27,9.9355
2006-09-26,9.9204
2006-09-25,9.8933
2006-09-22,9.871
2006-09-21,9.8468
2006-09-20,9.812
2006-09-19,9.7995
2006-09-18,9.7677
2006-09-15,9.7039
2006-09-14,9.6461
2006-09-13,9.5977
2006-09-12,9.5375
2006-09-11,9.5095
2006-09-08,9.4991
2006-09-07,9.504
2006-09-06,9.5078
2006-09-05,9.5077
2006-09-01,9.4964
2006-08-31,9.4991
2006-08-30,9.5023
2006-08-29,9.4999
2006-08-28,9.5021
2006-08-25,9.4992
2006-08-24,9.5163
2006-08-23,9.5339
2006-08-22,9.5541
2006-08-21,9.5637
2006-08-18,9.577
2006-08-17,9.5756
2006-08-16,9.5677
2006-08-15,9.5539
2006-08-14,9.5564
2006-08-11,9.5895
2006-08-10,9.6287
2006-08-09,9.6569
2006-08-08,9.6808
2006-08-07,9.6966
2006-08-04,9.7221
2006-08-03,9.7611
2006-08-02,9.8001
2006-08-01,9.8647
2006-07-31,9.9143
2006-07-28,9.9399
2006-07-27,9.9643
2006-07-26,10.0062
2006-07-25,10.0444
2006-07-24,10.0764
2006-07-21,10.1078
2006-07-20,10.1446
2006-07-19,10.1931
2006-07-18,10.2154
2006-07-17,10.2294
2006-07-14,10.2321
2006-07-13,10.2467
2006-07-12,10.2488
2006-07-11,10.2289
2006-07-10,10.1877
2006-07-07,10.1589
2006-07-06,10.1211
2006-07-05,10.0722
2006-07-03,10.0226
2006-06-30,9.9633
2006-06-29,9.9079
2006-06-28,9.8507
2006-06-27,9.8182
2006-06-26,9.7923
2006-06-23,9.7587
2006-06-22,9.7199
2006-06-21,9.6899
2006-06-20,9.651
2006-06-19,9.6474
2006-06-16,9.6409
2006-06-15,9.627
2006-06-14,9.6108
2006-06-13,9.6102
2006-06-12,9.6041
2006-06-09,9.6104
2006-06-08,9.5995
2006-06-07,9.5744
2006-06-06,9.5645
2006-06-05,9.5443
2006-06-02,9.5631
2006-06-01,9.5706
2006-05-31,9.5705
2006-05-30,9.5988
2006-05-26,9.6299
2006-05-25,9.6394
2006-05-24,9.6456
2006-05-23,9.657
2006-05-22,9.6845
2006-05-19,9.7272
2006-05-18,9.7768
2006-05-17,9.829
2006-05-16,9.8775
2006-05-15,9.9396
2006-05-12,9.9952
2006-05-11,10.0622
2006-05-10,10.1024
2006-05-09,10.1047
2006-05-08,10.0919
2006-05-05,10.1147
2006-05-04,10.1411
2006-05-03,10.1691
2006-05-02,10.2017
2006-05-01,10.2359
2006-04-28,10.263
2006-04-27,10.2428
2006-04-26,10.215
2006-04-25,10.1686
2006-04-24,10.1142
2006-04-21,10.019
2006-04-20,9.9226
2006-04-19,9.8744
2006-04-18,9.8329
2006-04-17,9.8035
2006-04-13,9.7642
2006-04-12,9.733
2006-04-11,9.6807
2006-04-10,9.621
2006-04-07,9.5374
2006-04-06,9.4718
2006-04-05,9.3861
2006-04-04,9.2998
2006-04-03,9.2141
2006-03-31,9.1578
2006-03-30,9.0949
2006-03-29,9.0294
2006-03-28,8.9398
2006-03-27,8.8876
2006-03-24,8.8497
2006-03-23,8.818
2006-03-22,8.846
2006-03-21,8.8813
2006-03-20,8.9211
2006-03-17,8.9433
2006-03-16,8.99
2006-03-15,9.0443
2006-03-14,9.0892
2006-03-13,9.1213
2006-03-10,9.1938
2006-03-09,9.2729
2006-03-08,9.3458
2006-03-07,9.3978
2006-03-06,9.4274
2006-03-03,9.4505
2006-03-02,9.4494
2006-03-01,9.4528
2006-02-28,9.4873
2006-02-27,9.5311
2006-02-24,9.5065
2006-02-23,9.5134
2006-02-22,9.5193
2006-02-21,9.5589
2006-02-17,9.5998
2006-02-16,9.6393
2006-02-15,9.6891
2006-02-14,9.8074
2006-02-13,9.9357
2006-02-10,10.0713
2006-02-09,10.1766
2006-02-08,10.3032
2006-02-07,10.4159
2006-02-06,10.5435
2006-02-03,10.6393
2006-02-02,10.7545
2006-02-01,10.8437
2006-01-31,10.9272
2006-01-30,10.9382
2006-01-27,10.9657
2006-01-26,10.9785
2006-01-25,10.9906
2006-01-24,11.0074
2006-01-23,10.9995
2006-01-20,11.0316
2006-01-19,11.141
2006-01-18,11.1645
2006-01-17,11.1682
2006-01-13,11.1138
2006-01-12,11.0559
2006-01-11,10.9989
2006-01-10,10.9148
2006-01-09,10.8268
2006-01-06,10.737
2006-01-05,10.6411
2006-01-04,10.573
2006-01-03,10.5135
2005-12-30,10.4742
2005-12-29,10.4843
2005-12-28,10.4816
2005-12-27,10.4614
2005-12-23,10.4444
2005-12-22,10.4091
2005-12-21,10.3672
2005-12-20,10.3359
2005-12-19,10.2923
2005-12-16,10.2576
2005-12-15,10.2047
2005-12-14,10.1663
2005-12-13,10.1333
2005-12-12,10.1006
2005-12-09,10.0773
2005-12-08,10.0606
2005-12-07,10.0383
2005-12-06,10.0306
2005-12-05,10.0212
2005-12-02,10.0074
2005-12-01,9.961
2005-11-30,9.9191
2005-11-29,9.897
2005-11-28,9.8762
2005-11-25,9.8007
2005-11-23,9.7037
2005-11-22,9.6117
2005-11-21,9.5268
2005-11-18,9.4518
2005-11-17,9.3929
2005-11-16,9.3192
2005-11-15,9.2518
2005-11-14,9.1914
2005-11-11,9.1136
2005-11-10,9.0449
2005-11-09,8.9672
2005-11-08,8.9127
2005-11-07,8.8242
2005-11-04,8.7129
2005-11-03,8.602
2005-11-02,8.4912
2005-11-01,8.3852
2005-10-31,8.2689
2005-10-28,8.1594
2005-10-27,8.0752
2005-10-26,7.9955
2005-10-25,7.9013
2005-10-24,7.8195
2005-10-21,7.7245
2005-10-20,7.6426
2005-10-19,7.6487
2005-10-18,7.641
2005-10-17,7.6467
2005-10-14,7.6485
2005-10-13,7.6739
2005-10-12,7.6984
2005-10-11,7.7163
2005-10-10,7.7225
2005-10-07,7.7174
2005-10-06,7.7056
2005-10-05,7.6932
2005-10-04,7.6849
2005-10-03,7.6749
2005-09-30,7.6436
2005-09-29,7.6149
2005-09-28,7.6012
2005-09-27,7.5956
2005-09-26,7.5684
2005-09-23,7.5376
2005-09-22,7.5006
2005-09-21,7.4702
2005-09-20,7.4353
2005-09-19,7.4072
2005-09-16,7.387
2005-09-15,7.374
2005-09-14,7.3534
2005-09-13,7.3296
2005-09-12,7.2804
2005-09-09,7.2312
2005-09-08,7.2048
2005-09-07,7.1854
2005-09-06,7.1653
2005-09-02,7.1636
2005-09-01,7.1581
2005-08-31,7.1578
2005-08-30,7.1582
2005-08-29,7.1552
2005-08-26,7.1489
2005-08-25,7.1547
2005-08-24,7.1637
2005-08-23,7.1737
2005-08-22,7.1927
2005-08-19,7.2283
2005-08-18,7.2519
2005-08-17,7.278
2005-08-16,7.2933
2005-08-15,7.3089
2005-08-12,7.3304
2005-08-11,7.3392
2005-08-10,7.3638
2005-08-09,7.3867
2005-08-08,7.3964
2005-08-05,7.4081
2005-08-04,7.4181
2005-08-03,7.415
2005-08-02,7.4127
2005-08-01,7.4051
2005-07-29,7.4167
2005-07-28,7.4397
2005-07-27,7.45
2005-07-26,7.4524
2005-07-25,7.4572
2005-07-22,7.4631
2005-07-21,7.4524
2005-07-20,7.4102
2005-07-19,7.3687
2005-07-18,7.3284
2005-07-15,7.311
2005-07-14,7.2875
2005-07-13,7.2623
2005-07-12,7.2398
2005-07-11,7.2336
2005-07-08,7.2226
2005-07-07,7.2028
2005-07-06,7.1828
2005-07-05,7.1713
2005-07-01,7.1475
2005-06-30,7.133
2005-06-29,7.1092
2005-06-28,7.0868
2005-06-27,7.0376
2005-06-24,6.9776
2005-06-23,6.9294
2005-06-22,6.8959
2005-06-21,6.8601
2005-06-20,6.8242
2005-06-17,6.7877
2005-06-16,6.7641
2005-06-15,6.7455
2005-06-14,6.732
2005-06-13,6.7077
2005-06-10,6.6692
2005-06-09,6.6274
2005-06-08,6.5711
2005-06-07,6.5266
2005-06-06,6.4418
2005-06-03,6.3538
2005-06-02,6.2846
2005-06-01,6.1881
2005-05-31,6.0811
2005-05-27,5.9911
2005-05-26,5.9214
2005-05-25,5.8621
2005-05-24,5.7925
2005-05-23,5.7281
2005-05-20,5.6584
2005-05-19,5.6178
2005-05-18,5.5794
2005-05-17,5.5369
2005-05-16,5.5059
2005-05-13,5.4771
2005-05-12,5.45
2005-05-11,5.4214
2005-05-10,5.383
2005-05-09,5.3498
2005-05-06,5.3178
2005-05-05,5.2772
2005-05-04,5.235
2005-05-03,5.1844
2005-05-02,5.1345
2005-04-29,5.0896
2005-04-28,5.0461
2005-04-27,4.9994
2005-04-26,4.9469
2005-04-25,4.8917
2005-04-22,4.818
2005-04-21,4.7569
2005-04-20,4.7184
2005-04-19,4.6935
2005-04-18,4.6836
2005-04-15,4.6842
2005-04-14,4.6902
2005-04-13,4.6798
2005-04-12,4.6644
2005-04-11,4.6446
2005-04-08,4.6247
2005-04-07,4.6058
2005-04-06,4.5804
2005-04-05,4.5644
2005-04-04,4.5483
2005-04-01,4.5391
2005-03-31,4.5429
2005-03-30,4.5457
2005-03-29,4.5491
2005-03-28,4.5551
2005-03-24,4.5569
2005-03-23,4.5646
2005-03-22,4.5737
2005-03-21,4.5849
2005-03-18,4.5912
2005-03-17,4.6005
2005-03-16,4.6126
2005-03-15,4.6358
2005-03-14,4.6534
2005-03-11,4.6825
2005-03-10,4.7072
2005-03-09,4.7288
2005-03-08,4.749
2005-03-07,4.7612
2005-03-04,4.7653
2005-03-03,4.7774
2005-03-02,4.7878
2005-03-01,4.8042
2005-02-28,4.82
2005-02-25,4.8323
2005-02-24,4.8516
2005-02-23,4.8649
2005-02-22,4.8663
2005-02-18,4.8746
2005-02-17,4.8665
2005-02-16,4.8576
2005-02-15,4.8465
2005-02-14,4.8426
2005-02-11,4.8442
2005-02-10,4.8606
2005-02-09,4.8773
2005-02-08,4.8862
2005-02-07,4.8775
2005-02-04,4.8747
2005-02-03,4.8497
2005-02-02,4.805
2005-02-01,4.7685
2005-01-31,4.7651
2005-01-28,4.7516
2005-01-27,4.7506
2005-01-26,4.7554
2005-01-25,4.7577
2005-01-24,4.7921
2005-01-21,4.8206
2005-01-20,4.8323
2005-01-19,4.8303
2005-01-18,4.8193
2005-01-14,4.7897
2005-01-13,4.7673
2005-01-12,4.7548
2005-01-11,4.7408
2005-01-10,4.7302
2005-01-07,4.7145
2005-01-06,4.7003
2005-01-05,4.6986
2005-01-04,4.6836
2005-01-03,4.6645
2004-12-31,4.6217
2004-12-30,4.6006
2004-12-29,4.5645
2004-12-28,4.5371
2004-12-27,4.5071
2004-12-23,4.4762
2004-12-22,4.4526
2004-12-21,4.4307
2004-12-20,4.4133
2004-12-17,4.3906
2004-12-16,4.3786
2004-12-15,4.3749
2004-12-14,4.362
2004-12-13,4.3506
2004-12-10,4.3597
2004-12-09,4.3667
2004-12-08,4.3697
2004-12-07,4.382
2004-12-06,4.3919
2004-12-03,4.39
2004-12-02,4.3771
2004-12-01,4.3654
2004-11-30,4.3511
2004-11-29,4.3299
2004-11-26,4.309
2004-11-24,4.2902
2004-11-23,4.2816
2004-11-22,4.2912
2004-11-19,4.3082
2004-11-18,4.3156
2004-11-17,4.3287
2004-11-16,4.3301
2004-11-15,4.3316
2004-11-12,4.3008
2004-11-11,4.2742
2004-11-10,4.2422
2004-11-09,4.2468
2004-11-08,4.2496
2004-11-05,4.2426
2004-11-04,4.2432
2004-11-03,4.2035
2004-11-02,4.1413
2004-11-01,4.0641
2004-10-29,3.9757
2004-10-28,3.8923
2004-10-27,3.793
2004-10-26,3.7026
2004-10-25,3.6136
2004-10-22,3.5005
2004-10-21,3.4149
2004-10-20,3.3811
2004-10-19,3.367
2004-10-18,3.3319
2004-10-15,3.2899
2004-10-14,3.2567
2004-10-13,3.2256
2004-10-12,3.1941
2004-10-11,3.1685
2004-10-08,3.1459
2004-10-07,3.1144
2004-10-06,3.0766
2004-10-05,3.0395
2004-10-04,2.9951
2004-10-01,2.9547
2004-09-30,2.9167
2004-09-29,2.8824
2004-09-28,2.8407
2004-09-27,2.8056
2004-09-24,2.7896
2004-09-23,2.7677
2004-09-22,2.7409
2004-09-21,2.7177
2004-09-20,2.6935
2004-09-17,2.6627
2004-09-16,2.6336
