date,SMA
2024-10-04,160.3765
2024-10-03,159.5594
2024-10-02,159.1178
2024-10-01,158.6368
2024-09-30,158.1447
2024-09-27,158.0103
2024-09-26,157.8909
2024-09-25,157.886
2024-09-24,158.0344
2024-09-23,158.2167
2024-09-20,158.3941
2024-09-19,158.3936
2024-09-18,158.568
2024-09-17,158.9253
2024-09-16,159.2816
2024-09-13,159.5156
2024-09-12,159.6968
2024-09-11,159.97
2024-09-10,160.609
2024-09-09,161.2796
2024-09-06,162.0166
2024-09-05,162.5714
2024-09-04,162.6562
2024-09-03,162.7481
2024-08-30,162.8425
2024-08-29,163.0063
2024-08-28,163.4547
2024-08-27,163.8886
2024-08-26,164.1687
2024-08-23,164.337
2024-08-22,164.4059
2024-08-21,164.5797
2024-08-20,164.9182
2024-08-19,165.6477
2024-08-16,166.3967
2024-08-15,167.1307
2024-08-14,167.9491
2024-08-13,168.9802
2024-08-12,169.9669
2024-08-09,171.1773
2024-08-08,172.2458
2024-08-07,173.4213
2024-08-06,175.0311
2024-08-05,176.5635
2024-08-02,178.0505
2024-08-01,179.2459
2024-07-31,179.9979
2024-07-30,180.682
2024-07-29,181.3161
2024-07-26,181.9463
2024-07-25,182.8656
2024-07-24,183.6944
2024-07-23,184.2637
2024-07-22,184.1354
2024-07-19,184.0335
2024-07-18,183.9656
2024-07-17,183.8358
2024-07-16,183.647
2024-07-15,183.291
2024-07-12,182.7233
2024-07-11,182.3597
2024-07-10,181.9128
2024-07-09,181.1054
2024-07-08,180.3705
2024-07-05,179.7462
2024-07-03,178.9777
2024-07-02,178.3671
2024-07-01,177.7546
2024-06-28,177.221
2024-06-27,176.7098
2024-06-26,176.2249
2024-06-25,175.8414
2024-06-24,175.38
2024-06-21,175.087
2024-06-20,174.9147
2024-06-18,174.9819
2024-06-17,175.0632
2024-06-14,174.9943
2024-06-13,174.854
2024-06-12,174.7119
2024-06-11,174.3301
2024-06-10,173.947
2024-06-07,173.6198
2024-06-06,173.3954
2024-06-05,173.0288
2024-06-04,172.8213
2024-06-03,172.5375
2024-05-31,172.2418
2024-05-30,171.9485
2024-05-29,171.537
2024-05-28,170.8826
2024-05-24,170.3714
2024-05-23,170.2198
2024-05-22,169.3445
2024-05-21,168.4841
2024-05-20,167.507
2024-05-17,166.4776
2024-05-16,165.3818
2024-05-15,164.4756
2024-05-14,163.6257
2024-05-13,162.8307
2024-05-10,162.1185
2024-05-09,161.5738
2024-05-08,161.0476
2024-05-07,160.3873
2024-05-06,159.6566
2024-05-03,158.9957
2024-05-02,158.2606
2024-05-01,157.4581
2024-04-30,157.0122
2024-04-29,156.6022
2024-04-26,156.0705
2024-04-25,155.0221
2024-04-24,154.7663
2024-04-23,154.3443
2024-04-22,153.9358
2024-04-19,153.661
2024-04-18,153.3373
2024-04-17,152.9747
2024-04-16,152.5538
2024-04-15,152.2186
2024-04-12,151.5363
2024-04-11,150.8066
2024-04-10,149.828
2024-04-09,148.9482
2024-04-08,148.0041
2024-04-05,147.0345
2024-04-04,146.1307
2024-04-03,145.1766
2024-04-02,144.0669
2024-04-01,143.009
2024-03-28,142.0938
2024-03-27,141.4718
2024-03-26,140.7491
2024-03-25,140.1611
2024-03-22,139.5377
2024-03-21,139.198
2024-03-20,139.0229
2024-03-19,138.7142
2024-03-18,138.4194
2024-03-15,138.0623
2024-03-14,138.1416
2024-03-13,138.2833
2024-03-12,138.5501
2024-03-11,139.0005
2024-03-08,139.5656
2024-03-07,140.0893
2024-03-06,140.6459
2024-03-05,141.2793
2024-03-04,141.8285
2024-03-01,142.2788
2024-02-29,142.4793
2024-02-28,142.5611
2024-02-27,143.3133
2024-02-26,144.0429
2024-02-23,144.7719
2024-02-22,145.1664
2024-02-21,145.3963
2024-02-20,145.6203
2024-02-16,145.8632
2024-02-15,146.1554
2024-02-14,146.1908
2024-02-13,145.9679
2024-02-12,145.8357
2024-02-09,145.5923
2024-02-08,145.2472
2024-02-07,145.0661
2024-02-06,144.8372
2024-02-05,144.5749
2024-02-02,144.1784
2024-02-01,143.8796
2024-01-31,143.7679
2024-01-30,143.6716
2024-01-29,143.0846
2024-01-26,142.4222
2024-01-25,141.8329
2024-01-24,141.3167
2024-01-23,140.9571
2024-01-22,140.6269
2024-01-19,140.2454
2024-01-18,139.7601
2024-01-17,139.3771
2024-01-16,138.9347
2024-01-12,138.4085
2024-01-11,137.9057
2024-01-10,137.4289
2024-01-09,136.9805
2024-01-08,136.6833
2024-01-05,136.588
2024-01-04,136.3032
2024-01-03,136.0339
2024-01-02,135.5526
2023-12-29,135.2379
2023-12-28,134.8808
2023-12-27,134.6194
2023-12-26,134.4613
2023-12-22,134.2064
2023-12-21,133.967
2023-12-20,133.8708
2023-12-19,133.8024
2023-12-18,133.7825
2023-12-15,133.758
2023-12-14,133.974
2023-12-13,134.1077
2023-12-12,134.16
2023-12-11,134.1386
2023-12-08,134.1037
2023-12-07,133.8668
2023-12-06,133.6129
2023-12-05,133.6603
2023-12-04,133.6234
2023-12-01,133.6149
2023-11-30,133.3969
2023-11-29,133.0937
2023-11-28,132.5496
2023-11-27,131.9141
2023-11-24,131.2039
2023-11-22,130.4852
2023-11-21,129.8428
2023-11-20,129.9346
2023-11-17,129.947
2023-11-16,129.9615
2023-11-15,130.0024
2023-11-14,130.169
2023-11-13,130.4732
2023-11-10,130.8226
2023-11-09,131.0605
2023-11-08,131.4959
2023-11-07,131.9303
2023-11-06,132.284
2023-11-03,132.6915
2023-11-02,133.1144
2023-11-01,133.4925
2023-10-31,133.9309
2023-10-30,134.3473
2023-10-27,134.8316
2023-10-26,135.265
2023-10-25,135.7653
2023-10-24,136.0112
2023-10-23,135.5002
2023-10-20,135.2314
2023-10-19,134.9645
2023-10-18,134.6
2023-10-17,134.3895
2023-10-16,134.3057
2023-10-13,134.2615
2023-10-12,134.2635
2023-10-11,134.2201
2023-10-10,134.0286
2023-10-09,133.893
2023-10-06,133.8181
2023-10-05,133.7583
2023-10-04,133.7678
2023-10-03,133.7289
2023-10-02,133.8955
2023-09-29,133.9698
2023-09-28,134.2346
2023-09-27,134.4127
2023-09-26,134.6137
2023-09-25,134.7356
2023-09-22,134.6743
2023-09-21,134.6508
2023-09-20,134.7471
2023-09-19,134.5147
2023-09-18,134.0324
2023-09-15,133.4962
2023-09-14,133.1231
2023-09-13,132.6543
2023-09-12,132.3087
2023-09-11,132.1087
2023-09-08,131.7416
2023-09-07,131.4079
2023-09-06,131.1286
2023-09-05,130.976
2023-09-01,130.7645
2023-08-31,130.3879
2023-08-30,130.0029
2023-08-29,129.6288
2023-08-28,129.4782
2023-08-25,129.5635
2023-08-24,129.6982
2023-08-23,129.6792
2023-08-22,129.5246
2023-08-21,129.1819
2023-08-18,128.8408
2023-08-17,128.4697
2023-08-16,127.935
2023-08-15,127.6024
2023-08-14,127.3021
2023-08-11,126.9689
2023-08-10,126.7625
2023-08-09,126.5056
2023-08-08,125.9704
2023-08-07,125.2592
2023-08-04,124.5071
2023-08-03,124.0766
2023-08-02,123.6607
2023-08-01,123.33
2023-07-31,122.7489
2023-07-28,122.0996
2023-07-27,121.4272
2023-07-26,120.9674
2023-07-25,120.4217
2023-07-24,120.2287
2023-07-21,120.2691
2023-07-20,120.4252
2023-07-19,120.4926
2023-07-18,120.5459
2023-07-17,120.5345
2023-07-14,120.5564
2023-07-13,120.4691
2023-07-12,120.4337
2023-07-11,120.6686
2023-07-10,120.9225
2023-07-07,121.2063
2023-07-06,121.3569
2023-07-05,121.716
2023-07-03,121.9285
2023-06-30,122.1664
2023-06-29,122.3669
2023-06-28,122.5549
2023-06-27,122.729
2023-06-26,123.0422
2023-06-23,123.2986
2023-06-22,123.2268
2023-06-21,123.1973
2023-06-20,123.4218
2023-06-16,123.4048
2023-06-15,123.3699
2023-06-14,123.1579
2023-06-13,122.9504
2023-06-12,122.5854
2023-06-09,122.2796
2023-06-08,121.9973
2023-06-07,121.4791
2023-06-06,120.7235
2023-06-05,119.7489
2023-06-02,118.7295
2023-06-01,117.7329
2023-05-31,116.8197
2023-05-30,115.9444
2023-05-26,115.1229
2023-05-25,114.2616
2023-05-24,113.469
2023-05-23,112.6117
2023-05-22,111.6785
2023-05-19,110.7269
2023-05-18,109.8615
2023-05-17,108.9867
2023-05-16,108.1558
2023-05-15,107.4071
2023-05-12,106.8814
2023-05-11,106.4505
2023-05-10,105.9947
2023-05-09,105.64
2023-05-08,105.5403
2023-05-05,105.474
2023-05-04,105.6161
2023-05-03,105.6051
2023-05-02,105.5707
2023-05-01,105.5228
2023-04-28,105.3498
2023-04-27,105.0281
2023-04-26,104.7188
2023-04-25,104.5852
2023-04-24,104.5158
2023-04-21,104.4894
2023-04-20,104.4989
2023-04-19,104.4031
2023-04-18,104.44
2023-04-17,104.2764
2023-04-14,104.0595
2023-04-13,103.633
2023-04-12,103.0684
2023-04-11,102.5363
2023-04-10,101.826
2023-04-06,101.0375
2023-04-05,100.2345
2023-04-04,99.7248
2023-04-03,99.1831
2023-03-31,98.7228
2023-03-30,98.22
2023-03-29,97.7766
2023-03-28,97.2265
2023-03-27,96.6793
2023-03-24,96.0514
2023-03-23,95.2379
2023-03-22,94.5043
2023-03-21,93.9197
2023-03-20,93.2648
2023-03-17,92.9222
2023-03-16,92.6175
2023-03-15,92.4489
2023-03-14,92.3776
2023-03-13,92.4095
2023-03-10,92.582
2023-03-09,92.8005
2023-03-08,93.1521
2023-03-07,93.82
2023-03-06,94.2708
2023-03-03,94.7521
2023-03-02,95.4549
2023-03-01,95.8753
2023-02-28,96.2983
2023-02-27,96.6414
2023-02-24,97.1153
2023-02-23,97.5337
2023-02-22,97.7497
2023-02-21,98.0514
2023-02-17,98.4504
2023-02-16,98.6335
2023-02-15,98.5108
2023-02-14,98.2205
2023-02-13,98.0514
2023-02-10,97.9272
2023-02-09,97.7557
2023-02-08,97.5816
2023-02-07,97.0355
2023-02-06,96.0569
2023-02-03,95.2808
2023-02-02,94.3541
2023-02-01,93.3736
2023-01-31,92.8095
2023-01-30,92.2803
2023-01-27,91.8568
2023-01-26,91.191
2023-01-25,90.6858
2023-01-24,90.387
2023-01-23,89.8912
2023-01-20,89.382
2023-01-19,88.9331
2023-01-18,88.7032
2023-01-17,88.6603
2023-01-13,88.6389
2023-01-12,88.786
2023-01-11,89.0104
2023-01-10,89.0997
2023-01-09,89.3197
2023-01-06,89.6035
2023-01-05,89.9825
2023-01-04,90.5202
2023-01-03,91.0888
2022-12-30,91.6534
2022-12-29,92.2898
2022-12-28,92.9152
2022-12-27,93.3726
2022-12-23,93.8045
2022-12-22,94.215
2022-12-21,94.7486
2022-12-20,95.1212
2022-12-19,95.4494
2022-12-16,95.8978
2022-12-15,96.3018
2022-12-14,96.7003
2022-12-13,96.8684
2022-12-12,96.8719
2022-12-09,97.0265
2022-12-08,97.0818
2022-12-07,96.7631
2022-12-06,96.4619
2022-12-05,96.0384
2022-12-02,95.395
2022-12-01,94.5467
2022-11-30,93.8474
2022-11-29,93.3227
2022-11-28,93.2888
2022-11-25,93.3008
2022-11-23,93.0394
2022-11-22,92.8633
2022-11-21,93.2339
2022-11-18,93.5791
2022-11-17,93.7636
2022-11-16,93.8439
2022-11-15,93.8828
2022-11-14,93.999
2022-11-11,94.212
2022-11-10,94.2195
2022-11-09,94.4748
2022-11-08,94.9856
2022-11-07,95.3985
2022-11-04,95.8659
2022-11-03,96.4694
2022-11-02,97.3666
2022-11-01,98.0878
2022-10-31,98.645
2022-10-28,98.8509
2022-10-27,98.819
2022-10-26,99.0784
2022-10-25,99.3337
2022-10-24,98.9856
2022-10-21,98.7686
2022-10-20,98.6494
2022-10-19,98.6579
2022-10-18,98.6405
2022-10-17,98.6589
2022-10-14,98.8135
2022-10-13,99.1248
2022-10-12,99.3168
2022-10-11,99.6879
2022-10-10,100.044
2022-10-07,100.6924
2022-10-06,101.2894
2022-10-05,101.6365
2022-10-04,102.0365
2022-10-03,102.2944
2022-09-30,102.7537
2022-09-29,103.4565
2022-09-28,103.9951
2022-09-27,104.4385
2022-09-26,105.033
2022-09-23,105.64
2022-09-22,106.5333
2022-09-21,107.2091
2022-09-20,107.9363
2022-09-19,108.5897
2022-09-16,109.2949
2022-09-15,110.1613
2022-09-14,110.9912
2022-09-13,111.8241
2022-09-12,112.7099
2022-09-09,113.2496
2022-09-08,113.6581
2022-09-07,114.2227
2022-09-06,114.5808
2022-09-02,115.104
2022-09-01,115.5838
2022-08-31,116.0052
2022-08-30,116.497
2022-08-29,116.8057
2022-08-26,117.0771
2022-08-25,117.3753
2022-08-24,117.2541
2022-08-23,117.2227
2022-08-22,116.7818
2022-08-19,116.4461
2022-08-18,115.9818
2022-08-17,115.691
2022-08-16,115.4092
2022-08-15,115.0157
2022-08-12,114.3648
2022-08-11,113.8709
2022-08-10,113.4484
2022-08-09,113.0321
2022-08-08,112.9019
2022-08-05,112.8209
2022-08-04,112.9149
2022-08-03,112.9445
2022-08-02,112.7695
2022-08-01,112.6764
2022-07-29,112.371
2022-07-28,112.0041
2022-07-27,111.8785
2022-07-26,111.826
2022-07-25,112.3653
2022-07-22,112.8872
2022-07-21,113.1038
2022-07-20,112.9615
2022-07-19,112.844
2022-07-18,112.5115
2022-07-15,112.3621
2022-07-14,112.2617
2022-07-13,112.0795
2022-07-12,111.8321
2022-07-11,111.6895
2022-07-08,111.6476
2022-07-07,111.5399
2022-07-06,111.4584
2022-07-05,111.5705
2022-07-01,111.6343
2022-06-30,112.0774
2022-06-29,112.3233
2022-06-28,112.426
2022-06-27,112.4414
2022-06-24,112.0404
2022-06-23,111.4334
2022-06-22,111.1206
2022-06-21,111.1206
2022-06-17,110.9891
2022-06-16,111.1507
2022-06-15,111.4433
2022-06-14,111.7779
2022-06-13,112.1634
2022-06-10,112.6451
2022-06-09,112.729
2022-06-08,112.6675
2022-06-07,112.5279
2022-06-06,112.2966
2022-06-03,112.243
2022-06-02,112.341
2022-06-01,112.5724
2022-05-31,112.744
2022-05-27,112.8847
2022-05-26,112.9742
2022-05-25,113.5093
2022-05-24,113.9327
2022-05-23,114.5652
2022-05-20,115.143
2022-05-19,115.6781
2022-05-18,116.3978
2022-05-17,117.2028
2022-05-16,117.8779
2022-05-13,118.5379
2022-05-12,119.0705
2022-05-11,119.9209
2022-05-10,120.6248
2022-05-09,121.3444
2022-05-06,122.3806
2022-05-05,123.3852
2022-05-04,124.3849
2022-05-03,125.2991
2022-05-02,126.5778
2022-04-29,127.7532
2022-04-28,128.998
2022-04-27,130.1659
2022-04-26,131.573
2022-04-25,132.7104
2022-04-22,133.6381
2022-04-21,134.7322
2022-04-20,135.4035
2022-04-19,135.9935
2022-04-18,136.2973
2022-04-14,136.7188
2022-04-13,137.0733
2022-04-12,137.2422
2022-04-11,137.3162
2022-04-08,137.1729
2022-04-07,137.0025
2022-04-06,136.83
2022-04-05,136.674
2022-04-04,136.0013
2022-04-01,135.1737
2022-03-31,134.7626
2022-03-30,134.5048
2022-03-29,134.1374
2022-03-28,133.7162
2022-03-25,133.3971
2022-03-24,133.0373
2022-03-23,132.5944
2022-03-22,132.0613
2022-03-21,131.5598
2022-03-18,131.2756
2022-03-17,131.0967
2022-03-16,131.2912
2022-03-15,131.4572
2022-03-14,131.7728
2022-03-11,132.1884
2022-03-10,132.6247
2022-03-09,133.0817
2022-03-08,133.3799
2022-03-07,133.9833
2022-03-04,134.8269
2022-03-03,135.3847
2022-03-02,136.0879
2022-03-01,136.2412
2022-02-28,136.3031
2022-02-25,136.218
2022-02-24,135.946
2022-02-23,135.7735
2022-02-22,135.741
2022-02-18,135.7904
2022-02-17,135.7878
2022-02-16,135.8261
2022-02-15,135.6954
2022-02-14,135.6649
2022-02-11,135.8622
2022-02-10,136.0768
2022-02-09,136.217
2022-02-08,136.1245
2022-02-07,136.0881
2022-02-04,135.9791
2022-02-03,135.7026
2022-02-02,135.4375
2022-02-01,135.2579
2022-01-31,135.6244
2022-01-28,136.1006
2022-01-27,136.7415
2022-01-26,137.6218
2022-01-25,138.4923
2022-01-24,139.5383
2022-01-21,140.3419
2022-01-20,141.1431
2022-01-19,141.6501
2022-01-18,141.9738
2022-01-14,142.2594
2022-01-13,142.507
2022-01-12,142.8988
2022-01-11,143.0223
2022-01-10,143.3261
2022-01-07,143.7915
2022-01-06,144.3213
2022-01-05,144.8419
2022-01-04,145.3155
2022-01-03,145.2534
2021-12-31,145.1043
2021-12-30,145.0102
2021-12-29,144.7534
2021-12-28,144.5161
2021-12-27,144.4584
2021-12-23,144.1729
2021-12-22,144.1332
2021-12-21,144.1016
2021-12-20,144.2428
2021-12-17,144.6078
2021-12-16,145.0125
2021-12-15,145.1922
2021-12-14,145.2637
2021-12-13,145.4904
2021-12-10,145.6326
2021-12-09,145.5212
2021-12-08,145.4341
2021-12-07,145.4706
2021-12-06,145.5585
2021-12-03,145.8426
2021-12-02,146.1552
2021-12-01,146.3363
2021-11-30,146.5548
2021-11-29,146.6346
2021-11-26,146.7601
2021-11-24,146.9429
2021-11-23,146.9478
2021-11-22,146.6249
2021-11-19,146.1832
2021-11-18,145.6167
2021-11-17,145.22
2021-11-16,144.9069
2021-11-15,144.6755
2021-11-12,144.3925
2021-11-11,144.0279
2021-11-10,143.7977
2021-11-09,143.3832
2021-11-08,142.7613
2021-11-05,142.2567
2021-11-04,141.8045
2021-11-03,141.3535
2021-11-02,140.9029
2021-11-01,140.4336
2021-10-29,139.943
2021-10-28,139.3693
2021-10-27,138.7621
2021-10-26,138.1704
2021-10-25,137.9969
2021-10-22,138.1777
2021-10-21,138.4095
2021-10-20,138.3761
2021-10-19,138.302
2021-10-18,138.0924
2021-10-15,137.8899
2021-10-14,137.8616
2021-10-13,137.9843
2021-10-12,138.3258
2021-10-11,138.6298
2021-10-08,138.8003
2021-10-07,138.8547
2021-10-06,139.0699
2021-10-05,139.3755
2021-10-04,139.7873
2021-10-01,140.2901
2021-09-30,140.6264
2021-09-29,141.202
2021-09-28,141.7179
2021-09-27,142.1548
2021-09-24,142.3011
2021-09-23,142.2625
2021-09-22,142.3055
2021-09-21,142.3543
2021-09-20,142.4046
2021-09-17,142.3402
2021-09-16,142.0849
2021-09-15,141.6778
2021-09-14,141.2904
2021-09-13,141.0792
2021-09-10,140.8495
2021-09-09,140.6659
2021-09-08,140.3037
2021-09-07,139.9603
2021-09-03,139.5928
2021-09-02,139.1938
2021-09-01,138.8429
2021-08-31,138.3396
2021-08-30,137.8874
2021-08-27,137.4018
2021-08-26,136.9391
2021-08-25,136.6566
2021-08-24,136.3581
2021-08-23,135.8912
2021-08-20,135.5916
2021-08-19,135.3715
2021-08-18,135.0094
2021-08-17,134.6154
2021-08-16,134.0941
2021-08-13,133.4092
2021-08-12,132.8727
2021-08-11,132.3645
2021-08-10,131.9634
2021-08-09,131.4913
2021-08-06,130.9957
2021-08-05,130.4859
2021-08-04,129.927
2021-08-03,129.4955
2021-08-02,129.0246
2021-07-30,128.546
2021-07-29,127.9334
2021-07-28,127.2507
2021-07-27,126.5613
2021-07-26,126.0943
2021-07-23,125.5194
2021-07-22,124.995
2021-07-21,124.681
2021-07-20,124.4207
2021-07-19,124.2014
2021-07-16,123.9786
2021-07-15,123.718
2021-07-14,123.4071
2021-07-13,123.0671
2021-07-12,122.8229
2021-07-09,122.5503
2021-07-08,122.3627
2021-07-07,122.1309
2021-07-06,121.8041
2021-07-02,121.5011
2021-07-01,121.2228
2021-06-30,120.9702
2021-06-29,120.7926
2021-06-28,120.6324
2021-06-25,120.3983
2021-06-24,120.1801
2021-06-23,120.0063
2021-06-22,119.8076
2021-06-21,119.5942
2021-06-18,119.2398
2021-06-17,119.0022
2021-06-16,118.5948
2021-06-15,118.2133
2021-06-14,117.8655
2021-06-11,117.4402
2021-06-10,116.9386
2021-06-09,116.3528
2021-06-08,116.009
2021-06-07,115.7429
2021-06-04,115.6173
2021-06-03,115.4771
2021-06-02,115.3953
2021-06-01,115.2363
2021-05-28,115.1413
2021-05-27,115.1329
2021-05-26,115.2079
2021-05-25,115.1549
2021-05-24,114.9756
2021-05-21,114.8482
2021-05-20,114.8626
2021-05-19,114.7269
2021-05-18,114.744
2021-05-17,114.7852
2021-05-14,114.7873
2021-05-13,114.7982
2021-05-12,114.9384
2021-05-11,115.0423
2021-05-10,115.0033
2021-05-07,114.8858
2021-05-06,114.6831
2021-05-05,114.4664
2021-05-04,114.2775
2021-05-03,114.0342
2021-04-30,113.7246
2021-04-29,113.1667
2021-04-28,112.3432
2021-04-27,111.5637
2021-04-26,110.9522
2021-04-23,110.241
2021-04-22,109.574
2021-04-21,109.0254
2021-04-20,108.4343
2021-04-19,107.815
2021-04-16,107.1597
2021-04-15,106.5078
2021-04-14,106.0015
2021-04-13,105.6074
2021-04-12,105.1087
2021-04-09,104.6233
2021-04-08,104.199
2021-04-07,103.6648
2021-04-06,103.1693
2021-04-05,102.6662
2021-04-01,102.3622
2021-03-31,102.1232
2021-03-30,101.9957
2021-03-29,102.0406
2021-03-26,102.1002
2021-03-25,102.0931
2021-03-24,102.052
2021-03-23,102.1799
2021-03-22,102.2267
2021-03-19,102.2855
2021-03-18,102.4397
2021-03-17,102.6504
2021-03-16,102.7412
2021-03-15,102.808
2021-03-12,102.9092
2021-03-11,103.0059
2021-03-10,102.9708
2021-03-09,103.0686
2021-03-08,103.1787
2021-03-05,103.3815
2021-03-04,103.2732
2021-03-03,103.3354
2021-03-02,103.1052
2021-03-01,102.6778
2021-02-26,102.0735
2021-02-25,101.6528
2021-02-24,101.1615
2021-02-23,100.723
2021-02-22,100.3094
2021-02-19,99.9061
2021-02-18,99.3958
2021-02-17,98.8328
2021-02-16,97.9995
2021-02-12,97.0442
2021-02-11,96.1362
2021-02-10,95.2845
2021-02-09,94.4141
2021-02-08,93.6183
2021-02-05,92.9034
2021-02-04,92.1191
2021-02-03,91.2943
2021-02-02,90.4992
2021-02-01,90.0179
2021-01-29,89.6677
2021-01-28,89.4405
2021-01-27,89.2025
2021-01-26,89.0903
2021-01-25,88.6569
2021-01-22,88.2428
2021-01-21,87.813
2021-01-20,87.44
2021-01-19,87.0563
2021-01-15,86.9467
2021-01-14,87.0204
2021-01-13,87.0956
2021-01-12,87.1081
2021-01-11,87.2013
2021-01-08,87.2297
2021-01-07,87.1799
2021-01-06,87.2721
2021-01-05,87.5069
2021-01-04,87.7157
2020-12-31,87.9543
2020-12-30,88.1347
2020-12-29,88.2821
2020-12-28,88.2737
2020-12-24,88.3063
2020-12-23,88.381
2020-12-22,88.47
2020-12-21,88.4883
2020-12-18,88.4928
2020-12-17,88.5735
2020-12-16,88.5738
2020-12-15,88.585
2020-12-14,88.6173
2020-12-11,88.6672
2020-12-10,88.5874
2020-12-09,88.5365
2020-12-08,88.4364
2020-12-07,88.3119
2020-12-04,88.169
2020-12-03,88.0163
2020-12-02,87.8268
2020-12-01,87.3796
2020-11-30,86.9531
2020-11-27,86.6082
2020-11-25,86.0343
2020-11-24,85.4025
2020-11-23,84.991
2020-11-20,84.6337
2020-11-19,84.3758
2020-11-18,83.997
2020-11-17,83.6113
2020-11-16,83.0862
2020-11-13,82.4775
2020-11-12,81.9674
2020-11-11,81.5002
2020-11-10,81.0418
2020-11-09,80.6163
2020-11-06,80.1254
2020-11-05,79.5038
2020-11-04,78.8078
2020-11-03,78.0928
2020-11-02,77.6074
2020-10-30,77.2546
2020-10-29,76.8543
2020-10-28,76.6823
2020-10-27,76.5696
2020-10-26,76.2383
2020-10-23,75.925
2020-10-22,75.4414
2020-10-21,74.983
2020-10-20,74.5426
2020-10-19,74.315
2020-10-16,74.0661
2020-10-15,73.7753
2020-10-14,73.6047
2020-10-13,73.4766
2020-10-12,73.3969
2020-10-09,73.2579
2020-10-08,73.2711
2020-10-07,73.3774
2020-10-06,73.5971
2020-10-05,73.7781
2020-10-02,74.0234
2020-10-01,74.4571
2020-09-30,75.0294
2020-09-29,75.5019
2020-09-28,75.9097
2020-09-25,76.3605
2020-09-24,76.833
2020-09-23,77.3848
2020-09-22,77.8747
2020-09-21,78.1872
2020-09-18,78.5499
2020-09-17,78.862
2020-09-16,79.0056
2020-09-15,79.1146
2020-09-14,79.0675
2020-09-11,79.057
2020-09-10,79.0592
2020-09-09,79.0123
2020-09-08,78.846
2020-09-04,78.7792
2020-09-03,78.5726
2020-09-02,78.262
2020-09-01,77.6677
2020-08-31,77.2144
2020-08-28,76.8484
2020-08-27,76.4706
2020-08-26,76.2458
2020-08-25,75.945
2020-08-24,75.6902
2020-08-21,75.5512
2020-08-20,75.3832
2020-08-19,75.2348
2020-08-18,75.2853
2020-08-17,75.2857
2020-08-14,75.4044
2020-08-13,75.4349
2020-08-12,75.4305
2020-08-11,75.4546
2020-08-10,75.5551
2020-08-07,75.5936
2020-08-06,75.6949
2020-08-05,75.7291
2020-08-04,75.7902
2020-08-03,75.8317
2020-07-31,75.8738
2020-07-30,75.8288
2020-07-29,75.5885
2020-07-28,75.3255
2020-07-27,75.06
2020-07-24,74.6438
2020-07-23,74.4764
2020-07-22,74.2668
2020-07-21,74.0153
2020-07-20,73.7528
2020-07-17,73.4057
2020-07-16,73.1993
2020-07-15,73.0438
2020-07-14,72.8682
2020-07-13,72.6185
2020-07-10,72.3709
2020-07-09,72.0289
2020-07-08,71.8944
2020-07-07,71.7659
2020-07-06,71.6614
2020-07-02,71.5127
2020-07-01,71.374
2020-06-30,71.3672
2020-06-29,71.4277
2020-06-26,71.5217
2020-06-25,71.6987
2020-06-24,71.6417
2020-06-23,71.6107
2020-06-22,71.5044
2020-06-19,71.4111
2020-06-18,71.3665
2020-06-17,71.3043
2020-06-16,71.1094
2020-06-15,70.9565
2020-06-12,70.8376
2020-06-11,70.6978
2020-06-10,70.5642
2020-06-09,70.341
2020-06-08,70.2201
2020-06-05,70.0612
2020-06-04,69.8848
2020-06-03,69.7131
2020-06-02,69.4881
2020-06-01,69.1903
2020-05-29,68.8971
2020-05-28,68.6806
2020-05-27,68.4909
2020-05-26,68.0229
2020-05-22,67.6475
2020-05-21,67.3068
2020-05-20,66.9687
2020-05-19,66.5927
2020-05-18,66.1881
2020-05-15,65.8788
2020-05-14,65.6443
2020-05-13,65.3963
2020-05-12,65.1693
2020-05-11,64.8951
2020-05-08,64.4134
2020-05-07,63.97
2020-05-06,63.5653
2020-05-05,63.1592
2020-05-04,62.7456
2020-05-01,62.1716
2020-04-30,61.6721
2020-04-29,61.0621
2020-04-28,60.6126
2020-04-27,60.3975
2020-04-24,59.997
2020-04-23,59.7135
2020-04-22,59.2907
2020-04-21,58.9705
2020-04-20,58.5764
2020-04-17,58.0952
2020-04-16,57.6779
2020-04-15,57.2634
2020-04-14,56.9161
2020-04-13,56.4367
2020-04-09,56.4464
2020-04-08,56.2094
2020-04-07,56.2191
2020-04-06,56.4501
2020-04-03,56.5314
2020-04-02,57.0377
2020-04-01,57.5308
2020-03-31,58.2278
2020-03-30,58.6662
2020-03-27,59.2647
2020-03-26,59.8358
2020-03-25,60.2149
2020-03-24,60.9352
2020-03-23,61.5744
2020-03-20,62.4865
2020-03-19,63.522
2020-03-18,64.5328
2020-03-17,65.6143
2020-03-16,66.6153
2020-03-13,67.7268
2020-03-12,68.4728
2020-03-11,69.4879
2020-03-10,70.234
2020-03-09,70.8162
2020-03-06,71.4729
2020-03-05,71.9224
2020-03-04,72.2498
2020-03-03,72.4089
2020-03-02,72.7702
2020-02-28,72.8861
2020-02-27,73.1729
2020-02-26,73.5264
2020-02-25,73.6761
2020-02-24,73.7893
2020-02-21,73.9048
2020-02-20,73.9079
2020-02-19,73.8253
2020-02-18,73.719
2020-02-14,73.6194
2020-02-13,73.4484
2020-02-12,73.2634
2020-02-11,73.0439
2020-02-10,72.8692
2020-02-07,72.6705
2020-02-06,72.5225
2020-02-05,72.3456
2020-02-04,72.2186
2020-02-03,72.0999
2020-01-31,71.798
2020-01-30,71.6381
2020-01-29,71.3517
2020-01-28,71.0599
2020-01-27,70.8209
2020-01-24,70.6481
2020-01-23,70.3445
2020-01-22,70.0102
2020-01-21,69.6794
2020-01-17,69.3657
2020-01-16,69.0475
2020-01-15,68.8099
2020-01-14,68.6141
2020-01-13,68.4053
2020-01-10,68.177
2020-01-09,67.9658
2020-01-08,67.774
2020-01-07,67.6193
2020-01-06,67.4803
2020-01-03,67.3036
2020-01-02,67.1975
2019-12-31,67.0131
2019-12-30,66.8871
2019-12-27,66.7982
2019-12-26,66.6922
2019-12-24,66.5688
2019-12-23,66.4721
2019-12-20,66.3301
2019-12-19,66.2027
2019-12-18,66.0666
2019-12-17,65.9685
2019-12-16,65.8811
2019-12-13,65.8134
2019-12-12,65.7193
2019-12-11,65.5889
2019-12-10,65.4716
2019-12-09,65.3603
2019-12-06,65.2755
2019-12-05,65.1946
2019-12-04,65.105
2019-12-03,65.0364
2019-12-02,65.0236
2019-11-29,64.9822
2019-11-27,64.8692
2019-11-26,64.741
2019-11-25,64.6104
2019-11-22,64.5689
2019-11-21,64.4957
2019-11-20,64.3933
2019-11-19,64.283
2019-11-18,64.105
2019-11-15,63.9166
2019-11-14,63.6943
2019-11-13,63.5538
2019-11-12,63.4212
2019-11-11,63.2841
2019-11-08,63.0833
2019-11-07,62.8507
2019-11-06,62.6076
2019-11-05,62.3866
2019-11-04,62.134
2019-11-01,61.9311
2019-10-31,61.7782
2019-10-30,61.6052
2019-10-29,61.3988
2019-10-28,61.2625
2019-10-25,61.0933
2019-10-24,60.9977
2019-10-23,60.9557
2019-10-22,60.9266
2019-10-21,60.8695
2019-10-18,60.8456
2019-10-17,60.8093
2019-10-16,60.7742
2019-10-15,60.7484
2019-10-14,60.7176
2019-10-11,60.7522
2019-10-10,60.8128
2019-10-09,60.8764
2019-10-08,60.9203
2019-10-07,60.9591
2019-10-04,60.9517
2019-10-03,60.9401
2019-10-02,60.9969
2019-10-01,61.0077
2019-09-30,60.9168
2019-09-27,60.8405
2019-09-26,60.7614
2019-09-25,60.5905
2019-09-24,60.4032
2019-09-23,60.2856
2019-09-20,60.0833
2019-09-19,59.9878
2019-09-18,59.8701
2019-09-17,59.7476
2019-09-16,59.6742
2019-09-13,59.5435
2019-09-12,59.3671
2019-09-11,59.1908
2019-09-10,59.1328
2019-09-09,59.0549
2019-09-06,59.0141
2019-09-05,59.0138
2019-09-04,58.9233
2019-09-03,58.8954
2019-08-30,58.8585
2019-08-29,58.873
2019-08-28,58.9167
2019-08-27,59.0275
2019-08-26,59.1701
2019-08-23,59.3463
2019-08-22,59.5749
2019-08-21,59.4363
2019-08-20,59.307
2019-08-19,59.2185
2019-08-16,59.0658
2019-08-15,58.9469
2019-08-14,58.8919
2019-08-13,58.8482
2019-08-12,58.7403
2019-08-09,58.6805
2019-08-08,58.5719
2019-08-07,58.417
2019-08-06,58.3297
2019-08-05,58.213
2019-08-02,58.1183
2019-08-01,57.9596
2019-07-31,57.7382
2019-07-30,57.4748
2019-07-29,57.1556
2019-07-26,56.759
2019-07-25,56.3386
2019-07-24,56.1999
2019-07-23,56.0698
2019-07-22,55.9916
2019-07-19,55.9571
2019-07-18,55.9114
2019-07-17,55.8048
2019-07-16,55.7013
2019-07-15,55.5528
2019-07-12,55.3926
2019-07-11,55.2572
2019-07-10,55.0951
2019-07-09,54.9458
2019-07-08,54.8422
2019-07-05,54.7215
2019-07-03,54.5097
2019-07-02,54.3143
2019-07-01,54.1694
2019-06-28,54.0167
2019-06-27,54.0758
2019-06-26,54.1874
2019-06-25,54.2862
2019-06-24,54.4159
2019-06-21,54.4705
2019-06-20,54.5203
2019-06-19,54.6267
2019-06-18,54.7512
2019-06-17,54.8495
2019-06-14,55.0363
2019-06-13,55.2811
2019-06-12,55.4801
2019-06-11,55.5942
2019-06-10,55.7328
2019-06-07,55.9444
2019-06-06,56.1928
2019-06-05,56.4996
2019-06-04,56.8343
2019-06-03,57.1809
2019-05-31,57.557
2019-05-30,57.7066
2019-05-29,57.8361
2019-05-28,58.0331
2019-05-24,58.4238
2019-05-23,58.7699
2019-05-22,59.0742
2019-05-21,59.334
2019-05-20,59.6237
2019-05-17,59.8958
2019-05-16,60.077
2019-05-15,60.2158
2019-05-14,60.3682
2019-05-13,60.6217
2019-05-10,60.8365
2019-05-09,60.9412
2019-05-08,61.0371
2019-05-07,61.1167
2019-05-06,61.1901
2019-05-03,61.2349
2019-05-02,61.3095
2019-05-01,61.42
2019-04-30,61.5003
2019-04-29,61.5004
2019-04-26,61.2028
2019-04-25,60.9406
2019-04-24,60.7178
2019-04-23,60.5427
2019-04-22,60.3602
2019-04-18,60.2452
2019-04-17,60.2319
2019-04-16,60.1977
2019-04-15,60.1242
2019-04-12,60.0295
2019-04-11,59.9486
2019-04-10,59.9061
2019-04-09,59.8877
2019-04-08,59.8741
2019-04-05,59.8017
2019-04-04,59.6484
2019-04-03,59.4773
2019-04-02,59.363
2019-04-01,59.2723
2019-03-29,59.1587
2019-03-28,59.0879
2019-03-27,58.9739
2019-03-26,58.8365
2019-03-25,58.6673
2019-03-22,58.4677
2019-03-21,58.2405
2019-03-20,57.9115
2019-03-19,57.6476
2019-03-18,57.4582
2019-03-15,57.2863
2019-03-14,57.134
2019-03-13,56.9746
2019-03-12,56.7963
2019-03-11,56.5591
2019-03-08,56.3674
2019-03-07,56.2575
2019-03-06,56.1878
2019-03-05,56.1552
2019-03-04,56.0859
2019-03-01,55.9992
2019-02-28,55.9427
2019-02-27,55.8715
2019-02-26,55.7398
2019-02-25,55.6346
2019-02-22,55.5952
2019-02-21,55.514
2019-02-20,55.4646
2019-02-19,55.36
2019-02-15,55.3121
2019-02-14,55.2609
2019-02-13,55.1619
2019-02-12,55.0569
2019-02-11,54.8672
2019-02-08,54.7733
2019-02-07,54.7146
2019-02-06,54.6541
2019-02-05,54.5605
2019-02-04,54.3711
2019-02-01,54.2131
2019-01-31,53.9808
2019-01-30,53.8032
2019-01-29,53.671
2019-01-28,53.6127
2019-01-25,53.5455
2019-01-24,53.4116
2019-01-23,53.1639
2019-01-22,52.9316
2019-01-18,52.7943
2019-01-17,52.6152
2019-01-16,52.4762
2019-01-15,52.317
2019-01-14,52.2302
2019-01-11,52.2852
2019-01-10,52.3082
2019-01-09,52.2654
2019-01-08,52.1944
2019-01-07,52.0977
2019-01-04,52.1031
2019-01-03,52.0642
2019-01-02,52.2908
2018-12-31,52.4279
2018-12-28,52.5516
2018-12-27,52.6641
2018-12-26,52.6626
2018-12-24,52.6828
2018-12-21,52.7961
2018-12-20,52.9262
2018-12-19,52.9433
2018-12-18,52.9233
2018-12-17,52.9853
2018-12-14,53.0985
2018-12-13,53.1056
2018-12-12,53.0419
2018-12-11,52.9811
2018-12-10,53.0194
2018-12-07,53.1228
2018-12-06,53.2766
2018-12-04,53.2553
2018-12-03,53.2385
2018-11-30,53.1266
2018-11-29,53.0676
2018-11-28,53.0576
2018-11-27,52.9522
2018-11-26,52.9084
2018-11-23,52.9778
2018-11-21,53.161
2018-11-20,53.1952
2018-11-19,53.4058
2018-11-16,53.6152
2018-11-15,53.7072
2018-11-14,53.7742
2018-11-13,53.9563
2018-11-12,54.1685
2018-11-09,54.3009
2018-11-08,54.4094
2018-11-07,54.3997
2018-11-06,54.3596
2018-11-05,54.5481
2018-11-02,54.798
2018-11-01,55.0382
2018-10-31,55.2654
2018-10-30,55.567
2018-10-29,55.9614
2018-10-26,56.3948
2018-10-25,56.7024
2018-10-24,56.9611
2018-10-23,57.3026
2018-10-22,57.4996
2018-10-19,57.6696
2018-10-18,57.8366
2018-10-17,58.0702
2018-10-16,58.1866
2018-10-15,58.2714
2018-10-12,58.4145
2018-10-11,58.5578
2018-10-10,58.7857
2018-10-09,58.9838
2018-10-08,59.0956
2018-10-05,59.1433
2018-10-04,59.1677
2018-10-03,59.1849
2018-10-02,59.1539
2018-10-01,59.1631
2018-09-28,59.2211
2018-09-27,59.3392
2018-09-26,59.4821
2018-09-25,59.6113
2018-09-24,59.7668
2018-09-21,59.9094
2018-09-20,60.0317
2018-09-19,60.107
2018-09-18,60.2146
2018-09-17,60.3513
2018-09-14,60.491
2018-09-13,60.606
2018-09-12,60.7309
2018-09-11,60.9467
2018-09-10,61.0929
2018-09-07,61.2861
2018-09-06,61.5027
2018-09-05,61.6956
2018-09-04,61.8371
2018-08-31,61.9028
2018-08-30,61.9187
2018-08-29,61.8855
2018-08-28,61.8065
2018-08-27,61.76
2018-08-24,61.6946
2018-08-23,61.7349
2018-08-22,61.8953
2018-08-21,62.0305
2018-08-20,62.1321
2018-08-17,62.1048
2018-08-16,62.0599
2018-08-15,61.9977
2018-08-14,61.9495
2018-08-13,61.8372
2018-08-10,61.7072
2018-08-09,61.5872
2018-08-08,61.4296
2018-08-07,61.2055
2018-08-06,60.9843
2018-08-03,60.8088
2018-08-02,60.6016
2018-08-01,60.3526
2018-07-31,60.0616
2018-07-30,59.8493
2018-07-27,59.5978
2018-07-26,59.2833
2018-07-25,58.863
2018-07-24,58.5056
2018-07-23,58.2091
2018-07-20,58.1051
2018-07-19,58.0342
2018-07-18,57.9967
2018-07-17,57.9114
2018-07-16,57.8378
2018-07-13,57.7449
2018-07-12,57.6344
2018-07-11,57.4922
2018-07-10,57.4342
2018-07-09,57.3687
2018-07-06,57.2825
2018-07-05,57.231
2018-07-03,57.2451
2018-07-02,57.3318
2018-06-29,57.359
2018-06-28,57.3735
2018-06-27,57.3067
2018-06-26,57.2083
2018-06-25,57.0473
2018-06-22,56.9097
2018-06-21,56.7006
2018-06-20,56.4924
2018-06-19,56.2212
2018-06-18,55.9851
2018-06-15,55.7009
2018-06-14,55.5064
2018-06-13,55.3168
2018-06-12,55.1688
2018-06-11,55.0651
2018-06-08,54.9715
2018-06-07,54.9036
2018-06-06,54.7902
2018-06-05,54.5698
2018-06-04,54.3415
2018-06-01,54.087
2018-05-31,53.8159
2018-05-30,53.6315
2018-05-29,53.54
2018-05-25,53.4165
2018-05-24,53.2853
2018-05-23,53.1802
2018-05-22,53.0232
2018-05-21,52.8918
2018-05-18,52.8664
2018-05-17,52.8855
2018-05-16,52.906
2018-05-15,52.8843
2018-05-14,52.8705
2018-05-11,52.7196
2018-05-10,52.5517
2018-05-09,52.3817
2018-05-08,52.2224
2018-05-07,52.1673
2018-05-04,52.0691
2018-05-03,51.9667
2018-05-02,51.9825
2018-05-01,51.9917
2018-04-30,51.9366
2018-04-27,51.9218
2018-04-26,51.936
2018-04-25,51.8409
2018-04-24,51.8009
2018-04-23,51.8793
2018-04-20,51.7614
2018-04-19,51.7012
2018-04-18,51.7125
2018-04-17,51.7634
2018-04-16,51.815
2018-04-13,52.0353
2018-04-12,52.321
2018-04-11,52.5993
2018-04-10,52.8857
2018-04-09,53.2085
2018-04-06,53.5595
2018-04-05,53.8573
2018-04-04,54.0628
2018-04-03,54.2404
2018-04-02,54.4301
2018-03-29,54.6084
2018-03-28,54.6939
2018-03-27,54.9401
2018-03-26,55.2159
2018-03-23,55.4393
2018-03-22,55.6925
2018-03-21,55.8341
2018-03-20,55.8833
2018-03-19,55.9027
2018-03-16,55.8913
2018-03-15,55.784
2018-03-14,55.5897
2018-03-13,55.3534
2018-03-12,55.1405
2018-03-09,54.8421
2018-03-08,54.4603
2018-03-07,54.2758
2018-03-06,54.1995
2018-03-05,54.1034
2018-03-02,54.1644
2018-03-01,54.4074
2018-02-28,54.6837
2018-02-27,54.8669
2018-02-26,55.0389
2018-02-23,55.1483
2018-02-22,55.2831
2018-02-21,55.4362
2018-02-20,55.5918
2018-02-16,55.7429
2018-02-15,55.8626
2018-02-14,55.9738
2018-02-13,56.1394
2018-02-12,56.3303
2018-02-09,56.5201
2018-02-08,56.6841
2018-02-07,56.9396
2018-02-06,57.0827
2018-02-05,57.1569
2018-02-02,57.2764
2018-02-01,57.2179
2018-01-31,56.9933
2018-01-30,56.7215
2018-01-29,56.4123
2018-01-26,56.0868
2018-01-25,55.7692
2018-01-24,55.4792
2018-01-23,55.2237
2018-01-22,54.9611
2018-01-19,54.7352
2018-01-18,54.5762
2018-01-17,54.4494
2018-01-16,54.282
2018-01-12,54.0994
2018-01-11,53.9018
2018-01-10,53.7439
2018-01-09,53.5989
2018-01-08,53.4407
2018-01-05,53.2671
2018-01-04,53.0736
2018-01-03,52.8837
2018-01-02,52.6851
2017-12-29,52.565
2017-12-28,52.5221
2017-12-27,52.4758
2017-12-26,52.4835
2017-12-22,52.4988
2017-12-21,52.468
2017-12-20,52.4208
2017-12-19,52.3628
2017-12-18,52.2503
2017-12-15,52.1276
2017-12-14,52.0689
2017-12-13,52.0164
2017-12-12,51.9921
2017-12-11,51.9732
2017-12-08,51.9537
2017-12-07,51.9496
2017-12-06,51.9838
2017-12-05,52.0329
2017-12-04,52.0904
2017-12-01,52.1855
2017-11-30,52.2301
2017-11-29,52.2461
2017-11-28,52.2353
2017-11-27,52.1601
2017-11-24,52.0645
2017-11-22,51.9022
2017-11-21,51.7514
2017-11-20,51.5972
2017-11-17,51.4747
2017-11-16,51.3979
2017-11-15,51.2816
2017-11-14,51.2226
2017-11-13,51.1462
2017-11-10,51.0667
2017-11-09,50.9763
2017-11-08,50.8713
2017-11-07,50.7401
2017-11-06,50.579
2017-11-03,50.4534
2017-11-02,50.3129
2017-11-01,50.1688
2017-10-31,49.9797
2017-10-30,49.8277
2017-10-27,49.6639
2017-10-26,49.5144
2017-10-25,49.4481
2017-10-24,49.3694
2017-10-23,49.242
2017-10-20,49.1142
2017-10-19,48.9601
2017-10-18,48.8247
2017-10-17,48.6621
2017-10-16,48.4772
2017-10-13,48.2787
2017-10-12,48.0977
2017-10-11,47.9343
2017-10-10,47.7966
2017-10-09,47.694
2017-10-06,47.5717
2017-10-05,47.4415
2017-10-04,47.3535
2017-10-03,47.2917
2017-10-02,47.2154
2017-09-29,47.1768
2017-09-28,47.1307
2017-09-27,47.0779
2017-09-26,47.0177
2017-09-25,46.9945
2017-09-22,46.985
2017-09-21,46.9692
2017-09-20,46.9568
2017-09-19,46.939
2017-09-18,46.8991
2017-09-15,46.8902
2017-09-14,46.8712
2017-09-13,46.8815
2017-09-12,46.8507
2017-09-11,46.8314
2017-09-08,46.7985
2017-09-07,46.754
2017-09-06,46.7296
2017-09-05,46.735
2017-09-01,46.7456
2017-08-31,46.7302
2017-08-30,46.6929
2017-08-29,46.7029
2017-08-28,46.7299
2017-08-25,46.7732
2017-08-24,46.8426
2017-08-23,46.8816
2017-08-22,46.9382
2017-08-21,47.0096
2017-08-18,47.2028
2017-08-17,47.3715
2017-08-16,47.5324
2017-08-15,47.6534
2017-08-14,47.7752
2017-08-11,47.8676
2017-08-10,47.9843
2017-08-09,48.0972
2017-08-08,48.166
2017-08-07,48.1893
2017-08-04,48.2024
2017-08-03,48.1899
2017-08-02,48.1585
2017-08-01,48.1201
2017-07-31,48.0526
2017-07-28,48.0131
2017-07-27,47.962
2017-07-26,47.9832
2017-07-25,47.9402
2017-07-24,47.9478
2017-07-21,47.9174
2017-07-20,47.8744
2017-07-19,47.8405
2017-07-18,47.7812
2017-07-17,47.752
2017-07-14,47.7087
2017-07-13,47.667
2017-07-12,47.6647
2017-07-11,47.6718
2017-07-10,47.6924
2017-07-07,47.7401
2017-07-06,47.8984
2017-07-05,48.0827
2017-07-03,48.2433
2017-06-30,48.4539
2017-06-29,48.6195
2017-06-28,48.7454
2017-06-27,48.8104
2017-06-26,48.9304
2017-06-23,48.9832
2017-06-22,48.9976
2017-06-21,49.0
2017-06-20,48.98
2017-06-19,48.9677
2017-06-16,48.9164
2017-06-15,48.8962
2017-06-14,48.8512
2017-06-13,48.843
2017-06-12,48.8148
2017-06-09,48.7982
2017-06-08,48.7627
2017-06-07,48.6394
2017-06-06,48.5275
2017-06-05,48.4328
2017-06-02,48.2991
2017-06-01,48.1959
2017-05-31,48.0965
2017-05-30,47.9718
2017-05-26,47.8138
2017-05-25,47.6424
2017-05-24,47.392
2017-05-23,47.1713
2017-05-22,46.9676
2017-05-19,46.7552
2017-05-18,46.5166
2017-05-17,46.2911
2017-05-16,46.0775
2017-05-15,45.8016
2017-05-12,45.542
2017-05-11,45.2553
2017-05-10,44.97
2017-05-09,44.6833
2017-05-08,44.3965
2017-05-05,44.1057
2017-05-04,43.8434
2017-05-03,43.5796
2017-05-02,43.3405
2017-05-01,43.1401
2017-04-28,42.9281
2017-04-27,42.7409
2017-04-26,42.6373
2017-04-25,42.5163
2017-04-24,42.3908
2017-04-21,42.2816
2017-04-20,42.2335
2017-04-19,42.2078
2017-04-18,42.1919
2017-04-17,42.2267
2017-04-13,42.2696
2017-04-12,42.344
2017-04-11,42.4112
2017-04-10,42.4761
2017-04-07,42.5331
2017-04-06,42.5813
2017-04-05,42.6131
2017-04-04,42.6249
2017-04-03,42.6213
2017-03-31,42.5977
2017-03-30,42.6009
2017-03-29,42.6018
2017-03-28,42.6189
2017-03-27,42.6297
2017-03-24,42.6575
2017-03-23,42.6891
2017-03-22,42.7174
2017-03-21,42.7213
2017-03-20,42.7191
2017-03-17,42.6659
2017-03-16,42.5905
2017-03-15,42.509
2017-03-14,42.4383
2017-03-13,42.3711
2017-03-10,42.297
2017-03-09,42.2188
2017-03-08,42.1491
2017-03-07,42.0882
2017-03-06,42.0146
2017-03-03,41.9469
2017-03-02,41.87
2017-03-01,41.7837
2017-02-28,41.6925
2017-02-27,41.6399
2017-02-24,41.6284
2017-02-23,41.6512
2017-02-22,41.6698
2017-02-21,41.6652
2017-02-17,41.6532
2017-02-16,41.6073
2017-02-15,41.5629
2017-02-14,41.5422
2017-02-13,41.5109
2017-02-10,41.4909
2017-02-09,41.4776
2017-02-08,41.4771
2017-02-07,41.4675
2017-02-06,41.4624
2017-02-03,41.4713
2017-02-02,41.4536
2017-02-01,41.4274
2017-01-31,41.4094
2017-01-30,41.3402
2017-01-27,41.288
2017-01-26,41.1871
2017-01-25,41.0697
2017-01-24,40.9434
2017-01-23,40.8441
2017-01-20,40.7637
2017-01-19,40.7313
2017-01-18,40.7017
2017-01-17,40.6539
2017-01-13,40.6245
2017-01-12,40.5919
2017-01-11,40.5565
2017-01-10,40.5018
2017-01-09,40.4605
2017-01-06,40.3806
2017-01-05,40.2965
2017-01-04,40.2046
2017-01-03,40.1309
2016-12-30,40.0223
2016-12-29,39.9522
2016-12-28,39.8849
2016-12-27,39.8471
2016-12-23,39.7869
2016-12-22,39.7182
2016-12-21,39.6417
2016-12-20,39.5738
2016-12-19,39.498
2016-12-16,39.4069
2016-12-15,39.3479
2016-12-14,39.2589
2016-12-13,39.1524
2016-12-12,38.9975
2016-12-09,38.9073
2016-12-08,38.8346
2016-12-07,38.8606
2016-12-06,38.9117
2016-12-05,38.9762
2016-12-02,38.9834
2016-12-01,39.0276
2016-11-30,39.0877
2016-11-29,39.1615
2016-11-28,39.2125
2016-11-25,39.2967
2016-11-23,39.3893
2016-11-22,39.4968
2016-11-21,39.6054
2016-11-18,39.7324
2016-11-17,39.8523
2016-11-16,39.9408
2016-11-15,40.0583
2016-11-14,40.1738
2016-11-11,40.3075
2016-11-10,40.3894
2016-11-09,40.4488
2016-11-08,40.4642
2016-11-07,40.4582
2016-11-04,40.4884
2016-11-03,40.5373
2016-11-02,40.5894
2016-11-01,40.6214
2016-10-31,40.6147
2016-10-28,40.5909
2016-10-27,40.5523
2016-10-26,40.5156
2016-10-25,40.4856
2016-10-24,40.4411
2016-10-21,40.3586
2016-10-20,40.3359
2016-10-19,40.3218
2016-10-18,40.2667
2016-10-17,40.2126
2016-10-14,40.184
2016-10-13,40.1675
2016-10-12,40.1604
2016-10-11,40.1073
2016-10-10,40.0553
2016-10-07,40.017
2016-10-06,39.9865
2016-10-05,39.9859
2016-10-04,40.0027
2016-10-03,40.0158
2016-09-30,40.007
2016-09-29,39.9755
2016-09-28,39.9436
2016-09-27,39.8983
2016-09-26,39.8612
2016-09-23,39.8376
2016-09-22,39.7786
2016-09-21,39.7229
2016-09-20,39.7018
2016-09-19,39.6948
2016-09-16,39.7054
2016-09-15,39.7173
2016-09-14,39.7278
2016-09-13,39.7545
2016-09-12,39.7975
2016-09-09,39.8181
2016-09-08,39.8672
2016-09-07,39.8813
2016-09-06,39.8801
2016-09-02,39.8731
2016-09-01,39.8982
2016-08-31,39.9128
2016-08-30,39.9354
2016-08-29,39.9558
2016-08-26,39.9686
2016-08-25,39.9639
2016-08-24,39.9004
2016-08-23,39.8216
2016-08-22,39.7244
2016-08-19,39.6261
2016-08-18,39.5254
2016-08-17,39.4049
2016-08-16,39.2843
2016-08-15,39.1652
2016-08-12,39.0336
2016-08-11,38.8555
2016-08-10,38.675
2016-08-09,38.4779
2016-08-08,38.291
2016-08-05,38.0964
2016-08-04,37.874
2016-08-03,37.6496
2016-08-02,37.4253
2016-08-01,37.1878
2016-07-29,36.9617
2016-07-28,36.7427
2016-07-27,36.5665
2016-07-26,36.3902
2016-07-25,36.1994
2016-07-22,36.019
2016-07-21,35.9083
2016-07-20,35.7987
2016-07-19,35.6785
2016-07-18,35.5606
2016-07-15,35.4385
2016-07-14,35.4101
2016-07-13,35.4011
2016-07-12,35.4105
2016-07-11,35.409
2016-07-08,35.4239
2016-07-07,35.4856
2016-07-06,35.5745
2016-07-05,35.6297
2016-07-01,35.6925
2016-06-30,35.7563
2016-06-29,35.8579
2016-06-28,35.9908
2016-06-27,36.1344
2016-06-24,36.3001
2016-06-23,36.4291
2016-06-22,36.4871
2016-06-21,36.5433
2016-06-20,36.5642
2016-06-17,36.6031
2016-06-16,36.6306
2016-06-15,36.6245
2016-06-14,36.5946
2016-06-13,36.5872
2016-06-10,36.5696
2016-06-09,36.5569
2016-06-08,36.527
2016-06-07,36.5181
2016-06-06,36.5133
2016-06-03,36.5011
2016-06-02,36.4483
2016-06-01,36.3663
2016-05-31,36.2665
2016-05-27,36.1806
2016-05-26,36.0816
2016-05-25,36.0021
2016-05-24,35.9606
2016-05-23,35.9415
2016-05-20,36.0037
2016-05-19,36.0438
2016-05-18,36.2051
2016-05-17,36.3376
2016-05-16,36.4774
2016-05-13,36.6205
2016-05-12,36.7581
2016-05-11,36.8761
2016-05-10,36.9793
2016-05-09,37.0414
2016-05-06,37.1123
2016-05-05,37.1978
2016-05-04,37.311
2016-05-03,37.4524
2016-05-02,37.5775
2016-04-29,37.7039
2016-04-28,37.858
2016-04-27,38.0023
2016-04-26,38.1192
2016-04-25,38.2202
2016-04-22,38.2478
2016-04-21,38.2904
2016-04-20,38.2344
2016-04-19,38.1973
2016-04-18,38.1622
2016-04-15,38.0817
2016-04-14,38.0281
2016-04-13,37.9831
2016-04-12,37.9299
2016-04-11,37.8948
2016-04-08,37.8632
2016-04-07,37.7951
2016-04-06,37.7085
2016-04-05,37.5725
2016-04-04,37.4584
2016-04-01,37.3713
2016-03-31,37.2764
2016-03-30,37.218
2016-03-29,37.1527
2016-03-28,37.0313
2016-03-24,36.9605
2016-03-23,36.8963
2016-03-22,36.8049
2016-03-21,36.6983
2016-03-18,36.6157
2016-03-17,36.5327
2016-03-16,36.4305
2016-03-15,36.3672
2016-03-14,36.2851
2016-03-11,36.1769
2016-03-10,36.0809
2016-03-09,36.0178
2016-03-08,35.9569
2016-03-07,35.9336
2016-03-04,35.911
2016-03-03,35.9106
2016-03-02,35.9549
2016-03-01,36.0582
2016-02-29,36.1296
2016-02-26,36.2396
2016-02-25,36.2981
2016-02-24,36.2693
2016-02-23,36.3014
2016-02-22,36.3422
2016-02-19,36.3831
2016-02-18,36.3945
2016-02-17,36.3971
2016-02-16,36.3649
2016-02-12,36.3471
2016-02-11,36.4082
2016-02-10,36.4411
2016-02-09,36.5371
2016-02-08,36.6171
2016-02-05,36.6838
2016-02-04,36.7766
2016-02-03,36.8497
2016-02-02,36.88
2016-02-01,36.8265
2016-01-29,36.8445
2016-01-28,36.9167
2016-01-27,37.0306
2016-01-26,37.1918
2016-01-25,37.2717
2016-01-22,37.3588
2016-01-21,37.4128
2016-01-20,37.4979
2016-01-19,37.5934
2016-01-15,37.72
2016-01-14,37.8848
2016-01-13,37.9564
2016-01-12,38.0635
2016-01-11,38.0762
2016-01-08,38.1435
2016-01-07,38.2224
2016-01-06,38.3075
2016-01-05,38.3416
2016-01-04,38.3856
2015-12-31,38.4075
2015-12-30,38.4071
2015-12-29,38.3909
2015-12-28,38.3133
2015-12-24,38.2877
2015-12-23,38.2962
2015-12-22,38.299
2015-12-21,38.3229
2015-12-18,38.3633
2015-12-17,38.371
2015-12-16,38.3465
2015-12-15,38.2701
2015-12-14,38.246
2015-12-11,38.19
2015-12-10,38.2052
2015-12-09,38.2182
2015-12-08,38.2075
2015-12-07,38.1567
2015-12-04,38.1283
2015-12-03,38.0821
2015-12-02,38.0499
2015-12-01,37.9775
2015-11-30,37.8876
2015-11-27,37.8241
2015-11-25,37.7565
2015-11-24,37.6759
2015-11-23,37.5841
2015-11-20,37.4704
2015-11-19,37.3266
2015-11-18,37.1301
2015-11-17,36.9101
2015-11-16,36.7456
2015-11-13,36.6197
2015-11-12,36.5081
2015-11-11,36.3497
2015-11-10,36.1381
2015-11-09,35.9509
2015-11-06,35.7555
2015-11-05,35.5302
2015-11-04,35.2966
2015-11-03,35.0838
2015-11-02,34.8914
2015-10-30,34.7017
2015-10-29,34.5012
2015-10-28,34.2447
2015-10-27,33.996
2015-10-26,33.7212
2015-10-23,33.4547
2015-10-22,33.2572
2015-10-21,33.1918
2015-10-20,33.1456
2015-10-19,33.0788
2015-10-16,32.9966
2015-10-15,32.9108
2015-10-14,32.8576
2015-10-13,32.8204
2015-10-12,32.7753
2015-10-09,32.7155
2015-10-08,32.6758
2015-10-07,32.6361
2015-10-06,32.5698
2015-10-05,32.5005
2015-10-02,32.394
2015-10-01,32.3443
2015-09-30,32.3515
2015-09-29,32.3325
2015-09-28,32.3954
2015-09-25,32.4837
2015-09-24,32.5531
2015-09-23,32.5651
2015-09-22,32.4633
2015-09-21,32.3758
2015-09-18,32.3186
2015-09-17,32.3649
2015-09-16,32.4207
2015-09-15,32.4786
2015-09-14,32.551
2015-09-11,32.643
2015-09-10,32.7208
2015-09-09,32.8215
2015-09-08,32.9385
2015-09-04,32.9865
2015-09-03,33.0749
2015-09-02,33.1574
2015-09-01,33.2282
2015-08-31,33.3073
2015-08-28,33.3494
2015-08-27,33.344
2015-08-26,33.3355
2015-08-25,33.3397
2015-08-24,33.4574
2015-08-21,33.5575
2015-08-20,33.5843
2015-08-19,33.5725
2015-08-18,33.5751
2015-08-17,33.5916
2015-08-14,33.5885
2015-08-13,33.614
2015-08-12,33.4027
2015-08-11,33.1346
2015-08-10,32.87
2015-08-07,32.642
2015-08-06,32.372
2015-08-05,32.059
2015-08-04,31.7309
2015-08-03,31.4534
2015-07-31,31.1564
2015-07-30,30.8817
2015-07-29,30.5793
2015-07-28,30.2766
2015-07-27,29.9813
2015-07-24,29.7189
2015-07-23,29.4775
2015-07-22,29.1878
2015-07-21,28.8593
2015-07-20,28.521
2015-07-17,28.1835
2015-07-16,27.8258
2015-07-15,27.6882
2015-07-14,27.5907
2015-07-13,27.4881
2015-07-10,27.4276
2015-07-09,27.4124
2015-07-08,27.4322
2015-07-07,27.4334
2015-07-06,27.4171
2015-07-02,27.4268
2015-07-01,27.4377
2015-06-30,27.4676
2015-06-29,27.5022
2015-06-26,27.5221
2015-06-25,27.5028
2015-06-24,27.4934
2015-06-23,27.4826
2015-06-22,27.4422
2015-06-19,27.4293
2015-06-18,27.4276
2015-06-17,27.4184
2015-06-16,27.4251
2015-06-15,27.4296
2015-06-12,27.4383
2015-06-11,27.4426
2015-06-10,27.4163
2015-06-09,27.3817
2015-06-08,27.3907
2015-06-05,27.4044
2015-06-04,27.3857
2015-06-03,27.3443
2015-06-02,27.3137
2015-06-01,27.311
2015-05-29,27.3158
2015-05-28,27.3244
2015-05-27,27.3424
2015-05-26,27.3677
2015-05-22,27.4149
2015-05-21,27.4626
2015-05-20,27.4642
2015-05-19,27.4559
2015-05-18,27.4401
2015-05-15,27.4347
2015-05-14,27.4004
2015-05-13,27.3863
2015-05-12,27.3901
2015-05-11,27.3928
2015-05-08,27.3999
2015-05-07,27.3989
2015-05-06,27.4138
2015-05-05,27.4481
2015-05-04,27.4526
2015-05-01,27.4305
2015-04-30,27.4059
2015-04-29,27.4077
2015-04-28,27.391
2015-04-27,27.3829
2015-04-24,27.3616
2015-04-23,27.3366
2015-04-22,27.3604
2015-04-21,27.4311
2015-04-20,27.4871
2015-04-17,27.538
2015-04-16,27.6151
2015-04-15,27.6716
2015-04-14,27.7129
2015-04-13,27.7674
2015-04-10,27.7783
2015-04-09,27.8098
2015-04-08,27.8289
2015-04-07,27.8564
2015-04-06,27.9293
2015-04-02,28.0015
2015-04-01,28.1015
2015-03-31,28.1735
2015-03-30,28.2336
2015-03-27,28.2682
2015-03-26,28.2809
2015-03-25,28.27
2015-03-24,28.221
2015-03-23,28.124
2015-03-20,28.0482
2015-03-19,27.9905
2015-03-18,27.9476
2015-03-17,27.8889
2015-03-16,27.8575
2015-03-13,27.8314
2015-03-12,27.8139
2015-03-11,27.7562
2015-03-10,27.7174
2015-03-09,27.6412
2015-03-06,27.5409
2015-03-05,27.4335
2015-03-04,27.2955
2015-03-03,27.1832
2015-03-02,27.067
2015-02-27,26.9735
2015-02-26,26.8504
2015-02-25,26.7335
2015-02-24,26.6683
2015-02-23,26.6635
2015-02-20,26.6808
2015-02-19,26.6696
2015-02-18,26.6046
2015-02-17,26.523
2015-02-13,26.4369
2015-02-12,26.3193
2015-02-11,26.2193
2015-02-10,26.1291
2015-02-09,26.0216
2015-02-06,25.9504
2015-02-05,25.8831
2015-02-04,25.8216
2015-02-03,25.773
2015-02-02,25.7385
2015-01-30,25.7319
2015-01-29,25.7147
2015-01-28,25.7697
2015-01-27,25.8318
2015-01-26,25.8825
2015-01-23,25.883
2015-01-22,25.8751
2015-01-21,25.8626
2015-01-20,25.8617
2015-01-16,25.8734
2015-01-15,25.8634
2015-01-14,25.8488
2015-01-13,25.8735
2015-01-12,25.9227
2015-01-09,26.0101
2015-01-08,26.0782
2015-01-07,26.151
2015-01-06,26.2148
2015-01-05,26.2683
2015-01-02,26.3259
2014-12-31,26.3444
2014-12-30,26.3642
2014-12-29,26.3751
2014-12-26,26.4045
2014-12-24,26.42
2014-12-23,26.4506
2014-12-22,26.4724
2014-12-19,26.5062
2014-12-18,26.5654
2014-12-17,26.6466
2014-12-16,26.7416
2014-12-15,26.8625
2014-12-12,26.9606
2014-12-11,27.0477
2014-12-10,27.1129
2014-12-09,27.1958
2014-12-08,27.251
2014-12-05,27.3036
2014-12-04,27.3624
2014-12-03,27.3958
2014-12-02,27.4637
2014-12-01,27.5265
2014-11-28,27.5968
2014-11-26,27.6247
2014-11-25,27.6515
2014-11-24,27.6757
2014-11-21,27.6817
2014-11-20,27.6892
2014-11-19,27.7138
2014-11-18,27.7026
2014-11-17,27.6864
2014-11-14,27.6509
2014-11-13,27.5705
2014-11-12,27.5218
2014-11-11,27.4782
2014-11-10,27.4467
2014-11-07,27.4131
2014-11-06,27.4215
2014-11-05,27.4692
2014-11-04,27.5385
2014-11-03,27.5632
2014-10-31,27.6231
2014-10-30,27.6689
2014-10-29,27.7203
2014-10-28,27.7731
2014-10-27,27.8466
2014-10-24,27.9412
2014-10-23,28.0385
2014-10-22,28.1173
2014-10-21,28.2563
2014-10-20,28.3888
2014-10-17,28.5506
2014-10-16,28.7562
2014-10-15,28.9067
2014-10-14,29.0378
2014-10-13,29.1377
2014-10-10,29.2297
2014-10-09,29.3038
2014-10-08,29.3545
2014-10-07,29.3786
2014-10-06,29.4232
2014-10-03,29.4577
2014-10-02,29.4865
2014-10-01,29.517
2014-09-30,29.5417
2014-09-29,29.5422
2014-09-26,29.5286
2014-09-25,29.5097
2014-09-24,29.5041
2014-09-23,29.4784
2014-09-22,29.4769
2014-09-19,29.4651
2014-09-18,29.4328
2014-09-17,29.4281
2014-09-16,29.4376
2014-09-15,29.4474
2014-09-12,29.4526
2014-09-11,29.452
2014-09-10,29.4356
2014-09-09,29.3825
2014-09-08,29.3458
2014-09-05,29.2867
2014-09-04,29.222
2014-09-03,29.1755
2014-09-02,29.1346
2014-08-29,29.1187
2014-08-28,29.0969
2014-08-27,29.095
2014-08-26,29.126
2014-08-25,29.1405
2014-08-22,29.1616
2014-08-21,29.1754
2014-08-20,29.2018
2014-08-19,29.2262
2014-08-18,29.2423
2014-08-15,29.2566
2014-08-14,29.31
2014-08-13,29.3005
2014-08-12,29.3156
2014-08-11,29.3678
2014-08-08,29.4102
2014-08-07,29.4319
2014-08-06,29.4525
2014-08-05,29.4746
2014-08-04,29.4877
2014-08-01,29.5089
2014-07-31,29.5574
2014-07-30,29.5855
2014-07-29,29.5756
2014-07-28,29.5525
2014-07-25,29.5192
2014-07-24,29.486
2014-07-23,29.4434
2014-07-22,29.362
2014-07-21,29.289
2014-07-18,29.2094
2014-07-17,29.1093
2014-07-16,29.0591
2014-07-15,28.9593
2014-07-14,28.8577
2014-07-11,28.7731
2014-07-10,28.7054
2014-07-09,28.6741
2014-07-08,28.6366
2014-07-07,28.6174
2014-07-03,28.5558
2014-07-02,28.4856
2014-07-01,28.3932
2014-06-30,28.301
2014-06-27,28.2503
2014-06-26,28.2153
2014-06-25,28.1799
2014-06-24,28.1413
2014-06-23,28.1471
2014-06-20,28.1209
2014-06-19,28.0933
2014-06-18,28.0552
2014-06-17,28.0046
2014-06-16,27.9752
2014-06-13,27.9154
2014-06-12,27.8375
2014-06-11,27.7749
2014-06-10,27.7102
2014-06-09,27.6357
2014-06-06,27.5257
2014-06-05,27.4113
2014-06-04,27.2943
2014-06-03,27.2165
2014-06-02,27.1687
2014-05-30,27.0927
2014-05-29,27.0101
2014-05-28,26.9211
2014-05-27,26.836
2014-05-23,26.7066
2014-05-22,26.6051
2014-05-21,26.5528
2014-05-20,26.5224
2014-05-19,26.5351
2014-05-16,26.5364
2014-05-15,26.574
2014-05-14,26.6607
2014-05-13,26.6963
2014-05-12,26.7054
2014-05-09,26.7038
2014-05-08,26.7538
2014-05-07,26.8707
2014-05-06,26.9692
2014-05-05,27.0143
2014-05-02,27.039
2014-05-01,27.1329
2014-04-30,27.2096
2014-04-29,27.2952
2014-04-28,27.3517
2014-04-25,27.4485
2014-04-24,27.5377
2014-04-23,27.6208
2014-04-22,27.7296
2014-04-21,27.8175
2014-04-17,27.9521
2014-04-16,28.0945
2014-04-15,28.1882
2014-04-14,28.3349
2014-04-11,28.4663
2014-04-10,28.5921
2014-04-09,28.716
2014-04-08,28.812
2014-04-07,28.9226
2014-04-04,29.0897
2014-04-03,29.2494
2014-04-02,29.3496
2014-04-01,29.4536
2014-03-31,29.5537
2014-03-28,29.664
2014-03-27,29.7835
2014-03-26,29.9147
2014-03-25,30.025
2014-03-24,30.1017
2014-03-21,30.1699
2014-03-20,30.1959
2014-03-19,30.2046
2014-03-18,30.2084
2014-03-17,30.208
2014-03-14,30.2213
2014-03-13,30.2552
2014-03-12,30.2523
2014-03-11,30.2309
2014-03-10,30.197
2014-03-07,30.1543
2014-03-06,30.0858
2014-03-05,29.9902
2014-03-04,29.89
2014-03-03,29.7881
2014-02-28,29.7609
2014-02-27,29.6605
2014-02-26,29.5201
2014-02-25,29.3986
2014-02-24,29.25
2014-02-21,29.1391
2014-02-20,29.0844
2014-02-19,29.0356
2014-02-18,28.9872
2014-02-14,28.9117
2014-02-13,28.8535
2014-02-12,28.7893
2014-02-11,28.7427
2014-02-10,28.6586
2014-02-07,28.6052
2014-02-06,28.5461
2014-02-05,28.5227
2014-02-04,28.5173
2014-02-03,28.4912
2014-01-31,28.4557
2014-01-30,28.3708
2014-01-29,28.3524
2014-01-28,28.3556
2014-01-27,28.3498
2014-01-24,28.3701
2014-01-23,28.3552
2014-01-22,28.2989
2014-01-21,28.2183
2014-01-17,28.1214
2014-01-16,28.0391
2014-01-15,27.9311
2014-01-14,27.8365
2014-01-13,27.7257
2014-01-10,27.6594
2014-01-09,27.5932
2014-01-08,27.5362
2014-01-07,27.4573
2014-01-06,27.371
2014-01-03,27.296
2014-01-02,27.2374
2013-12-31,27.1626
2013-12-30,27.0797
2013-12-27,27.0173
2013-12-26,26.9482
2013-12-24,26.8743
2013-12-23,26.7919
2013-12-20,26.6878
2013-12-19,26.6046
2013-12-18,26.5246
2013-12-17,26.4502
2013-12-16,26.4022
2013-12-13,26.3529
2013-12-12,26.321
2013-12-11,26.2741
2013-12-10,26.1921
2013-12-09,26.0995
2013-12-06,26.0218
2013-12-05,25.9444
2013-12-04,25.9011
2013-12-03,25.8553
2013-12-02,25.8213
2013-11-29,25.787
2013-11-27,25.7507
2013-11-26,25.7098
2013-11-25,25.6821
2013-11-22,25.6434
2013-11-21,25.6225
2013-11-20,25.6119
2013-11-19,25.6232
2013-11-18,25.6005
2013-11-15,25.5651
2013-11-14,25.5374
2013-11-13,25.3543
2013-11-12,25.1861
2013-11-11,25.0238
2013-11-08,24.8556
2013-11-07,24.6755
2013-11-06,24.5007
2013-11-05,24.292
2013-11-04,24.082
2013-11-01,23.8814
2013-10-31,23.688
2013-10-30,23.4947
2013-10-29,23.3166
2013-10-28,23.1299
2013-10-25,22.956
2013-10-24,22.7824
2013-10-23,22.598
2013-10-22,22.4052
2013-10-21,22.2549
2013-10-18,22.1088
2013-10-17,21.9733
2013-10-16,21.9853
2013-10-15,21.992
2013-10-14,21.9971
2013-10-11,22.0117
2013-10-10,22.033
2013-10-09,22.0641
2013-10-08,22.1145
2013-10-07,22.1583
2013-10-04,22.1862
2013-10-03,22.1952
2013-10-02,22.1996
2013-10-01,22.1791
2013-09-30,22.1458
2013-09-27,22.1095
2013-09-26,22.0833
2013-09-25,22.0463
2013-09-24,22.0124
2013-09-23,21.9868
2013-09-20,21.9664
2013-09-19,21.9297
2013-09-18,21.8933
2013-09-17,21.8459
2013-09-16,21.8203
2013-09-13,21.7817
2013-09-12,21.745
2013-09-11,21.7159
2013-09-10,21.6972
2013-09-09,21.6932
2013-09-06,21.6962
2013-09-05,21.7125
2013-09-04,21.7264
2013-09-03,21.7576
2013-08-30,21.8134
2013-08-29,21.888
2013-08-28,21.9491
2013-08-27,21.9981
2013-08-26,22.0491
2013-08-23,22.069
2013-08-22,22.0879
2013-08-21,22.1054
2013-08-20,22.1474
2013-08-19,22.1954
2013-08-16,22.2517
2013-08-15,22.3014
2013-08-14,22.3652
2013-08-13,22.4261
2013-08-12,22.4741
2013-08-09,22.5231
2013-08-08,22.5639
2013-08-07,22.5984
2013-08-06,22.6176
2013-08-05,22.6284
2013-08-02,22.6285
2013-08-01,22.6122
2013-07-31,22.5899
2013-07-30,22.5831
2013-07-29,22.5793
2013-07-26,22.5769
2013-07-25,22.5666
2013-07-24,22.549
2013-07-23,22.5031
2013-07-22,22.4606
2013-07-19,22.4233
2013-07-18,22.4085
2013-07-17,22.396
2013-07-16,22.3736
2013-07-15,22.3318
2013-07-12,22.2697
2013-07-11,22.2122
2013-07-10,22.1518
2013-07-09,22.1191
2013-07-08,22.1003
2013-07-05,22.0686
2013-07-03,22.0325
2013-07-02,21.9991
2013-07-01,21.97
2013-06-28,21.9447
2013-06-27,21.9333
2013-06-26,21.9254
2013-06-25,21.9187
2013-06-24,21.9376
2013-06-21,21.942
2013-06-20,21.9443
2013-06-19,21.9501
2013-06-18,21.958
2013-06-17,21.9679
2013-06-14,21.9966
2013-06-13,22.0326
2013-06-12,22.0813
2013-06-11,22.1002
2013-06-10,22.0973
2013-06-07,22.0849
2013-06-06,22.0745
2013-06-05,22.0858
2013-06-04,22.0827
2013-06-03,22.0858
2013-05-31,22.0584
2013-05-30,22.0063
2013-05-29,21.9434
2013-05-28,21.8887
2013-05-24,21.8108
2013-05-23,21.7209
2013-05-22,21.6287
2013-05-21,21.5337
2013-05-20,21.4098
2013-05-17,21.2742
2013-05-16,21.1375
2013-05-15,20.9649
2013-05-14,20.7982
2013-05-13,20.6809
2013-05-10,20.5614
2013-05-09,20.4486
2013-05-08,20.3472
2013-05-07,20.2428
2013-05-06,20.1432
2013-05-03,20.0348
2013-05-02,19.9564
2013-05-01,19.9132
2013-04-30,19.8954
2013-04-29,19.881
2013-04-26,19.8587
2013-04-25,19.8496
2013-04-24,19.8416
2013-04-23,19.8403
2013-04-22,19.8424
2013-04-19,19.8552
2013-04-18,19.8694
2013-04-17,19.9305
2013-04-16,19.9664
2013-04-15,19.9845
2013-04-12,20.025
2013-04-11,20.0643
2013-04-10,20.108
2013-04-09,20.1548
2013-04-08,20.2263
2013-04-05,20.2972
2013-04-04,20.3592
2013-04-03,20.4046
2013-04-02,20.4451
2013-04-01,20.4557
2013-03-28,20.462
2013-03-27,20.4707
2013-03-26,20.4671
2013-03-25,20.4393
2013-03-22,20.4157
2013-03-21,20.4024
2013-03-20,20.3827
2013-03-19,20.3549
2013-03-18,20.3493
2013-03-15,20.3307
2013-03-14,20.2976
2013-03-13,20.2492
2013-03-12,20.1934
2013-03-11,20.1369
2013-03-08,20.075
2013-03-07,20.003
2013-03-06,19.9249
2013-03-05,19.8428
2013-03-04,19.7433
2013-03-01,19.6859
2013-02-28,19.6227
2013-02-27,19.5635
2013-02-26,19.5058
2013-02-25,19.4565
2013-02-22,19.4101
2013-02-21,19.3527
2013-02-20,19.2851
2013-02-19,19.1731
2013-02-15,19.0451
2013-02-14,18.9431
2013-02-13,18.8522
2013-02-12,18.7798
2013-02-11,18.7079
2013-02-08,18.6548
2013-02-07,18.5999
2013-02-06,18.5551
2013-02-05,18.509
2013-02-04,18.4703
2013-02-01,18.4439
2013-01-31,18.379
2013-01-30,18.3384
2013-01-29,18.2803
2013-01-28,18.2132
2013-01-25,18.1576
2013-01-24,18.1016
2013-01-23,18.0461
2013-01-22,18.0138
2013-01-18,18.0381
2013-01-17,18.0576
2013-01-16,18.0698
2013-01-15,18.0768
2013-01-14,18.0481
2013-01-11,18.0224
2013-01-10,17.9693
2013-01-09,17.9135
2013-01-08,17.8476
2013-01-07,17.7862
2013-01-04,17.7317
2013-01-03,17.669
2013-01-02,17.6281
2012-12-31,17.5931
2012-12-28,17.5818
2012-12-27,17.5717
2012-12-26,17.5434
2012-12-24,17.4957
2012-12-21,17.4352
2012-12-20,17.3756
2012-12-19,17.3049
2012-12-18,17.2422
2012-12-17,17.1761
2012-12-14,17.084
2012-12-13,17.0156
2012-12-12,16.9529
2012-12-11,16.9047
2012-12-10,16.866
2012-12-07,16.838
2012-12-06,16.798
2012-12-05,16.768
2012-12-04,16.7604
2012-12-03,16.7503
2012-11-30,16.7411
2012-11-29,16.7276
2012-11-28,16.7131
2012-11-27,16.7025
2012-11-26,16.7113
2012-11-23,16.7315
2012-11-21,16.747
2012-11-20,16.763
2012-11-19,16.7778
2012-11-16,16.8113
2012-11-15,16.9468
2012-11-14,17.0686
2012-11-13,17.1792
2012-11-12,17.2864
2012-11-09,17.3935
2012-11-08,17.4954
2012-11-07,17.6103
2012-11-06,17.7237
2012-11-05,17.8312
2012-11-02,17.9376
2012-11-01,18.0309
2012-10-31,18.1177
2012-10-26,18.2196
2012-10-25,18.3189
2012-10-24,18.4174
2012-10-23,18.5126
2012-10-22,18.5987
2012-10-19,18.6871
2012-10-18,18.7524
2012-10-17,18.7938
2012-10-16,18.7588
2012-10-15,18.7258
2012-10-12,18.687
2012-10-11,18.6431
2012-10-10,18.5863
2012-10-09,18.5192
2012-10-08,18.4543
2012-10-05,18.3829
2012-10-04,18.306
2012-10-03,18.2201
2012-10-02,18.1178
2012-10-01,18.0228
2012-09-28,17.9269
2012-09-27,17.8358
2012-09-26,17.7501
2012-09-25,17.6548
2012-09-24,17.5548
2012-09-21,17.4663
2012-09-20,17.3948
2012-09-19,17.3311
2012-09-18,17.2586
2012-09-17,17.2051
2012-09-14,17.164
2012-09-13,17.118
2012-09-12,17.0698
2012-09-11,17.0421
2012-09-10,17.0018
2012-09-07,16.9283
2012-09-06,16.8485
2012-09-05,16.777
2012-09-04,16.7267
2012-08-31,16.6789
2012-08-30,16.6242
2012-08-29,16.558
2012-08-28,16.4888
2012-08-27,16.4334
2012-08-24,16.3872
2012-08-23,16.3326
2012-08-22,16.2533
2012-08-21,16.1667
2012-08-20,16.0893
2012-08-17,16.0142
2012-08-16,15.9312
2012-08-15,15.8314
2012-08-14,15.7229
2012-08-13,15.6079
2012-08-10,15.5014
2012-08-09,15.4195
2012-08-08,15.3297
2012-08-07,15.2408
2012-08-06,15.1672
2012-08-03,15.0962
2012-08-02,15.0269
2012-08-01,14.9859
2012-07-31,14.9298
2012-07-30,14.8641
2012-07-27,14.7988
2012-07-26,14.7104
2012-07-25,14.6553
2012-07-24,14.6011
2012-07-23,14.5425
2012-07-20,14.4874
2012-07-19,14.4304
2012-07-18,14.4109
2012-07-17,14.4119
2012-07-16,14.4045
2012-07-13,14.3915
2012-07-12,14.3697
2012-07-11,14.3579
2012-07-10,14.3503
2012-07-09,14.3338
2012-07-06,14.3268
2012-07-05,14.3172
2012-07-03,14.298
2012-07-02,14.2762
2012-06-29,14.2738
2012-06-28,14.2624
2012-06-27,14.2831
2012-06-26,14.3068
2012-06-25,14.3439
2012-06-22,14.3825
2012-06-21,14.4227
2012-06-20,14.4781
2012-06-19,14.5072
2012-06-18,14.548
2012-06-15,14.5849
2012-06-14,14.6581
2012-06-13,14.7455
2012-06-12,14.8081
2012-06-11,14.8568
2012-06-08,14.9027
2012-06-07,14.9442
2012-06-06,14.9829
2012-06-05,15.0232
2012-06-04,15.0697
2012-06-01,15.0926
2012-05-31,15.1427
2012-05-30,15.1757
2012-05-29,15.196
2012-05-25,15.2092
2012-05-24,15.2385
2012-05-23,15.2533
2012-05-22,15.2536
2012-05-21,15.2542
2012-05-18,15.2335
2012-05-17,15.2281
2012-05-16,15.1984
2012-05-15,15.1715
2012-05-14,15.1696
2012-05-11,15.1722
2012-05-10,15.1964
2012-05-09,15.2431
2012-05-08,15.2767
2012-05-07,15.2943
2012-05-04,15.3234
2012-05-03,15.3676
2012-05-02,15.3978
2012-05-01,15.442
2012-04-30,15.4952
2012-04-27,15.5407
2012-04-26,15.5825
2012-04-25,15.6329
2012-04-24,15.6795
2012-04-23,15.7396
2012-04-20,15.7959
2012-04-19,15.8584
2012-04-18,15.9093
2012-04-17,15.9419
2012-04-16,15.9724
2012-04-13,15.9961
2012-04-12,15.9918
2012-04-11,15.948
2012-04-10,15.9253
2012-04-09,15.8981
2012-04-05,15.8599
2012-04-04,15.8284
2012-04-03,15.7929
2012-04-02,15.7458
2012-03-30,15.7049
2012-03-29,15.6799
2012-03-28,15.6474
2012-03-27,15.6005
2012-03-26,15.5647
2012-03-23,15.5146
2012-03-22,15.4737
2012-03-21,15.4238
2012-03-20,15.3837
2012-03-19,15.3593
2012-03-16,15.3226
2012-03-15,15.2995
2012-03-14,15.28
2012-03-13,15.2722
2012-03-12,15.2652
2012-03-09,15.2662
2012-03-08,15.2802
2012-03-07,15.2836
2012-03-06,15.2835
2012-03-05,15.2887
2012-03-02,15.2663
2012-03-01,15.2211
2012-02-29,15.1691
2012-02-28,15.1214
2012-02-27,15.0705
2012-02-24,15.0338
2012-02-23,14.9815
2012-02-22,14.9357
2012-02-21,14.9019
2012-02-17,14.8663
2012-02-16,14.843
2012-02-15,14.8843
2012-02-14,14.9185
2012-02-13,14.9421
2012-02-10,14.9581
2012-02-09,14.9877
2012-02-08,15.0059
2012-02-07,15.0225
2012-02-06,15.0421
2012-02-03,15.0933
2012-02-02,15.1717
2012-02-01,15.2757
2012-01-31,15.3815
2012-01-30,15.4638
2012-01-27,15.5448
2012-01-26,15.6195
2012-01-25,15.7097
2012-01-24,15.7893
2012-01-23,15.8503
2012-01-20,15.9007
2012-01-19,15.9562
2012-01-18,15.934
2012-01-17,15.9253
2012-01-13,15.914
2012-01-12,15.9054
2012-01-11,15.9004
2012-01-10,15.8997
2012-01-09,15.905
2012-01-06,15.897
2012-01-05,15.8637
2012-01-04,15.8196
2012-01-03,15.7663
2011-12-30,15.7099
2011-12-29,15.6697
2011-12-28,15.616
2011-12-27,15.5449
2011-12-23,15.4798
2011-12-22,15.3921
2011-12-21,15.3176
2011-12-20,15.2603
2011-12-19,15.1984
2011-12-16,15.1647
2011-12-15,15.1333
2011-12-14,15.1233
2011-12-13,15.1214
2011-12-12,15.1056
2011-12-09,15.0843
2011-12-08,15.0438
2011-12-07,15.0249
2011-12-06,15.0111
2011-12-05,14.9918
2011-12-02,14.9549
2011-12-01,14.9263
2011-11-30,14.8901
2011-11-29,14.8641
2011-11-28,14.8763
2011-11-25,14.8912
2011-11-23,14.9358
2011-11-22,14.9561
2011-11-21,14.9601
2011-11-18,14.9794
2011-11-17,14.9739
2011-11-16,14.9524
2011-11-15,14.9139
2011-11-14,14.8813
2011-11-11,14.8431
2011-11-10,14.8222
2011-11-09,14.7771
2011-11-08,14.7115
2011-11-07,14.625
2011-11-04,14.536
2011-11-03,14.4347
2011-11-02,14.3311
2011-11-01,14.2309
2011-10-31,14.1349
2011-10-28,14.0134
2011-10-27,13.907
2011-10-26,13.818
2011-10-25,13.7461
2011-10-24,13.6913
2011-10-21,13.6106
2011-10-20,13.5293
2011-10-19,13.4505
2011-10-18,13.3986
2011-10-17,13.3437
2011-10-14,13.299
2011-10-13,13.2427
2011-10-12,13.2221
2011-10-11,13.2016
2011-10-10,13.1845
2011-10-07,13.1757
2011-10-06,13.1879
2011-10-05,13.2132
2011-10-04,13.2499
2011-10-03,13.2752
2011-09-30,13.3119
2011-09-29,13.3338
2011-09-28,13.3506
2011-09-27,13.3654
2011-09-26,13.3651
2011-09-23,13.3588
2011-09-22,13.352
2011-09-21,13.3553
2011-09-20,13.3298
2011-09-19,13.2692
2011-09-16,13.1994
2011-09-15,13.1471
2011-09-14,13.1354
2011-09-13,13.144
2011-09-12,13.1787
2011-09-09,13.2208
2011-09-08,13.2674
2011-09-07,13.285
2011-09-06,13.3342
2011-09-02,13.3641
2011-09-01,13.4319
2011-08-31,13.4882
2011-08-30,13.5635
2011-08-29,13.6281
2011-08-26,13.7128
2011-08-25,13.8089
2011-08-24,13.9226
2011-08-23,14.0276
2011-08-22,14.1573
2011-08-19,14.3084
2011-08-18,14.4676
2011-08-17,14.5953
2011-08-16,14.6731
2011-08-15,14.7526
2011-08-12,14.7998
2011-08-11,14.8421
2011-08-10,14.8006
2011-08-09,14.7872
2011-08-08,14.7379
2011-08-05,14.7144
2011-08-04,14.6556
2011-08-03,14.6169
2011-08-02,14.5346
2011-08-01,14.4596
2011-07-29,14.3524
2011-07-28,14.2306
2011-07-27,14.0889
2011-07-26,13.9468
2011-07-25,13.772
2011-07-22,13.5918
2011-07-21,13.4192
2011-07-20,13.2691
2011-07-19,13.1411
2011-07-18,12.9936
2011-07-15,12.8561
2011-07-14,12.7344
2011-07-13,12.7019
2011-07-12,12.6645
2011-07-11,12.6279
2011-07-08,12.6057
2011-07-07,12.5866
2011-07-06,12.5523
2011-07-05,12.5319
2011-07-01,12.5176
2011-06-30,12.5202
2011-06-29,12.5473
2011-06-28,12.5824
2011-06-27,12.6266
2011-06-24,12.6743
2011-06-23,12.7284
2011-06-22,12.7777
2011-06-21,12.8168
2011-06-20,12.8486
2011-06-17,12.8979
2011-06-16,12.9557
2011-06-15,12.9925
2011-06-14,13.027
2011-06-13,13.0395
2011-06-10,13.0706
2011-06-09,13.1025
2011-06-08,13.1259
2011-06-07,13.1553
2011-06-06,13.1786
2011-06-03,13.1965
2011-06-02,13.2104
2011-06-01,13.2201
2011-05-31,13.2305
2011-05-27,13.2424
2011-05-26,13.2714
2011-05-25,13.2962
2011-05-24,13.3189
2011-05-23,13.3371
2011-05-20,13.3454
2011-05-19,13.3468
2011-05-18,13.3399
2011-05-17,13.3295
2011-05-16,13.325
2011-05-13,13.3403
2011-05-12,13.4016
2011-05-11,13.4531
2011-05-10,13.4971
2011-05-09,13.5405
2011-05-06,13.5912
2011-05-05,13.6471
2011-05-04,13.697
2011-05-03,13.7386
2011-05-02,13.8059
2011-04-29,13.8725
2011-04-28,13.9259
2011-04-27,13.9807
2011-04-26,14.0357
2011-04-25,14.0889
2011-04-21,14.1573
2011-04-20,14.2346
2011-04-19,14.3052
2011-04-18,14.375
2011-04-15,14.4371
2011-04-14,14.4751
2011-04-13,14.4536
2011-04-12,14.4296
2011-04-11,14.4283
2011-04-08,14.4191
2011-04-07,14.4173
2011-04-06,14.4176
2011-04-05,14.4396
2011-04-04,14.4687
2011-04-01,14.4737
2011-03-31,14.4847
2011-03-30,14.5132
2011-03-29,14.5369
2011-03-28,14.5607
2011-03-25,14.6083
2011-03-24,14.6462
2011-03-23,14.6736
2011-03-22,14.7101
2011-03-21,14.7512
2011-03-18,14.8182
2011-03-17,14.8985
2011-03-16,14.9772
2011-03-15,15.061
2011-03-14,15.1343
2011-03-11,15.2025
2011-03-10,15.2522
2011-03-09,15.2975
2011-03-08,15.3307
2011-03-07,15.3582
2011-03-04,15.3824
2011-03-03,15.3943
2011-03-02,15.3974
2011-03-01,15.4102
2011-02-28,15.4097
2011-02-25,15.3942
2011-02-24,15.4026
2011-02-23,15.4122
2011-02-22,15.423
2011-02-18,15.4241
2011-02-17,15.4012
2011-02-16,15.4031
2011-02-15,15.4125
2011-02-14,15.4319
2011-02-11,15.4269
2011-02-10,15.4172
2011-02-09,15.4177
2011-02-08,15.4171
2011-02-07,15.4119
2011-02-04,15.4146
2011-02-03,15.4177
2011-02-02,15.4164
2011-02-01,15.404
2011-01-31,15.3956
2011-01-28,15.3876
2011-01-27,15.385
2011-01-26,15.3652
2011-01-25,15.3432
2011-01-24,15.3213
2011-01-21,15.3127
2011-01-20,15.3048
2011-01-19,15.2752
2011-01-18,15.2293
2011-01-14,15.1682
2011-01-13,15.1276
2011-01-12,15.0946
2011-01-11,15.0671
2011-01-10,15.0404
2011-01-07,15.0129
2011-01-06,14.9817
2011-01-05,14.9529
2011-01-04,14.9255
2011-01-03,14.8958
2010-12-31,14.8566
2010-12-30,14.8289
2010-12-29,14.7857
2010-12-28,14.7291
2010-12-27,14.708
2010-12-23,14.6926
2010-12-22,14.681
2010-12-21,14.6529
2010-12-20,14.638
2010-12-17,14.6327
2010-12-16,14.6399
2010-12-15,14.6297
2010-12-14,14.6215
2010-12-13,14.6222
2010-12-10,14.6331
2010-12-09,14.6643
2010-12-08,14.7036
2010-12-07,14.7464
2010-12-06,14.796
2010-12-03,14.8544
2010-12-02,14.9186
2010-12-01,14.979
2010-11-30,15.0431
2010-11-29,15.1173
2010-11-26,15.1568
2010-11-24,15.1926
2010-11-23,15.2195
2010-11-22,15.264
2010-11-19,15.2956
2010-11-18,15.3227
2010-11-17,15.342
2010-11-16,15.3726
2010-11-15,15.4027
2010-11-12,15.4306
2010-11-11,15.4283
2010-11-10,15.3329
2010-11-09,15.2333
2010-11-08,15.129
2010-11-05,15.019
2010-11-04,14.908
2010-11-03,14.7901
2010-11-02,14.6828
2010-11-01,14.586
2010-10-29,14.4701
2010-10-28,14.36
2010-10-27,14.2439
2010-10-26,14.1329
2010-10-25,14.0185
2010-10-22,13.9108
2010-10-21,13.8042
2010-10-20,13.681
2010-10-19,13.5659
2010-10-18,13.4479
2010-10-15,13.311
2010-10-14,13.1718
2010-10-13,13.097
2010-10-12,13.0186
2010-10-11,12.9423
2010-10-08,12.8716
2010-10-07,12.7963
2010-10-06,12.7289
2010-10-05,12.6492
2010-10-04,12.5568
2010-10-01,12.4917
2010-09-30,12.4136
2010-09-29,12.3318
2010-09-28,12.2346
2010-09-27,12.1415
2010-09-24,12.0519
2010-09-23,11.9565
2010-09-22,11.8829
2010-09-21,11.8021
2010-09-20,11.7403
2010-09-17,11.6824
2010-09-16,11.6547
2010-09-15,11.656
2010-09-14,11.6684
2010-09-13,11.6749
2010-09-10,11.68
2010-09-09,11.6998
2010-09-08,11.7193
2010-09-07,11.7607
2010-09-03,11.8119
2010-09-02,11.8493
2010-09-01,11.9055
2010-08-31,11.9631
2010-08-30,12.0128
2010-08-27,12.06
2010-08-26,12.0926
2010-08-25,12.1351
2010-08-24,12.1723
2010-08-23,12.2239
2010-08-20,12.255
2010-08-19,12.2901
2010-08-18,12.3112
2010-08-17,12.3053
2010-08-16,12.2942
2010-08-13,12.2699
2010-08-12,12.2364
2010-08-11,12.239
2010-08-10,12.2384
2010-08-09,12.2203
2010-08-06,12.1834
2010-08-05,12.1424
2010-08-04,12.078
2010-08-03,12.0078
2010-08-02,11.9405
2010-07-30,11.8732
2010-07-29,11.8164
2010-07-28,11.7664
2010-07-27,11.7287
2010-07-26,11.703
2010-07-23,11.6826
2010-07-22,11.6639
2010-07-21,11.6605
2010-07-20,11.6714
2010-07-19,11.6801
2010-07-16,11.7225
2010-07-15,11.7731
2010-07-14,11.7822
2010-07-13,11.7905
2010-07-12,11.783
2010-07-09,11.7988
2010-07-08,11.8232
2010-07-07,11.8451
2010-07-06,11.8883
2010-07-02,11.9502
2010-07-01,12.0279
2010-06-30,12.1106
2010-06-29,12.1712
2010-06-28,12.2064
2010-06-25,12.2233
2010-06-24,12.2455
2010-06-23,12.246
2010-06-22,12.2398
2010-06-21,12.2284
2010-06-18,12.2078
2010-06-17,12.1765
2010-06-16,12.1694
2010-06-15,12.1658
2010-06-14,12.1782
2010-06-11,12.2087
2010-06-10,12.2367
2010-06-09,12.2597
2010-06-08,12.3035
2010-06-07,12.3496
2010-06-04,12.3591
2010-06-03,12.3591
2010-06-02,12.3643
2010-06-01,12.3805
2010-05-28,12.4409
2010-05-27,12.491
2010-05-26,12.5429
2010-05-25,12.6101
2010-05-24,12.6751
2010-05-21,12.7433
2010-05-20,12.8345
2010-05-19,12.9246
2010-05-18,12.9995
2010-05-17,13.0704
2010-05-14,13.1231
2010-05-13,13.1764
2010-05-12,13.282
2010-05-11,13.3866
2010-05-10,13.4838
2010-05-07,13.5477
2010-05-06,13.6391
2010-05-05,13.7251
2010-05-04,13.7924
2010-05-03,13.8698
2010-04-30,13.9203
2010-04-29,13.9742
2010-04-28,14.0181
2010-04-27,14.0651
2010-04-26,14.1068
2010-04-23,14.1457
2010-04-22,14.168
2010-04-21,14.1809
2010-04-20,14.1743
2010-04-19,14.1773
2010-04-16,14.1897
2010-04-15,14.2101
2010-04-14,14.1729
2010-04-13,14.1431
2010-04-12,14.1136
2010-04-09,14.1221
2010-04-08,14.1408
2010-04-07,14.152
2010-04-06,14.1478
2010-04-05,14.1406
2010-04-01,14.1321
2010-03-31,14.1143
2010-03-30,14.0871
2010-03-29,14.055
2010-03-26,14.0177
2010-03-25,13.9729
2010-03-24,13.9273
2010-03-23,13.8949
2010-03-22,13.8775
2010-03-19,13.8591
2010-03-18,13.8351
2010-03-17,13.8061
2010-03-16,13.7718
2010-03-15,13.742
2010-03-12,13.7044
2010-03-11,13.6504
2010-03-10,13.592
2010-03-09,13.542
2010-03-08,13.5085
2010-03-05,13.4695
2010-03-04,13.4227
2010-03-03,13.4055
2010-03-02,13.3877
2010-03-01,13.3777
2010-02-26,13.3742
2010-02-25,13.3836
2010-02-24,13.4032
2010-02-23,13.4169
2010-02-22,13.4231
2010-02-19,13.4321
2010-02-18,13.4849
2010-02-17,13.5314
2010-02-16,13.5932
2010-02-12,13.6416
2010-02-11,13.7126
2010-02-10,13.776
2010-02-09,13.846
2010-02-08,13.9269
2010-02-05,14.0127
2010-02-04,14.0912
2010-02-03,14.1931
2010-02-02,14.2972
2010-02-01,14.4168
2010-01-29,14.5255
2010-01-28,14.6416
2010-01-27,14.7481
2010-01-26,14.8491
2010-01-25,14.9442
2010-01-22,15.0339
2010-01-21,15.0978
2010-01-20,15.1174
2010-01-19,15.1375
2010-01-15,15.1454
2010-01-14,15.1676
2010-01-13,15.1717
2010-01-12,15.1825
2010-01-11,15.1825
2010-01-08,15.1705
2010-01-07,15.1542
2010-01-06,15.1454
2010-01-05,15.1179
2010-01-04,15.0691
2009-12-31,15.0179
2009-12-30,14.9772
2009-12-29,14.9361
2009-12-28,14.8906
2009-12-24,14.8367
2009-12-23,14.7957
2009-12-22,14.76
2009-12-21,14.7365
2009-12-18,14.7006
2009-12-17,14.6713
2009-12-16,14.6497
2009-12-15,14.6243
2009-12-14,14.6032
2009-12-11,14.5736
2009-12-10,14.5453
2009-12-09,14.5191
2009-12-08,14.4912
2009-12-07,14.4605
2009-12-04,14.4166
2009-12-03,14.3711
2009-12-02,14.3143
2009-12-01,14.2515
2009-11-30,14.1816
2009-11-27,14.123
2009-11-25,14.087
2009-11-24,14.0302
2009-11-23,13.9867
2009-11-20,13.9515
2009-11-19,13.9311
2009-11-18,13.9075
2009-11-17,13.8755
2009-11-16,13.8433
2009-11-13,13.813
2009-11-12,13.7853
2009-11-11,13.7378
2009-11-10,13.6938
2009-11-09,13.6429
2009-11-06,13.5948
2009-11-05,13.5512
2009-11-04,13.5081
2009-11-03,13.4796
2009-11-02,13.4314
2009-10-30,13.3745
2009-10-29,13.31
2009-10-28,13.2302
2009-10-27,13.1746
2009-10-26,13.1123
2009-10-23,13.0427
2009-10-22,12.9661
2009-10-21,12.8944
2009-10-20,12.8286
2009-10-19,12.7627
2009-10-16,12.6938
2009-10-15,12.6208
2009-10-14,12.573
2009-10-13,12.5142
2009-10-12,12.4535
2009-10-09,12.3923
2009-10-08,12.3371
2009-10-07,12.283
2009-10-06,12.216
2009-10-05,12.1658
2009-10-02,12.1318
2009-10-01,12.0979
2009-09-30,12.0552
2009-09-29,12.005
2009-09-28,11.9589
2009-09-25,11.9167
2009-09-24,11.8836
2009-09-23,11.8477
2009-09-22,11.8138
2009-09-21,11.7758
2009-09-18,11.7361
2009-09-17,11.6973
2009-09-16,11.6376
2009-09-15,11.5838
2009-09-14,11.5429
2009-09-11,11.524
2009-09-10,11.5117
2009-09-09,11.4962
2009-09-08,11.4837
2009-09-04,11.4812
2009-09-03,11.4759
2009-09-02,11.467
2009-09-01,11.4646
2009-08-31,11.4621
2009-08-28,11.4502
2009-08-27,11.4231
2009-08-26,11.3976
2009-08-25,11.3578
2009-08-24,11.3184
2009-08-21,11.2885
2009-08-20,11.2653
2009-08-19,11.2365
2009-08-18,11.2161
2009-08-17,11.1944
2009-08-14,11.176
2009-08-13,11.1387
2009-08-12,11.1141
2009-08-11,11.0886
2009-08-10,11.052
2009-08-07,11.0116
2009-08-06,10.9582
2009-08-05,10.9082
2009-08-04,10.8474
2009-08-03,10.7759
2009-07-31,10.7227
2009-07-30,10.6794
2009-07-29,10.6461
2009-07-28,10.6278
2009-07-27,10.6081
2009-07-24,10.5838
2009-07-23,10.545
2009-07-22,10.51
2009-07-21,10.4824
2009-07-20,10.4567
2009-07-17,10.4441
2009-07-16,10.4239
2009-07-15,10.3896
2009-07-14,10.3618
2009-07-13,10.3519
2009-07-10,10.3526
2009-07-09,10.3709
2009-07-08,10.3986
2009-07-07,10.4401
2009-07-06,10.4928
2009-07-02,10.5362
2009-07-01,10.576
2009-06-30,10.5918
2009-06-29,10.6003
2009-06-26,10.6033
2009-06-25,10.5932
2009-06-24,10.5865
2009-06-23,10.5818
2009-06-22,10.5802
2009-06-19,10.5629
2009-06-18,10.5334
2009-06-17,10.5122
2009-06-16,10.4919
2009-06-15,10.4679
2009-06-12,10.4344
2009-06-11,10.3877
2009-06-10,10.3384
2009-06-09,10.2964
2009-06-08,10.2618
2009-06-05,10.2225
2009-06-04,10.1628
2009-06-03,10.1167
2009-06-02,10.0809
2009-06-01,10.0479
2009-05-29,10.0067
2009-05-28,9.9802
2009-05-27,9.9565
2009-05-26,9.9291
2009-05-22,9.9061
2009-05-21,9.9011
2009-05-20,9.8863
2009-05-19,9.8697
2009-05-18,9.8479
2009-05-15,9.826
2009-05-14,9.8288
2009-05-13,9.8303
2009-05-12,9.8178
2009-05-11,9.7801
2009-05-08,9.7427
2009-05-07,9.6992
2009-05-06,9.6559
2009-05-05,9.5998
2009-05-04,9.5564
2009-05-01,9.5161
2009-04-30,9.4771
2009-04-29,9.4247
2009-04-28,9.3704
2009-04-27,9.3191
2009-04-24,9.2713
2009-04-23,9.226
2009-04-22,9.1752
2009-04-21,9.1295
2009-04-20,9.0884
2009-04-17,9.0269
2009-04-16,8.949
2009-04-15,8.8794
2009-04-14,8.8242
2009-04-13,8.7626
2009-04-09,8.6954
2009-04-08,8.6342
2009-04-07,8.579
2009-04-06,8.5159
2009-04-03,8.4192
2009-04-02,8.3426
2009-04-01,8.2715
2009-03-31,8.2275
2009-03-30,8.1993
2009-03-27,8.1798
2009-03-26,8.1677
2009-03-25,8.1475
2009-03-24,8.1445
2009-03-23,8.1422
2009-03-20,8.119
2009-03-19,8.1393
2009-03-18,8.1552
2009-03-17,8.1803
2009-03-16,8.1894
2009-03-13,8.2369
2009-03-12,8.2852
2009-03-11,8.3284
2009-03-10,8.3792
2009-03-09,8.4675
2009-03-06,8.568
2009-03-05,8.6245
2009-03-04,8.6712
2009-03-03,8.6982
2009-03-02,8.717
2009-02-27,8.7313
2009-02-26,8.7379
2009-02-25,8.7523
2009-02-24,8.7396
2009-02-23,8.7126
2009-02-20,8.7059
2009-02-19,8.6559
2009-02-18,8.6064
2009-02-17,8.5184
2009-02-13,8.4647
2009-02-12,8.3913
2009-02-11,8.3136
2009-02-10,8.2589
2009-02-09,8.2016
2009-02-06,8.122
2009-02-05,8.0643
2009-02-04,8.0246
2009-02-03,8.0135
2009-02-02,7.998
2009-01-30,7.9739
2009-01-29,7.9353
2009-01-28,7.885
2009-01-27,7.8209
2009-01-26,7.7819
2009-01-23,7.7558
2009-01-22,7.7224
2009-01-21,7.7107
2009-01-20,7.7195
2009-01-16,7.754
2009-01-15,7.7734
2009-01-14,7.8063
2009-01-13,7.8184
2009-01-12,7.8202
2009-01-09,7.8046
2009-01-08,7.7968
2009-01-07,7.7728
2009-01-06,7.7479
2009-01-05,7.6853
2009-01-02,7.6181
2008-12-31,7.5657
2008-12-30,7.525
2008-12-29,7.4786
2008-12-26,7.473
2008-12-24,7.4627
2008-12-23,7.4365
2008-12-22,7.3858
2008-12-19,7.3424
2008-12-18,7.2791
2008-12-17,7.2414
2008-12-16,7.2191
2008-12-15,7.1877
2008-12-12,7.1869
2008-12-11,7.1823
2008-12-10,7.1707
2008-12-09,7.174
2008-12-08,7.1901
2008-12-05,7.2264
2008-12-04,7.2854
2008-12-03,7.3704
2008-12-02,7.4798
2008-12-01,7.5691
2008-11-28,7.6859
2008-11-26,7.7693
2008-11-25,7.8518
2008-11-24,7.9602
2008-11-21,8.0503
2008-11-20,8.1465
2008-11-19,8.2625
2008-11-18,8.3569
2008-11-17,8.4386
2008-11-14,8.5377
2008-11-13,8.6159
2008-11-12,8.6671
2008-11-11,8.7273
2008-11-10,8.7914
2008-11-07,8.8693
2008-11-06,8.8704
2008-11-05,8.8676
2008-11-04,8.8624
2008-11-03,8.8362
2008-10-31,8.8671
2008-10-30,8.9016
2008-10-29,8.9401
2008-10-28,9.0073
2008-10-27,9.047
2008-10-24,9.1115
2008-10-23,9.2262
2008-10-22,9.3354
2008-10-21,9.4347
2008-10-20,9.5179
2008-10-17,9.5815
2008-10-16,9.6773
2008-10-15,9.785
2008-10-14,9.8792
2008-10-13,9.9795
2008-10-10,10.0456
2008-10-09,10.1778
2008-10-08,10.3088
2008-10-07,10.4039
2008-10-06,10.4948
2008-10-03,10.5558
2008-10-02,10.6275
2008-10-01,10.7022
2008-09-30,10.7681
2008-09-29,10.8491
2008-09-26,10.952
2008-09-25,11.0055
2008-09-24,11.0417
2008-09-23,11.0906
2008-09-22,11.1578
2008-09-19,11.2334
2008-09-18,11.2801
2008-09-17,11.3376
2008-09-16,11.4326
2008-09-15,11.5019
2008-09-12,11.5973
2008-09-11,11.6822
2008-09-10,11.7651
2008-09-09,11.8757
2008-09-08,11.9785
2008-09-05,12.0724
2008-09-04,12.116
2008-09-03,12.1611
2008-09-02,12.1804
2008-08-29,12.1776
2008-08-28,12.1833
2008-08-27,12.1833
2008-08-26,12.2009
2008-08-25,12.2121
2008-08-22,12.2048
2008-08-21,12.2065
2008-08-20,12.1929
2008-08-19,12.1981
2008-08-18,12.1814
2008-08-15,12.1445
2008-08-14,12.1084
2008-08-13,12.1434
2008-08-12,12.1879
2008-08-11,12.2047
2008-08-08,12.2307
2008-08-07,12.2792
2008-08-06,12.3561
2008-08-05,12.4252
2008-08-04,12.5186
2008-08-01,12.6198
2008-07-31,12.7062
2008-07-30,12.7729
2008-07-29,12.838
2008-07-28,12.8921
2008-07-25,12.9559
2008-07-24,13.0019
2008-07-23,13.0962
2008-07-22,13.1626
2008-07-21,13.2478
2008-07-18,13.3449
2008-07-17,13.4436
2008-07-16,13.4797
2008-07-15,13.5221
2008-07-14,13.593
2008-07-11,13.6554
2008-07-10,13.6794
2008-07-09,13.6852
2008-07-08,13.701
2008-07-07,13.7051
2008-07-03,13.734
2008-07-02,13.7957
2008-07-01,13.8522
2008-06-30,13.8929
2008-06-27,13.9537
2008-06-26,14.0259
2008-06-25,14.0937
2008-06-24,14.1152
2008-06-23,14.1385
2008-06-20,14.1378
2008-06-19,14.1415
2008-06-18,14.1288
2008-06-17,14.1491
2008-06-16,14.1591
2008-06-13,14.1682
2008-06-12,14.1801
2008-06-11,14.2093
2008-06-10,14.2566
2008-06-09,14.2951
2008-06-06,14.3142
2008-06-05,14.3343
2008-06-04,14.3251
2008-06-03,14.3428
2008-06-02,14.3773
2008-05-30,14.3852
2008-05-29,14.3943
2008-05-28,14.3834
2008-05-27,14.3712
2008-05-23,14.3602
2008-05-22,14.3595
2008-05-21,14.3515
2008-05-20,14.3471
2008-05-19,14.3176
2008-05-16,14.2679
2008-05-15,14.217
2008-05-14,14.0526
2008-05-13,13.9009
2008-05-12,13.7306
2008-05-09,13.5639
2008-05-08,13.4192
2008-05-07,13.2767
2008-05-06,13.1331
2008-05-05,12.9848
2008-05-02,12.8371
2008-05-01,12.6993
2008-04-30,12.5267
2008-04-29,12.3909
2008-04-28,12.2749
2008-04-25,12.1352
2008-04-24,12.0027
2008-04-23,11.8789
2008-04-22,11.7684
2008-04-21,11.6381
2008-04-18,11.5415
2008-04-17,11.4091
2008-04-16,11.3872
2008-04-15,11.3673
2008-04-14,11.3336
2008-04-11,11.3164
2008-04-10,11.2983
2008-04-09,11.2622
2008-04-08,11.2317
2008-04-07,11.1639
2008-04-04,11.1096
2008-04-03,11.0616
2008-04-02,11.0523
2008-04-01,11.0259
2008-03-31,11.015
2008-03-28,11.0534
2008-03-27,11.1001
2008-03-26,11.1361
2008-03-25,11.1436
2008-03-24,11.1882
2008-03-20,11.2473
2008-03-19,11.334
2008-03-18,11.4303
2008-03-17,11.5176
2008-03-14,11.6549
2008-03-13,11.7729
2008-03-12,11.8874
2008-03-11,11.9849
2008-03-10,12.0866
2008-03-07,12.2155
2008-03-06,12.3051
2008-03-05,12.3914
2008-03-04,12.4653
2008-03-03,12.5289
2008-02-29,12.6025
2008-02-28,12.719
2008-02-27,12.8101
2008-02-26,12.9073
2008-02-25,13.0221
2008-02-22,13.1221
2008-02-21,13.2055
2008-02-20,13.2627
2008-02-19,13.357
2008-02-15,13.4712
2008-02-14,13.5602
2008-02-13,13.6649
2008-02-12,13.7937
2008-02-11,13.9635
2008-02-08,14.1099
2008-02-07,14.2726
2008-02-06,14.458
2008-02-05,14.6206
2008-02-04,14.7987
2008-02-01,15.0008
2008-01-31,15.2127
2008-01-30,15.364
2008-01-29,15.5431
2008-01-28,15.7332
2008-01-25,15.9143
2008-01-24,16.0949
2008-01-23,16.2528
2008-01-22,16.438
2008-01-18,16.5698
2008-01-17,16.6662
2008-01-16,16.757
2008-01-15,16.8236
2008-01-14,16.889
2008-01-11,16.9394
2008-01-10,17.0158
2008-01-09,17.0814
2008-01-08,17.163
2008-01-07,17.267
2008-01-04,17.3496
2008-01-03,17.4015
2008-01-02,17.4001
2007-12-31,17.3955
2007-12-28,17.3974
2007-12-27,17.3905
2007-12-26,17.3799
2007-12-24,17.3332
2007-12-21,17.2898
2007-12-20,17.2648
2007-12-19,17.2283
2007-12-18,17.1923
2007-12-17,17.1329
2007-12-14,17.0883
2007-12-13,17.0129
2007-12-12,16.9474
2007-12-11,16.8989
2007-12-10,16.8149
2007-12-07,16.7468
2007-12-06,16.7205
2007-12-05,16.7426
2007-12-04,16.7967
2007-12-03,16.8486
2007-11-30,16.8858
2007-11-29,16.8986
2007-11-28,16.9111
2007-11-27,16.9142
2007-11-26,16.9213
2007-11-23,16.932
2007-11-21,16.9218
2007-11-20,16.9409
2007-11-19,16.975
2007-11-16,17.0061
2007-11-15,17.02
2007-11-14,17.0325
2007-11-13,17.0222
2007-11-12,16.9665
2007-11-09,16.9515
2007-11-08,16.9183
2007-11-07,16.8284
2007-11-06,16.6939
2007-11-05,16.5356
2007-11-02,16.3904
2007-11-01,16.2439
2007-10-31,16.0885
2007-10-30,15.9347
2007-10-29,15.7967
2007-10-26,15.6757
2007-10-25,15.5415
2007-10-24,15.4152
2007-10-23,15.2805
2007-10-22,15.147
2007-10-19,15.0435
2007-10-18,14.9376
2007-10-17,14.8291
2007-10-16,14.7207
2007-10-15,14.6198
2007-10-12,14.5012
2007-10-11,14.3653
2007-10-10,14.2437
2007-10-09,14.1152
2007-10-08,13.9978
2007-10-05,13.8788
2007-10-04,13.7854
2007-10-03,13.716
2007-10-02,13.6456
2007-10-01,13.5715
2007-09-28,13.4874
2007-09-27,13.4175
2007-09-26,13.3492
2007-09-25,13.2719
2007-09-24,13.2022
2007-09-21,13.1359
2007-09-20,13.076
2007-09-19,13.0258
2007-09-18,12.9755
2007-09-17,12.9288
2007-09-14,12.8972
2007-09-13,12.8506
2007-09-12,12.8166
2007-09-11,12.799
2007-09-10,12.7917
2007-09-07,12.7933
2007-09-06,12.7875
2007-09-05,12.7903
2007-09-04,12.7756
2007-08-31,12.7567
2007-08-30,12.7413
2007-08-29,12.7409
2007-08-28,12.7409
2007-08-27,12.7454
2007-08-24,12.749
2007-08-23,12.7451
2007-08-22,12.7399
2007-08-21,12.7361
2007-08-20,12.7454
2007-08-17,12.7636
2007-08-16,12.7887
2007-08-15,12.8601
2007-08-14,12.9251
2007-08-13,12.9831
2007-08-10,13.03
2007-08-09,13.0756
2007-08-08,13.1138
2007-08-07,13.1372
2007-08-06,13.1714
2007-08-03,13.2121
2007-08-02,13.2576
2007-08-01,13.2959
2007-07-31,13.3227
2007-07-30,13.3482
2007-07-27,13.3564
2007-07-26,13.3728
2007-07-25,13.3957
2007-07-24,13.4213
2007-07-23,13.4381
2007-07-20,13.4537
2007-07-19,13.4462
2007-07-18,13.3979
2007-07-17,13.3539
2007-07-16,13.3041
2007-07-13,13.2452
2007-07-12,13.1835
2007-07-11,13.1334
2007-07-10,13.0837
2007-07-09,13.0437
2007-07-06,13.0098
2007-07-05,12.9794
2007-07-03,12.9502
2007-07-02,12.9308
2007-06-29,12.9016
2007-06-28,12.8737
2007-06-27,12.8398
2007-06-26,12.8052
2007-06-25,12.7512
2007-06-22,12.6963
2007-06-21,12.633
2007-06-20,12.5827
2007-06-19,12.5401
2007-06-18,12.4854
2007-06-15,12.4293
2007-06-14,12.3856
2007-06-13,12.3478
2007-06-12,12.2887
2007-06-11,12.2349
2007-06-08,12.1791
2007-06-07,12.1116
2007-06-06,12.0543
2007-06-05,11.9899
2007-06-04,11.9254
2007-06-01,11.8805
2007-05-31,11.8465
2007-05-30,11.8063
2007-05-29,11.7693
2007-05-25,11.7496
2007-05-24,11.744
2007-05-23,11.7525
2007-05-22,11.7576
2007-05-21,11.7597
2007-05-18,11.7703
2007-05-17,11.7855
2007-05-16,11.7863
2007-05-15,11.7906
2007-05-14,11.8091
2007-05-11,11.8247
2007-05-10,11.8242
2007-05-09,11.8316
2007-05-08,11.8257
2007-05-07,11.8253
2007-05-04,11.8264
2007-05-03,11.8269
2007-05-02,11.8242
2007-05-01,11.8327
2007-04-30,11.8196
2007-04-27,11.8031
2007-04-26,11.7804
2007-04-25,11.7563
2007-04-24,11.7383
2007-04-23,11.7227
2007-04-20,11.7011
2007-04-19,11.6755
2007-04-18,11.6566
2007-04-17,11.6182
2007-04-16,11.5862
2007-04-13,11.5444
2007-04-12,11.5193
2007-04-11,11.495
2007-04-10,11.4681
2007-04-09,11.4534
2007-04-05,11.4344
2007-04-04,11.4134
2007-04-03,11.3941
2007-04-02,11.3753
2007-03-30,11.3533
2007-03-29,11.3289
2007-03-28,11.3131
2007-03-27,11.2975
2007-03-26,11.2789
2007-03-23,11.2789
2007-03-22,11.2899
2007-03-21,11.3071
2007-03-20,11.3313
2007-03-19,11.3648
2007-03-16,11.3932
2007-03-15,11.419
2007-03-14,11.4437
2007-03-13,11.4576
2007-03-12,11.4767
2007-03-09,11.4856
2007-03-08,11.5082
2007-03-07,11.5273
2007-03-06,11.5471
2007-03-05,11.5592
2007-03-02,11.6099
2007-03-01,11.6638
2007-02-28,11.7304
2007-02-27,11.7865
2007-02-26,11.8412
2007-02-23,11.8798
2007-02-22,11.9017
2007-02-21,11.9307
2007-02-20,11.9347
2007-02-16,11.9456
2007-02-15,11.9704
2007-02-14,12.0034
2007-02-13,12.0426
2007-02-12,12.0991
2007-02-09,12.1575
2007-02-08,12.2049
2007-02-07,12.2279
2007-02-06,12.2473
2007-02-05,12.2624
2007-02-02,12.2875
2007-02-01,12.2897
2007-01-31,12.272
2007-01-30,12.2206
2007-01-29,12.1809
2007-01-26,12.1504
2007-01-25,12.1024
2007-01-24,12.0618
2007-01-23,12.0082
2007-01-22,11.988
2007-01-19,11.9727
2007-01-18,11.939
2007-01-17,11.9296
2007-01-16,11.9106
2007-01-12,11.879
2007-01-11,11.8499
2007-01-10,11.8302
2007-01-09,11.8235
2007-01-08,11.8199
2007-01-05,11.8263
2007-01-04,11.8261
2007-01-03,11.8281
2006-12-29,11.8446
2006-12-28,11.875
2006-12-27,11.9027
2006-12-26,11.9295
2006-12-22,11.9636
2006-12-21,12.0254
2006-12-20,12.0902
2006-12-19,12.1486
2006-12-18,12.1817
2006-12-15,12.2267
2006-12-14,12.2462
2006-12-13,12.2585
2006-12-12,12.2714
2006-12-11,12.2704
2006-12-08,12.2575
2006-12-07,12.2431
2006-12-06,12.2335
2006-12-05,12.2134
2006-12-04,12.2008
2006-12-01,12.1845
2006-11-30,12.1708
2006-11-29,12.1492
2006-11-28,12.1389
2006-11-27,12.1227
2006-11-24,12.1107
2006-11-22,12.0859
2006-11-21,12.0591
2006-11-20,12.0136
2006-11-17,11.9958
2006-11-16,11.9468
2006-11-15,11.8595
2006-11-14,11.7687
2006-11-13,11.6828
2006-11-10,11.6086
2006-11-09,11.5508
2006-11-08,11.4943
2006-11-07,11.4336
2006-11-06,11.3762
2006-11-03,11.3162
2006-11-02,11.252
2006-11-01,11.1794
2006-10-31,11.1146
2006-10-30,11.0241
2006-10-27,10.9301
2006-10-26,10.8384
2006-10-25,10.7365
2006-10-24,10.6318
2006-10-23,10.5487
2006-10-20,10.4527
2006-10-19,10.3827
2006-10-18,10.3587
2006-10-17,10.3308
2006-10-16,10.3098
2006-10-13,10.3009
2006-10-12,10.2791
2006-10-11,10.2498
2006-10-10,10.2249
2006-10-09,10.1814
2006-10-06,10.1252
2006-10-05,10.0719
2006-10-04,10.0302
2006-10-03,9.9857
2006-10-02,9.9611
2006-09-29,9.9326
2006-09-28,9.9033
2006-09-27,9.8748
2006-09-26,9.8448
2006-09-25,9.8124
2006-09-22,9.774
2006-09-21,9.7364
2006-09-20,9.6946
2006-09-19,9.6712
2006-09-18,9.638
2006-09-15,9.5988
2006-09-14,9.5687
2006-09-13,9.5484
2006-09-12,9.5163
2006-09-11,9.4882
2006-09-08,9.4687
2006-09-07,9.4642
2006-09-06,9.4622
2006-09-05,9.4633
2006-09-01,9.4553
2006-08-31,9.4494
2006-08-30,9.4454
2006-08-29,9.4285
2006-08-28,9.4242
2006-08-25,9.4313
2006-08-24,9.4499
2006-08-23,9.4607
2006-08-22,9.4758
2006-08-21,9.4897
2006-08-18,9.5067
2006-08-17,9.5151
2006-08-16,9.5168
2006-08-15,9.5309
2006-08-14,9.5585
2006-08-11,9.6066
2006-08-10,9.6504
2006-08-09,9.6937
2006-08-08,9.7441
2006-08-07,9.7986
2006-08-04,9.8489
2006-08-03,9.9072
2006-08-02,9.967
2006-08-01,10.0348
2006-07-31,10.0945
2006-07-28,10.1354
2006-07-27,10.1725
2006-07-26,10.2022
2006-07-25,10.2232
2006-07-24,10.2418
2006-07-21,10.2593
2006-07-20,10.2716
2006-07-19,10.2904
2006-07-18,10.2756
2006-07-17,10.2569
2006-07-14,10.2354
2006-07-13,10.2198
2006-07-12,10.1892
2006-07-11,10.1508
2006-07-10,10.097
2006-07-07,10.0596
2006-07-06,10.0256
2006-07-05,9.9797
2006-07-03,9.9404
2006-06-30,9.8794
2006-06-29,9.8295
2006-06-28,9.7855
2006-06-27,9.7426
2006-06-26,9.7046
2006-06-23,9.676
2006-06-22,9.6486
2006-06-21,9.6252
2006-06-20,9.592
2006-06-19,9.5718
2006-06-16,9.5491
2006-06-15,9.5244
2006-06-14,9.5038
2006-06-13,9.4874
2006-06-12,9.4745
2006-06-09,9.4652
2006-06-08,9.4636
2006-06-07,9.4757
2006-06-06,9.5036
2006-06-05,9.5096
2006-06-02,9.5344
2006-06-01,9.5536
2006-05-31,9.568
2006-05-30,9.5968
2006-05-26,9.6305
2006-05-25,9.6763
2006-05-24,9.7226
2006-05-23,9.7785
2006-05-22,9.843
2006-05-19,9.93
2006-05-18,10.0139
2006-05-17,10.069
2006-05-16,10.114
2006-05-15,10.1552
2006-05-12,10.1935
2006-05-11,10.2286
2006-05-10,10.256
2006-05-09,10.2644
2006-05-08,10.2739
2006-05-05,10.2881
2006-05-04,10.3092
2006-05-03,10.3258
2006-05-02,10.3385
2006-05-01,10.3321
2006-04-28,10.321
2006-04-27,10.2841
2006-04-26,10.2527
2006-04-25,10.1917
2006-04-24,10.1199
2006-04-21,10.0264
2006-04-20,9.9073
2006-04-19,9.8138
2006-04-18,9.7255
2006-04-17,9.6554
2006-04-13,9.5716
2006-04-12,9.4923
2006-04-11,9.4117
2006-04-10,9.3385
2006-04-07,9.2393
2006-04-06,9.1534
2006-04-05,9.0682
2006-04-04,9.0005
2006-04-03,8.9506
2006-03-31,8.9236
2006-03-30,8.9088
2006-03-29,8.8938
2006-03-28,8.856
2006-03-27,8.8378
2006-03-24,8.8637
2006-03-23,8.8782
2006-03-22,8.9234
2006-03-21,8.9551
2006-03-20,8.9884
2006-03-17,9.0141
2006-03-16,9.0475
2006-03-15,9.052
2006-03-14,9.0505
2006-03-13,9.0437
2006-03-10,9.0757
2006-03-09,9.1023
2006-03-08,9.1349
2006-03-07,9.1524
2006-03-06,9.1783
2006-03-03,9.1951
2006-03-02,9.2174
2006-03-01,9.2491
2006-02-28,9.334
2006-02-27,9.4143
2006-02-24,9.4682
2006-02-23,9.5393
2006-02-22,9.608
2006-02-21,9.705
2006-02-17,9.7812
2006-02-16,9.8196
2006-02-15,9.9072
2006-02-14,10.0354
2006-02-13,10.1902
2006-02-10,10.341
2006-02-09,10.4674
2006-02-08,10.6085
2006-02-07,10.7344
2006-02-06,10.8582
2006-02-03,10.959
2006-02-02,11.0462
2006-02-01,11.1077
2006-01-31,11.1495
2006-01-30,11.1273
2006-01-27,11.1189
2006-01-26,11.1104
2006-01-25,11.0984
2006-01-24,11.0958
2006-01-23,11.0821
2006-01-20,11.0806
2006-01-19,11.1185
2006-01-18,11.1036
2006-01-17,11.0852
2006-01-13,11.0294
2006-01-12,10.9703
2006-01-11,10.9126
2006-01-10,10.8388
2006-01-09,10.763
2006-01-06,10.6927
2006-01-05,10.6158
2006-01-04,10.5574
2006-01-03,10.5081
2005-12-30,10.4862
2005-12-29,10.4852
2005-12-28,10.4662
2005-12-27,10.4372
2005-12-23,10.4358
2005-12-22,10.4329
2005-12-21,10.4214
2005-12-20,10.4091
2005-12-19,10.3836
2005-12-16,10.3531
2005-12-15,10.3197
2005-12-14,10.2892
2005-12-13,10.2565
2005-12-12,10.2308
2005-12-09,10.203
2005-12-08,10.1804
2005-12-07,10.141
2005-12-06,10.1231
2005-12-05,10.1112
2005-12-02,10.0919
2005-12-01,10.0522
2005-11-30,10.0091
2005-11-29,9.9772
2005-11-28,9.9379
2005-11-25,9.8562
2005-11-23,9.7617
2005-11-22,9.6774
2005-11-21,9.5904
2005-11-18,9.5145
2005-11-17,9.439
2005-11-16,9.3137
2005-11-15,9.2018
2005-11-14,9.0898
2005-11-11,8.9748
2005-11-10,8.8569
2005-11-09,8.7397
2005-11-08,8.6419
2005-11-07,8.5371
2005-11-04,8.4316
2005-11-03,8.3347
2005-11-02,8.2432
2005-11-01,8.1569
2005-10-31,8.0714
2005-10-28,8.0045
2005-10-27,7.9524
2005-10-26,7.898
2005-10-25,7.8362
2005-10-24,7.7949
2005-10-21,7.752
2005-10-20,7.7213
2005-10-19,7.7315
2005-10-18,7.7355
2005-10-17,7.7413
2005-10-14,7.7398
2005-10-13,7.7448
2005-10-12,7.7513
2005-10-11,7.7539
2005-10-10,7.7608
2005-10-07,7.7597
2005-10-06,7.7423
2005-10-05,7.7206
2005-10-04,7.7008
2005-10-03,7.6709
2005-09-30,7.6331
2005-09-29,7.5953
2005-09-28,7.5658
2005-09-27,7.5423
2005-09-26,7.5105
2005-09-23,7.4721
2005-09-22,7.4311
2005-09-21,7.3951
2005-09-20,7.3546
2005-09-19,7.3122
2005-09-16,7.2825
2005-09-15,7.2572
2005-09-14,7.2353
2005-09-13,7.2136
2005-09-12,7.179
2005-09-09,7.1539
2005-09-08,7.1351
2005-09-07,7.123
2005-09-06,7.1188
2005-09-02,7.124
2005-09-01,7.1289
2005-08-31,7.1433
2005-08-30,7.1574
2005-08-29,7.1723
2005-08-26,7.1762
2005-08-25,7.1815
2005-08-24,7.1951
2005-08-23,7.2131
2005-08-22,7.2337
2005-08-19,7.261
2005-08-18,7.2891
2005-08-17,7.3315
2005-08-16,7.3652
2005-08-15,7.3955
2005-08-12,7.4149
2005-08-11,7.4293
2005-08-10,7.4503
2005-08-09,7.4668
2005-08-08,7.4671
2005-08-05,7.4697
2005-08-04,7.4746
2005-08-03,7.4718
2005-08-02,7.4646
2005-08-01,7.4603
2005-07-29,7.4598
2005-07-28,7.4678
2005-07-27,7.4668
2005-07-26,7.4732
2005-07-25,7.4832
2005-07-22,7.4849
2005-07-21,7.4691
2005-07-20,7.4383
2005-07-19,7.408
2005-07-18,7.379
2005-07-15,7.355
2005-07-14,7.3252
2005-07-13,7.2926
2005-07-12,7.267
2005-07-11,7.2557
2005-07-08,7.2421
2005-07-07,7.2297
2005-07-06,7.2097
2005-07-05,7.2117
2005-07-01,7.2057
2005-06-30,7.192
2005-06-29,7.1842
2005-06-28,7.1783
2005-06-27,7.1473
2005-06-24,7.0997
2005-06-23,7.0521
2005-06-22,7.0159
2005-06-21,6.9743
2005-06-20,6.9338
2005-06-17,6.8774
2005-06-16,6.8259
2005-06-15,6.7781
2005-06-14,6.7259
2005-06-13,6.6668
2005-06-10,6.5999
2005-06-09,6.5326
2005-06-08,6.4638
2005-06-07,6.399
2005-06-06,6.3151
2005-06-03,6.2364
2005-06-02,6.1698
2005-06-01,6.0955
2005-05-31,6.0182
2005-05-27,5.9494
2005-05-26,5.8919
2005-05-25,5.8421
2005-05-24,5.7908
2005-05-23,5.7442
2005-05-20,5.7043
2005-05-19,5.672
2005-05-18,5.629
2005-05-17,5.5776
2005-05-16,5.5254
2005-05-13,5.4703
2005-05-12,5.415
2005-05-11,5.3683
2005-05-10,5.3204
2005-05-09,5.278
2005-05-06,5.237
2005-05-05,5.192
2005-05-04,5.1505
2005-05-03,5.1014
2005-05-02,5.0543
2005-04-29,5.008
2005-04-28,4.958
2005-04-27,4.9093
2005-04-26,4.8601
2005-04-25,4.8111
2005-04-22,4.7585
2005-04-21,4.7127
2005-04-20,4.6805
2005-04-19,4.6561
2005-04-18,4.643
2005-04-15,4.6343
2005-04-14,4.6272
2005-04-13,4.6073
2005-04-12,4.5894
2005-04-11,4.5657
2005-04-08,4.5464
2005-04-07,4.5313
2005-04-06,4.5158
2005-04-05,4.5108
2005-04-04,4.5111
2005-04-01,4.5118
2005-03-31,4.5205
2005-03-30,4.5264
2005-03-29,4.5334
2005-03-28,4.5439
2005-03-24,4.5495
2005-03-23,4.5615
2005-03-22,4.5803
2005-03-21,4.5962
2005-03-18,4.6176
2005-03-17,4.6399
2005-03-16,4.6638
2005-03-15,4.6884
2005-03-14,4.7064
2005-03-11,4.7219
2005-03-10,4.7346
2005-03-09,4.7491
2005-03-08,4.7708
2005-03-07,4.7843
2005-03-04,4.8038
2005-03-03,4.835
2005-03-02,4.8587
2005-03-01,4.8671
2005-02-28,4.8791
2005-02-25,4.882
2005-02-24,4.8848
2005-02-23,4.8852
2005-02-22,4.8641
2005-02-18,4.8508
2005-02-17,4.8387
2005-02-16,4.8338
2005-02-15,4.8324
2005-02-14,4.8432
2005-02-11,4.8519
2005-02-10,4.8619
2005-02-09,4.8711
2005-02-08,4.8736
2005-02-07,4.8691
2005-02-04,4.8664
2005-02-03,4.8466
2005-02-02,4.8249
2005-02-01,4.8105
2005-01-31,4.8241
2005-01-28,4.8205
2005-01-27,4.8296
2005-01-26,4.8356
2005-01-25,4.84
2005-01-24,4.8585
2005-01-21,4.8675
2005-01-20,4.865
2005-01-19,4.8523
2005-01-18,4.837
2005-01-14,4.8072
2005-01-13,4.7778
2005-01-12,4.7583
2005-01-11,4.7375
2005-01-10,4.7086
2005-01-07,4.6793
2005-01-06,4.6538
2005-01-05,4.6305
2005-01-04,4.6029
2005-01-03,4.5801
2004-12-31,4.5522
2004-12-30,4.5355
2004-12-29,4.5134
2004-12-28,4.4998
2004-12-27,4.4851
2004-12-23,4.4695
2004-12-22,4.453
2004-12-21,4.4295
2004-12-20,4.4062
2004-12-17,4.3867
2004-12-16,4.371
2004-12-15,4.366
2004-12-14,4.357
2004-12-13,4.3647
2004-12-10,4.3791
2004-12-09,4.3934
2004-12-08,4.3864
2004-12-07,4.3848
2004-12-06,4.3862
2004-12-03,4.3775
2004-12-02,4.3829
2004-12-01,4.3982
2004-11-30,4.4169
2004-11-29,4.4345
2004-11-26,4.4465
2004-11-24,4.4639
2004-11-23,4.4779
2004-11-22,4.4957
2004-11-19,4.5236
2004-11-18,4.5274
2004-11-17,4.5047
2004-11-16,4.4647
2004-11-15,4.4339
2004-11-12,4.3892
2004-11-11,4.3418
2004-11-10,4.2905
2004-11-09,4.2568
2004-11-08,4.2177
2004-11-05,4.171
2004-11-04,4.1315
2004-11-03,4.0741
2004-11-02,4.0058
2004-11-01,3.9352
2004-10-29,3.8589
2004-10-28,3.7863
2004-10-27,3.7066
2004-10-26,3.638
2004-10-25,3.5693
2004-10-22,3.4828
2004-10-21,3.417
2004-10-20,3.3813
2004-10-19,3.3536
2004-10-18,3.316
2004-10-15,3.2787
2004-10-14,3.2454
2004-10-13,3.2103
2004-10-12,3.1742
2004-10-11,3.1418
2004-10-08,3.1071
2004-10-07,3.0665
2004-10-06,3.0208
2004-10-05,2.9773
2004-10-04,2.9313
2004-10-01,2.8875
2004-09-30,2.8486
2004-09-29,2.8119
2004-09-28,2.776
2004-09-27,2.7449
2004-09-24,2.7298
2004-09-23,2.7149
2004-09-22,2.6963
2004-09-21,2.6794
2004-09-20,2.6689
2004-09-17,2.6551
2004-09-16,2.6336
