date,SMA
2024-10-04,426.3325
2024-10-03,425.6145
2024-10-02,425.207
2024-10-01,424.7955
2024-09-30,424.233
2024-09-27,423.575
2024-09-26,422.83
2024-09-25,421.7945
2024-09-24,420.881
2024-09-23,420.097
2024-09-20,419.261
2024-09-19,418.275
2024-09-18,417.5475
2024-09-17,417.247
2024-09-16,416.566
2024-09-13,415.9225
2024-09-12,415.4445
2024-09-11,414.9004
2024-09-10,414.4121
2024-09-09,414.0065
2024-09-06,413.9854
2024-09-05,413.9991
2024-09-04,413.4656
2024-09-03,412.9656
2024-08-30,412.216
2024-08-29,411.7472
2024-08-28,411.9096
2024-08-27,412.2599
2024-08-26,412.6763
2024-08-23,413.3003
2024-08-22,413.6865
2024-08-21,413.7918
2024-08-20,413.9917
2024-08-19,414.9546
2024-08-16,415.9858
2024-08-15,416.8789
2024-08-14,417.8067
2024-08-13,419.1374
2024-08-12,420.9097
2024-08-09,423.263
2024-08-08,425.6353
2024-08-07,428.2312
2024-08-06,431.6161
2024-08-05,434.6073
2024-08-02,438.1555
2024-08-01,441.1037
2024-07-31,443.2829
2024-07-30,445.3257
2024-07-29,447.0132
2024-07-26,448.0224
2024-07-25,449.399
2024-07-24,451.084
2024-07-23,452.1845
2024-07-22,452.3253
2024-07-19,452.6666
2024-07-18,453.0954
2024-07-17,453.3933
2024-07-16,453.6354
2024-07-15,453.2885
2024-07-12,452.6706
2024-07-11,452.0472
2024-07-10,450.9482
2024-07-09,449.0326
2024-07-08,447.2513
2024-07-05,445.169
2024-07-03,442.9954
2024-07-02,440.7643
2024-07-01,438.4804
2024-06-28,436.4041
2024-06-27,434.793
2024-06-26,433.6111
2024-06-25,432.521
2024-06-24,431.4834
2024-06-21,430.4517
2024-06-20,429.4904
2024-06-18,428.6589
2024-06-17,427.6108
2024-06-14,426.2053
2024-06-13,425.1282
2024-06-12,424.2048
2024-06-11,422.9452
2024-06-10,421.9624
2024-06-07,421.2704
2024-06-06,420.6585
2024-06-05,419.9245
2024-06-04,419.1562
2024-06-03,418.9934
2024-05-31,418.615
2024-05-30,417.7169
2024-05-29,416.6973
2024-05-28,414.6745
2024-05-24,413.2379
2024-05-23,412.0122
2024-05-22,410.5814
2024-05-21,409.4742
2024-05-20,408.3666
2024-05-17,407.1144
2024-05-16,406.0265
2024-05-15,405.1563
2024-05-14,404.5589
2024-05-13,404.4602
2024-05-10,404.4563
2024-05-09,404.813
2024-05-08,405.5907
2024-05-07,406.2245
2024-05-06,407.0685
2024-05-03,407.619
2024-05-02,408.5587
2024-05-01,409.5571
2024-04-30,410.8281
2024-04-29,412.4279
2024-04-26,413.5399
2024-04-25,414.2574
2024-04-24,415.3729
2024-04-23,416.0002
2024-04-22,416.762
2024-04-19,418.1461
2024-04-18,419.6532
2024-04-17,420.6975
2024-04-16,421.1743
2024-04-15,421.3108
2024-04-12,421.4493
2024-04-11,421.6147
2024-04-10,420.9755
2024-04-09,420.5779
2024-04-08,419.4938
2024-04-05,418.5785
2024-04-04,417.7624
2024-04-03,416.9757
2024-04-02,416.0889
2024-04-01,415.764
2024-03-28,415.3121
2024-03-27,414.9594
2024-03-26,414.2763
2024-03-25,413.5703
2024-03-22,412.8071
2024-03-21,411.8903
2024-03-20,411.0075
2024-03-19,409.859
2024-03-18,408.9313
2024-03-15,408.2707
2024-03-14,407.7794
2024-03-13,406.9957
2024-03-12,406.5213
2024-03-11,406.4825
2024-03-08,407.2428
2024-03-07,407.5982
2024-03-06,407.8051
2024-03-05,407.9376
2024-03-04,408.0501
2024-03-01,407.8283
2024-02-29,407.2076
2024-02-28,406.3712
2024-02-27,406.3773
2024-02-26,406.4516
2024-02-23,406.235
2024-02-22,405.9256
2024-02-21,405.436
2024-02-20,405.2363
2024-02-16,404.8873
2024-02-15,404.5824
2024-02-14,403.9143
2024-02-13,402.8813
2024-02-12,402.0831
2024-02-09,400.7508
2024-02-08,398.9645
2024-02-07,397.4059
2024-02-06,395.5031
2024-02-05,393.9714
2024-02-02,392.0866
2024-02-01,389.9342
2024-01-31,388.2841
2024-01-30,386.9558
2024-01-29,385.337
2024-01-26,383.6242
2024-01-25,382.1393
2024-01-24,380.6369
2024-01-23,379.2454
2024-01-22,377.9842
2024-01-19,376.6966
2024-01-18,375.4329
2024-01-17,374.3776
2024-01-16,373.4457
2024-01-12,372.2352
2024-01-11,371.534
2024-01-10,371.0242
2024-01-09,370.4538
2024-01-08,370.3762
2024-01-05,370.1902
2024-01-04,370.2424
2024-01-03,370.4702
2024-01-02,370.3976
2023-12-29,370.5786
2023-12-28,370.7214
2023-12-27,370.8989
2023-12-26,371.3281
2023-12-22,371.5245
2023-12-21,371.6663
2023-12-20,371.8806
2023-12-19,372.0024
2023-12-18,372.2103
2023-12-15,372.0711
2023-12-14,372.3416
2023-12-13,372.5276
2023-12-12,372.2864
2023-12-11,371.8666
2023-12-08,371.7483
2023-12-07,371.0386
2023-12-06,370.6166
2023-12-05,370.169
2023-12-04,369.3379
2023-12-01,368.4898
2023-11-30,367.1522
2023-11-29,365.4842
2023-11-28,363.4241
2023-11-27,361.1328
2023-11-24,358.6727
2023-11-22,356.176
2023-11-21,354.2926
2023-11-20,352.1438
2023-11-17,349.7175
2023-11-16,347.5372
2023-11-15,345.2734
2023-11-14,343.2727
2023-11-13,341.3763
2023-11-10,339.6869
2023-11-09,337.6054
2023-11-08,336.1398
2023-11-07,334.6121
2023-11-06,333.017
2023-11-03,331.6914
2023-11-02,330.4238
2023-11-01,328.9865
2023-10-31,327.6407
2023-10-30,326.4138
2023-10-27,325.6441
2023-10-26,324.9463
2023-10-25,324.239
2023-10-24,322.8553
2023-10-23,321.9426
2023-10-20,321.3579
2023-10-19,320.8785
2023-10-18,320.2933
2023-10-17,319.8298
2023-10-16,319.6606
2023-10-13,319.4829
2023-10-12,319.6065
2023-10-11,319.9807
2023-10-10,320.1613
2023-10-09,320.3291
2023-10-06,320.7321
2023-10-05,321.08
2023-10-04,321.6036
2023-10-03,322.2947
2023-10-02,323.2953
2023-09-29,323.6357
2023-09-28,324.2318
2023-09-27,324.9837
2023-09-26,325.759
2023-09-25,326.3327
2023-09-22,326.6027
2023-09-21,326.7496
2023-09-20,327.1203
2023-09-19,327.2042
2023-09-18,326.8682
2023-09-15,326.2439
2023-09-14,325.5818
2023-09-13,324.6735
2023-09-12,323.9349
2023-09-11,323.5172
2023-09-08,322.6432
2023-09-07,322.0465
2023-09-06,321.6314
2023-09-05,321.2582
2023-09-01,321.0528
2023-08-31,320.9746
2023-08-30,320.8857
2023-08-29,320.7873
2023-08-28,321.1455
2023-08-25,321.7167
2023-08-24,322.4449
2023-08-23,322.9437
2023-08-22,323.4427
2023-08-21,324.8213
2023-08-18,325.9379
2023-08-17,327.2562
2023-08-16,328.7082
2023-08-15,330.3921
2023-08-14,332.2558
2023-08-11,333.33
2023-08-10,334.53
2023-08-09,335.5071
2023-08-08,336.2485
2023-08-07,336.5665
2023-08-04,336.6517
2023-08-03,337.1192
2023-08-02,337.8428
2023-08-01,338.3702
2023-07-31,338.4519
2023-07-28,338.6807
2023-07-27,338.5163
2023-07-26,338.7704
2023-07-25,338.6119
2023-07-24,337.5035
2023-07-21,337.0038
2023-07-20,336.8027
2023-07-19,336.1435
2023-07-18,335.3001
2023-07-17,334.4502
2023-07-14,334.5676
2023-07-13,334.1764
2023-07-12,333.7618
2023-07-11,333.4969
2023-07-10,333.2156
2023-07-07,332.8902
2023-07-06,332.2047
2023-07-05,331.8288
2023-07-03,331.7194
2023-06-30,331.5911
2023-06-29,331.1969
2023-06-28,330.867
2023-06-27,330.6372
2023-06-26,330.554
2023-06-23,330.4213
2023-06-22,329.3729
2023-06-21,328.1619
2023-06-20,327.5488
2023-06-16,326.5727
2023-06-15,325.3934
2023-06-14,323.7046
2023-06-13,322.4034
2023-06-12,321.1405
2023-06-09,319.9743
2023-06-08,319.115
2023-06-07,318.4403
2023-06-06,317.5962
2023-06-05,316.3235
2023-06-02,315.0377
2023-06-01,313.5198
2023-05-31,312.0916
2023-05-30,310.9208
2023-05-26,309.6177
2023-05-25,308.3155
2023-05-24,307.2384
2023-05-23,306.2915
2023-05-22,304.2889
2023-05-19,302.307
2023-05-18,300.6628
2023-05-17,299.0271
2023-05-16,297.7308
2023-05-15,296.5759
2023-05-12,295.5549
2023-05-11,294.4267
2023-05-10,293.425
2023-05-09,292.0007
2023-05-08,290.8063
2023-05-05,289.8544
2023-05-04,288.913
2023-05-03,287.8718
2023-05-02,287.0208
2023-05-01,286.1223
2023-04-28,285.2694
2023-04-27,284.1224
2023-04-26,282.9205
2023-04-25,281.9252
2023-04-24,281.9726
2023-04-21,281.9133
2023-04-20,281.513
2023-04-19,280.8301
2023-04-18,280.1051
2023-04-17,279.3075
2023-04-14,278.8444
2023-04-13,278.3532
2023-04-12,277.1474
2023-04-11,276.0256
2023-04-10,274.5969
2023-04-06,272.5806
2023-04-05,270.6394
2023-04-04,269.1252
2023-04-03,267.4929
2023-03-31,265.9926
2023-03-30,264.3612
2023-03-29,262.7334
2023-03-28,261.0413
2023-03-27,259.7658
2023-03-24,258.47
2023-03-23,256.9207
2023-03-22,255.7895
2023-03-21,254.7626
2023-03-20,253.7194
2023-03-17,253.0191
2023-03-16,252.1652
2023-03-15,251.8252
2023-03-14,252.1239
2023-03-13,252.6105
2023-03-10,253.0314
2023-03-09,253.7414
2023-03-08,254.4203
2023-03-07,255.0719
2023-03-06,255.1694
2023-03-03,255.2104
2023-03-02,255.6376
2023-03-01,255.6872
2023-02-28,255.7324
2023-02-27,255.3706
2023-02-24,255.2409
2023-02-23,255.1497
2023-02-22,254.42
2023-02-21,253.9219
2023-02-17,253.3931
2023-02-16,252.4815
2023-02-15,250.9592
2023-02-14,249.2739
2023-02-13,247.7053
2023-02-10,246.1235
2023-02-09,244.9113
2023-02-08,243.5385
2023-02-07,241.6712
2023-02-06,239.6777
2023-02-03,238.1082
2023-02-02,236.3316
2023-02-01,234.5817
2023-01-31,233.9325
2023-01-30,233.5386
2023-01-27,233.4548
2023-01-26,232.7829
2023-01-25,232.2387
2023-01-24,232.146
2023-01-23,231.9563
2023-01-20,232.0475
2023-01-19,232.1253
2023-01-18,232.5453
2023-01-17,232.9831
2023-01-13,233.4099
2023-01-12,234.2968
2023-01-11,235.2043
2023-01-10,236.0295
2023-01-09,236.8463
2023-01-06,237.846
2023-01-05,238.8042
2023-01-04,239.9286
2023-01-03,240.9688
2022-12-30,241.7299
2022-12-29,242.4629
2022-12-28,243.1594
2022-12-27,243.4453
2022-12-23,243.6819
2022-12-22,244.1137
2022-12-21,244.5766
2022-12-20,244.6062
2022-12-19,244.6185
2022-12-16,244.6565
2022-12-15,244.5081
2022-12-14,244.1492
2022-12-13,243.364
2022-12-12,242.573
2022-12-09,242.2726
2022-12-08,242.1187
2022-12-07,240.9593
2022-12-06,240.1636
2022-12-05,239.2818
2022-12-02,237.831
2022-12-01,235.7916
2022-11-30,234.0561
2022-11-29,232.6951
2022-11-28,232.2588
2022-11-25,231.9358
2022-11-23,230.8821
2022-11-22,230.0486
2022-11-21,230.2915
2022-11-18,230.5136
2022-11-17,230.5245
2022-11-16,230.2192
2022-11-15,229.9277
2022-11-14,229.7572
2022-11-11,229.5596
2022-11-10,228.6477
2022-11-09,228.2181
2022-11-08,228.279
2022-11-07,228.109
2022-11-04,228.1768
2022-11-03,228.8084
2022-11-02,230.408
2022-11-01,231.8384
2022-10-31,232.8565
2022-10-28,233.2797
2022-10-27,233.1337
2022-10-26,233.6621
2022-10-25,234.1414
2022-10-24,233.4409
2022-10-21,232.9592
2022-10-20,232.7527
2022-10-19,232.9902
2022-10-18,233.1116
2022-10-17,233.3057
2022-10-14,233.6493
2022-10-13,234.4447
2022-10-12,234.9923
2022-10-11,236.2935
2022-10-10,237.6
2022-10-07,239.4385
2022-10-06,240.924
2022-10-05,241.5006
2022-10-04,241.9376
2022-10-03,242.1524
2022-09-30,242.9054
2022-09-29,244.2572
2022-09-28,245.4355
2022-09-27,246.512
2022-09-26,247.9287
2022-09-23,249.4348
2022-09-22,251.4468
2022-09-21,253.1579
2022-09-20,255.0008
2022-09-19,256.736
2022-09-16,258.7824
2022-09-15,261.0155
2022-09-14,263.2738
2022-09-13,265.2335
2022-09-12,267.2419
2022-09-09,268.4531
2022-09-08,269.5321
2022-09-07,271.0081
2022-09-06,272.1687
2022-09-02,273.4701
2022-09-01,274.7604
2022-08-31,275.8736
2022-08-30,276.8764
2022-08-29,277.4302
2022-08-26,278.0294
2022-08-25,278.6219
2022-08-24,278.4731
2022-08-23,278.0985
2022-08-22,276.866
2022-08-19,275.9089
2022-08-18,274.614
2022-08-17,273.3412
2022-08-16,271.8858
2022-08-15,270.2583
2022-08-12,268.3345
2022-08-11,266.6084
2022-08-10,264.9926
2022-08-09,263.2052
2022-08-08,261.8008
2022-08-05,261.0253
2022-08-04,260.2773
2022-08-03,259.5292
2022-08-02,258.7316
2022-08-01,258.1445
2022-07-29,257.2405
2022-07-28,256.0676
2022-07-27,255.2755
2022-07-26,254.6741
2022-07-25,255.3113
2022-07-22,255.7464
2022-07-21,255.6728
2022-07-20,255.0984
2022-07-19,254.68
2022-07-18,254.0972
2022-07-15,253.642
2022-07-14,253.3987
2022-07-13,252.9283
2022-07-12,252.4153
2022-07-11,252.3819
2022-07-08,252.3956
2022-07-07,252.5305
2022-07-06,252.7316
2022-07-05,252.8562
2022-07-01,253.2079
2022-06-30,253.9437
2022-06-29,254.7084
2022-06-28,255.2779
2022-06-27,256.1
2022-06-24,256.1496
2022-06-23,255.8955
2022-06-22,255.9328
2022-06-21,256.3016
2022-06-17,256.2437
2022-06-16,256.513
2022-06-15,256.9599
2022-06-14,257.6668
2022-06-13,258.4699
2022-06-10,259.3638
2022-06-09,259.4491
2022-06-08,259.21
2022-06-07,259.1332
2022-06-06,258.7131
2022-06-03,258.9737
2022-06-02,259.3001
2022-06-01,260.0209
2022-05-31,260.4463
2022-05-27,261.0304
2022-05-26,261.2072
2022-05-25,262.3366
2022-05-24,263.3182
2022-05-23,263.8059
2022-05-20,264.7568
2022-05-19,265.7772
2022-05-18,267.101
2022-05-17,268.6502
2022-05-16,269.5544
2022-05-13,270.4851
2022-05-12,271.4007
2022-05-11,272.9797
2022-05-10,274.0322
2022-05-09,274.8034
2022-05-06,276.3883
2022-05-05,277.6919
2022-05-04,278.7757
2022-05-03,279.7984
2022-05-02,281.4225
2022-04-29,282.6433
2022-04-28,284.15
2022-04-27,285.3356
2022-04-26,286.9107
2022-04-25,288.8915
2022-04-22,290.015
2022-04-21,291.4864
2022-04-20,292.4005
2022-04-19,293.2666
2022-04-18,293.9448
2022-04-14,294.919
2022-04-13,295.6721
2022-04-12,296.0033
2022-04-11,296.2524
2022-04-08,295.8208
2022-04-07,294.9939
2022-04-06,294.2217
2022-04-05,293.6835
2022-04-04,291.9694
2022-04-01,290.2049
2022-03-31,289.2477
2022-03-30,288.6415
2022-03-29,287.9726
2022-03-28,286.9714
2022-03-25,286.3886
2022-03-24,286.0769
2022-03-23,285.6116
2022-03-22,284.6711
2022-03-21,283.8716
2022-03-18,283.322
2022-03-17,282.8474
2022-03-16,283.0568
2022-03-15,283.324
2022-03-14,283.6783
2022-03-11,284.5586
2022-03-10,285.6197
2022-03-09,286.8419
2022-03-08,287.5969
2022-03-07,288.7947
2022-03-04,290.0864
2022-03-03,290.6133
2022-03-02,291.4399
2022-03-01,291.828
2022-02-28,292.581
2022-02-25,293.0132
2022-02-24,293.1067
2022-02-23,293.1805
2022-02-22,293.5535
2022-02-18,293.9468
2022-02-17,294.3133
2022-02-16,294.8147
2022-02-15,294.9714
2022-02-14,295.0779
2022-02-11,295.8201
2022-02-10,296.2967
2022-02-09,297.0726
2022-02-08,297.2567
2022-02-07,297.7309
2022-02-04,298.3701
2022-02-03,298.7578
2022-02-02,299.4966
2022-02-01,300.2559
2022-01-31,301.525
2022-01-28,302.7624
2022-01-27,304.2791
2022-01-26,306.3354
2022-01-25,308.5104
2022-01-24,311.1453
2022-01-21,313.0165
2022-01-20,314.8316
2022-01-19,316.086
2022-01-18,316.8957
2022-01-14,317.9284
2022-01-13,318.6463
2022-01-12,320.1039
2022-01-11,320.5956
2022-01-10,321.7881
2022-01-07,323.1685
2022-01-06,324.0992
2022-01-05,325.1291
2022-01-04,326.0344
2022-01-03,325.8967
2021-12-31,325.3234
2021-12-30,324.9899
2021-12-29,324.5387
2021-12-28,323.984
2021-12-27,323.7584
2021-12-23,323.1348
2021-12-22,323.2921
2021-12-21,323.5108
2021-12-20,324.1232
2021-12-17,325.2561
2021-12-16,326.1091
2021-12-15,326.8035
2021-12-14,327.0106
2021-12-13,327.3581
2021-12-10,327.1972
2021-12-09,326.6739
2021-12-08,326.5321
2021-12-07,326.55
2021-12-06,326.6211
2021-12-03,327.0731
2021-12-02,327.6989
2021-12-01,327.8894
2021-11-30,328.0086
2021-11-29,327.9197
2021-11-26,327.6455
2021-11-24,327.3563
2021-11-23,326.6078
2021-11-22,325.2339
2021-11-19,323.6585
2021-11-18,321.9731
2021-11-17,320.4556
2021-11-16,318.8797
2021-11-15,317.3551
2021-11-12,315.9523
2021-11-11,314.3677
2021-11-10,312.921
2021-11-09,311.2399
2021-11-08,309.1406
2021-11-05,307.0563
2021-11-04,305.0477
2021-11-03,303.0205
2021-11-02,301.0274
2021-11-01,298.8647
2021-10-29,296.6099
2021-10-28,294.5374
2021-10-27,292.4693
2021-10-26,290.5601
2021-10-25,289.264
2021-10-22,288.5836
2021-10-21,288.1054
2021-10-20,287.5595
2021-10-19,287.1291
2021-10-18,286.4745
2021-10-15,285.8413
2021-10-14,285.6298
2021-10-13,285.7502
2021-10-12,286.165
2021-10-11,286.5018
2021-10-08,286.6363
2021-10-07,286.6782
2021-10-06,286.7952
2021-10-05,287.1413
2021-10-04,287.6979
2021-10-01,288.5767
2021-09-30,289.1641
2021-09-29,290.1345
2021-09-28,291.006
2021-09-27,291.9843
2021-09-24,292.2548
2021-09-23,292.2421
2021-09-22,292.3616
2021-09-21,292.5585
2021-09-20,293.0386
2021-09-17,293.5289
2021-09-16,293.3778
2021-09-15,292.6716
2021-09-14,292.0719
2021-09-13,291.7913
2021-09-10,291.5621
2021-09-09,291.2473
2021-09-08,290.7184
2021-09-07,290.0204
2021-09-03,289.4158
2021-09-02,288.8193
2021-09-01,288.2253
2021-08-31,287.4518
2021-08-30,286.7054
2021-08-27,285.7638
2021-08-26,285.0153
2021-08-25,284.3748
2021-08-24,283.5783
2021-08-23,282.7677
2021-08-20,281.9802
2021-08-19,281.237
2021-08-18,280.6921
2021-08-17,280.211
2021-08-16,279.5416
2021-08-13,278.6858
2021-08-12,278.0972
2021-08-11,277.6701
2021-08-10,277.4541
2021-08-09,277.1884
2021-08-06,276.6528
2021-08-05,276.0924
2021-08-04,275.5037
2021-08-03,275.1836
2021-08-02,274.7234
2021-07-30,274.3746
2021-07-29,273.7271
2021-07-28,272.9682
2021-07-27,272.2472
2021-07-26,271.3803
2021-07-23,270.2113
2021-07-22,269.0933
2021-07-21,268.0783
2021-07-20,267.3053
2021-07-19,266.4933
2021-07-16,265.6381
2021-07-15,264.6724
2021-07-14,263.5219
2021-07-13,262.347
2021-07-12,261.321
2021-07-09,260.3758
2021-07-08,259.3688
2021-07-07,258.2095
2021-07-06,256.8785
2021-07-02,255.7182
2021-07-01,254.4115
2021-06-30,253.152
2021-06-29,252.0039
2021-06-28,250.8363
2021-06-25,249.9101
2021-06-24,249.1458
2021-06-23,248.4063
2021-06-22,247.7469
2021-06-21,247.0303
2021-06-18,246.1809
2021-06-17,245.5509
2021-06-16,244.686
2021-06-15,243.9631
2021-06-14,243.2945
2021-06-11,242.6956
2021-06-10,241.9455
2021-06-09,241.0315
2021-06-08,240.6459
2021-06-07,240.356
2021-06-04,240.2621
2021-06-03,240.1827
2021-06-02,240.1921
2021-06-01,240.1882
2021-05-28,240.377
2021-05-27,240.4705
2021-05-26,240.5979
2021-05-25,240.7188
2021-05-24,241.1882
2021-05-21,241.6829
2021-05-20,242.4311
2021-05-19,242.9224
2021-05-18,243.7426
2021-05-17,244.4794
2021-05-14,245.1376
2021-05-13,245.7486
2021-05-12,246.548
2021-05-11,247.3533
2021-05-10,247.9483
2021-05-07,248.372
2021-05-06,248.5366
2021-05-05,248.7074
2021-05-04,248.8739
2021-05-03,248.8773
2021-04-30,248.7419
2021-04-29,248.2648
2021-04-28,247.4523
2021-04-27,246.35
2021-04-26,245.0526
2021-04-23,243.8358
2021-04-22,242.4375
2021-04-21,241.3837
2021-04-20,240.2674
2021-04-19,239.1865
2021-04-16,237.8085
2021-04-15,236.3515
2021-04-14,235.2613
2021-04-13,234.3935
2021-04-12,233.2442
2021-04-09,232.2657
2021-04-08,231.3571
2021-04-07,230.346
2021-04-06,229.5636
2021-04-05,228.5701
2021-04-01,227.7221
2021-03-31,226.964
2021-03-30,226.5655
2021-03-29,226.6636
2021-03-26,226.7461
2021-03-25,226.5471
2021-03-24,226.3845
2021-03-23,226.3403
2021-03-22,226.1311
2021-03-19,226.0593
2021-03-18,226.5747
2021-03-17,227.2091
2021-03-16,227.5566
2021-03-15,227.8203
2021-03-12,228.2872
2021-03-11,228.6843
2021-03-10,228.9335
2021-03-09,229.4573
2021-03-08,229.8522
2021-03-05,230.5441
2021-03-04,231.0225
2021-03-03,231.7852
2021-03-02,232.3386
2021-03-01,232.5925
2021-02-26,232.3251
2021-02-25,232.6164
2021-02-24,232.7803
2021-02-23,232.6468
2021-02-22,232.4398
2021-02-19,231.9992
2021-02-18,231.1976
2021-02-17,230.2287
2021-02-16,228.8573
2021-02-12,227.3537
2021-02-11,225.8055
2021-02-10,224.4423
2021-02-09,223.0917
2021-02-08,221.8191
2021-02-05,220.7126
2021-02-04,219.5547
2021-02-03,218.1136
2021-02-02,216.8981
2021-02-01,215.8415
2021-01-29,215.0071
2021-01-28,214.5093
2021-01-27,213.7935
2021-01-26,213.409
2021-01-25,212.9451
2021-01-22,212.533
2021-01-21,212.4357
2021-01-20,212.3204
2021-01-19,212.042
2021-01-15,212.1863
2021-01-14,212.5074
2021-01-13,212.5611
2021-01-12,212.4575
2021-01-11,212.3766
2021-01-08,212.0391
2021-01-07,211.6604
2021-01-06,211.55
2021-01-05,211.6488
2021-01-04,211.4773
2020-12-31,211.3103
2020-12-30,210.9689
2020-12-29,210.704
2020-12-28,210.2159
2020-12-24,209.7447
2020-12-23,209.3147
2020-12-22,208.9679
2020-12-21,208.2982
2020-12-18,207.7074
2020-12-17,207.4086
2020-12-16,207.0048
2020-12-15,206.7439
2020-12-14,206.8662
2020-12-11,206.9503
2020-12-10,207.0282
2020-12-09,207.2925
2020-12-08,207.2272
2020-12-07,207.3145
2020-12-04,207.7425
2020-12-03,208.1463
2020-12-02,208.2227
2020-12-01,207.7633
2020-11-30,207.0652
2020-11-27,206.4776
2020-11-25,205.9424
2020-11-24,205.3745
2020-11-23,205.3177
2020-11-20,205.2893
2020-11-19,205.5444
2020-11-18,205.6365
2020-11-17,205.7891
2020-11-16,205.7983
2020-11-13,205.6529
2020-11-12,205.805
2020-11-11,206.0088
2020-11-10,206.217
2020-11-09,206.7893
2020-11-06,206.9347
2020-11-05,206.5527
2020-11-04,205.9388
2020-11-03,205.622
2020-11-02,205.5969
2020-10-30,205.9856
2020-10-29,206.1653
2020-10-28,206.5391
2020-10-27,206.9086
2020-10-26,206.6193
2020-10-23,206.5884
2020-10-22,206.1822
2020-10-21,205.6171
2020-10-20,204.9308
2020-10-19,204.5816
2020-10-16,204.0175
2020-10-15,203.0868
2020-10-14,202.2779
2020-10-13,201.5143
2020-10-12,200.8342
2020-10-09,200.062
2020-10-08,199.493
2020-10-07,199.2414
2020-10-06,199.3119
2020-10-05,199.1549
2020-10-02,199.3419
2020-10-01,199.8784
2020-09-30,200.8053
2020-09-29,201.6234
2020-09-28,202.5058
2020-09-25,203.4462
2020-09-24,204.3522
2020-09-23,205.2196
2020-09-22,205.9866
2020-09-21,206.2894
2020-09-18,206.7956
2020-09-17,207.4809
2020-09-16,207.8089
2020-09-15,208.0951
2020-09-14,208.1429
2020-09-11,208.287
2020-09-10,208.4881
2020-09-09,208.6481
2020-09-08,208.2422
2020-09-04,208.4878
2020-09-03,208.3774
2020-09-02,208.3062
2020-09-01,207.3776
2020-08-31,206.6774
2020-08-28,206.2178
2020-08-27,205.0395
2020-08-26,203.9202
2020-08-25,203.0709
2020-08-24,202.3493
2020-08-21,201.8502
2020-08-20,201.2606
2020-08-19,200.6553
2020-08-18,200.7295
2020-08-17,200.5975
2020-08-14,200.6611
2020-08-13,200.3711
2020-08-12,200.1408
2020-08-11,200.0854
2020-08-10,200.3248
2020-08-07,200.268
2020-08-06,200.3253
2020-08-05,200.2275
2020-08-04,200.2222
2020-08-03,199.9794
2020-07-31,199.698
2020-07-30,199.7582
2020-07-29,199.7968
2020-07-28,199.7703
2020-07-27,199.5978
2020-07-24,199.2355
2020-07-23,199.1892
2020-07-22,198.9628
2020-07-21,198.4887
2020-07-20,198.0946
2020-07-17,197.302
2020-07-16,196.9859
2020-07-15,196.5195
2020-07-14,195.8224
2020-07-13,194.8872
2020-07-10,193.9559
2020-07-09,192.6357
2020-07-08,191.7935
2020-07-07,190.684
2020-07-06,189.7257
2020-07-02,188.5934
2020-07-01,187.4689
2020-06-30,186.5371
2020-06-29,185.6409
2020-06-26,184.8888
2020-06-25,184.2586
2020-06-24,183.3461
2020-06-23,182.5738
2020-06-22,181.5938
2020-06-19,180.7718
2020-06-18,180.2072
2020-06-17,179.6936
2020-06-16,179.1581
2020-06-15,178.7165
2020-06-12,178.4138
2020-06-11,178.0426
2020-06-10,177.7048
2020-06-09,176.9902
2020-06-08,176.8182
2020-06-05,176.6165
2020-06-04,176.4188
2020-06-03,176.3764
2020-06-02,176.1309
2020-06-01,175.8149
2020-05-29,175.3939
2020-05-28,175.1755
2020-05-27,174.9609
2020-05-26,174.3603
2020-05-22,173.975
2020-05-21,173.5203
2020-05-20,172.919
2020-05-19,172.3112
2020-05-18,171.5515
2020-05-15,171.0783
2020-05-14,170.8592
2020-05-13,170.6915
2020-05-12,170.3133
2020-05-11,169.89
2020-05-08,168.87
2020-05-07,167.9311
2020-05-06,167.0436
2020-05-05,166.1283
2020-05-04,165.3841
2020-05-01,164.1824
2020-04-30,163.2546
2020-04-29,161.9525
2020-04-28,161.0049
2020-04-27,160.5446
2020-04-24,159.3747
2020-04-23,158.4887
2020-04-22,157.3115
2020-04-21,156.1016
2020-04-20,154.5718
2020-04-17,152.7599
2020-04-16,151.0354
2020-04-15,149.2749
2020-04-14,148.0588
2020-04-13,146.2195
2020-04-09,145.8986
2020-04-08,144.6455
2020-04-07,144.0929
2020-04-06,143.9694
2020-04-03,143.2655
2020-04-02,143.6374
2020-04-01,144.1664
2020-03-31,145.0524
2020-03-30,145.3792
2020-03-27,145.9826
2020-03-26,146.5741
2020-03-25,146.6736
2020-03-24,147.7907
2020-03-23,148.7387
2020-03-20,150.4161
2020-03-19,152.3976
2020-03-18,154.4017
2020-03-17,156.6542
2020-03-16,158.5834
2020-03-13,160.9582
2020-03-12,162.1297
2020-03-11,164.299
2020-03-10,165.7553
2020-03-09,167.0655
2020-03-06,168.64
2020-03-05,169.676
2020-03-04,170.3074
2020-03-03,170.7438
2020-03-02,171.1952
2020-02-28,171.05
2020-02-27,171.545
2020-02-26,171.9968
2020-02-25,171.7489
2020-02-24,171.4495
2020-02-21,171.1469
2020-02-20,170.5548
2020-02-19,169.6337
2020-02-18,168.6136
2020-02-14,167.649
2020-02-13,166.7299
2020-02-12,165.7462
2020-02-11,164.6642
2020-02-10,163.6502
2020-02-07,162.3392
2020-02-06,161.2946
2020-02-05,160.1666
2020-02-04,159.0971
2020-02-03,158.0865
2020-01-31,157.3313
2020-01-30,156.8708
2020-01-29,156.1482
2020-01-28,155.6475
2020-01-27,155.336
2020-01-24,155.163
2020-01-23,154.796
2020-01-22,154.3499
2020-01-21,153.9526
2020-01-17,153.4356
2020-01-16,152.8256
2020-01-15,152.2755
2020-01-14,151.9089
2020-01-13,151.5448
2020-01-10,151.0637
2020-01-09,150.6017
2020-01-08,150.0766
2020-01-07,149.6582
2020-01-06,149.3789
2020-01-03,148.9428
2020-01-02,148.5226
2019-12-31,147.9806
2019-12-30,147.5901
2019-12-27,147.2925
2019-12-26,146.9744
2019-12-24,146.6562
2019-12-23,146.3615
2019-12-20,145.9868
2019-12-19,145.6068
2019-12-18,145.315
2019-12-17,145.0998
2019-12-16,144.8669
2019-12-13,144.576
2019-12-12,144.2419
2019-12-11,143.9338
2019-12-10,143.688
2019-12-09,143.4236
2019-12-06,143.1411
2019-12-05,142.7587
2019-12-04,142.454
2019-12-03,142.1722
2019-12-02,141.9206
2019-11-29,141.6178
2019-11-27,141.2107
2019-11-26,140.8177
2019-11-25,140.3536
2019-11-22,139.9928
2019-11-21,139.5453
2019-11-20,139.0654
2019-11-19,138.4499
2019-11-18,137.7803
2019-11-15,137.2116
2019-11-14,136.6118
2019-11-13,136.2121
2019-11-12,135.8826
2019-11-11,135.6199
2019-11-08,135.3066
2019-11-07,135.0067
2019-11-06,134.7603
2019-11-05,134.4824
2019-11-04,134.0626
2019-11-01,133.7078
2019-10-31,133.4404
2019-10-30,133.1018
2019-10-29,132.6261
2019-10-28,132.3511
2019-10-25,132.1047
2019-10-24,131.9614
2019-10-23,131.9423
2019-10-22,132.0435
2019-10-21,132.0918
2019-10-18,132.1257
2019-10-17,132.2226
2019-10-16,132.2885
2019-10-15,132.1983
2019-10-14,131.9986
2019-10-11,131.8449
2019-10-10,131.7322
2019-10-09,131.6567
2019-10-08,131.5555
2019-10-07,131.5751
2019-10-04,131.5942
2019-10-03,131.641
2019-10-02,131.821
2019-10-01,131.9633
2019-09-30,131.9141
2019-09-27,131.8582
2019-09-26,131.8769
2019-09-25,131.6868
2019-09-24,131.5139
2019-09-23,131.4218
2019-09-20,131.1472
2019-09-19,131.0679
2019-09-18,130.959
2019-09-17,130.8988
2019-09-16,130.9475
2019-09-13,130.938
2019-09-12,130.7642
2019-09-11,130.5951
2019-09-10,130.6909
2019-09-09,130.6549
2019-09-06,130.6414
2019-09-05,130.6087
2019-09-04,130.3588
2019-09-03,130.1964
2019-08-30,129.9919
2019-08-29,129.9237
2019-08-28,129.8983
2019-08-27,129.9099
2019-08-26,130.1071
2019-08-23,130.3506
2019-08-22,130.7071
2019-08-21,130.7993
2019-08-20,130.8685
2019-08-19,130.9427
2019-08-16,130.921
2019-08-15,130.9221
2019-08-14,131.0306
2019-08-13,131.1177
2019-08-12,131.0454
2019-08-09,131.1934
2019-08-08,131.25
2019-08-07,131.2267
2019-08-06,131.349
2019-08-05,131.4332
2019-08-02,131.6593
2019-08-01,131.6669
2019-07-31,131.6384
2019-07-30,131.6531
2019-07-29,131.4309
2019-07-26,131.0944
2019-07-25,130.7522
2019-07-24,130.4543
2019-07-23,130.1073
2019-07-22,130.0355
2019-07-19,129.966
2019-07-18,129.9817
2019-07-17,129.947
2019-07-16,129.8941
2019-07-15,129.6928
2019-07-12,129.3859
2019-07-11,129.0727
2019-07-10,128.7438
2019-07-09,128.4702
2019-07-08,128.2865
2019-07-05,128.0219
2019-07-03,127.5821
2019-07-02,127.0286
2019-07-01,126.39
2019-06-28,125.6361
2019-06-27,125.1469
2019-06-26,124.7462
2019-06-25,124.3183
2019-06-24,123.9723
2019-06-21,123.4231
2019-06-20,122.9096
2019-06-19,122.4679
2019-06-18,122.0496
2019-06-17,121.6241
2019-06-14,121.3967
2019-06-13,121.2291
2019-06-12,120.9293
2019-06-11,120.586
2019-06-10,120.1482
2019-06-07,119.8659
2019-06-06,119.5634
2019-06-05,119.4317
2019-06-04,119.3952
2019-06-03,119.6105
2019-05-31,120.0194
2019-05-30,120.118
2019-05-29,120.1982
2019-05-28,120.4449
2019-05-24,120.5943
2019-05-23,120.7455
2019-05-22,120.8645
2019-05-21,120.7162
2019-05-20,120.6251
2019-05-17,120.4866
2019-05-16,120.2415
2019-05-15,119.8797
2019-05-14,119.6089
2019-05-13,119.4344
2019-05-10,119.3206
2019-05-09,118.9982
2019-05-08,118.7464
2019-05-07,118.451
2019-05-06,118.1859
2019-05-03,117.7942
2019-05-02,117.3419
2019-05-01,117.046
2019-04-30,116.6339
2019-04-29,116.0848
2019-04-26,115.5238
2019-04-25,114.9093
2019-04-24,114.3222
2019-04-23,113.9856
2019-04-22,113.6167
2019-04-18,113.2985
2019-04-17,113.1491
2019-04-16,112.9476
2019-04-15,112.7996
2019-04-12,112.6346
2019-04-11,112.3956
2019-04-10,112.1234
2019-04-09,111.8536
2019-04-08,111.5852
2019-04-05,111.2486
2019-04-04,110.8038
2019-04-03,110.3784
2019-04-02,109.9887
2019-04-01,109.6335
2019-03-29,109.3129
2019-03-28,109.0564
2019-03-27,108.8241
2019-03-26,108.6059
2019-03-25,108.3428
2019-03-22,108.0549
2019-03-21,107.7666
2019-03-20,107.254
2019-03-19,106.7623
2019-03-18,106.2909
2019-03-15,105.8256
2019-03-14,105.3766
2019-03-13,104.9861
2019-03-12,104.6036
2019-03-11,104.1853
2019-03-08,103.8244
2019-03-07,103.5546
2019-03-06,103.3263
2019-03-05,103.0898
2019-03-04,102.7858
2019-03-01,102.3154
2019-02-28,101.9101
2019-02-27,101.6207
2019-02-26,101.1621
2019-02-25,100.7956
2019-02-22,100.5643
2019-02-21,100.3166
2019-02-20,100.1669
2019-02-19,100.0758
2019-02-15,100.0541
2019-02-14,99.9549
2019-02-13,99.8832
2019-02-12,99.7982
2019-02-11,99.5697
2019-02-08,99.454
2019-02-07,99.3562
2019-02-06,99.309
2019-02-05,99.1565
2019-02-04,98.9129
2019-02-01,98.733
2019-01-31,98.479
2019-01-30,98.3227
2019-01-29,98.0956
2019-01-28,97.9752
2019-01-25,97.791
2019-01-24,97.4789
2019-01-23,96.909
2019-01-22,96.5086
2019-01-18,96.3118
2019-01-17,96.122
2019-01-16,96.0204
2019-01-15,95.9029
2019-01-14,95.951
2019-01-11,96.3004
2019-01-10,96.5969
2019-01-09,96.8325
2019-01-08,96.9893
2019-01-07,97.0847
2019-01-04,97.4213
2019-01-03,97.7325
2019-01-02,98.4261
2018-12-31,98.8874
2018-12-28,99.2944
2018-12-27,99.801
2018-12-26,100.0824
2018-12-24,100.3615
2018-12-21,100.7836
2018-12-20,101.014
2018-12-19,101.0234
2018-12-18,101.0673
2018-12-17,101.2713
2018-12-14,101.4786
2018-12-13,101.4285
2018-12-12,101.288
2018-12-11,101.1616
2018-12-10,101.1853
2018-12-07,101.3587
2018-12-06,101.6728
2018-12-04,101.5812
2018-12-03,101.5114
2018-11-30,101.2095
2018-11-29,100.953
2018-11-28,100.7714
2018-11-27,100.4011
2018-11-26,100.2244
2018-11-23,100.2255
2018-11-21,100.4501
2018-11-20,100.3917
2018-11-19,100.6712
2018-11-16,100.8851
2018-11-15,100.8802
2018-11-14,100.9155
2018-11-13,101.1637
2018-11-12,101.3546
2018-11-09,101.3889
2018-11-08,101.3889
2018-11-07,101.1143
2018-11-06,100.8417
2018-11-05,101.0551
2018-11-02,101.2121
2018-11-01,101.4928
2018-10-31,101.8157
2018-10-30,102.2087
2018-10-29,102.7456
2018-10-26,103.2984
2018-10-25,103.6468
2018-10-24,103.934
2018-10-23,104.4821
2018-10-22,104.7806
2018-10-19,105.0176
2018-10-18,105.2808
2018-10-17,105.5192
2018-10-16,105.5657
2018-10-15,105.6696
2018-10-12,105.883
2018-10-11,106.0616
2018-10-10,106.3907
2018-10-09,106.6516
2018-10-08,106.6037
2018-10-05,106.5346
2018-10-04,106.3503
2018-10-03,106.1599
2018-10-02,105.8459
2018-10-01,105.6842
2018-09-28,105.53
2018-09-27,105.4162
2018-09-26,105.3038
2018-09-25,105.129
2018-09-24,104.901
2018-09-21,104.6062
2018-09-20,104.2913
2018-09-19,103.9852
2018-09-18,103.7163
2018-09-17,103.4183
2018-09-14,103.2039
2018-09-13,102.9346
2018-09-12,102.6878
2018-09-11,102.5667
2018-09-10,102.4045
2018-09-07,102.3667
2018-09-06,102.4153
2018-09-05,102.4305
2018-09-04,102.429
2018-08-31,102.2409
2018-08-30,102.0195
2018-08-29,101.794
2018-08-28,101.5047
2018-08-27,101.2888
2018-08-24,101.0707
2018-08-23,101.0172
2018-08-22,101.094
2018-08-21,101.251
2018-08-20,101.3103
2018-08-17,101.3423
2018-08-16,101.2613
2018-08-15,101.0899
2018-08-14,100.9513
2018-08-13,100.7823
2018-08-10,100.6277
2018-08-09,100.4606
2018-08-08,100.204
2018-08-07,99.8523
2018-08-06,99.5357
2018-08-03,99.2417
2018-08-02,98.9195
2018-08-01,98.5538
2018-07-31,98.2152
2018-07-30,97.931
2018-07-27,97.6144
2018-07-26,97.1906
2018-07-25,96.625
2018-07-24,96.0747
2018-07-23,95.6407
2018-07-20,95.2866
2018-07-19,95.0464
2018-07-18,94.9279
2018-07-17,94.7285
2018-07-16,94.4901
2018-07-13,94.2663
2018-07-12,94.0785
2018-07-11,93.9221
2018-07-10,93.8907
2018-07-09,93.8406
2018-07-06,93.8303
2018-07-05,93.8172
2018-07-03,93.945
2018-07-02,94.0921
2018-06-29,94.1698
2018-06-28,94.2719
2018-06-27,94.2817
2018-06-26,94.3478
2018-06-25,94.2977
2018-06-22,94.2963
2018-06-21,94.1979
2018-06-20,94.0818
2018-06-19,93.8771
2018-06-18,93.7245
2018-06-15,93.5138
2018-06-14,93.3288
2018-06-13,93.1289
2018-06-12,92.9439
2018-06-11,92.7706
2018-06-08,92.594
2018-06-07,92.4001
2018-06-06,92.196
2018-06-05,91.8639
2018-06-04,91.565
2018-06-01,91.2409
2018-05-31,90.9073
2018-05-30,90.6389
2018-05-29,90.4348
2018-05-25,90.2056
2018-05-24,90.0674
2018-05-23,89.8587
2018-05-22,89.5428
2018-05-21,89.3189
2018-05-18,89.1943
2018-05-17,89.1115
2018-05-16,89.0888
2018-05-15,89.0362
2018-05-14,88.9779
2018-05-11,88.7979
2018-05-10,88.5825
2018-05-09,88.3806
2018-05-08,88.1437
2018-05-07,88.0071
2018-05-04,87.753
2018-05-03,87.5232
2018-05-02,87.4444
2018-05-01,87.3893
2018-04-30,87.1427
2018-04-27,86.9096
2018-04-26,86.6974
2018-04-25,86.4704
2018-04-24,86.3379
2018-04-23,86.3687
2018-04-20,85.9878
2018-04-19,85.7449
2018-04-18,85.5756
2018-04-17,85.4213
2018-04-16,85.273
2018-04-13,85.2931
2018-04-12,85.3443
2018-04-11,85.3569
2018-04-10,85.4758
2018-04-09,85.6572
2018-04-06,85.9262
2018-04-05,86.1221
2018-04-04,86.1911
2018-04-03,86.2372
2018-04-02,86.4205
2018-03-29,86.6317
2018-03-28,86.7053
2018-03-27,86.9096
2018-03-26,87.1301
2018-03-23,87.2066
2018-03-22,87.5274
2018-03-21,87.6178
2018-03-20,87.5716
2018-03-19,87.5525
2018-03-16,87.511
2018-03-15,87.4206
2018-03-14,87.2635
2018-03-13,87.0567
2018-03-12,86.7914
2018-03-09,86.372
2018-03-08,85.8161
2018-03-07,85.5722
2018-03-06,85.4346
2018-03-05,85.1677
2018-03-02,85.0612
2018-03-01,85.0974
2018-02-28,85.1777
2018-02-27,85.1098
2018-02-26,85.0766
2018-02-23,84.993
2018-02-22,84.8925
2018-02-21,84.877
2018-02-20,84.8764
2018-02-16,84.805
2018-02-15,84.6924
2018-02-14,84.5537
2018-02-13,84.5031
2018-02-12,84.4344
2018-02-09,84.4562
2018-02-08,84.4516
2018-02-07,84.582
2018-02-06,84.5175
2018-02-05,84.3759
2018-02-02,84.3848
2018-02-01,84.168
2018-01-31,83.8009
2018-01-30,83.3804
2018-01-29,83.0463
2018-01-26,82.6657
2018-01-25,82.2782
2018-01-24,81.9565
2018-01-23,81.6637
2018-01-22,81.3667
2018-01-19,81.084
2018-01-18,80.8905
2018-01-17,80.7178
2018-01-16,80.5651
2018-01-12,80.3953
2018-01-11,80.198
2018-01-10,80.082
2018-01-09,79.9618
2018-01-08,79.7734
2018-01-05,79.5047
2018-01-04,79.2536
2018-01-03,78.9974
2018-01-02,78.7528
2017-12-29,78.6744
2017-12-28,78.6108
2017-12-27,78.5003
2017-12-26,78.4618
2017-12-22,78.3908
2017-12-21,78.2864
2017-12-20,78.1755
2017-12-19,78.0919
2017-12-18,77.9388
2017-12-15,77.754
2017-12-14,77.5846
2017-12-13,77.5053
2017-12-12,77.4253
2017-12-11,77.3291
2017-12-08,77.2464
2017-12-07,77.2235
2017-12-06,77.2998
2017-12-05,77.3492
2017-12-04,77.4632
2017-12-01,77.5855
2017-11-30,77.5561
2017-11-29,77.4907
2017-11-28,77.4639
2017-11-27,77.3983
2017-11-24,77.3759
2017-11-22,77.1487
2017-11-21,76.9224
2017-11-20,76.6784
2017-11-17,76.4883
2017-11-16,76.3032
2017-11-15,76.0395
2017-11-14,75.7721
2017-11-13,75.4738
2017-11-10,75.1838
2017-11-09,74.8892
2017-11-08,74.5674
2017-11-07,74.1915
2017-11-06,73.823
2017-11-03,73.4453
2017-11-02,73.0694
2017-11-01,72.6963
2017-10-31,72.3042
2017-10-30,71.8923
2017-10-27,71.4638
2017-10-26,71.0334
2017-10-25,70.8076
2017-10-24,70.5869
2017-10-23,70.3283
2017-10-20,70.0711
2017-10-19,69.8679
2017-10-18,69.6971
2017-10-17,69.5738
2017-10-16,69.4745
2017-10-13,69.3595
2017-10-12,69.2588
2017-10-11,69.1503
2017-10-10,69.0944
2017-10-09,69.0201
2017-10-06,68.9495
2017-10-05,68.8562
2017-10-04,68.7809
2017-10-03,68.7213
2017-10-02,68.6913
2017-09-29,68.6604
2017-09-28,68.6733
2017-09-27,68.6798
2017-09-26,68.6428
2017-09-25,68.623
2017-09-22,68.6027
2017-09-21,68.5232
2017-09-20,68.4544
2017-09-19,68.3722
2017-09-18,68.2203
2017-09-15,68.097
2017-09-14,67.9626
2017-09-13,67.9109
2017-09-12,67.819
2017-09-11,67.7507
2017-09-08,67.6286
2017-09-07,67.4925
2017-09-06,67.3884
2017-09-05,67.3424
2017-09-01,67.2688
2017-08-31,67.1928
2017-08-30,67.0542
2017-08-29,66.9557
2017-08-28,66.9163
2017-08-25,66.8925
2017-08-24,66.8848
2017-08-23,66.8886
2017-08-22,66.9319
2017-08-21,66.9613
2017-08-18,67.0102
2017-08-17,67.0522
2017-08-16,67.1181
2017-08-15,67.1097
2017-08-14,67.0955
2017-08-11,67.0844
2017-08-10,67.0973
2017-08-09,67.1138
2017-08-08,67.0532
2017-08-07,66.9246
2017-08-04,66.8134
2017-08-03,66.6655
2017-08-02,66.5011
2017-08-01,66.355
2017-07-31,66.1525
2017-07-28,65.9793
2017-07-27,65.7703
2017-07-26,65.616
2017-07-25,65.3937
2017-07-24,65.2256
2017-07-21,65.1158
2017-07-20,64.9536
2017-07-19,64.7722
2017-07-18,64.5908
2017-07-17,64.4792
2017-07-14,64.3253
2017-07-13,64.193
2017-07-12,64.1241
2017-07-11,64.1011
2017-07-10,64.0915
2017-07-07,64.1071
2017-07-06,64.2215
2017-07-05,64.3969
2017-07-03,64.5549
2017-06-30,64.7437
2017-06-29,64.8737
2017-06-28,64.9477
2017-06-27,64.9495
2017-06-26,65.0046
2017-06-23,64.9784
2017-06-22,64.9054
2017-06-21,64.837
2017-06-20,64.7639
2017-06-19,64.6969
2017-06-16,64.5508
2017-06-15,64.4456
2017-06-14,64.3345
2017-06-13,64.295
2017-06-12,64.1754
2017-06-09,64.0936
2017-06-08,63.9906
2017-06-07,63.8515
2017-06-06,63.6799
2017-06-05,63.4978
2017-06-02,63.3294
2017-06-01,63.1763
2017-05-31,63.1117
2017-05-30,63.0691
2017-05-26,63.0054
2017-05-25,62.9189
2017-05-24,62.8394
2017-05-23,62.7788
2017-05-22,62.7264
2017-05-19,62.6668
2017-05-18,62.5906
2017-05-17,62.4722
2017-05-16,62.3435
2017-05-15,62.142
2017-05-12,62.0073
2017-05-11,61.8506
2017-05-10,61.7031
2017-05-09,61.5281
2017-05-08,61.3678
2017-05-05,61.2189
2017-05-04,61.0696
2017-05-03,60.9211
2017-05-02,60.7681
2017-05-01,60.5968
2017-04-28,60.4347
2017-04-27,60.3091
2017-04-26,60.1812
2017-04-25,60.0652
2017-04-24,59.9363
2017-04-21,59.8199
2017-04-20,59.75
2017-04-19,59.7285
2017-04-18,59.6906
2017-04-17,59.6696
2017-04-13,59.6417
2017-04-12,59.6276
2017-04-11,59.6057
2017-04-10,59.5568
2017-04-07,59.5193
2017-04-06,59.4851
2017-04-05,59.4394
2017-04-04,59.4134
2017-04-03,59.3526
2017-03-31,59.2941
2017-03-30,59.2206
2017-03-29,59.143
2017-03-28,59.1187
2017-03-27,59.0589
2017-03-24,59.0192
2017-03-23,59.0027
2017-03-22,58.9913
2017-03-21,58.9607
2017-03-20,58.9735
2017-03-17,58.9593
2017-03-16,58.9434
2017-03-15,58.9383
2017-03-14,58.9301
2017-03-13,58.9265
2017-03-10,58.8765
2017-03-09,58.8192
2017-03-08,58.7384
2017-03-07,58.6497
2017-03-06,58.5976
2017-03-03,58.5531
2017-03-02,58.4865
2017-03-01,58.4494
2017-02-28,58.4184
2017-02-27,58.4531
2017-02-24,58.5059
2017-02-23,58.4723
2017-02-22,58.4119
2017-02-21,58.3561
2017-02-17,58.2689
2017-02-16,58.1659
2017-02-15,58.0474
2017-02-14,57.9375
2017-02-13,57.8272
2017-02-10,57.7355
2017-02-09,57.6724
2017-02-08,57.6329
2017-02-07,57.6002
2017-02-06,57.5643
2017-02-03,57.528
2017-02-02,57.4653
2017-02-01,57.4258
2017-01-31,57.3804
2017-01-30,57.2665
2017-01-27,57.1652
2017-01-26,57.0386
2017-01-25,56.9936
2017-01-24,56.9736
2017-01-23,56.975
2017-01-20,57.0013
2017-01-19,57.0376
2017-01-18,57.0976
2017-01-17,57.0885
2017-01-13,57.0908
2017-01-12,57.0899
2017-01-11,57.1067
2017-01-10,57.0603
2017-01-09,57.0308
2017-01-06,56.9568
2017-01-05,56.8901
2017-01-04,56.7834
2017-01-03,56.689
2016-12-30,56.5378
2016-12-29,56.4043
2016-12-28,56.2844
2016-12-27,56.1982
2016-12-23,56.0769
2016-12-22,55.9539
2016-12-21,55.8109
2016-12-20,55.701
2016-12-19,55.5793
2016-12-16,55.4309
2016-12-15,55.3555
2016-12-14,55.2225
2016-12-13,55.0495
2016-12-12,54.8115
2016-12-09,54.6508
2016-12-08,54.4848
2016-12-07,54.4287
2016-12-06,54.3698
2016-12-05,54.3731
2016-12-02,54.287
2016-12-01,54.2675
2016-11-30,54.2602
2016-11-29,54.2214
2016-11-28,54.1504
2016-11-25,54.0989
2016-11-23,54.0614
2016-11-22,54.0537
2016-11-21,54.0296
2016-11-18,54.0177
2016-11-17,53.9686
2016-11-16,53.7976
2016-11-15,53.6841
2016-11-14,53.612
2016-11-11,53.5714
2016-11-10,53.4992
2016-11-09,53.4189
2016-11-08,53.2809
2016-11-07,53.133
2016-11-04,53.0256
2016-11-03,52.9846
2016-11-02,52.9183
2016-11-01,52.8375
2016-10-31,52.7221
2016-10-28,52.6093
2016-10-27,52.5069
2016-10-26,52.3852
2016-10-25,52.2679
2016-10-24,52.1308
2016-10-21,51.9459
2016-10-20,51.8453
2016-10-19,51.871
2016-10-18,51.8814
2016-10-17,51.843
2016-10-14,51.83
2016-10-13,51.8223
2016-10-12,51.8345
2016-10-11,51.7961
2016-10-10,51.7664
2016-10-07,51.7217
2016-10-06,51.65
2016-10-05,51.636
2016-10-04,51.6369
2016-10-03,51.6536
2016-09-30,51.6649
2016-09-29,51.6644
2016-09-28,51.6671
2016-09-27,51.6608
2016-09-26,51.6676
2016-09-23,51.7185
2016-09-22,51.7519
2016-09-21,51.7578
2016-09-20,51.7636
2016-09-19,51.8024
2016-09-16,51.8336
2016-09-15,51.8493
2016-09-14,51.866
2016-09-13,51.9193
2016-09-12,51.9746
2016-09-09,51.9985
2016-09-08,52.0764
2016-09-07,52.0867
2016-09-06,52.0947
2016-09-02,52.0987
2016-09-01,52.0955
2016-08-31,52.0704
2016-08-30,52.0322
2016-08-29,51.9573
2016-08-26,51.8728
2016-08-25,51.796
2016-08-24,51.6918
2016-08-23,51.5966
2016-08-22,51.5297
2016-08-19,51.4714
2016-08-18,51.4082
2016-08-17,51.3113
2016-08-16,51.2212
2016-08-15,51.0101
2016-08-12,50.8236
2016-08-11,50.6336
2016-08-10,50.4292
2016-08-09,50.227
2016-08-08,50.0034
2016-08-05,49.7582
2016-08-04,49.5045
2016-08-03,49.2351
2016-08-02,48.9846
2016-08-01,48.7421
2016-07-29,48.4991
2016-07-28,48.2522
2016-07-27,47.998
2016-07-26,47.6955
2016-07-25,47.3221
2016-07-22,47.0128
2016-07-21,46.804
2016-07-20,46.5884
2016-07-19,46.3768
2016-07-18,46.2415
2016-07-15,46.0698
2016-07-14,45.9214
2016-07-13,45.7399
2016-07-12,45.5749
2016-07-11,45.4373
2016-07-08,45.3876
2016-07-07,45.3571
2016-07-06,45.3867
2016-07-05,45.419
2016-07-01,45.462
2016-06-30,45.4902
2016-06-29,45.549
2016-06-28,45.6525
2016-06-27,45.8121
2016-06-24,45.9864
2016-06-23,46.0787
2016-06-22,46.0882
2016-06-21,46.1151
2016-06-20,46.0631
2016-06-17,46.0877
2016-06-16,46.0962
2016-06-15,46.1151
2016-06-14,46.1518
2016-06-13,46.225
2016-06-10,46.2509
2016-06-09,46.2359
2016-06-08,46.1942
2016-06-07,46.1323
2016-06-06,46.0254
2016-06-03,45.9315
2016-06-02,45.8327
2016-06-01,45.6999
2016-05-31,45.5465
2016-05-27,45.4233
2016-05-26,45.2977
2016-05-25,45.1927
2016-05-24,45.1236
2016-05-23,45.1006
2016-05-20,45.1773
2016-05-19,45.2128
2016-05-18,45.4399
2016-05-17,45.6365
2016-05-16,45.8822
2016-05-13,46.0882
2016-05-12,46.2916
2016-05-11,46.463
2016-05-10,46.6543
2016-05-09,46.8159
2016-05-06,47.0046
2016-05-05,47.1839
2016-05-04,47.3851
2016-05-03,47.6187
2016-05-02,47.8315
2016-04-29,48.046
2016-04-28,48.2997
2016-04-27,48.5369
2016-04-26,48.7198
2016-04-25,48.8653
2016-04-22,48.929
2016-04-21,49.0371
2016-04-20,48.9566
2016-04-19,48.8889
2016-04-18,48.7763
2016-04-15,48.6441
2016-04-14,48.6001
2016-04-13,48.5551
2016-04-12,48.4768
2016-04-11,48.4109
2016-04-08,48.3557
2016-04-07,48.2503
2016-04-06,48.1782
2016-04-05,48.0237
2016-04-04,47.8666
2016-04-01,47.7153
2016-03-31,47.572
2016-03-30,47.4705
2016-03-29,47.3606
2016-03-28,47.1902
2016-03-24,47.0905
2016-03-23,46.9966
2016-03-22,46.8804
2016-03-21,46.7518
2016-03-18,46.6979
2016-03-17,46.6236
2016-03-16,46.5137
2016-03-15,46.4278
2016-03-14,46.3165
2016-03-11,46.182
2016-03-10,46.0161
2016-03-09,45.8965
2016-03-08,45.7227
2016-03-07,45.6076
2016-03-04,45.5533
2016-03-03,45.5357
2016-03-02,45.511
2016-03-01,45.4968
2016-02-29,45.5745
2016-02-26,45.7447
2016-02-25,45.7621
2016-02-24,45.707
2016-02-23,45.7268
2016-02-22,45.7378
2016-02-19,45.7055
2016-02-18,45.6302
2016-02-17,45.552
2016-02-16,45.4535
2016-02-12,45.4332
2016-02-11,45.5485
2016-02-10,45.6347
2016-02-09,45.7704
2016-02-08,45.9038
2016-02-05,46.0329
2016-02-04,46.1217
2016-02-03,46.2123
2016-02-02,46.34
2016-02-01,46.4196
2016-01-29,46.4536
2016-01-28,46.5075
2016-01-27,46.7062
2016-01-26,46.9152
2016-01-25,47.0699
2016-01-22,47.248
2016-01-21,47.3832
2016-01-20,47.5755
2016-01-19,47.7231
2016-01-15,47.9502
2016-01-14,48.1774
2016-01-13,48.2697
2016-01-12,48.4244
2016-01-11,48.481
2016-01-08,48.6122
2016-01-07,48.7293
2016-01-06,48.8893
2016-01-05,48.9671
2016-01-04,49.0051
2015-12-31,48.9786
2015-12-30,48.9667
2015-12-29,48.9185
2015-12-28,48.8213
2015-12-24,48.732
2015-12-23,48.6445
2015-12-22,48.5751
2015-12-21,48.5238
2015-12-18,48.4956
2015-12-17,48.4872
2015-12-16,48.4054
2015-12-15,48.2658
2015-12-14,48.1863
2015-12-11,48.0689
2015-12-10,48.0203
2015-12-09,47.9327
2015-12-08,47.8518
2015-12-07,47.7636
2015-12-04,47.7078
2015-12-03,47.624
2015-12-02,47.6166
2015-12-01,47.5536
2015-11-30,47.4502
2015-11-27,47.359
2015-11-25,47.3178
2015-11-24,47.3146
2015-11-23,47.2738
2015-11-20,47.2603
2015-11-19,47.1862
2015-11-18,46.9106
2015-11-17,46.6027
2015-11-16,46.3586
2015-11-13,46.0889
2015-11-12,45.8549
2015-11-11,45.578
2015-11-10,45.272
2015-11-09,44.9814
2015-11-06,44.6671
2015-11-05,44.3243
2015-11-04,44.0201
2015-11-03,43.6865
2015-11-02,43.3617
2015-10-30,43.0715
2015-10-29,42.7612
2015-10-28,42.3771
2015-10-27,41.9478
2015-10-26,41.4979
2015-10-23,41.0168
2015-10-22,40.6248
2015-10-21,40.444
2015-10-20,40.2978
2015-10-19,40.1279
2015-10-16,39.9739
2015-10-15,39.797
2015-10-14,39.6758
2015-10-13,39.5714
2015-10-12,39.4436
2015-10-09,39.2698
2015-10-08,39.1105
2015-10-07,38.9279
2015-10-06,38.7641
2015-10-05,38.6386
2015-10-02,38.4621
2015-10-01,38.3713
2015-09-30,38.3164
2015-09-29,38.2119
2015-09-28,38.2154
2015-09-25,38.2435
2015-09-24,38.2418
2015-09-23,38.1891
2015-09-22,38.0399
2015-09-21,37.9424
2015-09-18,37.8968
2015-09-17,37.9925
2015-09-16,38.096
2015-09-15,38.2264
2015-09-14,38.3595
2015-09-11,38.5199
2015-09-10,38.6492
2015-09-09,38.7872
2015-09-08,38.9206
2015-09-04,39.058
2015-09-03,39.226
2015-09-02,39.3496
2015-09-01,39.5212
2015-08-31,39.7587
2015-08-28,39.8897
2015-08-27,39.9979
2015-08-26,40.1153
2015-08-25,40.2593
2015-08-24,40.4601
2015-08-21,40.6082
2015-08-20,40.721
2015-08-19,40.7276
2015-08-18,40.6676
2015-08-17,40.6545
2015-08-14,40.6371
2015-08-13,40.6205
2015-08-12,40.6174
2015-08-11,40.5747
2015-08-10,40.5403
2015-08-07,40.4622
2015-08-06,40.3693
2015-08-05,40.2777
2015-08-04,40.1321
2015-08-03,39.9908
2015-07-31,39.8852
2015-07-30,39.7849
2015-07-29,39.6788
2015-07-28,39.5854
2015-07-27,39.5431
2015-07-24,39.5392
2015-07-23,39.5266
2015-07-22,39.5059
2015-07-21,39.522
2015-07-20,39.4762
2015-07-17,39.4404
2015-07-16,39.4448
2015-07-15,39.4147
2015-07-14,39.4178
2015-07-13,39.4114
2015-07-10,39.4302
2015-07-09,39.51
2015-07-08,39.6011
2015-07-07,39.6626
2015-07-06,39.725
2015-07-02,39.8013
2015-07-01,39.8868
2015-06-30,39.9917
2015-06-29,40.1125
2015-06-26,40.2372
2015-06-25,40.3069
2015-06-24,40.3854
2015-06-23,40.4716
2015-06-22,40.5012
2015-06-19,40.5304
2015-06-18,40.588
2015-06-17,40.6255
2015-06-16,40.6957
2015-06-15,40.7772
2015-06-12,40.8866
2015-06-11,40.9928
2015-06-10,41.031
2015-06-09,41.0499
2015-06-08,41.1115
2015-06-05,41.1861
2015-06-04,41.1974
2015-06-03,41.1808
2015-06-02,41.2001
2015-06-01,41.244
2015-05-29,41.2924
2015-05-28,41.3563
2015-05-27,41.4127
2015-05-26,41.4662
2015-05-22,41.5154
2015-05-21,41.5442
2015-05-20,41.3541
2015-05-19,41.1416
2015-05-18,40.9139
2015-05-15,40.6927
2015-05-14,40.4033
2015-05-13,40.119
2015-05-12,39.8864
2015-05-11,39.6394
2015-05-08,39.3964
2015-05-07,39.1351
2015-05-06,38.9089
2015-05-05,38.6984
2015-05-04,38.4354
2015-05-01,38.1453
2015-04-30,37.7829
2015-04-29,37.4397
2015-04-28,37.0756
2015-04-27,36.7205
2015-04-24,36.4146
2015-04-23,36.126
2015-04-22,36.0446
2015-04-21,36.0409
2015-04-20,36.0504
2015-04-17,36.0494
2015-04-16,36.0784
2015-04-15,36.0931
2015-04-14,36.0689
2015-04-13,36.065
2015-04-10,36.0485
2015-04-09,36.0182
2015-04-08,36.0398
2015-04-07,36.0663
2015-04-06,36.1234
2015-04-02,36.1588
2015-04-01,36.2809
2015-03-31,36.3821
2015-03-30,36.4958
2015-03-27,36.6224
2015-03-26,36.7471
2015-03-25,36.8704
2015-03-24,36.98
2015-03-23,37.0316
2015-03-20,37.0877
2015-03-19,37.1299
2015-03-18,37.1826
2015-03-17,37.2272
2015-03-16,37.3089
2015-03-13,37.3955
2015-03-12,37.4564
2015-03-11,37.5024
2015-03-10,37.5162
2015-03-09,37.5175
2015-03-06,37.4855
2015-03-05,37.4764
2015-03-04,37.4086
2015-03-03,37.3328
2015-03-02,37.2335
2015-02-27,37.0704
2015-02-26,36.9778
2015-02-25,36.8411
2015-02-24,36.7704
2015-02-23,36.8825
2015-02-20,36.9994
2015-02-19,37.1268
2015-02-18,37.2176
2015-02-17,37.3274
2015-02-13,37.4285
2015-02-12,37.4977
2015-02-11,37.621
2015-02-10,37.792
2015-02-09,37.9641
2015-02-06,38.1718
2015-02-05,38.3947
2015-02-04,38.5573
2015-02-03,38.7212
2015-02-02,38.9245
2015-01-30,39.1603
2015-01-29,39.4205
2015-01-28,39.6361
2015-01-27,39.9054
2015-01-26,40.1299
2015-01-23,40.1786
2015-01-22,40.2332
2015-01-21,40.2698
2015-01-20,40.3446
2015-01-16,40.3932
2015-01-15,40.3717
2015-01-14,40.3579
2015-01-13,40.3887
2015-01-12,40.4143
2015-01-09,40.4388
2015-01-08,40.4264
2015-01-07,40.4264
2015-01-06,40.4894
2015-01-05,40.6085
2015-01-02,40.7167
2014-12-31,40.7735
2014-12-30,40.86
2014-12-29,40.9288
2014-12-26,40.9443
2014-12-24,40.9387
2014-12-23,40.9099
2014-12-22,40.8729
2014-12-19,40.8729
2014-12-18,40.9176
2014-12-17,40.9478
2014-12-16,41.0768
2014-12-15,41.2484
2014-12-12,41.3601
2014-12-11,41.461
2014-12-10,41.517
2014-12-09,41.5885
2014-12-08,41.6311
2014-12-05,41.6603
2014-12-04,41.6591
2014-12-03,41.6039
2014-12-02,41.569
2014-12-01,41.5122
2014-11-28,41.4276
2014-11-26,41.3394
2014-11-25,41.2781
2014-11-24,41.2233
2014-11-21,41.1385
2014-11-20,41.0464
2014-11-19,40.8759
2014-11-18,40.6986
2014-11-17,40.5203
2014-11-14,40.2903
2014-11-13,40.036
2014-11-12,39.7423
2014-11-11,39.5046
2014-11-10,39.2849
2014-11-07,39.0609
2014-11-06,38.8621
2014-11-05,38.7403
2014-11-04,38.6941
2014-11-03,38.6069
2014-10-31,38.5492
2014-10-30,38.5124
2014-10-29,38.5
2014-10-28,38.4692
2014-10-27,38.4637
2014-10-24,38.4863
2014-10-23,38.4983
2014-10-22,38.5419
2014-10-21,38.6573
2014-10-20,38.7291
2014-10-17,38.8565
2014-10-16,39.0228
2014-10-15,39.1913
2014-10-14,39.3323
2014-10-13,39.4619
2014-10-10,39.5726
2014-10-09,39.6865
2014-10-08,39.7357
2014-10-07,39.7382
2014-10-06,39.7908
2014-10-03,39.8071
2014-10-02,39.7994
2014-10-01,39.778
2014-09-30,39.7378
2014-09-29,39.6835
2014-09-26,39.6403
2014-09-25,39.5749
2014-09-24,39.5249
2014-09-23,39.4362
2014-09-22,39.3768
2014-09-19,39.2951
2014-09-18,39.1968
2014-09-17,39.1229
2014-09-16,39.072
2014-09-15,38.9896
2014-09-12,38.9159
2014-09-11,38.8006
2014-09-10,38.6642
2014-09-09,38.5109
2014-09-08,38.3473
2014-09-05,38.1962
2014-09-04,38.0703
2014-09-03,37.9513
2014-09-02,37.8597
2014-08-29,37.7748
2014-08-28,37.6537
2014-08-27,37.5688
2014-08-26,37.5022
2014-08-25,37.4428
2014-08-22,37.3799
2014-08-21,37.3405
2014-08-20,37.2937
2014-08-19,37.2786
2014-08-18,37.2454
2014-08-15,37.2337
2014-08-14,37.2295
2014-08-13,37.2405
2014-08-12,37.2405
2014-08-11,37.1951
2014-08-08,37.15
2014-08-07,37.1029
2014-08-06,37.0372
2014-08-05,36.9918
2014-08-04,36.9365
2014-08-01,36.8779
2014-07-31,36.8329
2014-07-30,36.7793
2014-07-29,36.7067
2014-07-28,36.6139
2014-07-25,36.5408
2014-07-24,36.4227
2014-07-23,36.322
2014-07-22,36.1893
2014-07-21,36.0686
2014-07-18,35.9346
2014-07-17,35.7995
2014-07-16,35.6771
2014-07-15,35.5751
2014-07-14,35.5348
2014-07-11,35.4961
2014-07-10,35.4319
2014-07-09,35.3969
2014-07-08,35.3731
2014-07-07,35.3514
2014-07-03,35.3298
2014-07-02,35.3047
2014-07-01,35.2376
2014-06-30,35.1704
2014-06-27,35.1318
2014-06-26,35.0761
2014-06-25,35.0175
2014-06-24,34.9317
2014-06-23,34.8656
2014-06-20,34.7862
2014-06-19,34.719
2014-06-18,34.6697
2014-06-17,34.586
2014-06-16,34.504
2014-06-13,34.4331
2014-06-12,34.3638
2014-06-11,34.3494
2014-06-10,34.3307
2014-06-09,34.2706
2014-06-06,34.1855
2014-06-05,34.0958
2014-06-04,34.0084
2014-06-03,33.9434
2014-06-02,33.8954
2014-05-30,33.8371
2014-05-29,33.7854
2014-05-28,33.7762
2014-05-27,33.7856
2014-05-23,33.8025
2014-05-22,33.7819
2014-05-21,33.7601
2014-05-20,33.7204
2014-05-19,33.7219
2014-05-16,33.7183
2014-05-15,33.7143
2014-05-14,33.7364
2014-05-13,33.704
2014-05-12,33.6399
2014-05-09,33.6078
2014-05-08,33.6002
2014-05-07,33.6352
2014-05-06,33.6519
2014-05-05,33.6831
2014-05-02,33.7016
2014-05-01,33.7573
2014-04-30,33.8143
2014-04-29,33.8573
2014-04-28,33.8776
2014-04-25,33.8535
2014-04-24,33.8303
2014-04-23,33.8274
2014-04-22,33.8548
2014-04-21,33.8763
2014-04-17,33.8856
2014-04-16,33.8991
2014-04-15,33.8514
2014-04-14,33.843
2014-04-11,33.7953
2014-04-10,33.7316
2014-04-09,33.6696
2014-04-08,33.5768
2014-04-07,33.5008
2014-04-04,33.4173
2014-04-03,33.3342
2014-04-02,33.2135
2014-04-01,33.0768
2014-03-31,32.9498
2014-03-28,32.8143
2014-03-27,32.7304
2014-03-26,32.6671
2014-03-25,32.5692
2014-03-24,32.4511
2014-03-21,32.3325
2014-03-20,32.2405
2014-03-19,32.1316
2014-03-18,32.0574
2014-03-17,31.9675
2014-03-14,31.9376
2014-03-13,31.922
2014-03-12,31.8925
2014-03-11,31.8347
2014-03-10,31.7717
2014-03-07,31.707
2014-03-06,31.6231
2014-03-05,31.5136
2014-03-04,31.4279
2014-03-03,31.3351
2014-02-28,31.3258
2014-02-27,31.253
2014-02-26,31.1909
2014-02-25,31.1289
2014-02-24,31.0539
2014-02-21,31.005
2014-02-20,30.9125
2014-02-19,30.8244
2014-02-18,30.7566
2014-02-14,30.7013
2014-02-13,30.6707
2014-02-12,30.6351
2014-02-11,30.5643
2014-02-10,30.4724
2014-02-07,30.4406
2014-02-06,30.3974
2014-02-05,30.3799
2014-02-04,30.4046
2014-02-03,30.3953
2014-01-31,30.4134
2014-01-30,30.3849
2014-01-29,30.4079
2014-01-28,30.4343
2014-01-27,30.477
2014-01-24,30.5361
2014-01-23,30.5476
2014-01-22,30.5712
2014-01-21,30.6077
2014-01-17,30.611
2014-01-16,30.6194
2014-01-15,30.6039
2014-01-14,30.6092
2014-01-13,30.6473
2014-01-10,30.7411
2014-01-09,30.8068
2014-01-08,30.9149
2014-01-07,31.0382
2014-01-06,31.1199
2014-01-03,31.1982
2014-01-02,31.2832
2013-12-31,31.3314
2013-12-30,31.3749
2013-12-27,31.4101
2013-12-26,31.4231
2013-12-24,31.4193
2013-12-23,31.4428
2013-12-20,31.4826
2013-12-19,31.5077
2013-12-18,31.5425
2013-12-17,31.5492
2013-12-16,31.5659
2013-12-13,31.5939
2013-12-12,31.6376
2013-12-11,31.6647
2013-12-10,31.6424
2013-12-09,31.6087
2013-12-06,31.558
2013-12-05,31.5101
2013-12-04,31.5055
2013-12-03,31.3976
2013-12-02,31.287
2013-11-29,31.1532
2013-11-27,31.0279
2013-11-26,30.9303
2013-11-25,30.8424
2013-11-22,30.7445
2013-11-21,30.6561
2013-11-20,30.4913
2013-11-19,30.3416
2013-11-18,30.2401
2013-11-15,30.1483
2013-11-14,30.0285
2013-11-13,29.8997
2013-11-12,29.7536
2013-11-11,29.6343
2013-11-08,29.5038
2013-11-07,29.352
2013-11-06,29.1966
2013-11-05,28.9842
2013-11-04,28.8333
2013-11-01,28.7236
2013-10-31,28.6552
2013-10-30,28.591
2013-10-29,28.5237
2013-10-28,28.443
2013-10-25,28.3479
2013-10-24,28.2456
2013-10-23,28.2061
2013-10-22,28.154
2013-10-21,28.0656
2013-10-18,27.9721
2013-10-17,27.882
2013-10-16,27.8288
2013-10-15,27.7739
2013-10-14,27.7091
2013-10-11,27.6405
2013-10-10,27.5948
2013-10-09,27.5503
2013-10-08,27.5366
2013-10-07,27.5108
2013-10-04,27.4425
2013-10-03,27.3291
2013-10-02,27.22
2013-10-01,27.1067
2013-09-30,27.0361
2013-09-27,27.0411
2013-09-26,27.0527
2013-09-25,27.0631
2013-09-24,27.0945
2013-09-23,27.1649
2013-09-20,27.2485
2013-09-19,27.2318
2013-09-18,27.1474
2013-09-17,27.0768
2013-09-16,27.0129
2013-09-13,26.9713
2013-09-12,26.9197
2013-09-11,26.9056
2013-09-10,26.8844
2013-09-09,26.8947
2013-09-06,26.9285
2013-09-05,26.991
2013-09-04,27.016
2013-09-03,27.0227
2013-08-30,27.0059
2013-08-29,26.9337
2013-08-28,26.8463
2013-08-27,26.7878
2013-08-26,26.7199
2013-08-23,26.6021
2013-08-22,26.4627
2013-08-21,26.4119
2013-08-20,26.417
2013-08-19,26.4159
2013-08-16,26.4322
2013-08-15,26.4063
2013-08-14,26.5476
2013-08-13,26.6779
2013-08-12,26.8352
2013-08-09,26.9714
2013-08-08,27.0939
2013-08-07,27.2093
2013-08-06,27.3181
2013-08-05,27.4324
2013-08-02,27.5408
2013-08-01,27.6365
2013-07-31,27.7331
2013-07-30,27.8197
2013-07-29,27.9233
2013-07-26,28.0473
2013-07-25,28.1711
2013-07-24,28.2933
2013-07-23,28.3639
2013-07-22,28.4421
2013-07-19,28.4939
2013-07-18,28.5801
2013-07-17,28.545
2013-07-16,28.5137
2013-07-15,28.4613
2013-07-12,28.3882
2013-07-11,28.3488
2013-07-10,28.3205
2013-07-09,28.3263
2013-07-08,28.3725
2013-07-05,28.428
2013-07-03,28.459
2013-07-02,28.4908
2013-07-01,28.5341
2013-06-28,28.5849
2013-06-27,28.5995
2013-06-26,28.6164
2013-06-25,28.6383
2013-06-24,28.694
2013-06-21,28.7169
2013-06-20,28.7534
2013-06-19,28.7996
2013-06-18,28.8104
2013-06-17,28.8145
2013-06-14,28.8091
2013-06-13,28.7959
2013-06-12,28.76
2013-06-11,28.6994
2013-06-10,28.6154
2013-06-07,28.4914
2013-06-06,28.358
2013-06-05,28.2675
2013-06-04,28.1974
2013-06-03,28.1368
2013-05-31,28.0407
2013-05-30,27.9596
2013-05-29,27.855
2013-05-28,27.7723
2013-05-24,27.6636
2013-05-23,27.5524
2013-05-22,27.4522
2013-05-21,27.3257
2013-05-20,27.1417
2013-05-17,26.9564
2013-05-16,26.7373
2013-05-15,26.5109
2013-05-14,26.2956
2013-05-13,26.0993
2013-05-10,25.9214
2013-05-09,25.7615
2013-05-08,25.6089
2013-05-07,25.4978
2013-05-06,25.3461
2013-05-03,25.1346
2013-05-02,24.9383
2013-05-01,24.7512
2013-04-30,24.5807
2013-04-29,24.4044
2013-04-26,24.2405
2013-04-25,24.1099
2013-04-24,23.9636
2013-04-23,23.8158
2013-04-22,23.7158
2013-04-19,23.6113
2013-04-18,23.5435
2013-04-17,23.524
2013-04-16,23.4976
2013-04-15,23.4619
2013-04-12,23.4351
2013-04-11,23.4082
2013-04-10,23.3664
2013-04-09,23.2693
2013-04-08,23.1979
2013-04-05,23.1738
2013-04-04,23.1508
2013-04-03,23.1301
2013-04-02,23.1215
2013-04-01,23.0948
2013-03-28,23.0678
2013-03-27,23.0348
2013-03-26,23.0118
2013-03-25,22.9797
2013-03-22,22.9473
2013-03-21,22.9272
2013-03-20,22.9018
2013-03-19,22.8836
2013-03-18,22.878
2013-03-15,22.865
2013-03-14,22.8558
2013-03-13,22.8422
2013-03-12,22.8315
2013-03-11,22.8201
2013-03-08,22.7978
2013-03-07,22.7593
2013-03-06,22.7174
2013-03-05,22.6839
2013-03-04,22.6374
2013-03-01,22.6191
2013-02-28,22.5895
2013-02-27,22.5822
2013-02-26,22.5811
2013-02-25,22.594
2013-02-22,22.6056
2013-02-21,22.591
2013-02-20,22.5867
2013-02-19,22.5482
2013-02-15,22.5065
2013-02-14,22.4756
2013-02-13,22.4349
2013-02-12,22.4016
2013-02-11,22.3614
2013-02-08,22.3195
2013-02-07,22.2752
2013-02-06,22.2515
2013-02-05,22.2194
2013-02-04,22.1866
2013-02-01,22.1582
2013-01-31,22.1305
2013-01-30,22.1374
2013-01-29,22.0911
2013-01-28,22.0317
2013-01-25,21.9931
2013-01-24,21.9516
2013-01-23,21.9284
2013-01-22,21.9219
2013-01-18,21.9435
2013-01-17,21.9459
2013-01-16,21.9585
2013-01-15,21.9607
2013-01-14,21.9445
2013-01-11,21.9534
2013-01-10,21.9701
2013-01-09,22.005
2013-01-08,22.0148
2013-01-07,22.0109
2013-01-04,22.0124
2013-01-03,22.0095
2013-01-02,21.9737
2012-12-31,21.9253
2012-12-28,21.9215
2012-12-27,21.9378
2012-12-26,21.954
2012-12-24,21.963
2012-12-21,21.9762
2012-12-20,21.9863
2012-12-19,21.9567
2012-12-18,21.9323
2012-12-17,21.8984
2012-12-14,21.8751
2012-12-13,21.869
2012-12-12,21.858
2012-12-11,21.8519
2012-12-10,21.8789
2012-12-07,21.9458
2012-12-06,22.0317
2012-12-05,22.1175
2012-12-04,22.237
2012-12-03,22.3594
2012-11-30,22.4741
2012-11-29,22.5819
2012-11-28,22.6368
2012-11-27,22.6617
2012-11-26,22.6846
2012-11-23,22.6961
2012-11-21,22.7006
2012-11-20,22.7337
2012-11-19,22.8024
2012-11-16,22.9048
2012-11-15,23.0194
2012-11-14,23.1244
2012-11-13,23.2228
2012-11-12,23.2986
2012-11-09,23.328
2012-11-08,23.3341
2012-11-07,23.353
2012-11-06,23.3813
2012-11-05,23.3809
2012-11-02,23.397
2012-11-01,23.4115
2012-10-31,23.4173
2012-10-26,23.4556
2012-10-25,23.5181
2012-10-24,23.61
2012-10-23,23.7013
2012-10-22,23.7957
2012-10-19,23.9078
2012-10-18,24.0106
2012-10-17,24.0894
2012-10-16,24.1483
2012-10-15,24.2163
2012-10-12,24.2848
2012-10-11,24.3658
2012-10-10,24.4458
2012-10-09,24.5184
2012-10-08,24.5793
2012-10-05,24.6172
2012-10-04,24.6615
2012-10-03,24.7145
2012-10-02,24.7359
2012-10-01,24.7651
2012-09-28,24.8187
2012-09-27,24.8413
2012-09-26,24.8611
2012-09-25,24.8798
2012-09-24,24.8919
2012-09-21,24.883
2012-09-20,24.8453
2012-09-19,24.8087
2012-09-18,24.7985
2012-09-17,24.781
2012-09-14,24.7685
2012-09-13,24.7511
2012-09-12,24.7215
2012-09-11,24.6953
2012-09-10,24.6711
2012-09-07,24.6509
2012-09-06,24.6247
2012-09-05,24.5757
2012-09-04,24.5624
2012-08-31,24.5369
2012-08-30,24.4859
2012-08-29,24.4325
2012-08-28,24.3747
2012-08-27,24.3201
2012-08-24,24.2699
2012-08-23,24.2296
2012-08-22,24.1777
2012-08-21,24.1011
2012-08-20,24.0268
2012-08-17,23.9602
2012-08-16,23.9205
2012-08-15,23.9077
2012-08-14,23.9097
2012-08-13,23.8829
2012-08-10,23.8449
2012-08-09,23.8036
2012-08-08,23.7287
2012-08-07,23.6875
2012-08-06,23.6666
2012-08-03,23.6686
2012-08-02,23.6861
2012-08-01,23.7465
2012-07-31,23.8006
2012-07-30,23.8443
2012-07-27,23.8823
2012-07-26,23.8885
2012-07-25,23.9289
2012-07-24,23.9766
2012-07-23,24.0052
2012-07-20,24.0621
2012-07-19,24.0629
2012-07-18,24.0735
2012-07-17,24.0835
2012-07-16,24.0907
2012-07-13,24.114
2012-07-12,24.112
2012-07-11,24.132
2012-07-10,24.1316
2012-07-09,24.0977
2012-07-06,24.0837
2012-07-05,24.0455
2012-07-03,23.9914
2012-07-02,23.9011
2012-06-29,23.8206
2012-06-28,23.7349
2012-06-27,23.7061
2012-06-26,23.6729
2012-06-25,23.6544
2012-06-22,23.6222
2012-06-21,23.5569
2012-06-20,23.5159
2012-06-19,23.469
2012-06-18,23.431
2012-06-15,23.4081
2012-06-14,23.3961
2012-06-13,23.4186
2012-06-12,23.4618
2012-06-11,23.5094
2012-06-08,23.5919
2012-06-07,23.6274
2012-06-06,23.6806
2012-06-05,23.7186
2012-06-04,23.7965
2012-06-01,23.8856
2012-05-31,24.0098
2012-05-30,24.106
2012-05-29,24.2044
2012-05-25,24.2943
2012-05-24,24.4028
2012-05-23,24.5161
2012-05-22,24.6314
2012-05-21,24.7095
2012-05-18,24.7959
2012-05-17,24.9135
2012-05-16,24.957
2012-05-15,24.9985
2012-05-14,25.0395
2012-05-11,25.0552
2012-05-10,25.0413
2012-05-09,25.0506
2012-05-08,25.0341
2012-05-07,25.0329
2012-05-04,25.0508
2012-05-03,25.0723
2012-05-02,25.0504
2012-05-01,25.056
2012-04-30,25.0671
2012-04-27,25.0767
2012-04-26,25.0822
2012-04-25,25.0854
2012-04-24,25.0982
2012-04-23,25.1248
2012-04-20,25.1204
2012-04-19,25.1035
2012-04-18,25.1393
2012-04-17,25.1731
2012-04-16,25.2034
2012-04-13,25.264
2012-04-12,25.3452
2012-04-11,25.4166
2012-04-10,25.5091
2012-04-09,25.5716
2012-04-05,25.607
2012-04-04,25.6265
2012-04-03,25.6515
2012-04-02,25.6362
2012-03-30,25.6167
2012-03-29,25.6096
2012-03-28,25.6163
2012-03-27,25.5984
2012-03-26,25.5726
2012-03-23,25.5232
2012-03-22,25.5022
2012-03-21,25.4773
2012-03-20,25.4518
2012-03-19,25.4299
2012-03-16,25.3922
2012-03-15,25.3398
2012-03-14,25.2284
2012-03-13,25.1282
2012-03-12,25.037
2012-03-09,24.9676
2012-03-08,24.911
2012-03-07,24.8493
2012-03-06,24.7821
2012-03-05,24.7203
2012-03-02,24.6504
2012-03-01,24.558
2012-02-29,24.4547
2012-02-28,24.3591
2012-02-27,24.2614
2012-02-24,24.1694
2012-02-23,24.083
2012-02-22,24.0032
2012-02-21,23.9188
2012-02-17,23.843
2012-02-16,23.7739
2012-02-15,23.6407
2012-02-14,23.5609
2012-02-13,23.4741
2012-02-10,23.3821
2012-02-09,23.2835
2012-02-08,23.1629
2012-02-07,23.0515
2012-02-06,22.9483
2012-02-03,22.8655
2012-02-02,22.7643
2012-02-01,22.6635
2012-01-31,22.54
2012-01-30,22.3989
2012-01-27,22.2571
2012-01-26,22.1223
2012-01-25,21.9855
2012-01-24,21.846
2012-01-23,21.7065
2012-01-20,21.5496
2012-01-19,21.404
2012-01-18,21.3016
2012-01-17,21.2135
2012-01-13,21.107
2012-01-12,21.0018
2012-01-11,20.9133
2012-01-10,20.826
2012-01-09,20.7414
2012-01-06,20.6489
2012-01-05,20.5499
2012-01-04,20.4701
2012-01-03,20.4029
2011-12-30,20.3418
2011-12-29,20.3149
2011-12-28,20.2976
2011-12-27,20.2588
2011-12-23,20.2126
2011-12-22,20.1442
2011-12-21,20.0913
2011-12-20,20.0529
2011-12-19,20.0124
2011-12-16,20.0033
2011-12-15,19.9851
2011-12-14,20.0053
2011-12-13,20.0507
2011-12-12,20.0824
2011-12-09,20.1298
2011-12-08,20.1451
2011-12-07,20.169
2011-12-06,20.2227
2011-12-05,20.2599
2011-12-02,20.2739
2011-12-01,20.3179
2011-11-30,20.3391
2011-11-29,20.3477
2011-11-28,20.4106
2011-11-25,20.4861
2011-11-23,20.5947
2011-11-22,20.6707
2011-11-21,20.7426
2011-11-18,20.8212
2011-11-17,20.8868
2011-11-16,20.9381
2011-11-15,20.972
2011-11-14,20.9866
2011-11-11,20.9952
2011-11-10,21.0093
2011-11-09,21.0446
2011-11-08,21.0744
2011-11-07,21.0682
2011-11-04,21.0736
2011-11-03,21.0736
2011-11-02,21.0662
2011-11-01,21.0615
2011-10-31,21.036
2011-10-28,20.9536
2011-10-27,20.8716
2011-10-26,20.801
2011-10-25,20.7612
2011-10-24,20.7165
2011-10-21,20.6478
2011-10-20,20.5654
2011-10-19,20.4878
2011-10-18,20.443
2011-10-17,20.4301
2011-10-14,20.4391
2011-10-13,20.4332
2011-10-12,20.4258
2011-10-11,20.4077
2011-10-10,20.3701
2011-10-07,20.3289
2011-10-06,20.3089
2011-10-05,20.3042
2011-10-04,20.3085
2011-10-03,20.3152
2011-09-30,20.365
2011-09-29,20.4168
2011-09-28,20.4619
2011-09-27,20.4876
2011-09-26,20.4942
2011-09-23,20.4868
2011-09-22,20.4676
2011-09-21,20.4613
2011-09-20,20.4115
2011-09-19,20.2938
2011-09-16,20.1698
2011-09-15,20.0737
2011-09-14,20.0053
2011-09-13,19.9601
2011-09-12,19.9331
2011-09-09,19.8959
2011-09-08,19.8681
2011-09-07,19.7829
2011-09-06,19.7602
2011-09-02,19.7137
2011-09-01,19.7027
2011-08-31,19.6857
2011-08-30,19.6917
2011-08-29,19.7074
2011-08-26,19.7568
2011-08-25,19.8344
2011-08-24,19.9512
2011-08-23,20.0398
2011-08-22,20.1647
2011-08-19,20.312
2011-08-18,20.4417
2011-08-17,20.5302
2011-08-16,20.5947
2011-08-15,20.6739
2011-08-12,20.716
2011-08-11,20.7815
2011-08-10,20.8313
2011-08-09,20.9261
2011-08-08,20.9635
2011-08-05,21.0473
2011-08-04,21.0957
2011-08-03,21.128
2011-08-02,21.105
2011-08-01,21.075
2011-07-29,21.0263
2011-07-28,20.9717
2011-07-27,20.8898
2011-07-26,20.8302
2011-07-25,20.7179
2011-07-22,20.5772
2011-07-21,20.4641
2011-07-20,20.3688
2011-07-19,20.2792
2011-07-18,20.1595
2011-07-15,20.0687
2011-07-14,19.9601
2011-07-13,19.8537
2011-07-12,19.7597
2011-07-11,19.6623
2011-07-08,19.5482
2011-07-07,19.4328
2011-07-06,19.3225
2011-07-05,19.234
2011-07-01,19.1553
2011-06-30,19.0728
2011-06-29,19.0035
2011-06-28,18.9571
2011-06-27,18.9263
2011-06-24,18.9091
2011-06-23,18.9235
2011-06-22,18.9064
2011-06-21,18.8869
2011-06-20,18.8639
2011-06-17,18.8647
2011-06-16,18.8824
2011-06-15,18.9095
2011-06-14,18.9399
2011-06-13,18.9473
2011-06-10,18.9796
2011-06-09,19.0362
2011-06-08,19.0843
2011-06-07,19.1453
2011-06-06,19.2078
2011-06-03,19.2737
2011-06-02,19.3407
2011-06-01,19.4058
2011-05-31,19.4531
2011-05-27,19.472
2011-05-26,19.5106
2011-05-25,19.5834
2011-05-24,19.6621
2011-05-23,19.735
2011-05-20,19.7847
2011-05-19,19.8184
2011-05-18,19.8526
2011-05-17,19.8642
2011-05-16,19.8797
2011-05-13,19.9107
2011-05-12,19.9258
2011-05-11,19.9378
2011-05-10,19.9486
2011-05-09,19.9606
2011-05-06,19.9699
2011-05-05,19.9827
2011-05-04,19.9966
2011-05-03,19.9858
2011-05-02,19.9757
2011-04-29,19.9688
2011-04-28,19.9482
2011-04-27,19.9056
2011-04-26,19.8712
2011-04-25,19.8409
2011-04-21,19.8413
2011-04-20,19.8526
2011-04-19,19.844
2011-04-18,19.8497
2011-04-15,19.8593
2011-04-14,19.8373
2011-04-13,19.8125
2011-04-12,19.7799
2011-04-11,19.7703
2011-04-08,19.759
2011-04-07,19.7439
2011-04-06,19.7133
2011-04-05,19.7033
2011-04-04,19.7083
2011-04-01,19.7149
2011-03-31,19.7332
2011-03-30,19.7646
2011-03-29,19.7827
2011-03-28,19.8086
2011-03-25,19.8539
2011-03-24,19.8899
2011-03-23,19.9271
2011-03-22,19.9678
2011-03-21,20.0179
2011-03-18,20.0849
2011-03-17,20.1783
2011-03-16,20.265
2011-03-15,20.3491
2011-03-14,20.4141
2011-03-11,20.4683
2011-03-10,20.5325
2011-03-09,20.6253
2011-03-08,20.7115
2011-03-07,20.7936
2011-03-04,20.8667
2011-03-03,20.9261
2011-03-02,20.9871
2011-03-01,21.0549
2011-02-28,21.1092
2011-02-25,21.1482
2011-02-24,21.2314
2011-02-23,21.3027
2011-02-22,21.3682
2011-02-18,21.4311
2011-02-17,21.4619
2011-02-16,21.4996
2011-02-15,21.5493
2011-02-14,21.6086
2011-02-11,21.6498
2011-02-10,21.686
2011-02-09,21.7264
2011-02-08,21.7318
2011-02-07,21.7294
2011-02-04,21.7449
2011-02-03,21.7853
2011-02-02,21.7988
2011-02-01,21.8045
2011-01-31,21.804
2011-01-28,21.8111
2011-01-27,21.8149
2011-01-26,21.7803
2011-01-25,21.7506
2011-01-24,21.736
2011-01-21,21.7329
2011-01-20,21.7393
2011-01-19,21.7285
2011-01-18,21.7031
2011-01-14,21.6739
2011-01-13,21.6619
2011-01-12,21.6488
2011-01-11,21.613
2011-01-10,21.5797
2011-01-07,21.5458
2011-01-06,21.4873
2011-01-05,21.426
2011-01-04,21.3825
2011-01-03,21.3345
2010-12-31,21.2975
2010-12-30,21.2583
2010-12-29,21.1886
2010-12-28,21.0841
2010-12-27,20.9802
2010-12-23,20.8716
2010-12-22,20.7588
2010-12-21,20.6407
2010-12-20,20.5506
2010-12-17,20.469
2010-12-16,20.3895
2010-12-15,20.2964
2010-12-14,20.2179
2010-12-13,20.157
2010-12-10,20.1132
2010-12-09,20.0815
2010-12-08,20.0697
2010-12-07,20.0525
2010-12-06,20.0438
2010-12-03,20.0379
2010-12-02,20.036
2010-12-01,20.035
2010-11-30,20.0805
2010-11-29,20.1393
2010-11-26,20.1851
2010-11-24,20.2185
2010-11-23,20.2385
2010-11-22,20.2624
2010-11-19,20.2357
2010-11-18,20.2176
2010-11-17,20.1955
2010-11-16,20.1795
2010-11-15,20.1462
2010-11-12,20.1317
2010-11-11,20.1037
2010-11-10,20.0482
2010-11-09,19.987
2010-11-08,19.9059
2010-11-05,19.821
2010-11-04,19.7337
2010-11-03,19.6338
2010-11-02,19.5344
2010-11-01,19.418
2010-10-29,19.3017
2010-10-28,19.2143
2010-10-27,19.1458
2010-10-26,19.0865
2010-10-25,19.0397
2010-10-22,19.0222
2010-10-21,18.9991
2010-10-20,18.9613
2010-10-19,18.9345
2010-10-18,18.9364
2010-10-15,18.9215
2010-10-14,18.9092
2010-10-13,18.913
2010-10-12,18.9044
2010-10-11,18.9121
2010-10-08,18.932
2010-10-07,18.9044
2010-10-06,18.8845
2010-10-05,18.8654
2010-10-04,18.8505
2010-10-01,18.865
2010-09-30,18.8482
2010-09-29,18.8256
2010-09-28,18.786
2010-09-27,18.7463
2010-09-24,18.7156
2010-09-23,18.6791
2010-09-22,18.6664
2010-09-21,18.6446
2010-09-20,18.6113
2010-09-17,18.5654
2010-09-16,18.5356
2010-09-15,18.5161
2010-09-14,18.5006
2010-09-13,18.4754
2010-09-10,18.4433
2010-09-09,18.4629
2010-09-08,18.4904
2010-09-07,18.529
2010-09-03,18.5871
2010-09-02,18.6302
2010-09-01,18.6798
2010-08-31,18.7447
2010-08-30,18.8425
2010-08-27,18.9402
2010-08-26,19.007
2010-08-25,19.0863
2010-08-24,19.1519
2010-08-23,19.2278
2010-08-20,19.2922
2010-08-19,19.3475
2010-08-18,19.3959
2010-08-17,19.4023
2010-08-16,19.4267
2010-08-13,19.4545
2010-08-12,19.4731
2010-08-11,19.512
2010-08-10,19.534
2010-08-09,19.5363
2010-08-06,19.5066
2010-08-05,19.4579
2010-08-04,19.4214
2010-08-03,19.3669
2010-08-02,19.2779
2010-07-30,19.1614
2010-07-29,19.0605
2010-07-28,18.9456
2010-07-27,18.8451
2010-07-26,18.7746
2010-07-23,18.715
2010-07-22,18.6842
2010-07-21,18.6639
2010-07-20,18.6886
2010-07-19,18.7065
2010-07-16,18.7526
2010-07-15,18.8089
2010-07-14,18.8398
2010-07-13,18.8832
2010-07-12,18.8971
2010-07-09,18.9287
2010-07-08,18.9565
2010-07-07,18.971
2010-07-06,19.0018
2010-07-02,19.0578
2010-07-01,19.1537
2010-06-30,19.2945
2010-06-29,19.4259
2010-06-28,19.5241
2010-06-25,19.5808
2010-06-24,19.6366
2010-06-23,19.637
2010-06-22,19.666
2010-06-21,19.6851
2010-06-18,19.7189
2010-06-17,19.7444
2010-06-16,19.8156
2010-06-15,19.9023
2010-06-14,19.9871
2010-06-11,20.1128
2010-06-10,20.2441
2010-06-09,20.408
2010-06-08,20.5587
2010-06-07,20.6995
2010-06-04,20.8058
2010-06-03,20.9222
2010-06-02,21.0309
2010-06-01,21.1654
2010-05-28,21.3493
2010-05-27,21.5242
2010-05-26,21.7093
2010-05-25,21.9286
2010-05-24,22.105
2010-05-21,22.2839
2010-05-20,22.4354
2010-05-19,22.5929
2010-05-18,22.7052
2010-05-17,22.8049
2010-05-14,22.8845
2010-05-13,22.9504
2010-05-12,23.0122
2010-05-11,23.0645
2010-05-10,23.1239
2010-05-07,23.1762
2010-05-06,23.2569
2010-05-05,23.2926
2010-05-04,23.2736
2010-05-03,23.2429
2010-04-30,23.1827
2010-04-29,23.1306
2010-04-28,23.0656
2010-04-27,23.0224
2010-04-26,22.9748
2010-04-23,22.9199
2010-04-22,22.8839
2010-04-21,22.818
2010-04-20,22.7629
2010-04-19,22.6962
2010-04-16,22.6413
2010-04-15,22.6012
2010-04-14,22.5542
2010-04-13,22.4992
2010-04-12,22.4553
2010-04-09,22.4155
2010-04-08,22.3715
2010-04-07,22.3356
2010-04-06,22.3147
2010-04-05,22.2886
2010-04-01,22.2627
2010-03-31,22.2426
2010-03-30,22.2113
2010-03-29,22.1616
2010-03-26,22.14
2010-03-25,22.1025
2010-03-24,22.0491
2010-03-23,22.0104
2010-03-22,21.9517
2010-03-19,21.9187
2010-03-18,21.8877
2010-03-17,21.8634
2010-03-16,21.824
2010-03-15,21.7853
2010-03-12,21.729
2010-03-11,21.6805
2010-03-10,21.6306
2010-03-09,21.5894
2010-03-08,21.5437
2010-03-05,21.5157
2010-03-04,21.4826
2010-03-03,21.4776
2010-03-02,21.4727
2010-03-01,21.4659
2010-02-26,21.4292
2010-02-25,21.4427
2010-02-24,21.4781
2010-02-23,21.506
2010-02-22,21.5384
2010-02-19,21.5421
2010-02-18,21.5839
2010-02-17,21.6399
2010-02-16,21.7296
2010-02-12,21.8194
2010-02-11,21.9336
2010-02-10,22.0178
2010-02-09,22.0962
2010-02-08,22.1815
2010-02-05,22.2923
2010-02-04,22.3841
2010-02-03,22.4946
2010-02-02,22.5825
2010-02-01,22.6764
2010-01-29,22.7545
2010-01-28,22.8593
2010-01-27,22.9434
2010-01-26,23.0
2010-01-25,23.0566
2010-01-22,23.117
2010-01-21,23.1871
2010-01-20,23.2063
2010-01-19,23.1979
2010-01-15,23.1413
2010-01-14,23.1126
2010-01-13,23.0772
2010-01-12,23.0681
2010-01-11,23.0598
2010-01-08,23.0447
2010-01-07,23.0089
2010-01-06,22.9756
2010-01-05,22.9387
2010-01-04,22.9017
2009-12-31,22.8594
2009-12-30,22.833
2009-12-29,22.7972
2009-12-28,22.7225
2009-12-24,22.649
2009-12-23,22.6033
2009-12-22,22.5652
2009-12-21,22.532
2009-12-18,22.4981
2009-12-17,22.4762
2009-12-16,22.4955
2009-12-15,22.4917
2009-12-14,22.4688
2009-12-11,22.4459
2009-12-10,22.4226
2009-12-09,22.3896
2009-12-08,22.3584
2009-12-07,22.3318
2009-12-04,22.2793
2009-12-03,22.2177
2009-12-02,22.1464
2009-12-01,22.057
2009-11-30,21.9722
2009-11-27,21.9043
2009-11-25,21.862
2009-11-24,21.7906
2009-11-23,21.7362
2009-11-20,21.684
2009-11-19,21.6191
2009-11-18,21.4944
2009-11-17,21.357
2009-11-16,21.2158
2009-11-13,21.0963
2009-11-12,20.9788
2009-11-11,20.8793
2009-11-10,20.7606
2009-11-09,20.6404
2009-11-06,20.5176
2009-11-05,20.4061
2009-11-04,20.3009
2009-11-03,20.1897
2009-11-02,20.0988
2009-10-30,19.9772
2009-10-29,19.8731
2009-10-28,19.7477
2009-10-27,19.6613
2009-10-26,19.5547
2009-10-23,19.4476
2009-10-22,19.3549
2009-10-21,19.3305
2009-10-20,19.2978
2009-10-19,19.2752
2009-10-16,19.2354
2009-10-15,19.1889
2009-10-14,19.1359
2009-10-13,19.1074
2009-10-12,19.0845
2009-10-09,19.0574
2009-10-08,19.0315
2009-10-07,19.0063
2009-10-06,18.9943
2009-10-05,18.9834
2009-10-02,18.9827
2009-10-01,18.9508
2009-09-30,18.9125
2009-09-29,18.8479
2009-09-28,18.8065
2009-09-25,18.7634
2009-09-24,18.7311
2009-09-23,18.6789
2009-09-22,18.6387
2009-09-21,18.5962
2009-09-18,18.5628
2009-09-17,18.5031
2009-09-16,18.4411
2009-09-15,18.3803
2009-09-14,18.3023
2009-09-11,18.2483
2009-09-10,18.1968
2009-09-09,18.1368
2009-09-08,18.07
2009-09-04,18.0126
2009-09-03,17.968
2009-09-02,17.9387
2009-09-01,17.932
2009-08-31,17.9184
2009-08-28,17.8827
2009-08-27,17.8343
2009-08-26,17.7964
2009-08-25,17.7633
2009-08-24,17.7145
2009-08-21,17.6523
2009-08-20,17.6114
2009-08-19,17.6771
2009-08-18,17.7152
2009-08-17,17.7571
2009-08-14,17.8049
2009-08-13,17.8272
2009-08-12,17.8578
2009-08-11,17.8799
2009-08-10,17.8791
2009-08-07,17.872
2009-08-06,17.8283
2009-08-05,17.7902
2009-08-04,17.7435
2009-08-03,17.6972
2009-07-31,17.6737
2009-07-30,17.6681
2009-07-29,17.6767
2009-07-28,17.6756
2009-07-27,17.6901
2009-07-24,17.6991
2009-07-23,17.7118
2009-07-22,17.6337
2009-07-21,17.5792
2009-07-20,17.5213
2009-07-17,17.5041
2009-07-16,17.4746
2009-07-15,17.4462
2009-07-14,17.4212
2009-07-13,17.4328
2009-07-10,17.4365
2009-07-09,17.453
2009-07-08,17.4571
2009-07-07,17.4391
2009-07-06,17.4212
2009-07-02,17.3816
2009-07-01,17.3241
2009-06-30,17.2378
2009-06-29,17.1493
2009-06-26,17.0574
2009-06-25,16.9655
2009-06-24,16.8408
2009-06-23,16.716
2009-06-22,16.604
2009-06-19,16.4721
2009-06-18,16.3134
2009-06-17,16.1969
2009-06-16,16.071
2009-06-15,15.9597
2009-06-12,15.8353
2009-06-11,15.7084
2009-06-10,15.5887
2009-06-09,15.4846
2009-06-08,15.377
2009-06-05,15.2741
2009-06-04,15.1642
2009-06-03,15.0833
2009-06-02,15.0061
2009-06-01,14.9561
2009-05-29,14.908
2009-05-28,14.8797
2009-05-27,14.8674
2009-05-26,14.8552
2009-05-22,14.8526
2009-05-21,14.8909
2009-05-20,14.8528
2009-05-19,14.7886
2009-05-18,14.734
2009-05-15,14.6602
2009-05-14,14.6223
2009-05-13,14.6112
2009-05-12,14.5771
2009-05-11,14.557
2009-05-08,14.567
2009-05-07,14.5763
2009-05-06,14.5715
2009-05-05,14.5333
2009-05-04,14.495
2009-05-01,14.4416
2009-04-30,14.4063
2009-04-29,14.3711
2009-04-28,14.3013
2009-04-27,14.2104
2009-04-24,14.1261
2009-04-23,14.049
2009-04-22,14.0104
2009-04-21,13.9766
2009-04-20,13.9528
2009-04-17,13.8953
2009-04-16,13.8189
2009-04-15,13.7149
2009-04-14,13.6433
2009-04-13,13.5283
2009-04-09,13.4192
2009-04-08,13.3204
2009-04-07,13.2432
2009-04-06,13.1586
2009-04-03,13.0246
2009-04-02,12.8959
2009-04-01,12.7467
2009-03-31,12.6283
2009-03-30,12.5359
2009-03-27,12.4732
2009-03-26,12.3997
2009-03-25,12.3102
2009-03-24,12.2761
2009-03-23,12.2501
2009-03-20,12.2085
2009-03-19,12.2434
2009-03-18,12.272
2009-03-17,12.3151
2009-03-16,12.3592
2009-03-13,12.4596
2009-03-12,12.5513
2009-03-11,12.6279
2009-03-10,12.6856
2009-03-09,12.7903
2009-03-06,12.9525
2009-03-05,13.087
2009-03-04,13.2068
2009-03-03,13.2902
2009-03-02,13.3579
2009-02-27,13.4019
2009-02-26,13.4507
2009-02-25,13.5061
2009-02-24,13.5274
2009-02-23,13.5398
2009-02-20,13.5348
2009-02-19,13.4973
2009-02-18,13.5467
2009-02-17,13.5552
2009-02-13,13.6101
2009-02-12,13.6156
2009-02-11,13.6093
2009-02-10,13.6318
2009-02-09,13.6565
2009-02-06,13.6595
2009-02-05,13.6764
2009-02-04,13.6937
2009-02-03,13.7722
2009-02-02,13.8466
2009-01-30,13.9388
2009-01-29,14.025
2009-01-28,14.0895
2009-01-27,14.1234
2009-01-26,14.1775
2009-01-23,14.2343
2009-01-22,14.3109
2009-01-21,14.3872
2009-01-20,14.3776
2009-01-16,14.4078
2009-01-15,14.406
2009-01-14,14.4381
2009-01-13,14.4362
2009-01-12,14.4193
2009-01-09,14.4185
2009-01-08,14.4587
2009-01-07,14.4764
2009-01-06,14.5316
2009-01-05,14.4988
2009-01-02,14.4469
2008-12-31,14.4299
2008-12-30,14.4193
2008-12-29,14.3924
2008-12-26,14.4388
2008-12-24,14.4889
2008-12-23,14.5191
2008-12-22,14.5711
2008-12-19,14.5895
2008-12-18,14.5309
2008-12-17,14.4937
2008-12-16,14.4922
2008-12-15,14.4584
2008-12-12,14.4911
2008-12-11,14.5556
2008-12-10,14.582
2008-12-09,14.5986
2008-12-08,14.6193
2008-12-05,14.6321
2008-12-04,14.6642
2008-12-03,14.7683
2008-12-02,14.8975
2008-12-01,15.0199
2008-11-28,15.1515
2008-11-26,15.2348
2008-11-25,15.3217
2008-11-24,15.4307
2008-11-21,15.4437
2008-11-20,15.5223
2008-11-19,15.6934
2008-11-18,15.8076
2008-11-17,15.9397
2008-11-14,16.1374
2008-11-13,16.2791
2008-11-12,16.3867
2008-11-11,16.4731
2008-11-10,16.5792
2008-11-07,16.733
2008-11-06,16.733
2008-11-05,16.7849
2008-11-04,16.819
2008-11-03,16.808
2008-10-31,16.8918
2008-10-30,17.0379
2008-10-29,17.1704
2008-10-28,17.2978
2008-10-27,17.4292
2008-10-24,17.5694
2008-10-23,17.7685
2008-10-22,17.9256
2008-10-21,18.0789
2008-10-20,18.1551
2008-10-17,18.18
2008-10-16,18.225
2008-10-15,18.2642
2008-10-14,18.3341
2008-10-13,18.4033
2008-10-10,18.4516
2008-10-09,18.6756
2008-10-08,18.8601
2008-10-07,18.9857
2008-10-06,19.0907
2008-10-03,19.135
2008-10-02,19.1105
2008-10-01,19.1141
2008-09-30,19.1295
2008-09-29,19.1445
2008-09-26,19.228
2008-09-25,19.2477
2008-09-24,19.2825
2008-09-23,19.3393
2008-09-22,19.4205
2008-09-19,19.5098
2008-09-18,19.5838
2008-09-17,19.6581
2008-09-16,19.7588
2008-09-15,19.8169
2008-09-12,19.8491
2008-09-11,19.8556
2008-09-10,19.8724
2008-09-09,19.9297
2008-09-08,19.9915
2008-09-05,20.061
2008-09-04,20.1206
2008-09-03,20.1412
2008-09-02,20.1121
2008-08-29,20.0418
2008-08-28,19.9703
2008-08-27,19.8853
2008-08-26,19.8327
2008-08-25,19.7864
2008-08-22,19.7036
2008-08-21,19.6383
2008-08-20,19.5709
2008-08-19,19.5355
2008-08-18,19.4761
2008-08-15,19.4013
2008-08-14,19.3302
2008-08-13,19.316
2008-08-12,19.2923
2008-08-11,19.2205
2008-08-08,19.1202
2008-08-07,19.0152
2008-08-06,18.9445
2008-08-05,18.8793
2008-08-04,18.8661
2008-08-01,18.8935
2008-07-31,18.9132
2008-07-30,18.919
2008-07-29,18.9423
2008-07-28,18.9934
2008-07-25,19.071
2008-07-24,19.129
2008-07-23,19.2351
2008-07-22,19.2825
2008-07-21,19.3616
2008-07-18,19.456
2008-07-17,19.568
2008-07-16,19.6022
2008-07-15,19.6584
2008-07-14,19.7597
2008-07-11,19.9026
2008-07-10,20.0117
2008-07-09,20.0725
2008-07-08,20.1695
2008-07-07,20.2373
2008-07-03,20.2906
2008-07-02,20.3751
2008-07-01,20.4357
2008-06-30,20.4517
2008-06-27,20.4623
2008-06-26,20.4874
2008-06-25,20.5079
2008-06-24,20.5017
2008-06-23,20.5275
2008-06-20,20.5305
2008-06-19,20.5392
2008-06-18,20.5144
2008-06-17,20.5254
2008-06-16,20.5494
2008-06-13,20.5881
2008-06-12,20.6384
2008-06-11,20.7
2008-06-10,20.797
2008-06-09,20.8695
2008-06-06,20.9268
2008-06-05,20.9878
2008-06-04,21.017
2008-06-03,21.0918
2008-06-02,21.1524
2008-05-30,21.201
2008-05-29,21.2364
2008-05-28,21.2403
2008-05-27,21.2532
2008-05-23,21.2694
2008-05-22,21.3303
2008-05-21,21.4474
2008-05-20,21.5598
2008-05-19,21.6101
2008-05-16,21.641
2008-05-15,21.6374
2008-05-14,21.5886
2008-05-13,21.549
2008-05-12,21.4894
2008-05-09,21.4193
2008-05-08,21.379
2008-05-07,21.3732
2008-05-06,21.3616
2008-05-05,21.327
2008-05-02,21.33
2008-05-01,21.327
2008-04-30,21.3125
2008-04-29,21.3358
2008-04-28,21.367
2008-04-25,21.3448
2008-04-24,21.2751
2008-04-23,21.1389
2008-04-22,21.0339
2008-04-21,20.9936
2008-04-18,20.9482
2008-04-17,20.9184
2008-04-16,20.8966
2008-04-15,20.9137
2008-04-14,20.9155
2008-04-11,20.9119
2008-04-10,20.9242
2008-04-09,20.9068
2008-04-08,20.9209
2008-04-07,20.8955
2008-04-04,20.8487
2008-04-03,20.7909
2008-04-02,20.7589
2008-04-01,20.7019
2008-03-31,20.6107
2008-03-28,20.5679
2008-03-27,20.5686
2008-03-26,20.5762
2008-03-25,20.5697
2008-03-24,20.5225
2008-03-20,20.4683
2008-03-19,20.4291
2008-03-18,20.4146
2008-03-17,20.3692
2008-03-14,20.3695
2008-03-13,20.3851
2008-03-12,20.3934
2008-03-11,20.3788
2008-03-10,20.336
2008-03-07,20.3505
2008-03-06,20.3556
2008-03-05,20.386
2008-03-04,20.4164
2008-03-03,20.5066
2008-02-29,20.628
2008-02-28,20.8195
2008-02-27,20.9701
2008-02-26,21.1231
2008-02-25,21.2762
2008-02-22,21.4568
2008-02-21,21.6544
2008-02-20,21.789
2008-02-19,21.9214
2008-02-15,22.0926
2008-02-14,22.2623
2008-02-13,22.4334
2008-02-12,22.6158
2008-02-11,22.8347
2008-02-08,23.0409
2008-02-07,23.2497
2008-02-06,23.4784
2008-02-05,23.6568
2008-02-04,23.8572
2008-02-01,24.0088
2008-01-31,24.1869
2008-01-30,24.2816
2008-01-29,24.4047
2008-01-28,24.532
2008-01-25,24.6496
2008-01-24,24.7824
2008-01-23,24.9029
2008-01-22,25.0523
2008-01-18,25.1801
2008-01-17,25.2445
2008-01-16,25.3035
2008-01-15,25.3454
2008-01-14,25.3928
2008-01-11,25.4229
2008-01-10,25.4431
2008-01-09,25.4348
2008-01-08,25.4464
2008-01-07,25.4855
2008-01-04,25.4833
2008-01-03,25.475
2008-01-02,25.3809
2007-12-31,25.2977
2007-12-28,25.2253
2007-12-27,25.1338
2007-12-26,25.0516
2007-12-24,24.9232
2007-12-21,24.7926
2007-12-20,24.722
2007-12-19,24.6753
2007-12-18,24.6677
2007-12-17,24.6395
2007-12-14,24.6286
2007-12-13,24.5726
2007-12-12,24.5259
2007-12-11,24.5255
2007-12-10,24.4956
2007-12-07,24.4545
2007-12-06,24.4581
2007-12-05,24.4891
2007-12-04,24.5667
2007-12-03,24.7057
2007-11-30,24.8513
2007-11-29,24.9722
2007-11-28,25.0844
2007-11-27,25.148
2007-11-26,25.1987
2007-11-23,25.2692
2007-11-21,25.1888
2007-11-20,25.0774
2007-11-19,24.9406
2007-11-16,24.8123
2007-11-15,24.667
2007-11-14,24.5693
2007-11-13,24.4626
2007-11-12,24.3093
2007-11-09,24.1889
2007-11-08,24.0605
2007-11-07,23.8863
2007-11-06,23.6955
2007-11-05,23.4679
2007-11-02,23.2194
2007-11-01,22.959
2007-10-31,22.6939
2007-10-30,22.4285
2007-10-29,22.2168
2007-10-26,22.0437
2007-10-25,21.8428
2007-10-24,21.7526
2007-10-23,21.6895
2007-10-22,21.6411
2007-10-19,21.5896
2007-10-18,21.5347
2007-10-17,21.4359
2007-10-16,21.349
2007-10-15,21.2989
2007-10-12,21.2514
2007-10-11,21.2107
2007-10-10,21.1836
2007-10-09,21.1367
2007-10-08,21.0945
2007-10-05,21.0455
2007-10-04,20.995
2007-10-03,20.9661
2007-10-02,20.9311
2007-10-01,20.899
2007-09-28,20.8614
2007-09-27,20.825
2007-09-26,20.7925
2007-09-25,20.7359
2007-09-24,20.6973
2007-09-21,20.6876
2007-09-20,20.675
2007-09-19,20.6678
2007-09-18,20.6461
2007-09-17,20.622
2007-09-14,20.6048
2007-09-13,20.5605
2007-09-12,20.5222
2007-09-11,20.4984
2007-09-10,20.484
2007-09-07,20.4886
2007-09-06,20.5159
2007-09-05,20.5514
2007-09-04,20.5862
2007-08-31,20.6088
2007-08-30,20.6134
2007-08-29,20.6483
2007-08-28,20.6701
2007-08-27,20.7047
2007-08-24,20.7338
2007-08-23,20.751
2007-08-22,20.8077
2007-08-21,20.8937
2007-08-20,20.9882
2007-08-17,21.0899
2007-08-16,21.1909
2007-08-15,21.3204
2007-08-14,21.4181
2007-08-13,21.5047
2007-08-10,21.5551
2007-08-09,21.595
2007-08-08,21.6226
2007-08-07,21.6043
2007-08-06,21.5964
2007-08-03,21.6083
2007-08-02,21.6446
2007-08-01,21.6614
2007-07-31,21.6873
2007-07-30,21.7143
2007-07-27,21.7168
2007-07-26,21.7326
2007-07-25,21.7287
2007-07-24,21.6859
2007-07-23,21.6388
2007-07-20,21.5777
2007-07-19,21.5439
2007-07-18,21.49
2007-07-17,21.4735
2007-07-16,21.4638
2007-07-13,21.4803
2007-07-12,21.5055
2007-07-11,21.517
2007-07-10,21.5299
2007-07-09,21.5547
2007-07-06,21.5612
2007-07-05,21.5486
2007-07-03,21.5594
2007-07-02,21.5795
2007-06-29,21.6145
2007-06-28,21.6548
2007-06-27,21.6857
2007-06-26,21.7303
2007-06-25,21.7759
2007-06-22,21.8115
2007-06-21,21.8359
2007-06-20,21.8489
2007-06-19,21.8733
2007-06-18,21.8945
2007-06-15,21.906
2007-06-14,21.9236
2007-06-13,21.9434
2007-06-12,21.9617
2007-06-11,21.9984
2007-06-08,22.0261
2007-06-07,22.0416
2007-06-06,22.0797
2007-06-05,22.0927
2007-06-04,22.0938
2007-06-01,22.0847
2007-05-31,22.0947
2007-05-30,22.0883
2007-05-29,22.0518
2007-05-25,22.0178
2007-05-24,22.0014
2007-05-23,21.9596
2007-05-22,21.899
2007-05-21,21.8274
2007-05-18,21.7425
2007-05-17,21.6741
2007-05-16,21.5885
2007-05-15,21.4964
2007-05-14,21.4193
2007-05-11,21.3391
2007-05-10,21.2574
2007-05-09,21.1843
2007-05-08,21.0887
2007-05-07,21.0045
2007-05-04,20.9278
2007-05-03,20.8558
2007-05-02,20.7673
2007-05-01,20.6692
2007-04-30,20.5813
2007-04-27,20.5072
2007-04-26,20.4223
2007-04-25,20.3699
2007-04-24,20.3244
2007-04-23,20.304
2007-04-20,20.2768
2007-04-19,20.2499
2007-04-18,20.2438
2007-04-17,20.2166
2007-04-16,20.1801
2007-04-13,20.1299
2007-04-12,20.0823
2007-04-11,20.0414
2007-04-10,19.9916
2007-04-09,19.9572
2007-04-05,19.911
2007-04-04,19.867
2007-04-03,19.8351
2007-04-02,19.8337
2007-03-30,19.8268
2007-03-29,19.8229
2007-03-28,19.8351
2007-03-27,19.8541
2007-03-26,19.8594
2007-03-23,19.8899
2007-03-22,19.9214
2007-03-21,19.9615
2007-03-20,19.9913
2007-03-19,20.0267
2007-03-16,20.0593
2007-03-15,20.1356
2007-03-14,20.2116
2007-03-13,20.2693
2007-03-12,20.3452
2007-03-09,20.3968
2007-03-08,20.4642
2007-03-07,20.534
2007-03-06,20.5984
2007-03-05,20.6586
2007-03-02,20.7494
2007-03-01,20.846
2007-02-28,20.9414
2007-02-27,21.0204
2007-02-26,21.112
2007-02-23,21.163
2007-02-22,21.2148
2007-02-21,21.2719
2007-02-20,21.3179
2007-02-16,21.3818
2007-02-15,21.4629
2007-02-14,21.5142
2007-02-13,21.5713
2007-02-12,21.6445
2007-02-09,21.7255
2007-02-08,21.7869
2007-02-07,21.8012
2007-02-06,21.8223
2007-02-05,21.8373
2007-02-02,21.8384
2007-02-01,21.8248
2007-01-31,21.7998
2007-01-30,21.7641
2007-01-29,21.7462
2007-01-26,21.728
2007-01-25,21.7063
2007-01-24,21.6773
2007-01-23,21.6377
2007-01-22,21.6145
2007-01-19,21.5884
2007-01-18,21.5449
2007-01-17,21.516
2007-01-16,21.4792
2007-01-12,21.4217
2007-01-11,21.3582
2007-01-10,21.3168
2007-01-09,21.3075
2007-01-08,21.2678
2007-01-05,21.2343
2007-01-04,21.2161
2007-01-03,21.1989
2006-12-29,21.1725
2006-12-28,21.1547
2006-12-27,21.14
2006-12-26,21.1175
2006-12-22,21.0993
2006-12-21,21.1036
2006-12-20,21.1015
2006-12-19,21.0954
2006-12-18,21.0918
2006-12-15,21.0743
2006-12-14,21.0486
2006-12-13,21.0147
2006-12-12,21.0032
2006-12-11,20.9968
2006-12-08,20.9825
2006-12-07,20.974
2006-12-06,20.9751
2006-12-05,20.9701
2006-12-04,20.9563
2006-12-01,20.9314
2006-11-30,20.9154
2006-11-29,20.8922
2006-11-28,20.858
2006-11-27,20.8238
2006-11-24,20.7797
2006-11-22,20.7259
2006-11-21,20.665
2006-11-20,20.603
2006-11-17,20.5481
2006-11-16,20.51
2006-11-15,20.4644
2006-11-14,20.4396
2006-11-13,20.4079
2006-11-10,20.3759
2006-11-09,20.345
2006-11-08,20.308
2006-11-07,20.2567
2006-11-06,20.2119
2006-11-03,20.172
2006-11-02,20.1414
2006-11-01,20.1112
2006-10-31,20.0803
2006-10-30,20.0326
2006-10-27,19.9909
2006-10-26,19.9557
2006-10-25,19.9219
2006-10-24,19.891
2006-10-23,19.8525
2006-10-20,19.7992
2006-10-19,19.7362
2006-10-18,19.6867
2006-10-17,19.6391
2006-10-16,19.5828
2006-10-13,19.5238
2006-10-12,19.4697
2006-10-11,19.4025
2006-10-10,19.3469
2006-10-09,19.2843
2006-10-06,19.2199
2006-10-05,19.1392
2006-10-04,19.0506
2006-10-03,18.9677
2006-10-02,18.905
2006-09-29,18.851
2006-09-28,18.7923
2006-09-27,18.7353
2006-09-26,18.6784
2006-09-25,18.6339
2006-09-22,18.5948
2006-09-21,18.5621
2006-09-20,18.5183
2006-09-19,18.4628
2006-09-18,18.4365
2006-09-15,18.4009
2006-09-14,18.3244
2006-09-13,18.2664
2006-09-12,18.218
2006-09-11,18.165
2006-09-08,18.1092
2006-09-07,18.0655
2006-09-06,18.0271
2006-09-05,17.9787
2006-09-01,17.9261
2006-08-31,17.8678
2006-08-30,17.8117
2006-08-29,17.7552
2006-08-28,17.6862
2006-08-25,17.6159
2006-08-24,17.5558
2006-08-23,17.4862
2006-08-22,17.4368
2006-08-21,17.3838
2006-08-18,17.3053
2006-08-17,17.2339
2006-08-16,17.1651
2006-08-15,17.1158
2006-08-14,17.0459
2006-08-11,16.9733
2006-08-10,16.8974
2006-08-09,16.8194
2006-08-08,16.7556
2006-08-07,16.7117
2006-08-04,16.6861
2006-08-03,16.651
2006-08-02,16.6252
2006-08-01,16.5915
2006-07-31,16.5812
2006-07-28,16.5543
2006-07-27,16.5266
2006-07-26,16.5014
2006-07-25,16.4479
2006-07-24,16.3983
2006-07-21,16.3451
2006-07-20,16.31
2006-07-19,16.3182
2006-07-18,16.2884
2006-07-17,16.2816
2006-07-14,16.2682
2006-07-13,16.2604
2006-07-12,16.2469
2006-07-11,16.2068
2006-07-10,16.1576
2006-07-07,16.1055
2006-07-06,16.0633
2006-07-05,16.0122
2006-07-03,15.969
2006-06-30,15.9264
2006-06-29,15.9073
2006-06-28,15.8842
2006-06-27,15.8662
2006-06-26,15.8764
2006-06-23,15.9083
2006-06-22,15.9523
2006-06-21,15.9743
2006-06-20,15.964
2006-06-19,15.9753
2006-06-16,15.9757
2006-06-15,16.0016
2006-06-14,16.025
2006-06-13,16.065
2006-06-12,16.1232
2006-06-09,16.1718
2006-06-08,16.2107
2006-06-07,16.2663
2006-06-06,16.3191
2006-06-05,16.3726
2006-06-02,16.4154
2006-06-01,16.4363
2006-05-31,16.4455
2006-05-30,16.4904
2006-05-26,16.5275
2006-05-25,16.5394
2006-05-24,16.6601
2006-05-23,16.784
2006-05-22,16.9334
2006-05-19,17.0797
2006-05-18,17.2387
2006-05-17,17.3838
2006-05-16,17.5326
2006-05-15,17.6781
2006-05-12,17.8052
2006-05-11,17.9429
2006-05-10,18.0835
2006-05-09,18.2021
2006-05-08,18.3317
2006-05-05,18.456
2006-05-04,18.5888
2006-05-03,18.7406
2006-05-02,18.8985
2006-05-01,19.0239
2006-04-28,19.127
2006-04-27,19.2357
2006-04-26,19.2276
2006-04-25,19.2205
2006-04-24,19.217
2006-04-21,19.2135
2006-04-20,19.2029
2006-04-19,19.2071
2006-04-18,19.2322
2006-04-17,19.2559
2006-04-13,19.2792
2006-04-12,19.2862
2006-04-11,19.2919
2006-04-10,19.2954
2006-04-07,19.2891
2006-04-06,19.2862
2006-04-05,19.2665
2006-04-04,19.2492
2006-04-03,19.2287
2006-03-31,19.2057
2006-03-30,19.1958
2006-03-29,19.1866
2006-03-28,19.1909
2006-03-27,19.1898
2006-03-24,19.1912
2006-03-23,19.1778
2006-03-22,19.1711
2006-03-21,19.1559
2006-03-20,19.1135
2006-03-17,19.0715
2006-03-16,19.0472
2006-03-15,19.0334
2006-03-14,19.0052
2006-03-13,18.9724
2006-03-10,18.9544
2006-03-09,18.9333
2006-03-08,18.9269
2006-03-07,18.9128
2006-03-06,18.9135
2006-03-03,18.9325
2006-03-02,18.9557
2006-03-01,18.9902
2006-02-28,19.0225
2006-02-27,19.0591
2006-02-24,19.082
2006-02-23,19.0743
2006-02-22,19.062
2006-02-21,19.0434
2006-02-17,19.0335
2006-02-16,19.0202
2006-02-15,19.0244
2006-02-14,19.0195
2006-02-13,19.0315
2006-02-10,19.0596
2006-02-09,19.0755
2006-02-08,19.0976
2006-02-07,19.1008
2006-02-06,19.098
2006-02-03,19.0888
2006-02-02,19.0695
2006-02-01,19.0445
2006-01-31,19.0023
2006-01-30,18.9319
2006-01-27,18.871
2006-01-26,18.8217
2006-01-25,18.8203
2006-01-24,18.8287
2006-01-23,18.8397
2006-01-20,18.853
2006-01-19,18.8689
2006-01-18,18.8622
2006-01-17,18.8646
2006-01-13,18.8622
2006-01-12,18.8587
2006-01-11,18.8583
2006-01-10,18.8639
2006-01-09,18.8889
2006-01-06,18.9181
2006-01-05,18.9477
2006-01-04,18.9723
2006-01-03,19.0033
2005-12-30,19.0445
2005-12-29,19.1057
2005-12-28,19.1554
2005-12-27,19.2008
2005-12-23,19.2462
2005-12-22,19.2856
2005-12-21,19.3324
2005-12-20,19.3739
2005-12-19,19.4197
2005-12-16,19.4633
2005-12-15,19.501
2005-12-14,19.5298
2005-12-13,19.5443
2005-12-12,19.5492
2005-12-09,19.5404
2005-12-08,19.5159
2005-12-07,19.4874
2005-12-06,19.46
2005-12-05,19.4333
2005-12-02,19.3887
2005-12-01,19.3307
2005-11-30,19.2777
2005-11-29,19.2145
2005-11-28,19.1422
2005-11-25,19.0615
2005-11-23,18.9565
2005-11-22,18.8551
2005-11-21,18.7511
2005-11-18,18.6409
2005-11-17,18.5226
2005-11-16,18.4081
2005-11-15,18.3123
2005-11-14,18.2067
2005-11-11,18.1077
2005-11-10,18.0161
2005-11-09,17.9284
2005-11-08,17.835
2005-11-07,17.7424
2005-11-04,17.6529
2005-11-03,17.5803
2005-11-02,17.5203
2005-11-01,17.4574
2005-10-31,17.423
2005-10-28,17.416
2005-10-27,17.423
2005-10-26,17.4613
2005-10-25,17.4809
2005-10-24,17.4918
2005-10-21,17.4978
2005-10-20,17.515
2005-10-19,17.5343
2005-10-18,17.5483
2005-10-17,17.5929
2005-10-14,17.6445
2005-10-13,17.6936
2005-10-12,17.7526
2005-10-11,17.8231
2005-10-10,17.8957
2005-10-07,17.9712
2005-10-06,18.041
2005-10-05,18.107
2005-10-04,18.1835
2005-10-03,18.2544
2005-09-30,18.3077
2005-09-29,18.3593
2005-09-28,18.4099
2005-09-27,18.4628
2005-09-26,18.5264
2005-09-23,18.586
2005-09-22,18.6478
2005-09-21,18.6994
2005-09-20,18.7478
2005-09-19,18.7854
2005-09-16,18.8106
2005-09-15,18.8369
2005-09-14,18.8608
2005-09-13,18.8759
2005-09-12,18.8987
2005-09-09,18.9114
2005-09-08,18.9328
2005-09-07,18.9419
2005-09-06,18.9566
2005-09-02,18.9584
2005-09-01,18.9815
2005-08-31,18.9829
2005-08-30,18.9755
2005-08-29,18.9598
2005-08-26,18.9139
2005-08-25,18.8636
2005-08-24,18.816
2005-08-23,18.7751
2005-08-22,18.7258
2005-08-19,18.6803
2005-08-18,18.6412
2005-08-17,18.6251
2005-08-16,18.5957
2005-08-15,18.5727
2005-08-12,18.5146
2005-08-11,18.4705
2005-08-10,18.425
2005-08-09,18.3799
2005-08-08,18.319
2005-08-05,18.2546
2005-08-04,18.1612
2005-08-03,18.0678
2005-08-02,17.9785
2005-08-01,17.9145
2005-07-29,17.8722
2005-07-28,17.8452
2005-07-27,17.8221
2005-07-26,17.7994
2005-07-25,17.7822
2005-07-22,17.7595
2005-07-21,17.7466
2005-07-20,17.6986
2005-07-19,17.6622
2005-07-18,17.6255
2005-07-15,17.6076
2005-07-14,17.5814
2005-07-13,17.5566
2005-07-12,17.5461
2005-07-11,17.5356
2005-07-08,17.5405
2005-07-07,17.5552
2005-07-06,17.5814
2005-07-05,17.6097
2005-07-01,17.6234
2005-06-30,17.6486
2005-06-29,17.6818
2005-06-28,17.707
2005-06-27,17.7326
2005-06-24,17.7683
2005-06-23,17.7983
2005-06-22,17.8123
2005-06-21,17.8361
2005-06-20,17.8606
2005-06-17,17.8827
2005-06-16,17.9135
2005-06-15,17.9366
2005-06-14,17.9436
2005-06-13,17.9481
2005-06-10,17.945
2005-06-09,17.9272
2005-06-08,17.9035
2005-06-07,17.8833
2005-06-06,17.8665
2005-06-03,17.8585
2005-06-02,17.8487
2005-06-01,17.8257
2005-05-31,17.8072
2005-05-27,17.7845
2005-05-26,17.7547
2005-05-25,17.7013
2005-05-24,17.6734
2005-05-23,17.6361
2005-05-20,17.6032
2005-05-19,17.5739
2005-05-18,17.5473
2005-05-17,17.4964
2005-05-16,17.4647
2005-05-13,17.4326
2005-05-12,17.4033
2005-05-11,17.3977
2005-05-10,17.4022
2005-05-09,17.4169
2005-05-06,17.412
2005-05-05,17.4022
2005-05-04,17.3977
2005-05-03,17.3789
2005-05-02,17.3478
2005-04-29,17.3129
2005-04-28,17.2718
2005-04-27,17.262
2005-04-26,17.2331
2005-04-25,17.2038
2005-04-22,17.1762
2005-04-21,17.1518
2005-04-20,17.1148
2005-04-19,17.1033
2005-04-18,17.0883
2005-04-15,17.0764
2005-04-14,17.0792
2005-04-13,17.0719
2005-04-12,17.0674
2005-04-11,17.06
2005-04-08,17.0642
2005-04-07,17.0813
2005-04-06,17.0886
2005-04-05,17.1141
2005-04-04,17.149
2005-04-01,17.1818
2005-03-31,17.2184
2005-03-30,17.2564
2005-03-29,17.2955
2005-03-28,17.3387
2005-03-24,17.3754
2005-03-23,17.4134
2005-03-22,17.449
2005-03-21,17.4922
2005-03-18,17.5369
2005-03-17,17.5836
2005-03-16,17.6272
2005-03-15,17.6725
2005-03-14,17.7081
2005-03-11,17.7353
2005-03-10,17.7664
2005-03-09,17.7859
2005-03-08,17.8155
2005-03-07,17.8392
2005-03-04,17.8661
2005-03-03,17.8985
2005-03-02,17.9406
2005-03-01,17.9772
2005-02-28,18.0093
2005-02-25,18.042
2005-02-24,18.0692
2005-02-23,18.0888
2005-02-22,18.1146
2005-02-18,18.1272
2005-02-17,18.1304
2005-02-16,18.1349
2005-02-15,18.1387
2005-02-14,18.1495
2005-02-11,18.1534
2005-02-10,18.1638
2005-02-09,18.1888
2005-02-08,18.2118
2005-02-07,18.2312
2005-02-04,18.249
2005-02-03,18.2639
2005-02-02,18.2848
2005-02-01,18.298
2005-01-31,18.3102
2005-01-28,18.3255
2005-01-27,18.3456
2005-01-26,18.3731
2005-01-25,18.4058
2005-01-24,18.4347
2005-01-21,18.4813
2005-01-20,18.5272
2005-01-19,18.5692
2005-01-18,18.603
2005-01-14,18.6252
2005-01-13,18.6614
2005-01-12,18.6906
2005-01-11,18.7062
2005-01-10,18.7243
2005-01-07,18.7341
2005-01-06,18.7535
2005-01-05,18.7747
2005-01-04,18.7848
2005-01-03,18.8019
2004-12-31,18.8189
2004-12-30,18.8318
2004-12-29,18.8488
2004-12-28,18.8457
2004-12-27,18.8394
2004-12-23,18.8307
2004-12-22,18.8179
2004-12-21,18.8026
2004-12-20,18.788
2004-12-17,18.7848
2004-12-16,18.7887
2004-12-15,18.789
2004-12-14,18.7894
2004-12-13,18.7949
2004-12-10,18.7842
2004-12-09,18.7796
2004-12-08,18.7621
2004-12-07,18.7412
2004-12-06,18.7151
2004-12-03,18.681
2004-12-02,18.6406
2004-12-01,18.5885
2004-11-30,18.5237
2004-11-29,18.4691
2004-11-26,18.4125
2004-11-24,18.3631
2004-11-23,18.3167
2004-11-22,18.2662
2004-11-19,18.2032
2004-11-18,18.1363
2004-11-17,18.0877
2004-11-16,18.04
2004-11-15,17.9778
2004-11-12,17.9134
2004-11-11,17.8515
2004-11-10,17.7834
2004-11-09,17.7303
2004-11-08,17.6759
2004-11-05,17.6377
2004-11-04,17.5965
2004-11-03,17.5705
2004-11-02,17.5724
2004-11-01,17.5768
2004-10-29,17.578
2004-10-28,17.5868
2004-10-27,17.5755
2004-10-26,17.5577
2004-10-25,17.538
2004-10-22,17.5243
2004-10-21,17.5102
2004-10-20,17.4724
2004-10-19,17.423
2004-10-18,17.3943
2004-10-15,17.3661
2004-10-14,17.3511
2004-10-13,17.3342
2004-10-12,17.308
2004-10-11,17.2895
2004-10-08,17.2642
2004-10-07,17.2486
2004-10-06,17.2208
2004-10-05,17.1811
2004-10-04,17.1492
2004-10-01,17.1176
2004-09-30,17.0979
2004-09-29,17.0898
2004-09-28,17.0811
2004-09-27,17.082
2004-09-24,17.0904
2004-09-23,17.0951
2004-09-22,17.1014
2004-09-21,17.1051
2004-09-20,17.1045
2004-09-17,17.0923
2004-09-16,17.0776
2004-09-15,17.0814
2004-09-14,17.0745
2004-09-13,17.0611
2004-09-10,17.0514
2004-09-09,17.0299
2004-09-08,17.0315
2004-09-07,17.0433
2004-09-03,17.0352
2004-09-02,17.0337
2004-09-01,17.0283
2004-08-31,17.0467
2004-08-30,17.0682
2004-08-27,17.1037
2004-08-26,17.1333
2004-08-25,17.1632
2004-08-24,17.1928
2004-08-23,17.2277
2004-08-20,17.2695
2004-08-19,17.2953
2004-08-18,17.3539
2004-08-17,17.3976
2004-08-16,17.4371
2004-08-13,17.4639
2004-08-12,17.4783
2004-08-11,17.5091
2004-08-10,17.5316
2004-08-09,17.5278
2004-08-06,17.55
2004-08-05,17.5724
2004-08-04,17.5758
2004-08-03,17.5771
2004-08-02,17.5755
2004-07-30,17.5771
2004-07-29,17.5814
2004-07-28,17.5839
2004-07-27,17.5814
2004-07-26,17.5765
2004-07-23,17.5736
2004-07-22,17.5849
2004-07-21,17.5631
2004-07-20,17.5453
2004-07-19,17.5462
2004-07-16,17.5587
2004-07-15,17.5677
2004-07-14,17.5506
2004-07-13,17.528
2004-07-12,17.5061
2004-07-09,17.4712
2004-07-08,17.4279
2004-07-07,17.3955
2004-07-06,17.3435
2004-07-02,17.2789
2004-07-01,17.1954
2004-06-30,17.1175
2004-06-29,17.0411
2004-06-28,16.9704
2004-06-25,16.9052
2004-06-24,16.8295
2004-06-23,16.7581
2004-06-22,16.679
2004-06-21,16.6042
2004-06-18,16.5225
2004-06-17,16.4374
2004-06-16,16.377
2004-06-15,16.3215
2004-06-14,16.2734
2004-06-10,16.2484
2004-06-09,16.2226
2004-06-08,16.2061
2004-06-07,16.1852
2004-06-04,16.1649
2004-06-03,16.1702
2004-06-02,16.183
2004-06-01,16.1892
2004-05-28,16.1967
2004-05-27,16.1936
2004-05-26,16.2026
2004-05-25,16.2157
2004-05-24,16.2506
2004-05-21,16.2968
2004-05-20,16.3482
2004-05-19,16.355
2004-05-18,16.3497
2004-05-17,16.3342
2004-05-14,16.3338
2004-05-13,16.312
2004-05-12,16.2844
2004-05-11,16.271
2004-05-10,16.2558
2004-05-07,16.2458
2004-05-06,16.2364
2004-05-05,16.2199
2004-05-04,16.2043
2004-05-03,16.1925
2004-04-30,16.1769
2004-04-29,16.1442
2004-04-28,16.0959
2004-04-27,16.0535
2004-04-26,15.994
2004-04-23,15.9251
2004-04-22,15.8519
2004-04-21,15.8039
2004-04-20,15.7634
2004-04-19,15.7375
2004-04-16,15.7094
2004-04-15,15.701
2004-04-14,15.6984
2004-04-13,15.6881
2004-04-12,15.6791
2004-04-08,15.6719
2004-04-07,15.6597
2004-04-06,15.6529
2004-04-05,15.6504
2004-04-02,15.6466
2004-04-01,15.6622
2004-03-31,15.7024
2004-03-30,15.7473
2004-03-29,15.7844
2004-03-26,15.8277
2004-03-25,15.8744
2004-03-24,15.9153
2004-03-23,15.9866
2004-03-22,16.0717
2004-03-19,16.1375
2004-03-18,16.198
2004-03-17,16.2469
2004-03-16,16.298
2004-03-15,16.3544
2004-03-12,16.399
2004-03-11,16.4479
2004-03-10,16.5121
2004-03-09,16.5635
2004-03-08,16.6003
2004-03-05,16.6393
2004-03-04,16.6583
2004-03-03,16.6782
2004-03-02,16.7069
2004-03-01,16.7384
2004-02-27,16.768
2004-02-26,16.811
2004-02-25,16.8487
2004-02-24,16.897
2004-02-23,16.9569
2004-02-20,17.0151
2004-02-19,17.06
2004-02-18,17.1174
2004-02-17,17.1588
2004-02-13,17.1844
2004-02-12,17.214
2004-02-11,17.2374
2004-02-10,17.2461
2004-02-09,17.2632
2004-02-06,17.2869
2004-02-05,17.3206
2004-02-04,17.3595
2004-02-03,17.3979
2004-02-02,17.4244
2004-01-30,17.4259
2004-01-29,17.4172
2004-01-28,17.405
2004-01-27,17.3972
2004-01-26,17.3648
2004-01-23,17.31
2004-01-22,17.2685
2004-01-21,17.2427
2004-01-20,17.2134
2004-01-16,17.1915
2004-01-15,17.1675
2004-01-14,17.1526
2004-01-13,17.1227
2004-01-12,17.0984
2004-01-09,17.0684
2004-01-08,17.0351
2004-01-07,16.9796
2004-01-06,16.9182
2004-01-05,16.8478
2004-01-02,16.7873
2003-12-31,16.7318
2003-12-30,16.6785
2003-12-29,16.6262
2003-12-26,16.5716
2003-12-24,16.5168
2003-12-23,16.4657
2003-12-22,16.4214
2003-12-19,16.3569
2003-12-18,16.2865
2003-12-17,16.2226
2003-12-16,16.1637
2003-12-15,16.1041
2003-12-12,16.0655
2003-12-11,16.0356
2003-12-10,16.0159
2003-12-09,15.9913
2003-12-08,15.9795
2003-12-05,15.9751
2003-12-04,15.9829
2003-12-03,15.9798
2003-12-02,15.9923
2003-12-01,16.024
2003-11-28,16.0334
2003-11-26,16.0462
2003-11-25,16.0864
2003-11-24,16.1425
2003-11-21,16.1793
2003-11-20,16.226
2003-11-19,16.3447
2003-11-18,16.4551
2003-11-17,16.586
2003-11-14,16.7169
2003-11-13,16.8238
2003-11-12,16.9341
2003-11-11,17.0304
2003-11-10,17.1153
2003-11-07,17.197
2003-11-06,17.2797
2003-11-05,17.3592
2003-11-04,17.439
2003-11-03,17.5298
2003-10-31,17.603
2003-10-30,17.6897
2003-10-29,17.759
2003-10-28,17.8096
2003-10-27,17.8236
2003-10-24,17.8785
2003-10-23,17.9229
2003-10-22,17.8972
2003-10-21,17.879
2003-10-20,17.8817
2003-10-17,17.868
2003-10-16,17.895
2003-10-15,17.8984
2003-10-14,17.8758
2003-10-13,17.8826
2003-10-10,17.8696
2003-10-09,17.8519
2003-10-08,17.8178
2003-10-07,17.7784
2003-10-06,17.7546
2003-10-03,17.7437
2003-10-02,17.722
2003-10-01,17.7198
2003-09-30,17.713
2003-09-29,17.6963
2003-09-26,17.6247
2003-09-25,17.5726
2003-09-24,17.5162
2003-09-23,17.4576
2003-09-22,17.3615
2003-09-19,17.2732
2003-09-18,17.1579
2003-09-17,17.0633
2003-09-16,17.0051
2003-09-15,16.9059
2003-09-12,16.8185
2003-09-11,16.7345
2003-09-10,16.665
2003-09-09,16.6086
2003-09-08,16.5231
2003-09-05,16.422
2003-09-04,16.3393
2003-09-03,16.2531
2003-09-02,16.1713
2003-08-29,16.1378
2003-08-28,16.127
2003-08-27,16.1239
2003-08-26,16.118
2003-08-25,16.1149
2003-08-22,16.1183
2003-08-21,16.139
2003-08-20,16.1316
2003-08-19,16.1316
2003-08-18,16.1242
2003-08-15,16.1347
2003-08-14,16.1765
2003-08-13,16.2094
2003-08-12,16.2689
2003-08-11,16.3167
2003-08-08,16.3721
2003-08-07,16.4258
2003-08-06,16.463
2003-08-05,16.5194
2003-08-04,16.5826
2003-08-01,16.621
2003-07-31,16.6313
2003-07-30,16.6458
2003-07-29,16.6433
2003-07-28,16.6176
2003-07-25,16.5872
2003-07-24,16.5519
2003-07-23,16.529
2003-07-22,16.5057
2003-07-21,16.4871
2003-07-18,16.4961
2003-07-17,16.4707
2003-07-16,16.4515
2003-07-15,16.4031
2003-07-14,16.3449
2003-07-11,16.2596
2003-07-10,16.1877
2003-07-09,16.1248
2003-07-08,16.0383
2003-07-07,15.9159
2003-07-03,15.7996
2003-07-02,15.7249
2003-07-01,15.6626
2003-06-30,15.6233
2003-06-27,15.5923
2003-06-26,15.5607
2003-06-25,15.5188
2003-06-24,15.4925
2003-06-23,15.4643
2003-06-20,15.4159
2003-06-19,15.3486
2003-06-18,15.2854
2003-06-17,15.2408
2003-06-16,15.2036
2003-06-13,15.2092
2003-06-12,15.2445
2003-06-11,15.264
2003-06-10,15.2984
2003-06-09,15.3455
2003-06-06,15.4264
2003-06-05,15.4906
2003-06-04,15.5495
2003-06-03,15.596
2003-06-02,15.6264
2003-05-30,15.6716
2003-05-29,15.706
2003-05-28,15.7423
2003-05-27,15.7854
2003-05-23,15.8148
2003-05-22,15.8458
2003-05-21,15.887
2003-05-20,15.9394
2003-05-19,15.9745
2003-05-16,15.9884
2003-05-15,15.9862
2003-05-14,15.9593
2003-05-13,15.9277
2003-05-12,15.8895
2003-05-09,15.8275
2003-05-08,15.7727
2003-05-07,15.7364
2003-05-06,15.7237
2003-05-05,15.6865
2003-05-02,15.6626
2003-05-01,15.6512
2003-04-30,15.6512
2003-04-29,15.6133
2003-04-28,15.5641
2003-04-25,15.5309
2003-04-24,15.5253
2003-04-23,15.5179
2003-04-22,15.5108
2003-04-21,15.4962
2003-04-17,15.5383
2003-04-16,15.5616
2003-04-15,15.605
2003-04-14,15.6496
2003-04-11,15.6859
2003-04-10,15.7063
2003-04-09,15.7088
2003-04-08,15.6722
2003-04-07,15.5861
2003-04-04,15.5173
2003-04-03,15.4698
2003-04-02,15.3936
2003-04-01,15.3229
2003-03-31,15.2832
2003-03-28,15.2625
2003-03-27,15.2324
2003-03-26,15.1872
2003-03-25,15.1363
2003-03-24,15.096
2003-03-21,15.0582
2003-03-20,14.9981
2003-03-19,14.9327
2003-03-18,14.8772
2003-03-17,14.8412
2003-03-14,14.7836
2003-03-13,14.7389
2003-03-12,14.6916
2003-03-11,14.684
2003-03-10,14.7092
2003-03-07,14.7174
2003-03-06,14.7197
2003-03-05,14.7238
2003-03-04,14.7283
2003-03-03,14.7633
2003-02-28,14.7668
2003-02-27,14.7774
2003-02-26,14.8175
2003-02-25,14.8398
2003-02-24,14.8496
2003-02-21,14.8736
2003-02-20,14.9178
2003-02-19,14.9574
2003-02-18,14.99
2003-02-14,15.0137
2003-02-13,15.1226
2003-02-12,15.266
2003-02-11,15.4287
2003-02-10,15.5824
2003-02-07,15.7143
2003-02-06,15.8569
2003-02-05,15.9622
2003-02-04,16.0988
2003-02-03,16.2139
2003-01-31,16.2947
2003-01-30,16.3914
2003-01-29,16.4448
2003-01-28,16.4887
2003-01-27,16.5528
2003-01-24,16.618
2003-01-23,16.6793
2003-01-22,16.7059
2003-01-21,16.7374
2003-01-17,16.7649
2003-01-16,16.7969
2003-01-15,16.7816
2003-01-14,16.7539
2003-01-13,16.6849
2003-01-10,16.6506
2003-01-09,16.6311
2003-01-08,16.6033
2003-01-07,16.5923
2003-01-06,16.5872
2003-01-03,16.596
2003-01-02,16.6385
2002-12-31,16.6847
2002-12-30,16.7772
2002-12-27,16.8534
2002-12-26,16.9323
2002-12-24,16.9866
2002-12-23,17.0547
2002-12-20,17.1199
2002-12-19,17.194
2002-12-18,17.2482
2002-12-17,17.2688
2002-12-16,17.2918
2002-12-13,17.3259
2002-12-12,17.3953
2002-12-11,17.4137
2002-12-10,17.4114
2002-12-09,17.4091
2002-12-06,17.4333
2002-12-05,17.4416
2002-12-04,17.4678
2002-12-03,17.4699
2002-12-02,17.4605
2002-11-29,17.388
2002-11-27,17.323
2002-11-26,17.2462
2002-11-25,17.1716
2002-11-22,17.0746
2002-11-21,16.989
2002-11-20,16.8869
2002-11-19,16.8341
2002-11-18,16.7848
2002-11-15,16.7332
2002-11-14,16.6785
2002-11-13,16.5825
2002-11-12,16.506
2002-11-11,16.4717
2002-11-08,16.4011
2002-11-07,16.3049
2002-11-06,16.1561
2002-11-05,15.9547
2002-11-04,15.7741
2002-11-01,15.5879
2002-10-31,15.4453
2002-10-30,15.3114
2002-10-29,15.1956
2002-10-28,15.1053
2002-10-25,14.9785
2002-10-24,14.8637
2002-10-23,14.786
2002-10-22,14.6827
2002-10-21,14.5895
2002-10-18,14.4771
2002-10-17,14.3892
2002-10-16,14.334
2002-10-15,14.293
2002-10-14,14.2157
2002-10-11,14.1924
2002-10-10,14.1776
2002-10-09,14.1895
2002-10-08,14.2604
2002-10-07,14.3345
2002-10-04,14.4063
2002-10-03,14.4689
2002-10-02,14.486
2002-10-01,14.5262
2002-09-30,14.5384
2002-09-27,14.6209
2002-09-26,14.7032
2002-09-25,14.7524
2002-09-24,14.8193
2002-09-23,14.919
2002-09-20,15.027
2002-09-19,15.1162
2002-09-18,15.1946
2002-09-17,15.2455
2002-09-16,15.3182
2002-09-13,15.3525
2002-09-12,15.3812
2002-09-11,15.4208
2002-09-10,15.3973
2002-09-09,15.3769
2002-09-06,15.368
2002-09-05,15.3848
2002-09-04,15.403
2002-09-03,15.3638
2002-08-30,15.317
2002-08-29,15.2448
2002-08-28,15.1702
2002-08-27,15.1486
2002-08-26,15.1063
2002-08-23,15.0468
2002-08-22,14.9407
2002-08-21,14.78
2002-08-20,14.6866
2002-08-19,14.5625
2002-08-16,14.4932
2002-08-15,14.4864
2002-08-14,14.5071
2002-08-13,14.5424
2002-08-12,14.6072
2002-08-09,14.6586
2002-08-08,14.7164
2002-08-07,14.7782
2002-08-06,14.8577
2002-08-05,14.9742
2002-08-02,15.1121
2002-08-01,15.2734
2002-07-31,15.3675
2002-07-30,15.4209
2002-07-29,15.4914
2002-07-26,15.591
2002-07-25,15.7389
2002-07-24,15.9134
2002-07-23,16.0172
2002-07-22,16.1895
2002-07-19,16.2631
2002-07-18,16.3333
2002-07-17,16.3835
2002-07-16,16.4451
2002-07-15,16.5136
2002-07-12,16.5668
2002-07-11,16.6033
2002-07-10,16.6439
2002-07-09,16.649
2002-07-08,16.643
2002-07-05,16.6285
2002-07-03,16.5829
2002-07-02,16.5801
2002-07-01,16.5576
2002-06-28,16.5075
2002-06-27,16.449
2002-06-26,16.4138
2002-06-25,16.3816
2002-06-24,16.3719
2002-06-21,16.358
2002-06-20,16.3972
2002-06-19,16.3909
2002-06-18,16.3574
2002-06-17,16.3268
2002-06-14,16.3322
2002-06-13,16.3398
2002-06-12,16.348
2002-06-11,16.3378
2002-06-10,16.3396
2002-06-07,16.2968
2002-06-06,16.299
2002-06-05,16.3464
2002-06-04,16.3126
2002-06-03,16.2916
2002-05-31,16.2937
2002-05-30,16.2984
2002-05-29,16.3001
2002-05-28,16.3033
2002-05-24,16.3021
2002-05-23,16.2749
2002-05-22,16.258
2002-05-21,16.2477
2002-05-20,16.2755
2002-05-17,16.2999
2002-05-16,16.318
2002-05-15,16.3277
2002-05-14,16.3568
2002-05-13,16.402
2002-05-10,16.4484
2002-05-09,16.5392
2002-05-08,16.5804
2002-05-07,16.601
2002-05-06,16.6844
2002-05-03,16.8173
2002-05-02,16.9147
2002-05-01,16.9957
2002-04-30,17.051
2002-04-29,17.1285
2002-04-26,17.2543
2002-04-25,17.3904
2002-04-24,17.4786
2002-04-23,17.5722
2002-04-22,17.6531
2002-04-19,17.7282
2002-04-18,17.7925
2002-04-17,17.8501
2002-04-16,17.9366
2002-04-15,18.0035
2002-04-12,18.1085
2002-04-11,18.1902
2002-04-10,18.3032
2002-04-09,18.3996
2002-04-08,18.5458
2002-04-05,18.6498
2002-04-04,18.7556
2002-04-03,18.8665
2002-04-02,18.9708
2002-04-01,19.0638
2002-03-28,19.0791
2002-03-27,19.0487
2002-03-26,19.0324
2002-03-25,19.0243
2002-03-22,19.0219
2002-03-21,18.9839
2002-03-20,18.9328
2002-03-19,18.9297
2002-03-18,18.8787
2002-03-15,18.8492
2002-03-14,18.8367
2002-03-13,18.846
2002-03-12,18.8157
2002-03-11,18.7939
2002-03-08,18.7369
2002-03-07,18.6728
2002-03-06,18.637
2002-03-05,18.5987
2002-03-04,18.5684
2002-03-01,18.5585
2002-02-28,18.5947
2002-02-27,18.6643
2002-02-26,18.725
2002-02-25,18.8065
2002-02-22,18.8794
2002-02-21,18.9815
2002-02-20,19.0694
2002-02-19,19.1398
2002-02-15,19.2506
2002-02-14,19.3993
2002-02-13,19.495
2002-02-12,19.6144
2002-02-11,19.743
2002-02-08,19.8586
2002-02-07,19.9919
2002-02-06,20.1295
2002-02-05,20.2683
2002-02-04,20.3827
2002-02-01,20.5029
2002-01-31,20.6044
2002-01-30,20.6558
2002-01-29,20.7084
2002-01-28,20.7941
2002-01-25,20.8564
2002-01-24,20.9163
2002-01-23,20.9575
2002-01-22,21.0162
2002-01-18,21.0518
2002-01-17,21.1041
2002-01-16,21.095
2002-01-15,21.1122
2002-01-14,21.0796
2002-01-11,21.0456
2002-01-10,21.0354
2002-01-09,21.0051
2002-01-08,20.9796
2002-01-07,20.9557
2002-01-04,20.9571
2002-01-03,20.9447
2002-01-02,20.8948
2001-12-31,20.8598
2001-12-28,20.8282
2001-12-27,20.7814
2001-12-26,20.7034
2001-12-24,20.6426
2001-12-21,20.6097
2001-12-20,20.5659
2001-12-19,20.5241
2001-12-18,20.4609
2001-12-17,20.4187
2001-12-14,20.3688
2001-12-13,20.3484
2001-12-12,20.3435
2001-12-11,20.3427
2001-12-10,20.3191
2001-12-07,20.2905
2001-12-06,20.2378
2001-12-05,20.1699
2001-12-04,20.1186
2001-12-03,20.0764
2001-11-30,20.0243
2001-11-29,19.9877
2001-11-28,19.8844
2001-11-27,19.8238
2001-11-26,19.7605
2001-11-23,19.7151
2001-11-21,19.6819
2001-11-20,19.6397
2001-11-19,19.5629
2001-11-16,19.4644
2001-11-15,19.3431
2001-11-14,19.1984
2001-11-13,19.0451
2001-11-12,18.8991
2001-11-09,18.7797
2001-11-08,18.6433
2001-11-07,18.5182
2001-11-06,18.3832
2001-11-05,18.2253
2001-11-02,18.1445
2001-11-01,18.0877
2001-10-31,18.0043
2001-10-30,17.9746
2001-10-29,17.8845
2001-10-26,17.7633
2001-10-25,17.5929
2001-10-24,17.3982
2001-10-23,17.2275
2001-10-22,17.0865
2001-10-19,16.9606
2001-10-18,16.8341
2001-10-17,16.7416
2001-10-16,16.7082
2001-10-15,16.6444
2001-10-12,16.5648
2001-10-11,16.5834
2001-10-10,16.5692
2001-10-09,16.577
2001-10-08,16.6262
2001-10-05,16.5962
2001-10-04,16.5858
2001-10-03,16.5936
2001-10-02,16.6557
2001-10-01,16.7745
2001-09-28,16.937
2001-09-27,17.105
2001-09-26,17.2465
2001-09-25,17.407
2001-09-24,17.5535
2001-09-21,17.7186
2001-09-20,17.9066
2001-09-19,18.1207
2001-09-18,18.2649
2001-09-17,18.425
2001-09-10,18.6246
2001-09-07,18.7473
2001-09-06,18.8957
2001-09-05,19.0323
2001-09-04,19.1653
2001-08-31,19.3202
2001-08-30,19.4722
2001-08-29,19.6346
2001-08-28,19.7307
2001-08-27,19.8149
2001-08-24,19.8688
2001-08-23,19.9216
2001-08-22,20.037
2001-08-21,20.1424
2001-08-20,20.2279
2001-08-17,20.2958
2001-08-16,20.4085
2001-08-15,20.5313
2001-08-14,20.6452
2001-08-13,20.7553
2001-08-10,20.838
2001-08-09,20.9279
2001-08-08,21.0297
2001-08-07,21.055
2001-08-06,21.0261
2001-08-03,21.0193
2001-08-02,21.0065
2001-08-01,21.0229
2001-07-31,21.0847
2001-07-30,21.1528
2001-07-27,21.264
2001-07-26,21.3763
2001-07-25,21.4466
2001-07-24,21.4877
2001-07-23,21.5268
2001-07-20,21.5537
2001-07-19,21.5639
2001-07-18,21.515
2001-07-17,21.4648
2001-07-16,21.3885
2001-07-13,21.3397
2001-07-12,21.302
2001-07-11,21.288
2001-07-10,21.3742
2001-07-09,21.4922
2001-07-06,21.608
2001-07-05,21.7258
2001-07-03,21.7852
2001-07-02,21.8181
2001-06-29,21.8209
2001-06-28,21.7798
2001-06-27,21.7248
2001-06-26,21.6947
2001-06-25,21.6978
2001-06-22,21.7296
2001-06-21,21.7743
2001-06-20,21.7721
2001-06-19,21.786
2001-06-18,21.8087
2001-06-15,21.8274
2001-06-14,21.8297
2001-06-13,21.8337
2001-06-12,21.7963
2001-06-11,21.7444
2001-06-08,21.7024
2001-06-07,21.6531
2001-06-06,21.6025
2001-06-05,21.5978
2001-06-04,21.579
2001-06-01,21.5785
2001-05-31,21.5506
2001-05-30,21.5595
2001-05-29,21.5747
2001-05-25,21.5347
2001-05-24,21.4761
2001-05-23,21.4361
2001-05-22,21.436
2001-05-21,21.3933
2001-05-18,21.385
2001-05-17,21.399
2001-05-16,21.397
2001-05-15,21.3394
2001-05-14,21.2345
2001-05-11,21.112
2001-05-10,21.0005
2001-05-09,20.8466
2001-05-08,20.681
2001-05-07,20.4507
2001-05-04,20.216
2001-05-03,19.9998
2001-05-02,19.7435
2001-05-01,19.4905
2001-04-30,19.2686
2001-04-27,19.0669
2001-04-26,18.8855
2001-04-25,18.6759
2001-04-24,18.4992
2001-04-23,18.3217
2001-04-20,18.1411
2001-04-19,17.9094
2001-04-18,17.6317
2001-04-17,17.4349
2001-04-16,17.3241
2001-04-12,17.2279
2001-04-11,17.0967
2001-04-10,17.0034
2001-04-09,16.9186
2001-04-06,16.8381
2001-04-05,16.8458
2001-04-04,16.8845
2001-04-03,17.0196
2001-04-02,17.1132
2001-03-30,17.1384
2001-03-29,17.1693
2001-03-28,17.2308
2001-03-27,17.2839
2001-03-26,17.3014
2001-03-23,17.3555
2001-03-22,17.3584
2001-03-21,17.3768
2001-03-20,17.4724
2001-03-19,17.5217
2001-03-16,17.568
2001-03-15,17.6337
2001-03-14,17.7061
2001-03-13,17.7708
2001-03-12,17.8413
2001-03-09,17.9523
2001-03-08,18.0382
2001-03-07,18.1223
2001-03-06,18.1512
2001-03-05,18.1898
2001-03-02,18.2418
2001-03-01,18.3297
2001-02-28,18.356
2001-02-27,18.4237
2001-02-26,18.5027
2001-02-23,18.5713
2001-02-22,18.6495
2001-02-21,18.7692
2001-02-20,18.8358
2001-02-16,18.9015
2001-02-15,18.9585
2001-02-14,18.9073
2001-02-13,18.8233
2001-02-12,18.7363
2001-02-09,18.6552
2001-02-08,18.5914
2001-02-07,18.4467
2001-02-06,18.2477
2001-02-05,18.0373
2001-02-02,17.8394
2001-02-01,17.6483
2001-01-31,17.4253
2001-01-30,17.1522
2001-01-29,16.8432
2001-01-26,16.5352
2001-01-25,16.2639
2001-01-24,16.0333
2001-01-23,15.7784
2001-01-22,15.5139
2001-01-19,15.2261
2001-01-18,14.976
2001-01-17,14.8573
2001-01-16,14.7993
2001-01-12,14.8447
2001-01-11,14.9027
2001-01-10,14.9549
2001-01-09,15.0349
2001-01-08,15.0755
2001-01-05,15.1403
2001-01-04,15.257
2001-01-03,15.4338
2001-01-02,15.5651
2000-12-29,15.7697
2000-12-28,15.986
2000-12-27,16.3027
2000-12-26,16.6203
2000-12-22,16.9881
2000-12-21,17.3511
2000-12-20,17.7344
2000-12-19,18.1399
2000-12-18,18.4856
2000-12-15,18.8139
2000-12-14,19.119
2000-12-13,19.3439
2000-12-12,19.5224
2000-12-11,19.647
2000-12-08,19.7908
2000-12-07,20.0446
2000-12-06,20.2965
2000-12-05,20.5099
2000-12-04,20.6585
2000-12-01,20.8409
2000-11-30,21.0522
2000-11-29,21.2413
2000-11-28,21.3002
2000-11-27,21.332
2000-11-24,21.2856
2000-11-22,21.2007
2000-11-21,21.0926
2000-11-20,20.996
2000-11-17,20.9178
2000-11-16,20.8581
2000-11-15,20.749
2000-11-14,20.4661
2000-11-13,20.1824
2000-11-10,19.9343
2000-11-09,19.7239
2000-11-08,19.4692
2000-11-07,19.2577
2000-11-06,19.0114
2000-11-03,18.7749
2000-11-02,18.5789
2000-11-01,18.3483
2000-10-31,18.1292
2000-10-30,17.9391
2000-10-27,17.7857
2000-10-26,17.6717
2000-10-25,17.6233
2000-10-24,17.6137
2000-10-23,17.6321
2000-10-20,17.6185
2000-10-19,17.5886
2000-10-18,17.6242
2000-10-17,17.8173
2000-10-16,18.0423
2000-10-13,18.2372
2000-10-12,18.3985
2000-10-11,18.575
2000-10-10,18.7681
2000-10-09,18.9776
2000-10-06,19.2035
2000-10-05,19.4159
2000-10-04,19.6426
2000-10-03,19.8589
2000-10-02,20.0684
2000-09-29,20.2392
2000-09-28,20.386
2000-09-27,20.5202
2000-09-26,20.6795
2000-09-25,20.8126
2000-09-22,20.9574
2000-09-21,21.079
2000-09-20,21.1803
2000-09-19,21.2884
2000-09-18,21.3752
2000-09-15,21.4988
2000-09-14,21.6127
2000-09-13,21.6928
2000-09-12,21.7449
2000-09-11,21.8078
2000-09-08,21.8639
2000-09-07,21.915
2000-09-06,21.9797
2000-09-05,22.052
2000-09-01,22.0502
2000-08-31,22.0336
2000-08-30,22.0404
2000-08-29,22.0307
2000-08-28,21.9959
2000-08-25,21.9728
2000-08-24,21.9584
2000-08-23,21.9314
2000-08-22,21.8859
2000-08-21,21.8512
2000-08-18,21.8503
2000-08-17,21.8705
2000-08-16,21.9207
2000-08-15,21.9534
2000-08-14,22.0597
2000-08-11,22.1524
2000-08-10,22.2528
2000-08-09,22.3659
2000-08-08,22.4595
2000-08-07,22.5368
2000-08-04,22.6826
2000-08-03,22.8815
2000-08-02,23.0467
2000-08-01,23.1877
2000-07-31,23.3624
2000-07-28,23.5198
2000-07-27,23.6357
2000-07-26,23.7835
2000-07-25,23.9535
2000-07-24,24.1157
2000-07-21,24.2258
2000-07-20,24.3426
2000-07-19,24.4334
2000-07-18,24.4615
2000-07-17,24.3872
2000-07-14,24.3003
2000-07-13,24.1988
2000-07-12,24.0529
2000-07-11,23.8608
2000-07-10,23.6715
2000-07-07,23.5073
2000-07-06,23.3036
2000-07-05,23.1423
2000-07-03,23.0051
2000-06-30,22.8023
2000-06-29,22.5908
2000-06-28,22.3957
2000-06-27,22.1427
2000-06-26,21.9043
2000-06-23,21.6253
2000-06-22,21.3752
2000-06-21,21.1542
2000-06-20,20.8839
2000-06-19,20.7178
2000-06-16,20.5845
2000-06-15,20.4861
2000-06-14,20.4138
2000-06-13,20.3983
2000-06-12,20.4215
2000-06-09,20.4515
2000-06-08,20.437
2000-06-07,20.3965
2000-06-06,20.3549
2000-06-05,20.3579
2000-06-02,20.4235
2000-06-01,20.4873
2000-05-31,20.58
2000-05-30,20.6929
2000-05-26,20.8483
2000-05-25,20.9767
2000-05-24,21.1051
2000-05-23,21.1428
2000-05-22,21.2382
2000-05-19,21.2758
2000-05-18,21.4902
2000-05-17,21.6833
2000-05-16,21.8821
2000-05-15,21.9805
2000-05-12,22.0539
2000-05-11,22.2151
2000-05-10,22.3928
2000-05-09,22.6659
2000-05-08,22.9478
2000-05-05,23.2452
2000-05-04,23.475
2000-05-03,23.7211
2000-05-02,23.9992
2000-05-01,24.3236
2000-04-28,24.8304
2000-04-27,25.3498
2000-04-26,25.9272
2000-04-25,26.4881
2000-04-24,27.024
2000-04-20,27.7202
2000-04-19,28.2289
2000-04-18,28.6083
2000-04-17,28.9511
2000-04-14,29.2832
2000-04-13,29.6733
2000-04-12,29.9223
2000-04-11,30.1694
2000-04-10,30.3432
2000-04-07,30.5277
2000-04-06,30.7121
2000-04-05,30.9284
2000-04-04,31.0704
2000-04-03,31.1369
2000-03-31,31.1331
2000-03-30,30.9766
2000-03-29,30.8221
2000-03-28,30.5691
2000-03-27,30.3383
2000-03-24,30.1452
2000-03-23,29.8304
2000-03-22,29.5659
2000-03-21,29.4269
2000-03-20,29.2888
2000-03-17,29.2531
2000-03-16,29.257
2000-03-15,29.2917
2000-03-14,29.341
2000-03-13,29.4105
2000-03-10,29.4405
2000-03-09,29.5177
2000-03-08,29.5795
2000-03-07,29.8016
2000-03-06,30.014
2000-03-03,30.2603
2000-03-02,30.3761
2000-03-01,30.4911
2000-02-29,30.6784
2000-02-28,30.8097
2000-02-25,30.9131
2000-02-24,31.028
2000-02-23,31.0994
2000-02-22,31.2316
2000-02-18,31.3466
2000-02-17,31.4808
2000-02-16,31.5794
2000-02-15,31.7243
2000-02-14,31.983
2000-02-11,32.1781
2000-02-10,32.2997
2000-02-09,32.2967
2000-02-08,32.3797
2000-02-07,32.4154
2000-02-04,32.4898
2000-02-03,32.543
2000-02-02,32.7004
2000-02-01,32.8828
2000-01-31,33.0932
2000-01-28,33.3849
2000-01-27,33.6841
2000-01-26,33.9805
2000-01-25,34.2606
2000-01-24,34.5126
2000-01-21,34.7627
2000-01-20,34.976
2000-01-19,35.1285
2000-01-18,35.2173
2000-01-14,35.2164
2000-01-13,35.2386
2000-01-12,35.2483
2000-01-11,35.1383
2000-01-10,34.9414
2000-01-07,34.6575
2000-01-06,34.3687
2000-01-05,34.0868
2000-01-04,33.7654
2000-01-03,33.5
1999-12-31,33.1842
1999-12-30,32.8453
1999-12-29,32.4679
1999-12-28,32.0525
1999-12-27,31.6306
1999-12-23,31.1981
1999-12-22,30.8003
1999-12-21,30.3687
1999-12-20,29.9662
1999-12-17,29.5529
1999-12-16,29.0847
1999-12-15,28.6415
1999-12-14,28.3151
1999-12-13,28.1345
1999-12-10,28.0197
1999-12-09,27.9541
1999-12-08,27.8671
1999-12-07,27.8226
1999-12-06,27.7754
1999-12-03,27.7154
1999-12-02,27.6479
1999-12-01,27.6045
1999-11-30,27.5948
1999-11-29,27.6152
