date,ADX
2024-10-04,14.286
2024-10-03,14.4682
2024-10-02,14.6426
2024-10-01,14.9925
2024-09-30,15.5071
2024-09-27,16.1063
2024-09-26,16.5678
2024-09-25,16.9195
2024-09-24,17.4346
2024-09-23,17.9768
2024-09-20,18.2243
2024-09-19,18.1803
2024-09-18,17.9135
2024-09-17,17.9283
2024-09-16,17.794
2024-09-13,18.1325
2024-09-12,18.595
2024-09-11,19.3689
2024-09-10,20.3642
2024-09-09,20.8411
2024-09-06,20.6716
2024-09-05,20.4931
2024-09-04,20.6144
2024-09-03,20.5784
2024-08-30,20.6941
2024-08-29,21.127
2024-08-28,21.5827
2024-08-27,21.4743
2024-08-26,21.5249
2024-08-23,21.6394
2024-08-22,21.8009
2024-08-21,22.1073
2024-08-20,22.8423
2024-08-19,23.5773
2024-08-16,24.056
2024-08-15,24.6053
2024-08-14,25.2022
2024-08-13,25.5495
2024-08-12,25.7221
2024-08-09,25.452
2024-08-08,25.1146
2024-08-07,24.5991
2024-08-06,24.0564
2024-08-05,23.1738
2024-08-02,21.9058
2024-08-01,21.164
2024-07-31,20.7354
2024-07-30,19.8147
2024-07-29,19.0507
2024-07-26,18.5698
2024-07-25,17.7888
2024-07-24,16.9767
2024-07-23,16.5777
2024-07-22,17.0874
2024-07-19,17.3006
2024-07-18,17.2131
2024-07-17,17.2736
2024-07-16,17.6583
2024-07-15,18.5384
2024-07-12,19.0445
2024-07-11,19.6461
2024-07-10,20.2004
2024-07-09,20.0966
2024-07-08,19.9874
2024-07-05,19.1932
2024-07-03,18.3573
2024-07-02,17.8918
2024-07-01,17.4898
2024-06-28,17.2043
2024-06-27,17.0287
2024-06-26,16.3009
2024-06-25,15.6825
2024-06-24,15.1594
2024-06-21,14.6089
2024-06-20,14.1519
2024-06-18,13.9081
2024-06-17,13.3232
2024-06-14,12.7074
2024-06-13,12.5084
2024-06-12,12.0652
2024-06-11,11.5987
2024-06-10,11.7703
2024-06-07,12.3017
2024-06-06,12.8979
2024-06-05,13.4512
2024-06-04,13.9413
2024-06-03,13.841
2024-05-31,13.7344
2024-05-30,13.6223
2024-05-29,14.1241
2024-05-28,14.146
2024-05-24,14.0841
2024-05-23,14.0188
2024-05-22,13.8622
2024-05-21,13.5512
2024-05-20,13.2239
2024-05-17,13.2356
2024-05-16,13.4876
2024-05-15,13.5761
2024-05-14,13.7658
2024-05-13,14.4149
2024-05-10,15.0982
2024-05-09,15.7749
2024-05-08,16.311
2024-05-07,16.8431
2024-05-06,17.5381
2024-05-03,18.2252
2024-05-02,18.5291
2024-05-01,18.3542
2024-04-30,18.17
2024-04-29,17.9761
2024-04-26,18.2265
2024-04-25,18.8275
2024-04-24,18.5444
2024-04-23,19.3803
2024-04-22,19.9062
2024-04-19,19.9727
2024-04-18,20.1766
2024-04-17,20.8332
2024-04-16,21.8065
2024-04-15,22.517
2024-04-12,23.2649
2024-04-11,23.4321
2024-04-10,23.3295
2024-04-09,23.5926
2024-04-08,23.6618
2024-04-05,23.5511
2024-04-04,23.4838
2024-04-03,23.4129
2024-04-02,23.681
2024-04-01,24.0215
2024-03-28,23.957
2024-03-27,24.276
2024-03-26,24.6117
2024-03-25,24.7434
2024-03-22,24.8578
2024-03-21,24.5542
2024-03-20,24.1281
2024-03-19,23.9285
2024-03-18,23.9562
2024-03-15,24.0383
2024-03-14,24.1248
2024-03-13,23.7612
2024-03-12,23.8936
2024-03-11,24.19
2024-03-08,25.1813
2024-03-07,25.954
2024-03-06,26.8133
2024-03-05,28.0593
2024-03-04,29.1845
2024-03-01,29.2235
2024-02-29,29.3593
2024-02-28,29.6094
2024-02-27,30.2051
2024-02-26,30.9017
2024-02-23,31.2764
2024-02-22,31.5012
2024-02-21,31.9254
2024-02-20,33.1473
2024-02-16,34.354
2024-02-15,35.0455
2024-02-14,35.6773
2024-02-13,36.3118
2024-02-12,37.0134
2024-02-09,36.3837
2024-02-08,35.6734
2024-02-07,35.1831
2024-02-06,34.7326
2024-02-05,34.6183
2024-02-02,34.3531
2024-02-01,34.074
2024-01-31,34.0492
2024-01-30,34.023
2024-01-29,32.7277
2024-01-26,31.4945
2024-01-25,30.3718
2024-01-24,29.1749
2024-01-23,27.9779
2024-01-22,27.03
2024-01-19,26.0322
2024-01-18,25.0842
2024-01-17,24.3495
2024-01-16,23.819
2024-01-12,22.8713
2024-01-11,22.2117
2024-01-10,21.5174
2024-01-09,21.2555
2024-01-08,21.7422
2024-01-05,22.3398
2024-01-04,23.3213
2024-01-03,24.2705
2024-01-02,25.1029
2023-12-29,25.979
2023-12-28,26.0026
2023-12-27,26.0898
2023-12-26,26.305
2023-12-22,26.437
2023-12-21,26.7246
2023-12-20,27.0926
2023-12-19,27.4196
2023-12-18,27.9891
2023-12-15,28.6099
2023-12-14,29.3107
2023-12-13,30.0483
2023-12-12,30.0959
2023-12-11,30.3641
2023-12-08,30.8487
2023-12-07,31.1155
2023-12-06,31.607
2023-12-05,31.932
2023-12-04,32.3478
2023-12-01,33.0289
2023-11-30,32.7498
2023-11-29,31.8701
2023-11-28,30.6487
2023-11-27,29.42
2023-11-24,28.2317
2023-11-22,27.1044
2023-11-21,25.9179
2023-11-20,24.835
2023-11-17,23.6952
2023-11-16,22.7118
2023-11-15,21.269
2023-11-14,19.8952
2023-11-13,18.5392
2023-11-10,17.2798
2023-11-09,15.9542
2023-11-08,14.8254
2023-11-07,13.6856
2023-11-06,12.559
2023-11-03,11.6402
2023-11-02,10.8569
2023-11-01,10.3858
2023-10-31,9.985
2023-10-30,10.1948
2023-10-27,10.4158
2023-10-26,10.8697
2023-10-25,11.3476
2023-10-24,10.8451
2023-10-23,11.2028
2023-10-20,11.5793
2023-10-19,12.084
2023-10-18,12.2196
2023-10-17,12.4912
2023-10-16,12.9937
2023-10-13,13.1582
2023-10-12,13.5616
2023-10-11,13.7118
2023-10-10,13.9469
2023-10-09,14.3575
2023-10-06,14.8655
2023-10-05,15.5036
2023-10-04,15.4703
2023-10-03,15.4352
2023-10-02,15.3983
2023-09-29,15.7001
2023-09-28,15.7476
2023-09-27,15.3192
2023-09-26,14.7199
2023-09-25,14.1124
2023-09-22,13.8436
2023-09-21,13.6517
2023-09-20,13.4497
2023-09-19,13.6799
2023-09-18,14.2842
2023-09-15,14.9747
2023-09-14,15.3732
2023-09-13,14.9981
2023-09-12,14.9454
2023-09-11,14.8521
2023-09-08,14.2557
2023-09-07,13.807
2023-09-06,13.5928
2023-09-05,13.2244
2023-09-01,12.8366
2023-08-31,12.6562
2023-08-30,12.5543
2023-08-29,12.5356
2023-08-28,12.5812
2023-08-25,12.8554
2023-08-24,13.2078
2023-08-23,13.4751
2023-08-22,14.0511
2023-08-21,14.6659
2023-08-18,15.0264
2023-08-17,14.9975
2023-08-16,15.3147
2023-08-15,15.94
2023-08-14,16.6328
2023-08-11,17.2751
2023-08-10,17.8136
2023-08-09,18.5235
2023-08-08,19.1802
2023-08-07,20.0064
2023-08-04,20.918
2023-08-03,21.8776
2023-08-02,22.8019
2023-08-01,23.8015
2023-07-31,24.747
2023-07-28,25.7971
2023-07-27,26.9025
2023-07-26,28.0661
2023-07-25,29.0271
2023-07-24,29.1453
2023-07-21,29.5202
2023-07-20,29.9148
2023-07-19,29.8809
2023-07-18,29.209
2023-07-17,28.5017
2023-07-14,28.6797
2023-07-13,28.6567
2023-07-12,29.0965
2023-07-11,29.6984
2023-07-10,30.9943
2023-07-07,32.304
2023-07-06,32.7042
2023-07-05,33.1255
2023-07-03,33.6602
2023-06-30,34.0223
2023-06-29,34.3355
2023-06-28,35.0935
2023-06-27,35.767
2023-06-26,36.5971
2023-06-23,37.4736
2023-06-22,37.9025
2023-06-21,38.3541
2023-06-20,38.9603
2023-06-16,39.2247
2023-06-15,38.8441
2023-06-14,38.5121
2023-06-13,38.685
2023-06-12,38.9826
2023-06-09,39.587
2023-06-08,40.3572
2023-06-07,41.3888
2023-06-06,42.4747
2023-06-05,42.5338
2023-06-02,42.2721
2023-06-01,42.046
2023-05-31,41.9997
2023-05-30,41.6167
2023-05-26,40.7861
2023-05-25,40.0001
2023-05-24,39.4433
2023-05-23,39.4142
2023-05-22,38.9822
2023-05-19,38.0833
2023-05-18,37.3261
2023-05-17,36.5291
2023-05-16,35.9333
2023-05-15,35.3851
2023-05-12,35.0348
2023-05-11,34.6661
2023-05-10,34.278
2023-05-09,33.6738
2023-05-08,33.195
2023-05-05,32.6911
2023-05-04,32.1605
2023-05-03,31.8189
2023-05-02,31.3765
2023-05-01,30.9108
2023-04-28,30.2823
2023-04-27,29.6208
2023-04-26,29.0856
2023-04-25,28.786
2023-04-24,29.6292
2023-04-21,30.1395
2023-04-20,30.1406
2023-04-19,29.8749
2023-04-18,29.5952
2023-04-17,28.9808
2023-04-14,28.3424
2023-04-13,27.8383
2023-04-12,27.3077
2023-04-11,26.9042
2023-04-10,26.5354
2023-04-06,25.8055
2023-04-05,25.0372
2023-04-04,24.4654
2023-04-03,23.5652
2023-03-31,22.7174
2023-03-30,21.8249
2023-03-29,21.1047
2023-03-28,20.5075
2023-03-27,20.1377
2023-03-24,19.4095
2023-03-23,18.6833
2023-03-22,17.9188
2023-03-21,17.115
2023-03-20,16.5429
2023-03-17,15.9134
2023-03-16,14.697
2023-03-15,13.7009
2023-03-14,13.1527
2023-03-13,12.8904
2023-03-10,12.8112
2023-03-09,13.069
2023-03-08,13.004
2023-03-07,13.2799
2023-03-06,13.3506
2023-03-03,13.1992
2023-03-02,13.3377
2023-03-01,13.7851
2023-02-28,14.2902
2023-02-27,14.5901
2023-02-24,14.8538
2023-02-23,15.2475
2023-02-22,15.4853
2023-02-21,15.8869
2023-02-17,16.2214
2023-02-16,16.2568
2023-02-15,15.8374
2023-02-14,15.0392
2023-02-13,13.9907
2023-02-10,12.902
2023-02-09,12.2185
2023-02-08,11.3222
2023-02-07,10.092
2023-02-06,9.1527
2023-02-03,8.7253
2023-02-02,8.077
2023-02-01,7.3819
2023-01-31,7.2107
2023-01-30,7.5398
2023-01-27,7.8068
2023-01-26,7.9922
2023-01-25,8.2985
2023-01-24,8.4674
2023-01-23,8.4062
2023-01-20,8.3417
2023-01-19,8.6041
2023-01-18,8.8044
2023-01-17,9.118
2023-01-13,9.3108
2023-01-12,9.6343
2023-01-11,9.9747
2023-01-10,10.3637
2023-01-09,10.39
2023-01-06,10.4116
2023-01-05,9.9604
2023-01-04,9.6366
2023-01-03,9.5709
2022-12-30,9.7456
2022-12-29,10.0849
2022-12-28,10.442
2022-12-27,10.6211
2022-12-23,10.94
2022-12-22,11.2706
2022-12-21,11.6186
2022-12-20,12.0035
2022-12-19,12.6115
2022-12-16,13.2298
2022-12-15,13.5129
2022-12-14,13.4965
2022-12-13,12.8446
2022-12-12,12.1584
2022-12-09,12.1572
2022-12-08,12.4789
2022-12-07,12.8175
2022-12-06,13.3718
2022-12-05,13.8274
2022-12-02,13.947
2022-12-01,13.9307
2022-11-30,13.8079
2022-11-29,13.7266
2022-11-28,14.3817
2022-11-25,14.9976
2022-11-23,15.1295
2022-11-22,15.2982
2022-11-21,15.6864
2022-11-18,16.1405
2022-11-17,16.6828
2022-11-16,17.2864
2022-11-15,17.7162
2022-11-14,18.1686
2022-11-11,18.8286
2022-11-10,19.3388
2022-11-09,20.149
2022-11-08,20.3733
2022-11-07,20.7004
2022-11-04,20.7818
2022-11-03,20.2661
2022-11-02,19.6132
2022-11-01,19.2263
2022-10-31,19.231
2022-10-28,19.4762
2022-10-27,19.7344
2022-10-26,19.7629
2022-10-25,20.0469
2022-10-24,20.6667
2022-10-21,21.5784
2022-10-20,22.4649
2022-10-19,23.2408
2022-10-18,23.8986
2022-10-17,24.672
2022-10-14,25.0186
2022-10-13,25.2127
2022-10-12,25.3047
2022-10-11,24.5081
2022-10-10,23.6771
2022-10-07,22.9317
2022-10-06,22.4951
2022-10-05,22.955
2022-10-04,23.4391
2022-10-03,24.0204
2022-09-30,23.5887
2022-09-29,22.9888
2022-09-28,22.4674
2022-09-27,21.9394
2022-09-26,21.3186
2022-09-23,20.8107
2022-09-22,20.2394
2022-09-21,19.7777
2022-09-20,19.3707
2022-09-19,18.4936
2022-09-16,17.6338
2022-09-15,16.7916
2022-09-14,16.0058
2022-09-13,15.4988
2022-09-12,15.0658
2022-09-09,15.5616
2022-09-08,15.8708
2022-09-07,15.7041
2022-09-06,15.3547
2022-09-02,14.879
2022-09-01,14.5453
2022-08-31,13.782
2022-08-30,13.3674
2022-08-29,12.9247
2022-08-26,12.6784
2022-08-25,12.7242
2022-08-24,13.3213
2022-08-23,13.7806
2022-08-22,14.2887
2022-08-19,14.9757
2022-08-18,15.0439
2022-08-17,14.73
2022-08-16,14.3562
2022-08-15,13.9269
2022-08-12,13.475
2022-08-11,13.1437
2022-08-10,12.8393
2022-08-09,12.6056
2022-08-08,12.8051
2022-08-05,12.8701
2022-08-04,13.092
2022-08-03,13.2057
2022-08-02,13.3443
2022-08-01,13.8535
2022-07-29,14.131
2022-07-28,14.3638
2022-07-27,14.8691
2022-07-26,15.3611
2022-07-25,15.0204
2022-07-22,15.1421
2022-07-21,15.4351
2022-07-20,15.7049
2022-07-19,16.1205
2022-07-18,16.1143
2022-07-15,16.1078
2022-07-14,16.1917
2022-07-13,15.8298
2022-07-12,15.5716
2022-07-11,15.5295
2022-07-08,16.1717
2022-07-07,16.9312
2022-07-06,17.7842
2022-07-05,18.6807
2022-07-01,19.2475
2022-06-30,19.5872
2022-06-29,19.9257
2022-06-28,20.455
2022-06-27,21.0459
2022-06-24,22.1045
2022-06-23,23.1976
2022-06-22,23.7394
2022-06-21,24.1403
2022-06-17,24.3746
2022-06-16,24.2813
2022-06-15,23.9266
2022-06-14,23.7063
2022-06-13,22.6181
2022-06-10,21.4734
2022-06-09,20.7134
2022-06-08,20.5502
2022-06-07,20.6979
2022-06-06,20.8534
2022-06-03,21.0986
2022-06-02,21.4313
2022-06-01,21.7816
2022-05-31,22.6949
2022-05-27,23.4279
2022-05-26,24.0865
2022-05-25,24.261
2022-05-24,24.2189
2022-05-23,23.8766
2022-05-20,23.5162
2022-05-19,22.8708
2022-05-18,22.4361
2022-05-17,22.0199
2022-05-16,22.0346
2022-05-13,21.835
2022-05-12,21.3826
2022-05-11,20.6239
2022-05-10,20.2635
2022-05-09,20.2008
2022-05-06,20.0111
2022-05-05,20.2827
2022-05-04,20.7704
2022-05-03,21.4452
2022-05-02,21.5766
2022-04-29,21.7149
2022-04-28,21.8768
2022-04-27,22.3419
2022-04-26,22.8308
2022-04-25,22.2283
2022-04-22,21.6323
2022-04-21,21.1334
2022-04-20,20.964
2022-04-19,21.1045
2022-04-18,20.9209
2022-04-14,20.3594
2022-04-13,19.8199
2022-04-12,19.3549
2022-04-11,18.8654
2022-04-08,18.5814
2022-04-07,18.9651
2022-04-06,19.3737
2022-04-05,19.827
2022-04-04,20.4588
2022-04-01,21.1238
2022-03-31,22.1953
2022-03-30,23.1347
2022-03-29,23.816
2022-03-28,24.542
2022-03-25,25.6566
2022-03-24,26.7765
2022-03-23,27.8508
2022-03-22,28.9052
2022-03-21,30.0842
2022-03-18,30.9502
2022-03-17,31.8619
2022-03-16,32.3923
2022-03-15,32.8652
2022-03-14,32.7813
2022-03-11,32.4703
2022-03-10,32.2935
2022-03-09,31.8425
2022-03-08,31.3752
2022-03-07,30.3687
2022-03-04,29.5981
2022-03-03,29.1327
2022-03-02,28.965
2022-03-01,28.6261
2022-02-28,28.1239
2022-02-25,27.6314
2022-02-24,26.9746
2022-02-23,26.0575
2022-02-22,25.4211
2022-02-18,24.9397
2022-02-17,24.5125
2022-02-16,24.2285
2022-02-15,24.1014
2022-02-14,24.0984
2022-02-11,23.7687
2022-02-10,23.5495
2022-02-09,23.6258
2022-02-08,24.0597
2022-02-07,24.0027
2022-02-04,23.9428
2022-02-03,23.883
2022-02-02,23.82
2022-02-01,24.1752
2022-01-31,24.2173
2022-01-28,24.3193
2022-01-27,24.1388
2022-01-26,24.0986
2022-01-25,24.0564
2022-01-24,22.9581
2022-01-21,21.802
2022-01-20,21.3532
2022-01-19,21.1616
2022-01-18,21.0428
2022-01-14,20.558
2022-01-13,20.1447
2022-01-12,19.7214
2022-01-11,19.9722
2022-01-10,19.6305
2022-01-07,19.0901
2022-01-06,18.8149
2022-01-05,18.6047
2022-01-04,18.6468
2022-01-03,19.3901
2021-12-31,20.3541
2021-12-30,20.8271
2021-12-29,21.0338
2021-12-28,21.1662
2021-12-27,21.2438
2021-12-23,21.4098
2021-12-22,21.9934
2021-12-21,22.8105
2021-12-20,23.8874
2021-12-17,24.5834
2021-12-16,25.316
2021-12-15,26.5285
2021-12-14,27.6709
2021-12-13,28.8274
2021-12-10,29.2787
2021-12-09,29.8125
2021-12-08,30.8978
2021-12-07,32.1265
2021-12-06,33.42
2021-12-03,34.7994
2021-12-02,36.2515
2021-12-01,37.5482
2021-11-30,38.7234
2021-11-29,40.0937
2021-11-26,40.8121
2021-11-24,41.6561
2021-11-23,41.7039
2021-11-22,41.7542
2021-11-19,40.8018
2021-11-18,40.0298
2021-11-17,39.367
2021-11-16,38.504
2021-11-15,37.7119
2021-11-12,37.039
2021-11-11,36.3692
2021-11-10,35.8773
2021-11-09,35.3596
2021-11-08,33.9897
2021-11-05,32.5971
2021-11-04,31.1313
2021-11-03,29.6888
2021-11-02,28.246
2021-11-01,26.795
2021-10-29,25.3605
2021-10-28,23.8506
2021-10-27,22.6268
2021-10-26,21.3386
2021-10-25,20.9722
2021-10-22,20.8872
2021-10-21,20.5716
2021-10-20,20.246
2021-10-19,20.0276
2021-10-18,19.6246
2021-10-15,19.2966
2021-10-14,19.3038
2021-10-13,19.4291
2021-10-12,20.2342
2021-10-11,21.2792
2021-10-08,22.3683
2021-10-07,23.4093
2021-10-06,24.5238
2021-10-05,25.3195
2021-10-04,25.7132
2021-10-01,25.7318
2021-09-30,25.8472
2021-09-29,25.6414
2021-09-28,25.5428
2021-09-27,25.439
2021-09-24,26.3505
2021-09-23,27.6312
2021-09-22,28.8925
2021-09-21,30.3094
2021-09-20,31.6452
2021-09-17,33.0512
2021-09-16,33.493
2021-09-15,33.7106
2021-09-14,33.7229
2021-09-13,34.1782
2021-09-10,35.0334
2021-09-09,35.6661
2021-09-08,35.9841
2021-09-07,36.5066
2021-09-03,36.8995
2021-09-02,36.8561
2021-09-01,36.8104
2021-08-31,36.4711
2021-08-30,36.1753
2021-08-27,35.8882
2021-08-26,35.892
2021-08-25,35.4406
2021-08-24,34.6325
2021-08-23,33.4094
2021-08-20,32.1377
2021-08-19,30.799
2021-08-18,29.9985
2021-08-17,29.4095
2021-08-16,28.996
2021-08-13,28.5608
2021-08-12,28.3099
2021-08-11,28.397
2021-08-10,28.6601
2021-08-09,28.937
2021-08-06,28.665
2021-08-05,28.6188
2021-08-04,28.5702
2021-08-03,28.765
2021-08-02,29.0143
2021-07-30,29.3314
2021-07-29,29.6336
2021-07-28,29.5427
2021-07-27,29.447
2021-07-26,29.4014
2021-07-23,28.6492
2021-07-22,27.8573
2021-07-21,27.3155
2021-07-20,27.2245
2021-07-19,27.1883
2021-07-16,27.2139
2021-07-15,26.2149
2021-07-14,25.301
2021-07-13,24.1776
2021-07-12,23.0608
2021-07-09,22.1502
2021-07-08,21.3531
2021-07-07,20.514
2021-07-06,19.1569
2021-07-02,17.8344
2021-07-01,16.5547
2021-06-30,15.8036
2021-06-29,15.0665
2021-06-28,14.2907
2021-06-25,13.7778
2021-06-24,13.4348
2021-06-23,12.9437
2021-06-22,12.5439
2021-06-21,12.2431
2021-06-18,12.199
2021-06-17,12.3053
2021-06-16,12.4858
2021-06-15,12.8208
2021-06-14,12.6878
2021-06-11,12.5523
2021-06-10,12.5727
2021-06-09,12.7096
2021-06-08,13.0748
2021-06-07,13.4592
2021-06-04,14.0808
2021-06-03,14.6201
2021-06-02,14.476
2021-06-01,14.6325
2021-05-28,14.9244
2021-05-27,15.5378
2021-05-26,16.1062
2021-05-25,16.88
2021-05-24,17.6719
2021-05-21,18.319
2021-05-20,18.6537
2021-05-19,18.9587
2021-05-18,18.6576
2021-05-17,18.6802
2021-05-14,18.7626
2021-05-13,19.0365
2021-05-12,18.8466
2021-05-11,18.4751
2021-05-10,18.4848
2021-05-07,18.9659
2021-05-06,19.9593
2021-05-05,20.3784
2021-05-04,20.9567
2021-05-03,21.5655
2021-04-30,22.5026
2021-04-29,23.6601
2021-04-28,24.8786
2021-04-27,25.6071
2021-04-26,25.0861
2021-04-23,24.6142
2021-04-22,24.211
2021-04-21,23.7865
2021-04-20,23.0321
2021-04-19,22.2792
2021-04-16,21.3042
2021-04-15,20.315
2021-04-14,19.355
2021-04-13,18.4279
2021-04-12,17.1731
2021-04-09,15.9575
2021-04-08,14.7965
2021-04-07,13.7084
2021-04-06,12.8097
2021-04-05,11.9876
2021-04-01,11.1222
2021-03-31,10.8389
2021-03-30,10.9392
2021-03-29,11.3257
2021-03-26,11.833
2021-03-25,12.3553
2021-03-24,12.9075
2021-03-23,13.2245
2021-03-22,13.3268
2021-03-19,13.9114
2021-03-18,14.1662
2021-03-17,14.5535
2021-03-16,15.3087
2021-03-15,15.7262
2021-03-12,16.2635
2021-03-11,17.0286
2021-03-10,17.8614
2021-03-09,18.5508
2021-03-08,19.0304
2021-03-05,19.2129
2021-03-04,19.3898
2021-03-03,19.4544
2021-03-02,19.861
2021-03-01,20.6774
2021-02-26,21.5367
2021-02-25,22.6018
2021-02-24,23.6088
2021-02-23,24.8207
2021-02-22,26.0462
2021-02-19,26.9898
2021-02-18,26.5831
2021-02-17,26.0072
2021-02-16,25.384
2021-02-12,24.4295
2021-02-11,23.494
2021-02-10,22.5214
2021-02-09,21.4976
2021-02-08,20.5079
2021-02-05,19.548
2021-02-04,18.5676
2021-02-03,17.5385
2021-02-02,16.4551
2021-02-01,15.5055
2021-01-29,14.5059
2021-01-28,13.7745
2021-01-27,12.4661
2021-01-26,11.2393
2021-01-25,10.4353
2021-01-22,10.0011
2021-01-21,9.3085
2021-01-20,8.9575
2021-01-19,8.6417
2021-01-15,8.7678
2021-01-14,8.5028
2021-01-13,8.3137
2021-01-12,8.2649
2021-01-11,8.2135
2021-01-08,8.5986
2021-01-07,9.0439
2021-01-06,9.3473
2021-01-05,9.2671
2021-01-04,9.6587
2020-12-31,10.0709
2020-12-30,10.0016
2020-12-29,9.6395
2020-12-28,8.8988
2020-12-24,8.2444
2020-12-23,7.8311
2020-12-22,7.4019
2020-12-21,6.7867
2020-12-18,6.3142
2020-12-17,6.3277
2020-12-16,6.059
2020-12-15,5.8701
2020-12-14,6.0673
2020-12-11,6.3634
2020-12-10,6.2546
2020-12-09,6.3029
2020-12-08,6.4654
2020-12-07,6.7526
2020-12-04,6.9729
2020-12-03,7.2285
2020-12-02,7.5545
2020-12-01,7.788
2020-11-30,8.0951
2020-11-27,8.1166
2020-11-25,8.4876
2020-11-24,8.7649
2020-11-23,8.9378
2020-11-20,8.8931
2020-11-19,9.0254
2020-11-18,9.1368
2020-11-17,9.347
2020-11-16,9.8123
2020-11-13,10.3138
2020-11-12,10.8426
2020-11-11,11.4013
2020-11-10,11.9239
2020-11-09,12.3466
2020-11-06,12.5113
2020-11-05,12.988
2020-11-04,13.203
2020-11-03,13.8745
2020-11-02,13.4876
2020-10-30,12.7108
2020-10-29,11.7612
2020-10-28,11.0375
2020-10-27,10.2756
2020-10-26,10.1647
2020-10-23,10.048
2020-10-22,10.4252
2020-10-21,10.7973
2020-10-20,11.3333
2020-10-19,11.8975
2020-10-16,12.4958
2020-10-15,12.5571
2020-10-14,12.7918
2020-10-13,12.7013
2020-10-12,12.4612
2020-10-09,12.3142
2020-10-08,12.8663
2020-10-07,13.1415
2020-10-06,13.3087
2020-10-05,13.4847
2020-10-02,13.8624
2020-10-01,14.2601
2020-09-30,14.8062
2020-09-29,15.5695
2020-09-28,16.2221
2020-09-25,17.0219
2020-09-24,17.5281
2020-09-23,17.7069
2020-09-22,17.9603
2020-09-21,18.3875
2020-09-18,18.2822
2020-09-17,18.1714
2020-09-16,18.3204
2020-09-15,18.8437
2020-09-14,19.5862
2020-09-11,20.3146
2020-09-10,21.0306
2020-09-09,22.0077
2020-09-08,23.0874
2020-09-04,23.9813
2020-09-03,25.158
2020-09-02,25.6673
2020-09-01,24.5927
2020-08-31,23.8121
2020-08-28,22.9904
2020-08-27,21.7654
2020-08-26,20.4759
2020-08-25,19.7257
2020-08-24,19.4193
2020-08-21,19.2038
2020-08-20,18.9112
2020-08-19,18.7197
2020-08-18,18.8005
2020-08-17,18.9109
2020-08-14,19.1411
2020-08-13,19.5403
2020-08-12,19.8815
2020-08-11,20.3406
2020-08-10,21.0748
2020-08-07,21.476
2020-08-06,21.308
2020-08-05,21.0466
2020-08-04,20.8794
2020-08-03,20.7211
2020-07-31,20.5388
2020-07-30,21.4694
2020-07-29,22.5196
2020-07-28,23.3434
2020-07-27,24.2106
2020-07-24,25.1942
2020-07-23,26.3355
2020-07-22,27.0334
2020-07-21,26.9713
2020-07-20,26.906
2020-07-17,26.9611
2020-07-16,27.6434
2020-07-15,28.2438
2020-07-14,28.5187
2020-07-13,29.0238
2020-07-10,28.9274
2020-07-09,28.0804
2020-07-08,27.1213
2020-07-07,26.3153
2020-07-06,25.4668
2020-07-02,24.8147
2020-07-01,24.3609
2020-06-30,24.0151
2020-06-29,23.8095
2020-06-26,24.1334
2020-06-25,24.2784
2020-06-24,24.3449
2020-06-23,24.2576
2020-06-22,23.4039
2020-06-19,22.7465
2020-06-18,22.1721
2020-06-17,21.8028
2020-06-16,21.4285
2020-06-15,21.0959
2020-06-12,21.1692
2020-06-11,21.0782
2020-06-10,20.8552
2020-06-09,19.8571
2020-06-08,19.474
2020-06-05,19.294
2020-06-04,19.192
2020-06-03,19.29
2020-06-02,19.1899
2020-06-01,19.182
2020-05-29,19.3855
2020-05-28,19.5997
2020-05-27,19.8372
2020-05-26,20.3044
2020-05-22,20.175
2020-05-21,20.2339
2020-05-20,20.1891
2020-05-19,20.2168
2020-05-18,20.2459
2020-05-15,20.2175
2020-05-14,20.1876
2020-05-13,20.6969
2020-05-12,21.1347
2020-05-11,20.8819
2020-05-08,20.5424
2020-05-07,20.3778
2020-05-06,20.2393
2020-05-05,20.1196
2020-05-04,20.0332
2020-05-01,20.2903
2020-04-30,20.5889
2020-04-29,20.6736
2020-04-28,20.9605
2020-04-27,21.4124
2020-04-24,21.4963
2020-04-23,21.7499
2020-04-22,21.9971
2020-04-21,22.3286
2020-04-20,22.6991
2020-04-17,22.2306
2020-04-16,21.644
2020-04-15,21.1712
2020-04-14,20.8798
2020-04-13,20.5731
2020-04-09,20.7389
2020-04-08,20.8184
2020-04-07,20.9447
2020-04-06,21.0776
2020-04-03,21.4211
2020-04-02,22.3809
2020-04-01,23.529
2020-03-31,24.7043
2020-03-30,25.5148
2020-03-27,26.6481
2020-03-26,27.8437
2020-03-25,29.1023
2020-03-24,30.2558
2020-03-23,31.1076
2020-03-20,31.2124
2020-03-19,31.504
2020-03-18,31.9885
2020-03-17,32.1096
2020-03-16,32.237
2020-03-13,32.3712
2020-03-12,32.7974
2020-03-11,32.456
2020-03-10,32.7554
2020-03-09,33.1584
2020-03-06,33.2386
2020-03-05,33.6823
2020-03-04,34.8655
2020-03-03,36.0932
2020-03-02,37.3855
2020-02-28,38.543
2020-02-27,38.7285
2020-02-26,39.3245
2020-02-25,40.851
2020-02-24,42.4578
2020-02-21,44.1141
2020-02-20,45.2092
2020-02-19,45.6367
2020-02-18,44.8326
2020-02-14,44.0508
2020-02-13,43.3846
2020-02-12,42.6273
2020-02-11,41.8552
2020-02-10,40.639
2020-02-07,39.4603
2020-02-06,38.4127
2020-02-05,37.43
2020-02-04,36.3956
2020-02-03,35.5568
2020-01-31,35.2298
2020-01-30,35.1234
2020-01-29,34.691
2020-01-28,34.9108
2020-01-27,35.647
2020-01-24,36.9069
2020-01-23,36.7843
2020-01-22,36.3085
2020-01-21,35.6312
2020-01-17,34.5916
2020-01-16,33.5898
2020-01-15,32.7023
2020-01-14,32.1288
2020-01-13,31.5839
2020-01-10,31.0596
2020-01-09,30.5227
2020-01-08,30.1237
2020-01-07,29.9583
2020-01-06,30.0049
2020-01-03,30.1698
2020-01-02,29.7614
2019-12-31,29.2251
2019-12-30,29.2291
2019-12-27,29.1216
2019-12-26,28.3828
2019-12-24,27.7537
2019-12-23,27.2875
2019-12-20,26.7335
2019-12-19,26.1504
2019-12-18,26.0868
2019-12-17,25.8463
2019-12-16,25.4851
2019-12-13,24.9593
2019-12-12,24.6
2019-12-11,24.5254
2019-12-10,24.8179
2019-12-09,24.9667
2019-12-06,25.0687
2019-12-05,25.2516
2019-12-04,25.8064
2019-12-03,26.4245
2019-12-02,27.257
2019-11-29,27.5924
2019-11-27,26.7655
2019-11-26,25.7858
2019-11-25,24.7678
2019-11-22,23.8759
2019-11-21,23.1259
2019-11-20,22.4299
2019-11-19,21.6972
2019-11-18,20.4384
2019-11-15,19.2351
2019-11-14,18.0577
2019-11-13,17.0857
2019-11-12,16.2374
2019-11-11,15.3444
2019-11-08,14.6176
2019-11-07,13.9345
2019-11-06,13.4329
2019-11-05,12.977
2019-11-04,12.2742
2019-11-01,11.4563
2019-10-31,10.6964
2019-10-30,9.8906
2019-10-29,9.0424
2019-10-28,8.2277
2019-10-25,7.1481
2019-10-24,6.7768
2019-10-23,6.5294
2019-10-22,6.8144
2019-10-21,7.0731
2019-10-18,7.1731
2019-10-17,7.2783
2019-10-16,7.3419
2019-10-15,7.2752
2019-10-14,7.1329
2019-10-11,7.3085
2019-10-10,7.4934
2019-10-09,7.786
2019-10-08,7.8684
2019-10-07,7.73
2019-10-04,7.869
2019-10-03,8.0153
2019-10-02,7.826
2019-10-01,7.5378
2019-09-30,7.9139
2019-09-27,8.0746
2019-09-26,8.2438
2019-09-25,8.5577
2019-09-24,8.9336
2019-09-23,9.1503
2019-09-20,9.0358
2019-09-19,8.9152
2019-09-18,8.3785
2019-09-17,8.4785
2019-09-16,8.8218
2019-09-13,9.2143
2019-09-12,9.5789
2019-09-11,9.8995
2019-09-10,10.1631
2019-09-09,10.4407
2019-09-06,10.8647
2019-09-05,10.9374
2019-09-04,10.8891
2019-09-03,11.3471
2019-08-30,11.9288
2019-08-29,12.4258
2019-08-28,13.0685
2019-08-27,13.1897
2019-08-26,13.5202
2019-08-23,13.6158
2019-08-22,13.7165
2019-08-21,14.4102
2019-08-20,14.7755
2019-08-19,15.31
2019-08-16,15.9029
2019-08-15,16.5435
2019-08-14,16.8118
2019-08-13,17.3569
2019-08-12,18.0974
2019-08-09,18.6814
2019-08-08,19.5233
2019-08-07,20.3322
2019-08-06,20.4625
2019-08-05,20.8351
2019-08-02,20.8084
2019-08-01,21.6325
2019-07-31,22.6495
2019-07-30,23.8257
2019-07-29,23.7047
2019-07-26,23.5775
2019-07-25,23.1251
2019-07-24,22.8464
2019-07-23,22.5531
2019-07-22,22.381
2019-07-19,22.3488
2019-07-18,22.3149
2019-07-17,23.135
2019-07-16,23.5312
2019-07-15,23.8538
2019-07-12,23.5417
2019-07-11,23.2931
2019-07-10,23.0315
2019-07-09,22.8747
2019-07-08,23.026
2019-07-05,23.1852
2019-07-03,23.2506
2019-07-02,23.1544
2019-07-01,23.2575
2019-06-28,23.366
2019-06-27,23.8673
2019-06-26,24.3051
2019-06-25,24.7437
2019-06-24,25.2052
2019-06-21,24.5503
2019-06-20,23.9549
2019-06-19,23.3378
2019-06-18,22.9312
2019-06-17,22.6047
2019-06-14,22.4912
2019-06-13,22.3717
2019-06-12,22.3648
2019-06-11,22.515
2019-06-10,22.5427
2019-06-07,22.4082
2019-06-06,22.5253
2019-06-05,23.3654
2019-06-04,24.5157
2019-06-03,25.1247
2019-05-31,25.7657
2019-05-30,26.8701
2019-05-29,27.6459
2019-05-28,28.5418
2019-05-24,28.9188
2019-05-23,29.429
2019-05-22,30.193
2019-05-21,30.4719
2019-05-20,30.9001
2019-05-17,31.3507
2019-05-16,31.1616
2019-05-15,31.1386
2019-05-14,31.6096
2019-05-13,32.3808
2019-05-10,33.265
2019-05-09,33.9606
2019-05-08,35.1644
2019-05-07,36.0668
2019-05-06,37.0168
2019-05-03,37.401
2019-05-02,37.3944
2019-05-01,37.6416
2019-04-30,37.0213
2019-04-29,35.5635
2019-04-26,34.0861
2019-04-25,32.5311
2019-04-24,30.8941
2019-04-23,29.918
2019-04-22,28.9396
2019-04-18,28.2198
2019-04-17,27.5652
2019-04-16,27.2735
2019-04-15,27.0182
2019-04-12,26.5138
2019-04-11,26.1258
2019-04-10,25.7484
2019-04-09,25.4692
2019-04-08,25.3734
2019-04-05,25.2466
2019-04-04,24.7996
2019-04-03,24.329
2019-04-02,23.5066
2019-04-01,22.8229
2019-03-29,22.176
2019-03-28,21.6528
2019-03-27,21.2554
2019-03-26,20.837
2019-03-25,19.8882
2019-03-22,19.0144
2019-03-21,17.8114
2019-03-20,16.5255
2019-03-19,15.5195
2019-03-18,14.5165
2019-03-15,13.612
2019-03-14,12.7261
2019-03-13,12.1987
2019-03-12,11.6858
2019-03-11,11.3609
2019-03-08,11.2522
2019-03-07,11.7032
2019-03-06,11.8554
2019-03-05,11.4996
2019-03-04,11.1895
2019-03-01,10.8631
2019-02-28,10.2369
2019-02-27,9.6064
2019-02-26,9.047
2019-02-25,8.3716
2019-02-22,7.8657
2019-02-21,7.531
2019-02-20,7.552
2019-02-19,7.9441
2019-02-15,8.0908
2019-02-14,8.3301
2019-02-13,8.7144
2019-02-12,8.9713
2019-02-11,9.3899
2019-02-08,9.8077
2019-02-07,10.0604
2019-02-06,10.2824
2019-02-05,10.7736
2019-02-04,11.2998
2019-02-01,11.6222
2019-01-31,11.5712
2019-01-30,11.673
2019-01-29,12.0018
2019-01-28,12.0295
2019-01-25,12.5551
2019-01-24,12.9792
2019-01-23,13.6148
2019-01-22,14.2838
2019-01-18,14.988
2019-01-17,15.5168
2019-01-16,16.3145
2019-01-15,17.1212
2019-01-14,17.7374
2019-01-11,17.9358
2019-01-10,18.2064
2019-01-09,18.6098
2019-01-08,19.1727
2019-01-07,19.5925
2019-01-04,19.9013
2019-01-03,20.0826
2019-01-02,19.8146
2018-12-31,19.7544
2018-12-28,19.8923
2018-12-27,20.0374
2018-12-26,19.9632
2018-12-24,19.7921
2018-12-21,19.0851
2018-12-20,18.726
2018-12-19,18.5084
2018-12-18,18.6134
2018-12-17,18.2475
2018-12-14,17.8622
2018-12-13,17.9516
2018-12-12,18.5311
2018-12-11,19.209
2018-12-10,19.8648
2018-12-07,19.988
2018-12-06,20.1759
2018-12-04,20.4716
2018-12-03,21.2653
2018-11-30,22.2352
2018-11-29,23.1081
2018-11-28,24.027
2018-11-27,24.9942
2018-11-26,25.2378
2018-11-23,25.3439
2018-11-21,24.8086
2018-11-20,24.2726
2018-11-19,23.358
2018-11-16,22.8737
2018-11-15,22.823
2018-11-14,22.4921
2018-11-13,22.2238
2018-11-12,22.193
2018-11-09,22.1606
2018-11-08,22.541
2018-11-07,23.322
2018-11-06,24.1441
2018-11-05,24.2268
2018-11-02,24.028
2018-11-01,23.7087
2018-10-31,23.4489
2018-10-30,23.1754
2018-10-29,21.8936
2018-10-26,20.7094
2018-10-25,19.8501
2018-10-24,19.1415
2018-10-23,18.1673
2018-10-22,17.674
2018-10-19,17.7601
2018-10-18,17.8507
2018-10-17,17.8524
2018-10-16,18.2096
2018-10-15,18.4775
2018-10-12,18.2083
2018-10-11,17.9562
2018-10-10,16.9651
2018-10-09,16.185
2018-10-08,16.4779
2018-10-05,16.4029
2018-10-04,16.6866
2018-10-03,17.2881
2018-10-02,17.1907
2018-10-01,17.1982
2018-09-28,17.0743
2018-09-27,17.3011
2018-09-26,17.3083
2018-09-25,17.3159
2018-09-24,17.3197
2018-09-21,17.3805
2018-09-20,16.9134
2018-09-19,16.8307
2018-09-18,16.8865
2018-09-17,16.6593
2018-09-14,16.361
2018-09-13,15.8033
2018-09-12,15.2162
2018-09-11,15.0769
2018-09-10,15.0022
2018-09-07,15.5143
2018-09-06,16.2886
2018-09-05,17.0895
2018-09-04,17.7235
2018-08-31,17.5345
2018-08-30,16.7021
2018-08-29,15.8697
2018-08-28,15.1432
2018-08-27,14.8154
2018-08-24,14.749
2018-08-23,15.0646
2018-08-22,15.5412
2018-08-21,16.3422
2018-08-20,17.1912
2018-08-17,17.8314
2018-08-16,18.42
2018-08-15,18.7895
2018-08-14,19.1785
2018-08-13,19.2616
2018-08-10,19.3982
2018-08-09,19.4313
2018-08-08,18.9621
2018-08-07,18.5678
2018-08-06,18.3132
2018-08-03,18.2184
2018-08-02,18.2141
2018-08-01,18.2096
2018-07-31,18.6345
2018-07-30,19.0818
2018-07-27,19.5526
2018-07-26,19.5978
2018-07-25,18.2769
2018-07-24,16.8864
2018-07-23,15.8852
2018-07-20,14.9868
2018-07-19,14.0411
2018-07-18,13.8033
2018-07-17,13.1646
2018-07-16,12.4924
2018-07-13,11.9728
2018-07-12,11.4873
2018-07-11,11.3238
2018-07-10,11.8743
2018-07-09,12.1384
2018-07-06,12.5129
2018-07-05,13.1226
2018-07-03,13.1102
2018-07-02,13.0971
2018-06-29,12.8222
2018-06-28,12.6388
2018-06-27,12.077
2018-06-26,11.5264
2018-06-25,11.3634
2018-06-22,11.1918
2018-06-21,11.7
2018-06-20,11.6646
2018-06-19,11.5099
2018-06-18,11.9568
2018-06-15,12.4273
2018-06-14,12.623
2018-06-13,12.3642
2018-06-12,12.099
2018-06-11,12.021
2018-06-08,11.9388
2018-06-07,11.8523
2018-06-06,11.7613
2018-06-05,10.9845
2018-06-04,10.2426
2018-06-01,9.5938
2018-05-31,9.2068
2018-05-30,9.0785
2018-05-29,9.1965
2018-05-25,9.4508
2018-05-24,9.4722
2018-05-23,9.5076
2018-05-22,9.6108
2018-05-21,9.3926
2018-05-18,9.2087
2018-05-17,9.3316
2018-05-16,9.461
2018-05-15,9.3286
2018-05-14,9.1892
2018-05-11,8.7147
2018-05-10,8.4165
2018-05-09,8.0993
2018-05-08,8.0047
2018-05-07,8.1117
2018-05-04,8.2129
2018-05-03,8.6268
2018-05-02,8.9451
2018-05-01,9.3629
2018-04-30,9.8027
2018-04-27,10.1783
2018-04-26,10.3895
2018-04-25,10.6056
2018-04-24,10.315
2018-04-23,10.5067
2018-04-20,10.7937
2018-04-19,11.1445
2018-04-18,11.1232
2018-04-17,11.1879
2018-04-16,11.2997
2018-04-13,11.889
2018-04-12,12.3771
2018-04-11,12.8857
2018-04-10,13.1896
2018-04-09,13.5463
2018-04-06,13.8941
2018-04-05,14.0843
2018-04-04,14.6969
2018-04-03,15.2685
2018-04-02,15.1756
2018-03-29,15.0778
2018-03-28,15.1457
2018-03-27,14.9398
2018-03-26,14.7229
2018-03-23,14.838
2018-03-22,13.9676
2018-03-21,13.5249
2018-03-20,13.6323
2018-03-19,13.9462
2018-03-16,14.2767
2018-03-15,14.9563
2018-03-14,15.5929
2018-03-13,16.3837
2018-03-12,17.0887
2018-03-09,17.2235
2018-03-08,17.526
2018-03-07,18.2104
2018-03-06,19.0853
2018-03-05,20.0311
2018-03-02,21.0848
2018-03-01,21.8875
2018-02-28,22.9845
2018-02-27,23.7448
2018-02-26,24.3728
2018-02-23,25.1267
2018-02-22,26.2617
2018-02-21,27.4697
2018-02-20,28.775
2018-02-16,30.0695
2018-02-15,31.6248
2018-02-14,33.0653
2018-02-13,34.1156
2018-02-12,34.804
2018-02-09,35.4617
2018-02-08,35.8962
2018-02-07,36.52
2018-02-06,38.1576
2018-02-05,39.7956
2018-02-02,41.4687
2018-02-01,41.8472
2018-01-31,41.1206
2018-01-30,40.4753
2018-01-29,40.1508
2018-01-26,38.6774
2018-01-25,37.3541
2018-01-24,36.1179
2018-01-23,34.8167
2018-01-22,33.6822
2018-01-19,32.6482
2018-01-18,31.8282
2018-01-17,30.965
2018-01-16,30.1641
2018-01-12,29.3211
2018-01-11,28.7225
2018-01-10,28.6788
2018-01-09,28.5051
2018-01-08,27.9787
2018-01-05,27.4762
2018-01-04,27.0045
2018-01-03,26.7715
2018-01-02,26.994
2017-12-29,27.3176
2017-12-28,27.7738
2017-12-27,28.3069
2017-12-26,28.8681
2017-12-22,29.6475
2017-12-21,30.468
2017-12-20,31.0689
2017-12-19,31.7015
2017-12-18,32.0647
2017-12-15,31.8863
2017-12-14,31.8204
2017-12-13,32.1468
2017-12-12,32.0964
2017-12-11,32.0434
2017-12-08,32.201
2017-12-07,32.6345
2017-12-06,33.8161
2017-12-05,35.0598
2017-12-04,36.5777
2017-12-01,38.1754
2017-11-30,38.2969
2017-11-29,38.531
2017-11-28,38.7775
2017-11-27,38.4053
2017-11-24,38.364
2017-11-22,38.523
2017-11-21,38.4821
2017-11-20,38.4597
2017-11-17,38.9067
2017-11-16,39.3772
2017-11-15,39.3261
2017-11-14,39.2723
2017-11-13,39.22
2017-11-10,38.8025
2017-11-09,38.3631
2017-11-08,37.9006
2017-11-07,36.726
2017-11-06,35.4125
2017-11-03,34.0655
2017-11-02,32.6756
2017-11-01,31.2262
2017-10-31,29.8204
2017-10-30,28.1892
2017-10-27,26.4777
2017-10-26,24.3586
2017-10-25,23.7354
2017-10-24,23.2237
2017-10-23,22.2575
2017-10-20,20.9417
2017-10-19,19.6936
2017-10-18,18.8211
2017-10-17,17.9403
2017-10-16,17.1202
2017-10-13,16.1642
2017-10-12,15.1578
2017-10-11,14.3513
2017-10-10,13.9132
2017-10-09,13.2905
2017-10-06,12.6745
2017-10-05,12.2891
2017-10-04,11.8833
2017-10-03,12.2693
2017-10-02,12.3021
2017-09-29,12.2575
2017-09-28,12.5065
2017-09-27,13.1525
2017-09-26,13.8326
2017-09-25,14.3232
2017-09-22,14.8396
2017-09-21,15.2317
2017-09-20,15.451
2017-09-19,15.5317
2017-09-18,15.0575
2017-09-15,14.5333
2017-09-14,14.2787
2017-09-13,13.6415
2017-09-12,13.1
2017-09-11,12.5299
2017-09-08,12.0712
2017-09-07,11.8411
2017-09-06,11.5988
2017-09-05,11.6295
2017-09-01,11.7406
2017-08-31,11.4219
2017-08-30,10.9766
2017-08-29,10.8689
2017-08-28,11.344
2017-08-25,11.5132
2017-08-24,11.6913
2017-08-23,12.158
2017-08-22,12.3553
2017-08-21,12.5631
2017-08-18,13.2065
2017-08-17,13.7466
2017-08-16,14.0272
2017-08-15,13.8081
2017-08-14,13.8365
2017-08-11,14.0036
2017-08-10,14.7133
2017-08-09,15.1261
2017-08-08,15.8436
2017-08-07,16.5989
2017-08-04,17.0588
2017-08-03,17.5428
2017-08-02,18.3985
2017-08-01,19.2992
2017-07-31,19.5736
2017-07-28,19.8623
2017-07-27,20.2314
2017-07-26,20.6199
2017-07-25,19.9897
2017-07-24,19.3543
2017-07-21,18.9128
2017-07-20,18.419
2017-07-19,17.8219
2017-07-18,17.2909
2017-07-17,16.9858
2017-07-14,16.6264
2017-07-13,16.3167
2017-07-12,16.5003
2017-07-11,17.0566
2017-07-10,17.9541
2017-07-07,18.6625
2017-07-06,19.1752
2017-07-05,19.0487
2017-07-03,18.959
2017-06-30,18.8646
2017-06-29,19.0714
2017-06-28,19.289
2017-06-27,19.8263
2017-06-26,20.5728
2017-06-23,21.2977
2017-06-22,22.2949
2017-06-21,23.2344
2017-06-20,24.342
2017-06-19,25.5079
2017-06-16,26.7264
2017-06-15,27.782
2017-06-14,28.8932
2017-06-13,30.3605
2017-06-12,31.7467
2017-06-09,33.1884
2017-06-08,34.9341
2017-06-07,34.8047
2017-06-06,34.2478
2017-06-05,33.3487
2017-06-02,32.4021
2017-06-01,31.7512
2017-05-31,31.6012
2017-05-30,31.0686
2017-05-26,30.6565
2017-05-25,30.3101
2017-05-24,30.1057
2017-05-23,30.4334
2017-05-22,30.8573
2017-05-19,31.4564
2017-05-18,32.3458
2017-05-17,33.2821
2017-05-16,34.0199
2017-05-15,34.1124
2017-05-12,35.0483
2017-05-11,35.5171
2017-05-10,35.9188
2017-05-09,35.3237
2017-05-08,34.8444
2017-05-05,34.4659
2017-05-04,33.98
2017-05-03,33.2624
2017-05-02,32.4152
2017-05-01,30.9553
2017-04-28,29.4749
2017-04-27,28.0672
2017-04-26,26.9092
2017-04-25,25.7229
2017-04-24,24.6014
2017-04-21,23.6112
2017-04-20,23.1522
2017-04-19,23.4733
2017-04-18,23.8112
2017-04-17,23.7882
2017-04-13,23.9633
2017-04-12,24.1475
2017-04-11,24.6649
2017-04-10,25.2095
2017-04-07,25.1022
2017-04-06,24.8744
2017-04-05,24.5787
2017-04-04,24.2674
2017-04-03,24.3465
2017-03-31,24.4296
2017-03-30,24.1892
2017-03-29,24.0876
2017-03-28,24.3558
2017-03-27,24.6627
2017-03-24,25.1907
2017-03-23,25.2611
2017-03-22,25.5025
2017-03-21,25.8311
2017-03-20,26.1658
2017-03-17,25.8182
2017-03-16,25.4522
2017-03-15,25.3819
2017-03-14,25.3079
2017-03-13,25.4844
2017-03-10,25.1783
2017-03-09,24.6334
2017-03-08,24.0948
2017-03-07,23.5935
2017-03-06,23.2456
2017-03-03,23.0085
2017-03-02,22.9315
2017-03-01,22.5771
2017-02-28,22.0532
2017-02-27,21.9721
2017-02-24,21.5774
2017-02-23,21.0632
2017-02-22,20.562
2017-02-21,20.2253
2017-02-17,19.4543
2017-02-16,18.7799
2017-02-15,17.9245
2017-02-14,17.3833
2017-02-13,16.8137
2017-02-10,16.3522
2017-02-09,16.1959
2017-02-08,16.0313
2017-02-07,16.2509
2017-02-06,16.5018
2017-02-03,16.8486
2017-02-02,17.2137
2017-02-01,17.7737
2017-01-31,17.8258
2017-01-30,17.1987
2017-01-27,16.0084
2017-01-26,14.6639
2017-01-25,13.9269
2017-01-24,13.4174
2017-01-23,13.1222
2017-01-20,13.2672
2017-01-19,13.6606
2017-01-18,14.0747
2017-01-17,14.7365
2017-01-13,15.4332
2017-01-12,15.9031
2017-01-11,16.3977
2017-01-10,16.5173
2017-01-09,16.748
2017-01-06,16.7717
2017-01-05,16.7967
2017-01-04,17.1199
2017-01-03,17.3907
2016-12-30,17.6722
2016-12-29,17.9684
2016-12-28,17.7717
2016-12-27,17.4889
2016-12-23,16.9016
2016-12-22,16.5197
2016-12-21,15.6394
2016-12-20,14.8821
2016-12-19,14.0848
2016-12-16,13.2577
2016-12-15,12.7302
2016-12-14,12.0431
2016-12-13,11.1572
2016-12-12,10.2361
2016-12-09,9.7227
2016-12-08,9.3212
2016-12-07,9.0867
2016-12-06,8.9328
2016-12-05,9.2253
2016-12-02,9.5332
2016-12-01,9.6009
2016-11-30,9.7398
2016-11-29,9.9105
2016-11-28,9.9003
2016-11-25,10.0926
2016-11-23,10.5612
2016-11-22,10.9868
2016-11-21,11.1157
2016-11-18,11.397
2016-11-17,11.6931
2016-11-16,12.0952
2016-11-15,12.2729
2016-11-14,12.363
2016-11-11,11.9816
2016-11-10,11.9015
2016-11-09,11.8171
2016-11-08,12.3628
2016-11-07,12.3479
2016-11-04,12.468
2016-11-03,12.9225
2016-11-02,13.4242
2016-11-01,13.8244
2016-10-31,14.2456
2016-10-28,14.2385
2016-10-27,14.2311
2016-10-26,13.869
2016-10-25,13.2108
2016-10-24,12.2706
2016-10-21,11.4306
2016-10-20,10.7799
2016-10-19,10.7723
2016-10-18,11.3352
2016-10-17,11.9234
2016-10-14,12.1474
2016-10-13,12.5772
2016-10-12,12.6381
2016-10-11,12.7643
2016-10-10,13.2683
2016-10-07,13.2402
2016-10-06,13.5509
2016-10-05,13.9817
2016-10-04,14.4351
2016-10-03,15.168
2016-09-30,15.9159
2016-09-29,16.4609
2016-09-28,17.0346
2016-09-27,17.2356
2016-09-26,17.4472
2016-09-23,18.3578
2016-09-22,18.8233
2016-09-21,19.0707
2016-09-20,19.4423
2016-09-19,20.2243
2016-09-16,20.9577
2016-09-15,21.8232
2016-09-14,22.9543
2016-09-13,23.5513
2016-09-12,24.1945
2016-09-09,24.8716
2016-09-08,26.0228
2016-09-07,26.6894
2016-09-06,27.1607
2016-09-02,27.6854
2016-09-01,28.0289
2016-08-31,28.6396
2016-08-30,28.9958
2016-08-29,29.0508
2016-08-26,28.5635
2016-08-25,28.0505
2016-08-24,27.722
2016-08-23,27.5117
2016-08-22,27.1481
2016-08-19,26.9939
2016-08-18,26.8424
2016-08-17,26.6156
2016-08-16,26.3865
2016-08-15,26.1733
2016-08-12,25.6621
2016-08-11,25.2542
2016-08-10,24.4668
2016-08-09,23.6871
2016-08-08,22.6954
2016-08-05,21.7972
2016-08-04,20.8518
2016-08-03,20.104
2016-08-02,19.474
2016-08-01,18.8928
2016-07-29,18.3388
2016-07-28,17.7556
2016-07-27,17.2847
2016-07-26,16.5359
2016-07-25,15.4819
2016-07-22,14.5487
2016-07-21,13.6029
2016-07-20,12.7353
2016-07-19,11.8221
2016-07-18,12.0273
2016-07-15,11.8581
2016-07-14,11.8433
2016-07-13,11.5955
2016-07-12,11.3931
2016-07-11,11.3886
2016-07-08,11.6556
2016-07-07,12.1728
2016-07-06,12.5052
2016-07-05,12.816
2016-07-01,13.3121
2016-06-30,13.9957
2016-06-29,14.5045
2016-06-28,14.7367
2016-06-27,14.2421
2016-06-24,13.51
2016-06-23,13.361
2016-06-22,14.0134
2016-06-21,14.3953
2016-06-20,14.7764
2016-06-17,14.7489
2016-06-16,14.4131
2016-06-15,14.0595
2016-06-14,13.4221
2016-06-13,12.7362
2016-06-10,12.0141
2016-06-09,12.2353
2016-06-08,12.7491
2016-06-07,13.3002
2016-06-06,13.7252
2016-06-03,14.4089
2016-06-02,15.1286
2016-06-01,15.7421
2016-05-31,16.0004
2016-05-27,16.2724
2016-05-26,16.9237
2016-05-25,17.8038
2016-05-24,18.4753
2016-05-23,19.2592
2016-05-20,19.3831
2016-05-19,19.7429
2016-05-18,19.6677
2016-05-17,19.8451
2016-05-16,20.0644
2016-05-13,20.1955
2016-05-12,20.4795
2016-05-11,20.7212
2016-05-10,21.0135
2016-05-09,20.8727
2016-05-06,20.3584
2016-05-05,19.6751
2016-05-04,18.8917
2016-05-03,17.8993
2016-05-02,16.8983
2016-04-29,15.8994
2016-04-28,14.5221
2016-04-27,13.1287
2016-04-26,11.9429
2016-04-25,10.8611
2016-04-22,9.8965
2016-04-21,8.881
2016-04-20,8.5971
2016-04-19,8.2449
2016-04-18,7.7284
2016-04-15,7.2775
2016-04-14,7.1658
2016-04-13,7.2485
2016-04-12,7.4157
2016-04-11,7.6204
2016-04-08,7.8727
2016-04-07,8.1257
2016-04-06,8.4976
2016-04-05,8.8891
2016-04-04,9.2739
2016-04-01,9.3698
2016-03-31,9.4957
2016-03-30,9.465
2016-03-29,9.4105
2016-03-28,9.7113
2016-03-24,10.1345
2016-03-23,10.5561
2016-03-22,11.0428
2016-03-21,11.555
2016-03-18,12.0897
2016-03-17,12.5724
2016-03-16,12.8267
2016-03-15,13.2554
2016-03-14,13.7659
2016-03-11,14.3033
2016-03-10,14.641
2016-03-09,14.9394
2016-03-08,15.5109
2016-03-07,15.8067
2016-03-04,15.974
2016-03-03,16.5556
2016-03-02,17.1939
2016-03-01,18.0029
2016-02-29,18.7139
2016-02-26,19.0907
2016-02-25,19.6316
2016-02-24,19.9697
2016-02-23,20.0796
2016-02-22,20.4276
2016-02-19,21.2176
2016-02-18,21.7636
2016-02-17,22.5272
2016-02-16,23.2621
2016-02-12,23.3408
2016-02-11,23.0681
2016-02-10,22.5064
2016-02-09,22.171
2016-02-08,21.7469
2016-02-05,20.9822
2016-02-04,20.5099
2016-02-03,20.5368
2016-02-02,20.5651
2016-02-01,21.0551
2016-01-29,22.009
2016-01-28,23.013
2016-01-27,22.8936
2016-01-26,22.7615
2016-01-25,22.8218
2016-01-22,22.9232
2016-01-21,22.8472
2016-01-20,22.3199
2016-01-19,21.6417
2016-01-15,21.2256
2016-01-14,20.8796
2016-01-13,20.954
2016-01-12,21.0323
2016-01-11,20.552
2016-01-08,19.8928
2016-01-07,19.4188
2016-01-06,18.9199
2016-01-05,18.9449
2016-01-04,19.3449
2015-12-31,19.43
2015-12-30,20.3874
2015-12-29,20.845
2015-12-28,21.3267
2015-12-24,22.3312
2015-12-23,23.1003
2015-12-22,23.9543
2015-12-21,25.0753
2015-12-18,26.328
2015-12-17,27.6467
2015-12-16,28.107
2015-12-15,28.8634
2015-12-14,29.8404
2015-12-11,31.2556
2015-12-10,32.5358
2015-12-09,33.1789
2015-12-08,33.8558
2015-12-07,34.2053
2015-12-04,34.3372
2015-12-03,34.476
2015-12-02,34.8064
2015-12-01,34.2372
2015-11-30,33.8985
2015-11-27,33.6451
2015-11-25,33.7459
2015-11-24,33.852
2015-11-23,33.9636
2015-11-20,33.9478
2015-11-19,33.9917
2015-11-18,33.641
2015-11-17,33.5103
2015-11-16,33.5422
2015-11-13,33.5771
2015-11-12,33.8405
2015-11-11,33.6317
2015-11-10,33.2035
2015-11-09,32.7746
2015-11-06,32.1086
2015-11-05,31.1037
2015-11-04,30.1148
2015-11-03,29.0306
2015-11-02,28.0047
2015-10-30,27.1892
2015-10-29,26.3308
2015-10-28,25.0188
2015-10-27,23.6378
2015-10-26,21.6891
2015-10-23,19.6462
2015-10-22,17.5374
2015-10-21,16.6637
2015-10-20,16.1861
2015-10-19,15.7742
2015-10-16,15.3405
2015-10-15,15.0491
2015-10-14,15.0024
2015-10-13,14.9532
2015-10-12,14.8812
2015-10-09,14.8333
2015-10-08,14.5138
2015-10-07,14.1878
2015-10-06,13.9113
2015-10-05,13.4603
2015-10-02,13.0924
2015-10-01,13.2498
2015-09-30,13.8089
2015-09-29,14.4416
2015-09-28,14.7054
2015-09-25,15.0564
2015-09-24,15.693
2015-09-23,16.0375
2015-09-22,16.5118
2015-09-21,16.9479
2015-09-18,17.5347
2015-09-17,17.9107
2015-09-16,18.6313
2015-09-15,19.0762
2015-09-14,19.4984
2015-09-11,19.4941
2015-09-10,19.5188
2015-09-09,19.5447
2015-09-08,19.6276
2015-09-04,19.5227
2015-09-03,18.9264
2015-09-02,18.6216
2015-09-01,17.9797
2015-08-31,16.8555
2015-08-28,16.0782
2015-08-27,15.3496
2015-08-26,14.4692
2015-08-25,12.8752
2015-08-24,11.1974
2015-08-21,9.4312
2015-08-20,8.5328
2015-08-19,8.8266
2015-08-18,9.0309
2015-08-17,8.9657
2015-08-14,9.0676
2015-08-13,9.3853
2015-08-12,9.7198
2015-08-11,10.1877
2015-08-10,10.5663
2015-08-07,10.3737
2015-08-06,10.5542
2015-08-05,10.6991
2015-08-04,9.9917
2015-08-03,9.6099
2015-07-31,9.6259
2015-07-30,9.6055
2015-07-29,9.5841
2015-07-28,9.9307
2015-07-27,9.8058
2015-07-24,9.9712
2015-07-23,10.4596
2015-07-22,10.9817
2015-07-21,11.5166
2015-07-20,11.0616
2015-07-17,10.7062
2015-07-16,10.5542
2015-07-15,10.4519
2015-07-14,10.8979
2015-07-13,11.3673
2015-07-10,11.8204
2015-07-09,11.9225
2015-07-08,12.03
2015-07-07,11.8915
2015-07-06,11.4082
2015-07-02,11.2687
2015-07-01,11.1896
2015-06-30,11.1302
2015-06-29,10.6705
2015-06-26,10.4206
2015-06-25,10.5662
2015-06-24,11.0361
2015-06-23,11.5651
2015-06-22,12.1682
2015-06-19,12.4476
2015-06-18,12.7417
2015-06-17,12.9307
2015-06-16,13.56
2015-06-15,14.2223
2015-06-12,14.6561
2015-06-11,15.1954
2015-06-10,15.608
2015-06-09,16.094
2015-06-08,16.7315
2015-06-05,17.5311
2015-06-04,18.4315
2015-06-03,19.1584
2015-06-02,19.5194
2015-06-01,20.1083
2015-05-29,20.7282
2015-05-28,21.4854
2015-05-27,21.7799
2015-05-26,22.2112
2015-05-22,23.1293
2015-05-21,23.6894
2015-05-20,24.1547
2015-05-19,24.4668
2015-05-18,24.8505
2015-05-15,25.1773
2015-05-14,25.2431
2015-05-13,25.3454
2015-05-12,25.6479
2015-05-11,26.2303
2015-05-08,26.2619
2015-05-07,26.198
2015-05-06,26.4772
2015-05-05,26.771
2015-05-04,26.2288
2015-05-01,24.9814
2015-04-30,23.4864
2015-04-29,21.7488
2015-04-28,19.9718
2015-04-27,18.1233
2015-04-24,16.4317
2015-04-23,14.651
2015-04-22,14.5733
2015-04-21,14.8192
2015-04-20,15.078
2015-04-17,15.3504
2015-04-16,15.5702
2015-04-15,16.3359
2015-04-14,17.1419
2015-04-13,17.6073
2015-04-10,18.0971
2015-04-09,18.5163
2015-04-08,18.6641
2015-04-07,18.8196
2015-04-06,19.1556
2015-04-02,19.4023
2015-04-01,18.7015
2015-03-31,18.0646
2015-03-30,17.5174
2015-03-27,17.1467
2015-03-26,16.6539
2015-03-25,16.1828
2015-03-24,15.9705
2015-03-23,16.6277
2015-03-20,17.2862
2015-03-19,17.8571
2015-03-18,18.1317
2015-03-17,18.4207
2015-03-16,17.8011
2015-03-13,16.9504
2015-03-12,15.8772
2015-03-11,14.8679
2015-03-10,14.3437
2015-03-09,13.91
2015-03-06,13.5532
2015-03-05,13.1638
2015-03-04,13.1789
2015-03-03,13.2351
2015-03-02,13.4331
2015-02-27,13.9591
2015-02-26,14.591
2015-02-25,15.2992
2015-02-24,16.0676
2015-02-23,16.8699
2015-02-20,17.7305
2015-02-19,18.4374
2015-02-18,18.9481
2015-02-17,19.6797
2015-02-13,20.4498
2015-02-12,20.9869
2015-02-11,21.0286
2015-02-10,20.751
2015-02-09,20.4588
2015-02-06,20.1634
2015-02-05,19.8525
2015-02-04,19.4299
2015-02-03,18.7112
2015-02-02,17.7737
2015-01-30,16.4162
2015-01-29,15.0188
2015-01-28,13.6631
2015-01-27,12.3347
2015-01-26,11.2037
2015-01-23,11.7334
2015-01-22,11.9026
2015-01-21,12.2376
2015-01-20,12.4903
2015-01-16,12.8145
2015-01-15,12.8819
2015-01-14,13.0976
2015-01-13,13.4521
2015-01-12,14.0998
2015-01-09,14.5336
2015-01-08,15.2646
2015-01-07,16.057
2015-01-06,15.9589
2015-01-05,15.884
2015-01-02,16.2266
2014-12-31,16.7738
2014-12-30,17.3498
2014-12-29,18.2029
2014-12-26,18.9416
2014-12-24,19.319
2014-12-23,19.5207
2014-12-22,19.6959
2014-12-19,20.2585
2014-12-18,20.8623
2014-12-17,21.8379
2014-12-16,21.9597
2014-12-15,22.2235
2014-12-12,23.2742
2014-12-11,24.2783
2014-12-10,25.327
2014-12-09,26.489
2014-12-08,27.4386
2014-12-05,28.1126
2014-12-04,27.9342
2014-12-03,27.7463
2014-12-02,27.8602
2014-12-01,27.5737
2014-11-28,27.4181
2014-11-26,27.5965
2014-11-25,27.9129
2014-11-24,28.0796
2014-11-21,28.2551
2014-11-20,28.2726
2014-11-19,28.4783
2014-11-18,28.6417
2014-11-17,28.0901
2014-11-14,27.379
2014-11-13,26.3801
2014-11-12,25.4805
2014-11-11,24.8373
2014-11-10,24.037
2014-11-07,23.1947
2014-11-06,22.3997
2014-11-05,21.5864
2014-11-04,21.1358
2014-11-03,20.7398
2014-10-31,20.4477
2014-10-30,20.3757
2014-10-29,20.6409
2014-10-28,20.47
2014-10-27,20.3916
2014-10-24,20.5168
2014-10-23,20.6487
2014-10-22,21.6468
2014-10-21,22.6095
2014-10-20,23.555
2014-10-17,23.9089
2014-10-16,24.1097
2014-10-15,23.5351
2014-10-14,22.9303
2014-10-13,23.1044
2014-10-10,23.2877
2014-10-09,23.7864
2014-10-08,24.1109
2014-10-07,24.4524
2014-10-06,25.7374
2014-10-03,26.4698
2014-10-02,27.2408
2014-10-01,28.2601
2014-09-30,29.0743
2014-09-29,29.7171
2014-09-26,30.3938
2014-09-25,31.106
2014-09-24,31.5277
2014-09-23,31.5713
2014-09-22,31.7093
2014-09-19,31.1501
2014-09-18,30.5614
2014-09-17,30.4192
2014-09-16,30.3717
2014-09-15,30.2389
2014-09-12,30.1954
2014-09-11,29.4456
2014-09-10,28.6677
2014-09-09,27.8818
2014-09-08,26.8617
2014-09-05,25.8721
2014-09-04,25.3249
2014-09-03,25.2262
2014-09-02,25.2523
2014-08-29,24.8279
2014-08-28,24.3955
2014-08-27,24.2875
2014-08-26,23.9643
2014-08-25,23.3687
2014-08-22,22.5992
2014-08-21,21.7474
2014-08-20,20.985
2014-08-19,20.0911
2014-08-18,19.1844
2014-08-15,18.5334
2014-08-14,17.986
2014-08-13,17.7385
2014-08-12,17.6537
2014-08-11,18.0473
2014-08-08,18.5859
2014-08-07,19.2728
2014-08-06,19.9958
2014-08-05,20.998
2014-08-04,21.4494
2014-08-01,21.9246
2014-07-31,22.5988
2014-07-30,22.8211
2014-07-29,22.8273
2014-07-28,22.4369
2014-07-25,21.6777
2014-07-24,20.4055
2014-07-23,19.0405
2014-07-22,17.2136
2014-07-21,15.4135
2014-07-18,13.5186
2014-07-17,11.6549
2014-07-16,9.693
2014-07-15,8.308
2014-07-14,8.4057
2014-07-11,8.532
2014-07-10,8.8555
2014-07-09,9.0794
2014-07-08,9.1806
2014-07-07,9.1749
2014-07-03,9.0297
2014-07-02,9.0196
2014-07-01,9.1079
2014-06-30,8.9963
2014-06-27,8.8661
2014-06-26,8.7292
2014-06-25,8.9252
2014-06-24,9.0985
2014-06-23,9.3866
2014-06-20,9.5564
2014-06-19,9.8901
2014-06-18,10.2954
2014-06-17,10.7481
2014-06-16,11.2247
2014-06-13,11.0811
2014-06-12,10.9632
2014-06-11,11.383
2014-06-10,11.3629
2014-06-09,11.245
2014-06-06,10.9592
2014-06-05,10.4335
2014-06-04,10.1686
2014-06-03,10.6222
2014-06-02,10.7015
2014-05-30,10.2992
2014-05-29,9.9744
2014-05-28,10.1903
2014-05-27,10.5768
2014-05-23,10.9835
2014-05-22,11.2187
2014-05-21,11.4839
2014-05-20,11.7631
2014-05-19,12.3575
2014-05-16,12.8769
2014-05-15,13.4237
2014-05-14,14.068
2014-05-13,14.2801
2014-05-12,14.5034
2014-05-09,15.207
2014-05-08,15.8034
2014-05-07,16.4312
2014-05-06,16.7672
2014-05-05,17.4429
2014-05-02,18.2938
2014-05-01,18.8915
2014-04-30,19.2691
2014-04-29,19.471
2014-04-28,19.4851
2014-04-25,19.4999
2014-04-24,19.8938
2014-04-23,20.8138
2014-04-22,21.6449
2014-04-21,22.2216
2014-04-17,22.8286
2014-04-16,23.4675
2014-04-15,23.8285
2014-04-14,24.4814
2014-04-11,25.5269
2014-04-10,26.5534
2014-04-09,27.569
2014-04-08,28.0312
2014-04-07,28.8901
2014-04-04,29.3376
2014-04-03,29.8085
2014-04-02,29.282
2014-04-01,28.2086
2014-03-31,27.1061
2014-03-28,25.9796
2014-03-27,25.1507
2014-03-26,24.6046
2014-03-25,23.7361
2014-03-24,22.3971
2014-03-21,21.1369
2014-03-20,19.6313
2014-03-19,18.1649
2014-03-18,17.15
2014-03-17,16.0818
2014-03-14,15.9637
2014-03-13,16.0829
2014-03-12,16.0452
2014-03-11,15.8261
2014-03-10,15.7583
2014-03-07,15.8712
2014-03-06,15.9901
2014-03-05,15.9006
2014-03-04,15.7637
2014-03-03,15.474
2014-02-28,15.4125
2014-02-27,15.0121
2014-02-26,14.9967
2014-02-25,15.0951
2014-02-24,15.0394
2014-02-21,14.7906
2014-02-20,14.1987
2014-02-19,13.8895
2014-02-18,13.6462
2014-02-14,13.1911
2014-02-13,12.8937
2014-02-12,12.5806
2014-02-11,12.4145
2014-02-10,12.4611
2014-02-07,12.8295
2014-02-06,13.3697
2014-02-05,13.9547
2014-02-04,14.6499
2014-02-03,15.1267
2014-01-31,15.4905
2014-01-30,15.7745
2014-01-29,16.4409
2014-01-28,17.1422
2014-01-27,17.5075
2014-01-24,18.0414
2014-01-23,18.9808
2014-01-22,18.7339
2014-01-21,18.6244
2014-01-17,18.7187
2014-01-16,18.8796
2014-01-15,19.1569
2014-01-14,19.2618
2014-01-13,18.46
2014-01-10,17.726
2014-01-09,17.5288
2014-01-08,17.0543
2014-01-07,16.6733
2014-01-06,16.7248
2014-01-03,16.779
2014-01-02,17.2204
2013-12-31,18.1265
2013-12-30,18.9707
2013-12-27,19.8988
2013-12-26,20.7733
2013-12-24,21.8055
2013-12-23,22.733
2013-12-20,23.4511
2013-12-19,24.207
2013-12-18,24.6514
2013-12-17,25.1192
2013-12-16,26.1984
2013-12-13,27.5011
2013-12-12,28.9369
2013-12-11,29.9985
2013-12-10,30.9262
2013-12-09,31.2855
2013-12-06,31.283
2013-12-05,31.4732
2013-12-04,31.6733
2013-12-03,30.7777
2013-12-02,30.0746
2013-11-29,29.3345
2013-11-27,28.8115
2013-11-26,28.5752
2013-11-25,28.3959
2013-11-22,27.936
2013-11-21,27.6097
2013-11-20,27.3556
2013-11-19,27.1593
2013-11-18,27.059
2013-11-15,26.8253
2013-11-14,25.8385
2013-11-13,24.7998
2013-11-12,23.7065
2013-11-11,22.8038
2013-11-08,21.6824
2013-11-07,20.5019
2013-11-06,19.1663
2013-11-05,17.7604
2013-11-04,16.9298
2013-11-01,16.4645
2013-10-31,16.1551
2013-10-30,15.8294
2013-10-29,15.4022
2013-10-28,14.9916
2013-10-25,14.5508
2013-10-24,13.9187
2013-10-23,14.6246
2013-10-22,15.3325
2013-10-21,15.2772
2013-10-18,14.7874
2013-10-17,14.4202
2013-10-16,13.99
2013-10-15,13.3326
2013-10-14,12.6405
2013-10-11,12.2205
2013-10-10,12.0244
2013-10-09,11.9969
2013-10-08,12.3846
2013-10-07,12.8086
2013-10-04,12.9002
2013-10-03,12.5939
2013-10-02,12.2716
2013-10-01,11.9322
2013-09-30,11.8435
2013-09-27,11.9524
2013-09-26,11.9252
2013-09-25,12.4247
2013-09-24,13.0532
2013-09-23,13.7149
2013-09-20,14.2024
2013-09-19,14.5753
2013-09-18,14.4559
2013-09-17,14.5033
2013-09-16,14.4965
2013-09-13,14.4894
2013-09-12,14.7311
2013-09-11,15.1602
2013-09-10,15.612
2013-09-09,16.4057
2013-09-06,16.8985
2013-09-05,17.1367
2013-09-04,17.3874
2013-09-03,17.7357
2013-08-30,18.196
2013-08-29,18.5063
2013-08-28,18.833
2013-08-27,19.0349
2013-08-26,19.1421
2013-08-23,18.593
2013-08-22,18.0151
2013-08-21,18.9411
2013-08-20,19.5077
2013-08-19,20.0069
2013-08-16,20.5393
2013-08-15,21.2939
2013-08-14,22.0882
2013-08-13,22.9452
2013-08-12,23.8171
2013-08-09,24.7499
2013-08-08,25.6751
2013-08-07,26.6489
2013-08-06,26.854
2013-08-05,26.6486
2013-08-02,26.5741
2013-08-01,26.3985
2013-07-31,26.2315
2013-07-30,26.1097
2013-07-29,25.9816
2013-07-26,25.3973
2013-07-25,24.7822
2013-07-24,24.152
2013-07-23,23.741
2013-07-22,23.1891
2013-07-19,22.5851
2013-07-18,21.9492
2013-07-17,22.5045
2013-07-16,22.8253
2013-07-15,22.6703
2013-07-12,22.6451
2013-07-11,22.9623
2013-07-10,23.2962
2013-07-09,24.4236
2013-07-08,25.6108
2013-07-05,26.8513
2013-07-03,27.8296
2013-07-02,28.8746
2013-07-01,29.9976
2013-06-28,31.3998
2013-06-27,33.0439
2013-06-26,34.6387
2013-06-25,36.36
2013-06-24,38.089
2013-06-21,39.7611
2013-06-20,41.8222
2013-06-19,43.732
2013-06-18,44.5415
2013-06-17,45.0281
2013-06-14,45.546
2013-06-13,46.3693
2013-06-12,46.83
2013-06-11,46.9886
2013-06-10,47.2
2013-06-07,46.8296
2013-06-06,46.4397
2013-06-05,46.3075
2013-06-04,46.2689
2013-06-03,45.7773
2013-05-31,45.3023
2013-05-30,44.9406
2013-05-29,44.5719
2013-05-28,44.2746
2013-05-24,43.9616
2013-05-23,44.0125
2013-05-22,44.066
2013-05-21,43.5822
2013-05-20,42.6183
2013-05-17,41.658
2013-05-16,40.7167
2013-05-15,39.9694
2013-05-14,39.2758
2013-05-13,38.6896
2013-05-10,38.3711
2013-05-09,38.2054
2013-05-08,37.6984
2013-05-07,37.0906
2013-05-06,35.6842
2013-05-03,34.1901
2013-05-02,32.7345
2013-05-01,31.3143
2013-04-30,29.5434
2013-04-29,27.6793
2013-04-26,25.8362
2013-04-25,24.1138
2013-04-24,22.1862
2013-04-23,20.4751
2013-04-22,19.1379
2013-04-19,17.7303
2013-04-18,16.7954
2013-04-17,16.9097
2013-04-16,16.8791
2013-04-15,16.7042
2013-04-12,16.6811
2013-04-11,16.4388
2013-04-10,16.0821
2013-04-09,14.3709
2013-04-08,12.9565
2013-04-05,12.7416
2013-04-04,12.5153
2013-04-03,12.5473
2013-04-02,11.9746
2013-04-01,11.5233
2013-03-28,11.3525
2013-03-27,11.1727
2013-03-26,11.3436
2013-03-25,11.711
2013-03-22,12.0977
2013-03-21,12.2366
2013-03-20,12.3828
2013-03-19,12.2908
2013-03-18,12.6095
2013-03-15,12.945
2013-03-14,12.9899
2013-03-13,13.0372
2013-03-12,13.2846
2013-03-11,13.645
2013-03-08,13.9766
2013-03-07,13.8472
2013-03-06,13.7729
2013-03-05,13.755
2013-03-04,13.0852
2013-03-01,12.8374
2013-02-28,12.7992
2013-02-27,12.3553
2013-02-26,11.8881
2013-02-25,11.9129
2013-02-22,11.8866
2013-02-21,12.2722
2013-02-20,12.7078
2013-02-19,12.0578
2013-02-15,11.5178
2013-02-14,11.1656
2013-02-13,10.9341
2013-02-12,10.6716
2013-02-11,10.5426
2013-02-08,10.5144
2013-02-07,10.7765
2013-02-06,11.1418
2013-02-05,11.6962
2013-02-04,12.1036
2013-02-01,12.4365
2013-01-31,12.5783
2013-01-30,12.834
2013-01-29,12.5031
2013-01-28,12.2272
2013-01-25,11.6572
2013-01-24,11.0572
2013-01-23,10.5976
2013-01-22,10.6337
2013-01-18,10.9201
2013-01-17,11.4458
2013-01-16,11.9707
2013-01-15,12.3402
2013-01-14,12.7292
2013-01-11,12.8389
2013-01-10,12.7317
2013-01-09,12.6297
2013-01-08,12.8206
2013-01-07,13.0215
2013-01-04,13.4322
2013-01-03,13.9652
2013-01-02,14.3616
2012-12-31,14.7788
2012-12-28,14.6412
2012-12-27,14.703
2012-12-26,14.791
2012-12-24,15.0306
2012-12-21,15.6409
2012-12-20,16.2832
2012-12-19,17.1393
2012-12-18,17.9216
2012-12-17,18.8597
2012-12-14,19.3513
2012-12-13,19.7588
2012-12-12,20.4498
2012-12-11,21.3179
2012-12-10,22.0788
2012-12-07,22.2111
2012-12-06,22.1384
2012-12-05,22.2789
2012-12-04,22.3589
2012-12-03,22.0266
2012-11-30,21.7241
2012-11-29,21.4752
2012-11-28,21.5112
2012-11-27,21.549
2012-11-26,21.8136
2012-11-23,22.2
2012-11-21,22.6316
2012-11-20,22.3786
2012-11-19,21.6226
2012-11-16,20.8332
2012-11-15,19.8704
2012-11-14,19.0243
2012-11-13,18.2366
2012-11-12,17.4073
2012-11-09,17.3921
2012-11-08,17.9289
2012-11-07,18.494
2012-11-06,19.3372
2012-11-05,19.8622
2012-11-02,20.9013
2012-11-01,21.9952
2012-10-31,22.9093
2012-10-26,22.9857
2012-10-25,22.1834
2012-10-24,21.0827
2012-10-23,19.9313
2012-10-22,18.7192
2012-10-19,17.4895
2012-10-18,16.69
2012-10-17,16.5999
2012-10-16,16.3527
2012-10-15,16.3539
2012-10-12,16.323
2012-10-11,15.6102
2012-10-10,14.929
2012-10-09,14.2899
2012-10-08,13.8477
2012-10-05,13.7936
2012-10-04,13.9691
2012-10-03,13.802
2012-10-02,13.7431
2012-10-01,13.5228
2012-09-28,13.291
2012-09-27,13.4
2012-09-26,13.6911
2012-09-25,14.178
2012-09-24,14.7478
2012-09-21,14.9519
2012-09-20,14.4378
2012-09-19,14.0374
2012-09-18,13.9497
2012-09-17,13.8573
2012-09-14,13.7446
2012-09-13,13.6367
2012-09-12,13.5955
2012-09-11,13.0768
2012-09-10,12.7941
2012-09-07,12.5064
2012-09-06,11.8886
2012-09-05,11.2383
2012-09-04,11.3838
2012-08-31,11.5371
2012-08-30,11.3848
2012-08-29,11.613
2012-08-28,11.5472
2012-08-27,11.3643
2012-08-24,11.0741
2012-08-23,11.1097
2012-08-22,11.4039
2012-08-21,11.1872
2012-08-20,10.7458
2012-08-17,10.391
2012-08-16,10.0036
2012-08-15,9.5958
2012-08-14,9.8352
2012-08-13,10.0872
2012-08-10,10.4946
2012-08-09,10.8221
2012-08-08,11.1118
2012-08-07,11.5937
2012-08-06,12.1882
2012-08-03,12.573
2012-08-02,12.8029
2012-08-01,12.593
2012-07-31,12.5716
2012-07-30,12.6505
2012-07-27,12.8427
2012-07-26,13.045
2012-07-25,12.9134
2012-07-24,12.6016
2012-07-23,12.3566
2012-07-20,12.1739
2012-07-19,12.7944
2012-07-18,13.1811
2012-07-17,13.8496
2012-07-16,13.9631
2012-07-13,13.7121
2012-07-12,13.3906
2012-07-11,12.705
2012-07-10,12.4065
2012-07-09,12.4377
2012-07-06,12.7196
2012-07-05,13.1784
2012-07-03,13.6508
2012-07-02,14.1673
2012-06-29,14.8435
2012-06-28,15.5553
2012-06-27,15.8146
2012-06-26,16.6272
2012-06-25,17.2802
2012-06-22,17.9675
2012-06-21,18.7311
2012-06-20,19.5044
2012-06-19,19.6901
2012-06-18,19.8855
2012-06-15,20.7165
2012-06-14,21.5912
2012-06-13,21.738
2012-06-12,22.0557
2012-06-11,22.2026
2012-06-08,22.3572
2012-06-07,22.7233
2012-06-06,23.2169
2012-06-05,23.3321
2012-06-04,22.5764
2012-06-01,21.781
2012-05-31,21.0246
2012-05-30,20.5914
2012-05-29,20.2783
2012-05-25,20.0287
2012-05-24,19.2654
2012-05-23,18.3755
2012-05-22,17.4388
2012-05-21,17.0819
2012-05-18,16.5821
2012-05-17,16.1431
2012-05-16,16.1447
2012-05-15,16.174
2012-05-14,16.5959
2012-05-11,17.3424
2012-05-10,18.1812
2012-05-09,18.4572
2012-05-08,18.5035
2012-05-07,18.6156
2012-05-04,19.1122
2012-05-03,20.0032
2012-05-02,20.303
2012-05-01,20.5764
2012-04-30,20.4164
2012-04-27,20.4639
2012-04-26,20.5139
2012-04-25,20.5118
2012-04-24,20.5096
2012-04-23,20.5073
2012-04-20,20.2593
2012-04-19,19.9739
2012-04-18,20.7266
2012-04-17,21.6948
2012-04-16,22.7736
2012-04-13,23.5206
2012-04-12,24.2683
2012-04-11,24.9036
2012-04-10,24.8688
2012-04-09,24.8939
2012-04-05,25.587
2012-04-04,26.4068
2012-04-03,27.2698
2012-04-02,28.5033
2012-03-30,29.3938
2012-03-29,30.1989
2012-03-28,31.2957
2012-03-27,32.1168
2012-03-26,32.4068
2012-03-23,32.8006
2012-03-22,33.7586
2012-03-21,34.6546
2012-03-20,35.5508
2012-03-19,36.4942
2012-03-16,36.8427
2012-03-15,36.5793
2012-03-14,36.1495
2012-03-13,35.7401
2012-03-12,35.4463
2012-03-09,35.5343
2012-03-08,35.4468
2012-03-07,35.3547
2012-03-06,35.4949
2012-03-05,35.6424
2012-03-02,35.589
2012-03-01,34.8819
2012-02-29,34.1684
2012-02-28,33.6686
2012-02-27,33.1901
2012-02-24,32.9977
2012-02-23,32.5574
2012-02-22,32.0939
2012-02-21,31.3096
2012-02-17,30.5257
2012-02-16,29.8774
2012-02-15,29.195
2012-02-14,29.3525
2012-02-13,29.5182
2012-02-10,29.0669
2012-02-09,28.5919
2012-02-08,27.8927
2012-02-07,27.2455
2012-02-06,26.6927
2012-02-03,26.3035
2012-02-02,25.7107
2012-02-01,25.2497
2012-01-31,24.8513
2012-01-30,24.6976
2012-01-27,24.5988
2012-01-26,24.0169
2012-01-25,23.0593
2012-01-24,22.082
2012-01-23,20.8927
2012-01-20,19.3924
2012-01-19,17.9192
2012-01-18,17.2196
2012-01-17,16.5117
2012-01-13,15.4587
2012-01-12,14.6608
2012-01-11,14.0163
2012-01-10,13.3722
2012-01-09,12.1127
2012-01-06,10.8233
2012-01-05,9.4661
2012-01-04,8.3765
2012-01-03,7.4389
2011-12-30,6.9174
2011-12-29,7.1907
2011-12-28,7.3789
2011-12-27,7.5769
2011-12-23,7.9503
2011-12-22,8.2667
2011-12-21,8.3667
2011-12-20,8.4719
2011-12-19,8.8211
2011-12-16,9.1888
2011-12-15,9.3736
2011-12-14,9.8427
2011-12-13,10.3513
2011-12-12,10.7982
2011-12-09,10.8627
2011-12-08,11.1489
2011-12-07,11.2719
2011-12-06,11.4014
2011-12-05,11.8071
2011-12-02,12.1591
2011-12-01,12.3371
2011-11-30,12.5601
2011-11-29,12.7494
2011-11-28,12.3698
2011-11-25,11.8915
2011-11-23,11.0462
2011-11-22,10.2688
2011-11-21,9.5705
2011-11-18,9.0055
2011-11-17,8.5863
2011-11-16,8.3562
2011-11-15,8.5949
2011-11-14,8.9262
2011-11-11,9.3929
2011-11-10,9.8841
2011-11-09,9.8892
2011-11-08,9.8946
2011-11-07,10.4008
2011-11-04,10.5914
2011-11-03,10.3816
2011-11-02,10.1608
2011-11-01,9.5405
2011-10-31,8.9945
2011-10-28,8.9814
2011-10-27,9.1068
2011-10-26,9.2388
2011-10-25,9.0663
2011-10-24,9.3746
2011-10-21,9.7565
2011-10-20,10.1985
2011-10-19,10.6637
2011-10-18,10.7632
2011-10-17,10.9223
2011-10-14,11.0459
2011-10-13,11.0294
2011-10-12,11.2217
2011-10-11,11.1896
2011-10-10,11.318
2011-10-07,11.5207
2011-10-06,12.0524
2011-10-05,12.6832
2011-10-04,13.1773
2011-10-03,13.1049
2011-09-30,13.1915
2011-09-29,13.516
2011-09-28,13.9971
2011-09-27,14.6757
2011-09-26,15.1838
2011-09-23,15.4137
2011-09-22,15.3583
2011-09-21,15.3
2011-09-20,16.0692
2011-09-19,16.04
2011-09-16,16.1438
2011-09-15,16.0335
2011-09-14,16.0793
2011-09-13,16.2859
2011-09-12,16.9611
2011-09-09,17.8296
2011-09-08,18.6034
2011-09-07,19.0285
2011-09-06,19.9992
2011-09-02,20.7155
2011-09-01,21.6583
2011-08-31,22.0939
2011-08-30,22.6774
2011-08-29,23.5307
2011-08-26,24.5702
2011-08-25,25.0917
2011-08-24,25.425
2011-08-23,25.4925
2011-08-22,25.3358
2011-08-19,24.8309
2011-08-18,24.3767
2011-08-17,23.9751
2011-08-16,24.2132
2011-08-15,24.5653
2011-08-12,24.7294
2011-08-11,24.5988
2011-08-10,24.4613
2011-08-09,23.9589
2011-08-08,23.4301
2011-08-05,23.0945
2011-08-04,23.3482
2011-08-03,24.2582
2011-08-02,25.2328
2011-08-01,25.8988
2011-07-29,26.5999
2011-07-28,26.6331
2011-07-27,26.668
2011-07-26,26.7757
2011-07-25,26.0108
2011-07-22,25.2433
2011-07-21,24.8373
2011-07-20,24.6125
2011-07-19,23.8251
2011-07-18,22.9964
2011-07-15,22.7479
2011-07-14,22.1109
2011-07-13,21.4405
2011-07-12,20.4697
2011-07-11,19.5804
2011-07-08,18.3812
2011-07-07,17.0842
2011-07-06,15.7864
2011-07-05,14.7952
2011-07-01,13.9334
2011-06-30,13.0262
2011-06-29,12.2096
2011-06-28,11.5983
2011-06-27,10.9547
2011-06-24,10.6956
2011-06-23,10.9998
2011-06-22,11.3328
2011-06-21,11.6496
2011-06-20,11.9832
2011-06-17,12.5881
2011-06-16,12.7765
2011-06-15,12.6705
2011-06-14,12.4187
2011-06-13,12.7877
2011-06-10,12.763
2011-06-09,12.4477
2011-06-08,12.2721
2011-06-07,12.135
2011-06-06,12.0371
2011-06-03,11.9341
2011-06-02,11.6674
2011-06-01,11.7535
2011-05-31,12.0652
2011-05-27,12.5936
2011-05-26,13.1569
2011-05-25,13.7498
2011-05-24,13.3349
2011-05-23,12.8652
2011-05-20,12.3073
2011-05-19,12.148
2011-05-18,12.0471
2011-05-17,11.7345
2011-05-16,11.347
2011-05-13,11.008
2011-05-12,11.1134
2011-05-11,11.3921
2011-05-10,11.8094
2011-05-09,12.2929
2011-05-06,12.5901
2011-05-05,12.8045
2011-05-04,13.1748
2011-05-03,13.4369
2011-05-02,14.1283
2011-04-29,14.856
2011-04-28,15.622
2011-04-27,15.1769
2011-04-26,15.1719
2011-04-25,15.1666
2011-04-21,15.7974
2011-04-20,16.4872
2011-04-19,17.3046
2011-04-18,16.9842
2011-04-15,16.6471
2011-04-14,16.8567
2011-04-13,16.8642
2011-04-12,17.5489
2011-04-11,18.2354
2011-04-08,19.0272
2011-04-07,19.5809
2011-04-06,20.1933
2011-04-05,20.838
2011-04-04,21.6981
2011-04-01,22.2422
2011-03-31,22.5742
2011-03-30,22.9639
2011-03-29,23.5894
2011-03-28,23.8927
2011-03-25,24.3141
2011-03-24,25.035
2011-03-23,25.6588
2011-03-22,25.8561
2011-03-21,25.7805
2011-03-18,25.701
2011-03-17,24.8211
2011-03-16,23.8949
2011-03-15,22.92
2011-03-14,22.1627
2011-03-11,21.7007
2011-03-10,21.2244
2011-03-09,20.4604
2011-03-08,19.9514
2011-03-07,19.4157
2011-03-04,18.8517
2011-03-03,18.4944
2011-03-02,18.5185
2011-03-01,18.4958
2011-02-28,18.5899
2011-02-25,19.1016
2011-02-24,19.6403
2011-02-23,20.2073
2011-02-22,20.5352
2011-02-18,20.9731
2011-02-17,21.9564
2011-02-16,22.9914
2011-02-15,23.7059
2011-02-14,24.8569
2011-02-11,25.7854
2011-02-10,26.8987
2011-02-09,28.3023
2011-02-08,28.9457
2011-02-07,29.4086
2011-02-04,29.8958
2011-02-03,30.9449
2011-02-02,32.0067
2011-02-01,32.6253
2011-01-31,33.3272
2011-01-28,34.2284
2011-01-27,35.1351
2011-01-26,34.2947
2011-01-25,33.7782
2011-01-24,33.7786
2011-01-21,33.7791
2011-01-20,33.9257
2011-01-19,33.8397
2011-01-18,33.4355
2011-01-14,33.01
2011-01-13,32.9119
2011-01-12,32.5892
2011-01-11,32.1182
2011-01-10,31.9513
2011-01-07,31.7756
2011-01-06,31.1396
2011-01-05,30.47
2011-01-04,30.6415
2011-01-03,30.6374
2010-12-31,30.4718
2010-12-30,30.6118
2010-12-29,30.4215
2010-12-28,29.9685
2010-12-27,29.297
2010-12-23,28.5902
2010-12-22,27.6616
2010-12-21,26.6389
2010-12-20,25.7801
2010-12-17,25.0105
2010-12-16,24.0508
2010-12-15,23.125
2010-12-14,22.1504
2010-12-13,21.3249
2010-12-10,20.7305
2010-12-09,20.1527
2010-12-08,19.6004
2010-12-07,19.1115
2010-12-06,18.6986
2010-12-03,18.4042
2010-12-02,18.0639
2010-12-01,17.7768
2010-11-30,18.2168
2010-11-29,18.5732
2010-11-26,18.8649
2010-11-24,19.4895
2010-11-23,20.1469
2010-11-22,20.8389
2010-11-19,21.8392
2010-11-18,22.6616
2010-11-17,23.513
2010-11-16,24.6216
2010-11-15,25.6552
2010-11-12,26.2354
2010-11-11,26.8461
2010-11-10,27.2285
2010-11-09,26.7672
2010-11-08,26.2815
2010-11-05,25.8182
2010-11-04,25.3305
2010-11-03,24.0034
2010-11-02,22.6064
2010-11-01,21.1757
2010-10-29,19.7842
2010-10-28,18.3308
2010-10-27,17.3319
2010-10-26,16.4911
2010-10-25,15.7199
2010-10-22,15.4821
2010-10-21,15.0746
2010-10-20,14.6457
2010-10-19,14.3251
2010-10-18,14.0153
2010-10-15,12.9458
2010-10-14,12.159
2010-10-13,11.5258
2010-10-12,10.8593
2010-10-11,10.7794
2010-10-08,10.9181
2010-10-07,11.1716
2010-10-06,11.4385
2010-10-05,11.9621
2010-10-04,12.5643
2010-10-01,12.6164
2010-09-30,13.2663
2010-09-29,13.8719
2010-09-28,14.4787
2010-09-27,15.1174
2010-09-24,15.7474
2010-09-23,16.5168
2010-09-22,17.068
2010-09-21,17.6482
2010-09-20,18.0198
2010-09-17,18.3698
2010-09-16,18.7383
2010-09-15,19.2902
2010-09-14,20.0272
2010-09-13,20.803
2010-09-10,21.6785
2010-09-09,21.4846
2010-09-08,21.4718
2010-09-07,21.4436
2010-09-03,21.5834
2010-09-02,22.0086
2010-09-01,21.7152
2010-08-31,21.4064
2010-08-30,20.7336
2010-08-27,20.2568
2010-08-26,19.7549
2010-08-25,19.4636
2010-08-24,19.2266
2010-08-23,19.0898
2010-08-20,19.1592
2010-08-19,18.9105
2010-08-18,18.6569
2010-08-17,18.5532
2010-08-16,18.6033
2010-08-13,18.0347
2010-08-12,17.4362
2010-08-11,16.892
2010-08-10,16.4636
2010-08-09,16.2543
2010-08-06,16.4436
2010-08-05,16.4453
2010-08-04,16.6085
2010-08-03,16.981
2010-08-02,17.8685
2010-07-30,18.8026
2010-07-29,19.2269
2010-07-28,19.9094
2010-07-27,20.8544
2010-07-26,21.9244
2010-07-23,23.067
2010-07-22,24.0963
2010-07-21,25.3477
2010-07-20,26.374
2010-07-19,27.2857
2010-07-16,28.4216
2010-07-15,29.6174
2010-07-14,30.9559
2010-07-13,32.4751
2010-07-12,33.8153
2010-07-09,34.8629
2010-07-08,35.5025
2010-07-07,36.1758
2010-07-06,36.5903
2010-07-02,36.7949
2010-07-01,36.3492
2010-06-30,35.6954
2010-06-29,35.0951
2010-06-28,34.5272
2010-06-25,34.3858
2010-06-24,34.3343
2010-06-23,34.6223
2010-06-22,35.1006
2010-06-21,35.9576
2010-06-18,36.9497
2010-06-17,37.6325
2010-06-16,38.3511
2010-06-15,39.2226
2010-06-14,40.14
2010-06-11,40.4387
2010-06-10,40.5013
2010-06-09,39.927
2010-06-08,39.3225
2010-06-07,38.3889
2010-06-04,37.6038
2010-06-03,36.9163
2010-06-02,36.5189
2010-06-01,35.5458
2010-05-28,34.3021
2010-05-27,32.7468
2010-05-26,31.128
2010-05-25,29.4239
2010-05-24,27.8671
2010-05-21,26.5387
2010-05-20,25.2113
2010-05-19,24.0683
2010-05-18,23.2423
2010-05-17,22.742
2010-05-14,22.2154
2010-05-13,21.7803
2010-05-12,21.6884
2010-05-11,21.4153
2010-05-10,21.1279
2010-05-07,20.6348
2010-05-06,19.4818
2010-05-05,18.5953
2010-05-04,19.1679
2010-05-03,19.8415
2010-04-30,20.0512
2010-04-29,20.272
2010-04-28,20.2588
2010-04-27,20.7647
2010-04-26,21.0845
2010-04-23,21.2365
2010-04-22,21.3964
2010-04-21,21.1509
2010-04-20,20.2885
2010-04-19,19.4333
2010-04-16,18.7016
2010-04-15,18.1881
2010-04-14,17.4505
2010-04-13,16.6742
2010-04-12,16.3413
2010-04-09,15.8631
2010-04-08,15.4399
2010-04-07,15.4658
2010-04-06,16.0279
2010-04-05,16.6196
2010-04-01,17.4526
2010-03-31,18.3295
2010-03-30,18.4292
2010-03-29,17.9394
2010-03-26,17.3285
2010-03-25,16.6113
2010-03-24,15.4607
2010-03-23,14.9943
2010-03-22,14.5033
2010-03-19,14.2301
2010-03-18,13.9426
2010-03-17,13.8609
2010-03-16,13.7749
2010-03-15,14.1766
2010-03-12,14.769
2010-03-11,15.348
2010-03-10,16.0905
2010-03-09,16.7588
2010-03-08,17.4623
2010-03-05,17.9572
2010-03-04,18.1183
2010-03-03,18.2439
2010-03-02,18.4593
2010-03-01,18.686
2010-02-26,19.2201
2010-02-25,19.5266
2010-02-24,19.5842
2010-02-23,19.9977
2010-02-22,20.4328
2010-02-19,21.4968
2010-02-18,22.5928
2010-02-17,23.7465
2010-02-16,24.5984
2010-02-12,25.1464
2010-02-11,25.1177
2010-02-10,25.1922
2010-02-09,25.0419
2010-02-08,24.8837
2010-02-05,24.3509
2010-02-04,23.79
2010-02-03,23.3618
2010-02-02,23.1325
2010-02-01,22.5006
2010-01-29,21.8082
2010-01-28,21.0794
2010-01-27,21.2237
2010-01-26,21.495
2010-01-25,21.8442
2010-01-22,21.9785
2010-01-21,22.1198
2010-01-20,23.152
2010-01-19,23.8412
2010-01-15,24.0391
2010-01-14,24.2027
2010-01-13,24.5096
2010-01-12,25.4591
2010-01-11,26.6039
2010-01-08,27.5273
2010-01-07,28.334
2010-01-06,29.3809
2010-01-05,30.023
2010-01-04,30.5223
2009-12-31,31.0479
2009-12-30,31.7026
2009-12-29,31.943
2009-12-28,31.5201
2009-12-24,31.3178
2009-12-23,31.2508
2009-12-22,31.2208
2009-12-21,31.2049
2009-12-18,31.2568
2009-12-17,31.6234
2009-12-16,32.4591
2009-12-15,32.6404
2009-12-14,33.0128
2009-12-11,33.4506
2009-12-10,34.0572
2009-12-09,34.732
2009-12-08,35.5768
2009-12-07,36.2946
2009-12-04,36.6396
2009-12-03,36.7886
2009-12-02,37.0672
2009-12-01,37.5146
2009-11-30,37.9855
2009-11-27,38.947
2009-11-25,40.0093
2009-11-24,39.9679
2009-11-23,39.6468
2009-11-20,39.3088
2009-11-19,39.0953
2009-11-18,38.4435
2009-11-17,37.579
2009-11-16,36.735
2009-11-13,36.0081
2009-11-12,35.2479
2009-11-11,34.5976
2009-11-10,34.012
2009-11-09,33.4057
2009-11-06,32.9116
2009-11-05,32.5941
2009-11-04,32.1574
2009-11-03,31.8902
2009-11-02,32.0136
2009-10-30,32.1436
2009-10-29,31.9775
2009-10-28,31.5667
2009-10-27,31.0104
2009-10-26,29.7883
2009-10-23,28.5018
2009-10-22,27.1477
2009-10-21,27.2725
2009-10-20,26.9815
2009-10-19,26.8866
2009-10-16,26.2501
2009-10-15,25.5801
2009-10-14,24.8748
2009-10-13,24.5361
2009-10-12,24.414
2009-10-09,24.3316
2009-10-08,24.3356
2009-10-07,24.3398
2009-10-06,25.0557
2009-10-05,25.8093
2009-10-02,26.7656
2009-10-01,27.7723
2009-09-30,28.3574
2009-09-29,28.0983
2009-09-28,27.2784
2009-09-25,26.4154
2009-09-24,25.7549
2009-09-23,24.8122
2009-09-22,23.8199
2009-09-21,23.0823
2009-09-18,22.6812
2009-09-17,22.259
2009-09-16,21.9004
2009-09-15,21.5482
2009-09-14,21.2429
2009-09-11,21.0693
2009-09-10,20.6511
2009-09-09,20.3031
2009-09-08,20.0132
2009-09-04,19.791
2009-09-03,19.5866
2009-09-02,19.8991
2009-09-01,20.2054
2009-08-31,20.395
2009-08-28,20.145
2009-08-27,19.4829
2009-08-26,19.3041
2009-08-25,18.9603
2009-08-24,18.5475
2009-08-21,18.1754
2009-08-20,18.0117
2009-08-19,18.2862
2009-08-18,18.7071
2009-08-17,19.2111
2009-08-14,19.8967
2009-08-13,20.3376
2009-08-12,20.8018
2009-08-11,21.2903
2009-08-10,22.1927
2009-08-07,22.9167
2009-08-06,23.4941
2009-08-05,24.102
2009-08-04,24.258
2009-08-03,24.7299
2009-07-31,25.2267
2009-07-30,25.7496
2009-07-29,26.1187
2009-07-28,26.8306
2009-07-27,27.8207
2009-07-24,28.9307
2009-07-23,30.0991
2009-07-22,29.3908
2009-07-21,29.0985
2009-07-20,28.8338
2009-07-17,28.7415
2009-07-16,28.6948
2009-07-15,28.6518
2009-07-14,28.8015
2009-07-13,29.5969
2009-07-10,30.4342
2009-07-09,31.9519
2009-07-08,33.3323
2009-07-07,34.892
2009-07-06,36.0702
2009-07-02,36.8514
2009-07-01,37.2589
2009-06-30,36.6156
2009-06-29,35.9708
2009-06-26,35.4052
2009-06-25,35.0038
2009-06-24,34.5812
2009-06-23,34.2329
2009-06-22,33.9173
2009-06-19,33.5334
2009-06-18,32.4554
2009-06-17,31.6259
2009-06-16,30.7527
2009-06-15,29.4464
2009-06-12,28.3298
2009-06-11,27.2333
2009-06-10,26.1383
2009-06-09,25.3307
2009-06-08,24.664
2009-06-05,23.9622
2009-06-04,22.9815
2009-06-03,22.1839
2009-06-02,21.4285
2009-06-01,20.6333
2009-05-29,20.0867
2009-05-28,19.8986
2009-05-27,19.9392
2009-05-26,20.0054
2009-05-22,20.1897
2009-05-21,20.6029
2009-05-20,20.9975
2009-05-19,20.6401
2009-05-18,20.2285
2009-05-15,19.9726
2009-05-14,19.769
2009-05-13,19.7336
2009-05-12,19.8535
2009-05-11,19.9797
2009-05-08,20.3343
2009-05-07,20.5914
2009-05-06,20.8621
2009-05-05,20.7348
2009-05-04,20.5739
2009-05-01,20.1012
2009-04-30,19.6279
2009-04-29,19.0027
2009-04-28,18.4381
2009-04-27,18.1339
2009-04-24,17.4045
2009-04-23,16.6368
2009-04-22,17.0896
2009-04-21,17.3658
2009-04-20,17.7321
2009-04-17,18.2054
2009-04-16,18.348
2009-04-15,18.4981
2009-04-14,18.9864
2009-04-13,19.0993
2009-04-09,18.894
2009-04-08,18.7619
2009-04-07,18.6668
2009-04-06,18.8356
2009-04-03,19.2396
2009-04-02,19.5362
2009-04-01,19.3995
2009-03-31,19.5491
2009-03-30,20.0531
2009-03-27,20.8907
2009-03-26,21.5669
2009-03-25,22.2163
2009-03-24,23.3423
2009-03-23,24.2519
2009-03-20,25.2094
2009-03-19,26.0655
2009-03-18,26.7755
2009-03-17,27.2987
2009-03-16,27.5259
2009-03-13,27.765
2009-03-12,28.0167
2009-03-11,28.4607
2009-03-10,28.9281
2009-03-09,28.8946
2009-03-06,27.9264
2009-03-05,26.7674
2009-03-04,25.706
2009-03-03,24.8634
2009-03-02,23.793
2009-02-27,22.7003
2009-02-26,21.7146
2009-02-25,20.8227
2009-02-24,19.902
2009-02-23,18.9329
2009-02-20,18.2807
2009-02-19,17.8551
2009-02-18,17.4885
2009-02-17,17.2052
2009-02-13,16.9069
2009-02-12,17.1722
2009-02-11,17.3319
2009-02-10,17.7322
2009-02-09,18.1536
2009-02-06,18.9458
2009-02-05,19.7797
2009-02-04,20.0983
2009-02-03,20.5789
2009-02-02,20.7943
2009-01-30,20.6425
2009-01-29,20.2006
2009-01-28,19.9558
2009-01-27,19.7969
2009-01-26,19.3575
2009-01-23,18.7659
2009-01-22,17.8835
2009-01-21,17.081
2009-01-20,16.8747
2009-01-16,16.6575
2009-01-15,16.8494
2009-01-14,16.5681
2009-01-13,16.5428
2009-01-12,16.8215
2009-01-09,16.9582
2009-01-08,17.1661
2009-01-07,17.4648
2009-01-06,17.7793
2009-01-05,18.6418
2009-01-02,19.4778
2008-12-31,20.1749
2008-12-30,20.3849
2008-12-29,20.459
2008-12-26,20.3187
2008-12-24,20.3984
2008-12-23,20.4873
2008-12-22,20.581
2008-12-19,20.4863
2008-12-18,20.4831
2008-12-17,20.4798
2008-12-16,20.6939
2008-12-15,20.9193
2008-12-12,20.7085
2008-12-11,20.4867
2008-12-10,20.4805
2008-12-09,20.8806
2008-12-08,21.3713
2008-12-05,21.8879
2008-12-04,21.7159
2008-12-03,21.6532
2008-12-02,21.5757
2008-12-01,21.1522
2008-11-28,20.7201
2008-11-26,20.7471
2008-11-25,20.7756
2008-11-24,20.8055
2008-11-21,20.9452
2008-11-20,20.4411
2008-11-19,19.4015
2008-11-18,18.513
2008-11-17,17.7227
2008-11-14,16.9713
2008-11-13,16.328
2008-11-12,15.6025
2008-11-11,15.3194
2008-11-10,15.1995
2008-11-07,15.2164
2008-11-06,15.0234
2008-11-05,14.8203
2008-11-04,15.0136
2008-11-03,15.5285
2008-10-31,15.7304
2008-10-30,15.9429
2008-10-29,16.2612
2008-10-28,16.7039
2008-10-27,16.853
2008-10-24,16.4369
2008-10-23,15.999
2008-10-22,15.4132
2008-10-21,14.7992
2008-10-20,14.8331
2008-10-17,14.7557
2008-10-16,14.767
2008-10-15,14.3849
2008-10-14,14.3346
2008-10-13,14.6586
2008-10-10,14.904
2008-10-09,13.5458
2008-10-08,12.54
2008-10-07,11.6253
2008-10-06,10.8875
2008-10-03,10.5006
2008-10-02,10.9466
2008-10-01,11.0218
2008-09-30,11.4543
2008-09-29,11.7057
2008-09-26,11.9702
2008-09-25,12.2261
2008-09-24,12.7932
2008-09-23,12.7855
2008-09-22,12.7774
2008-09-19,12.769
2008-09-18,12.76
2008-09-17,11.9203
2008-09-16,11.284
2008-09-15,11.2148
2008-09-12,11.5311
2008-09-11,11.6716
2008-09-10,12.0404
2008-09-09,12.4006
2008-09-08,12.5336
2008-09-05,12.4082
2008-09-04,12.1668
2008-09-03,12.4661
2008-09-02,13.0242
2008-08-29,13.3995
2008-08-28,13.5689
2008-08-27,13.4247
2008-08-26,13.4433
2008-08-25,13.517
2008-08-22,13.3065
2008-08-21,13.085
2008-08-20,13.3277
2008-08-19,13.2849
2008-08-18,13.1419
2008-08-15,12.8271
2008-08-14,12.4673
2008-08-13,12.0886
2008-08-12,11.5135
2008-08-11,10.985
2008-08-08,10.3621
2008-08-07,9.7937
2008-08-06,9.4489
2008-08-05,9.4243
2008-08-04,9.8629
2008-08-01,9.7535
2008-07-31,9.6383
2008-07-30,9.9441
2008-07-29,10.401
2008-07-28,10.6598
2008-07-25,10.873
2008-07-24,11.1991
2008-07-23,11.5083
2008-07-22,12.0859
2008-07-21,12.0697
2008-07-18,12.0816
2008-07-17,12.094
2008-07-16,11.9978
2008-07-15,12.3232
2008-07-14,12.7647
2008-07-11,12.4438
2008-07-10,11.9262
2008-07-09,11.4549
2008-07-08,11.0924
2008-07-07,10.9383
2008-07-03,10.776
2008-07-02,10.3423
2008-07-01,10.0634
2008-06-30,10.1544
2008-06-27,10.2495
2008-06-26,10.4058
2008-06-25,10.3037
2008-06-24,10.1822
2008-06-23,10.5594
2008-06-20,10.7053
2008-06-19,10.5685
2008-06-18,10.2013
2008-06-17,10.048
2008-06-16,9.5663
2008-06-13,9.0657
2008-06-12,8.5388
2008-06-11,8.6942
2008-06-10,8.926
2008-06-09,9.3484
2008-06-06,9.4487
2008-06-05,9.7091
2008-06-04,10.0726
2008-06-03,9.8446
2008-06-02,9.6564
2008-05-30,9.6666
2008-05-29,10.1393
2008-05-28,10.654
2008-05-27,11.142
2008-05-23,11.5987
2008-05-22,11.9433
2008-05-21,12.4736
2008-05-20,13.039
2008-05-19,13.4979
2008-05-16,13.4351
2008-05-15,12.8102
2008-05-14,12.1335
2008-05-13,11.5717
2008-05-12,11.0533
2008-05-09,10.6078
2008-05-08,10.4322
2008-05-07,10.3429
2008-05-06,10.1892
2008-05-05,10.1863
2008-05-02,10.1418
2008-05-01,10.4416
2008-04-30,10.8336
2008-04-29,11.3973
2008-04-28,11.8064
2008-04-25,12.4091
2008-04-24,12.5674
2008-04-23,11.544
2008-04-22,10.7803
2008-04-21,10.4031
2008-04-18,9.8758
2008-04-17,9.619
2008-04-16,9.863
2008-04-15,10.3366
2008-04-14,10.4666
2008-04-11,10.4581
2008-04-10,10.6454
2008-04-09,11.1223
2008-04-08,11.5022
2008-04-07,11.8698
2008-04-04,12.3604
2008-04-03,12.8901
2008-04-02,13.4922
2008-04-01,14.1324
2008-03-31,14.8343
2008-03-28,14.9347
2008-03-27,14.906
2008-03-26,14.9797
2008-03-25,15.2951
2008-03-24,16.005
2008-03-20,16.8367
2008-03-19,17.5877
2008-03-18,18.3975
2008-03-17,19.1792
2008-03-14,19.4846
2008-03-13,20.012
2008-03-12,20.8819
2008-03-11,21.9203
2008-03-10,23.0392
2008-03-07,23.4565
2008-03-06,23.747
2008-03-05,24.1504
2008-03-04,24.6831
2008-03-03,24.6458
2008-02-29,24.4085
2008-02-28,24.2264
2008-02-27,24.4083
2008-02-26,24.7554
2008-02-25,25.1208
2008-02-22,25.0416
2008-02-21,24.9584
2008-02-20,25.219
2008-02-19,24.9522
2008-02-15,24.7365
2008-02-14,24.263
2008-02-13,23.8473
2008-02-12,23.4367
2008-02-11,22.6846
2008-02-08,21.8855
2008-02-07,21.1525
2008-02-06,20.1708
2008-02-05,19.2564
2008-02-04,18.4858
2008-02-01,18.1159
2008-01-31,17.7815
2008-01-30,18.0758
2008-01-29,18.5516
2008-01-28,19.2058
2008-01-25,19.9297
2008-01-24,20.9189
2008-01-23,20.961
2008-01-22,19.9554
2008-01-18,19.0818
2008-01-17,18.8857
2008-01-16,18.4931
2008-01-15,17.9404
2008-01-14,18.2799
2008-01-11,18.6966
2008-01-10,18.8301
2008-01-09,19.0111
2008-01-08,19.2016
2008-01-07,19.433
2008-01-04,20.2419
2008-01-03,21.0933
2008-01-02,21.8371
2007-12-31,22.5061
2007-12-28,22.7682
2007-12-27,22.9109
2007-12-26,22.8193
2007-12-24,22.4277
2007-12-21,22.0155
2007-12-20,21.9158
2007-12-19,21.9598
2007-12-18,22.3883
2007-12-17,22.9263
2007-12-14,23.3751
2007-12-13,23.3097
2007-12-12,23.4536
2007-12-11,23.8116
2007-12-10,24.2462
2007-12-07,24.262
2007-12-06,24.4107
2007-12-05,24.6144
2007-12-04,24.8747
2007-12-03,25.8839
2007-11-30,26.9101
2007-11-29,27.6142
2007-11-28,28.4662
2007-11-27,29.3858
2007-11-26,30.5172
2007-11-23,31.5413
2007-11-21,32.0611
2007-11-20,32.2381
2007-11-19,32.4244
2007-11-16,32.9515
2007-11-15,33.5062
2007-11-14,34.1627
2007-11-13,34.7166
2007-11-12,35.3328
2007-11-09,36.4546
2007-11-08,37.2163
2007-11-07,37.4676
2007-11-06,36.8345
2007-11-05,35.7634
2007-11-02,33.8333
2007-11-01,31.8017
2007-10-31,29.6647
2007-10-30,27.4977
2007-10-29,25.4984
2007-10-26,23.4639
2007-10-25,21.2048
2007-10-24,20.2605
2007-10-23,19.9981
2007-10-22,19.3784
2007-10-19,19.1206
2007-10-18,18.8493
2007-10-17,17.6482
2007-10-16,16.3455
2007-10-15,15.5463
2007-10-12,14.9717
2007-10-11,14.3668
2007-10-10,13.7302
2007-10-09,13.3335
2007-10-08,12.916
2007-10-05,13.1093
2007-10-04,13.1048
2007-10-03,13.3822
2007-10-02,13.6741
2007-10-01,13.548
2007-09-28,13.4851
2007-09-27,13.5338
2007-09-26,13.2658
2007-09-25,12.922
2007-09-24,12.8676
2007-09-21,12.8102
2007-09-20,13.2163
2007-09-19,13.2878
2007-09-18,13.3631
2007-09-17,13.4423
2007-09-14,13.951
2007-09-13,14.5338
2007-09-12,15.0355
2007-09-11,15.6764
2007-09-10,16.3693
2007-09-07,16.8284
2007-09-06,17.3115
2007-09-05,18.0869
2007-09-04,18.5372
2007-08-31,19.0778
2007-08-30,19.4102
2007-08-29,19.7602
2007-08-28,19.7049
2007-08-27,19.4809
2007-08-24,19.6957
2007-08-23,19.9219
2007-08-22,19.4415
2007-08-21,18.9208
2007-08-20,18.3727
2007-08-17,17.9582
2007-08-16,17.191
2007-08-15,16.3834
2007-08-14,15.9326
2007-08-13,15.579
2007-08-10,15.3199
2007-08-09,15.0473
2007-08-08,15.321
2007-08-07,15.8904
2007-08-06,16.2443
2007-08-03,16.3261
2007-08-02,16.5456
2007-08-01,16.8834
2007-07-31,16.973
2007-07-30,17.201
2007-07-27,17.1929
2007-07-26,17.5224
2007-07-25,17.9994
2007-07-24,18.5337
2007-07-23,18.6891
2007-07-20,18.3082
2007-07-19,18.1844
2007-07-18,17.8608
2007-07-17,18.3925
2007-07-16,19.0591
2007-07-13,19.4974
2007-07-12,19.6063
2007-07-11,19.721
2007-07-10,19.0457
2007-07-09,18.3349
2007-07-06,18.2588
2007-07-05,18.1786
2007-07-03,18.2984
2007-07-02,18.4244
2007-06-29,17.8202
2007-06-28,17.1842
2007-06-27,17.2497
2007-06-26,17.2823
2007-06-25,17.0449
2007-06-22,16.7407
2007-06-21,16.4983
2007-06-20,16.8056
2007-06-19,17.196
2007-06-18,17.9842
2007-06-15,18.7507
2007-06-14,19.5424
2007-06-13,20.5267
2007-06-12,21.1064
2007-06-11,21.4368
2007-06-08,21.988
2007-06-07,22.2531
2007-06-06,22.7553
2007-06-05,23.6288
2007-06-04,24.4056
2007-06-01,25.099
2007-05-31,25.5587
2007-05-30,25.9331
2007-05-29,26.3639
2007-05-25,27.2005
2007-05-24,28.3168
2007-05-23,29.4918
2007-05-22,29.6505
2007-05-21,29.6322
2007-05-18,29.4693
2007-05-17,29.4781
2007-05-16,28.662
2007-05-15,27.8476
2007-05-14,26.9232
2007-05-11,26.1207
2007-05-10,25.2846
2007-05-09,24.4458
2007-05-08,23.4855
2007-05-07,22.456
2007-05-04,21.5051
2007-05-03,20.5487
2007-05-02,19.1216
2007-05-01,17.8273
2007-04-30,16.6622
2007-04-27,15.4733
2007-04-26,14.1213
2007-04-25,14.0352
2007-04-24,14.4551
2007-04-23,14.9599
2007-04-20,15.3551
2007-04-19,15.7211
2007-04-18,16.4082
2007-04-17,17.0717
2007-04-16,17.862
2007-04-13,18.6928
2007-04-12,19.4893
2007-04-11,20.2046
2007-04-10,20.8819
2007-04-09,21.9027
2007-04-05,22.8933
2007-04-04,24.0302
2007-04-03,25.2271
2007-04-02,25.5472
2007-03-30,25.6532
2007-03-29,25.7649
2007-03-28,25.7031
2007-03-27,25.6381
2007-03-26,25.8119
2007-03-23,26.0443
2007-03-22,26.3864
2007-03-21,26.9554
2007-03-20,27.5134
2007-03-19,27.5911
2007-03-16,27.1548
2007-03-15,26.0844
2007-03-14,24.9397
2007-03-13,23.6125
2007-03-12,22.2155
2007-03-09,20.9887
2007-03-08,19.6974
2007-03-07,18.3381
2007-03-06,17.5374
2007-03-05,16.7732
2007-03-02,15.924
2007-03-01,15.3018
2007-02-28,14.6468
2007-02-27,14.1064
2007-02-26,13.5374
2007-02-23,13.8755
2007-02-22,14.3074
2007-02-21,15.059
2007-02-20,15.6798
2007-02-16,15.6579
2007-02-15,15.8191
2007-02-14,16.6502
2007-02-13,17.5249
2007-02-12,17.7851
2007-02-09,17.7399
2007-02-08,17.7989
2007-02-07,18.1602
2007-02-06,18.397
2007-02-05,18.6462
2007-02-02,19.1085
2007-02-01,19.7407
2007-01-31,20.049
2007-01-30,20.3736
2007-01-29,21.2731
2007-01-26,21.9288
2007-01-25,22.2133
2007-01-24,22.5128
2007-01-23,22.5108
2007-01-22,22.8803
2007-01-19,23.2693
2007-01-18,23.4019
2007-01-17,23.369
2007-01-16,22.9962
2007-01-12,22.5716
2007-01-11,22.1739
2007-01-10,22.3431
2007-01-09,23.4234
2007-01-08,24.2721
2007-01-05,25.2829
2007-01-04,26.3244
2007-01-03,27.4207
2006-12-29,28.5746
2006-12-28,29.7076
2006-12-27,31.0785
2006-12-26,32.3594
2006-12-22,33.8949
2006-12-21,35.1566
2006-12-20,36.008
2006-12-19,36.7555
2006-12-18,37.6252
2006-12-15,38.0768
2006-12-14,38.0436
2006-12-13,38.1524
2006-12-12,38.7952
2006-12-11,39.4719
2006-12-08,40.1842
2006-12-07,41.3574
2006-12-06,43.0583
2006-12-05,44.7399
2006-12-04,46.2146
2006-12-01,47.4978
2006-11-30,49.1365
2006-11-29,49.9564
2006-11-28,50.5698
2006-11-27,51.6444
2006-11-24,52.2622
2006-11-22,51.9989
2006-11-21,51.1137
2006-11-20,50.1818
2006-11-17,49.201
2006-11-16,48.4834
2006-11-15,47.7281
2006-11-14,47.1633
2006-11-13,46.5689
2006-11-10,45.9945
2006-11-09,45.5392
2006-11-08,45.06
2006-11-07,44.7085
2006-11-06,44.4928
2006-11-03,44.2854
2006-11-02,44.1844
2006-11-01,44.1476
2006-10-31,43.7914
2006-10-30,43.5413
2006-10-27,43.287
2006-10-26,43.0626
2006-10-25,43.1842
2006-10-24,43.0641
2006-10-23,42.9653
2006-10-20,42.7431
2006-10-19,42.6831
2006-10-18,42.6546
2006-10-17,42.3106
2006-10-16,42.1003
2006-10-13,41.513
2006-10-12,40.8947
2006-10-11,40.5396
2006-10-10,40.7586
2006-10-09,40.9415
2006-10-06,40.6994
2006-10-05,40.371
2006-10-04,39.7065
2006-10-03,39.1241
2006-10-02,38.9464
2006-09-29,38.7592
2006-09-28,38.6306
2006-09-27,38.3795
2006-09-26,38.1599
2006-09-25,38.064
2006-09-22,38.0838
2006-09-21,38.449
2006-09-20,37.9931
2006-09-19,37.1588
2006-09-18,36.521
2006-09-15,35.8497
2006-09-14,35.2278
2006-09-13,34.9952
2006-09-12,35.2348
2006-09-11,34.8634
2006-09-08,34.5072
2006-09-07,34.3204
2006-09-06,34.234
2006-09-05,33.8227
2006-09-01,33.2549
2006-08-31,32.4426
2006-08-30,31.4814
2006-08-29,30.5471
2006-08-28,29.5636
2006-08-25,28.3846
2006-08-24,27.1436
2006-08-23,25.9385
2006-08-22,24.6269
2006-08-21,23.0344
2006-08-18,21.4326
2006-08-17,19.9651
2006-08-16,19.4064
2006-08-15,18.8429
2006-08-14,18.3464
2006-08-11,17.9955
2006-08-10,17.8177
2006-08-09,17.3432
2006-08-08,16.8438
2006-08-07,16.4569
2006-08-04,16.0957
2006-08-03,15.7155
2006-08-02,15.3259
2006-08-01,14.9977
2006-07-31,14.8607
2006-07-28,14.4694
2006-07-27,14.1979
2006-07-26,13.9121
2006-07-25,13.1152
2006-07-24,12.4913
2006-07-21,12.0034
2006-07-20,11.4898
2006-07-19,11.6766
2006-07-18,11.8731
2006-07-17,11.9972
2006-07-14,11.8964
2006-07-13,11.6973
2006-07-12,11.5097
2006-07-11,11.7354
2006-07-10,12.12
2006-07-07,12.0852
2006-07-06,12.1876
2006-07-05,12.1076
2006-07-03,12.1306
2006-06-30,11.9264
2006-06-29,11.789
2006-06-28,11.6658
2006-06-27,11.9633
2006-06-26,12.3839
2006-06-23,12.9111
2006-06-22,13.4409
2006-06-21,13.9597
2006-06-20,14.5286
2006-06-19,14.9945
2006-06-16,15.2798
2006-06-15,15.146
2006-06-14,14.7902
2006-06-13,14.1362
2006-06-12,13.4477
2006-06-09,12.9232
2006-06-08,12.6095
2006-06-07,12.2793
2006-06-06,11.9657
2006-06-05,11.6356
2006-06-02,11.7227
2006-06-01,11.9803
2006-05-31,12.0911
2006-05-30,12.2335
2006-05-26,12.8241
2006-05-25,13.1285
2006-05-24,13.449
2006-05-23,14.1345
2006-05-22,14.7473
2006-05-19,15.0319
2006-05-18,15.2071
2006-05-17,15.5905
2006-05-16,15.9359
2006-05-15,16.4438
2006-05-12,16.197
2006-05-11,15.9371
2006-05-10,15.7325
2006-05-09,15.8313
2006-05-08,15.9353
2006-05-05,16.0586
2006-05-04,15.1099
2006-05-03,13.7731
2006-05-02,12.3712
2006-05-01,11.3068
2006-04-28,10.3022
2006-04-27,8.6356
2006-04-26,8.2969
2006-04-25,8.5908
2006-04-24,8.9358
2006-04-21,9.2989
2006-04-20,9.6473
2006-04-19,9.9687
2006-04-18,10.2448
2006-04-17,10.5354
2006-04-13,10.5638
2006-04-12,11.0511
2006-04-11,11.564
2006-04-10,12.1547
2006-04-07,12.4661
2006-04-06,12.7408
2006-04-05,12.7818
2006-04-04,12.309
2006-04-03,11.9983
2006-03-31,11.7655
2006-03-30,11.7821
2006-03-29,12.02
2006-03-28,12.5628
2006-03-27,13.1341
2006-03-24,13.4296
2006-03-23,13.8691
2006-03-22,14.4898
2006-03-21,14.9357
2006-03-20,13.6604
2006-03-17,12.5862
2006-03-16,11.9027
2006-03-15,11.4637
2006-03-14,11.0494
2006-03-13,10.7242
2006-03-10,10.5251
2006-03-09,10.4277
2006-03-08,10.075
2006-03-07,9.7039
2006-03-06,9.9487
2006-03-03,10.1678
2006-03-02,10.3986
2006-03-01,10.3464
2006-02-28,10.1978
2006-02-27,10.0414
2006-02-24,9.9301
2006-02-23,10.3137
2006-02-22,10.7492
2006-02-21,11.1597
2006-02-17,11.3691
2006-02-16,11.9088
2006-02-15,12.4916
2006-02-14,13.1052
2006-02-13,13.2478
2006-02-10,13.3979
2006-02-09,13.7666
2006-02-08,14.3332
2006-02-07,15.006
2006-02-06,15.7516
2006-02-03,16.1701
2006-02-02,16.2579
2006-02-01,16.0355
2006-01-31,15.4705
2006-01-30,14.6979
2006-01-27,14.0621
2006-01-26,13.6073
2006-01-25,13.9132
2006-01-24,13.9635
2006-01-23,13.7921
2006-01-20,13.7185
2006-01-19,13.6409
2006-01-18,14.2883
2006-01-17,14.6495
2006-01-13,15.368
2006-01-12,16.0332
2006-01-11,16.7333
2006-01-10,17.4703
2006-01-09,17.9099
2006-01-06,18.6412
2006-01-05,19.2881
2006-01-04,19.9138
2006-01-03,20.6546
2005-12-30,21.5635
2005-12-29,21.4751
2005-12-28,21.6428
2005-12-27,21.973
2005-12-23,22.4951
2005-12-22,22.6219
2005-12-21,22.7553
2005-12-20,23.3877
2005-12-19,23.9857
2005-12-16,24.5935
2005-12-15,25.5067
2005-12-14,26.468
2005-12-13,27.5462
2005-12-12,28.9324
2005-12-09,29.9012
2005-12-08,30.2312
2005-12-07,30.608
2005-12-06,31.091
2005-12-05,31.3062
2005-12-02,31.4648
2005-12-01,31.4534
2005-11-30,31.4415
2005-11-29,31.822
2005-11-28,32.2227
2005-11-25,32.6443
2005-11-23,33.0882
2005-11-22,33.0328
2005-11-21,32.7323
2005-11-18,32.4161
2005-11-17,31.2435
2005-11-16,30.1837
2005-11-15,29.1569
2005-11-14,28.3476
2005-11-11,27.6542
2005-11-10,26.9689
2005-11-09,26.4691
2005-11-08,25.2822
2005-11-07,24.0329
2005-11-04,22.7933
2005-11-03,21.7959
2005-11-02,20.8085
2005-11-01,19.8952
2005-10-31,19.3333
2005-10-28,19.0921
2005-10-27,19.0969
2005-10-26,19.5826
2005-10-25,19.9397
2005-10-24,20.6258
2005-10-21,21.3956
2005-10-20,22.3631
2005-10-19,23.0883
2005-10-18,23.9106
2005-10-17,25.1639
2005-10-14,26.2532
2005-10-13,27.4898
2005-10-12,28.7914
2005-10-11,28.4341
2005-10-10,27.6737
2005-10-07,26.9795
2005-10-06,26.4371
2005-10-05,25.8774
2005-10-04,25.4448
2005-10-03,25.0808
2005-09-30,25.6774
2005-09-29,26.6179
2005-09-28,27.6079
2005-09-27,28.3669
2005-09-26,28.0889
2005-09-23,27.7963
2005-09-22,27.4882
2005-09-21,27.2031
2005-09-20,27.2921
2005-09-19,27.808
2005-09-16,28.6623
2005-09-15,29.7762
2005-09-14,31.1999
2005-09-13,32.5105
2005-09-12,33.7236
2005-09-09,34.6311
2005-09-08,35.5592
2005-09-07,36.5361
2005-09-06,36.7955
2005-09-02,36.6002
2005-09-01,36.4199
2005-08-31,35.6826
2005-08-30,34.9065
2005-08-29,34.311
2005-08-26,33.6842
2005-08-25,33.1881
2005-08-24,32.666
2005-08-23,32.1163
2005-08-22,31.6297
2005-08-19,31.0444
2005-08-18,30.6931
2005-08-17,30.0828
2005-08-16,29.4405
2005-08-15,28.6739
2005-08-12,27.8671
2005-08-11,27.2254
2005-08-10,26.5499
2005-08-09,25.8388
2005-08-08,24.7828
2005-08-05,23.5358
2005-08-04,21.8914
2005-08-03,20.4378
2005-08-02,18.9554
2005-08-01,17.7943
2005-07-29,17.4771
2005-07-28,17.2094
2005-07-27,17.1292
2005-07-26,17.1129
2005-07-25,17.176
2005-07-22,17.0205
2005-07-21,16.8568
2005-07-20,15.5404
2005-07-19,14.409
2005-07-18,13.2181
2005-07-15,12.4951
2005-07-14,11.2608
2005-07-13,9.864
2005-07-12,8.8123
2005-07-11,7.8798
2005-07-08,7.2477
2005-07-07,7.0134
2005-07-06,7.1532
2005-07-05,7.3221
2005-07-01,7.4998
2005-06-30,7.6485
2005-06-29,7.9537
2005-06-28,7.8212
2005-06-27,7.9486
2005-06-24,8.0802
2005-06-23,8.2187
2005-06-22,8.0812
2005-06-21,8.2774
2005-06-20,8.3055
2005-06-17,8.3351
2005-06-16,8.3662
2005-06-15,8.2604
2005-06-14,8.4604
2005-06-13,8.8703
2005-06-10,9.2599
2005-06-09,9.5044
2005-06-08,9.7416
2005-06-07,9.9913
2005-06-06,10.2541
2005-06-03,10.4731
2005-06-02,10.754
2005-06-01,11.0555
2005-05-31,11.373
2005-05-27,11.4459
2005-05-26,11.4092
2005-05-25,11.5035
2005-05-24,11.9597
2005-05-23,12.0439
2005-05-20,12.0955
2005-05-19,12.3721
2005-05-18,12.6632
2005-05-17,13.2825
2005-05-16,13.4612
2005-05-13,13.6493
2005-05-12,13.8902
2005-05-11,14.6135
2005-05-10,15.1233
2005-05-09,15.8475
2005-05-06,16.1438
2005-05-05,16.1472
2005-05-04,16.4035
2005-05-03,16.6089
2005-05-02,16.8252
2005-04-29,17.1146
2005-04-28,17.5101
2005-04-27,18.3052
2005-04-26,19.0494
2005-04-25,19.6219
2005-04-22,19.9883
2005-04-21,20.4198
2005-04-20,20.874
2005-04-19,21.3843
2005-04-18,22.1871
2005-04-15,23.0322
2005-04-14,23.9387
2005-04-13,24.718
2005-04-12,25.1886
2005-04-11,25.8502
2005-04-08,26.9768
2005-04-07,28.059
2005-04-06,29.4195
2005-04-05,30.711
2005-04-04,31.0232
2005-04-01,30.6356
2005-03-31,30.4682
2005-03-30,30.1666
2005-03-29,29.4621
2005-03-28,28.7205
2005-03-24,28.4471
2005-03-23,28.1907
2005-03-22,27.6696
2005-03-21,26.7305
2005-03-18,25.9944
2005-03-17,25.4086
2005-03-16,25.2043
2005-03-15,25.0429
2005-03-14,25.5417
2005-03-11,25.7741
2005-03-10,26.2409
2005-03-09,27.1999
2005-03-08,28.2882
2005-03-07,29.591
2005-03-04,30.9625
2005-03-03,30.727
2005-03-02,30.4996
2005-03-01,30.2997
2005-02-28,29.8069
2005-02-25,29.1254
2005-02-24,28.4406
2005-02-23,27.7199
2005-02-22,26.6228
2005-02-18,25.5074
2005-02-17,24.6112
2005-02-16,23.9896
2005-02-15,23.4579
2005-02-14,23.2605
2005-02-11,22.9087
2005-02-10,22.5383
2005-02-09,22.5184
2005-02-08,22.5805
2005-02-07,22.9024
2005-02-04,23.1185
2005-02-03,23.5148
2005-02-02,23.9319
2005-02-01,24.7585
2005-01-31,25.4388
2005-01-28,26.1549
2005-01-27,26.9088
2005-01-26,26.2311
2005-01-25,25.5964
2005-01-24,24.9283
2005-01-21,23.5475
2005-01-20,22.0941
2005-01-19,20.6831
2005-01-18,19.4287
2005-01-14,18.1082
2005-01-13,16.9935
2005-01-12,16.0016
2005-01-11,15.8377
2005-01-10,15.5622
2005-01-07,15.2723
2005-01-06,15.1379
2005-01-05,15.039
2005-01-04,15.1952
2005-01-03,15.3597
2004-12-31,15.1078
2004-12-30,14.695
2004-12-29,14.3904
2004-12-28,14.2032
2004-12-27,14.0061
2004-12-23,13.834
2004-12-22,13.6697
2004-12-21,13.4968
2004-12-20,13.5752
2004-12-17,13.6158
2004-12-16,13.6585
2004-12-15,14.0441
2004-12-14,14.5491
2004-12-13,14.9555
2004-12-10,15.2951
2004-12-09,15.8467
2004-12-08,16.4274
2004-12-07,17.0386
2004-12-06,17.8048
2004-12-03,18.7061
2004-12-02,19.6332
2004-12-01,20.6599
2004-11-30,21.6031
2004-11-29,22.2428
2004-11-26,22.8356
2004-11-24,23.2866
2004-11-23,23.6418
2004-11-22,23.9768
2004-11-19,24.3295
2004-11-18,23.8821
2004-11-17,23.0702
2004-11-16,22.086
2004-11-15,21.0673
2004-11-12,19.6838
2004-11-11,18.5128
2004-11-10,17.3744
2004-11-09,16.2389
2004-11-08,15.1294
2004-11-05,14.3063
2004-11-04,13.5488
2004-11-03,13.1013
2004-11-02,13.0168
2004-11-01,13.1444
2004-10-29,13.5181
2004-10-28,14.0803
2004-10-27,13.935
2004-10-26,14.0169
2004-10-25,14.7423
2004-10-22,15.3234
2004-10-21,15.9794
2004-10-20,15.3043
2004-10-19,14.7856
2004-10-18,14.4714
2004-10-15,14.3553
2004-10-14,14.5802
2004-10-13,14.9563
2004-10-12,15.0587
2004-10-11,15.3497
2004-10-08,15.4065
2004-10-07,15.3828
2004-10-06,14.9499
2004-10-05,14.3384
2004-10-04,13.8259
2004-10-01,13.2865
2004-09-30,12.8961
2004-09-29,13.2779
2004-09-28,13.8549
2004-09-27,14.0672
2004-09-24,14.4484
2004-09-23,14.9553
2004-09-22,15.3541
2004-09-21,15.7739
2004-09-20,15.8154
2004-09-17,15.9768
2004-09-16,15.9156
2004-09-15,15.4888
2004-09-14,15.0396
2004-09-13,14.726
2004-09-10,14.3959
2004-09-09,14.6244
2004-09-08,14.7948
2004-09-07,14.9728
2004-09-03,15.0137
2004-09-02,15.0568
2004-09-01,15.4067
2004-08-31,15.5311
2004-08-30,15.3436
2004-08-27,15.1463
2004-08-26,15.66
2004-08-25,16.1253
2004-08-24,16.6152
2004-08-23,16.8253
2004-08-20,16.8509
2004-08-19,16.818
2004-08-18,16.7834
2004-08-17,16.7469
2004-08-16,16.5501
2004-08-13,16.1025
2004-08-12,15.6315
2004-08-11,15.9603
2004-08-10,16.6887
2004-08-09,17.5138
2004-08-06,17.7841
2004-08-05,18.0687
2004-08-04,18.8772
2004-08-03,19.4005
2004-08-02,19.9359
2004-07-30,20.2791
2004-07-29,20.3998
2004-07-28,20.5367
2004-07-27,20.6406
2004-07-26,20.7765
2004-07-23,20.8344
2004-07-22,21.158
2004-07-21,20.3983
2004-07-20,19.5987
2004-07-19,20.1172
2004-07-16,20.9634
2004-07-15,21.9383
2004-07-14,22.0497
2004-07-13,22.1669
2004-07-12,22.8341
2004-07-09,23.5364
2004-07-08,24.1928
2004-07-07,24.8837
2004-07-06,25.6109
2004-07-02,25.7542
2004-07-01,25.029
2004-06-30,24.2656
2004-06-29,23.1993
2004-06-28,22.2551
2004-06-25,21.2612
2004-06-24,20.3109
2004-06-23,19.0978
2004-06-22,18.0272
2004-06-21,16.9237
2004-06-18,15.1925
2004-06-17,13.475
2004-06-16,12.102
2004-06-15,11.0455
2004-06-14,9.9334
2004-06-10,9.5671
2004-06-09,9.3338
2004-06-08,9.287
2004-06-07,9.2377
2004-06-04,9.4998
2004-06-03,9.9334
2004-06-02,10.2152
2004-06-01,10.7343
2004-05-28,11.2659
2004-05-27,11.6737
2004-05-26,12.2488
2004-05-25,12.7979
2004-05-24,13.3758
2004-05-21,13.9962
2004-05-20,14.5985
2004-05-19,15.0886
2004-05-18,15.6393
2004-05-17,15.827
2004-05-14,15.775
2004-05-13,15.9464
2004-05-12,16.2862
2004-05-11,16.3934
2004-05-10,16.8893
2004-05-07,17.3347
2004-05-06,17.9425
2004-05-05,18.8815
2004-05-04,19.6099
2004-05-03,20.441
2004-04-30,21.1195
2004-04-29,21.8336
2004-04-28,22.1802
2004-04-27,22.3504
2004-04-26,21.6294
2004-04-23,20.8703
2004-04-22,19.7167
2004-04-21,20.0478
2004-04-20,21.062
2004-04-19,22.078
2004-04-16,22.852
2004-04-15,23.2865
2004-04-14,23.7438
2004-04-13,24.6429
2004-04-12,25.6364
2004-04-08,26.6311
2004-04-07,27.6782
2004-04-06,28.6699
2004-04-05,30.1465
2004-04-02,31.6623
2004-04-01,33.286
2004-03-31,33.6242
2004-03-30,34.0043
2004-03-29,34.5977
2004-03-26,35.2223
2004-03-25,35.8798
2004-03-24,36.0694
2004-03-23,34.7339
2004-03-22,33.3281
2004-03-19,31.8483
2004-03-18,30.67
2004-03-17,29.4454
2004-03-16,28.6309
2004-03-15,27.5249
2004-03-12,26.3606
2004-03-11,25.291
2004-03-10,24.1651
2004-03-09,23.249
2004-03-08,22.4872
2004-03-05,22.0053
2004-03-04,22.0544
2004-03-03,21.6426
2004-03-02,21.2233
2004-03-01,20.9671
2004-02-27,20.9228
2004-02-26,20.632
2004-02-25,20.4117
2004-02-24,20.4792
2004-02-23,20.4587
2004-02-20,19.9893
2004-02-19,19.5217
2004-02-18,19.0294
2004-02-17,18.9235
2004-02-13,18.7904
2004-02-12,18.5671
2004-02-11,18.954
2004-02-10,19.3613
2004-02-09,19.6351
2004-02-06,19.9663
2004-02-05,20.4276
2004-02-04,20.8787
2004-02-03,21.6001
2004-02-02,22.6042
2004-01-30,23.7487
2004-01-29,24.5664
2004-01-28,25.3949
2004-01-27,26.2671
2004-01-26,25.8341
2004-01-23,25.1603
2004-01-22,24.5186
2004-01-21,24.1724
2004-01-20,23.9651
2004-01-16,23.8614
2004-01-15,24.1474
2004-01-14,24.6657
2004-01-13,25.1196
2004-01-12,25.7156
2004-01-09,26.1867
2004-01-08,26.2475
2004-01-07,25.4573
2004-01-06,24.7921
2004-01-05,23.9582
2004-01-02,23.1741
2003-12-31,22.7747
2003-12-30,22.618
2003-12-29,22.0817
2003-12-26,21.5395
2003-12-24,21.2947
2003-12-23,21.1488
2003-12-22,20.9753
2003-12-19,20.7927
2003-12-18,20.1789
2003-12-17,19.6344
2003-12-16,19.4698
2003-12-15,19.2965
2003-12-12,19.1817
2003-12-11,19.4024
2003-12-10,19.6837
2003-12-09,20.1507
2003-12-08,20.6665
2003-12-05,21.5433
2003-12-04,22.3121
2003-12-03,23.4385
2003-12-02,24.5064
2003-12-01,25.6304
2003-11-28,26.8137
2003-11-26,27.4493
2003-11-25,27.9454
2003-11-24,28.5271
2003-11-21,28.9455
2003-11-20,28.7427
2003-11-19,28.5293
2003-11-18,28.3736
2003-11-17,28.2098
2003-11-14,27.4496
2003-11-13,27.0649
2003-11-12,26.5181
2003-11-11,26.0502
2003-11-10,25.6078
2003-11-07,25.3855
2003-11-06,25.1742
2003-11-05,24.6908
2003-11-04,24.182
2003-11-03,23.6527
2003-10-31,23.272
2003-10-30,22.481
2003-10-29,21.6483
2003-10-28,21.2302
2003-10-27,20.9418
2003-10-24,20.4937
2003-10-23,20.022
2003-10-22,20.9259
2003-10-21,21.2797
2003-10-20,21.0712
2003-10-17,20.9111
2003-10-16,20.8206
2003-10-15,20.7254
2003-10-14,20.6704
2003-10-13,21.2659
2003-10-10,21.866
2003-10-09,22.272
2003-10-08,22.524
2003-10-07,22.7892
2003-10-06,22.7523
2003-10-03,22.7714
2003-10-02,22.7662
2003-10-01,23.3782
2003-09-30,24.1395
2003-09-29,24.96
2003-09-26,25.4189
2003-09-25,26.015
2003-09-24,26.551
2003-09-23,26.8867
2003-09-22,26.6757
2003-09-19,26.4535
2003-09-18,25.2417
2003-09-17,24.2206
2003-09-16,23.5086
2003-09-15,22.7591
2003-09-12,22.2101
2003-09-11,21.79
2003-09-10,21.5777
2003-09-09,21.3542
2003-09-08,19.8422
2003-09-05,18.198
2003-09-04,16.563
2003-09-03,15.0071
2003-09-02,13.4115
2003-08-29,12.5554
2003-08-28,12.4961
2003-08-27,12.4338
2003-08-26,12.2683
2003-08-25,12.0941
2003-08-22,11.4681
2003-08-21,10.8092
2003-08-20,10.3418
2003-08-19,10.0666
2003-08-18,9.777
2003-08-15,10.0693
2003-08-14,10.1114
2003-08-13,10.2749
2003-08-12,10.447
2003-08-11,10.4538
2003-08-08,10.5674
2003-08-07,10.6734
2003-08-06,10.5559
2003-08-05,10.4323
2003-08-04,10.4742
2003-08-01,10.6729
2003-07-31,11.1827
2003-07-30,11.4967
2003-07-29,11.8953
2003-07-28,12.3933
2003-07-25,12.8885
2003-07-24,13.4643
2003-07-23,14.1019
2003-07-22,14.6287
2003-07-21,15.0859
2003-07-18,15.5671
2003-07-17,15.9351
2003-07-16,16.3225
2003-07-15,15.9319
2003-07-14,15.5947
2003-07-11,15.2398
2003-07-10,15.1576
2003-07-09,15.0959
2003-07-08,14.207
2003-07-07,13.2713
2003-07-03,12.459
2003-07-02,12.0675
2003-07-01,11.6056
2003-06-30,11.7792
2003-06-27,11.8297
2003-06-26,11.8476
2003-06-25,11.8664
2003-06-24,12.3729
2003-06-23,12.4853
2003-06-20,12.6035
2003-06-19,12.1078
2003-06-18,11.586
2003-06-17,11.0368
2003-06-16,10.6797
2003-06-13,10.9333
2003-06-12,11.3674
2003-06-11,11.5569
2003-06-10,11.9265
2003-06-09,12.5184
2003-06-06,12.3572
2003-06-05,12.2328
2003-06-04,12.4386
2003-06-03,12.7161
2003-06-02,13.3533
2003-05-30,14.024
2003-05-29,14.6573
2003-05-28,15.0433
2003-05-27,15.5213
2003-05-23,16.0245
2003-05-22,16.1578
2003-05-21,15.9699
2003-05-20,15.772
2003-05-19,16.0969
2003-05-16,16.6743
2003-05-15,17.0672
2003-05-14,17.2768
2003-05-13,17.4974
2003-05-12,17.281
2003-05-09,16.8228
2003-05-08,16.3404
2003-05-07,16.1206
2003-05-06,15.7243
2003-05-05,15.307
2003-05-02,14.9493
2003-05-01,14.6458
2003-04-30,14.5812
2003-04-29,14.5668
2003-04-28,14.0927
2003-04-25,13.8142
2003-04-24,13.7464
2003-04-23,13.5183
2003-04-22,13.1216
2003-04-21,12.8339
2003-04-17,12.6623
2003-04-16,12.5295
2003-04-15,12.3897
2003-04-14,12.9256
2003-04-11,13.4897
2003-04-10,14.0835
2003-04-09,14.648
2003-04-08,15.4055
2003-04-07,15.6798
2003-04-04,15.9686
2003-04-03,16.7139
2003-04-02,16.9403
2003-04-01,17.2407
2003-03-31,17.6797
2003-03-28,18.1419
2003-03-27,19.0741
2003-03-26,20.0553
2003-03-25,20.489
2003-03-24,20.9455
2003-03-21,21.2838
2003-03-20,20.7378
2003-03-19,20.3399
2003-03-18,19.9785
2003-03-17,19.8544
2003-03-14,19.7846
2003-03-13,20.4752
2003-03-12,21.4009
2003-03-11,21.1773
2003-03-10,21.1267
2003-03-07,21.1905
2003-03-06,21.2664
2003-03-05,20.961
2003-03-04,20.6395
2003-03-03,20.3083
2003-02-28,20.2122
2003-02-27,20.2269
2003-02-26,20.2424
2003-02-25,20.4695
2003-02-24,20.4942
2003-02-21,20.8704
2003-02-20,21.2664
2003-02-19,22.0018
2003-02-18,22.8332
2003-02-14,23.8299
2003-02-13,24.1722
2003-02-12,23.734
2003-02-11,23.3144
2003-02-10,22.8727
2003-02-07,22.5728
2003-02-06,22.257
2003-02-05,21.7489
2003-02-04,21.2602
2003-02-03,20.44
2003-01-31,19.7202
2003-01-30,18.567
2003-01-29,17.6287
2003-01-28,16.5718
2003-01-27,15.6116
2003-01-24,14.6009
2003-01-23,13.8592
2003-01-22,13.5986
2003-01-21,13.2582
2003-01-17,13.0178
2003-01-16,12.7709
2003-01-15,12.9036
2003-01-14,12.4571
2003-01-13,12.1082
2003-01-10,11.8355
2003-01-09,11.7202
2003-01-08,11.7467
2003-01-07,11.9204
2003-01-06,11.8303
2003-01-03,12.0368
2003-01-02,12.4539
2002-12-31,12.8691
2002-12-30,12.937
2002-12-27,13.4391
2002-12-26,14.0302
2002-12-24,14.5223
2002-12-23,15.2448
2002-12-20,16.0053
2002-12-19,16.6448
2002-12-18,17.318
2002-12-17,17.8781
2002-12-16,18.7837
2002-12-13,19.628
2002-12-12,20.1753
2002-12-11,21.2236
2002-12-10,22.3065
2002-12-09,23.2281
2002-12-06,24.2093
2002-12-05,25.461
2002-12-04,26.3443
2002-12-03,27.0508
2002-12-02,27.5334
2002-11-29,27.7664
2002-11-27,27.692
2002-11-26,27.6188
2002-11-25,27.6335
2002-11-22,27.2875
2002-11-21,27.0013
2002-11-20,26.7683
2002-11-19,26.7826
2002-11-18,27.0814
2002-11-15,26.7611
2002-11-14,26.4497
2002-11-13,26.0323
2002-11-12,25.8338
2002-11-11,25.743
2002-11-08,25.7253
2002-11-07,25.2069
2002-11-06,24.4446
2002-11-05,23.6293
2002-11-04,22.825
2002-11-01,21.9784
2002-10-31,21.9223
2002-10-30,21.4611
2002-10-29,21.1365
2002-10-28,21.0182
2002-10-25,20.617
2002-10-24,20.3631
2002-10-23,20.0959
2002-10-22,19.6059
2002-10-21,19.393
2002-10-18,19.0413
2002-10-17,18.6712
2002-10-16,18.4332
2002-10-15,18.4664
2002-10-14,18.3755
2002-10-11,19.0707
2002-10-10,19.932
2002-10-09,20.3532
2002-10-08,20.3303
2002-10-07,20.3938
2002-10-04,20.0792
2002-10-03,19.7481
2002-10-02,19.6221
2002-10-01,19.6318
2002-09-30,19.4274
2002-09-27,18.7228
2002-09-26,18.4769
2002-09-25,18.4244
2002-09-24,18.1441
2002-09-23,17.6462
2002-09-20,17.1649
2002-09-19,17.3248
2002-09-18,17.4209
2002-09-17,17.5419
2002-09-16,17.8232
2002-09-13,17.8357
2002-09-12,17.8488
2002-09-11,17.9046
2002-09-10,18.352
2002-09-09,18.3797
2002-09-06,18.0845
2002-09-05,17.9754
2002-09-04,17.5782
2002-09-03,17.4634
2002-08-30,17.3133
2002-08-29,17.6762
2002-08-28,18.0582
2002-08-27,18.6759
2002-08-26,19.5908
2002-08-23,20.3871
2002-08-22,21.0142
2002-08-21,21.4239
2002-08-20,22.1398
2002-08-19,23.0829
2002-08-16,24.0758
2002-08-15,25.0393
2002-08-14,26.0535
2002-08-13,26.8143
2002-08-12,27.606
2002-08-09,28.1503
2002-08-08,28.736
2002-08-07,29.309
2002-08-06,29.4007
2002-08-05,29.4818
2002-08-02,28.8913
2002-08-01,28.2697
2002-07-31,27.865
2002-07-30,27.5739
2002-07-29,27.4244
2002-07-26,27.1037
2002-07-25,25.7785
2002-07-24,24.3835
2002-07-23,22.9151
2002-07-22,21.5442
2002-07-19,20.4818
2002-07-18,19.8368
2002-07-17,19.522
2002-07-16,19.2985
2002-07-15,18.891
2002-07-12,18.1305
2002-07-11,18.0711
2002-07-10,17.7602
2002-07-09,17.6441
2002-07-08,17.7335
2002-07-05,17.8276
2002-07-03,18.0419
2002-07-02,17.4101
2002-07-01,16.9402
2002-06-28,16.7438
2002-06-27,16.9153
2002-06-26,16.7715
2002-06-25,16.4026
2002-06-24,16.4818
2002-06-21,16.4243
2002-06-20,16.4816
2002-06-19,17.022
2002-06-18,17.7252
2002-06-17,18.507
2002-06-14,19.3231
2002-06-13,20.2127
2002-06-12,21.0079
2002-06-11,21.845
2002-06-10,22.7525
2002-06-07,23.3968
2002-06-06,23.8159
2002-06-05,24.0831
2002-06-04,24.2169
2002-06-03,24.1607
2002-05-31,24.1015
2002-05-30,24.435
2002-05-29,24.9233
2002-05-28,25.2171
2002-05-24,25.5726
2002-05-23,26.2542
2002-05-22,26.9716
2002-05-21,27.3744
2002-05-20,27.8592
2002-05-17,28.6768
2002-05-16,29.9801
2002-05-15,31.2458
2002-05-14,32.5782
2002-05-13,33.6026
2002-05-10,33.9806
2002-05-09,34.4266
2002-05-08,35.3015
2002-05-07,36.213
2002-05-06,35.3269
2002-05-03,34.3971
2002-05-02,33.5916
2002-05-01,33.0237
2002-04-30,31.9928
2002-04-29,31.1173
2002-04-26,29.9974
2002-04-25,28.8218
2002-04-24,27.8124
2002-04-23,26.77
2002-04-22,25.7218
2002-04-19,24.9154
2002-04-18,24.45
2002-04-17,23.6493
2002-04-16,23.7776
2002-04-15,23.8222
2002-04-12,23.1419
2002-04-11,22.1356
2002-04-10,21.0763
2002-04-09,20.0932
2002-04-08,19.0583
2002-04-05,17.9066
2002-04-04,17.0624
2002-04-03,16.0041
2002-04-02,14.9086
2002-04-01,14.1518
2002-03-28,13.9967
2002-03-27,13.9964
2002-03-26,13.6169
2002-03-25,13.2175
2002-03-22,13.0722
2002-03-21,13.3053
2002-03-20,13.5507
2002-03-19,13.9066
2002-03-18,14.4512
2002-03-15,15.0282
2002-03-14,15.8165
2002-03-13,16.5496
2002-03-12,17.182
2002-03-11,17.9253
2002-03-08,18.1802
2002-03-07,18.5459
2002-03-06,19.2041
2002-03-05,19.7693
2002-03-04,20.3074
2002-03-01,20.9908
2002-02-28,21.7655
2002-02-27,21.8526
2002-02-26,21.9442
2002-02-25,21.9752
2002-02-22,21.9614
2002-02-21,21.4512
2002-02-20,21.1243
2002-02-19,20.9849
2002-02-15,20.7441
2002-02-14,20.9245
2002-02-13,21.4602
2002-02-12,21.5527
2002-02-11,21.1663
2002-02-08,20.7597
2002-02-07,20.0562
2002-02-06,19.5417
2002-02-05,19.1286
2002-02-04,18.758
2002-02-01,18.4311
2002-01-31,18.5557
2002-01-30,18.3974
2002-01-29,17.8269
2002-01-28,17.3958
2002-01-25,17.1914
2002-01-24,17.1475
2002-01-23,17.1847
2002-01-22,17.0358
2002-01-18,17.1604
2002-01-17,17.6483
2002-01-16,17.8393
2002-01-15,18.0958
2002-01-14,18.07
2002-01-11,18.2315
2002-01-10,18.2402
2002-01-09,18.4131
2002-01-08,18.4135
2002-01-07,18.6476
2002-01-04,18.7477
2002-01-03,18.7202
2002-01-02,18.8793
2001-12-31,19.7472
2001-12-28,20.3661
2001-12-27,20.3732
2001-12-26,20.4248
2001-12-24,20.4203
2001-12-21,20.7359
2001-12-20,21.0712
2001-12-19,21.4241
2001-12-18,21.0092
2001-12-17,20.7003
2001-12-14,20.451
2001-12-13,20.5063
2001-12-12,20.5057
2001-12-11,20.5754
2001-12-10,20.316
2001-12-07,20.043
2001-12-06,19.7556
2001-12-05,19.0653
2001-12-04,18.5102
2001-12-03,18.4125
2001-11-30,18.5337
2001-11-29,18.7013
2001-11-28,18.9241
2001-11-27,19.3603
2001-11-26,19.8132
2001-11-23,19.7439
2001-11-21,19.8826
2001-11-20,20.0786
2001-11-19,19.7519
2001-11-16,19.588
2001-11-15,19.4947
2001-11-14,19.2278
2001-11-13,18.8331
2001-11-12,18.1449
2001-11-09,17.7003
2001-11-08,17.3881
2001-11-07,17.0595
2001-11-06,16.9099
2001-11-05,16.7739
2001-11-02,16.8068
2001-11-01,17.0438
2001-10-31,17.4518
2001-10-30,18.2099
2001-10-29,19.0534
2001-10-26,19.8533
2001-10-25,20.0171
2001-10-24,20.4095
2001-10-23,21.0413
2001-10-22,21.7466
2001-10-19,22.7753
2001-10-18,23.5412
2001-10-17,24.2308
2001-10-16,25.0613
2001-10-15,26.2108
2001-10-12,27.3207
2001-10-11,28.0118
2001-10-10,28.7473
2001-10-09,29.2341
2001-10-08,29.9679
2001-10-05,31.2711
2001-10-04,32.4785
2001-10-03,34.0308
2001-10-02,35.2935
2001-10-01,35.6033
2001-09-28,35.5563
2001-09-27,35.1676
2001-09-26,34.4049
2001-09-25,33.82
2001-09-24,33.2954
2001-09-21,32.5317
2001-09-20,30.9651
2001-09-19,29.6928
2001-09-18,28.3536
2001-09-17,27.325
2001-09-10,26.2423
2001-09-07,25.4335
2001-09-06,24.6995
2001-09-05,24.0431
2001-09-04,23.3521
2001-08-31,22.7548
2001-08-30,21.705
2001-08-29,20.6372
2001-08-28,20.0974
2001-08-27,19.7723
2001-08-24,19.6795
2001-08-23,19.1251
2001-08-22,18.2029
2001-08-21,17.0569
2001-08-20,16.1988
2001-08-17,15.0866
2001-08-16,14.001
2001-08-15,13.1266
2001-08-14,12.3247
2001-08-13,11.7951
2001-08-10,11.3169
2001-08-09,10.7623
2001-08-08,10.5475
2001-08-07,10.3739
2001-08-06,10.6275
2001-08-03,10.8943
2001-08-02,11.2691
2001-08-01,11.7384
2001-07-31,12.0113
2001-07-30,12.3223
2001-07-27,12.5006
2001-07-26,12.5028
2001-07-25,12.6085
2001-07-24,12.7444
2001-07-23,12.9069
2001-07-20,13.2151
2001-07-19,13.8914
2001-07-18,13.7816
2001-07-17,14.0054
2001-07-16,14.1643
2001-07-13,14.3288
2001-07-12,14.2892
2001-07-11,14.2475
2001-07-10,14.5274
2001-07-09,14.6729
2001-07-06,14.99
2001-07-05,15.4756
2001-07-03,15.8399
2001-07-02,15.7426
2001-06-29,15.5661
2001-06-28,14.9482
2001-06-27,14.2977
2001-06-26,14.7555
2001-06-25,15.3886
2001-06-22,15.9142
2001-06-21,16.7301
2001-06-20,17.5197
2001-06-19,18.2163
2001-06-18,18.6922
2001-06-15,18.8679
2001-06-14,19.1603
2001-06-13,20.0761
2001-06-12,20.371
2001-06-11,20.6087
2001-06-08,20.5571
2001-06-07,20.2619
2001-06-06,19.938
2001-06-05,19.659
2001-06-04,19.4635
2001-06-01,19.8183
2001-05-31,20.2879
2001-05-30,20.8775
2001-05-29,21.4102
2001-05-25,21.4547
2001-05-24,21.381
2001-05-23,21.3319
2001-05-22,21.1932
2001-05-21,21.3344
2001-05-18,21.5691
2001-05-17,22.0069
2001-05-16,22.3724
2001-05-15,22.8168
2001-05-14,23.0823
2001-05-11,23.2714
2001-05-10,23.3674
2001-05-09,23.0725
2001-05-08,22.762
2001-05-07,22.1672
2001-05-04,21.5412
2001-05-03,21.042
2001-05-02,20.6467
2001-05-01,19.8942
2001-04-30,19.2196
2001-04-27,18.6863
2001-04-26,18.125
2001-04-25,16.9889
2001-04-24,15.9429
2001-04-23,14.8419
2001-04-20,13.8633
2001-04-19,12.4126
2001-04-18,11.1343
2001-04-17,10.1515
2001-04-16,9.8284
2001-04-12,9.5925
2001-04-11,9.3442
2001-04-10,9.2347
2001-04-09,9.3947
2001-04-06,9.6289
2001-04-05,9.8212
2001-04-04,10.0236
2001-04-03,9.6739
2001-04-02,9.6261
2001-03-30,9.9695
2001-03-29,10.1533
2001-03-28,10.4896
2001-03-27,11.0178
2001-03-26,11.5151
2001-03-23,11.9826
2001-03-22,12.3694
2001-03-21,12.1035
2001-03-20,11.6193
2001-03-19,11.6301
2001-03-16,11.4842
2001-03-15,11.2392
2001-03-14,11.1642
2001-03-13,10.889
2001-03-12,10.4811
2001-03-09,10.0518
2001-03-08,10.1465
2001-03-07,10.3751
2001-03-06,10.4104
2001-03-05,10.6742
2001-03-02,11.2309
2001-03-01,11.7086
2001-02-28,12.2115
2001-02-27,12.5681
2001-02-26,12.8405
2001-02-23,13.3619
2001-02-22,13.7186
2001-02-21,13.9423
2001-02-20,14.4223
2001-02-16,14.9631
2001-02-15,15.6708
2001-02-14,16.2399
2001-02-13,17.0575
2001-02-12,17.5739
2001-02-09,18.4132
2001-02-08,19.0356
2001-02-07,18.8978
2001-02-06,18.7528
2001-02-05,18.797
2001-02-02,19.1364
2001-02-01,19.3828
2001-01-31,19.7658
2001-01-30,20.039
2001-01-29,19.9179
2001-01-26,19.6508
2001-01-25,19.4107
2001-01-24,19.0391
2001-01-23,18.7159
2001-01-22,18.6931
2001-01-19,18.6576
2001-01-18,18.6201
2001-01-17,19.3025
2001-01-16,20.2294
2001-01-12,21.156
2001-01-11,22.1862
2001-01-10,23.2707
2001-01-09,24.2762
2001-01-08,25.1432
2001-01-05,25.5558
2001-01-04,26.1031
2001-01-03,26.6791
2001-01-02,27.0092
2000-12-29,26.6233
2000-12-28,26.2289
2000-12-27,25.8982
2000-12-26,25.6577
2000-12-22,25.4894
2000-12-21,25.0607
2000-12-20,24.2449
2000-12-19,23.1745
2000-12-18,22.2844
2000-12-15,21.5551
2000-12-14,20.8517
2000-12-13,20.8879
2000-12-12,21.1027
2000-12-11,21.2417
2000-12-08,21.1708
2000-12-07,20.5659
2000-12-06,19.5525
2000-12-05,18.8528
2000-12-04,18.3549
2000-12-01,17.5204
2000-11-30,16.7319
2000-11-29,15.9993
2000-11-28,15.9919
2000-11-27,16.5477
2000-11-24,16.9619
2000-11-22,17.7448
2000-11-21,18.5982
2000-11-20,19.3783
2000-11-17,20.3455
2000-11-16,20.8899
2000-11-15,21.2023
2000-11-14,21.6394
2000-11-13,22.2842
2000-11-10,23.2725
2000-11-09,23.7898
2000-11-08,23.94
2000-11-07,24.0981
2000-11-06,23.8952
2000-11-03,23.9422
2000-11-02,24.0688
2000-11-01,23.82
2000-10-31,23.6676
2000-10-30,23.5854
2000-10-27,23.499
2000-10-26,23.5316
2000-10-25,24.1858
2000-10-24,25.1569
2000-10-23,26.2685
2000-10-20,27.3432
2000-10-19,28.3922
2000-10-18,29.5784
2000-10-17,28.3277
2000-10-16,27.2431
2000-10-13,26.1014
2000-10-12,25.2696
2000-10-11,24.6798
2000-10-10,24.0929
2000-10-09,22.937
2000-10-06,21.7203
2000-10-05,20.7072
2000-10-04,19.7223
2000-10-03,18.424
2000-10-02,17.376
2000-09-29,16.5958
2000-09-28,15.8492
2000-09-27,15.4898
2000-09-26,15.1115
2000-09-25,14.8533
2000-09-22,13.6955
2000-09-21,12.5849
2000-09-20,11.9799
2000-09-19,11.2949
2000-09-18,10.6182
2000-09-15,9.4637
2000-09-14,8.49
2000-09-13,8.0688
2000-09-12,8.0886
2000-09-11,8.253
2000-09-08,8.5739
2000-09-07,8.7381
2000-09-06,8.8188
2000-09-05,9.1997
2000-09-01,9.5913
2000-08-31,10.0269
2000-08-30,10.4854
2000-08-29,10.7633
2000-08-28,11.2289
2000-08-25,11.7162
2000-08-24,12.2973
2000-08-23,12.8232
2000-08-22,13.4902
2000-08-21,14.1922
2000-08-18,14.4527
2000-08-17,14.7268
2000-08-16,15.1588
2000-08-15,15.6137
2000-08-14,16.3271
2000-08-11,17.0781
2000-08-10,17.696
2000-08-09,18.3756
2000-08-08,19.2815
2000-08-07,20.2759
2000-08-04,20.4525
2000-08-03,20.2608
2000-08-02,20.0591
2000-08-01,19.9152
2000-07-31,19.6568
2000-07-28,19.5661
2000-07-27,19.5345
2000-07-26,19.0474
2000-07-25,18.3609
2000-07-24,17.8028
2000-07-21,17.4695
2000-07-20,17.4381
2000-07-19,17.6359
2000-07-18,17.8441
2000-07-17,18.5131
2000-07-14,19.2024
2000-07-13,19.6965
2000-07-12,20.2167
2000-07-11,20.7642
2000-07-10,21.0373
2000-07-07,21.1167
2000-07-06,20.9074
2000-07-05,20.8679
2000-07-03,21.1233
2000-06-30,21.1237
2000-06-29,21.1334
2000-06-28,21.3064
2000-06-27,21.1297
2000-06-26,20.9437
2000-06-23,20.748
2000-06-22,20.5495
2000-06-21,19.8481
2000-06-20,19.1098
2000-06-19,19.2232
2000-06-16,19.5747
2000-06-15,20.0587
2000-06-14,20.6385
2000-06-13,21.5305
2000-06-12,22.2993
2000-06-09,23.1516
2000-06-08,24.3486
2000-06-07,25.6085
2000-06-06,26.7354
2000-06-05,27.7623
2000-06-02,28.5646
2000-06-01,29.0932
2000-05-31,29.4997
2000-05-30,29.4467
2000-05-26,29.3909
2000-05-25,29.016
2000-05-24,28.6966
2000-05-23,28.5528
2000-05-22,28.1977
2000-05-19,27.7616
2000-05-18,27.4979
2000-05-17,27.3562
2000-05-16,27.347
2000-05-15,27.5274
2000-05-12,27.5096
2000-05-11,27.5153
2000-05-10,27.2421
2000-05-09,26.912
2000-05-08,26.7125
2000-05-05,26.6956
2000-05-04,26.6938
2000-05-03,26.6091
2000-05-02,26.4566
2000-05-01,26.3486
2000-04-28,26.4026
2000-04-27,26.0535
2000-04-26,25.5383
2000-04-25,24.9961
2000-04-24,24.211
2000-04-20,23.1854
2000-04-19,22.9139
2000-04-18,22.6773
2000-04-17,22.4282
2000-04-14,21.3154
2000-04-13,20.1592
2000-04-12,19.3162
2000-04-11,18.4289
2000-04-10,17.8412
2000-04-07,17.4239
2000-04-06,16.9846
2000-04-05,16.3394
2000-04-04,15.7036
2000-04-03,15.0342
2000-03-31,14.6953
2000-03-30,15.1671
2000-03-29,15.6638
2000-03-28,15.8439
2000-03-27,16.1935
2000-03-24,16.3564
2000-03-23,15.7056
2000-03-22,15.2169
2000-03-21,15.5068
2000-03-20,16.1517
2000-03-17,16.6597
2000-03-16,17.1542
2000-03-15,17.2078
2000-03-14,17.3192
2000-03-13,17.6153
2000-03-10,18.2407
2000-03-09,19.1818
2000-03-08,19.7891
2000-03-07,19.7632
2000-03-06,19.8546
2000-03-03,19.9277
2000-03-02,20.4934
2000-03-01,20.4433
2000-02-29,20.131
2000-02-28,19.2974
2000-02-25,18.4199
2000-02-24,17.7486
2000-02-23,17.2119
2000-02-22,16.623
2000-02-18,16.0849
2000-02-17,15.7498
2000-02-16,15.671
2000-02-15,15.588
2000-02-14,15.6201
2000-02-11,15.7661
2000-02-10,15.9269
2000-02-09,16.5041
2000-02-08,17.2887
2000-02-07,17.9338
2000-02-04,18.7202
2000-02-03,19.5479
2000-02-02,19.8644
2000-02-01,20.2422
2000-01-31,20.5379
2000-01-28,20.029
2000-01-27,19.7308
2000-01-26,19.417
2000-01-25,19.2747
2000-01-24,19.1694
2000-01-21,19.1837
2000-01-20,19.452
2000-01-19,20.0257
2000-01-18,20.6443
2000-01-14,21.4577
2000-01-13,22.5299
2000-01-12,22.859
2000-01-11,23.5828
2000-01-10,24.6654
2000-01-07,25.3343
2000-01-06,26.2532
2000-01-05,27.0303
2000-01-04,27.6665
2000-01-03,27.7763
1999-12-31,27.8919
1999-12-30,27.0842
1999-12-29,26.0221
1999-12-28,25.0446
