date,RSI
2024-10-04,57.8759
2024-10-03,54.6353
2024-10-02,54.8874
2024-10-01,54.5108
2024-09-30,59.2053
2024-09-27,58.547
2024-09-26,60.4569
2024-09-25,58.7411
2024-09-24,58.5303
2024-09-23,57.4615
2024-09-20,56.8838
2024-09-19,57.4175
2024-09-18,51.8571
2024-09-17,52.9876
2024-09-16,52.8685
2024-09-13,53.9588
2024-09-12,53.0298
2024-09-11,50.9916
2024-09-10,46.1884
2024-09-09,43.9893
2024-09-06,40.8337
2024-09-05,46.1168
2024-09-04,45.8853
2024-09-03,46.4141
2024-08-30,53.469
2024-08-29,50.7076
2024-08-28,51.0617
2024-08-27,53.8632
2024-08-26,53.2232
2024-08-23,55.6288
2024-08-22,53.4184
2024-08-21,57.4576
2024-08-20,56.5435
2024-08-19,57.0688
2024-08-16,54.5932
2024-08-15,54.3488
2024-08-14,49.3878
2024-08-13,49.3207
2024-08-12,44.0572
2024-08-09,43.575
2024-08-08,42.438
2024-08-07,35.4104
2024-08-06,36.9439
2024-08-05,34.5921
2024-08-02,39.0414
2024-08-01,43.3616
2024-07-31,48.7178
2024-07-30,40.4212
2024-07-29,43.5717
2024-07-26,42.9551
2024-07-25,39.7963
2024-07-24,42.2104
2024-07-23,52.3984
2024-07-22,53.6105
2024-07-19,48.9369
2024-07-18,51.9198
2024-07-17,53.5845
2024-07-16,66.5346
2024-07-15,66.4341
2024-07-12,65.7501
2024-07-11,64.2462
2024-07-10,76.4118
2024-07-09,74.2305
2024-07-08,74.0416
2024-07-05,73.5358
2024-07-03,71.2244
2024-07-02,69.1978
2024-07-01,66.3958
2024-06-28,64.7017
2024-06-27,67.5812
2024-06-26,66.8868
2024-06-25,66.34
2024-06-24,63.1771
2024-06-21,69.4068
2024-06-20,70.9781
2024-06-18,75.6982
2024-06-17,75.6365
2024-06-14,73.0957
2024-06-13,71.9253
2024-06-12,70.6639
2024-06-11,67.3385
2024-06-10,65.3996
2024-06-07,64.2165
2024-06-06,64.6772
2024-06-05,64.8496
2024-06-04,58.888
2024-06-03,57.9713
2024-05-31,56.1589
2024-05-30,56.969
2024-05-29,61.9077
2024-05-28,65.4809
2024-05-24,64.4398
2024-05-23,61.7199
2024-05-22,63.9401
2024-05-21,64.0361
2024-05-20,63.5212
2024-05-17,61.6763
2024-05-16,61.884
2024-05-15,62.7229
2024-05-14,58.6924
2024-05-13,56.8814
2024-05-10,56.229
2024-05-09,55.5779
2024-05-08,54.9907
2024-05-07,55.1784
2024-05-06,55.1392
2024-05-03,52.4505
2024-05-02,47.0249
2024-05-01,43.1616
2024-04-30,44.9382
2024-04-29,50.1506
2024-04-26,48.9441
2024-04-25,44.1364
2024-04-24,45.4141
2024-04-23,44.3442
2024-04-22,39.4505
2024-04-19,35.8768
2024-04-18,40.6669
2024-04-17,42.1499
2024-04-16,45.567
2024-04-15,45.5351
2024-04-12,50.6141
2024-04-11,56.511
2024-04-10,51.1841
2024-04-09,54.6936
2024-04-08,53.4121
2024-04-05,53.3121
2024-04-04,49.2241
2024-04-03,55.2838
2024-04-02,54.5046
2024-04-01,58.2446
2024-03-28,57.5675
2024-03-27,58.3516
2024-03-26,57.335
2024-03-25,58.6316
2024-03-22,60.0839
2024-03-21,59.786
2024-03-20,58.5767
2024-03-19,55.4233
2024-03-18,54.7372
2024-03-15,52.0836
2024-03-14,56.0241
2024-03-13,56.8936
2024-03-12,59.593
2024-03-11,55.9415
2024-03-08,57.2185
2024-03-07,62.5712
2024-03-06,58.7766
2024-03-05,57.0757
2024-03-04,64.4205
2024-03-01,66.0309
2024-02-29,62.3099
2024-02-28,59.9585
2024-02-27,62.2636
2024-02-26,61.6321
2024-02-23,61.8475
2024-02-22,63.021
2024-02-21,55.2258
2024-02-20,56.7865
2024-02-16,59.8398
2024-02-15,63.79
2024-02-14,63.0309
2024-02-13,60.1586
2024-02-12,67.3909
2024-02-09,69.3867
2024-02-08,67.0793
2024-02-07,66.6306
2024-02-06,64.072
2024-02-05,64.9974
2024-02-02,65.5834
2024-02-01,61.3713
2024-01-31,58.0093
2024-01-30,67.4741
2024-01-29,71.2528
2024-01-26,68.7185
2024-01-25,72.2603
2024-01-24,71.9794
2024-01-23,70.706
2024-01-22,69.7328
2024-01-19,69.4296
2024-01-18,64.3818
2024-01-17,59.9479
2024-01-16,62.9218
2024-01-12,62.9732
2024-01-11,62.8217
2024-01-10,62.2277
2024-01-09,60.2768
2024-01-08,59.7016
2024-01-05,53.0868
2024-01-04,52.6637
2024-01-03,54.7081
2024-01-02,59.2487
2023-12-29,67.9665
2023-12-28,70.4976
2023-12-27,70.779
2023-12-26,70.3088
2023-12-22,68.8861
2023-12-21,68.5367
2023-12-20,65.7249
2023-12-19,73.8531
2023-12-18,72.7582
2023-12-15,71.3654
2023-12-14,70.26
2023-12-13,70.7255
2023-12-12,67.7883
2023-12-11,65.7607
2023-12-08,63.4353
2023-12-07,62.1674
2023-12-06,57.8772
2023-12-05,60.5952
2023-12-04,59.8189
2023-12-01,64.3105
2023-11-30,63.5124
2023-11-29,64.7264
2023-11-28,65.1853
2023-11-27,64.5442
2023-11-24,64.9228
2023-11-22,65.5133
2023-11-21,64.6298
2023-11-20,66.9564
2023-11-17,64.4383
2023-11-16,64.3889
2023-11-15,64.2159
2023-11-14,64.0701
2023-11-13,59.7042
2023-11-10,60.7228
2023-11-09,55.6549
2023-11-08,58.1121
2023-11-07,57.9647
2023-11-06,55.8163
2023-11-03,54.8746
2023-11-02,52.1146
2023-11-01,47.4838
2023-10-31,42.521
2023-10-30,41.0703
2023-10-27,37.5842
2023-10-26,36.0601
2023-10-25,39.7978
2023-10-24,45.7222
2023-10-23,42.5226
2023-10-20,41.5097
2023-10-19,45.3174
2023-10-18,47.9639
2023-10-17,52.0674
2023-10-16,53.1496
2023-10-13,49.7639
2023-10-12,53.9327
2023-10-11,55.1503
2023-10-10,53.0995
2023-10-09,51.4724
2023-10-06,49.9614
2023-10-05,44.6732
2023-10-04,45.4785
2023-10-03,40.864
2023-10-02,45.6858
2023-09-29,42.6541
2023-09-28,42.3885
2023-09-27,39.3391
2023-09-26,38.4745
2023-09-25,42.1912
2023-09-22,40.4714
2023-09-21,40.4219
2023-09-20,45.194
2023-09-19,49.6358
2023-09-18,50.3324
2023-09-15,50.0048
2023-09-14,55.8149
2023-09-13,53.3772
2023-09-12,52.215
2023-09-11,56.1277
2023-09-08,52.5825
2023-09-07,52.1474
2023-09-06,54.6006
2023-09-05,57.8109
2023-09-01,57.4684
2023-08-31,57.8401
2023-08-30,57.0954
2023-08-29,55.7212
2023-08-28,49.876
2023-08-25,47.6294
2023-08-24,45.2469
2023-08-23,51.5213
2023-08-22,46.3925
2023-08-21,46.8196
2023-08-18,41.105
2023-08-17,41.4349
2023-08-16,44.4148
2023-08-15,47.6012
2023-08-14,51.131
2023-08-11,47.2444
2023-08-10,49.3775
2023-08-09,48.7413
2023-08-08,52.5123
2023-08-07,55.7057
2023-08-04,53.026
2023-08-03,54.7749
2023-08-02,55.3697
2023-08-01,64.7169
2023-07-31,65.8356
2023-07-28,65.7091
2023-07-27,61.0024
2023-07-26,62.0642
2023-07-25,63.5349
2023-07-24,61.7942
2023-07-21,61.3822
2023-07-20,62.5899
2023-07-19,73.3813
2023-07-18,73.5031
2023-07-17,71.9647
2023-07-14,70.0994
2023-07-13,70.1996
2023-07-12,66.6092
2023-07-11,63.544
2023-07-10,62.263
2023-07-07,62.1793
2023-07-06,63.5405
2023-07-05,66.7493
2023-07-03,66.7606
2023-06-30,66.2865
2023-06-29,63.0587
2023-06-28,63.8139
2023-06-27,63.409
2023-06-26,59.6977
2023-06-23,64.618
2023-06-22,68.6317
2023-06-21,66.2919
2023-06-20,72.2903
2023-06-16,72.9491
2023-06-15,75.8582
2023-06-14,74.0162
2023-06-13,72.8234
2023-06-12,71.5203
2023-06-09,68.4083
2023-06-08,67.6515
2023-06-07,65.1044
2023-06-06,72.6612
2023-06-05,72.7411
2023-06-02,72.6219
2023-06-01,71.3654
2023-05-31,69.3291
2023-05-30,71.7278
2023-05-26,70.9702
2023-05-25,66.2502
2023-05-24,60.5908
2023-05-23,62.7075
2023-05-22,68.3884
2023-05-19,67.6534
2023-05-18,68.6736
2023-05-17,64.5659
2023-05-16,61.4758
2023-05-15,61.1753
2023-05-12,59.7566
2023-05-11,61.1681
2023-05-10,60.3623
2023-05-09,57.6023
2023-05-08,59.924
2023-05-05,59.3161
2023-05-04,53.7131
2023-05-03,54.9104
2023-05-02,57.1697
2023-05-01,60.3407
2023-04-28,60.7623
2023-04-27,59.1425
2023-04-26,51.905
2023-04-25,50.0411
2023-04-24,56.6535
2023-04-21,57.4521
2023-04-20,57.1653
2023-04-19,59.9945
2023-04-18,60.1691
2023-04-17,60.1545
2023-04-14,59.9651
2023-04-13,60.5728
2023-04-12,56.2712
2023-04-11,59.0572
2023-04-10,61.1606
2023-04-06,61.3437
2023-04-05,59.9971
2023-04-04,63.0845
2023-04-03,64.1598
2023-03-31,64.9191
2023-03-30,62.0472
2023-03-29,60.3067
2023-03-28,56.7412
2023-03-27,58.1956
2023-03-24,60.0961
2023-03-23,59.4223
2023-03-22,57.2381
2023-03-21,60.8559
2023-03-20,58.2605
2023-03-17,57.6002
2023-03-16,58.7839
2023-03-15,53.8917
2023-03-14,52.8389
2023-03-13,48.0098
2023-03-10,46.3375
2023-03-09,49.2265
2023-03-08,53.181
2023-03-07,52.1332
2023-03-06,55.043
2023-03-03,54.8217
2023-03-02,50.7058
2023-03-01,48.9517
2023-02-28,50.6277
2023-02-27,50.8942
2023-02-24,49.5052
2023-02-23,52.8847
2023-02-22,51.2498
2023-02-21,51.1119
2023-02-17,55.99
2023-02-16,57.5563
2023-02-15,62.0237
2023-02-14,60.8541
2023-02-13,59.726
2023-02-10,57.2278
2023-02-09,58.6536
2023-02-08,60.6022
2023-02-07,64.7908
2023-02-06,61.9378
2023-02-03,63.9653
2023-02-02,68.5233
2023-02-01,63.7379
2023-01-31,60.4017
2023-01-30,57.8585
2023-01-27,63.1655
2023-01-26,61.5314
2023-01-25,58.1423
2023-01-24,58.7028
2023-01-23,59.2027
2023-01-20,55.3592
2023-01-19,49.9927
2023-01-18,52.152
2023-01-17,55.188
2023-01-13,54.7987
2023-01-12,53.5062
2023-01-11,52.498
2023-01-10,49.2056
2023-01-09,47.5293
2023-01-06,46.2489
2023-01-05,40.5282
2023-01-04,43.0353
2023-01-03,42.003
2022-12-30,43.0621
2022-12-29,43.1539
2022-12-28,38.1891
2022-12-27,40.0113
2022-12-23,42.0834
2022-12-22,41.6276
2022-12-21,45.4138
2022-12-20,42.5105
2022-12-19,42.6262
2022-12-16,44.7384
2022-12-15,46.2328
2022-12-14,52.278
2022-12-13,53.7637
2022-12-12,51.9008
2022-12-09,49.6799
2022-12-08,50.8197
2022-12-07,48.7717
2022-12-06,49.4493
2022-12-05,53.0803
2022-12-02,56.3167
2022-12-01,57.1048
2022-11-30,56.9286
2022-11-29,49.9958
2022-11-28,51.3086
2022-11-25,53.9563
2022-11-23,55.1771
2022-11-22,53.673
2022-11-21,51.4851
2022-11-18,53.2079
2022-11-17,53.2028
2022-11-16,53.5506
2022-11-15,55.72
2022-11-14,53.9476
2022-11-11,55.2889
2022-11-10,52.9935
2022-11-09,42.5428
2022-11-08,45.6278
2022-11-07,44.4276
2022-11-04,42.6324
2022-11-03,39.9802
2022-11-02,42.2803
2022-11-01,46.942
2022-10-31,48.471
2022-10-28,50.2618
2022-10-27,45.3652
2022-10-26,48.0908
2022-10-25,51.7571
2022-10-24,48.3243
2022-10-21,46.419
2022-10-20,42.2031
2022-10-19,42.9045
2022-10-18,43.396
2022-10-17,42.0388
2022-10-14,36.1606
2022-10-13,39.755
2022-10-12,35.0814
2022-10-11,35.1193
2022-10-10,36.6453
2022-10-07,37.7919
2022-10-06,42.8379
2022-10-05,44.0002
2022-10-04,44.077
2022-10-03,38.2048
2022-09-30,33.358
2022-09-29,35.2914
2022-09-28,39.0559
2022-09-27,34.57
2022-09-26,34.4776
2022-09-23,34.9633
2022-09-22,36.9405
2022-09-21,38.5246
2022-09-20,40.9987
2022-09-19,42.1528
2022-09-16,40.6164
2022-09-15,41.4442
2022-09-14,43.7925
2022-09-13,42.3252
2022-09-12,51.7025
2022-09-09,49.4222
2022-09-08,44.9803
2022-09-07,43.8756
2022-09-06,39.4654
2022-09-02,40.5494
2022-09-01,42.7765
2022-08-31,42.6846
2022-08-30,43.5797
2022-08-29,45.3291
2022-08-26,46.9286
2022-08-25,54.9113
2022-08-24,51.5956
2022-08-23,51.0367
2022-08-22,51.1972
2022-08-19,56.7366
2022-08-18,61.5121
2022-08-17,61.1296
2022-08-16,64.0295
2022-08-15,64.6289
2022-08-12,63.5183
2022-08-11,60.7514
2022-08-10,62.0624
2022-08-09,57.9372
2022-08-08,60.5007
2022-08-05,61.2381
2022-08-04,63.0999
2022-08-03,62.4825
2022-08-02,58.7667
2022-08-01,59.3802
2022-07-29,59.4995
2022-07-28,57.063
2022-07-27,55.7192
2022-07-26,49.4923
2022-07-25,52.8402
2022-07-22,53.8491
2022-07-21,57.0942
2022-07-20,55.0157
2022-07-19,52.6462
2022-07-18,47.7239
2022-07-15,49.0687
2022-07-14,46.0269
2022-07-13,45.4195
2022-07-12,45.7022
2022-07-11,47.0214
2022-07-08,50.1185
2022-07-07,49.9348
2022-07-06,46.8277
2022-07-05,45.8776
2022-07-01,43.3536
2022-06-30,42.3758
2022-06-29,43.7406
2022-06-28,43.6132
2022-06-27,47.0854
2022-06-24,47.9649
2022-06-23,43.4292
2022-06-22,41.3492
2022-06-21,41.4914
2022-06-17,38.0861
2022-06-16,36.4088
2022-06-15,39.9652
2022-06-14,36.4014
2022-06-13,36.1401
2022-06-10,40.3735
2022-06-09,44.2449
2022-06-08,47.6306
2022-06-07,48.5865
2022-06-06,47.3947
2022-06-03,46.945
2022-06-02,50.2155
2022-06-01,46.5945
2022-05-31,47.4872
2022-05-27,47.8001
2022-05-26,43.593
2022-05-25,39.7846
2022-05-24,37.7972
2022-05-23,39.7309
2022-05-20,37.3902
2022-05-19,37.6507
2022-05-18,38.0876
2022-05-17,42.6136
2022-05-16,39.0764
2022-05-13,40.1407
2022-05-12,34.9521
2022-05-11,35.1371
2022-05-10,37.5803
2022-05-09,35.8657
2022-05-06,39.3034
2022-05-05,40.4447
2022-05-04,46.0709
2022-05-03,41.0083
2022-05-02,40.8419
2022-04-29,38.2986
2022-04-28,43.2881
2022-04-27,37.381
2022-04-26,37.5064
2022-04-25,41.8737
2022-04-22,39.6297
2022-04-21,42.9251
2022-04-20,45.8473
2022-04-19,48.0711
2022-04-18,44.2181
2022-04-14,44.0827
2022-04-13,47.4125
2022-04-12,43.9056
2022-04-11,44.4939
2022-04-08,47.9984
2022-04-07,50.2517
2022-04-06,49.8723
2022-04-05,53.489
2022-04-04,57.6426
2022-04-01,54.5998
2022-03-31,54.9471
2022-03-30,57.2275
2022-03-29,59.3355
2022-03-28,57.0324
2022-03-25,54.8832
2022-03-24,55.0243
2022-03-23,51.9668
2022-03-22,54.2658
2022-03-21,51.534
2022-03-18,51.9518
2022-03-17,49.1219
2022-03-16,47.4021
2022-03-15,41.8898
2022-03-14,36.7236
2022-03-11,38.7676
2022-03-10,41.1679
2022-03-09,42.5222
2022-03-08,36.2921
2022-03-07,36.7835
2022-03-04,41.1431
2022-03-03,43.0769
2022-03-02,45.0903
2022-03-01,42.1214
2022-02-28,44.2266
2022-02-25,43.7082
2022-02-24,41.039
2022-02-23,34.89
2022-02-22,37.8214
2022-02-18,39.0561
2022-02-17,40.4989
2022-02-16,44.7168
2022-02-15,44.7544
2022-02-14,40.1617
2022-02-11,39.9256
2022-02-10,44.3186
2022-02-09,47.9796
2022-02-08,43.9464
2022-02-07,41.6948
2022-02-04,42.8758
2022-02-03,40.3918
2022-02-02,46.8787
2022-02-01,45.2172
2022-01-31,43.829
2022-01-28,36.9123
2022-01-27,29.0143
2022-01-26,30.1782
2022-01-25,30.3583
2022-01-24,33.2134
2022-01-21,32.0194
2022-01-20,35.8081
2022-01-19,37.8259
2022-01-18,39.6404
2022-01-14,44.3367
2022-01-13,42.7357
2022-01-12,48.1621
2022-01-11,47.1556
2022-01-10,43.2489
2022-01-07,43.0739
2022-01-06,45.2818
2022-01-05,45.4253
2022-01-04,52.568
2022-01-03,56.1562
2021-12-31,53.9616
2021-12-30,55.6902
2021-12-29,56.5157
2021-12-28,56.5555
2021-12-27,57.7606
2021-12-23,54.5319
2021-12-22,52.9863
2021-12-21,50.4315
2021-12-20,45.3614
2021-12-17,47.3733
2021-12-16,48.4296
2021-12-15,54.5412
2021-12-14,49.2695
2021-12-13,51.8921
2021-12-10,55.8953
2021-12-09,53.3505
2021-12-08,57.6952
2021-12-07,56.6807
2021-12-06,49.1046
2021-12-03,46.7701
2021-12-02,51.7503
2021-12-01,49.6546
2021-11-30,55.1162
2021-11-29,60.6704
2021-11-26,54.3494
2021-11-24,62.9013
2021-11-23,61.938
2021-11-22,64.1894
2021-11-19,70.4594
2021-11-18,69.0894
2021-11-17,66.3638
2021-11-16,66.2195
2021-11-15,64.272
2021-11-12,64.3849
2021-11-11,61.4457
2021-11-10,60.6347
2021-11-09,67.9383
2021-11-08,71.8138
2021-11-05,72.5891
2021-11-04,72.3898
2021-11-03,69.6059
2021-11-02,67.0169
2021-11-01,65.9357
2021-10-29,65.0488
2021-10-28,63.7655
2021-10-27,60.7052
2021-10-26,60.0366
2021-10-25,59.1435
2021-10-22,56.1469
2021-10-21,59.583
2021-10-20,57.8111
2021-10-19,58.331
2021-10-18,56.1765
2021-10-15,53.1491
2021-10-14,51.153
2021-10-13,44.7328
2021-10-12,41.5864
2021-10-11,42.5932
2021-10-08,44.8806
2021-10-07,46.4284
2021-10-06,43.0252
2021-10-05,40.5348
2021-10-04,34.9173
2021-10-01,40.7215
2021-09-30,37.839
2021-09-29,38.9077
2021-09-28,39.38
2021-09-27,49.5239
2021-09-24,53.2277
2021-09-23,52.8342
2021-09-22,48.8503
2021-09-21,44.3737
2021-09-20,43.7584
2021-09-17,53.3623
2021-09-16,60.7118
2021-09-15,60.4112
2021-09-14,57.0619
2021-09-13,58.8767
2021-09-10,59.3122
2021-09-09,64.3179
2021-09-08,66.7523
2021-09-07,69.2816
2021-09-03,68.826
2021-09-02,67.8443
2021-09-01,68.158
2021-08-31,67.6608
2021-08-30,68.1583
2021-08-27,64.8127
2021-08-26,61.5176
2021-08-25,65.3392
2021-08-24,64.9656
2021-08-23,63.9881
2021-08-20,58.7076
2021-08-19,54.3486
2021-08-18,52.1197
2021-08-17,57.4827
2021-08-16,63.1854
2021-08-13,63.0138
2021-08-12,61.6443
2021-08-11,60.2123
2021-08-10,61.2491
2021-08-09,64.4103
2021-08-06,63.7712
2021-08-05,66.4728
2021-08-04,64.4128
2021-08-03,63.934
2021-08-02,61.9034
2021-07-30,61.8757
2021-07-29,64.72
2021-07-28,64.1878
2021-07-27,63.0471
2021-07-26,69.1115
2021-07-23,68.9086
2021-07-22,65.7783
2021-07-21,63.8331
2021-07-20,61.4184
2021-07-19,57.3994
2021-07-16,61.7448
2021-07-15,66.5119
2021-07-14,71.0636
2021-07-13,70.576
2021-07-12,70.576
2021-07-09,69.5722
2021-07-08,67.9205
2021-07-07,71.5094
2021-07-06,71.0019
2021-07-02,69.9654
2021-07-01,67.0252
2021-06-30,66.9194
2021-06-29,67.7456
2021-06-28,66.8571
2021-06-25,63.7033
2021-06-24,64.2913
2021-06-23,62.6539
2021-06-22,62.5248
2021-06-21,60.0476
2021-06-18,58.3153
2021-06-17,61.5457
2021-06-16,58.0154
2021-06-15,59.5138
2021-06-14,62.2637
2021-06-11,59.6923
2021-06-10,58.9694
2021-06-09,56.0137
2021-06-08,55.945
2021-06-07,55.8139
2021-06-04,55.0188
2021-06-03,50.2571
2021-06-02,53.597
2021-06-01,53.0417
2021-05-28,54.0919
2021-05-27,53.2603
2021-05-26,54.3743
2021-05-25,53.5172
2021-05-24,53.1858
2021-05-21,49.0619
2021-05-20,50.4592
2021-05-19,45.3934
2021-05-18,45.077
2021-05-17,46.5949
2021-05-14,47.9827
2021-05-13,42.1551
2021-05-12,39.9335
2021-05-11,45.6588
2021-05-10,45.9936
2021-05-07,52.9059
2021-05-06,50.6608
2021-05-05,48.5108
2021-05-04,49.4266
2021-05-03,54.7813
2021-04-30,56.5118
2021-04-29,58.6938
2021-04-28,57.8479
2021-04-27,58.9286
2021-04-26,60.306
2021-04-23,58.9447
2021-04-22,56.2211
2021-04-21,59.8786
2021-04-20,58.0531
2021-04-19,60.288
2021-04-16,63.2178
2021-04-15,62.9995
2021-04-14,60.1336
2021-04-13,63.9047
2021-04-12,61.7129
2021-04-09,62.1141
2021-04-08,61.003
2021-04-07,59.0589
2021-04-06,58.6056
2021-04-05,58.7834
2021-04-01,55.1417
2021-03-31,51.7412
2021-03-30,48.4593
2021-03-29,49.5168
2021-03-26,49.5749
2021-03-25,46.4751
2021-03-24,46.7911
2021-03-23,49.99
2021-03-22,50.848
2021-03-19,47.2215
2021-03-18,46.5184
2021-03-17,52.4708
2021-03-16,51.6845
2021-03-15,50.6564
2021-03-12,48.6578
2021-03-11,50.1347
2021-03-10,45.7972
2021-03-09,46.2725
2021-03-08,38.1695
2021-03-05,42.6881
2021-03-04,39.099
2021-03-03,41.8497
2021-03-02,47.6674
2021-03-01,51.4866
2021-02-26,43.6813
2021-02-25,42.4622
2021-02-24,51.6186
2021-02-23,49.177
2021-02-22,50.0462
2021-02-19,58.8828
2021-02-18,60.6007
2021-02-17,62.3404
2021-02-16,64.2734
2021-02-12,65.3617
2021-02-11,64.1776
2021-02-10,63.0018
2021-02-09,63.8284
2021-02-08,63.9018
2021-02-05,62.607
2021-02-04,61.9529
2021-02-03,59.6416
2021-02-02,60.8238
2021-02-01,57.5927
2021-01-29,51.9691
2021-01-28,58.284
2021-01-27,56.8928
2021-01-26,67.2137
2021-01-25,66.915
2021-01-22,65.2279
2021-01-21,66.3511
2021-01-20,64.7628
2021-01-19,59.6171
2021-01-15,55.8288
2021-01-14,58.6912
2021-01-13,60.6978
2021-01-12,59.0285
2021-01-11,59.5956
2021-01-08,65.0717
2021-01-07,62.1706
2021-01-06,55.7574
2021-01-05,61.5094
2021-01-04,59.1461
2020-12-31,65.8156
2020-12-30,65.167
2020-12-29,65.1588
2020-12-28,64.9405
2020-12-24,62.4493
2020-12-23,61.3109
2020-12-22,63.4055
2020-12-21,62.7546
2020-12-18,63.4924
2020-12-17,64.6656
2020-12-16,63.2805
2020-12-15,62.0996
2020-12-14,59.7339
2020-12-11,58.058
2020-12-10,58.7689
2020-12-09,57.8841
2020-12-08,65.5984
2020-12-07,64.9369
2020-12-04,63.8382
2020-12-03,63.0498
2020-12-02,62.7824
2020-12-01,62.549
2020-11-30,60.2147
2020-11-27,59.8369
2020-11-25,58.1472
2020-11-24,57.008
2020-11-23,54.3469
2020-11-20,54.3404
2020-11-19,55.8705
2020-11-18,54.4887
2020-11-17,56.0759
2020-11-16,56.7521
2020-11-13,55.5081
2020-11-12,54.1104
2020-11-11,54.9926
2020-11-10,51.4899
2020-11-09,54.7934
2020-11-06,58.9792
2020-11-05,58.8701
2020-11-04,55.0054
2020-11-03,47.294
2020-11-02,43.8092
2020-10-30,43.352
2020-10-29,47.6554
2020-10-28,44.0823
2020-10-27,51.8888
2020-10-26,50.2246
2020-10-23,53.6628
2020-10-22,53.2642
2020-10-21,53.272
2020-10-20,53.4349
2020-10-19,53.0566
2020-10-16,56.4192
2020-10-15,57.5897
2020-10-14,59.0237
2020-10-13,60.8298
2020-10-12,60.837
2020-10-09,56.5327
2020-10-08,54.2014
2020-10-07,53.3782
2020-10-06,50.6885
2020-10-05,53.785
2020-10-02,50.4184
2020-10-01,55.645
2020-09-30,53.0785
2020-09-29,51.9464
2020-09-28,52.746
2020-09-25,49.408
2020-09-24,45.3996
2020-09-23,44.5679
2020-09-22,49.4041
2020-09-21,46.0839
2020-09-18,45.3805
2020-09-17,47.3496
2020-09-16,49.9077
2020-09-15,52.7142
2020-09-14,50.3916
2020-09-11,47.429
2020-09-10,48.5339
2020-09-09,51.9008
2020-09-08,46.8907
2020-09-04,56.5003
2020-09-03,59.7702
2020-09-02,76.6627
2020-09-01,75.4428
2020-08-31,73.0695
2020-08-28,71.8651
2020-08-27,71.0915
2020-08-26,72.2519
2020-08-25,69.0332
2020-08-24,67.7334
2020-08-21,66.6849
2020-08-20,65.5113
2020-08-19,63.0716
2020-08-18,65.2113
2020-08-17,63.5464
2020-08-14,61.4567
2020-08-13,61.7975
2020-08-12,61.4036
2020-08-11,56.8568
2020-08-10,62.2002
2020-08-07,63.4843
2020-08-06,67.0797
2020-08-05,64.9437
2020-08-04,64.5357
2020-08-03,63.9407
2020-07-31,61.7521
2020-07-30,58.6579
2020-07-29,57.7093
2020-07-28,55.6031
2020-07-27,58.7093
2020-07-24,55.4523
2020-07-23,57.7786
2020-07-22,65.1072
2020-07-21,64.5328
2020-07-20,67.6973
2020-07-17,63.1529
2020-07-16,62.951
2020-07-15,64.9566
2020-07-14,64.6379
2020-07-13,63.5506
2020-07-10,69.5811
2020-07-09,68.6495
2020-07-08,67.4923
2020-07-07,65.6323
2020-07-06,67.5664
2020-07-02,64.062
2020-07-01,63.0212
2020-06-30,61.2068
2020-06-29,57.9808
2020-06-26,56.0706
2020-06-25,62.0092
2020-06-24,60.419
2020-06-23,66.2439
2020-06-22,64.929
2020-06-19,63.0271
2020-06-18,63.0715
2020-06-17,62.6587
2020-06-16,62.1903
2020-06-15,59.6286
2020-06-12,57.7238
2020-06-11,56.459
2020-06-10,69.396
2020-06-09,67.7139
2020-06-08,66.6709
2020-06-05,65.5471
2020-06-04,62.5408
2020-06-03,64.4437
2020-06-02,63.7751
2020-06-01,62.7905
2020-05-29,62.3571
2020-05-28,60.2392
2020-05-27,60.5272
2020-05-26,59.7658
2020-05-22,60.314
2020-05-21,59.8684
2020-05-20,61.9772
2020-05-19,59.5437
2020-05-18,60.0027
2020-05-15,57.744
2020-05-14,56.9445
2020-05-13,55.5632
2020-05-12,57.5204
2020-05-11,61.0086
2020-05-08,60.0343
2020-05-07,58.546
2020-05-06,57.1394
2020-05-05,56.4727
2020-05-04,55.2691
2020-05-01,54.042
2020-04-30,57.7889
2020-04-29,57.8445
2020-04-28,54.3705
2020-04-27,56.7767
2020-04-24,55.9929
2020-04-23,54.4791
2020-04-22,54.7215
2020-04-21,51.9794
2020-04-20,56.1504
2020-04-17,57.5761
2020-04-16,56.7413
2020-04-15,55.1721
2020-04-14,56.4087
2020-04-13,52.7532
2020-04-09,51.8098
2020-04-08,51.6873
2020-04-07,49.9495
2020-04-06,49.9823
2020-04-03,44.2933
2020-04-02,45.2785
2020-04-01,43.6085
2020-03-31,46.56
2020-03-30,47.1749
2020-03-27,44.3031
2020-03-26,46.663
2020-03-25,42.4251
2020-03-24,42.8836
2020-03-23,36.5609
2020-03-20,36.499
2020-03-19,38.5261
2020-03-18,38.0281
2020-03-17,39.6217
2020-03-16,33.4843
2020-03-13,40.5026
2020-03-12,31.6273
2020-03-11,38.0541
2020-03-10,42.0893
2020-03-09,34.2346
2020-03-06,41.5798
2020-03-05,43.7847
2020-03-04,48.3039
2020-03-03,40.6299
2020-03-02,45.7533
2020-02-28,33.5768
2020-02-27,33.3627
2020-02-26,42.095
2020-02-25,40.5821
2020-02-24,46.8947
2020-02-21,59.966
2020-02-20,69.2838
2020-02-19,74.6599
2020-02-18,72.5937
2020-02-14,72.5085
2020-02-13,71.8906
2020-02-12,72.5846
2020-02-11,70.5502
2020-02-10,70.5134
2020-02-07,67.873
2020-02-06,70.0013
2020-02-05,68.111
2020-02-04,67.3673
2020-02-03,61.5922
2020-01-31,56.8777
2020-01-30,64.9558
2020-01-29,63.8646
2020-01-28,63.3709
2020-01-27,58.3388
2020-01-24,71.0763
2020-01-23,77.6978
2020-01-22,76.9197
2020-01-21,76.2752
2020-01-17,76.6197
2020-01-16,75.4617
2020-01-15,73.0272
2020-01-14,72.9183
2020-01-13,75.7253
2020-01-10,72.8493
2020-01-09,74.7181
2020-01-08,72.5175
2020-01-07,70.3595
2020-01-06,70.4568
2020-01-03,68.556
2020-01-02,75.1462
2019-12-31,70.28
2019-12-30,69.6438
2019-12-27,74.9808
2019-12-26,75.6893
2019-12-24,73.1891
2019-12-23,73.0341
2019-12-20,72.2636
2019-12-19,71.0665
2019-12-18,69.1149
2019-12-17,68.8713
2019-12-16,68.6953
2019-12-13,65.4827
2019-12-12,64.3464
2019-12-11,61.6475
2019-12-10,59.5965
2019-12-09,60.0769
2019-12-06,62.7039
2019-12-05,58.7009
2019-12-04,57.9098
2019-12-03,55.8617
2019-12-02,60.1997
2019-11-29,66.6987
2019-11-27,69.908
2019-11-26,67.6591
2019-11-25,67.0205
2019-11-22,62.7369
2019-11-21,62.4852
2019-11-20,63.9051
2019-11-19,67.878
2019-11-18,67.4047
2019-11-15,67.1594
2019-11-14,64.8347
2019-11-13,65.3096
2019-11-12,65.234
2019-11-11,64.3787
2019-11-08,65.0868
2019-11-07,63.9713
2019-11-06,63.0315
2019-11-05,64.0983
2019-11-04,63.9567
2019-11-01,62.3798
2019-10-31,59.9579
2019-10-30,59.8344
2019-10-29,58.5524
2019-10-28,61.5586
2019-10-25,59.0383
2019-10-24,56.8816
2019-10-23,54.1124
2019-10-22,53.5517
2019-10-21,56.2704
2019-10-18,53.8113
2019-10-17,57.1519
2019-10-16,56.4476
2019-10-15,57.2896
2019-10-14,53.989
2019-10-11,54.0216
2019-10-10,50.5723
2019-10-09,48.3769
2019-10-08,45.5066
2019-10-07,49.5874
2019-10-04,50.4562
2019-10-03,46.1473
2019-10-02,42.6542
2019-10-01,47.3003
2019-09-30,49.7631
2019-09-27,46.7168
2019-09-26,50.5623
2019-09-25,51.7681
2019-09-24,48.2328
2019-09-23,52.6268
2019-09-20,52.4903
2019-09-19,56.2206
2019-09-18,55.752
2019-09-17,55.8941
2019-09-16,54.6309
2019-09-13,56.0566
2019-09-12,57.1944
2019-09-11,56.2156
2019-09-10,53.9787
2019-09-09,54.7959
2019-09-06,55.375
2019-09-05,55.6404
2019-09-04,51.6427
2019-09-03,48.1975
2019-08-30,50.5196
2019-08-29,51.0978
2019-08-28,47.5083
2019-08-27,46.6405
2019-08-26,47.0774
2019-08-23,43.5343
2019-08-22,50.481
2019-08-21,51.2779
2019-08-20,49.2048
2019-08-19,51.0186
2019-08-16,47.289
2019-08-15,43.2087
2019-08-14,43.4376
2019-08-13,50.214
2019-08-12,44.2893
2019-08-09,47.1105
2019-08-08,49.5926
2019-08-07,43.1454
2019-08-06,41.3871
2019-08-05,36.6291
2019-08-02,45.8888
2019-08-01,51.0771
2019-07-31,53.0088
2019-07-30,58.9877
2019-07-29,61.0376
2019-07-26,62.6884
2019-07-25,59.6059
2019-07-24,64.2972
2019-07-23,62.2206
2019-07-22,60.1822
2019-07-19,57.5579
2019-07-18,61.1071
2019-07-17,60.7483
2019-07-16,63.1376
2019-07-15,65.7224
2019-07-12,64.8754
2019-07-11,63.3345
2019-07-10,63.6692
2019-07-09,61.013
2019-07-08,59.6104
2019-07-05,62.6297
2019-07-03,63.5193
2019-07-02,61.6204
2019-07-01,60.5986
2019-06-28,56.939
2019-06-27,56.5741
2019-06-26,55.5146
2019-06-25,54.2296
2019-06-24,60.4611
2019-06-21,60.4536
2019-06-20,61.0009
2019-06-19,58.7989
2019-06-18,57.8902
2019-06-17,54.2325
2019-06-14,52.6218
2019-06-13,53.8996
2019-06-12,52.3786
2019-06-11,54.0411
2019-06-10,53.7119
2019-06-07,50.8916
2019-06-06,45.7907
2019-06-05,43.5158
2019-06-04,41.3444
2019-06-03,32.224
2019-05-31,36.5398
2019-05-30,40.3166
2019-05-29,38.7381
2019-05-28,40.7586
2019-05-24,41.707
2019-05-23,41.8312
2019-05-22,45.8213
2019-05-21,47.0685
2019-05-20,43.6889
2019-05-17,48.5268
2019-05-16,51.864
2019-05-15,48.5945
2019-05-14,43.5461
2019-05-13,39.185
2019-05-10,51.5851
2019-05-09,51.058
2019-05-08,53.4622
2019-05-07,54.6104
2019-05-06,65.0599
2019-05-03,69.0277
2019-05-02,63.6237
2019-05-01,66.6431
2019-04-30,68.9557
2019-04-29,74.9506
2019-04-26,74.4225
2019-04-25,74.1849
2019-04-24,73.1102
2019-04-23,75.4349
2019-04-22,72.0748
2019-04-18,71.2463
2019-04-17,70.8745
2019-04-16,69.8723
2019-04-15,68.8704
2019-04-12,68.8242
2019-04-11,67.6071
2019-04-10,69.0149
2019-04-09,67.5715
2019-04-08,69.5936
2019-04-05,68.9554
2019-04-04,67.6518
2019-04-03,67.8512
2019-04-02,66.4414
2019-04-01,65.4967
2019-03-29,61.9909
2019-03-28,59.7893
2019-03-27,59.1058
2019-03-26,61.9097
2019-03-25,60.6291
2019-03-22,61.4328
2019-03-21,72.1493
2019-03-20,68.4901
2019-03-19,67.464
2019-03-18,66.5906
2019-03-15,65.9783
2019-03-14,63.5229
2019-03-13,64.3297
2019-03-12,62.3298
2019-03-11,60.8117
2019-03-08,54.3275
2019-03-07,54.9585
2019-03-06,60.4193
2019-03-05,63.1918
2019-03-04,62.9799
2019-03-01,62.9331
2019-02-28,61.0633
2019-02-27,62.0546
2019-02-26,62.3189
2019-02-25,62.0677
2019-02-22,61.208
2019-02-21,59.4479
2019-02-20,60.7468
2019-02-19,60.8069
2019-02-15,60.3849
2019-02-14,59.5078
2019-02-13,59.2579
2019-02-12,59.1209
2019-02-11,56.2192
2019-02-08,56.4639
2019-02-07,56.0894
2019-02-06,59.4607
2019-02-05,60.2265
2019-02-04,58.7417
2019-02-01,56.6077
2019-01-31,57.5733
2019-01-30,55.0276
2019-01-29,50.336
2019-01-28,52.2773
2019-01-25,54.944
2019-01-24,52.7555
2019-01-23,51.5518
2019-01-22,51.3161
2019-01-18,55.3477
2019-01-17,53.6548
2019-01-16,52.2972
2019-01-15,52.3313
2019-01-14,49.057
2019-01-11,50.5635
2019-01-10,51.184
2019-01-09,50.7362
2019-01-08,49.4925
2019-01-07,48.1239
2019-01-04,46.3268
2019-01-03,39.4605
2019-01-02,43.6479
2018-12-31,42.9431
2018-12-28,41.4969
2018-12-27,41.5589
2018-12-26,40.9401
2018-12-24,30.2903
2018-12-21,32.5551
2018-12-20,35.8485
2018-12-19,37.5617
2018-12-18,40.7765
2018-12-17,39.5251
2018-12-14,42.6842
2018-12-13,46.5795
2018-12-12,46.5218
2018-12-11,44.8943
2018-12-10,44.2903
2018-12-07,42.4137
2018-12-06,47.3544
2018-12-04,46.0875
2018-12-03,52.9226
2018-11-30,49.7524
2018-11-29,48.3916
2018-11-28,48.9595
2018-11-27,42.8685
2018-11-26,42.1831
2018-11-23,37.4104
2018-11-21,38.3586
2018-11-20,36.7705
2018-11-19,39.0619
2018-11-16,43.9417
2018-11-15,44.5147
2018-11-14,40.9305
2018-11-13,42.0649
2018-11-12,41.8963
2018-11-09,46.6818
2018-11-08,49.7392
2018-11-07,50.9468
2018-11-06,44.886
2018-11-05,43.2904
2018-11-02,43.6847
2018-11-01,46.2371
2018-10-31,43.6215
2018-10-30,38.6877
2018-10-29,34.9581
2018-10-26,37.7389
2018-10-25,41.7901
2018-10-24,32.8934
2018-10-23,41.1834
2018-10-22,41.9949
2018-10-19,40.4446
2018-10-18,40.6301
2018-10-17,45.7494
2018-10-16,45.6385
2018-10-15,36.8701
2018-10-12,39.4137
2018-10-11,29.0052
2018-10-10,31.3113
2018-10-09,43.4961
2018-10-08,41.9196
2018-10-05,44.1383
2018-10-04,49.1481
2018-10-03,59.4021
2018-10-02,58.9462
2018-10-01,60.2969
2018-09-28,59.4993
2018-09-27,59.619
2018-09-26,56.3644
2018-09-25,56.0842
2018-09-24,55.5629
2018-09-21,54.5189
2018-09-20,57.0413
2018-09-19,52.901
2018-09-18,53.2388
2018-09-17,49.9879
2018-09-14,56.591
2018-09-13,58.0761
2018-09-12,53.9284
2018-09-11,55.3696
2018-09-10,52.2252
2018-09-07,50.79
2018-09-06,52.5096
2018-09-05,56.7889
2018-09-04,64.0451
2018-08-31,66.7458
2018-08-30,66.3412
2018-08-29,67.4124
2018-08-28,63.8316
2018-08-27,63.3466
2018-08-24,59.8204
2018-08-23,56.2052
2018-08-22,56.9587
2018-08-21,55.4305
2018-08-20,53.9665
2018-08-17,54.3779
2018-08-16,54.2951
2018-08-15,53.1033
2018-08-14,58.5619
2018-08-13,56.3945
2018-08-10,56.8949
2018-08-09,60.4354
2018-08-08,60.7194
2018-08-07,60.3655
2018-08-06,59.3208
2018-08-03,57.6162
2018-08-02,56.7223
2018-08-01,52.5572
2018-07-31,51.3198
2018-07-30,48.7817
2018-07-27,53.7705
2018-07-26,59.353
2018-07-25,66.8715
2018-07-24,62.7987
2018-07-23,61.4776
2018-07-20,60.4498
2018-07-19,60.5575
2018-07-18,62.9553
2018-07-17,63.8628
2018-07-16,62.2034
2018-07-13,63.2927
2018-07-12,63.0784
2018-07-11,58.4039
2018-07-10,60.5604
2018-07-09,60.3595
2018-07-06,57.8831
2018-07-05,53.1493
2018-07-03,48.8445
2018-07-02,53.2278
2018-06-29,50.8168
2018-06-28,49.8342
2018-06-27,46.6184
2018-06-26,51.6606
2018-06-25,50.1277
2018-06-22,60.3949
2018-06-21,61.5779
2018-06-20,66.4615
2018-06-19,64.2768
2018-06-18,65.9082
2018-06-15,66.2321
2018-06-14,68.1739
2018-06-13,65.4079
2018-06-12,65.4382
2018-06-11,63.9772
2018-06-08,63.2227
2018-06-07,63.2071
2018-06-06,67.0661
2018-06-05,65.6448
2018-06-04,64.8825
2018-06-01,62.6056
2018-05-31,58.1988
2018-05-30,58.4685
2018-05-29,56.3551
2018-05-25,58.0959
2018-05-24,57.8153
2018-05-23,57.9237
2018-05-22,55.6823
2018-05-21,56.1224
2018-05-18,54.6683
2018-05-17,56.309
2018-05-16,57.5345
2018-05-15,55.9803
2018-05-14,59.4833
2018-05-11,59.1084
2018-05-10,59.3965
2018-05-09,57.2432
2018-05-08,54.8786
2018-05-07,55.1507
2018-05-04,53.3807
2018-05-03,49.1048
2018-05-02,49.1327
2018-05-01,50.4391
2018-04-30,47.9176
2018-04-27,49.4102
2018-04-26,49.2797
2018-04-25,44.7578
2018-04-24,44.4903
2018-04-23,48.5188
2018-04-20,49.0229
2018-04-19,52.3094
2018-04-18,54.3381
2018-04-17,53.9611
2018-04-16,49.9181
2018-04-13,48.4054
2018-04-12,49.3729
2018-04-11,47.0633
2018-04-10,48.0671
2018-04-09,43.8067
2018-04-06,42.3874
2018-04-05,46.4615
2018-04-04,45.3315
2018-04-03,42.1715
2018-04-02,39.8404
2018-03-29,44.3213
2018-03-28,40.3481
2018-03-27,42.1644
2018-03-26,48.1503
2018-03-23,39.0492
2018-03-22,44.4476
2018-03-21,50.8628
2018-03-20,52.1293
2018-03-19,51.2606
2018-03-16,57.8565
2018-03-15,58.8637
2018-03-14,59.1515
2018-03-13,59.2065
2018-03-12,63.6468
2018-03-09,62.6128
2018-03-08,58.6
2018-03-07,57.3752
2018-03-06,56.8668
2018-03-05,55.9584
2018-03-02,53.5498
2018-03-01,51.4811
2018-02-28,55.7452
2018-02-27,57.5362
2018-02-26,61.1847
2018-02-23,58.5454
2018-02-22,54.0607
2018-02-21,54.0937
2018-02-20,54.8409
2018-02-16,54.421
2018-02-15,55.5209
2018-02-14,51.7393
2018-02-13,47.5446
2018-02-12,46.3292
2018-02-09,42.018
2018-02-08,37.4516
2018-02-07,46.2853
2018-02-06,49.7483
2018-02-05,41.4442
2018-02-02,54.7597
2018-02-01,65.0006
2018-01-31,70.375
2018-01-30,69.1989
2018-01-29,74.8444
2018-01-26,78.449
2018-01-25,74.8758
2018-01-24,75.1511
2018-01-23,80.2924
2018-01-22,78.5291
2018-01-19,75.9065
2018-01-18,75.061
2018-01-17,75.013
2018-01-16,71.9877
2018-01-12,74.2556
2018-01-11,72.1256
2018-01-10,69.94
2018-01-09,71.7701
2018-01-08,71.7517
2018-01-05,70.5998
2018-01-04,67.3696
2018-01-03,66.7663
2018-01-02,63.2126
2017-12-29,55.1328
2017-12-28,59.5474
2017-12-27,58.9356
2017-12-26,58.8733
2017-12-22,62.7087
2017-12-21,63.5415
2017-12-20,63.4903
2017-12-19,64.2182
2017-12-18,68.3337
2017-12-15,65.3815
2017-12-14,60.7138
2017-12-13,61.201
2017-12-12,60.3773
2017-12-11,61.2419
2017-12-08,57.9747
2017-12-07,55.977
2017-12-06,54.4023
2017-12-05,52.2491
2017-12-04,51.9367
2017-12-01,58.3989
2017-11-30,61.0757
2017-11-29,57.4546
2017-11-28,70.6726
2017-11-27,69.7024
2017-11-24,70.0879
2017-11-22,68.751
2017-11-21,68.3024
2017-11-20,63.9852
2017-11-17,64.5857
2017-11-16,67.5465
2017-11-15,62.0896
2017-11-14,65.9812
2017-11-13,69.1853
2017-11-10,68.6953
2017-11-09,68.75
2017-11-08,73.2339
2017-11-07,71.9013
2017-11-06,71.707
2017-11-03,70.5911
2017-11-02,67.1333
2017-11-01,68.6565
2017-10-31,68.9126
2017-10-30,67.6038
2017-10-27,66.8121
2017-10-26,53.1064
2017-10-25,55.4974
2017-10-24,58.4774
2017-10-23,57.5098
2017-10-20,62.9141
2017-10-19,61.4966
2017-10-18,64.7282
2017-10-17,65.8033
2017-10-16,65.2241
2017-10-13,63.6543
2017-10-12,61.8246
2017-10-11,63.2576
2017-10-10,61.8901
2017-10-09,61.5502
2017-10-06,62.3668
2017-10-05,61.8004
2017-10-04,57.4501
2017-10-03,56.9946
2017-10-02,56.0038
2017-09-29,55.5963
2017-09-28,52.2336
2017-09-27,52.4149
2017-09-26,47.9904
2017-09-25,46.6384
2017-09-22,51.9039
2017-09-21,52.4218
2017-09-20,55.783
2017-09-19,57.5557
2017-09-18,56.8317
2017-09-15,57.5411
2017-09-14,56.178
2017-09-13,59.2881
2017-09-12,58.784
2017-09-11,57.9177
2017-09-08,53.5154
2017-09-07,57.8817
2017-09-06,56.9819
2017-09-05,55.8217
2017-09-01,60.4317
2017-08-31,61.1643
2017-08-30,57.3583
2017-08-29,52.5723
2017-08-28,50.8245
2017-08-25,49.4335
2017-08-24,50.3561
2017-08-23,51.6379
2017-08-22,53.1999
2017-08-21,46.7484
2017-08-18,47.2667
2017-08-17,47.5448
2017-08-16,56.9353
2017-08-15,56.2395
2017-08-14,55.9691
2017-08-11,50.671
2017-08-10,47.1378
2017-08-09,58.6656
2017-08-08,59.5158
2017-08-07,60.6139
2017-08-04,57.9298
2017-08-03,57.137
2017-08-02,59.4286
2017-08-01,58.3227
2017-07-31,57.389
2017-07-28,59.7392
2017-07-27,60.1999
2017-07-26,63.7415
2017-07-25,62.6638
2017-07-24,64.0884
2017-07-21,62.6495
2017-07-20,62.867
2017-07-19,62.475
2017-07-18,60.734
2017-07-17,58.6739
2017-07-14,58.5216
2017-07-13,56.0829
2017-07-12,55.3871
2017-07-11,51.5012
2017-07-10,50.5337
2017-07-07,48.2715
2017-07-06,44.3203
2017-07-05,47.21
2017-07-03,43.423
2017-06-30,46.8802
2017-06-29,46.7413
2017-06-28,53.1594
2017-06-27,47.5572
2017-06-26,55.6612
2017-06-23,58.0955
2017-06-22,56.6209
2017-06-21,56.7615
2017-06-20,52.932
2017-06-19,56.7371
2017-06-16,49.4939
2017-06-15,51.6265
2017-06-14,53.9004
2017-06-13,56.2146
2017-06-12,52.6358
2017-06-09,55.4959
2017-06-08,73.7084
2017-06-07,73.3614
2017-06-06,72.0532
2017-06-05,75.6454
2017-06-02,75.8344
2017-06-01,72.2809
2017-05-31,70.9008
2017-05-30,71.207
2017-05-26,70.9207
2017-05-25,70.3369
2017-05-24,67.3751
2017-05-23,65.6212
2017-05-22,65.2328
2017-05-19,61.8392
2017-05-18,59.9838
2017-05-17,55.7947
2017-05-16,79.3308
2017-05-15,77.8828
2017-05-12,76.7066
2017-05-11,75.847
2017-05-10,76.8025
2017-05-09,76.5988
2017-05-08,75.3659
2017-05-05,74.5705
2017-05-04,73.2002
2017-05-03,73.0624
2017-05-02,76.3463
2017-05-01,75.8063
2017-04-28,72.6902
2017-04-27,72.011
2017-04-26,69.5855
2017-04-25,70.9557
2017-04-24,67.8891
2017-04-21,61.523
2017-04-20,61.741
2017-04-19,56.3529
2017-04-18,55.2089
2017-04-17,56.5499
2017-04-13,50.3647
2017-04-12,53.8725
2017-04-11,57.7683
2017-04-10,62.3769
2017-04-07,62.1251
2017-04-06,62.6831
2017-04-05,62.362
2017-04-04,66.5596
2017-04-03,65.7068
2017-03-31,66.3189
2017-03-30,66.9858
2017-03-29,66.1964
2017-03-28,63.9243
2017-03-27,60.6271
2017-03-24,59.7088
2017-03-23,58.5273
2017-03-22,60.5903
2017-03-21,56.7261
2017-03-20,71.9601
2017-03-17,71.5242
2017-03-16,71.9292
2017-03-15,72.6969
2017-03-14,69.9553
2017-03-13,72.6949
2017-03-10,71.9782
2017-03-09,70.1151
2017-03-08,69.7679
2017-03-07,68.9805
2017-03-06,70.6526
2017-03-03,72.8645
2017-03-02,72.1798
2017-03-01,77.2741
2017-02-28,73.4431
2017-02-27,76.9128
2017-02-24,76.4907
2017-02-23,75.835
2017-02-22,79.9892
2017-02-21,79.8824
2017-02-17,78.4857
2017-02-16,77.1681
2017-02-15,77.4902
2017-02-14,75.6565
2017-02-13,74.5417
2017-02-10,72.5417
2017-02-09,71.2918
2017-02-08,69.8646
2017-02-07,69.2005
2017-02-06,67.7203
2017-02-03,67.2324
2017-02-02,66.063
2017-02-01,66.7545
2017-01-31,63.9519
2017-01-30,65.4762
2017-01-27,71.8545
2017-01-26,71.2018
2017-01-25,70.854
2017-01-24,67.24
2017-01-23,64.4603
2017-01-20,64.1117
2017-01-19,63.1856
2017-01-18,63.5317
2017-01-17,62.7235
2017-01-13,64.7409
2017-01-12,63.474
2017-01-11,64.4695
2017-01-10,63.5256
2017-01-09,62.7566
2017-01-06,61.6177
2017-01-05,58.4163
2017-01-04,56.1893
2017-01-03,53.9498
2016-12-30,49.9893
2016-12-29,55.225
2016-12-28,55.9951
2016-12-27,60.4207
2016-12-23,58.3585
2016-12-22,58.0908
2016-12-21,59.6386
2016-12-20,60.0409
2016-12-19,58.6878
2016-12-16,57.2219
2016-12-15,59.0237
2016-12-14,58.4936
2016-12-13,59.455
2016-12-12,55.2642
2016-12-09,57.2893
2016-12-08,54.5652
2016-12-07,53.935
2016-12-06,49.2188
2016-12-05,48.2668
2016-12-02,45.1257
2016-12-01,44.3047
2016-11-30,50.6599
2016-11-29,56.0811
2016-11-28,54.7719
2016-11-25,55.8127
2016-11-23,54.6608
2016-11-22,56.426
2016-11-21,55.3998
2016-11-18,51.7408
2016-11-17,53.2372
2016-11-16,50.616
2016-11-15,48.3848
2016-11-14,42.7195
2016-11-11,46.2697
2016-11-10,46.0878
2016-11-09,52.5045
2016-11-08,50.6493
2016-11-07,47.93
2016-11-04,36.0344
2016-11-03,37.2315
2016-11-02,40.8759
2016-11-01,44.2634
2016-10-31,47.8263
2016-10-28,48.2879
2016-10-27,51.462
2016-10-26,53.919
2016-10-25,57.8551
2016-10-24,59.8008
2016-10-21,54.351
2016-10-20,52.4535
2016-10-19,53.121
2016-10-18,53.1669
2016-10-17,48.795
2016-10-14,50.1638
2016-10-13,49.5759
2016-10-12,51.3007
2016-10-11,51.7076
2016-10-10,59.3043
2016-10-07,56.634
2016-10-06,57.8849
2016-10-05,58.1665
2016-10-04,56.7677
2016-10-03,57.5512
2016-09-30,58.2728
2016-09-29,55.5308
2016-09-28,59.1388
2016-09-27,58.5437
2016-09-26,54.9268
2016-09-23,59.1079
2016-09-22,62.5822
2016-09-21,59.8063
2016-09-20,56.0135
2016-09-19,55.246
2016-09-16,57.4537
2016-09-15,57.6942
2016-09-14,51.5118
2016-09-13,49.3638
2016-09-12,53.6317
2016-09-09,44.6745
2016-09-08,60.706
2016-09-07,65.966
2016-09-06,65.6794
2016-09-02,62.5554
2016-09-01,60.7905
2016-08-31,59.3536
2016-08-30,60.1918
2016-08-29,62.8625
2016-08-26,62.1915
2016-08-25,61.4891
2016-08-24,62.7263
2016-08-23,67.9194
2016-08-22,67.2067
2016-08-19,66.9074
2016-08-18,67.1014
2016-08-17,67.0105
2016-08-16,66.3934
2016-08-15,70.258
2016-08-12,68.9367
2016-08-11,68.7255
2016-08-10,67.4099
2016-08-09,69.0659
2016-08-08,68.4023
2016-08-05,69.0802
2016-08-04,66.3772
2016-08-03,65.526
2016-08-02,64.5441
2016-08-01,68.8588
2016-07-29,67.4248
2016-07-28,66.8301
2016-07-27,65.8834
2016-07-26,63.9531
2016-07-25,63.6314
2016-07-22,63.6077
2016-07-21,62.5155
2016-07-20,63.5173
2016-07-19,60.4865
2016-07-18,62.0184
2016-07-15,60.2941
2016-07-14,60.9333
2016-07-13,59.1983
2016-07-12,60.0991
2016-07-11,58.8658
2016-07-08,57.4604
2016-07-07,53.4298
2016-07-06,52.6174
2016-07-05,50.3549
2016-07-01,52.1284
2016-06-30,50.781
2016-06-29,47.5889
2016-06-28,42.236
2016-06-27,34.5465
2016-06-24,39.1181
2016-06-23,53.7393
2016-06-22,47.3552
2016-06-21,48.4343
2016-06-20,46.932
2016-06-17,43.8709
2016-06-16,48.9113
2016-06-15,47.4587
2016-06-14,48.7339
2016-06-13,48.7339
2016-06-10,52.469
2016-06-09,58.2997
2016-06-08,59.1997
2016-06-07,58.5582
2016-06-06,59.8762
2016-06-03,58.6119
2016-06-02,60.9851
2016-06-01,60.3098
2016-05-31,60.2814
2016-05-27,59.7064
2016-05-26,58.1437
2016-05-25,57.2596
2016-05-24,55.0618
2016-05-23,48.1441
2016-05-20,48.6114
2016-05-19,44.3608
2016-05-18,46.0775
2016-05-17,44.6721
2016-05-16,48.9456
2016-05-13,43.9257
2016-05-12,45.1723
2016-05-11,46.6894
2016-05-10,49.9804
2016-05-09,44.4165
2016-05-06,43.1741
2016-05-05,40.8287
2016-05-04,40.9147
2016-05-03,42.8572
2016-05-02,45.8693
2016-04-29,41.9546
2016-04-28,43.6334
2016-04-27,47.8564
2016-04-26,50.9943
2016-04-25,53.0056
2016-04-22,53.0056
2016-04-21,59.7021
2016-04-20,59.6731
2016-04-19,59.4236
2016-04-18,62.1853
2016-04-15,60.679
2016-04-14,61.7886
2016-04-13,61.7649
2016-04-12,58.3237
2016-04-11,55.8712
2016-04-08,57.2787
2016-04-07,57.5542
2016-04-06,63.3028
2016-04-05,58.9138
2016-04-04,63.1636
2016-04-01,64.9266
2016-03-31,62.1551
2016-03-30,62.8054
2016-03-29,61.5391
2016-03-28,57.0287
2016-03-24,57.5882
2016-03-23,57.509
2016-03-22,60.7042
2016-03-21,59.9198
2016-03-18,58.9285
2016-03-17,58.5405
2016-03-16,58.729
2016-03-15,56.6285
2016-03-14,56.7441
2016-03-11,56.3635
2016-03-10,52.3116
2016-03-09,52.7182
2016-03-08,51.2095
2016-03-07,53.3077
2016-03-04,54.9044
2016-03-03,54.8253
2016-03-02,55.286
2016-03-01,55.2145
2016-02-29,48.8202
2016-02-26,50.7666
2016-02-25,51.0368
2016-02-24,49.0346
2016-02-23,47.0594
2016-02-22,50.3054
2016-02-19,46.9302
2016-02-18,46.3002
2016-02-17,48.4302
2016-02-16,43.6522
2016-02-12,38.3711
2016-02-11,34.4915
2016-02-10,34.689
2016-02-09,33.736
2016-02-08,34.1195
2016-02-05,36.067
2016-02-04,41.3426
2016-02-03,41.3588
2016-02-02,42.1312
2016-02-01,45.8856
2016-01-29,45.312
2016-01-28,40.7753
2016-01-27,37.4911
2016-01-26,41.4424
2016-01-25,39.2656
2016-01-22,41.7326
2016-01-21,34.2967
2016-01-20,34.0227
2016-01-19,34.4457
2016-01-15,33.8916
2016-01-14,38.4208
2016-01-13,32.6789
2016-01-12,38.382
2016-01-11,34.788
2016-01-08,33.8181
2016-01-07,35.1529
2016-01-06,41.2497
2016-01-05,43.468
2016-01-04,43.8736
2015-12-31,49.3021
2015-12-30,53.0259
2015-12-29,55.959
2015-12-28,51.5872
2015-12-24,51.7526
2015-12-23,51.8052
2015-12-22,49.793
2015-12-21,47.9781
2015-12-18,44.8108
2015-12-17,49.8731
2015-12-16,54.3844
2015-12-15,50.0678
2015-12-14,48.1705
2015-12-11,45.7515
2015-12-10,53.0615
2015-12-09,51.6268
2015-12-08,57.3039
2015-12-07,57.2782
2015-12-04,59.03
2015-12-03,51.9723
2015-12-02,59.1076
2015-12-01,62.0704
2015-11-30,58.9303
2015-11-27,60.1334
2015-11-25,59.7022
2015-11-24,59.4417
2015-11-23,59.8089
2015-11-20,60.9903
2015-11-19,59.2041
2015-11-18,59.0189
2015-11-17,53.6742
2015-11-16,53.4857
2015-11-13,49.039
2015-11-12,56.1379
2015-11-11,60.283
2015-11-10,60.8261
2015-11-09,61.9238
2015-11-06,66.7372
2015-11-05,66.5753
2015-11-04,67.7896
2015-11-03,67.7716
2015-11-02,67.0718
2015-10-30,64.7447
2015-10-29,66.5243
2015-10-28,67.143
2015-10-27,65.5535
2015-10-26,65.1617
2015-10-23,65.0468
2015-10-22,59.4764
2015-10-21,54.57
2015-10-20,56.5295
2015-10-19,58.2145
2015-10-16,56.8621
2015-10-15,55.8774
2015-10-14,51.8392
2015-10-13,52.2834
2015-10-12,54.0696
2015-10-09,53.5009
2015-10-08,52.4688
2015-10-07,51.5753
2015-10-06,50.2425
2015-10-05,51.3072
2015-10-02,48.1994
2015-10-01,44.1298
2015-09-30,42.9888
2015-09-29,37.2294
2015-09-28,38.0498
2015-09-25,43.2721
2015-09-24,45.0295
2015-09-23,45.7924
2015-09-22,45.6081
2015-09-21,48.7158
2015-09-18,48.0129
2015-09-17,51.0679
2015-09-16,50.99
2015-09-15,49.8514
2015-09-14,47.4547
2015-09-11,48.0173
2015-09-10,46.934
2015-09-09,44.8051
2015-09-08,46.6622
2015-09-04,40.9913
2015-09-03,42.8393
2015-09-02,43.6138
2015-09-01,37.6273
2015-08-31,42.5345
2015-08-28,44.7631
2015-08-27,44.7971
2015-08-26,39.0507
2015-08-25,25.0154
2015-08-24,25.4321
2015-08-21,30.5864
2015-08-20,39.6556
2015-08-19,48.5723
2015-08-18,51.1894
2015-08-17,53.3206
2015-08-14,50.1375
2015-08-13,49.5335
2015-08-12,50.1445
2015-08-11,48.8797
2015-08-10,53.7551
2015-08-07,49.5424
2015-08-06,50.0234
2015-08-05,56.7114
2015-08-04,53.933
2015-08-03,54.7579
2015-07-31,56.1168
2015-07-30,56.6126
2015-07-29,55.0754
2015-07-28,53.8443
2015-07-27,50.9564
2015-07-24,54.0688
2015-07-23,58.0997
2015-07-22,59.7144
2015-07-21,64.9844
2015-07-20,65.2814
2015-07-17,64.4207
2015-07-16,60.4835
2015-07-15,56.1224
2015-07-14,55.7657
2015-07-13,53.6161
2015-07-10,47.2199
2015-07-09,40.5438
2015-07-08,40.725
2015-07-07,46.9762
2015-07-06,45.842
2015-07-02,46.7211
2015-07-01,46.6043
2015-06-30,43.2581
2015-06-29,41.7066
2015-06-26,50.6372
2015-06-25,53.7298
2015-06-24,54.6859
2015-06-23,57.1911
2015-06-22,56.8949
2015-06-19,54.1846
2015-06-18,56.4517
2015-06-17,50.7492
2015-06-16,49.5654
2015-06-15,47.1941
2015-06-12,49.2057
2015-06-11,52.7669
2015-06-10,52.1824
2015-06-09,46.3484
2015-06-08,47.0111
2015-06-05,51.3089
2015-06-04,52.3743
2015-06-03,55.9396
2015-06-02,54.791
2015-06-01,56.269
2015-05-29,55.0513
2015-05-28,57.7775
2015-05-27,58.8258
2015-05-26,53.1396
2015-05-22,58.6963
2015-05-21,59.2058
2015-05-20,57.3851
2015-05-19,57.162
2015-05-18,57.6535
2015-05-15,56.2233
2015-05-14,56.2233
2015-05-13,51.3412
2015-05-12,50.6126
2015-05-11,52.2686
2015-05-08,53.6992
2015-05-07,49.5106
2015-05-06,47.3495
2015-05-05,49.6855
2015-05-04,55.9989
2015-05-01,55.4552
2015-04-30,50.9086
2015-04-29,57.6835
2015-04-28,60.7654
2015-04-27,61.765
2015-04-24,63.0183
2015-04-23,58.8225
2015-04-22,57.5551
2015-04-21,55.6907
2015-04-20,54.2007
2015-04-17,48.5157
2015-04-16,55.421
2015-04-15,56.0983
2015-04-14,53.6972
2015-04-13,55.0199
2015-04-10,56.1646
2015-04-09,54.7057
2015-04-08,52.4148
2015-04-07,49.3644
2015-04-06,50.0171
2015-04-02,46.8259
2015-04-01,46.5621
2015-03-31,48.3527
2015-03-30,52.2767
2015-03-27,47.9825
2015-03-26,46.3918
2015-03-25,47.5765
2015-03-24,57.0767
2015-03-23,58.839
2015-03-20,59.7833
2015-03-19,57.6415
2015-03-18,57.1446
2015-03-17,53.7626
2015-03-16,53.1944
2015-03-13,48.3734
2015-03-12,50.0292
2015-03-11,47.4667
2015-03-10,49.603
2015-03-09,57.6899
2015-03-06,56.6492
2015-03-05,62.4382
2015-03-04,61.8663
2015-03-03,63.9096
2015-03-02,66.4409
2015-02-27,63.8253
2015-02-26,66.2271
2015-02-25,64.7846
2015-02-24,66.1013
2015-02-23,65.9063
2015-02-20,65.6481
2015-02-19,63.9505
2015-02-18,62.6602
2015-02-17,62.2973
2015-02-13,62.0638
2015-02-12,59.9181
2015-02-11,56.8065
2015-02-10,55.791
2015-02-09,51.2018
2015-02-06,52.2648
2015-02-05,54.3099
2015-02-04,51.7776
2015-02-03,52.0547
2015-02-02,49.2443
2015-01-30,46.5727
2015-01-29,48.7616
2015-01-28,45.7896
2015-01-27,47.1834
2015-01-26,55.5196
2015-01-23,55.9368
2015-01-22,55.3255
2015-01-21,49.8988
2015-01-20,48.256
2015-01-16,45.6514
2015-01-15,41.5646
2015-01-14,45.1781
2015-01-13,46.8315
2015-01-12,46.9189
2015-01-09,50.0857
2015-01-08,52.2134
2015-01-07,45.9956
2015-01-06,41.1592
2015-01-05,45.2147
2015-01-02,50.4589
2014-12-31,51.6267
2014-12-30,55.8665
2014-12-29,58.8713
2014-12-26,58.9573
2014-12-24,56.7339
2014-12-23,56.4614
2014-12-22,57.8854
2014-12-19,57.1642
2014-12-18,55.9086
2014-12-17,48.1676
2014-12-16,40.8373
2014-12-15,46.4232
2014-12-12,50.7083
2014-12-11,55.9373
2014-12-10,53.9825
2014-12-09,62.9108
2014-12-08,61.7075
2014-12-05,66.3557
2014-12-04,66.3235
2014-12-03,66.6258
2014-12-02,66.0676
2014-12-01,64.8323
2014-11-28,71.9409
2014-11-26,70.6944
2014-11-25,68.8713
2014-11-24,68.4324
2014-11-21,66.1357
2014-11-20,65.5477
2014-11-19,64.1892
2014-11-18,66.7438
2014-11-17,64.5479
2014-11-14,66.2202
2014-11-13,65.3396
2014-11-12,64.1177
2014-11-11,63.6192
2014-11-10,62.7451
2014-11-07,61.7634
2014-11-06,62.1524
2014-11-05,61.3297
2014-11-04,61.3047
2014-11-03,62.6106
2014-10-31,61.9308
2014-10-30,58.6453
2014-10-29,58.1228
2014-10-28,59.3785
2014-10-27,55.7186
2014-10-24,55.5399
2014-10-23,53.5017
2014-10-22,49.5167
2014-10-21,50.947
2014-10-20,43.2185
2014-10-17,38.0189
2014-10-16,32.9405
2014-10-15,34.2172
2014-10-14,35.5721
2014-10-13,35.5316
2014-10-10,38.9688
2014-10-09,45.86
2014-10-08,51.5501
2014-10-07,43.7042
2014-10-06,49.3133
2014-10-03,50.2387
2014-10-02,45.8234
2014-10-01,45.8234
2014-09-30,52.7795
2014-09-29,52.1683
2014-09-26,52.7709
2014-09-25,48.2262
2014-09-24,59.1434
2014-09-23,54.1683
2014-09-22,55.8129
2014-09-19,61.9694
2014-09-18,62.4058
2014-09-17,59.1075
2014-09-16,58.4143
2014-09-15,54.184
2014-09-12,60.7359
2014-09-11,64.6833
2014-09-10,65.3159
2014-09-09,61.6652
2014-09-08,68.6093
2014-09-05,67.8213
2014-09-04,65.6665
2014-09-03,66.4271
2014-09-02,71.5916
2014-08-29,70.5214
2014-08-28,69.111
2014-08-27,70.0577
2014-08-26,69.9867
2014-08-25,69.6448
2014-08-22,68.4495
2014-08-21,67.9355
2014-08-20,67.2598
2014-08-19,67.2598
2014-08-18,65.453
2014-08-15,62.7931
2014-08-14,61.0058
2014-08-13,59.016
2014-08-12,54.5672
2014-08-11,54.791
2014-08-08,52.183
2014-08-07,48.7741
2014-08-06,50.2763
2014-08-05,50.6219
2014-08-04,54.3213
2014-08-01,51.3115
2014-07-31,53.1014
2014-07-30,65.2005
2014-07-29,63.6761
2014-07-28,64.8841
2014-07-25,64.7721
2014-07-24,67.358
2014-07-23,68.0852
2014-07-22,66.0792
2014-07-21,63.9512
2014-07-18,64.7099
2014-07-17,58.9185
2014-07-16,67.8795
2014-07-15,66.4293
2014-07-14,68.9994
2014-07-11,66.8979
2014-07-10,64.4477
2014-07-09,66.7563
2014-07-08,63.8889
2014-07-07,73.8273
2014-07-03,76.6851
2014-07-02,74.7652
2014-07-01,74.2275
2014-06-30,70.3663
2014-06-27,69.6963
2014-06-26,67.9312
2014-06-25,67.7133
2014-06-24,65.0518
2014-06-23,65.8383
2014-06-20,65.7509
2014-06-19,65.2918
2014-06-18,65.7522
2014-06-17,63.6412
2014-06-16,63.4353
2014-06-13,63.1179
2014-06-12,62.0618
2014-06-11,67.7994
2014-06-10,67.9415
2014-06-09,67.4227
2014-06-06,67.8792
2014-06-05,66.2346
2014-06-04,63.6669
2014-06-03,62.4698
2014-06-02,62.7007
2014-05-30,63.2
2014-05-29,63.169
2014-05-28,61.3787
2014-05-27,62.7833
2014-05-23,59.249
2014-05-22,56.9995
2014-05-21,55.6026
2014-05-20,52.4413
2014-05-19,53.8284
2014-05-16,51.5054
2014-05-15,49.2175
2014-05-14,52.0365
2014-05-13,53.9806
2014-05-12,53.7666
2014-05-09,48.325
2014-05-08,46.9989
2014-05-07,47.2871
2014-05-06,48.1639
2014-05-05,52.3708
2014-05-02,50.7208
2014-05-01,51.3081
2014-04-30,50.4219
2014-04-29,49.6518
2014-04-28,47.3196
2014-04-25,46.3617
2014-04-24,50.7442
2014-04-23,47.9744
2014-04-22,50.476
2014-04-21,48.1755
2014-04-17,45.9637
2014-04-16,45.8951
2014-04-15,41.9421
2014-04-14,40.9256
2014-04-11,38.516
2014-04-10,40.8929
2014-04-09,48.7443
2014-04-08,43.0969
2014-04-07,39.7294
2014-04-04,42.1915
2014-04-03,50.7988
2014-04-02,53.9441
2014-04-01,53.0495
2014-03-31,46.4306
2014-03-28,43.3776
2014-03-27,42.5192
2014-03-26,44.3532
2014-03-25,49.0168
2014-03-24,47.6875
2014-03-21,51.0912
2014-03-20,56.3928
2014-03-19,55.3783
2014-03-18,57.8858
2014-03-17,53.4747
2014-03-14,49.8722
2014-03-13,52.9163
2014-03-12,60.2469
2014-03-11,58.8069
2014-03-10,61.2236
2014-03-07,60.9105
2014-03-06,63.6567
2014-03-05,64.1451
2014-03-04,63.3094
2014-03-03,59.1883
2014-02-28,63.1484
2014-02-27,63.7533
2014-02-26,61.7311
2014-02-25,62.1833
2014-02-24,62.7288
2014-02-21,61.1755
2014-02-20,61.7871
2014-02-19,60.4732
2014-02-18,63.5368
2014-02-14,62.2474
2014-02-13,61.7213
2014-02-12,59.7685
2014-02-11,59.2599
2014-02-10,56.1632
2014-02-07,54.5212
2014-02-06,48.9639
2014-02-05,44.4086
2014-02-04,45.1891
2014-02-03,42.4825
2014-01-31,49.9685
2014-01-30,50.9595
2014-01-29,43.722
2014-01-28,47.6356
2014-01-27,47.8568
2014-01-24,51.6869
2014-01-23,61.3488
2014-01-22,63.2865
2014-01-21,62.4221
2014-01-17,59.8027
2014-01-16,62.9117
2014-01-15,62.875
2014-01-14,60.1822
2014-01-13,52.7691
2014-01-10,61.2967
2014-01-09,59.9626
2014-01-08,62.0678
2014-01-07,61.2204
2014-01-06,57.415
2014-01-03,59.6388
2014-01-02,64.2967
2013-12-31,69.9837
2013-12-30,67.7447
2013-12-27,68.8576
2013-12-26,70.7254
2013-12-24,69.696
2013-12-23,69.5557
2013-12-20,66.1714
2013-12-19,62.3739
2013-12-18,64.2591
2013-12-17,59.4572
2013-12-16,60.7896
2013-12-13,58.3375
2013-12-12,59.1601
2013-12-11,60.7886
2013-12-10,70.0287
2013-12-09,70.5796
2013-12-06,69.2385
2013-12-05,66.6827
2013-12-04,67.6298
2013-12-03,67.309
2013-12-02,67.8681
2013-11-29,69.8362
2013-11-27,68.04
2013-11-26,65.8021
2013-11-25,64.017
2013-11-22,63.1872
2013-11-21,61.2785
2013-11-20,57.3579
2013-11-19,58.7023
2013-11-18,60.3139
2013-11-15,66.2144
2013-11-14,65.4709
2013-11-13,64.4941
2013-11-12,60.2655
2013-11-11,59.945
2013-11-08,60.6084
2013-11-07,55.4046
2013-11-06,67.2692
2013-11-05,67.4451
2013-11-04,66.9525
2013-11-01,66.4297
2013-10-31,66.2738
2013-10-30,67.6166
2013-10-29,68.7936
2013-10-28,68.0337
2013-10-25,68.3776
2013-10-24,66.6142
2013-10-23,65.2764
2013-10-22,68.6063
2013-10-21,68.183
2013-10-18,67.6503
2013-10-17,63.5244
2013-10-16,61.7882
2013-10-15,58.2052
2013-10-14,59.8455
2013-10-11,57.6593
2013-10-10,55.0778
2013-10-09,46.6889
2013-10-08,47.9412
2013-10-07,57.1665
2013-10-04,62.0955
2013-10-03,58.6018
2013-10-02,66.5744
2013-10-01,66.8531
2013-09-30,62.9204
2013-09-27,64.651
2013-09-26,65.5526
2013-09-25,62.5242
2013-09-24,64.9242
2013-09-23,64.9242
2013-09-20,66.2416
2013-09-19,68.6002
2013-09-18,67.8552
2013-09-17,63.8205
2013-09-16,61.2654
2013-09-13,62.9716
2013-09-12,62.7369
2013-09-11,63.117
2013-09-10,64.226
2013-09-09,62.6464
2013-09-06,58.5263
2013-09-05,58.0871
2013-09-04,57.469
2013-09-03,53.4018
2013-08-30,51.0406
2013-08-29,54.0029
2013-08-28,51.0858
2013-08-27,49.4183
2013-08-26,59.925
2013-08-23,59.7177
2013-08-22,57.0252
2013-08-21,52.6639
2013-08-20,54.5104
2013-08-19,52.5024
2013-08-16,53.4188
2013-08-15,53.5833
2013-08-14,63.2
2013-08-13,65.6987
2013-08-12,63.6757
2013-08-09,62.8033
2013-08-08,65.3721
2013-08-07,63.6402
2013-08-06,64.7741
2013-08-05,68.5885
2013-08-02,68.3964
2013-08-01,66.7335
2013-07-31,63.4633
2013-07-30,62.8322
2013-07-29,61.0038
2013-07-26,62.0182
2013-07-25,60.223
2013-07-24,58.0074
2013-07-23,56.8412
2013-07-22,60.4989
2013-07-19,59.5088
2013-07-18,64.9962
2013-07-17,66.4134
2013-07-16,65.7029
2013-07-15,66.4052
2013-07-12,65.8151
2013-07-11,64.6707
2013-07-10,58.8855
2013-07-09,56.9593
2013-07-08,54.8545
2013-07-05,54.5183
2013-07-03,51.8467
2013-07-02,50.379
2013-07-01,50.2305
2013-06-28,48.0638
2013-06-27,47.571
2013-06-26,46.1138
2013-06-25,42.9505
2013-06-24,40.2532
2013-06-21,42.8979
2013-06-20,44.3623
2013-06-19,52.2832
2013-06-18,56.84
2013-06-17,54.0566
2013-06-14,50.5199
2013-06-13,53.187
2013-06-12,48.2681
2013-06-11,53.1671
2013-06-10,58.0296
2013-06-07,57.8792
2013-06-06,52.5486
2013-06-05,50.4421
2013-06-04,56.9625
2013-06-03,59.9051
2013-05-31,59.2204
2013-05-30,64.7113
2013-05-29,62.8337
2013-05-28,65.8194
2013-05-24,63.5637
2013-05-23,63.8976
2013-05-22,65.2735
2013-05-21,70.8573
2013-05-20,70.5633
2013-05-17,71.5056
2013-05-16,68.9645
2013-05-15,69.6291
2013-05-14,69.0986
2013-05-13,67.7426
2013-05-10,67.4209
2013-05-09,65.8256
2013-05-08,66.5481
2013-05-07,65.3254
2013-05-06,65.5857
2013-05-03,64.6491
2013-05-02,61.6768
2013-05-01,58.1335
2013-04-30,60.0905
2013-04-29,58.0154
2013-04-26,55.2409
2013-04-25,56.4593
2013-04-24,54.8689
2013-04-23,55.0237
2013-04-22,52.2053
2013-04-19,48.9842
2013-04-18,44.2914
2013-04-17,48.6591
2013-04-16,56.2002
2013-04-15,51.3942
2013-04-12,61.044
2013-04-11,61.441
2013-04-10,61.6315
2013-04-09,54.4733
2013-04-08,51.5121
2013-04-05,49.0554
2013-04-04,53.1069
2013-04-03,52.9772
2013-04-02,57.7569
2013-04-01,54.4074
2013-03-28,58.2248
2013-03-27,57.1989
2013-03-26,56.6545
2013-03-25,54.4145
2013-03-22,56.2814
2013-03-21,52.1654
2013-03-20,58.3223
2013-03-19,55.2361
2013-03-18,56.3112
2013-03-15,57.5388
2013-03-14,59.0909
2013-03-13,57.7861
2013-03-12,58.4795
2013-03-11,60.3918
2013-03-08,59.3823
2013-03-07,58.9851
2013-03-06,58.1095
2013-03-05,59.2443
2013-03-04,54.2517
2013-03-01,52.5967
2013-02-28,51.0258
2013-02-27,51.8359
2013-02-26,48.005
2013-02-25,46.5171
2013-02-22,51.1261
2013-02-21,47.1084
2013-02-20,51.4311
2013-02-19,58.9215
2013-02-15,56.0861
2013-02-14,57.6285
2013-02-13,57.7795
2013-02-12,56.4799
2013-02-11,58.4748
2013-02-08,58.375
2013-02-07,54.8173
2013-02-06,54.496
2013-02-05,55.8801
2013-02-04,50.567
2013-02-01,58.6455
2013-01-31,53.9683
2013-01-30,55.0922
2013-01-29,56.1287
2013-01-28,56.0726
2013-01-25,55.2576
2013-01-24,53.3958
2013-01-23,59.8696
2013-01-22,57.7228
2013-01-18,57.1384
2013-01-17,58.1803
2013-01-16,56.5756
2013-01-15,55.1976
2013-01-14,57.3092
2013-01-11,59.2673
2013-01-10,58.8668
2013-01-09,57.085
2013-01-08,55.952
2013-01-07,56.6937
2013-01-04,56.6082
2013-01-03,57.7879
2013-01-02,59.6374
2012-12-31,50.7234
2012-12-28,42.911
2012-12-27,46.0996
2012-12-26,46.6305
2012-12-24,49.7319
2012-12-21,50.459
2012-12-20,54.472
2012-12-19,54.475
2012-12-18,56.1413
2012-12-17,51.21
2012-12-14,46.2596
2012-12-13,49.7209
2012-12-12,52.86
2012-12-11,53.7294
2012-12-10,48.8795
2012-12-07,47.7158
2012-12-06,49.9324
2012-12-05,47.4541
2012-12-04,51.6927
2012-12-03,51.9353
2012-11-30,52.6987
2012-11-29,53.3288
2012-11-28,51.3703
2012-11-27,48.4175
2012-11-26,49.5454
2012-11-23,48.0846
2012-11-21,42.6384
2012-11-20,41.8618
2012-11-19,41.75
2012-11-16,32.3134
2012-11-15,30.3581
2012-11-14,31.0203
2012-11-13,33.4625
2012-11-12,35.0199
2012-11-09,35.0551
2012-11-08,33.3351
2012-11-07,36.7985
2012-11-06,43.3674
2012-11-05,42.6139
2012-11-02,39.8917
2012-11-01,43.0641
2012-10-31,36.7946
2012-10-26,38.542
2012-10-25,37.1961
2012-10-24,37.2124
2012-10-23,38.1087
2012-10-22,40.7052
2012-10-19,38.5589
2012-10-18,46.0587
2012-10-17,50.6511
2012-10-16,50.8952
2012-10-15,44.9045
2012-10-12,41.4016
2012-10-11,41.5553
2012-10-10,42.607
2012-10-09,44.3284
2012-10-08,50.5703
2012-10-05,54.8045
2012-10-04,57.4901
2012-10-03,56.1665
2012-10-02,53.653
2012-10-01,52.4763
2012-09-28,53.1169
2012-09-27,56.8766
2012-09-26,51.4982
2012-09-25,55.4093
2012-09-24,63.3698
2012-09-21,67.2781
2012-09-20,67.1848
2012-09-19,67.8216
2012-09-18,67.2744
2012-09-17,67.0285
2012-09-14,66.9104
2012-09-13,64.4079
2012-09-12,60.1192
2012-09-11,59.1001
2012-09-10,59.8919
2012-09-07,66.7671
2012-09-06,67.5954
2012-09-05,60.5805
2012-09-04,61.1636
2012-08-31,61.7281
2012-08-30,59.4422
2012-08-29,65.1065
2012-08-28,65.1065
2012-08-27,65.1065
2012-08-24,64.6461
2012-08-23,62.8687
2012-08-22,67.1444
2012-08-21,66.0476
2012-08-20,68.1312
2012-08-17,67.7735
2012-08-16,66.7085
2012-08-15,63.6668
2012-08-14,62.984
2012-08-13,62.867
2012-08-10,62.2628
2012-08-09,62.1164
2012-08-08,61.4051
2012-08-07,61.5699
2012-08-06,59.6864
2012-08-03,57.9045
2012-08-02,53.0995
2012-08-01,54.2077
2012-07-31,55.1103
2012-07-30,55.2022
2012-07-27,55.4218
2012-07-26,49.7231
2012-07-25,46.1012
2012-07-24,47.755
2012-07-23,49.7744
2012-07-20,53.0795
2012-07-19,57.0997
2012-07-18,54.407
2012-07-17,50.8577
2012-07-16,49.4224
2012-07-13,50.1818
2012-07-12,46.0229
2012-07-11,48.4072
2012-07-10,49.863
2012-07-09,52.5663
2012-07-06,53.0871
2012-07-05,56.6886
2012-07-03,56.5503
2012-07-02,54.6951
2012-06-29,54.0392
2012-06-28,46.4396
2012-06-27,49.1997
2012-06-26,47.5934
2012-06-25,45.9263
2012-06-22,50.7213
2012-06-21,47.9272
2012-06-20,55.1256
2012-06-19,54.9206
2012-06-18,52.242
2012-06-15,49.7001
2012-06-14,46.1394
2012-06-13,45.0398
2012-06-12,46.7344
2012-06-11,43.1678
2012-06-08,47.423
2012-06-07,44.4947
2012-06-06,45.4977
2012-06-05,38.0707
2012-06-04,36.6051
2012-06-01,33.8634
2012-05-31,39.7058
2012-05-30,40.7994
2012-05-29,43.0084
2012-05-25,38.2762
2012-05-24,38.5844
2012-05-23,40.1588
2012-05-22,39.4721
2012-05-21,39.7247
2012-05-18,29.2824
2012-05-17,31.7407
2012-05-16,36.5926
2012-05-15,38.3953
2012-05-14,39.2934
2012-05-11,41.9572
2012-05-10,42.0022
2012-05-09,42.5715
2012-05-08,43.4208
2012-05-07,44.4365
2012-05-04,44.1261
2012-05-03,51.667
2012-05-02,55.5475
2012-05-01,54.6822
2012-04-30,54.1918
2012-04-27,56.7371
2012-04-26,55.0663
2012-04-25,53.3993
2012-04-24,44.823
2012-04-23,46.4765
2012-04-20,49.4472
2012-04-19,50.3646
2012-04-18,54.3569
2012-04-17,55.3008
2012-04-16,48.6768
2012-04-13,52.8137
2012-04-12,59.3906
2012-04-11,55.4722
2012-04-10,53.6723
2012-04-09,61.6643
2012-04-05,66.0783
2012-04-04,64.0659
2012-04-03,73.2008
2012-04-02,73.4147
2012-03-30,70.5543
2012-03-29,71.9195
2012-03-28,74.6426
2012-03-27,77.5848
2012-03-26,77.2719
2012-03-23,73.0937
2012-03-22,73.5434
2012-03-21,75.041
2012-03-20,75.0065
2012-03-19,74.6059
2012-03-16,72.9954
2012-03-15,73.4387
2012-03-14,72.8068
2012-03-13,72.0418
2012-03-12,67.4682
2012-03-09,67.3423
2012-03-08,66.2253
2012-03-07,63.1668
2012-03-06,60.7702
2012-03-05,66.0169
2012-03-02,72.3258
2012-03-01,72.8191
2012-02-29,70.8954
2012-02-28,73.7137
2012-02-27,71.2829
2012-02-24,70.9293
2012-02-23,70.0735
2012-02-22,68.3857
2012-02-21,71.0128
2012-02-17,70.341
2012-02-16,72.105
2012-02-15,68.9211
2012-02-14,72.9692
2012-02-13,72.4094
2012-02-10,70.3101
2012-02-09,74.3773
2012-02-08,72.8329
2012-02-07,71.6421
2012-02-06,71.1691
2012-02-03,71.6055
2012-02-02,68.5256
2012-02-01,67.7745
2012-01-31,65.7734
2012-01-30,65.4405
2012-01-27,65.2398
2012-01-26,64.5354
2012-01-25,66.0182
2012-01-24,63.1452
2012-01-23,63.8979
2012-01-20,63.8234
2012-01-19,64.3914
2012-01-18,63.1092
2012-01-17,60.2423
2012-01-13,58.1425
2012-01-12,59.3218
2012-01-11,58.4448
2012-01-10,57.9959
2012-01-09,56.4311
2012-01-06,57.3493
2012-01-05,56.6439
2012-01-04,54.9816
2012-01-03,54.1284
2011-12-30,50.1251
2011-12-29,50.7543
2011-12-28,49.241
2011-12-27,51.6933
2011-12-23,51.1241
2011-12-22,49.4257
2011-12-21,47.7363
2011-12-20,50.462
2011-12-19,44.3914
2011-12-16,46.1951
2011-12-15,45.0974
2011-12-14,45.5697
2011-12-13,48.3603
2011-12-12,50.452
2011-12-09,52.6866
2011-12-08,49.7109
2011-12-07,53.0948
2011-12-06,53.0948
2011-12-05,53.6441
2011-12-02,51.8088
2011-12-01,52.3166
2011-11-30,51.2092
2011-11-29,44.9498
2011-11-28,45.896
2011-11-25,39.3303
2011-11-23,40.3673
2011-11-22,43.6471
2011-11-21,43.0033
2011-11-18,45.9394
2011-11-17,47.1809
2011-11-16,51.2838
2011-11-15,54.51
2011-11-14,52.6223
2011-11-11,53.8157
2011-11-10,50.6561
2011-11-09,50.7486
2011-11-08,57.6466
2011-11-07,55.7993
2011-11-04,54.6493
2011-11-03,55.6558
2011-11-02,52.3784
2011-11-01,50.9783
2011-10-31,55.889
2011-10-28,59.4564
2011-10-27,59.2316
2011-10-26,55.0789
2011-10-25,55.316
2011-10-24,59.3011
2011-10-21,56.1991
2011-10-20,54.2214
2011-10-19,55.1544
2011-10-18,59.013
2011-10-17,57.2102
2011-10-14,60.41
2011-10-13,57.7671
2011-10-12,56.4109
2011-10-11,55.683
2011-10-10,54.7077
2011-10-07,49.514
2011-10-06,50.5746
2011-10-05,47.9253
2011-10-04,43.6532
2011-10-03,39.9883
2011-09-30,43.4393
2011-09-29,47.4442
2011-09-28,49.4704
2011-09-27,52.139
2011-09-26,50.3711
2011-09-23,48.3686
2011-09-22,46.5136
2011-09-21,52.1326
2011-09-20,55.6071
2011-09-19,56.52
2011-09-16,56.4657
2011-09-15,55.0978
2011-09-14,52.8541
2011-09-13,50.6246
2011-09-12,48.4885
2011-09-09,46.4083
2011-09-08,49.8085
2011-09-07,50.5353
2011-09-06,46.5332
2011-09-02,46.5027
2011-09-01,49.9639
2011-08-31,51.3831
2011-08-30,51.1458
2011-08-29,50.2226
2011-08-26,46.2558
2011-08-25,42.4274
2011-08-24,44.4158
2011-08-23,43.2104
2011-08-22,36.6177
2011-08-19,36.004
2011-08-18,37.7802
2011-08-17,43.6253
2011-08-16,44.4197
2011-08-15,45.5524
2011-08-12,43.1888
2011-08-11,41.7599
2011-08-10,34.2751
2011-08-09,38.8727
2011-08-08,28.6489
2011-08-05,36.3098
2011-08-04,37.3043
2011-08-03,46.749
2011-08-02,43.9936
2011-08-01,50.7367
2011-07-29,52.1407
2011-07-28,53.1235
2011-07-27,52.6775
2011-07-26,61.1631
2011-07-25,60.5935
2011-07-22,61.3004
2011-07-21,58.9899
2011-07-20,57.4468
2011-07-19,58.794
2011-07-18,53.3479
2011-07-15,54.9816
2011-07-14,51.5242
2011-07-13,55.066
2011-07-12,53.9897
2011-07-11,56.34
2011-07-08,62.6398
2011-07-07,63.6508
2011-07-06,60.6326
2011-07-05,59.881
2011-07-01,58.7387
2011-06-30,55.1405
2011-06-29,51.6469
2011-06-28,50.5244
2011-06-27,46.2743
2011-06-24,41.2472
2011-06-23,45.7618
2011-06-22,42.5971
2011-06-21,44.5321
2011-06-20,36.5747
2011-06-17,34.4173
2011-06-16,35.1012
2011-06-15,35.9433
2011-06-14,40.5662
2011-06-13,35.2956
2011-06-10,35.2956
2011-06-09,39.0703
2011-06-08,38.3663
2011-06-07,40.2254
2011-06-06,40.6937
2011-06-03,42.8751
2011-06-02,47.3865
2011-06-01,46.6423
2011-05-31,54.3756
2011-05-27,48.427
2011-05-26,46.3662
2011-05-25,43.7653
2011-05-24,42.0957
2011-05-23,44.0734
2011-05-20,49.396
2011-05-19,52.5725
2011-05-18,51.4392
2011-05-17,48.1134
2011-05-16,46.9559
2011-05-13,54.1645
2011-05-12,60.2484
2011-05-11,57.9742
2011-05-10,62.1106
2011-05-09,58.9092
2011-05-06,57.4048
2011-05-05,56.0857
2011-05-04,59.0096
2011-05-03,59.8432
2011-05-02,62.4505
2011-04-29,63.4827
2011-04-28,63.9391
2011-04-27,64.7349
2011-04-26,62.7789
2011-04-25,61.0874
2011-04-21,60.3084
2011-04-20,57.822
2011-04-19,49.5973
2011-04-18,46.8968
2011-04-15,49.7933
2011-04-14,50.5345
2011-04-13,51.2595
2011-04-12,47.8479
2011-04-11,50.5806
2011-04-08,51.9539
2011-04-07,53.9306
2011-04-06,54.221
2011-04-05,53.3866
2011-04-04,54.3958
2011-04-01,55.6619
2011-03-31,55.5065
2011-03-30,55.1081
2011-03-29,53.781
2011-03-28,50.9764
2011-03-25,52.6883
2011-03-24,51.9967
2011-03-23,46.7691
2011-03-22,44.9573
2011-03-21,45.4471
2011-03-18,39.1482
2011-03-17,39.6576
2011-03-16,36.4684
2011-03-15,42.1385
2011-03-14,46.2137
2011-03-11,47.3001
2011-03-10,45.1566
2011-03-09,50.0768
2011-03-08,52.4562
2011-03-07,51.1559
2011-03-04,56.0813
2011-03-03,58.1152
2011-03-02,51.8405
2011-03-01,49.9407
2011-02-28,56.4965
2011-02-25,55.7908
2011-02-24,50.7122
2011-02-23,48.632
2011-02-22,51.9506
2011-02-18,67.8631
2011-02-17,69.4075
2011-02-16,69.6508
2011-02-15,67.6996
2011-02-14,68.5791
2011-02-11,67.8855
2011-02-10,65.735
2011-02-09,65.2549
2011-02-08,66.1744
2011-02-07,64.2874
2011-02-04,62.8433
2011-02-03,61.1189
2011-02-02,60.5575
2011-02-01,61.3373
2011-01-31,55.2924
2011-01-28,53.5171
2011-01-27,67.1142
2011-01-26,65.0797
2011-01-25,63.2435
2011-01-24,62.7271
2011-01-21,57.4242
2011-01-20,62.1124
2011-01-19,66.9421
2011-01-18,76.074
2011-01-14,75.2856
2011-01-13,73.0442
2011-01-12,72.9345
2011-01-11,70.6962
2011-01-10,70.2224
2011-01-07,68.9713
2011-01-06,69.6331
2011-01-05,68.6028
2011-01-04,65.6842
2011-01-03,66.2384
2010-12-31,60.2153
2010-12-30,62.7163
2010-12-29,64.3671
2010-12-28,63.5252
2010-12-27,64.7361
2010-12-23,64.5564
2010-12-22,66.1931
2010-12-21,66.2489
2010-12-20,64.3657
2010-12-17,64.1353
2010-12-16,63.8677
2010-12-15,61.4952
2010-12-14,63.7191
2010-12-13,63.2081
2010-12-10,64.9931
2010-12-09,63.1689
2010-12-08,62.8883
2010-12-07,61.8848
2010-12-06,61.7127
2010-12-03,61.9024
2010-12-02,61.2692
2010-12-01,58.7571
2010-11-30,52.8069
2010-11-29,57.399
2010-11-26,57.6946
2010-11-24,60.2747
2010-11-23,54.472
2010-11-22,61.2743
2010-11-19,58.7084
2010-11-18,58.4708
2010-11-17,53.1563
2010-11-16,52.104
2010-11-15,59.4161
2010-11-12,61.2572
2010-11-11,70.5799
2010-11-10,74.6504
2010-11-09,73.4837
2010-11-08,77.1428
2010-11-05,76.8861
2010-11-04,76.8861
2010-11-03,74.386
2010-11-02,73.3759
2010-11-01,70.8255
2010-10-29,70.6346
2010-10-28,71.9768
2010-10-27,71.5053
2010-10-26,70.827
2010-10-25,70.2381
2010-10-22,69.1829
2010-10-21,67.6577
2010-10-20,67.2173
2010-10-19,65.5693
2010-10-18,69.8998
2010-10-15,71.68
2010-10-14,67.2126
2010-10-13,68.1673
2010-10-12,66.303
2010-10-11,64.6731
2010-10-08,64.5773
2010-10-07,62.9558
2010-10-06,62.0829
2010-10-05,65.5907
2010-10-04,59.6466
2010-10-01,64.393
2010-09-30,64.9488
2010-09-29,66.9622
2010-09-28,67.6871
2010-09-27,67.8616
2010-09-24,70.1816
2010-09-23,66.1506
2010-09-22,66.3226
2010-09-21,67.4053
2010-09-20,67.485
2010-09-17,64.0825
2010-09-16,63.3576
2010-09-15,62.5381
2010-09-14,61.2377
2010-09-13,60.3664
2010-09-10,57.4107
2010-09-09,56.6067
2010-09-08,55.7667
2010-09-07,53.1332
2010-09-03,54.8828
2010-09-02,51.1886
2010-09-01,48.5189
2010-08-31,40.4779
2010-08-30,41.183
2010-08-27,43.3847
2010-08-26,39.8658
2010-08-25,42.3675
2010-08-24,39.5098
2010-08-23,43.5652
2010-08-20,45.94
2010-08-19,45.5555
2010-08-18,49.3932
2010-08-17,48.3264
2010-08-16,44.7722
2010-08-13,44.2628
2010-08-12,45.8705
2010-08-11,47.723
2010-08-10,55.2103
2010-08-09,57.9776
2010-08-06,56.3453
2010-08-05,56.8038
2010-08-04,57.4895
2010-08-03,55.2664
2010-08-02,56.4652
2010-07-30,52.2326
2010-07-29,51.714
2010-07-28,53.5933
2010-07-27,55.6854
2010-07-26,55.7973
2010-07-23,54.1344
2010-07-22,52.8484
2010-07-21,47.3876
2010-07-20,50.432
2010-07-19,47.6492
2010-07-16,45.6077
2010-07-15,51.9945
2010-07-14,51.7909
2010-07-13,50.6475
2010-07-12,47.6744
2010-07-09,46.9945
2010-07-08,44.7928
2010-07-07,43.5192
2010-07-06,35.5103
2010-07-02,34.6691
2010-07-01,35.0702
2010-06-30,35.46
2010-06-29,37.6464
2010-06-28,44.5215
2010-06-25,45.2433
2010-06-24,45.5944
2010-06-23,48.7385
2010-06-22,49.6208
2010-06-21,51.2922
2010-06-18,53.1831
2010-06-17,53.0218
2010-06-16,52.4273
2010-06-15,51.6917
2010-06-14,46.6608
2010-06-11,46.6986
2010-06-10,44.8709
2010-06-09,39.1041
2010-06-08,40.2892
2010-06-07,40.5416
2010-06-04,43.1837
2010-06-03,49.0861
2010-06-02,47.1977
2010-06-01,42.2491
2010-05-28,43.7791
2010-05-27,44.7692
2010-05-26,36.3048
2010-05-25,37.9595
2010-05-24,37.7438
2010-05-21,38.3131
2010-05-20,35.8092
2010-05-19,41.3775
2010-05-18,42.7437
2010-05-17,45.2365
2010-05-14,44.5273
2010-05-13,48.1617
2010-05-12,51.5042
2010-05-11,47.4549
2010-05-10,47.6649
2010-05-07,34.7055
2010-05-06,39.2431
2010-05-05,47.4176
2010-05-04,48.9208
2010-05-03,59.7107
2010-04-30,55.396
2010-04-29,64.8522
2010-04-28,59.1059
2010-04-27,58.8831
2010-04-26,72.212
2010-04-23,73.8445
2010-04-22,72.7263
2010-04-21,71.1647
2010-04-20,69.506
2010-04-19,67.9419
2010-04-16,68.3415
2010-04-15,76.94
2010-04-14,75.883
2010-04-13,72.6944
2010-04-12,71.1595
2010-04-09,70.911
2010-04-08,69.0754
2010-04-07,68.3558
2010-04-06,70.0449
2010-04-05,69.2014
2010-04-01,66.3042
2010-03-31,66.3042
2010-03-30,69.3118
2010-03-29,68.3634
2010-03-26,66.9694
2010-03-25,66.6661
2010-03-24,67.4904
2010-03-23,70.2305
2010-03-22,68.4926
2010-03-19,66.0582
2010-03-18,69.4765
2010-03-17,68.6211
2010-03-16,67.9273
2010-03-15,66.2936
2010-03-12,67.6022
2010-03-11,67.5514
2010-03-10,66.6591
2010-03-09,64.713
2010-03-08,63.3214
2010-03-05,62.8395
2010-03-04,58.907
2010-03-03,57.9889
2010-03-02,57.6895
2010-03-01,56.872
2010-02-26,52.8544
2010-02-25,51.8045
2010-02-24,51.8731
2010-02-23,48.9856
2010-02-22,52.8695
2010-02-19,53.4948
2010-02-18,53.6287
2010-02-17,52.0319
2010-02-16,50.5887
2010-02-12,47.2087
2010-02-11,46.6515
2010-02-10,42.4867
2010-02-09,42.9276
2010-02-08,40.0381
2010-02-05,41.4424
2010-02-04,39.0854
2010-02-03,45.1802
2010-02-02,43.6014
2010-02-01,40.9771
2010-01-29,37.6559
2010-01-28,41.2188
2010-01-27,47.7078
2010-01-26,45.2141
2010-01-25,44.9289
2010-01-22,43.8886
2010-01-21,52.194
2010-01-20,55.4149
2010-01-19,60.9856
2010-01-15,56.3852
2010-01-14,61.4047
2010-01-13,61.1614
2010-01-12,57.5376
2010-01-11,63.2416
2010-01-08,65.2547
2010-01-07,63.0179
2010-01-06,62.8385
2010-01-05,65.6633
2010-01-04,65.6633
2009-12-31,61.9716
2009-12-30,66.2109
2009-12-29,65.4627
2009-12-28,67.3864
2009-12-24,66.1943
2009-12-23,64.0071
2009-12-22,62.1806
2009-12-21,60.6277
2009-12-18,57.5621
2009-12-17,52.5315
2009-12-16,57.3953
2009-12-15,56.9748
2009-12-14,59.2911
2009-12-11,56.4664
2009-12-10,58.0143
2009-12-09,56.55
2009-12-08,53.4814
2009-12-07,55.7709
2009-12-04,57.6067
2009-12-03,56.1033
2009-12-02,57.6225
2009-12-01,57.256
2009-11-30,54.4488
2009-11-27,54.1308
2009-11-25,59.4103
2009-11-24,58.315
2009-11-23,59.5196
2009-11-20,55.4388
2009-11-19,57.1592
2009-11-18,63.0108
2009-11-17,65.2735
2009-11-16,64.5888
2009-11-13,62.3202
2009-11-12,60.3918
2009-11-11,62.5021
2009-11-10,61.0541
2009-11-09,60.4846
2009-11-06,55.3537
2009-11-05,53.7876
2009-11-04,46.5161
2009-11-03,45.9617
2009-11-02,44.9551
2009-10-30,43.6511
2009-10-29,51.3296
2009-10-28,45.7095
2009-10-27,53.7049
2009-10-26,60.5943
2009-10-23,62.2277
2009-10-22,64.3463
2009-10-21,63.2229
2009-10-20,64.1262
2009-10-19,64.0652
2009-10-16,61.3842
2009-10-15,64.3543
2009-10-14,65.4284
2009-10-13,61.9271
2009-10-12,61.8638
2009-10-09,61.3142
2009-10-08,59.8483
2009-10-07,58.7342
2009-10-06,57.996
2009-10-05,53.1531
2009-10-02,50.7127
2009-10-01,51.642
2009-09-30,63.0818
2009-09-29,62.8944
2009-09-28,64.8759
2009-09-25,60.4529
2009-09-24,64.4722
2009-09-23,68.9446
2009-09-22,71.4219
2009-09-21,71.0263
2009-09-18,70.3936
2009-09-17,70.0558
2009-09-16,70.1633
2009-09-15,67.2519
2009-09-14,66.5919
2009-09-11,65.7856
2009-09-10,65.5884
2009-09-09,63.6474
2009-09-08,61.8108
2009-09-04,59.7115
2009-09-03,54.3827
2009-09-02,52.5593
2009-09-01,52.7906
2009-08-31,58.9522
2009-08-28,62.7561
2009-08-27,62.5321
2009-08-26,61.9889
2009-08-25,62.5923
2009-08-24,61.9898
2009-08-21,62.3076
2009-08-20,59.7073
2009-08-19,57.2772
2009-08-18,55.7904
2009-08-17,52.598
2009-08-14,61.4057
2009-08-13,65.5785
2009-08-12,64.4819
2009-08-11,61.2282
2009-08-10,64.3496
2009-08-07,67.0227
2009-08-06,64.5226
2009-08-05,67.9483
2009-08-04,71.1258
2009-08-03,71.1258
2009-07-31,68.604
2009-07-30,69.7816
2009-07-29,68.8066
2009-07-28,67.687
2009-07-27,70.1717
2009-07-24,68.9694
2009-07-23,71.7157
2009-07-22,68.3202
2009-07-21,66.899
2009-07-20,65.7117
2009-07-17,64.0139
2009-07-16,61.2273
2009-07-15,60.7549
2009-07-14,53.5926
2009-07-13,52.7043
2009-07-10,47.8133
2009-07-09,46.6396
2009-07-08,46.1797
2009-07-07,44.8243
2009-07-06,50.7618
2009-07-02,52.1795
2009-07-01,58.7418
2009-06-30,58.6181
2009-06-29,59.2079
2009-06-26,58.7574
2009-06-25,58.3201
2009-06-24,54.2913
2009-06-23,50.4567
2009-06-22,51.0079
2009-06-19,59.3188
2009-06-18,56.9529
2009-06-17,57.5241
2009-06-16,55.4383
2009-06-15,58.2435
2009-06-12,64.9321
2009-06-11,66.5785
2009-06-10,66.5785
2009-06-09,67.7643
2009-06-08,66.5451
2009-06-05,67.4978
2009-06-04,67.3363
2009-06-03,65.6749
2009-06-02,66.5375
2009-06-01,66.3466
2009-05-29,62.2101
2009-05-28,60.2331
2009-05-27,58.3055
2009-05-26,59.9622
2009-05-22,53.4124
2009-05-21,54.153
2009-05-20,58.5718
2009-05-19,59.4496
2009-05-18,58.665
2009-05-15,54.0743
2009-05-14,54.2058
2009-05-13,52.1616
2009-05-12,58.2354
2009-05-11,61.3685
2009-05-08,60.796
2009-05-07,60.7038
2009-05-06,66.8257
2009-05-05,66.7869
2009-05-04,67.0103
2009-05-01,64.4497
2009-04-30,64.0993
2009-04-29,62.783
2009-04-28,60.9423
2009-04-27,62.5393
2009-04-24,62.3895
2009-04-23,60.1968
2009-04-22,58.9422
2009-04-21,58.5544
2009-04-20,56.8104
2009-04-17,62.7776
2009-04-16,62.5331
2009-04-15,59.4992
2009-04-14,59.9937
2009-04-13,62.1753
2009-04-09,62.445
2009-04-08,59.1091
2009-04-07,57.1744
2009-04-06,61.6161
2009-04-03,62.047
2009-04-02,60.0913
2009-04-01,56.5196
2009-03-31,54.7717
2009-03-30,53.7512
2009-03-27,57.3441
2009-03-26,60.3176
2009-03-25,56.938
2009-03-24,56.4127
2009-03-23,59.2059
2009-03-20,52.4579
2009-03-19,54.709
2009-03-18,54.808
2009-03-17,53.3227
2009-03-16,48.6893
2009-03-13,50.84
2009-03-12,50.5373
2009-03-11,46.4181
2009-03-10,44.4103
2009-03-09,35.752
2009-03-06,37.7176
2009-03-05,38.4711
2009-03-04,41.5503
2009-03-03,37.4309
2009-03-02,37.5017
2009-02-27,40.7574
2009-02-26,41.7636
2009-02-25,45.012
2009-02-24,45.816
2009-02-23,40.9653
2009-02-20,45.184
2009-02-19,44.7559
2009-02-18,46.7051
2009-02-17,46.6069
2009-02-13,52.126
2009-02-12,52.8134
2009-02-11,51.1975
2009-02-10,51.8356
2009-02-09,57.4739
2009-02-06,56.9757
2009-02-05,53.812
2009-02-04,50.9874
2009-02-03,50.8142
2009-02-02,48.8392
2009-01-30,47.31
2009-01-29,49.3939
2009-01-28,52.6567
2009-01-27,48.3184
2009-01-26,47.3845
2009-01-23,46.4655
2009-01-22,45.8667
2009-01-21,47.2658
2009-01-20,42.1506
2009-01-16,47.5236
2009-01-15,46.0882
2009-01-14,43.9605
2009-01-13,47.3685
2009-01-12,47.3254
2009-01-09,49.441
2009-01-08,52.2234
2009-01-07,51.0087
2009-01-06,54.6821
2009-01-05,53.5758
2009-01-02,53.6159
2008-12-31,48.9304
2008-12-30,47.9626
2008-12-29,45.6127
2008-12-26,46.4091
2008-12-24,46.4412
2008-12-23,46.1582
2008-12-22,46.5968
2008-12-19,48.4935
2008-12-18,47.7376
2008-12-17,49.2318
2008-12-16,50.2754
2008-12-15,46.1739
2008-12-12,47.5581
2008-12-11,45.807
2008-12-10,47.9197
2008-12-09,48.1771
2008-12-08,48.3499
2008-12-05,45.3166
2008-12-04,42.1156
2008-12-03,43.8641
2008-12-02,41.6183
2008-12-01,38.9761
2008-11-28,43.5303
2008-11-26,44.0437
2008-11-25,40.6306
2008-11-24,40.8916
2008-11-21,35.9931
2008-11-20,32.367
2008-11-19,34.5444
2008-11-18,37.2549
2008-11-17,37.3113
2008-11-14,38.4348
2008-11-13,41.3013
2008-11-12,35.934
2008-11-11,38.5971
2008-11-10,39.9529
2008-11-07,40.8065
2008-11-06,38.9477
2008-11-05,41.7767
2008-11-04,45.6539
2008-11-03,42.9982
2008-10-31,43.149
2008-10-30,43.0134
2008-10-29,40.138
2008-10-28,40.2837
2008-10-27,30.8294
2008-10-24,32.0774
2008-10-23,33.6227
2008-10-22,33.8122
2008-10-21,35.1776
2008-10-20,38.0646
2008-10-17,35.4304
2008-10-16,35.3143
2008-10-15,30.3762
2008-10-14,34.9755
2008-10-13,37.7151
2008-10-10,23.4342
2008-10-09,23.7053
2008-10-08,24.8952
2008-10-07,25.2551
2008-10-06,28.5932
2008-10-03,30.9115
2008-10-02,31.975
2008-10-01,35.5416
2008-09-30,36.4464
2008-09-29,32.0793
2008-09-26,39.8619
2008-09-25,41.0817
2008-09-24,38.306
2008-09-23,37.0932
2008-09-22,37.8763
2008-09-19,43.5709
2008-09-18,37.581
2008-09-17,30.5696
2008-09-16,36.9475
2008-09-15,35.0155
2008-09-12,39.749
2008-09-11,40.4024
2008-09-10,35.6754
2008-09-09,33.4826
2008-09-08,36.3773
2008-09-05,36.8703
2008-09-04,37.5963
2008-09-03,43.2168
2008-09-02,45.1034
2008-08-29,47.7271
2008-08-28,52.7945
2008-08-27,50.8933
2008-08-26,49.3637
2008-08-25,49.6576
2008-08-22,54.8254
2008-08-21,51.8756
2008-08-20,53.0432
2008-08-19,52.6752
2008-08-18,55.7352
2008-08-15,58.8161
2008-08-14,59.3167
2008-08-13,57.2019
2008-08-12,57.7202
2008-08-11,57.5374
2008-08-08,55.9831
2008-08-07,51.8986
2008-08-06,53.5161
2008-08-05,50.6765
2008-08-04,43.6716
2008-08-01,45.5138
2008-07-31,47.9926
2008-07-30,48.4682
2008-07-29,47.4334
2008-07-28,43.091
2008-07-25,46.4596
2008-07-24,43.6016
2008-07-23,46.3578
2008-07-22,43.4091
2008-07-21,43.4091
2008-07-18,42.4904
2008-07-17,46.4495
2008-07-16,45.06
2008-07-15,39.601
2008-07-14,39.5491
2008-07-11,40.6435
2008-07-10,43.1164
2008-07-09,40.5885
2008-07-08,44.9575
2008-07-07,39.5346
2008-07-03,38.072
2008-07-02,38.333
2008-07-01,42.1033
2008-06-30,38.7748
2008-06-27,40.4309
2008-06-26,40.4309
2008-06-25,47.8012
2008-06-24,43.9597
2008-06-23,44.9521
2008-06-20,46.4893
2008-06-19,52.5557
2008-06-18,48.9478
2008-06-17,51.5288
2008-06-16,52.8526
2008-06-13,50.8695
2008-06-12,46.1124
2008-06-11,45.9029
2008-06-10,51.4098
2008-06-09,52.5983
2008-06-06,53.9375
2008-06-05,62.8207
2008-06-04,59.5298
2008-06-03,56.6208
2008-06-02,58.3278
2008-05-30,62.363
2008-05-29,61.019
2008-05-28,59.1118
2008-05-27,58.2293
2008-05-23,54.2419
2008-05-22,55.1241
2008-05-21,54.3242
2008-05-20,60.9401
2008-05-19,63.5013
2008-05-16,65.997
2008-05-15,65.8557
2008-05-14,62.6794
2008-05-13,63.396
2008-05-12,62.92
2008-05-09,59.5364
2008-05-08,60.672
2008-05-07,59.2737
2008-05-06,64.6741
2008-05-05,63.6125
2008-05-02,64.4715
2008-05-01,64.2421
2008-04-30,58.8736
2008-04-29,61.1568
2008-04-28,59.7893
2008-04-25,59.4503
2008-04-24,60.092
2008-04-23,58.6063
2008-04-22,56.7487
2008-04-21,60.2757
2008-04-18,59.1383
2008-04-17,53.6353
2008-04-16,54.1161
2008-04-15,48.7474
2008-04-14,48.468
2008-04-11,49.3194
2008-04-10,55.1141
2008-04-09,52.4163
2008-04-08,54.915
2008-04-07,56.6763
2008-04-04,57.1741
2008-04-03,56.1871
2008-04-02,55.8289
2008-04-01,56.2659
2008-03-31,49.2026
2008-03-28,48.2255
2008-03-27,49.0834
2008-03-26,53.1233
2008-03-25,53.6744
2008-03-24,52.7791
2008-03-20,46.9799
2008-03-19,43.1426
2008-03-18,47.1656
2008-03-17,37.6096
2008-03-14,40.5064
2008-03-13,43.7942
2008-03-12,41.9236
2008-03-11,42.4116
2008-03-10,32.6785
2008-03-07,35.6298
2008-03-06,36.0113
2008-03-05,39.8623
2008-03-04,38.4812
2008-03-03,36.9074
2008-02-29,37.9844
2008-02-28,42.9611
2008-02-27,43.7523
2008-02-26,42.4492
2008-02-25,41.4535
2008-02-22,40.1811
2008-02-21,39.2692
2008-02-20,40.821
2008-02-19,39.7438
2008-02-15,40.0206
2008-02-14,40.5234
2008-02-13,43.3149
2008-02-12,38.5487
2008-02-11,39.3676
2008-02-08,36.9764
2008-02-07,34.4147
2008-02-06,32.8266
2008-02-05,35.1438
2008-02-04,39.0413
2008-02-01,41.2118
2008-01-31,38.8923
2008-01-30,34.8572
2008-01-29,34.9727
2008-01-28,34.5608
2008-01-25,32.8435
2008-01-24,35.2194
2008-01-23,30.606
2008-01-22,30.9828
2008-01-18,33.8808
2008-01-17,34.0359
2008-01-16,35.6915
2008-01-15,37.0283
2008-01-14,40.8673
2008-01-11,37.0135
2008-01-10,39.8411
2008-01-09,39.5142
2008-01-08,34.6984
2008-01-07,38.3217
2008-01-04,39.0341
2008-01-03,47.0563
2008-01-02,46.2527
2007-12-31,49.4845
2007-12-28,52.3741
2007-12-27,52.6938
2007-12-26,55.3055
2007-12-24,54.3245
2007-12-21,52.8498
2007-12-20,48.815
2007-12-19,44.4978
2007-12-18,44.4978
2007-12-17,43.558
2007-12-14,48.1298
2007-12-13,50.2723
2007-12-12,51.4211
2007-12-11,49.6244
2007-12-10,54.724
2007-12-07,53.9501
2007-12-06,53.9145
2007-12-05,51.2255
2007-12-04,47.7499
2007-12-03,48.5163
2007-11-30,50.0797
2007-11-29,51.5099
2007-11-28,50.7563
2007-11-27,45.1619
2007-11-26,41.0608
2007-11-23,43.791
2007-11-21,41.5142
2007-11-20,43.3722
2007-11-19,42.5441
2007-11-16,44.33
2007-11-15,42.5117
2007-11-14,43.3003
2007-11-13,45.2188
2007-11-12,37.0219
2007-11-09,40.6751
2007-11-08,46.6296
2007-11-07,53.6113
2007-11-06,60.6997
2007-11-05,58.2972
2007-11-02,60.3067
2007-11-01,58.6831
2007-10-31,64.8644
2007-10-30,62.0235
2007-10-29,61.6408
2007-10-26,60.7773
2007-10-25,57.2818
2007-10-24,61.545
2007-10-23,64.1268
2007-10-22,59.7882
2007-10-19,56.983
2007-10-18,66.3334
2007-10-17,65.4078
2007-10-16,62.5132
2007-10-15,64.3952
2007-10-12,67.5643
2007-10-11,63.9921
2007-10-10,71.2782
2007-10-09,70.7955
2007-10-08,69.9454
2007-10-05,68.6964
2007-10-04,64.2399
2007-10-03,63.6774
2007-10-02,66.666
2007-10-01,66.6247
2007-09-28,64.1317
2007-09-27,65.4703
2007-09-26,64.3904
2007-09-25,63.3431
2007-09-24,61.2652
2007-09-21,60.2392
2007-09-20,58.6288
2007-09-19,59.5296
2007-09-18,59.0601
2007-09-17,53.1984
2007-09-14,55.6826
2007-09-13,55.49
2007-09-12,54.3592
2007-09-11,54.3132
2007-09-10,50.8843
2007-09-07,51.0338
2007-09-06,55.7555
2007-09-05,55.9717
2007-09-04,58.6741
2007-08-31,55.3569
2007-08-30,52.9659
2007-08-29,51.8312
2007-08-28,45.0854
2007-08-27,50.8398
2007-08-24,52.6311
2007-08-23,49.0611
2007-08-22,49.7523
2007-08-21,46.2081
2007-08-20,43.2992
2007-08-17,41.9605
2007-08-16,37.0161
2007-08-15,38.4718
2007-08-14,42.3867
2007-08-13,46.4757
2007-08-10,44.465
2007-08-09,46.7048
2007-08-08,53.4228
2007-08-07,50.2331
2007-08-06,48.0657
2007-08-03,44.3404
2007-08-02,50.0448
2007-08-01,46.9436
2007-07-31,44.175
2007-07-30,51.1676
2007-07-27,46.7731
2007-07-26,55.1008
2007-07-25,59.3603
2007-07-24,58.8567
2007-07-23,67.2223
2007-07-20,67.1022
2007-07-19,70.4097
2007-07-18,69.6194
2007-07-17,70.3332
2007-07-16,68.3827
2007-07-13,68.9494
2007-07-12,67.1932
2007-07-11,62.7819
2007-07-10,60.5654
2007-07-09,65.1444
2007-07-06,64.9603
2007-07-05,63.7473
2007-07-03,61.5334
2007-07-02,59.5205
2007-06-29,56.5698
2007-06-28,55.975
2007-06-27,56.1577
2007-06-26,50.6493
2007-06-25,53.0226
2007-06-22,54.8305
2007-06-21,59.1408
2007-06-20,56.001
2007-06-19,60.6333
2007-06-18,60.7394
2007-06-15,60.4766
2007-06-14,57.746
2007-06-13,55.522
2007-06-12,51.5352
2007-06-11,54.0627
2007-06-08,54.8846
2007-06-07,50.3414
2007-06-06,57.3702
2007-06-05,63.2287
2007-06-04,63.2299
2007-06-01,62.2748
2007-05-31,62.0744
2007-05-30,60.6169
2007-05-29,57.9663
2007-05-25,55.256
2007-05-24,52.9335
2007-05-23,59.7392
2007-05-22,62.2353
2007-05-21,61.9608
2007-05-18,59.8829
2007-05-17,57.0605
2007-05-16,59.3573
2007-05-15,55.9085
2007-05-14,59.7627
2007-05-11,63.4567
2007-05-10,59.0199
2007-05-09,67.4602
2007-05-08,66.7545
2007-05-07,66.0551
2007-05-04,66.0551
2007-05-03,65.7953
2007-05-02,64.7048
2007-05-01,61.2152
2007-04-30,61.7319
2007-04-27,69.2598
2007-04-26,69.1426
2007-04-25,67.7404
2007-04-24,63.7646
2007-04-23,62.0912
2007-04-20,61.5781
2007-04-19,59.7289
2007-04-18,58.6707
2007-04-17,60.283
2007-04-16,59.5795
2007-04-13,56.5841
2007-04-12,55.9027
2007-04-11,53.1881
2007-04-10,57.721
2007-04-09,55.9768
2007-04-05,57.0461
2007-04-04,55.4284
2007-04-03,54.0843
2007-04-02,49.5033
2007-03-30,48.9944
2007-03-29,49.3091
2007-03-28,48.9195
2007-03-27,52.5248
2007-03-26,55.0678
2007-03-23,53.8349
2007-03-22,54.9489
2007-03-21,56.2119
2007-03-20,50.5424
2007-03-19,48.1906
2007-03-16,44.6411
2007-03-15,44.8619
2007-03-14,45.5041
2007-03-13,40.4861
2007-03-12,45.9295
2007-03-09,43.525
2007-03-08,43.7893
2007-03-07,41.3359
2007-03-06,42.3657
2007-03-05,36.143
2007-03-02,37.9794
2007-03-01,41.9699
2007-02-28,43.2998
2007-02-27,42.0793
2007-02-26,57.6594
2007-02-23,60.1766
2007-02-22,62.048
2007-02-21,60.3647
2007-02-20,56.2798
2007-02-16,56.6058
2007-02-15,58.2074
2007-02-14,56.1651
2007-02-13,49.4914
2007-02-12,47.8609
2007-02-09,49.1806
2007-02-08,55.5172
2007-02-07,55.6288
2007-02-06,51.8587
2007-02-05,52.5834
2007-02-02,52.9853
2007-02-01,51.7592
2007-01-31,52.2213
2007-01-30,48.368
2007-01-29,48.1876
2007-01-26,47.8412
2007-01-25,49.0881
2007-01-24,53.8368
2007-01-23,47.7741
2007-01-22,48.7024
2007-01-19,52.9693
2007-01-18,52.2237
2007-01-17,60.6471
2007-01-16,65.0934
2007-01-12,65.4631
2007-01-11,63.9729
2007-01-10,60.7555
2007-01-09,56.5925
2007-01-08,54.6593
2007-01-05,54.3962
2007-01-04,56.5795
2007-01-03,48.9838
2006-12-29,48.1431
2006-12-28,47.7339
2006-12-27,49.6892
2006-12-26,47.551
2006-12-22,45.7591
2006-12-21,49.7998
2006-12-20,52.8543
2006-12-19,54.493
2006-12-18,55.9347
2006-12-15,60.7318
2006-12-14,59.8824
2006-12-13,56.0136
2006-12-12,55.3457
2006-12-11,58.068
2006-12-08,56.8265
2006-12-07,55.2533
2006-12-06,61.1839
2006-12-05,63.0199
2006-12-04,61.9347
2006-12-01,57.4909
2006-11-30,61.8341
2006-11-29,62.1865
2006-11-28,60.0224
2006-11-27,59.2092
2006-11-24,71.6746
2006-11-22,72.852
2006-11-21,71.2835
2006-11-20,70.9417
2006-11-17,70.4404
2006-11-16,70.4404
2006-11-15,69.4357
2006-11-14,68.4712
2006-11-13,65.7938
2006-11-10,63.0679
2006-11-09,61.5092
2006-11-08,64.0783
2006-11-07,62.7946
2006-11-06,60.8683
2006-11-03,56.3524
2006-11-02,57.4889
2006-11-01,57.1907
2006-10-31,63.3094
2006-10-30,62.6549
2006-10-27,60.8645
2006-10-26,67.8459
2006-10-25,65.438
2006-10-24,63.4371
2006-10-23,67.1291
2006-10-20,64.2999
2006-10-19,63.6079
2006-10-18,62.9252
2006-10-17,65.251
2006-10-16,70.8484
2006-10-13,70.7424
2006-10-12,69.6959
2006-10-11,65.6716
2006-10-10,66.6464
2006-10-09,66.2297
2006-10-06,65.4086
2006-10-05,66.3945
2006-10-04,65.29
2006-10-03,58.9446
2006-10-02,57.6826
2006-09-29,63.2212
2006-09-28,65.3243
2006-09-27,64.6414
2006-09-26,65.1958
2006-09-25,64.0233
2006-09-22,59.485
2006-09-21,62.8189
2006-09-20,65.6372
2006-09-19,61.8665
2006-09-18,64.9005
2006-09-15,64.8999
2006-09-14,64.0225
2006-09-13,63.8428
2006-09-12,62.168
2006-09-11,57.3408
2006-09-08,55.5445
2006-09-07,53.6914
2006-09-06,55.4294
2006-09-05,63.5507
2006-09-01,60.9352
2006-08-31,59.4059
2006-08-30,59.8298
2006-08-29,58.5661
2006-08-28,57.7237
2006-08-25,55.654
2006-08-24,55.1505
2006-08-23,54.3773
2006-08-22,56.8314
2006-08-21,56.7675
2006-08-18,59.8841
2006-08-17,59.5419
2006-08-16,58.7054
2006-08-15,53.3265
2006-08-14,46.3047
2006-08-11,44.2483
2006-08-10,46.0638
2006-08-09,43.8762
2006-08-08,43.4572
2006-08-07,44.9227
2006-08-04,46.4765
2006-08-03,47.5839
2006-08-02,45.9279
2006-08-01,42.8713
2006-07-31,46.6605
2006-07-28,46.7238
2006-07-27,40.9411
2006-07-26,42.3191
2006-07-25,42.489
2006-07-24,40.9121
2006-07-21,35.2062
2006-07-20,37.0241
2006-07-19,39.7983
2006-07-18,35.8221
2006-07-17,34.7772
2006-07-14,34.0117
2006-07-13,35.6456
2006-07-12,38.5972
2006-07-11,42.4185
2006-07-10,40.2004
2006-07-07,42.0124
2006-07-06,44.4339
2006-07-05,44.6668
2006-07-03,49.9532
2006-06-30,48.3828
2006-06-29,49.6043
2006-06-28,41.0461
2006-06-27,38.6357
2006-06-26,42.9228
2006-06-23,42.0748
2006-06-22,42.3137
2006-06-21,45.3076
2006-06-20,40.4023
2006-06-19,39.9761
2006-06-16,41.7339
2006-06-15,43.3953
2006-06-14,34.5092
2006-06-13,30.6564
2006-06-12,31.3479
2006-06-09,35.9736
2006-06-08,36.5428
2006-06-07,36.8753
2006-06-06,38.4835
2006-06-05,38.6491
2006-06-02,43.7945
2006-06-01,44.4334
2006-05-31,36.1225
2006-05-30,34.296
2006-05-26,39.3428
2006-05-25,38.0176
2006-05-24,32.5232
2006-05-23,29.4964
2006-05-22,31.4555
2006-05-19,33.574
2006-05-18,30.0402
2006-05-17,31.4717
2006-05-16,34.6048
2006-05-15,36.5238
2006-05-12,36.7172
2006-05-11,40.4482
2006-05-10,48.3384
2006-05-09,52.186
2006-05-08,53.9501
2006-05-05,53.5774
2006-05-04,50.4332
2006-05-03,46.914
2006-05-02,47.4792
2006-05-01,46.3536
2006-04-28,50.1599
2006-04-27,54.4038
2006-04-26,50.524
2006-04-25,50.6263
2006-04-24,51.5183
2006-04-21,51.9044
2006-04-20,56.9751
2006-04-19,58.6069
2006-04-18,57.1294
2006-04-17,49.9892
2006-04-13,54.7541
2006-04-12,53.1137
2006-04-11,53.0185
2006-04-10,56.7391
2006-04-07,57.4146
2006-04-06,62.2233
2006-04-05,61.3226
2006-04-04,58.1638
2006-04-03,56.2103
2006-03-31,55.7839
2006-03-30,57.0505
2006-03-29,56.0229
2006-03-28,49.078
2006-03-27,50.737
2006-03-24,50.6438
2006-03-23,48.7071
2006-03-22,49.7672
2006-03-21,48.8865
2006-03-20,52.7524
2006-03-17,51.9317
2006-03-16,51.0511
2006-03-15,54.0701
2006-03-14,51.3361
2006-03-13,45.2304
2006-03-10,44.071
2006-03-09,43.6936
2006-03-08,46.2903
2006-03-07,46.1165
2006-03-06,47.8833
2006-03-03,50.6484
2006-03-02,52.5711
2006-03-01,52.3563
2006-02-28,48.1963
2006-02-27,53.0701
2006-02-24,49.4684
2006-02-23,48.5718
2006-02-22,49.4046
2006-02-21,45.2716
2006-02-17,48.6789
2006-02-16,51.3108
2006-02-15,48.25
2006-02-14,46.0453
2006-02-13,42.3671
2006-02-10,45.7647
2006-02-09,43.4741
2006-02-08,46.377
2006-02-07,41.9384
2006-02-06,43.2406
2006-02-03,44.0344
2006-02-02,47.9081
2006-02-01,54.3166
2006-01-31,53.0742
2006-01-30,54.8698
2006-01-27,54.2507
2006-01-26,49.6583
2006-01-25,47.043
2006-01-24,48.5296
2006-01-23,46.9366
2006-01-20,46.8498
2006-01-19,58.3725
2006-01-18,55.8548
2006-01-17,61.4344
2006-01-13,64.9569
2006-01-12,65.2106
2006-01-11,67.8544
2006-01-10,65.7835
2006-01-09,65.5914
2006-01-06,64.5235
2006-01-05,59.1336
2006-01-04,57.6872
2006-01-03,53.9916
2005-12-30,44.3485
2005-12-29,47.5992
2005-12-28,50.6937
2005-12-27,51.2565
2005-12-23,55.7256
2005-12-22,55.6652
2005-12-21,52.9535
2005-12-20,51.0353
2005-12-19,50.7172
2005-12-16,58.6864
2005-12-15,62.7785
2005-12-14,62.1625
2005-12-13,64.2393
2005-12-12,62.7999
2005-12-09,61.5441
2005-12-08,60.2527
2005-12-07,64.2312
2005-12-06,65.2719
2005-12-05,64.2883
2005-12-02,68.4458
2005-12-01,67.8015
2005-11-30,62.173
2005-11-29,63.5911
2005-11-28,66.3406
2005-11-25,71.5629
2005-11-23,71.0054
2005-11-22,70.3926
2005-11-21,69.4669
2005-11-18,68.8605
2005-11-17,67.9882
2005-11-16,64.4187
2005-11-15,62.5957
2005-11-14,65.0734
2005-11-11,65.0463
2005-11-10,64.3231
2005-11-09,61.2711
2005-11-08,61.1351
2005-11-07,61.0667
2005-11-04,60.7385
2005-11-03,59.8379
2005-11-02,55.7539
2005-11-01,51.7705
2005-10-31,52.0338
2005-10-28,47.39
2005-10-27,44.6789
2005-10-26,51.4008
2005-10-25,53.3561
2005-10-24,54.8426
2005-10-21,49.396
2005-10-20,46.9652
2005-10-19,50.396
2005-10-18,41.9908
2005-10-17,44.5379
2005-10-14,43.0801
2005-10-13,39.5587
2005-10-12,35.5978
2005-10-11,39.3891
2005-10-10,41.1347
2005-10-07,43.1423
2005-10-06,41.9896
2005-10-05,47.1336
2005-10-04,53.7581
2005-10-03,57.4515
2005-09-30,56.3559
2005-09-29,53.3915
2005-09-28,46.4853
2005-09-27,46.34
2005-09-26,47.4411
2005-09-23,47.3089
2005-09-22,45.8872
2005-09-21,44.0622
2005-09-20,48.8714
2005-09-19,50.8326
2005-09-16,54.8867
2005-09-15,52.0755
2005-09-14,52.3337
2005-09-13,58.5368
2005-09-12,60.0391
2005-09-09,58.9276
2005-09-08,56.6684
2005-09-07,56.7903
2005-09-06,56.1023
2005-09-02,49.8329
2005-09-01,51.6781
2005-08-31,52.4155
2005-08-30,48.2022
2005-08-29,49.8323
2005-08-26,46.1218
2005-08-25,47.5479
2005-08-24,46.4677
2005-08-23,48.9718
2005-08-22,50.201
2005-08-19,49.9842
2005-08-18,50.2231
2005-08-17,52.2555
2005-08-16,50.0118
2005-08-15,57.0552
2005-08-12,54.8118
2005-08-11,57.4959
2005-08-10,54.4203
2005-08-09,58.6795
2005-08-08,56.1885
2005-08-05,60.0227
2005-08-04,62.7289
2005-08-03,68.6228
2005-08-02,68.9409
2005-08-01,65.6936
2005-07-29,65.0887
2005-07-28,70.3516
2005-07-27,69.0011
2005-07-26,66.7278
2005-07-25,65.5269
2005-07-22,67.8534
2005-07-21,68.625
2005-07-20,68.557
2005-07-19,66.6355
2005-07-18,63.2272
2005-07-15,65.4583
2005-07-14,64.55
2005-07-13,61.5046
2005-07-12,60.7459
2005-07-11,59.2187
2005-07-08,56.0608
2005-07-07,48.3541
2005-07-06,46.7288
2005-07-05,48.7466
2005-07-01,43.817
2005-06-30,44.3965
2005-06-29,47.5232
2005-06-28,48.4461
2005-06-27,44.0396
2005-06-24,45.8478
2005-06-23,50.7373
2005-06-22,56.4571
2005-06-21,57.0389
2005-06-20,57.3195
2005-06-17,57.3195
2005-06-16,57.2744
2005-06-15,55.3929
2005-06-14,54.2444
2005-06-13,55.9552
2005-06-10,54.2841
2005-06-09,58.9644
2005-06-08,56.8601
2005-06-07,57.7987
2005-06-06,61.6668
2005-06-03,61.5905
2005-06-02,68.886
2005-06-01,67.1011
2005-05-31,64.9051
2005-05-27,66.6782
2005-05-26,66.5446
2005-05-25,63.935
2005-05-24,65.9941
2005-05-23,65.1954
2005-05-20,63.9209
2005-05-19,62.9159
2005-05-18,60.7251
2005-05-17,56.8434
2005-05-16,55.019
2005-05-13,52.8813
2005-05-12,49.2166
2005-05-11,50.1671
2005-05-10,48.4261
2005-05-09,50.8474
2005-05-06,49.2683
2005-05-05,48.3851
2005-05-04,48.1019
2005-05-03,44.2129
2005-05-02,42.4912
2005-04-29,41.1492
2005-04-28,38.9247
2005-04-27,41.1746
2005-04-26,40.7095
2005-04-25,42.7991
2005-04-22,40.2439
2005-04-21,44.0193
2005-04-20,34.2295
2005-04-19,36.008
2005-04-18,33.2429
2005-04-15,33.1285
2005-04-14,38.1595
2005-04-13,41.9721
2005-04-12,47.2481
2005-04-11,45.2881
2005-04-08,46.7551
2005-04-07,49.6181
2005-04-06,44.9186
2005-04-05,45.468
2005-04-04,44.3911
2005-04-01,41.5394
2005-03-31,44.6338
2005-03-30,46.0428
2005-03-29,38.161
2005-03-28,40.5615
2005-03-24,39.6915
2005-03-23,39.5715
2005-03-22,38.0488
2005-03-21,41.4866
2005-03-18,40.6947
2005-03-17,42.2465
2005-03-16,41.2353
2005-03-15,44.5504
2005-03-14,47.089
2005-03-11,45.4146
2005-03-10,48.4111
2005-03-09,48.8485
2005-03-08,49.7887
2005-03-07,53.1458
2005-03-04,48.4538
2005-03-03,46.3754
2005-03-02,49.0213
2005-03-01,49.1933
2005-02-28,45.4664
2005-02-25,48.7831
2005-02-24,46.8493
2005-02-23,42.2102
2005-02-22,41.6959
2005-02-18,45.2126
2005-02-17,46.1779
2005-02-16,50.5337
2005-02-15,51.8081
2005-02-14,49.6451
2005-02-11,48.1568
2005-02-10,42.9429
2005-02-09,42.5437
2005-02-08,47.5186
2005-02-07,46.9007
2005-02-04,47.5127
2005-02-03,41.8605
2005-02-02,45.1629
2005-02-01,44.5779
2005-01-31,43.4312
2005-01-28,38.6043
2005-01-27,39.8146
2005-01-26,40.1468
2005-01-25,35.6596
2005-01-24,33.7287
2005-01-21,36.756
2005-01-20,38.6577
2005-01-19,43.9091
2005-01-18,49.5109
2005-01-14,46.5771
2005-01-13,42.6467
2005-01-12,47.3333
2005-01-11,43.6292
2005-01-10,46.2374
2005-01-07,46.432
2005-01-06,44.166
2005-01-05,45.9204
2005-01-04,48.1815
2005-01-03,56.0337
2004-12-31,61.5469
2004-12-30,62.6019
2004-12-29,63.0123
2004-12-28,62.6244
2004-12-27,59.5618
2004-12-23,61.6847
2004-12-22,61.4672
2004-12-21,61.0926
2004-12-20,57.3076
2004-12-17,60.5116
2004-12-16,61.6487
2004-12-15,66.3145
2004-12-14,68.2117
2004-12-13,67.0101
2004-12-10,64.7619
2004-12-09,66.2321
2004-12-08,64.71
2004-12-07,63.1998
2004-12-06,71.9783
2004-12-03,71.2074
2004-12-02,70.8813
2004-12-01,70.0763
2004-11-30,65.2019
2004-11-29,66.2267
2004-11-26,66.3506
2004-11-24,67.7959
2004-11-23,65.7901
2004-11-22,66.4843
2004-11-19,64.276
2004-11-18,71.6723
2004-11-17,70.728
2004-11-16,67.7806
2004-11-15,70.9113
2004-11-12,69.9782
2004-11-11,67.8455
2004-11-10,64.6188
2004-11-09,66.2612
2004-11-08,67.2606
2004-11-05,67.0243
2004-11-04,64.984
2004-11-03,63.6648
2004-11-02,62.0478
2004-11-01,61.2617
2004-10-29,60.3514
2004-10-28,60.9344
2004-10-27,59.5101
2004-10-26,53.0806
2004-10-25,51.5547
2004-10-22,53.0204
2004-10-21,60.7401
2004-10-20,56.6143
2004-10-19,55.2329
2004-10-18,57.912
2004-10-15,53.7298
2004-10-14,52.135
2004-10-13,53.6979
2004-10-12,54.4735
2004-10-11,55.04
2004-10-08,53.7453
2004-10-07,60.1319
2004-10-06,64.6669
2004-10-05,62.7808
2004-10-04,62.4525
2004-10-01,61.0828
2004-09-30,53.7569
2004-09-29,53.2342
2004-09-28,48.537
2004-09-27,47.854
2004-09-24,50.5873
2004-09-23,51.7096
2004-09-22,51.9835
2004-09-21,58.0171
2004-09-20,56.9451
2004-09-17,56.9451
2004-09-16,56.1512
2004-09-15,55.6568
2004-09-14,59.0925
2004-09-13,58.7744
2004-09-10,55.7683
2004-09-09,51.9316
2004-09-08,49.662
2004-09-07,50.6811
2004-09-03,48.4388
2004-09-02,53.5424
2004-09-01,49.5157
2004-08-31,47.3923
2004-08-30,47.0538
2004-08-27,51.63
2004-08-26,50.3649
2004-08-25,51.5661
2004-08-24,47.865
2004-08-23,47.939
2004-08-20,47.3196
2004-08-19,44.6616
2004-08-18,45.8244
2004-08-17,41.0445
2004-08-16,37.7735
2004-08-13,34.3112
2004-08-12,33.8387
2004-08-11,36.0566
2004-08-10,37.5639
2004-08-09,33.8497
2004-08-06,33.1121
2004-08-05,37.4791
2004-08-04,41.2366
2004-08-03,41.149
2004-08-02,45.8923
2004-07-30,45.3181
2004-07-29,44.4379
2004-07-28,41.1661
2004-07-27,42.0482
2004-07-26,38.1001
2004-07-23,38.9037
2004-07-22,42.6651
2004-07-21,38.6524
2004-07-20,45.2449
2004-07-19,37.022
2004-07-16,37.4729
2004-07-15,40.1257
2004-07-14,40.9519
2004-07-13,43.5051
2004-07-12,43.8659
2004-07-09,44.9279
2004-07-08,44.5024
2004-07-07,47.2785
2004-07-06,46.726
2004-07-02,52.6404
2004-07-01,54.4642
2004-06-30,60.8353
2004-06-29,58.3912
2004-06-28,55.9192
2004-06-25,58.8617
2004-06-24,56.9164
2004-06-23,57.5629
2004-06-22,54.4751
2004-06-21,50.3403
2004-06-18,52.8347
2004-06-17,52.4488
2004-06-16,55.3759
2004-06-15,55.8989
2004-06-14,52.565
2004-06-10,57.1022
2004-06-09,55.2682
2004-06-08,60.1546
2004-06-07,59.8301
2004-06-04,53.6659
2004-06-03,51.9557
2004-06-02,56.0756
2004-06-01,56.8544
2004-05-28,57.3271
2004-05-27,56.4324
2004-05-26,54.841
2004-05-25,53.2176
2004-05-24,47.7913
2004-05-21,45.7414
2004-05-20,44.269
2004-05-19,42.8831
2004-05-18,43.1378
2004-05-17,40.5368
2004-05-14,42.5029
2004-05-13,44.1041
2004-05-12,45.6759
2004-05-11,45.156
2004-05-10,41.1835
2004-05-07,42.886
2004-05-06,44.5784
2004-05-05,46.1905
2004-05-04,44.2025
2004-05-03,43.1333
2004-04-30,40.7607
2004-04-29,45.5169
2004-04-28,49.0143
2004-04-27,53.7044
2004-04-26,54.2193
2004-04-23,56.1937
2004-04-22,54.5032
2004-04-21,48.4416
2004-04-20,46.1706
2004-04-19,52.1547
2004-04-16,48.8976
2004-04-15,49.3327
2004-04-14,54.3897
2004-04-13,53.1453
2004-04-12,57.6263
2004-04-08,56.1296
2004-04-07,56.1296
2004-04-06,56.4425
2004-04-05,60.188
2004-04-02,58.2269
2004-04-01,52.2223
2004-03-31,49.893
2004-03-30,50.4036
2004-03-29,49.5629
2004-03-26,45.3852
2004-03-25,46.1497
2004-03-24,38.619
2004-03-23,34.9559
2004-03-22,36.4391
2004-03-19,38.9034
2004-03-18,42.5708
2004-03-17,43.6304
2004-03-16,38.6431
2004-03-15,38.0753
2004-03-12,41.8799
2004-03-11,35.5661
2004-03-10,37.5012
2004-03-09,40.582
2004-03-08,41.3371
2004-03-05,47.9655
2004-03-04,49.096
2004-03-03,45.9296
2004-03-02,47.5837
2004-03-01,51.3617
2004-02-27,46.8899
2004-02-26,47.7589
2004-02-25,46.9178
2004-02-24,44.8559
2004-02-23,45.5434
2004-02-20,48.7791
2004-02-19,49.7621
2004-02-18,54.74
2004-02-17,53.8945
2004-02-13,49.8486
2004-02-12,52.5655
2004-02-11,55.6319
2004-02-10,52.4369
2004-02-09,51.9438
2004-02-06,52.0292
2004-02-05,46.5152
2004-02-04,45.2469
2004-02-03,50.082
2004-02-02,50.4233
2004-01-30,51.2527
2004-01-29,52.6515
2004-01-28,51.6185
2004-01-27,57.021
2004-01-26,65.6967
2004-01-23,61.9432
2004-01-22,63.5375
2004-01-21,66.1964
2004-01-20,68.0793
2004-01-16,68.426
2004-01-15,66.307
2004-01-14,65.7471
2004-01-13,65.0293
2004-01-12,69.0471
2004-01-09,65.8855
2004-01-08,68.6616
2004-01-07,67.0803
2004-01-06,65.1892
2004-01-05,63.7339
2004-01-02,58.9764
2003-12-31,60.0008
2003-12-30,61.0074
2003-12-29,60.2471
2003-12-26,56.2639
2003-12-24,56.7215
2003-12-23,56.2239
2003-12-22,54.3964
2003-12-19,53.6475
2003-12-18,54.4193
2003-12-17,49.975
2003-12-16,49.5435
2003-12-15,49.0566
2003-12-12,52.2017
2003-12-11,52.6197
2003-12-10,47.714
2003-12-09,46.7946
2003-12-08,52.2309
2003-12-05,50.8927
2003-12-04,55.2286
2003-12-03,52.7664
2003-12-02,56.2464
2003-12-01,57.8575
2003-11-28,54.6489
2003-11-26,54.3951
2003-11-25,53.4045
2003-11-24,53.4045
2003-11-21,47.2661
2003-11-20,44.7171
2003-11-19,46.7408
2003-11-18,44.3481
2003-11-17,49.466
2003-11-14,52.033
2003-11-13,57.8124
2003-11-12,58.1486
2003-11-11,53.3123
2003-11-10,54.3465
2003-11-07,57.9616
2003-11-06,60.6625
2003-11-05,60.0926
2003-11-04,58.2541
2003-11-03,60.2312
2003-10-31,56.8707
2003-10-30,58.5731
2003-10-29,58.1767
2003-10-28,58.4805
2003-10-27,51.573
2003-10-24,51.5064
2003-10-23,51.3154
2003-10-22,54.0093
2003-10-21,59.0124
2003-10-20,57.8673
2003-10-17,55.4461
2003-10-16,62.1535
2003-10-15,60.6644
2003-10-14,61.904
2003-10-13,61.455
2003-10-10,60.3198
2003-10-09,58.7125
2003-10-08,57.38
2003-10-07,58.9083
2003-10-06,57.8912
2003-10-03,56.6786
2003-10-02,51.7702
2003-10-01,51.1483
2003-09-30,46.8252
2003-09-29,51.0589
2003-09-26,47.5552
2003-09-25,48.7998
2003-09-24,51.4174
2003-09-23,60.7813
2003-09-22,57.3779
2003-09-19,63.1001
2003-09-18,64.9652
2003-09-17,62.2059
2003-09-16,63.4847
2003-09-15,58.1752
2003-09-12,61.2431
2003-09-11,60.1542
2003-09-10,57.8413
2003-09-09,65.8943
2003-09-08,70.5606
2003-09-05,67.5818
2003-09-04,70.234
2003-09-03,68.5836
2003-09-02,68.8174
2003-08-29,66.1886
2003-08-28,64.407
2003-08-27,62.5972
2003-08-26,60.9039
2003-08-25,60.7089
2003-08-22,60.2697
2003-08-21,62.1556
2003-08-20,60.0789
2003-08-19,60.8034
2003-08-18,58.4217
2003-08-15,52.995
2003-08-14,50.942
2003-08-13,50.7148
2003-08-12,50.6424
2003-08-11,47.257
2003-08-08,44.6707
2003-08-07,46.2372
2003-08-06,45.3265
2003-08-05,45.4484
2003-08-04,54.0024
2003-08-01,54.0804
2003-07-31,56.7262
2003-07-30,54.3551
2003-07-29,56.1233
2003-07-28,57.9935
2003-07-25,57.4888
2003-07-24,53.8613
2003-07-23,56.991
2003-07-22,55.4693
2003-07-21,52.6537
2003-07-18,55.5554
2003-07-17,54.966
2003-07-16,62.7086
2003-07-15,63.5768
2003-07-14,63.3842
2003-07-11,61.5489
2003-07-10,60.3567
2003-07-09,65.1546
2003-07-08,65.8173
2003-07-07,64.1275
2003-07-03,57.4088
2003-07-02,60.6199
2003-07-01,56.9864
2003-06-30,54.4081
2003-06-27,53.6157
2003-06-26,56.6559
2003-06-25,52.0165
2003-06-24,53.2542
2003-06-23,55.0429
2003-06-20,58.8822
2003-06-19,59.2161
2003-06-18,63.4922
2003-06-17,62.6728
2003-06-16,63.6913
2003-06-13,58.8165
2003-06-12,65.0381
2003-06-11,64.3634
2003-06-10,62.5686
2003-06-09,60.038
2003-06-06,63.673
2003-06-05,68.7122
2003-06-04,67.6634
2003-06-03,64.8112
2003-06-02,63.2724
2003-05-30,65.3072
2003-05-29,62.7026
2003-05-28,62.0255
2003-05-27,61.5279
2003-05-23,55.3522
2003-05-22,55.284
2003-05-21,52.5289
2003-05-20,53.1511
2003-05-19,52.6179
2003-05-16,60.9358
2003-05-15,62.9965
2003-05-14,61.1826
2003-05-13,61.7215
2003-05-12,63.3109
2003-05-09,61.0337
2003-05-08,57.2849
2003-05-07,61.88
2003-05-06,64.9247
2003-05-05,62.9779
2003-05-02,63.2558
2003-05-01,59.9537
2003-04-30,58.5128
2003-04-29,60.943
2003-04-28,59.5169
2003-04-25,56.3034
2003-04-24,60.8955
2003-04-23,62.2608
2003-04-22,61.1577
2003-04-21,58.1978
2003-04-17,57.5958
2003-04-16,53.8043
2003-04-15,54.2652
2003-04-14,52.6598
2003-04-11,49.1315
2003-04-10,50.9347
2003-04-09,48.8065
2003-04-08,53.0364
2003-04-07,53.2556
2003-04-04,53.0096
2003-04-03,56.0209
2003-04-02,54.1207
2003-04-01,49.7452
2003-03-31,48.4098
2003-03-28,54.0751
2003-03-27,56.2606
2003-03-26,57.7123
2003-03-25,56.8778
2003-03-24,54.7869
2003-03-21,63.7561
2003-03-20,61.8114
2003-03-19,61.2779
2003-03-18,63.2072
2003-03-17,61.5575
2003-03-14,56.6312
2003-03-13,56.0229
2003-03-12,46.0245
2003-03-11,42.1599
2003-03-10,43.6085
2003-03-07,47.5237
2003-03-06,47.098
2003-03-05,47.5376
2003-03-04,47.1471
2003-03-03,48.169
2003-02-28,51.7952
2003-02-27,49.0064
2003-02-26,44.7218
2003-02-25,48.6012
2003-02-24,48.3691
2003-02-21,51.5378
2003-02-20,50.1674
2003-02-19,50.8869
2003-02-18,52.0934
2003-02-14,46.7292
2003-02-13,42.2863
2003-02-12,41.2711
2003-02-11,43.2591
2003-02-10,42.2175
2003-02-07,40.5424
2003-02-06,42.7868
2003-02-05,41.7919
2003-02-04,42.3844
2003-02-03,44.0006
2003-01-31,43.6605
2003-01-30,43.9649
2003-01-29,47.3639
2003-01-28,45.0673
2003-01-27,43.4845
2003-01-24,44.9105
2003-01-23,48.5061
2003-01-22,44.9891
2003-01-21,45.4981
2003-01-17,46.9098
2003-01-16,53.2435
2003-01-15,55.1206
2003-01-14,57.2954
2003-01-13,56.6259
2003-01-10,57.6063
2003-01-09,55.7883
2003-01-08,51.8664
2003-01-07,56.3157
2003-01-06,54.691
2003-01-03,51.358
2003-01-02,49.8239
2002-12-31,43.6088
2002-12-30,44.9438
2002-12-27,45.9197
2002-12-26,48.3336
2002-12-24,48.7037
2002-12-23,50.3792
2002-12-20,48.5397
2002-12-19,47.1574
2002-12-18,48.6866
2002-12-17,51.4086
2002-12-16,51.0302
2002-12-13,47.0661
2002-12-12,51.0397
2002-12-11,50.3599
2002-12-10,49.7923
2002-12-09,48.0037
2002-12-06,54.0172
2002-12-05,52.804
2002-12-04,54.6822
2002-12-03,57.8523
2002-12-02,62.6232
2002-11-29,61.6086
2002-11-27,62.7059
2002-11-26,59.6126
2002-11-25,65.2307
2002-11-22,64.313
2002-11-21,64.3728
2002-11-20,60.9596
2002-11-19,56.6118
2002-11-18,58.8985
2002-11-15,61.1878
2002-11-14,59.8968
2002-11-13,56.369
2002-11-12,55.0744
2002-11-11,52.2953
2002-11-08,56.3549
2002-11-07,59.048
2002-11-06,64.8757
2002-11-05,63.5147
2002-11-04,62.774
2002-11-01,60.2846
2002-10-31,57.3679
2002-10-30,57.4251
2002-10-29,54.6758
2002-10-28,57.8358
2002-10-25,59.0299
2002-10-24,56.0762
2002-10-23,59.5907
2002-10-22,57.7231
2002-10-21,58.5615
2002-10-18,56.6472
2002-10-17,55.5916
2002-10-16,52.3254
2002-10-15,56.311
2002-10-14,51.4463
2002-10-11,50.1775
2002-10-10,44.0921
2002-10-09,37.6154
2002-10-08,38.1923
2002-10-07,37.9339
2002-10-04,38.6632
2002-10-03,40.1693
2002-10-02,42.2119
2002-10-01,45.3476
2002-09-30,37.7673
2002-09-27,40.2508
2002-09-26,41.5258
2002-09-25,42.7229
2002-09-24,37.3885
2002-09-23,37.3225
2002-09-20,39.9217
2002-09-19,39.3663
2002-09-18,40.7585
2002-09-17,41.7606
2002-09-16,43.7214
2002-09-13,45.1046
2002-09-12,44.1897
2002-09-11,46.8259
2002-09-10,47.6701
2002-09-09,44.9845
2002-09-06,43.8805
2002-09-05,40.5285
2002-09-04,42.5152
2002-09-03,42.0818
2002-08-30,45.1355
2002-08-29,46.2611
2002-08-28,44.9125
2002-08-27,48.2125
2002-08-26,51.7866
2002-08-23,51.3977
2002-08-22,55.7101
2002-08-21,54.2291
2002-08-20,52.1531
2002-08-19,52.5983
2002-08-16,50.4045
2002-08-15,49.7789
2002-08-14,47.9822
2002-08-13,42.2101
2002-08-12,44.8359
2002-08-09,44.5491
2002-08-08,45.3163
2002-08-07,42.2869
2002-08-06,41.0788
2002-08-05,36.6255
2002-08-02,38.7517
2002-08-01,40.0609
2002-07-31,43.3039
2002-07-30,44.7164
2002-07-29,42.8692
2002-07-26,38.1225
2002-07-25,36.3022
2002-07-24,39.9436
2002-07-23,34.3747
2002-07-22,37.0499
2002-07-19,38.7398
2002-07-18,40.9661
2002-07-17,43.9492
2002-07-16,41.941
2002-07-15,43.1544
2002-07-12,39.8019
2002-07-11,39.8019
2002-07-10,35.8084
2002-07-09,37.8212
2002-07-08,39.8365
2002-07-05,42.7198
2002-07-03,35.3582
2002-07-02,31.1273
2002-07-01,33.4684
2002-06-28,37.1557
2002-06-27,37.5011
2002-06-26,34.559
2002-06-25,33.5507
2002-06-24,35.9608
2002-06-21,33.2922
2002-06-20,35.0326
2002-06-19,37.6002
2002-06-18,43.3643
2002-06-17,41.012
2002-06-14,35.8389
2002-06-13,36.0305
2002-06-12,36.588
2002-06-11,34.4468
2002-06-10,36.7768
2002-06-07,36.927
2002-06-06,38.6671
2002-06-05,41.1441
2002-06-04,39.7335
2002-06-03,37.9437
2002-05-31,41.1849
2002-05-30,42.8241
2002-05-29,41.6773
2002-05-28,44.3419
2002-05-24,44.8066
2002-05-23,47.4732
2002-05-22,44.9931
2002-05-21,44.7175
2002-05-20,47.5628
2002-05-17,50.0375
2002-05-16,49.7962
2002-05-15,49.6312
2002-05-14,48.8646
2002-05-13,42.6068
2002-05-10,37.8136
2002-05-09,41.6404
2002-05-08,44.1441
2002-05-07,28.9496
2002-05-06,29.6229
2002-05-03,31.6149
2002-05-02,33.7724
2002-05-01,37.0476
2002-04-30,37.6086
2002-04-29,34.2129
2002-04-26,33.7637
2002-04-25,38.0172
2002-04-24,38.2828
2002-04-23,39.9741
2002-04-22,41.9778
2002-04-19,45.2069
2002-04-18,44.6959
2002-04-17,47.2453
2002-04-16,47.9433
2002-04-15,41.5135
2002-04-12,40.1692
2002-04-11,37.5426
2002-04-10,40.2546
2002-04-09,39.0089
2002-04-08,43.1452
2002-04-05,41.0343
2002-04-04,42.3904
2002-04-03,43.3322
2002-04-02,43.5364
2002-04-01,49.6911
2002-03-28,46.7166
2002-03-27,44.6905
2002-03-26,45.7181
2002-03-25,44.2837
2002-03-22,48.4081
2002-03-21,49.7442
2002-03-20,45.726
2002-03-19,51.0586
2002-03-18,51.317
2002-03-15,50.4837
2002-03-14,49.0232
2002-03-13,49.8538
2002-03-12,53.4517
2002-03-11,55.6497
2002-03-08,56.2299
2002-03-07,52.9331
2002-03-06,52.6594
2002-03-05,52.0635
2002-03-04,51.1879
2002-03-01,46.324
2002-02-28,38.1907
2002-02-27,40.0127
2002-02-26,41.4677
2002-02-25,41.8593
2002-02-22,35.8367
2002-02-21,35.0376
2002-02-20,39.6455
2002-02-19,37.4459
2002-02-15,40.7477
2002-02-14,44.4729
2002-02-13,44.7201
2002-02-12,42.0082
2002-02-11,42.9773
2002-02-08,40.9944
2002-02-07,36.527
2002-02-06,39.0184
2002-02-05,39.7587
2002-02-04,41.5877
2002-02-01,45.5708
2002-01-31,46.864
2002-01-30,45.9183
2002-01-29,44.7903
2002-01-28,48.3231
2002-01-25,47.5145
2002-01-24,47.8703
2002-01-23,46.0923
2002-01-22,42.3178
2002-01-18,45.8407
2002-01-17,49.3147
2002-01-16,46.1316
2002-01-15,51.6579
2002-01-14,50.2795
2002-01-11,53.6853
2002-01-10,55.8245
2002-01-09,54.9559
2002-01-08,56.4398
2002-01-07,55.6006
2002-01-04,57.3242
2002-01-03,56.8546
2002-01-02,52.8224
2001-12-31,48.9061
2001-12-28,53.9396
2001-12-27,52.9019
2001-12-26,51.8717
2001-12-24,50.687
2001-12-21,51.2048
2001-12-20,49.0733
2001-12-19,54.7354
2001-12-18,57.4828
2001-12-17,56.2019
2001-12-14,54.2372
2001-12-13,53.2261
2001-12-12,59.6668
2001-12-11,58.7985
2001-12-10,58.2027
2001-12-07,60.8562
2001-12-06,65.4375
2001-12-05,65.3114
2001-12-04,60.727
2001-12-03,55.5934
2001-11-30,58.2373
2001-11-29,59.4218
2001-11-28,56.023
2001-11-27,61.9824
2001-11-26,62.1992
2001-11-23,59.5952
2001-11-21,57.7719
2001-11-20,57.7152
2001-11-19,65.5228
2001-11-16,62.6478
2001-11-15,63.139
2001-11-14,63.8307
2001-11-13,63.1598
2001-11-12,59.7114
2001-11-09,58.9873
2001-11-08,59.062
2001-11-07,60.4807
2001-11-06,60.6582
2001-11-05,57.2501
2001-11-02,54.1921
2001-11-01,53.4836
2001-10-31,49.3627
2001-10-30,47.7755
2001-10-29,49.652
2001-10-26,55.8753
2001-10-25,58.677
2001-10-24,54.8074
2001-10-23,52.5793
2001-10-22,52.0402
2001-10-19,49.3024
2001-10-18,48.6213
2001-10-17,45.8573
2001-10-16,53.6828
2001-10-15,51.9446
2001-10-12,52.4455
2001-10-11,52.9302
2001-10-10,45.9715
2001-10-09,40.6272
2001-10-08,42.8249
2001-10-05,42.4407
2001-10-04,40.6996
2001-10-03,39.567
2001-10-02,30.389
2001-10-01,29.9718
2001-09-28,30.4534
2001-09-27,28.2635
2001-09-26,28.5885
2001-09-25,30.3879
2001-09-24,30.0223
2001-09-21,24.0426
2001-09-20,25.1647
2001-09-19,26.6814
2001-09-18,27.5164
2001-09-17,28.6411
2001-09-10,34.1315
2001-09-07,32.4343
2001-09-06,32.8362
2001-09-05,35.8537
2001-09-04,36.1628
2001-08-31,37.7069
2001-08-30,37.7069
2001-08-29,40.8312
2001-08-28,42.1684
2001-08-27,45.2615
2001-08-24,45.106
2001-08-23,38.5377
2001-08-22,39.3741
2001-08-21,35.7964
2001-08-20,39.2995
2001-08-17,37.396
2001-08-16,41.6956
2001-08-15,40.0214
2001-08-14,43.9291
2001-08-13,45.3307
2001-08-10,42.471
2001-08-09,43.4991
2001-08-08,42.927
2001-08-07,47.7348
2001-08-06,48.3709
2001-08-03,50.3408
2001-08-02,52.5221
2001-08-01,50.2497
2001-07-31,46.2031
2001-07-30,46.0163
2001-07-27,46.6575
2001-07-26,44.1435
2001-07-25,42.3205
2001-07-24,41.2581
2001-07-23,42.2293
2001-07-20,44.478
2001-07-19,46.7282
2001-07-18,44.0386
2001-07-17,47.8649
2001-07-16,45.2636
2001-07-13,47.1455
2001-07-12,48.2167
2001-07-11,40.8382
2001-07-10,39.257
2001-07-09,42.5172
2001-07-06,41.4153
2001-07-05,45.5643
2001-07-03,51.5312
2001-07-02,51.0023
2001-06-29,51.7075
2001-06-28,48.0204
2001-06-27,46.4079
2001-06-26,45.6064
2001-06-25,45.1892
2001-06-22,44.8948
2001-06-21,45.104
2001-06-20,43.657
2001-06-19,41.2473
2001-06-18,41.6211
2001-06-15,42.6171
2001-06-14,41.8047
2001-06-13,45.8574
2001-06-12,48.2735
2001-06-11,48.7617
2001-06-08,51.3256
2001-06-07,54.1336
2001-06-06,51.8731
2001-06-05,52.6203
2001-06-04,48.7949
2001-06-01,49.2059
2001-05-31,46.6439
2001-05-30,46.0565
2001-05-29,48.9402
2001-05-25,54.4392
2001-05-24,56.3463
2001-05-23,54.2551
2001-05-22,59.096
2001-05-21,59.4318
2001-05-18,54.5028
2001-05-17,54.2572
2001-05-16,52.9652
2001-05-15,49.3402
2001-05-14,48.7207
2001-05-11,50.0057
2001-05-10,50.3862
2001-05-09,51.7115
2001-05-08,54.5975
2001-05-07,53.0902
2001-05-04,54.8191
2001-05-03,52.7736
2001-05-02,56.5617
2001-05-01,55.2602
2001-04-30,52.4978
2001-04-27,50.9846
2001-04-26,49.1375
2001-04-25,50.8832
2001-04-24,49.7023
2001-04-23,50.9385
2001-04-20,55.9975
2001-04-19,55.8694
2001-04-18,52.2363
2001-04-17,45.5814
2001-04-16,43.8531
2001-04-12,47.5083
2001-04-11,44.4006
2001-04-10,42.2347
2001-04-09,36.8816
2001-04-06,35.3288
2001-04-05,36.4768
2001-04-04,29.4469
2001-04-03,30.0378
2001-04-02,32.8508
2001-03-30,34.8299
2001-03-29,34.4009
2001-03-28,35.2271
2001-03-27,39.4925
2001-03-26,36.5311
2001-03-23,37.7374
2001-03-22,37.7374
2001-03-21,32.7798
2001-03-20,32.7798
2001-03-19,35.8387
2001-03-16,31.5425
2001-03-15,32.4958
2001-03-14,34.147
2001-03-13,34.8837
2001-03-12,30.5091
2001-03-09,33.2748
2001-03-08,37.1608
2001-03-07,38.311
2001-03-06,38.2715
2001-03-05,34.5955
2001-03-02,32.8501
2001-03-01,35.0451
2001-02-28,32.2816
2001-02-27,33.8526
2001-02-26,37.3629
2001-02-23,35.4034
2001-02-22,35.0452
2001-02-21,35.5656
2001-02-20,37.1266
2001-02-16,39.4915
2001-02-15,43.5153
2001-02-14,41.8809
2001-02-13,37.9298
2001-02-12,40.0832
2001-02-09,38.8578
2001-02-08,41.7057
2001-02-07,44.0271
2001-02-06,45.3521
2001-02-05,45.1954
2001-02-02,45.2571
2001-02-01,49.9131
2001-01-31,48.7299
2001-01-30,52.0998
2001-01-29,52.4514
2001-01-26,50.615
2001-01-25,49.267
2001-01-24,52.6891
2001-01-23,53.549
2001-01-22,51.9304
2001-01-19,51.8501
2001-01-18,52.1455
2001-01-17,49.1976
2001-01-16,46.9986
2001-01-12,47.774
2001-01-11,46.8973
2001-01-10,44.9525
2001-01-09,41.5352
2001-01-08,41.5352
2001-01-05,40.8361
2001-01-04,44.6657
2001-01-03,45.6477
2001-01-02,34.8028
2000-12-29,38.8443
2000-12-28,41.6934
2000-12-27,41.8077
2000-12-26,40.9364
2000-12-22,40.4632
2000-12-21,34.6518
2000-12-20,34.1983
2000-12-19,36.6906
2000-12-18,40.7296
2000-12-15,40.5765
2000-12-14,41.8608
2000-12-13,44.8742
2000-12-12,47.7291
2000-12-11,50.5661
2000-12-08,43.0188
2000-12-07,41.0071
2000-12-06,42.4302
2000-12-05,45.0964
2000-12-04,37.1617
2000-12-01,35.608
2000-11-30,34.0273
2000-11-29,33.9669
2000-11-28,35.9273
2000-11-27,39.4711
2000-11-24,40.2792
2000-11-22,34.7876
2000-11-21,37.4679
2000-11-20,37.5649
2000-11-17,40.235
2000-11-16,40.2808
2000-11-15,44.6231
2000-11-14,42.6118
2000-11-13,36.9934
2000-11-10,36.831
2000-11-09,40.3713
2000-11-08,40.3807
2000-11-07,47.0423
2000-11-06,47.4004
2000-11-03,48.0961
2000-11-02,46.8286
2000-11-01,45.6388
2000-10-31,46.3282
2000-10-30,40.2939
2000-10-27,43.045
2000-10-26,43.1969
2000-10-25,40.7114
2000-10-24,45.0359
2000-10-23,48.984
2000-10-20,49.117
2000-10-19,47.7118
2000-10-18,38.6161
2000-10-17,38.8434
2000-10-16,42.3999
2000-10-13,41.3801
2000-10-12,32.0551
2000-10-11,33.6593
2000-10-10,34.7286
2000-10-09,38.7727
2000-10-06,39.1436
2000-10-05,42.1231
2000-10-04,41.7575
2000-10-03,39.3859
2000-10-02,42.1358
2000-09-29,44.2714
2000-09-28,47.4837
2000-09-27,44.7743
2000-09-26,44.6114
2000-09-25,45.7107
2000-09-22,48.4295
2000-09-21,41.4817
2000-09-20,49.9578
2000-09-19,47.8386
2000-09-18,42.5232
2000-09-15,44.2981
2000-09-14,46.6617
2000-09-13,47.3473
2000-09-12,44.0347
2000-09-11,45.8846
2000-09-08,49.0612
2000-09-07,53.6215
2000-09-06,50.5193
2000-09-05,56.4093
2000-09-01,62.5452
2000-08-31,61.7808
2000-08-30,57.4956
2000-08-29,57.7321
2000-08-28,57.0325
2000-08-25,56.3878
2000-08-24,57.3089
2000-08-23,55.3478
2000-08-22,53.2248
2000-08-21,53.2248
2000-08-18,52.901
2000-08-17,53.6062
2000-08-16,51.3771
2000-08-15,50.1965
2000-08-14,50.1965
2000-08-11,47.8374
2000-08-10,46.2798
2000-08-09,48.2736
2000-08-08,51.1492
2000-08-07,48.9779
2000-08-04,46.427
2000-08-03,46.7517
2000-08-02,42.0979
2000-08-01,43.604
2000-07-31,44.7645
2000-07-28,41.5872
2000-07-27,46.5563
2000-07-26,50.8885
2000-07-25,51.0329
2000-07-24,50.194
2000-07-21,52.4714
2000-07-20,56.6202
2000-07-19,53.3755
2000-07-18,56.2295
2000-07-17,59.3091
2000-07-14,58.1737
2000-07-13,56.139
2000-07-12,54.8983
2000-07-11,52.6058
2000-07-10,52.0709
2000-07-07,53.6871
2000-07-06,51.7986
2000-07-05,49.3299
2000-07-03,53.248
2000-06-30,51.4511
2000-06-29,49.6218
2000-06-28,52.0653
2000-06-27,50.9769
2000-06-26,52.1007
2000-06-23,49.7518
2000-06-22,53.4897
2000-06-21,57.4597
2000-06-20,56.4011
2000-06-19,56.7986
2000-06-16,53.6541
2000-06-15,53.2228
2000-06-14,51.8435
2000-06-13,53.8163
2000-06-12,50.885
2000-06-09,53.6582
2000-06-08,53.2549
2000-06-07,53.6452
2000-06-06,51.7833
2000-06-05,53.9869
2000-06-02,53.8224
2000-06-01,49.127
2000-05-31,45.8817
2000-05-30,47.4071
2000-05-26,40.253
2000-05-25,40.253
2000-05-24,41.3916
2000-05-23,36.8432
2000-05-22,41.2675
2000-05-19,41.3089
2000-05-18,44.1609
2000-05-17,46.5603
2000-05-16,48.0131
2000-05-15,45.8679
2000-05-12,42.553
2000-05-11,42.553
2000-05-10,38.0099
2000-05-09,42.0567
2000-05-08,43.3763
2000-05-05,45.9712
2000-05-04,44.0694
2000-05-03,43.9109
2000-05-02,44.5776
2000-05-01,48.4191
2000-04-28,47.7345
2000-04-27,44.9751
2000-04-26,41.7443
2000-04-25,43.6901
2000-04-24,38.6621
2000-04-20,40.1507
2000-04-19,41.2429
2000-04-18,43.0499
2000-04-17,41.0727
2000-04-14,32.3661
2000-04-13,36.5979
2000-04-12,39.1506
2000-04-11,43.2724
2000-04-10,44.6309
2000-04-07,50.7751
2000-04-06,46.7538
2000-04-05,44.2198
2000-04-04,45.7718
2000-04-03,46.6357
2000-03-31,52.8953
2000-03-30,50.8043
2000-03-29,53.5772
2000-03-28,59.0175
2000-03-27,62.8039
2000-03-24,62.6216
2000-03-23,61.4554
2000-03-22,59.9328
2000-03-21,58.2076
2000-03-20,54.7589
2000-03-17,58.2092
2000-03-16,56.4868
2000-03-15,51.0133
2000-03-14,56.1773
2000-03-13,61.5721
2000-03-10,65.9762
2000-03-09,66.732
2000-03-08,63.7754
2000-03-07,62.9411
2000-03-06,65.3728
2000-03-03,64.6866
2000-03-02,59.7151
2000-03-01,63.3025
2000-02-29,62.5327
2000-02-28,60.1033
2000-02-25,60.1707
2000-02-24,63.4841
2000-02-23,61.6413
2000-02-22,56.5489
2000-02-18,56.248
2000-02-17,61.2162
2000-02-16,59.2282
2000-02-15,59.8381
2000-02-14,59.2175
2000-02-11,59.4043
2000-02-10,62.3317
2000-02-09,59.7241
2000-02-08,64.487
2000-02-07,61.1396
2000-02-04,59.9737
2000-02-03,59.4167
2000-02-02,56.2108
2000-02-01,55.4682
2000-01-31,53.2064
2000-01-28,49.4458
2000-01-27,54.5691
2000-01-26,53.2544
2000-01-25,57.8412
2000-01-24,56.5616
2000-01-21,62.7239
2000-01-20,61.6895
2000-01-19,63.0044
2000-01-18,61.2709
2000-01-14,60.856
2000-01-13,59.0647
2000-01-12,54.2546
2000-01-11,57.137
2000-01-10,62.6541
2000-01-07,60.4415
2000-01-06,49.0954
2000-01-05,63.4052
2000-01-04,63.3433
2000-01-03,80.0667
1999-12-31,77.1075
1999-12-30,77.4335
1999-12-29,80.6736
1999-12-28,77.7046
1999-12-27,79.6122
1999-12-23,81.3366
1999-12-22,80.4937
1999-12-21,81.4927
1999-12-20,77.4624
1999-12-17,76.2531
1999-12-16,75.437
1999-12-15,73.0242
1999-12-14,70.994
1999-12-13,76.2648
1999-12-10,74.923
1999-12-09,74.1012
1999-12-08,73.6596
1999-12-07,77.0471
1999-12-06,77.0471
1999-12-03,76.323
1999-12-02,74.5232
1999-12-01,71.5331
1999-11-30,70.0
