date,SMA
2024-10-04,477.9162
2024-10-03,475.9533
2024-10-02,474.8935
2024-10-01,473.7943
2024-09-30,472.789
2024-09-27,472.1657
2024-09-26,471.3282
2024-09-25,470.3893
2024-09-24,469.9029
2024-09-23,469.3681
2024-09-20,469.1826
2024-09-19,468.8036
2024-09-18,468.7606
2024-09-17,469.201
2024-09-16,469.5895
2024-09-13,469.6789
2024-09-12,469.6329
2024-09-11,469.1092
2024-09-10,468.8076
2024-09-09,468.4441
2024-09-06,468.2419
2024-09-05,468.2109
2024-09-04,466.8993
2024-09-03,465.8467
2024-08-30,464.5266
2024-08-29,463.1525
2024-08-28,462.6033
2024-08-27,462.5893
2024-08-26,461.6291
2024-08-23,461.0579
2024-08-22,460.2076
2024-08-21,459.3798
2024-08-20,458.4251
2024-08-19,458.4431
2024-08-16,458.4955
2024-08-15,458.506
2024-08-14,458.7592
2024-08-13,459.7098
2024-08-12,461.3955
2024-08-09,463.6308
2024-08-08,465.8482
2024-08-07,468.0382
2024-08-06,471.4429
2024-08-05,474.3508
2024-08-02,477.445
2024-08-01,479.8122
2024-07-31,481.379
2024-07-30,482.1734
2024-07-29,483.3911
2024-07-26,484.1506
2024-07-25,485.0813
2024-07-24,486.1847
2024-07-23,486.9836
2024-07-22,486.6511
2024-07-19,486.5058
2024-07-18,486.7783
2024-07-17,487.025
2024-07-16,487.1504
2024-07-15,486.2558
2024-07-12,485.2474
2024-07-11,484.1774
2024-07-10,482.9461
2024-07-09,481.005
2024-07-08,479.2299
2024-07-05,477.4966
2024-07-03,475.8303
2024-07-02,473.963
2024-07-01,472.2366
2024-06-28,470.6421
2024-06-27,469.2299
2024-06-26,467.9366
2024-06-25,466.8667
2024-06-24,465.7601
2024-06-21,464.7101
2024-06-20,463.4903
2024-06-18,462.2107
2024-06-17,460.7002
2024-06-14,459.0402
2024-06-13,457.6838
2024-06-12,456.4964
2024-06-11,455.0896
2024-06-10,453.8463
2024-06-07,452.7113
2024-06-06,451.6176
2024-06-05,450.4555
2024-06-04,449.2985
2024-06-03,448.5947
2024-05-31,447.7148
2024-05-30,446.5279
2024-05-29,445.0309
2024-05-28,443.4432
2024-05-24,442.1007
2024-05-23,440.7572
2024-05-22,439.3011
2024-05-21,437.8455
2024-05-20,436.3136
2024-05-17,434.5145
2024-05-16,432.6646
2024-05-15,431.2404
2024-05-14,429.8915
2024-05-13,429.1522
2024-05-10,428.553
2024-05-09,428.364
2024-05-08,428.5809
2024-05-07,428.4966
2024-05-06,428.5919
2024-05-03,428.6093
2024-05-02,428.8581
2024-05-01,429.2788
2024-04-30,430.3047
2024-04-29,431.1282
2024-04-26,431.7364
2024-04-25,432.3849
2024-04-24,433.4009
2024-04-23,434.2389
2024-04-22,435.2204
2024-04-19,436.5943
2024-04-18,438.1506
2024-04-17,439.1655
2024-04-16,439.8001
2024-04-15,440.1182
2024-04-12,440.2324
2024-04-11,440.2471
2024-04-10,439.9632
2024-04-09,440.1979
2024-04-08,439.9281
2024-04-05,439.8207
2024-04-04,440.0399
2024-04-03,440.1832
2024-04-02,439.8532
2024-04-01,439.9693
2024-03-28,439.9731
2024-03-27,439.6947
2024-03-26,439.1897
2024-03-25,438.876
2024-03-22,438.4383
2024-03-21,437.9312
2024-03-20,437.5138
2024-03-19,436.5807
2024-03-18,435.992
2024-03-15,435.6195
2024-03-14,435.6489
2024-03-13,435.3541
2024-03-12,434.7716
2024-03-11,434.3574
2024-03-08,434.3405
2024-03-07,434.0304
2024-03-06,433.3602
2024-03-05,432.8027
2024-03-04,432.4243
2024-03-01,431.677
2024-02-29,430.4956
2024-02-28,429.3989
2024-02-27,428.9025
2024-02-26,428.4321
2024-02-23,427.7978
2024-02-22,427.2786
2024-02-21,426.6692
2024-02-20,426.5631
2024-02-16,426.2848
2024-02-15,425.8174
2024-02-14,424.746
2024-02-13,423.4511
2024-02-12,422.5037
2024-02-09,421.2203
2024-02-08,419.8412
2024-02-07,418.6319
2024-02-06,417.3256
2024-02-05,416.1985
2024-02-02,414.6203
2024-02-01,412.9908
2024-01-31,411.8184
2024-01-30,411.1025
2024-01-29,410.3169
2024-01-26,409.478
2024-01-25,408.8652
2024-01-24,408.0843
2024-01-23,407.2049
2024-01-22,406.4121
2024-01-19,405.4731
2024-01-18,404.864
2024-01-17,404.5592
2024-01-16,404.4155
2024-01-12,404.0601
2024-01-11,403.72
2024-01-10,403.1386
2024-01-09,402.443
2024-01-08,401.718
2024-01-05,400.9465
2024-01-04,400.316
2024-01-03,399.8201
2024-01-02,399.174
2023-12-29,398.4956
2023-12-28,397.4171
2023-12-27,396.2986
2023-12-26,395.1891
2023-12-22,394.0704
2023-12-21,393.0931
2023-12-20,392.1734
2023-12-19,391.4081
2023-12-18,390.453
2023-12-15,389.3681
2023-12-14,388.4051
2023-12-13,387.5227
2023-12-12,386.6084
2023-12-11,385.5427
2023-12-08,384.6921
2023-12-07,383.5946
2023-12-06,382.726
2023-12-05,382.1127
2023-12-04,381.2149
2023-12-01,380.2907
2023-11-30,378.9747
2023-11-29,377.3921
2023-11-28,375.4583
2023-11-27,373.4227
2023-11-24,371.2446
2023-11-22,368.9677
2023-11-21,366.9952
2023-11-20,365.5382
2023-11-17,363.7966
2023-11-16,362.2353
2023-11-15,360.9452
2023-11-14,359.8402
2023-11-13,358.9896
2023-11-10,358.6022
2023-11-09,357.9512
2023-11-08,357.9442
2023-11-07,357.8588
2023-11-06,357.6547
2023-11-03,357.5231
2023-11-02,357.3736
2023-11-01,357.1377
2023-10-31,357.2763
2023-10-30,357.4774
2023-10-27,358.0763
2023-10-26,358.7199
2023-10-25,359.4325
2023-10-24,359.6659
2023-10-23,359.4216
2023-10-20,359.6173
2023-10-19,359.7816
2023-10-18,359.6768
2023-10-17,359.7349
2023-10-16,359.8179
2023-10-13,359.88
2023-10-12,360.1278
2023-10-11,360.4652
2023-10-10,360.5867
2023-10-09,360.7684
2023-10-06,361.2581
2023-10-05,361.6226
2023-10-04,362.2597
2023-10-03,362.9771
2023-10-02,364.0995
2023-09-29,364.8832
2023-09-28,365.8353
2023-09-27,366.7442
2023-09-26,367.697
2023-09-25,368.2938
2023-09-22,368.4865
2023-09-21,368.6249
2023-09-20,369.1569
2023-09-19,369.0731
2023-09-18,368.7504
2023-09-15,368.1024
2023-09-14,367.4959
2023-09-13,366.7655
2023-09-12,366.3792
2023-09-11,366.2582
2023-09-08,365.7261
2023-09-07,365.5283
2023-09-06,365.3225
2023-09-05,365.1866
2023-09-01,365.0438
2023-08-31,364.7686
2023-08-30,364.5603
2023-08-29,364.4378
2023-08-28,364.8355
2023-08-25,365.6745
2023-08-24,366.6395
2023-08-23,367.4032
2023-08-22,367.8202
2023-08-21,368.5839
2023-08-18,369.1953
2023-08-17,370.0631
2023-08-16,370.9646
2023-08-15,372.1106
2023-08-14,373.0686
2023-08-11,373.6765
2023-08-10,374.3127
2023-08-09,374.8364
2023-08-08,375.0799
2023-08-07,374.89
2023-08-04,374.4521
2023-08-03,374.1645
2023-08-02,373.8506
2023-08-01,373.6468
2023-07-31,373.0269
2023-07-28,372.3198
2023-07-27,371.3444
2023-07-26,370.7454
2023-07-25,370.0665
2023-07-24,369.0202
2023-07-21,368.3414
2023-07-20,367.8723
2023-07-19,367.1354
2023-07-18,366.2056
2023-07-17,365.2974
2023-07-14,364.6598
2023-07-13,363.9819
2023-07-12,363.1692
2023-07-11,362.5333
2023-07-10,361.8313
2023-07-07,361.1522
2023-07-06,360.2647
2023-07-05,359.6147
2023-07-03,358.8279
2023-06-30,358.0283
2023-06-29,357.141
2023-06-28,356.3329
2023-06-27,355.587
2023-06-26,354.7982
2023-06-23,353.8845
2023-06-22,352.3302
2023-06-21,350.6805
2023-06-20,349.4546
2023-06-16,347.9247
2023-06-15,346.4064
2023-06-14,344.4682
2023-06-13,342.5498
2023-06-12,340.7438
2023-06-09,338.9878
2023-06-08,337.5864
2023-06-07,336.1994
2023-06-06,334.8534
2023-06-05,333.3109
2023-06-02,331.7257
2023-06-01,329.8202
2023-05-31,328.1009
2023-05-30,326.6841
2023-05-26,325.308
2023-05-25,324.0284
2023-05-24,323.0692
2023-05-23,322.0897
2023-05-22,320.9324
2023-05-19,319.8583
2023-05-18,318.8729
2023-05-17,317.8334
2023-05-16,317.2189
2023-05-15,316.8079
2023-05-12,316.4142
2023-05-11,316.0943
2023-05-10,315.7462
2023-05-09,315.147
2023-05-08,314.8593
2023-05-05,314.5711
2023-05-04,314.3314
2023-05-03,314.319
2023-05-02,314.4072
2023-05-01,314.4453
2023-04-28,314.3829
2023-04-27,314.0422
2023-04-26,313.6644
2023-04-25,313.4291
2023-04-24,313.3682
2023-04-21,313.1177
2023-04-20,312.778
2023-04-19,312.2748
2023-04-18,311.8604
2023-04-17,311.222
2023-04-14,310.5312
2023-04-13,309.9254
2023-04-12,308.9004
2023-04-11,308.1017
2023-04-10,306.8346
2023-04-06,305.3606
2023-04-05,304.081
2023-04-04,303.1619
2023-04-03,302.0137
2023-03-31,300.994
2023-03-30,299.9189
2023-03-29,298.8035
2023-03-28,297.7157
2023-03-27,297.0218
2023-03-24,296.2654
2023-03-23,295.3003
2023-03-22,294.6374
2023-03-21,294.0271
2023-03-20,293.197
2023-03-17,292.9358
2023-03-16,292.834
2023-03-15,292.9472
2023-03-14,293.3339
2023-03-13,293.6864
2023-03-10,294.1319
2023-03-09,294.7811
2023-03-08,295.3601
2023-03-07,295.9563
2023-03-06,296.3148
2023-03-03,296.6194
2023-03-02,297.2147
2023-03-01,297.5761
2023-02-28,297.7452
2023-02-27,297.5825
2023-02-24,297.6973
2023-02-23,297.7709
2023-02-22,297.3215
2023-02-21,297.0308
2023-02-17,296.7801
2023-02-16,295.8664
2023-02-15,294.4745
2023-02-14,292.9309
2023-02-13,291.6844
2023-02-10,290.521
2023-02-09,289.5
2023-02-08,288.3069
2023-02-07,286.7475
2023-02-06,284.8024
2023-02-03,283.0822
2023-02-02,280.877
2023-02-01,278.6036
2023-01-31,276.8019
2023-01-30,275.4007
2023-01-27,274.2224
2023-01-26,272.4346
2023-01-25,270.9631
2023-01-24,269.956
2023-01-23,268.8875
2023-01-20,268.1206
2023-01-19,267.4709
2023-01-18,267.2039
2023-01-17,266.9916
2023-01-13,266.7285
2023-01-12,266.9681
2023-01-11,267.4081
2023-01-10,267.7709
2023-01-09,268.1925
2023-01-06,268.8166
2023-01-05,269.3629
2023-01-04,270.323
2023-01-03,271.3713
2022-12-30,272.7242
2022-12-29,274.0457
2022-12-28,275.3416
2022-12-27,276.32
2022-12-23,277.232
2022-12-22,278.1648
2022-12-21,279.2209
2022-12-20,279.8046
2022-12-19,280.3815
2022-12-16,281.0925
2022-12-15,281.6133
2022-12-14,282.035
2022-12-13,282.1771
2022-12-12,282.0188
2022-12-09,282.1362
2022-12-08,282.1712
2022-12-07,281.1586
2022-12-06,280.6165
2022-12-05,279.9215
2022-12-02,278.7891
2022-12-01,277.2077
2022-11-30,275.8247
2022-11-29,274.9245
2022-11-28,274.7953
2022-11-25,274.7218
2022-11-23,274.0288
2022-11-22,273.4917
2022-11-21,273.4059
2022-11-18,273.2362
2022-11-17,272.7725
2022-11-16,271.9982
2022-11-15,271.2608
2022-11-14,270.3774
2022-11-11,269.5838
2022-11-10,268.2412
2022-11-09,267.5541
2022-11-08,267.5215
2022-11-07,267.1866
2022-11-04,267.1284
2022-11-03,267.3464
2022-11-02,268.2969
2022-11-01,269.1009
2022-10-31,269.4471
2022-10-28,269.2291
2022-10-27,268.5406
2022-10-26,268.4912
2022-10-25,268.5904
2022-10-24,268.1105
2022-10-21,267.9092
2022-10-20,267.9137
2022-10-19,268.4542
2022-10-18,269.0989
2022-10-17,269.9497
2022-10-14,271.0201
2022-10-13,272.4044
2022-10-12,273.4778
2022-10-11,275.0977
2022-10-10,276.5985
2022-10-07,278.7578
2022-10-06,280.6047
2022-10-05,281.6023
2022-10-04,282.414
2022-10-03,282.9269
2022-09-30,283.9684
2022-09-29,285.5274
2022-09-28,286.8526
2022-09-27,287.866
2022-09-26,289.3155
2022-09-23,290.9197
2022-09-22,293.1146
2022-09-21,294.8103
2022-09-20,296.2891
2022-09-19,297.5257
2022-09-16,299.0664
2022-09-15,301.0339
2022-09-14,302.8748
2022-09-13,304.6596
2022-09-12,306.5975
2022-09-09,307.565
2022-09-08,308.4015
2022-09-07,309.6526
2022-09-06,310.5443
2022-09-02,311.9061
2022-09-01,313.2148
2022-08-31,314.4457
2022-08-30,315.6087
2022-08-29,316.264
2022-08-26,316.7987
2022-08-25,317.1936
2022-08-24,316.6633
2022-08-23,316.2596
2022-08-22,315.2882
2022-08-19,314.5944
2022-08-18,313.5669
2022-08-17,312.4886
2022-08-16,311.2351
2022-08-15,309.562
2022-08-12,307.4124
2022-08-11,305.5158
2022-08-10,303.6739
2022-08-09,301.6907
2022-08-08,300.1722
2022-08-05,298.6129
2022-08-04,297.3131
2022-08-03,295.8646
2022-08-02,294.1861
2022-08-01,292.8385
2022-07-29,291.2068
2022-07-28,289.4747
2022-07-27,288.1941
2022-07-26,287.0484
2022-07-25,286.9538
2022-07-22,286.6752
2022-07-21,285.8313
2022-07-20,284.5162
2022-07-19,283.4354
2022-07-18,282.2476
2022-07-15,281.3359
2022-07-14,280.8632
2022-07-13,280.308
2022-07-12,279.7784
2022-07-11,279.8798
2022-07-08,280.3623
2022-07-07,280.939
2022-07-06,281.6436
2022-07-05,282.5222
2022-07-01,283.4412
2022-06-30,285.0001
2022-06-29,286.2383
2022-06-28,287.4151
2022-06-27,288.6451
2022-06-24,288.9562
2022-06-23,288.7644
2022-06-22,288.8556
2022-06-21,289.4593
2022-06-17,289.8068
2022-06-16,290.5386
2022-06-15,291.5092
2022-06-14,292.6577
2022-06-13,293.7649
2022-06-10,295.0687
2022-06-09,295.1822
2022-06-08,294.8107
2022-06-07,294.4726
2022-06-06,293.8475
2022-06-03,293.9472
2022-06-02,294.2814
2022-06-01,295.0294
2022-05-31,295.6594
2022-05-27,296.1607
2022-05-26,296.3646
2022-05-25,297.774
2022-05-24,299.0272
2022-05-23,300.4966
2022-05-20,302.2707
2022-05-19,304.0753
2022-05-18,306.2656
2022-05-17,308.7262
2022-05-16,310.6964
2022-05-13,312.6744
2022-05-12,314.4677
2022-05-11,317.1804
2022-05-10,319.5202
2022-05-09,321.4923
2022-05-06,324.0478
2022-05-05,326.2519
2022-05-04,328.2304
2022-05-03,329.7784
2022-05-02,332.2592
2022-04-29,334.3906
2022-04-28,336.8129
2022-04-27,338.7334
2022-04-26,341.4083
2022-04-25,343.7559
2022-04-22,345.2189
2022-04-21,346.9021
2022-04-20,347.771
2022-04-19,348.545
2022-04-18,348.7327
2022-04-14,349.3404
2022-04-13,349.6148
2022-04-12,349.2978
2022-04-11,348.7225
2022-04-08,347.5866
2022-04-07,346.3506
2022-04-06,345.2085
2022-04-05,344.2902
2022-04-04,342.4154
2022-04-01,340.2117
2022-03-31,338.9847
2022-03-30,337.9673
2022-03-29,336.9697
2022-03-28,335.4893
2022-03-25,334.5782
2022-03-24,333.8898
2022-03-23,332.9275
2022-03-22,331.8062
2022-03-21,330.8578
2022-03-18,330.4159
2022-03-17,330.1194
2022-03-16,330.6888
2022-03-15,331.4648
2022-03-14,332.414
2022-03-11,333.8321
2022-03-10,335.5023
2022-03-09,337.2428
2022-03-08,338.4272
2022-03-07,339.9871
2022-03-04,341.6142
2022-03-03,342.4118
2022-03-02,343.6992
2022-03-01,344.5974
2022-02-28,345.6557
2022-02-25,345.9011
2022-02-24,345.6719
2022-02-23,345.8721
2022-02-22,346.6422
2022-02-18,347.3893
2022-02-17,347.8889
2022-02-16,348.6875
2022-02-15,349.1999
2022-02-14,349.9077
2022-02-11,351.5039
2022-02-10,353.0058
2022-02-09,354.4253
2022-02-08,355.3623
2022-02-07,356.3926
2022-02-04,357.6064
2022-02-03,358.883
2022-02-02,360.3918
2022-02-01,361.7652
2022-01-31,363.54
2022-01-28,365.2481
2022-01-27,367.6311
2022-01-26,370.5982
2022-01-25,373.3979
2022-01-24,376.2628
2022-01-21,378.4038
2022-01-20,380.4781
2022-01-19,381.8274
2022-01-18,382.5248
2022-01-14,383.2053
2022-01-13,383.5161
2022-01-12,384.4427
2022-01-11,384.4598
2022-01-10,384.7511
2022-01-07,385.6045
2022-01-06,386.2604
2022-01-05,387.0003
2022-01-04,387.6397
2022-01-03,387.1112
2021-12-31,386.1764
2021-12-30,385.762
2021-12-29,385.0882
2021-12-28,384.6839
2021-12-27,384.5643
2021-12-23,383.9368
2021-12-22,384.0019
2021-12-21,384.15
2021-12-20,384.62
2021-12-17,385.7381
2021-12-16,386.5636
2021-12-15,387.0925
2021-12-14,387.1106
2021-12-13,387.4248
2021-12-10,387.5444
2021-12-09,387.1807
2021-12-08,386.9739
2021-12-07,386.7636
2021-12-06,386.7748
2021-12-03,387.3827
2021-12-02,388.1224
2021-12-01,388.2827
2021-11-30,388.3773
2021-11-29,388.0641
2021-11-26,387.3984
2021-11-24,387.0562
2021-11-23,386.1366
2021-11-22,385.2366
2021-11-19,384.189
2021-11-18,382.7238
2021-11-17,381.5238
2021-11-16,380.4136
2021-11-15,379.3376
2021-11-12,378.2611
2021-11-11,376.9983
2021-11-10,375.8238
2021-11-09,374.3773
2021-11-08,372.5057
2021-11-05,370.5611
2021-11-04,368.7258
2021-11-03,366.9978
2021-11-02,365.3552
2021-11-01,363.8027
2021-10-29,362.0964
2021-10-28,360.8253
2021-10-27,359.538
2021-10-26,358.5223
2021-10-25,357.5787
2021-10-22,357.2071
2021-10-21,357.1694
2021-10-20,356.9591
2021-10-19,356.6939
2021-10-18,356.237
2021-10-15,355.8963
2021-10-14,356.1153
2021-10-13,356.6669
2021-10-12,357.5308
2021-10-11,358.3982
2021-10-08,359.2568
2021-10-07,359.9923
2021-10-06,360.7801
2021-10-05,361.7938
2021-10-04,362.9849
2021-10-01,364.3828
2021-09-30,365.3529
2021-09-29,366.4407
2021-09-28,367.4328
2021-09-27,368.4113
2021-09-24,368.6694
2021-09-23,368.6041
2021-09-22,368.6726
2021-09-21,368.8871
2021-09-20,369.2135
2021-09-17,369.2926
2021-09-16,368.8093
2021-09-15,368.021
2021-09-14,367.4178
2021-09-13,367.1103
2021-09-10,366.7426
2021-09-09,366.2989
2021-09-08,365.6497
2021-09-07,364.9671
2021-09-03,364.312
2021-09-02,363.65
2021-09-01,363.1246
2021-08-31,362.4763
2021-08-30,361.8329
2021-08-27,361.0661
2021-08-26,360.5045
2021-08-25,360.2137
2021-08-24,359.7744
2021-08-23,359.2877
2021-08-20,359.0556
2021-08-19,359.0787
2021-08-18,359.0782
2021-08-17,359.0463
2021-08-16,358.7065
2021-08-13,358.0059
2021-08-12,357.4565
2021-08-11,357.1132
2021-08-10,356.9595
2021-08-09,356.7431
2021-08-06,356.4341
2021-08-05,356.0894
2021-08-04,355.5557
2021-08-03,355.2428
2021-08-02,354.9187
2021-07-30,354.6268
2021-07-29,354.1372
2021-07-28,353.5472
2021-07-27,353.0164
2021-07-26,352.4915
2021-07-23,351.5597
2021-07-22,350.6632
2021-07-21,349.8695
2021-07-20,349.1844
2021-07-19,348.4779
2021-07-16,347.8691
2021-07-15,347.2493
2021-07-14,346.2748
2021-07-13,345.2365
2021-07-12,344.3402
2021-07-09,343.2839
2021-07-08,342.2531
2021-07-07,341.1603
2021-07-06,339.9569
2021-07-02,338.7829
2021-07-01,337.6358
2021-06-30,336.4142
2021-06-29,335.3691
2021-06-28,334.2648
2021-06-25,333.2775
2021-06-24,332.4469
2021-06-23,331.6564
2021-06-22,330.9144
2021-06-21,330.1583
2021-06-18,329.2903
2021-06-17,328.6154
2021-06-16,327.5027
2021-06-15,326.5837
2021-06-14,325.7107
2021-06-11,324.8245
2021-06-10,323.7534
2021-06-09,322.6061
2021-06-08,322.0421
2021-06-07,321.5042
2021-06-04,321.3868
2021-06-03,321.1867
2021-06-02,321.1393
2021-06-01,320.9764
2021-05-28,321.1413
2021-05-27,321.3398
2021-05-26,321.6988
2021-05-25,321.937
2021-05-24,322.2882
2021-05-21,322.7342
2021-05-20,323.3411
2021-05-19,323.6527
2021-05-18,324.4694
2021-05-17,325.1634
2021-05-14,325.8711
2021-05-13,326.6351
2021-05-12,327.7243
2021-05-11,328.6838
2021-05-10,329.4316
2021-05-07,329.9652
2021-05-06,330.1076
2021-05-05,330.2822
2021-05-04,330.4088
2021-05-03,330.4421
2021-04-30,330.1907
2021-04-29,329.5344
2021-04-28,328.5029
2021-04-27,327.2958
2021-04-26,326.1103
2021-04-23,324.8568
2021-04-22,323.483
2021-04-21,322.3419
2021-04-20,321.2626
2021-04-19,320.392
2021-04-16,319.1142
2021-04-15,317.6295
2021-04-14,316.646
2021-04-13,315.8475
2021-04-12,314.7635
2021-04-09,313.7071
2021-04-08,312.7552
2021-04-07,311.5528
2021-04-06,310.5631
2021-04-05,309.0347
2021-04-01,307.9219
2021-03-31,306.9024
2021-03-30,306.3961
2021-03-29,306.5763
2021-03-26,306.9324
2021-03-25,306.8224
2021-03-24,306.8768
2021-03-23,307.4568
2021-03-22,307.6457
2021-03-19,307.8135
2021-03-18,308.6869
2021-03-17,309.6849
2021-03-16,310.2725
2021-03-15,311.0033
2021-03-12,311.864
2021-03-11,312.7979
2021-03-10,313.5165
2021-03-09,314.6219
2021-03-08,315.6873
2021-03-05,317.222
2021-03-04,318.2752
2021-03-03,319.3635
2021-03-02,320.2682
2021-03-01,320.4645
2021-02-26,320.0234
2021-02-25,320.3742
2021-02-24,320.6966
2021-02-23,320.9144
2021-02-22,321.2383
2021-02-19,321.3838
2021-02-18,321.1562
2021-02-17,320.7312
2021-02-16,319.8754
2021-02-12,318.7187
2021-02-11,317.6392
2021-02-10,316.7336
2021-02-09,315.8138
2021-02-08,314.8813
2021-02-05,314.1705
2021-02-04,313.3704
2021-02-03,312.2616
2021-02-02,311.5523
2021-02-01,310.655
2021-01-29,310.231
2021-01-28,310.1533
2021-01-27,309.745
2021-01-26,309.4152
2021-01-25,308.4857
2021-01-22,307.5131
2021-01-21,306.7482
2021-01-20,305.8963
2021-01-19,305.1991
2021-01-15,304.9073
2021-01-14,304.7392
2021-01-13,304.3671
2021-01-12,303.754
2021-01-11,303.1377
2021-01-08,302.5296
2021-01-07,301.6373
2021-01-06,301.2832
2021-01-05,301.2419
2021-01-04,300.9051
2020-12-31,300.6324
2020-12-30,300.1224
2020-12-29,299.631
2020-12-28,298.9528
2020-12-24,298.2586
2020-12-23,297.5836
2020-12-22,296.8869
2020-12-21,295.915
2020-12-18,294.9836
2020-12-17,294.1215
2020-12-16,293.103
2020-12-15,292.2882
2020-12-14,291.6012
2020-12-11,290.962
2020-12-10,290.3062
2020-12-09,289.684
2020-12-08,288.8117
2020-12-07,287.8512
2020-12-04,287.2349
2020-12-03,286.6922
2020-12-02,285.8452
2020-12-01,284.4215
2020-11-30,282.789
2020-11-27,281.3146
2020-11-25,280.2116
2020-11-24,279.0102
2020-11-23,278.4344
2020-11-20,277.9507
2020-11-19,277.6757
2020-11-18,277.2759
2020-11-17,276.9872
2020-11-16,276.604
2020-11-13,276.1456
2020-11-12,276.0276
2020-11-11,276.1105
2020-11-10,276.2227
2020-11-09,276.7639
2020-11-06,277.0535
2020-11-05,276.6196
2020-11-04,275.9867
2020-11-03,275.6459
2020-11-02,275.6707
2020-10-30,276.1671
2020-10-29,276.4075
2020-10-28,276.6932
2020-10-27,276.9955
2020-10-26,276.6683
2020-10-23,276.5089
2020-10-22,275.8662
2020-10-21,274.9501
2020-10-20,273.9734
2020-10-19,273.3917
2020-10-16,272.5975
2020-10-15,271.5235
2020-10-14,270.5399
2020-10-13,269.6697
2020-10-12,268.8961
2020-10-09,267.9322
2020-10-08,267.1691
2020-10-07,266.7076
2020-10-06,266.5885
2020-10-05,266.3154
2020-10-02,266.4621
2020-10-01,267.0805
2020-09-30,268.0592
2020-09-29,269.1146
2020-09-28,270.0167
2020-09-25,270.7435
2020-09-24,271.6733
2020-09-23,272.9482
2020-09-22,273.986
2020-09-21,274.5096
2020-09-18,275.1899
2020-09-17,275.8258
2020-09-16,276.1072
2020-09-15,276.2708
2020-09-14,276.0887
2020-09-11,275.9426
2020-09-10,276.0415
2020-09-09,276.0181
2020-09-08,275.4002
2020-09-04,275.4178
2020-09-03,274.8282
2020-09-02,274.2064
2020-09-01,272.6625
2020-08-31,271.2243
2020-08-28,269.9827
2020-08-27,268.6808
2020-08-26,267.224
2020-08-25,265.6568
2020-08-24,264.2424
2020-08-21,263.0977
2020-08-20,261.8167
2020-08-19,260.7495
2020-08-18,260.2056
2020-08-17,259.5255
2020-08-14,259.1097
2020-08-13,258.4894
2020-08-12,257.8389
2020-08-11,257.3053
2020-08-10,257.0706
2020-08-07,256.4975
2020-08-06,256.1324
2020-08-05,255.5257
2020-08-04,254.9872
2020-08-03,254.3168
2020-07-31,253.7817
2020-07-30,253.1196
2020-07-29,252.6015
2020-07-28,252.009
2020-07-27,251.3288
2020-07-24,250.3599
2020-07-23,249.8959
2020-07-22,249.1997
2020-07-21,248.4163
2020-07-20,247.5759
2020-07-17,246.4581
2020-07-16,245.7005
2020-07-15,244.9255
2020-07-14,244.0264
2020-07-13,242.9538
2020-07-10,241.8308
2020-07-09,240.353
2020-07-08,239.5554
2020-07-07,238.7225
2020-07-06,237.969
2020-07-02,237.0385
2020-07-01,236.1834
2020-06-30,235.4917
2020-06-29,234.8892
2020-06-26,234.4422
2020-06-25,234.0887
2020-06-24,233.2885
2020-06-23,232.6159
2020-06-22,231.6327
2020-06-19,230.7819
2020-06-18,230.0349
2020-06-17,229.4083
2020-06-16,228.5937
2020-06-15,227.8442
2020-06-12,227.0918
2020-06-11,226.4089
2020-06-10,225.6954
2020-06-09,224.5241
2020-06-08,223.7255
2020-06-05,222.9143
2020-06-04,222.0457
2020-06-03,221.2666
2020-06-02,220.3416
2020-06-01,219.3496
2020-05-29,218.3134
2020-05-28,217.611
2020-05-27,217.0769
2020-05-26,216.1636
2020-05-22,215.5084
2020-05-21,214.7395
2020-05-20,213.8476
2020-05-19,212.8551
2020-05-18,211.7872
2020-05-15,211.0732
2020-05-14,210.6854
2020-05-13,210.2683
2020-05-12,209.7867
2020-05-11,209.288
2020-05-08,208.1292
2020-05-07,206.9627
2020-05-06,205.9299
2020-05-05,204.8314
2020-05-04,203.802
2020-05-01,202.2539
2020-04-30,200.9547
2020-04-29,199.1758
2020-04-28,197.7857
2020-04-27,196.8399
2020-04-24,195.3691
2020-04-23,194.3027
2020-04-22,192.9311
2020-04-21,191.6037
2020-04-20,189.9302
2020-04-17,187.8693
2020-04-16,186.022
2020-04-15,184.2224
2020-04-14,182.8772
2020-04-13,180.7911
2020-04-09,180.2516
2020-04-08,179.0892
2020-04-07,178.809
2020-04-06,179.1627
2020-04-03,179.0013
2020-04-02,180.1779
2020-04-01,181.3994
2020-03-31,183.1222
2020-03-30,184.028
2020-03-27,185.1907
2020-03-26,186.1658
2020-03-25,186.8124
2020-03-24,188.4514
2020-03-23,189.9704
2020-03-20,192.423
2020-03-19,195.3122
2020-03-18,198.0826
2020-03-17,201.0111
2020-03-16,203.5618
2020-03-13,206.7309
2020-03-12,208.75
2020-03-11,211.5122
2020-03-10,213.2965
2020-03-09,214.6478
2020-03-06,216.3759
2020-03-05,217.4512
2020-03-04,218.2577
2020-03-03,218.7064
2020-03-02,219.332
2020-02-28,219.4606
2020-02-27,220.2754
2020-02-26,221.0597
2020-02-25,221.3007
2020-02-24,221.4331
2020-02-21,221.4967
2020-02-20,221.2212
2020-02-19,220.692
2020-02-18,220.0276
2020-02-14,219.4771
2020-02-13,218.8776
2020-02-12,218.2083
2020-02-11,217.52
2020-02-10,216.9836
2020-02-07,216.3269
2020-02-06,215.8317
2020-02-05,215.1992
2020-02-04,214.5838
2020-02-03,214.0061
2020-01-31,213.6084
2020-01-30,213.4673
2020-01-29,212.9827
2020-01-28,212.5171
2020-01-27,212.1369
2020-01-24,211.9278
2020-01-23,211.405
2020-01-22,210.7851
2020-01-21,210.1732
2020-01-17,209.5488
2020-01-16,208.8561
2020-01-15,208.209
2020-01-14,207.6585
2020-01-13,207.0116
2020-01-10,206.2897
2020-01-09,205.6159
2020-01-08,204.8627
2020-01-07,204.2069
2020-01-06,203.6748
2020-01-03,203.0361
2020-01-02,202.4451
2019-12-31,201.7086
2019-12-30,201.2213
2019-12-27,200.855
2019-12-26,200.4663
2019-12-24,199.9997
2019-12-23,199.6049
2019-12-20,199.0997
2019-12-19,198.6153
2019-12-18,198.1937
2019-12-17,197.8946
2019-12-16,197.5888
2019-12-13,197.281
2019-12-12,197.0022
2019-12-11,196.7641
2019-12-10,196.5976
2019-12-09,196.4553
2019-12-06,196.3179
2019-12-05,196.0967
2019-12-04,195.9481
2019-12-03,195.8407
2019-12-02,195.7773
2019-11-29,195.5774
2019-11-27,195.1892
2019-11-26,194.7513
2019-11-25,194.3365
2019-11-22,194.0147
2019-11-21,193.7151
2019-11-20,193.3468
2019-11-19,192.8662
2019-11-18,192.3087
2019-11-15,191.8402
2019-11-14,191.2972
2019-11-13,190.9158
2019-11-12,190.502
2019-11-11,190.1139
2019-11-08,189.6362
2019-11-07,189.1464
2019-11-06,188.5778
2019-11-05,187.9713
2019-11-04,187.2556
2019-11-01,186.6816
2019-10-31,186.1947
2019-10-30,185.6618
2019-10-29,185.0356
2019-10-28,184.6112
2019-10-25,184.1872
2019-10-24,183.7705
2019-10-23,183.5426
2019-10-22,183.439
2019-10-21,183.2512
2019-10-18,183.1113
2019-10-17,183.0497
2019-10-16,182.9965
2019-10-15,182.9526
2019-10-14,182.8893
2019-10-11,182.8992
2019-10-10,182.9497
2019-10-09,183.1511
2019-10-08,183.384
2019-10-07,183.618
2019-10-04,183.7422
2019-10-03,183.8581
2019-10-02,184.1157
2019-10-01,184.3045
2019-09-30,184.2081
2019-09-27,184.1249
2019-09-26,184.1497
2019-09-25,183.9241
2019-09-24,183.6327
2019-09-23,183.4622
2019-09-20,183.0365
2019-09-19,182.9022
2019-09-18,182.6989
2019-09-17,182.4308
2019-09-16,182.2294
2019-09-13,181.9299
2019-09-12,181.4474
2019-09-11,180.9417
2019-09-10,180.7466
2019-09-09,180.4428
2019-09-06,180.2158
2019-09-05,180.055
2019-09-04,179.6913
2019-09-03,179.4464
2019-08-30,179.2088
2019-08-29,179.203
2019-08-28,179.3107
2019-08-27,179.6009
2019-08-26,180.0525
2019-08-23,180.5259
2019-08-22,181.1644
2019-08-21,181.4194
2019-08-20,181.7343
2019-08-19,182.0637
2019-08-16,182.2618
2019-08-15,182.5289
2019-08-14,183.0056
2019-08-13,183.4615
2019-08-12,183.6914
2019-08-09,184.1648
2019-08-08,184.5048
2019-08-07,184.7057
2019-08-06,185.1071
2019-08-05,185.4645
2019-08-02,185.8982
2019-08-01,186.0769
2019-07-31,186.1392
2019-07-30,186.0866
2019-07-29,185.8683
2019-07-26,185.4877
2019-07-25,185.0631
2019-07-24,184.7004
2019-07-23,184.2068
2019-07-22,183.9349
2019-07-19,183.7235
2019-07-18,183.5991
2019-07-17,183.3227
2019-07-16,183.0232
2019-07-15,182.5492
2019-07-12,181.9738
2019-07-11,181.466
2019-07-10,180.9597
2019-07-09,180.4977
2019-07-08,180.1155
2019-07-05,179.6775
2019-07-03,179.0094
2019-07-02,178.2551
2019-07-01,177.5072
2019-06-28,176.5646
2019-06-27,175.9283
2019-06-26,175.4396
2019-06-25,174.9494
2019-06-24,174.5712
2019-06-21,174.0692
2019-06-20,173.5719
2019-06-19,173.1945
2019-06-18,172.9401
2019-06-17,172.6287
2019-06-14,172.595
2019-06-13,172.7054
2019-06-12,172.6895
2019-06-11,172.6027
2019-06-10,172.3704
2019-06-07,172.4596
2019-06-06,172.6393
2019-06-05,173.0326
2019-06-04,173.516
2019-06-03,174.2403
2019-05-31,175.2519
2019-05-30,175.9343
2019-05-29,176.5203
2019-05-28,177.1714
2019-05-24,177.8235
2019-05-23,178.4254
2019-05-22,179.0148
2019-05-21,179.4336
2019-05-20,179.8423
2019-05-17,180.2264
2019-05-16,180.436
2019-05-15,180.543
2019-05-14,180.7073
2019-05-13,180.9637
2019-05-10,181.3131
2019-05-09,181.3146
2019-05-08,181.3483
2019-05-07,181.2861
2019-05-06,181.2326
2019-05-03,180.9782
2019-05-02,180.6215
2019-05-01,180.4129
2019-04-30,180.1141
2019-04-29,179.7526
2019-04-26,179.2051
2019-04-25,178.6104
2019-04-24,178.0042
2019-04-23,177.4904
2019-04-22,176.9078
2019-04-18,176.4567
2019-04-17,176.2244
2019-04-16,175.8683
2019-04-15,175.5092
2019-04-12,175.1521
2019-04-11,174.776
2019-04-10,174.3596
2019-04-09,173.9365
2019-04-08,173.4975
2019-04-05,172.981
2019-04-04,172.3159
2019-04-03,171.7091
2019-04-02,171.2014
2019-04-01,170.792
2019-03-29,170.4095
2019-03-28,170.1403
2019-03-27,169.8784
2019-03-26,169.6555
2019-03-25,169.3825
2019-03-22,169.1408
2019-03-21,168.8524
2019-03-20,168.3097
2019-03-19,167.9327
2019-03-18,167.5914
2019-03-15,167.2627
2019-03-14,166.9197
2019-03-13,166.6455
2019-03-12,166.3511
2019-03-11,166.0004
2019-03-08,165.7036
2019-03-07,165.5621
2019-03-06,165.5183
2019-03-05,165.3966
2019-03-04,165.1552
2019-03-01,164.8199
2019-02-28,164.5202
2019-02-27,164.1589
2019-02-26,163.5807
2019-02-25,163.0712
2019-02-22,162.6686
2019-02-21,162.2024
2019-02-20,161.7469
2019-02-19,161.2509
2019-02-15,160.9127
2019-02-14,160.513
2019-02-13,160.0863
2019-02-12,159.6711
2019-02-11,159.1121
2019-02-08,158.7412
2019-02-07,158.391
2019-02-06,158.0346
2019-02-05,157.5054
2019-02-04,156.8829
2019-02-01,156.2431
2019-01-31,155.395
2019-01-30,154.7562
2019-01-29,154.2068
2019-01-28,153.7931
2019-01-25,153.3091
2019-01-24,152.6987
2019-01-23,151.751
2019-01-22,151.0289
2019-01-18,150.5433
2019-01-17,150.0058
2019-01-16,149.7329
2019-01-15,149.4741
2019-01-14,149.3889
2019-01-11,149.6462
2019-01-10,149.8327
2019-01-09,149.9218
2019-01-08,150.0071
2019-01-07,150.0739
2019-01-04,150.4738
2019-01-03,150.907
2019-01-02,151.9656
2018-12-31,152.6389
2018-12-28,153.2834
2018-12-27,154.0164
2018-12-26,154.4932
2018-12-24,154.9721
2018-12-21,155.7054
2018-12-20,156.3194
2018-12-19,156.6489
2018-12-18,157.0101
2018-12-17,157.4456
2018-12-14,157.9569
2018-12-13,158.1545
2018-12-12,158.2202
2018-12-11,158.2816
2018-12-10,158.661
2018-12-07,159.2073
2018-12-06,159.8885
2018-12-04,160.0491
2018-12-03,160.2045
2018-11-30,160.063
2018-11-29,160.1921
2018-11-28,160.2722
2018-11-27,160.1388
2018-11-26,160.1288
2018-11-23,160.3096
2018-11-21,160.878
2018-11-20,161.1164
2018-11-19,161.7931
2018-11-16,162.3615
2018-11-15,162.6263
2018-11-14,162.8704
2018-11-13,163.4503
2018-11-12,163.966
2018-11-09,164.248
2018-11-08,164.3823
2018-11-07,164.1492
2018-11-06,163.9645
2018-11-05,164.4149
2018-11-02,164.8989
2018-11-01,165.4155
2018-10-31,165.9105
2018-10-30,166.6841
2018-10-29,167.6353
2018-10-26,168.7356
2018-10-25,169.6532
2018-10-24,170.3616
2018-10-23,171.2696
2018-10-22,171.791
2018-10-19,172.2697
2018-10-18,172.7666
2018-10-17,173.3043
2018-10-16,173.5481
2018-10-15,173.802
2018-10-12,174.2243
2018-10-11,174.6723
2018-10-10,175.3726
2018-10-09,175.8774
2018-10-08,176.029
2018-10-05,176.1415
2018-10-04,176.172
2018-10-03,176.129
2018-10-02,175.9934
2018-10-01,175.9822
2018-09-28,175.9892
2018-09-27,176.003
2018-09-26,176.0306
2018-09-25,176.031
2018-09-24,176.0248
2018-09-21,175.9415
2018-09-20,175.8022
2018-09-19,175.6269
2018-09-18,175.5149
2018-09-17,175.3645
2018-09-14,175.2937
2018-09-13,175.094
2018-09-12,174.8403
2018-09-11,174.7862
2018-09-10,174.6521
2018-09-07,174.5947
2018-09-06,174.633
2018-09-05,174.643
2018-09-04,174.564
2018-08-31,174.3385
2018-08-30,174.0239
2018-08-29,173.6945
2018-08-28,173.2339
2018-08-27,172.8432
2018-08-24,172.4013
2018-08-23,172.1686
2018-08-22,172.1327
2018-08-21,172.217
2018-08-20,172.2141
2018-08-17,172.2074
2018-08-16,172.1657
2018-08-15,172.1279
2018-08-14,172.1614
2018-08-13,172.1049
2018-08-10,172.0504
2018-08-09,172.0068
2018-08-08,171.8895
2018-08-07,171.6214
2018-08-06,171.4069
2018-08-03,171.2177
2018-08-02,171.0037
2018-08-01,170.6872
2018-07-31,170.3846
2018-07-30,170.2099
2018-07-27,170.0442
2018-07-26,169.7364
2018-07-25,169.2422
2018-07-24,168.7275
2018-07-23,168.3
2018-07-20,168.097
2018-07-19,167.9399
2018-07-18,167.8547
2018-07-17,167.6665
2018-07-16,167.486
2018-07-13,167.3626
2018-07-12,167.2481
2018-07-11,167.0559
2018-07-10,167.0096
2018-07-09,166.8763
2018-07-06,166.7268
2018-07-05,166.6524
2018-07-03,166.7752
2018-07-02,166.9507
2018-06-29,167.0046
2018-06-28,167.0391
2018-06-27,166.9681
2018-06-26,166.9722
2018-06-25,166.8065
2018-06-22,166.7101
2018-06-21,166.4165
2018-06-20,166.1066
2018-06-19,165.6551
2018-06-18,165.2739
2018-06-15,164.824
2018-06-14,164.4107
2018-06-13,163.9989
2018-06-12,163.619
2018-06-11,163.3286
2018-06-08,163.0682
2018-06-07,162.8379
2018-06-06,162.5249
2018-06-05,162.0572
2018-06-04,161.6463
2018-06-01,161.1958
2018-05-31,160.6731
2018-05-30,160.279
2018-05-29,159.9254
2018-05-25,159.5418
2018-05-24,159.1772
2018-05-23,158.816
2018-05-22,158.2929
2018-05-21,157.8285
2018-05-18,157.5175
2018-05-17,157.2709
2018-05-16,157.1075
2018-05-15,156.9862
2018-05-14,156.9016
2018-05-11,156.56
2018-05-10,156.1735
2018-05-09,155.8195
2018-05-08,155.4564
2018-05-07,155.2242
2018-05-04,154.8176
2018-05-03,154.4239
2018-05-02,154.369
2018-05-01,154.2696
2018-04-30,154.0059
2018-04-27,153.7465
2018-04-26,153.6528
2018-04-25,153.4263
2018-04-24,153.4469
2018-04-23,153.7307
2018-04-20,153.5692
2018-04-19,153.5931
2018-04-18,153.6891
2018-04-17,153.7469
2018-04-16,153.7947
2018-04-13,154.1835
2018-04-12,154.6554
2018-04-11,155.0943
2018-04-10,155.6268
2018-04-09,156.2279
2018-04-06,156.9515
2018-04-05,157.5701
2018-04-04,157.9524
2018-04-03,158.3595
2018-04-02,158.8513
2018-03-29,159.3389
2018-03-28,159.5337
2018-03-27,159.9964
2018-03-26,160.4231
2018-03-23,160.6963
2018-03-22,161.1446
2018-03-21,161.2271
2018-03-20,161.1138
2018-03-19,160.988
2018-03-16,160.8727
2018-03-15,160.6189
2018-03-14,160.1968
2018-03-13,159.6249
2018-03-12,159.0125
2018-03-09,158.1549
2018-03-08,157.2148
2018-03-07,156.7545
2018-03-06,156.4387
2018-03-05,155.9417
2018-03-02,155.7881
2018-03-01,155.8821
2018-02-28,156.1168
2018-02-27,156.1878
2018-02-26,156.2742
2018-02-23,156.2994
2018-02-22,156.308
2018-02-21,156.4802
2018-02-20,156.7039
2018-02-16,156.8389
2018-02-15,156.9047
2018-02-14,156.9104
2018-02-13,157.0588
2018-02-12,157.2653
2018-02-09,157.5334
2018-02-08,157.8763
2018-02-07,158.2927
2018-02-06,158.4048
2018-02-05,158.4163
2018-02-02,158.5975
2018-02-01,158.3924
2018-01-31,158.0142
2018-01-30,157.4938
2018-01-29,156.8766
2018-01-26,156.2389
2018-01-25,155.5525
2018-01-24,154.9882
2018-01-23,154.4616
2018-01-22,153.8912
2018-01-19,153.3861
2018-01-18,152.9739
2018-01-17,152.6315
2018-01-16,152.2276
2018-01-12,151.824
2018-01-11,151.4031
2018-01-10,151.0252
2018-01-09,150.7103
2018-01-08,150.3201
2018-01-05,149.898
2018-01-04,149.4812
2018-01-03,149.1084
2018-01-02,148.7441
2017-12-29,148.5381
2017-12-28,148.4936
2017-12-27,148.3415
2017-12-26,148.3285
2017-12-22,148.2973
2017-12-21,148.2289
2017-12-20,148.1248
2017-12-19,148.0126
2017-12-18,147.8128
2017-12-15,147.5739
2017-12-14,147.4258
2017-12-13,147.2692
2017-12-12,147.1417
2017-12-11,147.055
2017-12-08,146.9494
2017-12-07,146.9013
2017-12-06,146.9241
2017-12-05,146.9422
2017-12-04,146.9889
2017-12-01,147.0155
2017-11-30,146.888
2017-11-29,146.7428
2017-11-28,146.6614
2017-11-27,146.4229
2017-11-24,146.1873
2017-11-22,145.7446
2017-11-21,145.3515
2017-11-20,144.994
2017-11-17,144.7041
2017-11-16,144.4547
2017-11-15,144.1582
2017-11-14,143.9806
2017-11-13,143.7774
2017-11-10,143.5384
2017-11-09,143.2843
2017-11-08,143.0025
2017-11-07,142.695
2017-11-06,142.3961
2017-11-03,142.0962
2017-11-02,141.8292
2017-11-01,141.6221
2017-10-31,141.3332
2017-10-30,141.0352
2017-10-27,140.7496
2017-10-26,140.474
2017-10-25,140.3526
2017-10-24,140.2113
2017-10-23,139.9818
2017-10-20,139.7467
2017-10-19,139.5377
2017-10-18,139.3545
2017-10-17,139.1874
2017-10-16,139.0332
2017-10-13,138.8761
2017-10-12,138.7524
2017-10-11,138.632
2017-10-10,138.5396
2017-10-09,138.4587
2017-10-06,138.3664
2017-10-05,138.1871
2017-10-04,138.0773
2017-10-03,138.0193
2017-10-02,137.9471
2017-09-29,137.9519
2017-09-28,137.9723
2017-09-27,137.9687
2017-09-26,137.8829
2017-09-25,137.8319
2017-09-22,137.7776
2017-09-21,137.6651
2017-09-20,137.566
2017-09-19,137.4488
2017-09-18,137.208
2017-09-15,136.9876
2017-09-14,136.763
2017-09-13,136.7022
2017-09-12,136.5887
2017-09-11,136.4799
2017-09-08,136.3008
2017-09-07,136.1498
2017-09-06,136.0857
2017-09-05,136.0468
2017-09-01,136.0406
2017-08-31,135.929
2017-08-30,135.7955
2017-08-29,135.7623
2017-08-28,135.7903
2017-08-25,135.8292
2017-08-24,135.918
2017-08-23,135.9983
2017-08-22,136.1018
2017-08-21,136.1588
2017-08-18,136.3355
2017-08-17,136.4723
2017-08-16,136.6072
2017-08-15,136.5929
2017-08-14,136.5507
2017-08-11,136.468
2017-08-10,136.469
2017-08-09,136.468
2017-08-08,136.3056
2017-08-07,136.0558
2017-08-04,135.7756
2017-08-03,135.4958
2017-08-02,135.1586
2017-08-01,134.8537
2017-07-31,134.5036
2017-07-28,134.2382
2017-07-27,133.9413
2017-07-26,133.7542
2017-07-25,133.4293
2017-07-24,133.2479
2017-07-21,133.0802
2017-07-20,132.9183
2017-07-19,132.7554
2017-07-18,132.5359
2017-07-17,132.4087
2017-07-14,132.2168
2017-07-13,132.0567
2017-07-12,131.9787
2017-07-11,131.9444
2017-07-10,131.9349
2017-07-07,131.9794
2017-07-06,132.2367
2017-07-05,132.5567
2017-07-03,132.7914
2017-06-30,133.1166
2017-06-29,133.3744
2017-06-28,133.5579
2017-06-27,133.5999
2017-06-26,133.7387
2017-06-23,133.7508
2017-06-22,133.7197
2017-06-21,133.6579
2017-06-20,133.5638
2017-06-19,133.5287
2017-06-16,133.3864
2017-06-15,133.3263
2017-06-14,133.1813
2017-06-13,133.1752
2017-06-12,133.1127
2017-06-09,133.0828
2017-06-08,133.0028
2017-06-07,132.7579
2017-06-06,132.5163
2017-06-05,132.2786
2017-06-02,131.9996
2017-06-01,131.6955
2017-05-31,131.4658
2017-05-30,131.283
2017-05-26,131.0869
2017-05-25,130.8391
2017-05-24,130.5919
2017-05-23,130.3627
2017-05-22,130.1727
2017-05-19,129.9435
2017-05-18,129.6934
2017-05-17,129.4722
2017-05-16,129.2553
2017-05-15,128.8602
2017-05-12,128.5022
2017-05-11,128.1138
2017-05-10,127.7647
2017-05-09,127.4355
2017-05-08,127.1371
2017-05-05,126.8591
2017-05-04,126.5986
2017-05-03,126.3584
2017-05-02,126.1462
2017-05-01,125.9032
2017-04-28,125.6749
2017-04-27,125.5082
2017-04-26,125.3424
2017-04-25,125.1861
2017-04-24,124.9829
2017-04-21,124.8157
2017-04-20,124.7115
2017-04-19,124.6215
2017-04-18,124.542
2017-04-17,124.5671
2017-04-13,124.577
2017-04-12,124.6403
2017-04-11,124.6832
2017-04-10,124.6627
2017-04-07,124.6303
2017-04-06,124.5899
2017-04-05,124.5202
2017-04-04,124.4491
2017-04-03,124.3415
2017-03-31,124.2543
2017-03-30,124.177
2017-03-29,124.0841
2017-03-28,124.0328
2017-03-27,123.9432
2017-03-24,123.9105
2017-03-23,123.8802
2017-03-22,123.8508
2017-03-21,123.829
2017-03-20,123.8464
2017-03-17,123.7389
2017-03-16,123.6106
2017-03-15,123.4821
2017-03-14,123.3133
2017-03-13,123.1625
2017-03-10,122.9626
2017-03-09,122.7532
2017-03-08,122.5481
2017-03-07,122.3377
2017-03-06,122.1165
2017-03-03,121.8778
2017-03-02,121.6084
2017-03-01,121.3555
2017-02-28,121.0308
2017-02-27,120.785
2017-02-24,120.5667
2017-02-23,120.3445
2017-02-22,120.128
2017-02-21,119.8293
2017-02-17,119.4937
2017-02-16,119.1836
2017-02-15,118.8873
2017-02-14,118.5919
2017-02-13,118.3206
2017-02-10,118.0871
2017-02-09,117.8677
2017-02-08,117.6773
2017-02-07,117.4929
2017-02-06,117.3057
2017-02-03,117.1214
2017-02-02,116.8941
2017-02-01,116.6516
2017-01-31,116.3732
2017-01-30,116.0853
2017-01-27,115.8438
2017-01-26,115.564
2017-01-25,115.3399
2017-01-24,115.0927
2017-01-23,114.9008
2017-01-20,114.7642
2017-01-19,114.6366
2017-01-18,114.5
2017-01-17,114.3374
2017-01-13,114.2076
2017-01-12,114.0513
2017-01-11,113.9267
2017-01-10,113.7224
2017-01-09,113.5592
2017-01-06,113.3649
2017-01-05,113.1796
2017-01-04,112.9747
2017-01-03,112.7887
2016-12-30,112.591
2016-12-29,112.4326
2016-12-28,112.3117
2016-12-27,112.2506
2016-12-23,112.1258
2016-12-22,112.043
2016-12-21,111.9461
2016-12-20,111.8557
2016-12-19,111.7441
2016-12-16,111.5968
2016-12-15,111.4934
2016-12-14,111.3289
2016-12-13,111.1408
2016-12-12,110.8661
2016-12-09,110.7172
2016-12-08,110.5405
2016-12-07,110.4971
2016-12-06,110.4382
2016-12-05,110.4132
2016-12-02,110.2742
2016-12-01,110.1964
2016-11-30,110.1828
2016-11-29,110.1173
2016-11-28,110.0254
2016-11-25,109.958
2016-11-23,109.9127
2016-11-22,109.9108
2016-11-21,109.9245
2016-11-18,109.973
2016-11-17,110.0122
2016-11-16,110.0098
2016-11-15,110.0541
2016-11-14,110.1314
2016-11-11,110.2346
2016-11-10,110.2978
2016-11-09,110.3567
2016-11-08,110.3458
2016-11-07,110.3651
2016-11-04,110.5004
2016-11-03,110.7275
2016-11-02,110.9481
2016-11-01,111.1182
2016-10-31,111.2247
2016-10-28,111.2983
2016-10-27,111.3746
2016-10-26,111.3746
2016-10-25,111.3897
2016-10-24,111.3572
2016-10-21,111.2521
2016-10-20,111.2606
2016-10-19,111.3256
2016-10-18,111.3397
2016-10-17,111.2992
2016-10-14,111.2973
2016-10-13,111.3044
2016-10-12,111.3207
2016-10-11,111.2326
2016-10-10,111.1139
2016-10-07,110.964
2016-10-06,110.7531
2016-10-05,110.6686
2016-10-04,110.6137
2016-10-03,110.5753
2016-09-30,110.4941
2016-09-29,110.3871
2016-09-28,110.3074
2016-09-27,110.1928
2016-09-26,110.1055
2016-09-23,110.0654
2016-09-22,109.9706
2016-09-21,109.8489
2016-09-20,109.8072
2016-09-19,109.8099
2016-09-16,109.8187
2016-09-15,109.8049
2016-09-14,109.787
2016-09-13,109.8439
2016-09-12,109.9572
2016-09-09,109.9981
2016-09-08,110.1316
2016-09-07,110.1029
2016-09-06,110.0559
2016-09-02,109.9995
2016-09-01,109.9835
2016-08-31,109.9332
2016-08-30,109.8815
2016-08-29,109.8063
2016-08-26,109.7546
2016-08-25,109.6817
2016-08-24,109.6051
2016-08-23,109.5008
2016-08-22,109.3235
2016-08-19,109.1501
2016-08-18,108.9804
2016-08-17,108.7872
2016-08-16,108.6076
2016-08-15,108.3763
2016-08-12,108.1337
2016-08-11,107.8799
2016-08-10,107.6383
2016-08-09,107.3844
2016-08-08,107.1292
2016-08-05,106.8603
2016-08-04,106.5557
2016-08-03,106.2242
2016-08-02,105.8933
2016-08-01,105.5388
2016-07-29,105.1741
2016-07-28,104.8126
2016-07-27,104.405
2016-07-26,103.9293
2016-07-25,103.3854
2016-07-22,102.9449
2016-07-21,102.7155
2016-07-20,102.4363
2016-07-19,102.157
2016-07-18,101.9234
2016-07-15,101.639
2016-07-14,101.4486
2016-07-13,101.2347
2016-07-12,101.0712
2016-07-11,100.8949
2016-07-08,100.7876
2016-07-07,100.7685
2016-07-06,100.8368
2016-07-05,100.9113
2016-07-01,101.0403
2016-06-30,101.1195
2016-06-29,101.2484
2016-06-28,101.4244
2016-06-27,101.6869
2016-06-24,102.0448
2016-06-23,102.2787
2016-06-22,102.2871
2016-06-21,102.3307
2016-06-20,102.2623
2016-06-17,102.2164
2016-06-16,102.1477
2016-06-15,102.0455
2016-06-14,101.9404
2016-06-13,101.8837
2016-06-10,101.7651
2016-06-09,101.6221
2016-06-08,101.4425
2016-06-07,101.3
2016-06-06,101.0984
2016-06-03,100.8696
2016-06-02,100.6334
2016-06-01,100.3741
2016-05-31,100.1575
2016-05-27,99.9878
2016-05-26,99.781
2016-05-25,99.6272
2016-05-24,99.5494
2016-05-23,99.549
2016-05-20,99.6732
2016-05-19,99.7909
2016-05-18,100.0412
2016-05-17,100.2653
2016-05-16,100.503
2016-05-13,100.7098
2016-05-12,100.9507
2016-05-11,101.1866
2016-05-10,101.3999
2016-05-09,101.5021
2016-05-06,101.6296
2016-05-05,101.7899
2016-05-04,101.9803
2016-05-03,102.2438
2016-05-02,102.3915
2016-04-29,102.5424
2016-04-28,102.76
2016-04-27,102.8969
2016-04-26,102.9803
2016-04-25,102.9981
2016-04-22,102.9104
2016-04-21,102.8298
2016-04-20,102.6695
2016-04-19,102.5513
2016-04-18,102.4219
2016-04-15,102.241
2016-04-14,102.0798
2016-04-13,101.9083
2016-04-12,101.6929
2016-04-11,101.545
2016-04-08,101.4314
2016-04-07,101.2134
2016-04-06,100.9992
2016-04-05,100.6791
2016-04-04,100.4836
2016-04-01,100.2688
2016-03-31,100.0324
2016-03-30,99.8598
2016-03-29,99.6778
2016-03-28,99.3668
2016-03-24,99.18
2016-03-23,98.9922
2016-03-22,98.7586
2016-03-21,98.4379
2016-03-18,98.2122
2016-03-17,97.929
2016-03-16,97.6397
2016-03-15,97.4022
2016-03-14,97.1031
2016-03-11,96.6987
2016-03-10,96.2341
2016-03-09,95.8615
2016-03-08,95.4642
2016-03-07,95.1122
2016-03-04,94.7897
2016-03-03,94.6018
2016-03-02,94.4162
2016-03-01,94.2442
2016-02-29,94.1797
2016-02-26,94.2559
2016-02-25,94.189
2016-02-24,94.0497
2016-02-23,94.0778
2016-02-22,94.1081
2016-02-19,94.1311
2016-02-18,94.0946
2016-02-17,94.0675
2016-02-16,94.0002
2016-02-12,94.0287
2016-02-11,94.3115
2016-02-10,94.5616
2016-02-09,94.9753
2016-02-08,95.3497
2016-02-05,95.6951
2016-02-04,96.0106
2016-02-03,96.3196
2016-02-02,96.6772
2016-02-01,97.0208
2016-01-29,97.369
2016-01-28,97.7963
2016-01-27,98.3712
2016-01-26,98.9298
2016-01-25,99.3711
2016-01-22,99.8563
2016-01-21,100.2307
2016-01-20,100.7075
2016-01-19,101.132
2016-01-15,101.642
2016-01-14,102.2397
2016-01-13,102.6085
2016-01-12,103.0471
2016-01-11,103.2764
2016-01-08,103.6839
2016-01-07,104.0826
2016-01-06,104.5222
2016-01-05,104.8029
2016-01-04,105.0587
2015-12-31,105.183
2015-12-30,105.2875
2015-12-29,105.3591
2015-12-28,105.3294
2015-12-24,105.396
2015-12-23,105.4524
2015-12-22,105.5031
2015-12-21,105.5973
2015-12-18,105.741
2015-12-17,105.9059
2015-12-16,105.9669
2015-12-15,105.8509
2015-12-14,105.8094
2015-12-11,105.726
2015-12-10,105.7843
2015-12-09,105.7721
2015-12-08,105.7903
2015-12-07,105.7409
2015-12-04,105.7488
2015-12-03,105.7288
2015-12-02,105.8458
2015-12-01,105.8719
2015-11-30,105.8462
2015-11-27,105.8141
2015-11-25,105.7922
2015-11-24,105.7861
2015-11-23,105.7409
2015-11-20,105.6803
2015-11-19,105.6011
2015-11-18,105.4147
2015-11-17,105.13
2015-11-16,104.9758
2015-11-13,104.8509
2015-11-12,104.7707
2015-11-11,104.5671
2015-11-10,104.2311
2015-11-09,103.8965
2015-11-06,103.5806
2015-11-05,103.1957
2015-11-04,102.7921
2015-11-03,102.3546
2015-11-02,101.8881
2015-10-30,101.4636
2015-10-29,101.0293
2015-10-28,100.4878
2015-10-27,99.9156
2015-10-26,99.2813
2015-10-23,98.6816
2015-10-22,98.2221
2015-10-21,97.9467
2015-10-20,97.7911
2015-10-19,97.601
2015-10-16,97.4584
2015-10-15,97.3293
2015-10-14,97.2919
2015-10-13,97.3336
2015-10-12,97.3396
2015-10-09,97.2557
2015-10-08,97.1989
2015-10-07,97.1375
2015-10-06,97.0431
2015-10-05,97.0329
2015-10-02,96.8655
2015-10-01,96.8248
2015-09-30,96.8911
2015-09-29,96.8474
2015-09-28,97.0609
2015-09-25,97.3116
2015-09-24,97.4263
2015-09-23,97.3786
2015-09-22,97.0835
2015-09-21,96.8094
2015-09-18,96.6448
2015-09-17,96.7132
2015-09-16,96.8526
2015-09-15,97.0279
2015-09-14,97.2575
2015-09-11,97.502
2015-09-10,97.7237
2015-09-09,97.9808
2015-09-08,98.2727
2015-09-04,98.5762
2015-09-03,98.9551
2015-09-02,99.2833
2015-09-01,99.671
2015-08-31,100.1516
2015-08-28,100.4905
2015-08-27,100.7847
2015-08-26,101.0841
2015-08-25,101.4801
2015-08-24,102.0863
2015-08-21,102.6311
2015-08-20,103.0355
2015-08-19,103.2735
2015-08-18,103.3892
2015-08-17,103.531
2015-08-14,103.6496
2015-08-13,103.7927
2015-08-12,103.8671
2015-08-11,103.8606
2015-08-10,103.8662
2015-08-07,103.7718
2015-08-06,103.6482
2015-08-05,103.4427
2015-08-04,103.1568
2015-08-03,102.9978
2015-07-31,102.8166
2015-07-30,102.6306
2015-07-29,102.4372
2015-07-28,102.229
2015-07-27,102.0226
2015-07-24,101.9803
2015-07-23,101.9292
2015-07-22,101.8371
2015-07-21,101.7521
2015-07-20,101.6028
2015-07-17,101.4127
2015-07-16,101.266
2015-07-15,101.1223
2015-07-14,101.0372
2015-07-13,100.9303
2015-07-10,100.8819
2015-07-09,100.9631
2015-07-08,101.1122
2015-07-07,101.1899
2015-07-06,101.1885
2015-07-02,101.2512
2015-07-01,101.3143
2015-06-30,101.4177
2015-06-29,101.5453
2015-06-26,101.7069
2015-06-25,101.7313
2015-06-24,101.7525
2015-06-23,101.775
2015-06-22,101.6893
2015-06-19,101.6668
2015-06-18,101.687
2015-06-17,101.6555
2015-06-16,101.6944
2015-06-15,101.7529
2015-06-12,101.8164
2015-06-11,101.8549
2015-06-10,101.7784
2015-06-09,101.6991
2015-06-08,101.7111
2015-06-05,101.7343
2015-06-04,101.6439
2015-06-03,101.5117
2015-06-02,101.3749
2015-06-01,101.3359
2015-05-29,101.2724
2015-05-28,101.1602
2015-05-27,101.0971
2015-05-26,101.0544
2015-05-22,101.1036
2015-05-21,101.1068
2015-05-20,101.0363
2015-05-19,100.9733
2015-05-18,100.8861
2015-05-15,100.772
2015-05-14,100.6064
2015-05-13,100.5188
2015-05-12,100.5113
2015-05-11,100.4831
2015-05-08,100.4464
2015-05-07,100.4028
2015-05-06,100.401
2015-05-05,100.3977
2015-05-04,100.3212
2015-05-01,100.1705
2015-04-30,99.9882
2015-04-29,99.8686
2015-04-28,99.6946
2015-04-27,99.5411
2015-04-24,99.3213
2015-04-23,99.069
2015-04-22,98.9021
2015-04-21,98.8687
2015-04-20,98.8807
2015-04-17,98.9239
2015-04-16,99.0084
2015-04-15,99.0077
2015-04-14,98.9514
2015-04-13,98.9183
2015-04-10,98.8079
2015-04-09,98.7063
2015-04-08,98.5932
2015-04-07,98.5393
2015-04-06,98.617
2015-04-02,98.6719
2015-04-01,98.8237
2015-03-31,98.9699
2015-03-30,99.11
2015-03-27,99.2214
2015-03-26,99.3435
2015-03-25,99.5072
2015-03-24,99.6289
2015-03-23,99.6485
2015-03-20,99.6463
2015-03-19,99.6292
2015-03-18,99.6112
2015-03-17,99.576
2015-03-16,99.5825
2015-03-13,99.5922
2015-03-12,99.6228
2015-03-11,99.5756
2015-03-10,99.5427
2015-03-09,99.4076
2015-03-06,99.1952
2015-03-05,99.0263
2015-03-04,98.7593
2015-03-03,98.5053
2015-03-02,98.1865
2015-02-27,97.8034
2015-02-26,97.5022
2015-02-25,97.1338
2015-02-24,96.815
2015-02-23,96.6087
2015-02-20,96.4115
2015-02-19,96.2089
2015-02-18,95.9521
2015-02-17,95.6957
2015-02-13,95.4093
2015-02-12,95.0734
2015-02-11,94.8402
2015-02-10,94.6893
2015-02-09,94.5574
2015-02-06,94.5491
2015-02-05,94.557
2015-02-04,94.4459
2015-02-03,94.3164
2015-02-02,94.2456
2015-01-30,94.29
2015-01-29,94.3895
2015-01-28,94.5019
2015-01-27,94.6916
2015-01-26,94.8582
2015-01-23,94.8656
2015-01-22,94.8633
2015-01-21,94.8887
2015-01-20,94.9896
2015-01-16,95.0935
2015-01-15,95.1214
2015-01-14,95.1196
2015-01-13,95.1323
2015-01-12,95.168
2015-01-09,95.2544
2015-01-08,95.2686
2015-01-07,95.3275
2015-01-06,95.4609
2015-01-05,95.6886
2015-01-02,95.8529
2014-12-31,95.9496
2014-12-30,96.0233
2014-12-29,96.028
2014-12-26,96.0557
2014-12-24,96.0599
2014-12-23,96.0669
2014-12-22,96.0708
2014-12-19,96.0202
2014-12-18,95.9724
2014-12-17,95.9244
2014-12-16,96.0111
2014-12-15,96.1462
2014-12-12,96.2204
2014-12-11,96.231
2014-12-10,96.1692
2014-12-09,96.1218
2014-12-08,95.9835
2014-12-05,95.8438
2014-12-04,95.6737
2014-12-03,95.4893
2014-12-02,95.3021
2014-12-01,95.1394
2014-11-28,94.9822
2014-11-26,94.706
2014-11-25,94.4428
2014-11-24,94.2279
2014-11-21,93.9518
2014-11-20,93.7098
2014-11-19,93.4401
2014-11-18,93.1248
2014-11-17,92.8108
2014-11-14,92.418
2014-11-13,91.9469
2014-11-12,91.4347
2014-11-11,90.9696
2014-11-10,90.5404
2014-11-07,90.1255
2014-11-06,89.7954
2014-11-05,89.5727
2014-11-04,89.4381
2014-11-03,89.2173
2014-10-31,89.0449
2014-10-30,88.896
2014-10-29,88.7664
2014-10-28,88.6466
2014-10-27,88.5825
2014-10-24,88.5806
2014-10-23,88.588
2014-10-22,88.5843
2014-10-21,88.7443
2014-10-20,88.8324
2014-10-17,89.0472
2014-10-16,89.369
2014-10-15,89.7494
2014-10-14,90.0686
2014-10-13,90.3532
2014-10-10,90.5988
2014-10-09,90.8202
2014-10-08,90.9536
2014-10-07,91.0173
2014-10-06,91.13
2014-10-03,91.2168
2014-10-02,91.2852
2014-10-01,91.3748
2014-09-30,91.4685
2014-09-29,91.5166
2014-09-26,91.5578
2014-09-25,91.576
2014-09-24,91.6471
2014-09-23,91.6206
2014-09-22,91.6383
2014-09-19,91.6274
2014-09-18,91.5668
2014-09-17,91.4942
2014-09-16,91.456
2014-09-15,91.3994
2014-09-12,91.3479
2014-09-11,91.2306
2014-09-10,91.0669
2014-09-09,90.8531
2014-09-08,90.6787
2014-09-05,90.4405
2014-09-04,90.1797
2014-09-03,89.9558
2014-09-02,89.7309
2014-08-29,89.5124
2014-08-28,89.2774
2014-08-27,89.0755
2014-08-26,88.9587
2014-08-25,88.8253
2014-08-22,88.7044
2014-08-21,88.5981
2014-08-20,88.5162
2014-08-19,88.4485
2014-08-18,88.3524
2014-08-15,88.2535
2014-08-14,88.1946
2014-08-13,88.0883
2014-08-12,88.0635
2014-08-11,88.0677
2014-08-08,88.0851
2014-08-07,88.1021
2014-08-06,88.1224
2014-08-05,88.1426
2014-08-04,88.1274
2014-08-01,88.1316
2014-07-31,88.1789
2014-07-30,88.1826
2014-07-29,88.0888
2014-07-28,87.9651
2014-07-25,87.8262
2014-07-24,87.6698
2014-07-23,87.4937
2014-07-22,87.2855
2014-07-21,87.1098
2014-07-18,86.9612
2014-07-17,86.8022
2014-07-16,86.7149
2014-07-15,86.5453
2014-07-14,86.3909
2014-07-11,86.2176
2014-07-10,86.0582
2014-07-09,85.9653
2014-07-08,85.8596
2014-07-07,85.7787
2014-07-03,85.6482
2014-07-02,85.48
2014-07-01,85.3041
2014-06-30,85.1199
2014-06-27,84.985
2014-06-26,84.8615
2014-06-25,84.7564
2014-06-24,84.6271
2014-06-23,84.5377
2014-06-20,84.3928
2014-06-19,84.219
2014-06-18,84.0323
2014-06-17,83.8044
2014-06-16,83.6149
2014-06-13,83.3998
2014-06-12,83.162
2014-06-11,82.9684
2014-06-10,82.7574
2014-06-09,82.5428
2014-06-06,82.2699
2014-06-05,81.9791
2014-06-04,81.7162
2014-06-03,81.5002
2014-06-02,81.3521
2014-05-30,81.181
2014-05-29,81.0131
2014-05-28,80.8337
2014-05-27,80.6705
2014-05-23,80.4626
2014-05-22,80.2934
2014-05-21,80.2182
2014-05-20,80.1227
2014-05-19,80.1012
2014-05-16,80.0333
2014-05-15,79.964
2014-05-14,79.9202
2014-05-13,79.7927
2014-05-12,79.6313
2014-05-09,79.4423
2014-05-08,79.3643
2014-05-07,79.4258
2014-05-06,79.4157
2014-05-05,79.3579
2014-05-02,79.2854
2014-05-01,79.3423
2014-04-30,79.4244
2014-04-29,79.5079
2014-04-28,79.5313
2014-04-25,79.5579
2014-04-24,79.5895
2014-04-23,79.5794
2014-04-22,79.6597
2014-04-21,79.6913
2014-04-17,79.7904
2014-04-16,79.9684
2014-04-15,80.1359
2014-04-14,80.3777
2014-04-11,80.5829
2014-04-10,80.7826
2014-04-09,80.9649
2014-04-08,81.081
2014-04-07,81.2494
2014-04-04,81.4719
2014-04-03,81.6531
2014-04-02,81.7467
2014-04-01,81.8113
2014-03-31,81.8751
2014-03-28,81.9573
2014-03-27,82.0987
2014-03-26,82.2524
2014-03-25,82.3571
2014-03-24,82.4131
2014-03-21,82.487
2014-03-20,82.5032
2014-03-19,82.4753
2014-03-18,82.4397
2014-03-17,82.4099
2014-03-14,82.4095
2014-03-13,82.4365
2014-03-12,82.4056
2014-03-11,82.3084
2014-03-10,82.1811
2014-03-07,82.0132
2014-03-06,81.7793
2014-03-05,81.4755
2014-03-04,81.1781
2014-03-03,80.8639
2014-02-28,80.6921
2014-02-27,80.5001
2014-02-26,80.232
2014-02-25,80.0324
2014-02-24,79.8314
2014-02-21,79.6641
2014-02-20,79.5981
2014-02-19,79.5402
2014-02-18,79.491
2014-02-14,79.3829
2014-02-13,79.3178
2014-02-12,79.2604
2014-02-11,79.2002
2014-02-10,79.073
2014-02-07,79.0503
2014-02-06,79.0375
2014-02-05,79.1077
2014-02-04,79.2184
2014-02-03,79.2827
2014-01-31,79.3898
2014-01-30,79.4354
2014-01-29,79.5019
2014-01-28,79.614
2014-01-27,79.6901
2014-01-24,79.774
2014-01-23,79.8063
2014-01-22,79.7576
2014-01-21,79.6537
2014-01-17,79.5206
2014-01-16,79.429
2014-01-15,79.2696
2014-01-14,79.1184
2014-01-13,78.9786
2014-01-10,78.9186
2014-01-09,78.8098
2014-01-08,78.7642
2014-01-07,78.7081
2014-01-06,78.6448
2014-01-03,78.5897
2014-01-02,78.5251
2013-12-31,78.4281
2013-12-30,78.3028
2013-12-27,78.2149
2013-12-26,78.0979
2013-12-24,77.944
2013-12-23,77.7834
2013-12-20,77.6155
2013-12-19,77.4687
2013-12-18,77.3233
2013-12-17,77.1761
2013-12-16,77.0848
2013-12-13,77.023
2013-12-12,76.974
2013-12-11,76.9085
2013-12-10,76.7881
2013-12-09,76.6141
2013-12-06,76.442
2013-12-05,76.2352
2013-12-04,76.1276
2013-12-03,76.0158
2013-12-02,75.9022
2013-11-29,75.7796
2013-11-27,75.6437
2013-11-26,75.5392
2013-11-25,75.4688
2013-11-22,75.408
2013-11-21,75.3584
2013-11-20,75.3044
2013-11-19,75.2703
2013-11-18,75.2503
2013-11-15,75.2131
2013-11-14,75.1304
2013-11-13,74.9982
2013-11-12,74.8555
2013-11-11,74.7165
2013-11-08,74.5934
2013-11-07,74.4412
2013-11-06,74.3122
2013-11-05,74.0382
2013-11-04,73.7743
2013-11-01,73.5848
2013-10-31,73.4313
2013-10-30,73.2486
2013-10-29,73.1001
2013-10-28,72.9456
2013-10-25,72.7652
2013-10-24,72.5912
2013-10-23,72.4468
2013-10-22,72.2928
2013-10-21,72.1278
2013-10-18,71.9693
2013-10-17,71.826
2013-10-16,71.7533
2013-10-15,71.6939
2013-10-14,71.6333
2013-10-11,71.5363
2013-10-10,71.4734
2013-10-09,71.4355
2013-10-08,71.474
2013-10-07,71.5083
2013-10-04,71.4563
2013-10-03,71.3336
2013-10-02,71.2377
2013-10-01,71.0937
2013-09-30,70.9116
2013-09-27,70.7464
2013-09-26,70.5948
2013-09-25,70.4146
2013-09-24,70.249
2013-09-23,70.1422
2013-09-20,70.0336
2013-09-19,69.8949
2013-09-18,69.7101
2013-09-17,69.5457
2013-09-16,69.4089
2013-09-13,69.3018
2013-09-12,69.1863
2013-09-11,69.1319
2013-09-10,69.0884
2013-09-09,69.0187
2013-09-06,68.958
2013-09-05,68.9521
2013-09-04,68.9331
2013-09-03,68.9263
2013-08-30,68.977
2013-08-29,69.045
2013-08-28,69.0712
2013-08-27,69.0866
2013-08-26,69.1088
2013-08-23,69.0418
2013-08-22,68.9829
2013-08-21,68.929
2013-08-20,68.8873
2013-08-19,68.823
2013-08-16,68.7986
2013-08-15,68.758
2013-08-14,68.7517
2013-08-13,68.6951
2013-08-12,68.6167
2013-08-09,68.5623
2013-08-08,68.5084
2013-08-07,68.4256
2013-08-06,68.2937
2013-08-05,68.1366
2013-08-02,67.9386
2013-08-01,67.7398
2013-07-31,67.5356
2013-07-30,67.353
2013-07-29,67.1755
2013-07-26,66.9961
2013-07-25,66.8059
2013-07-24,66.6202
2013-07-23,66.4272
2013-07-22,66.222
2013-07-19,66.0236
2013-07-18,65.852
2013-07-17,65.7233
2013-07-16,65.6231
2013-07-15,65.5044
2013-07-12,65.3495
2013-07-11,65.224
2013-07-10,65.0724
2013-07-09,65.0249
2013-07-08,65.0293
2013-07-05,65.0523
2013-07-03,65.0338
2013-07-02,65.0243
2013-07-01,65.0709
2013-06-28,65.136
2013-06-27,65.2152
2013-06-26,65.3296
2013-06-25,65.44
2013-06-24,65.5947
2013-06-21,65.7509
2013-06-20,65.8772
2013-06-19,65.9943
2013-06-18,66.0625
2013-06-17,66.09
2013-06-14,66.1496
2013-06-13,66.2088
2013-06-12,66.2498
2013-06-11,66.3252
2013-06-10,66.3456
2013-06-07,66.3289
2013-06-06,66.2935
2013-06-05,66.3075
2013-06-04,66.3215
2013-06-03,66.2944
2013-05-31,66.2375
2013-05-30,66.1485
2013-05-29,65.9887
2013-05-28,65.8614
2013-05-24,65.6952
2013-05-23,65.5218
2013-05-22,65.3566
2013-05-21,65.167
2013-05-20,64.9494
2013-05-17,64.7056
2013-05-16,64.4252
2013-05-15,64.1353
2013-05-14,63.8844
2013-05-13,63.7016
2013-05-10,63.4948
2013-05-09,63.3544
2013-05-08,63.2362
2013-05-07,63.1145
2013-05-06,62.9484
2013-05-03,62.7597
2013-05-02,62.5674
2013-05-01,62.4387
2013-04-30,62.3493
2013-04-29,62.2734
2013-04-26,62.1962
2013-04-25,62.1691
2013-04-24,62.1245
2013-04-23,62.0924
2013-04-22,62.0423
2013-04-19,62.0333
2013-04-18,62.026
2013-04-17,62.0956
2013-04-16,62.1008
2013-04-15,62.0506
2013-04-12,62.0484
2013-04-11,61.9924
2013-04-10,61.9238
2013-04-09,61.8581
2013-04-08,61.864
2013-04-05,61.8816
2013-04-04,61.9119
2013-04-03,61.9083
2013-04-02,61.9133
2013-04-01,61.8448
2013-03-28,61.7872
2013-03-27,61.6957
2013-03-26,61.6182
2013-03-25,61.5141
2013-03-22,61.4155
2013-03-21,61.343
2013-03-20,61.2701
2013-03-19,61.1945
2013-03-18,61.1878
2013-03-15,61.1531
2013-03-14,61.1207
2013-03-13,61.0806
2013-03-12,61.0401
2013-03-11,61.0081
2013-03-08,60.964
2013-03-07,60.8977
2013-03-06,60.8324
2013-03-05,60.7851
2013-03-04,60.686
2013-03-01,60.6851
2013-02-28,60.6621
2013-02-27,60.6585
2013-02-26,60.655
2013-02-25,60.6816
2013-02-22,60.7126
2013-02-21,60.6911
2013-02-20,60.7415
2013-02-19,60.7411
2013-02-15,60.6884
2013-02-14,60.6645
2013-02-13,60.6172
2013-02-12,60.5568
2013-02-11,60.5221
2013-02-08,60.4884
2013-02-07,60.4514
2013-02-06,60.4275
2013-02-05,60.3951
2013-02-04,60.3586
2013-02-01,60.3654
2013-01-31,60.329
2013-01-30,60.3439
2013-01-29,60.2587
2013-01-28,60.1065
2013-01-25,59.9826
2013-01-24,59.87
2013-01-23,59.7984
2013-01-22,59.6907
2013-01-18,59.6326
2013-01-17,59.5794
2013-01-16,59.5323
2013-01-15,59.455
2013-01-14,59.3513
2013-01-11,59.2606
2013-01-10,59.1796
2013-01-09,59.1089
2013-01-08,59.0182
2013-01-07,58.9302
2013-01-04,58.8538
2013-01-03,58.7597
2013-01-02,58.6881
2012-12-31,58.6027
2012-12-28,58.6163
2012-12-27,58.6956
2012-12-26,58.7296
2012-12-24,58.7339
2012-12-21,58.7225
2012-12-20,58.6926
2012-12-19,58.5883
2012-12-18,58.4781
2012-12-17,58.3541
2012-12-14,58.2085
2012-12-13,58.0894
2012-12-12,57.9518
2012-12-11,57.8242
2012-12-10,57.7099
2012-12-07,57.6342
2012-12-06,57.5549
2012-12-05,57.5034
2012-12-04,57.54
2012-12-03,57.5387
2012-11-30,57.5163
2012-11-29,57.5195
2012-11-28,57.4765
2012-11-27,57.4689
2012-11-26,57.4779
2012-11-23,57.4771
2012-11-21,57.4991
2012-11-20,57.5927
2012-11-19,57.6769
2012-11-16,57.8341
2012-11-15,58.093
2012-11-14,58.3658
2012-11-13,58.5867
2012-11-12,58.7524
2012-11-09,58.8998
2012-11-08,59.0561
2012-11-07,59.2397
2012-11-06,59.427
2012-11-05,59.573
2012-11-02,59.741
2012-11-01,59.9175
2012-10-31,60.0428
2012-10-26,60.2004
2012-10-25,60.3447
2012-10-24,60.523
2012-10-23,60.659
2012-10-22,60.8099
2012-10-19,60.9763
2012-10-18,61.1766
2012-10-17,61.3038
2012-10-16,61.3987
2012-10-15,61.4861
2012-10-12,61.6133
2012-10-11,61.7611
2012-10-10,61.8799
2012-10-09,61.9479
2012-10-08,61.9916
2012-10-05,61.9914
2012-10-04,62.0027
2012-10-03,62.0019
2012-10-02,61.9444
2012-10-01,61.9097
2012-09-28,61.8871
2012-09-27,61.84
2012-09-26,61.7981
2012-09-25,61.7984
2012-09-24,61.7735
2012-09-21,61.7001
2012-09-20,61.5893
2012-09-19,61.5044
2012-09-18,61.4039
2012-09-17,61.3213
2012-09-14,61.2369
2012-09-13,61.1404
2012-09-12,61.0359
2012-09-11,60.9652
2012-09-10,60.9022
2012-09-07,60.8272
2012-09-06,60.7106
2012-09-05,60.5806
2012-09-04,60.5194
2012-08-31,60.4305
2012-08-30,60.3162
2012-08-29,60.1674
2012-08-28,59.9982
2012-08-27,59.8374
2012-08-24,59.6774
2012-08-23,59.5247
2012-08-22,59.3237
2012-08-21,59.0606
2012-08-20,58.8288
2012-08-17,58.6072
2012-08-16,58.4248
2012-08-15,58.2943
2012-08-14,58.1679
2012-08-13,58.0107
2012-08-10,57.8401
2012-08-09,57.6846
2012-08-08,57.4885
2012-08-07,57.3277
2012-08-06,57.1812
2012-08-03,57.0874
2012-08-02,57.0213
2012-08-01,57.0459
2012-07-31,57.0584
2012-07-30,57.0383
2012-07-27,57.0088
2012-07-26,56.8896
2012-07-25,56.8686
2012-07-24,56.8677
2012-07-23,56.8306
2012-07-20,56.8257
2012-07-19,56.7567
2012-07-18,56.7205
2012-07-17,56.7137
2012-07-16,56.716
2012-07-13,56.7066
2012-07-12,56.6547
2012-07-11,56.635
2012-07-10,56.6081
2012-07-09,56.532
2012-07-06,56.4751
2012-07-05,56.3862
2012-07-03,56.2722
2012-07-02,56.0976
2012-06-29,55.936
2012-06-28,55.7624
2012-06-27,55.7498
2012-06-26,55.7181
2012-06-25,55.7269
2012-06-22,55.7179
2012-06-21,55.658
2012-06-20,55.6459
2012-06-19,55.5569
2012-06-18,55.4734
2012-06-15,55.3435
2012-06-14,55.2756
2012-06-13,55.3015
2012-06-12,55.3567
2012-06-11,55.4022
2012-06-08,55.508
2012-06-07,55.5668
2012-06-06,55.6583
2012-06-05,55.7474
2012-06-04,55.9096
2012-06-01,56.0803
2012-05-31,56.3451
2012-05-30,56.5679
2012-05-29,56.7702
2012-05-25,56.944
2012-05-24,57.1744
2012-05-23,57.3834
2012-05-22,57.5568
2012-05-21,57.6589
2012-05-18,57.7734
2012-05-17,57.9904
2012-05-16,58.1798
2012-05-15,58.3434
2012-05-14,58.4954
2012-05-11,58.5787
2012-05-10,58.6683
2012-05-09,58.8026
2012-05-08,58.8975
2012-05-07,58.9693
2012-05-04,59.0785
2012-05-03,59.213
2012-05-02,59.2554
2012-05-01,59.3075
2012-04-30,59.369
2012-04-27,59.4042
2012-04-26,59.4238
2012-04-25,59.4728
2012-04-24,59.5512
2012-04-23,59.7018
2012-04-20,59.7847
2012-04-19,59.8426
2012-04-18,59.8988
2012-04-17,59.9211
2012-04-16,59.9304
2012-04-13,59.9781
2012-04-12,59.9949
2012-04-11,59.958
2012-04-10,59.9446
2012-04-09,59.8915
2012-04-05,59.789
2012-04-04,59.6518
2012-04-03,59.5025
2012-04-02,59.2901
2012-03-30,59.1047
2012-03-29,58.9804
2012-03-28,58.8525
2012-03-27,58.6904
2012-03-26,58.5291
2012-03-23,58.3433
2012-03-22,58.2057
2012-03-21,58.0565
2012-03-20,57.8824
2012-03-19,57.7216
2012-03-16,57.5582
2012-03-15,57.4246
2012-03-14,57.2506
2012-03-13,57.1047
2012-03-12,56.9619
2012-03-09,56.8473
2012-03-08,56.7535
2012-03-07,56.6516
2012-03-06,56.5657
2012-03-05,56.4959
2012-03-02,56.4002
2012-03-01,56.2374
2012-02-29,56.0639
2012-02-28,55.8912
2012-02-27,55.7021
2012-02-24,55.5398
2012-02-23,55.3734
2012-02-22,55.2261
2012-02-21,55.0642
2012-02-17,54.8942
2012-02-16,54.7314
2012-02-15,54.5636
2012-02-14,54.4177
2012-02-13,54.2175
2012-02-10,54.0008
2012-02-09,53.8191
2012-02-08,53.6078
2012-02-07,53.4111
2012-02-06,53.2105
2012-02-03,53.0241
2012-02-02,52.8265
2012-02-01,52.6454
2012-01-31,52.4621
2012-01-30,52.253
2012-01-27,52.0546
2012-01-26,51.8406
2012-01-25,51.6635
2012-01-24,51.47
2012-01-23,51.2885
2012-01-20,51.0812
2012-01-19,50.9103
2012-01-18,50.6638
2012-01-17,50.4578
2012-01-13,50.2741
2012-01-12,50.1206
2012-01-11,49.9964
2012-01-10,49.9099
2012-01-09,49.8571
2012-01-06,49.7831
2012-01-05,49.7432
2012-01-04,49.7122
2012-01-03,49.7092
2011-12-30,49.6894
2011-12-29,49.7243
2011-12-28,49.7348
2011-12-27,49.6739
2011-12-23,49.5991
2011-12-22,49.4499
2011-12-21,49.3402
2011-12-20,49.306
2011-12-19,49.2282
2011-12-16,49.2691
2011-12-15,49.305
2011-12-14,49.4128
2011-12-13,49.5565
2011-12-12,49.6333
2011-12-09,49.6985
2011-12-08,49.6878
2011-12-07,49.7184
2011-12-06,49.7983
2011-12-05,49.8484
2011-12-02,49.8732
2011-12-01,49.9389
2011-11-30,49.9451
2011-11-29,49.9473
2011-11-28,50.1057
2011-11-25,50.2929
2011-11-23,50.5577
2011-11-22,50.7343
2011-11-21,50.8594
2011-11-18,51.0435
2011-11-17,51.1278
2011-11-16,51.1615
2011-11-15,51.1482
2011-11-14,51.142
2011-11-11,51.1326
2011-11-10,51.1473
2011-11-09,51.1624
2011-11-08,51.153
2011-11-07,51.0395
2011-11-04,50.9388
2011-11-03,50.7733
2011-11-02,50.6105
2011-11-01,50.4601
2011-10-31,50.2716
2011-10-28,49.9695
2011-10-27,49.6834
2011-10-26,49.4629
2011-10-25,49.3414
2011-10-24,49.2531
2011-10-21,49.0885
2011-10-20,48.9488
2011-10-19,48.8152
2011-10-18,48.7491
2011-10-17,48.6768
2011-10-14,48.6471
2011-10-13,48.5766
2011-10-12,48.5303
2011-10-11,48.4708
2011-10-10,48.3891
2011-10-07,48.2925
2011-10-06,48.2486
2011-10-05,48.2424
2011-10-04,48.2872
2011-10-03,48.3316
2011-09-30,48.4222
2011-09-29,48.5096
2011-09-28,48.5575
2011-09-27,48.5725
2011-09-26,48.5352
2011-09-23,48.4577
2011-09-22,48.3505
2011-09-21,48.3067
2011-09-20,48.1649
2011-09-19,47.888
2011-09-16,47.5921
2011-09-15,47.3377
2011-09-14,47.2226
2011-09-13,47.1579
2011-09-12,47.1482
2011-09-09,47.1353
2011-09-08,47.1318
2011-09-07,46.9755
2011-09-06,46.9042
2011-09-02,46.7847
2011-09-01,46.809
2011-08-31,46.7917
2011-08-30,46.8692
2011-08-29,46.9268
2011-08-26,47.0649
2011-08-25,47.2806
2011-08-24,47.5622
2011-08-23,47.8013
2011-08-22,48.1265
2011-08-19,48.537
2011-08-18,48.9607
2011-08-17,49.3167
2011-08-16,49.539
2011-08-15,49.7582
2011-08-12,49.899
2011-08-11,50.0885
2011-08-10,50.2652
2011-08-09,50.5707
2011-08-08,50.7695
2011-08-05,51.0959
2011-08-04,51.3261
2011-08-03,51.5484
2011-08-02,51.6184
2011-08-01,51.7038
2011-07-29,51.7118
2011-07-28,51.6697
2011-07-27,51.586
2011-07-26,51.4966
2011-07-25,51.3027
2011-07-22,51.0768
2011-07-21,50.8882
2011-07-20,50.7041
2011-07-19,50.5548
2011-07-18,50.3432
2011-07-15,50.1771
2011-07-14,50.0048
2011-07-13,49.8755
2011-07-12,49.7628
2011-07-11,49.6299
2011-07-08,49.4775
2011-07-07,49.315
2011-07-06,49.1412
2011-07-05,49.0206
2011-07-01,48.9127
2011-06-30,48.8381
2011-06-29,48.8395
2011-06-28,48.8688
2011-06-27,48.9644
2011-06-24,49.0555
2011-06-23,49.1721
2011-06-22,49.2306
2011-06-21,49.302
2011-06-20,49.3712
2011-06-17,49.5291
2011-06-16,49.719
2011-06-15,49.894
2011-06-14,50.0384
2011-06-13,50.1294
2011-06-10,50.296
2011-06-09,50.4935
2011-06-08,50.6379
2011-06-07,50.8058
2011-06-06,50.9339
2011-06-03,51.0479
2011-06-02,51.1332
2011-06-01,51.1946
2011-05-31,51.2653
2011-05-27,51.2922
2011-05-26,51.3651
2011-05-25,51.453
2011-05-24,51.5603
2011-05-23,51.6597
2011-05-20,51.7291
2011-05-19,51.7545
2011-05-18,51.7397
2011-05-17,51.6761
2011-05-16,51.6182
2011-05-13,51.5851
2011-05-12,51.5118
2011-05-11,51.4119
2011-05-10,51.3066
2011-05-09,51.1992
2011-05-06,51.1223
2011-05-05,51.0671
2011-05-04,51.022
2011-05-03,50.9567
2011-05-02,50.8939
2011-04-29,50.8272
2011-04-28,50.7543
2011-04-27,50.6757
2011-04-26,50.5811
2011-04-25,50.48
2011-04-21,50.4071
2011-04-20,50.3346
2011-04-19,50.239
2011-04-18,50.1857
2011-04-15,50.1526
2011-04-14,50.0554
2011-04-13,49.9592
2011-04-12,49.8365
2011-04-11,49.7942
2011-04-08,49.7699
2011-04-07,49.7461
2011-04-06,49.6949
2011-04-05,49.6812
2011-04-04,49.6909
2011-04-01,49.6838
2011-03-31,49.7026
2011-03-30,49.7358
2011-03-29,49.723
2011-03-28,49.7089
2011-03-25,49.76
2011-03-24,49.7922
2011-03-23,49.7955
2011-03-22,49.8295
2011-03-21,49.8982
2011-03-18,50.0372
2011-03-17,50.2284
2011-03-16,50.4151
2011-03-15,50.607
2011-03-14,50.7433
2011-03-11,50.8382
2011-03-10,50.9057
2011-03-09,50.9847
2011-03-08,51.0286
2011-03-07,51.0387
2011-03-04,51.0469
2011-03-03,51.0067
2011-03-02,50.9489
2011-03-01,50.945
2011-02-28,50.9079
2011-02-25,50.818
2011-02-24,50.7972
2011-02-23,50.7961
2011-02-22,50.7949
2011-02-18,50.7693
2011-02-17,50.6348
2011-02-16,50.5134
2011-02-15,50.4088
2011-02-14,50.3497
2011-02-11,50.28
2011-02-10,50.1977
2011-02-09,50.1331
2011-02-08,50.055
2011-02-07,49.9692
2011-02-04,49.8906
2011-02-03,49.8264
2011-02-02,49.7683
2011-02-01,49.6938
2011-01-31,49.617
2011-01-28,49.5491
2011-01-27,49.5018
2011-01-26,49.3964
2011-01-25,49.3011
2011-01-24,49.2234
2011-01-21,49.148
2011-01-20,49.1129
2011-01-19,49.0591
2011-01-18,48.9731
2011-01-14,48.8566
2011-01-13,48.7451
2011-01-12,48.6338
2011-01-11,48.5337
2011-01-10,48.4469
2011-01-07,48.3722
2011-01-06,48.291
2011-01-05,48.205
2011-01-04,48.1183
2011-01-03,48.0509
2010-12-31,47.9827
2010-12-30,47.9458
2010-12-29,47.8763
2010-12-28,47.7524
2010-12-27,47.6622
2010-12-23,47.5693
2010-12-22,47.4931
2010-12-21,47.3644
2010-12-20,47.2724
2010-12-17,47.1756
2010-12-16,47.0788
2010-12-15,46.9476
2010-12-14,46.8283
2010-12-13,46.7367
2010-12-10,46.6579
2010-12-09,46.609
2010-12-08,46.5905
2010-12-07,46.5628
2010-12-06,46.5565
2010-12-03,46.5488
2010-12-02,46.54
2010-12-01,46.5087
2010-11-30,46.4907
2010-11-29,46.4966
2010-11-26,46.4724
2010-11-24,46.4517
2010-11-23,46.4108
2010-11-22,46.409
2010-11-19,46.3641
2010-11-18,46.3275
2010-11-17,46.2773
2010-11-16,46.2593
2010-11-15,46.2316
2010-11-12,46.1869
2010-11-11,46.142
2010-11-10,46.0114
2010-11-09,45.8707
2010-11-08,45.7237
2010-11-05,45.549
2010-11-04,45.3764
2010-11-03,45.1888
2010-11-02,45.0219
2010-11-01,44.8846
2010-10-29,44.7199
2010-10-28,44.5803
2010-10-27,44.4381
2010-10-26,44.3104
2010-10-25,44.1933
2010-10-22,44.0832
2010-10-21,43.996
2010-10-20,43.8807
2010-10-19,43.7706
2010-10-18,43.6825
2010-10-15,43.5738
2010-10-14,43.4199
2010-10-13,43.3058
2010-10-12,43.179
2010-10-11,43.057
2010-10-08,42.9412
2010-10-07,42.7978
2010-10-06,42.6618
2010-10-05,42.5259
2010-10-04,42.3469
2010-10-01,42.2334
2010-09-30,42.0637
2010-09-29,41.8694
2010-09-28,41.6082
2010-09-27,41.3502
2010-09-24,41.1114
2010-09-23,40.8375
2010-09-22,40.6305
2010-09-21,40.4041
2010-09-20,40.2085
2010-09-17,40.0317
2010-09-16,39.8891
2010-09-15,39.7841
2010-09-14,39.6797
2010-09-13,39.5633
2010-09-10,39.4521
2010-09-09,39.3836
2010-09-08,39.3384
2010-09-07,39.3569
2010-09-03,39.4175
2010-09-02,39.4505
2010-09-01,39.5194
2010-08-31,39.6151
2010-08-30,39.7473
2010-08-27,39.8818
2010-08-26,39.9582
2010-08-25,40.0535
2010-08-24,40.1405
2010-08-23,40.2622
2010-08-20,40.3483
2010-08-19,40.3984
2010-08-18,40.4383
2010-08-17,40.3984
2010-08-16,40.3934
2010-08-13,40.3899
2010-08-12,40.3732
2010-08-11,40.3978
2010-08-10,40.4049
2010-08-09,40.3459
2010-08-06,40.2435
2010-08-05,40.1495
2010-08-04,40.034
2010-08-03,39.9032
2010-08-02,39.7332
2010-07-30,39.5487
2010-07-29,39.4072
2010-07-28,39.2754
2010-07-27,39.1577
2010-07-26,39.1002
2010-07-23,39.0488
2010-07-22,39.0176
2010-07-21,39.0299
2010-07-20,39.1002
2010-07-19,39.159
2010-07-16,39.2592
2010-07-15,39.3743
2010-07-14,39.4275
2010-07-13,39.4741
2010-07-12,39.4774
2010-07-09,39.5065
2010-07-08,39.5226
2010-07-07,39.5022
2010-07-06,39.5086
2010-07-02,39.5783
2010-07-01,39.6897
2010-06-30,39.866
2010-06-29,40.0176
2010-06-28,40.0934
2010-06-25,40.1111
2010-06-24,40.1336
2010-06-23,40.0794
2010-06-22,40.0164
2010-06-21,39.9433
2010-06-18,39.8622
2010-06-17,39.7421
2010-06-16,39.6987
2010-06-15,39.6781
2010-06-14,39.6943
2010-06-11,39.7575
2010-06-10,39.8605
2010-06-09,40.0161
2010-06-08,40.1871
2010-06-07,40.3441
2010-06-04,40.3941
2010-06-03,40.4589
2010-06-02,40.5242
2010-06-01,40.6198
2010-05-28,40.828
2010-05-27,40.9875
2010-05-26,41.1787
2010-05-25,41.4054
2010-05-24,41.6088
2010-05-21,41.8609
2010-05-20,42.1099
2010-05-19,42.3713
2010-05-18,42.5453
2010-05-17,42.6909
2010-05-14,42.797
2010-05-13,42.911
2010-05-12,43.0109
2010-05-11,43.0675
2010-05-10,43.1377
2010-05-07,43.1947
2010-05-06,43.3534
2010-05-05,43.4485
2010-05-04,43.4682
2010-05-03,43.4823
2010-04-30,43.4244
2010-04-29,43.3772
2010-04-28,43.2864
2010-04-27,43.2434
2010-04-26,43.1948
2010-04-23,43.0891
2010-04-22,42.9764
2010-04-21,42.876
2010-04-20,42.7981
2010-04-19,42.7178
2010-04-16,42.6297
2010-04-15,42.5529
2010-04-14,42.4428
2010-04-13,42.3366
2010-04-12,42.2432
2010-04-09,42.166
2010-04-08,42.0901
2010-04-07,42.019
2010-04-06,41.9361
2010-04-05,41.8365
2010-04-01,41.7392
2010-03-31,41.6314
2010-03-30,41.517
2010-03-29,41.3903
2010-03-26,41.2645
2010-03-25,41.1203
2010-03-24,40.9713
2010-03-23,40.8197
2010-03-22,40.6381
2010-03-19,40.4966
2010-03-18,40.3778
2010-03-17,40.2473
2010-03-16,40.1116
2010-03-15,39.9705
2010-03-12,39.8181
2010-03-11,39.6565
2010-03-10,39.4669
2010-03-09,39.2891
2010-03-08,39.1086
2010-03-05,38.9531
2010-03-04,38.7858
2010-03-03,38.7044
2010-03-02,38.619
2010-03-01,38.5187
2010-02-26,38.4039
2010-02-25,38.3509
2010-02-24,38.3553
2010-02-23,38.3439
2010-02-22,38.3505
2010-02-19,38.3251
2010-02-18,38.354
2010-02-17,38.4008
2010-02-16,38.4893
2010-02-12,38.5563
2010-02-11,38.6715
2010-02-10,38.7889
2010-02-09,38.9098
2010-02-08,39.0521
2010-02-05,39.222
2010-02-04,39.3618
2010-02-03,39.5159
2010-02-02,39.6267
2010-02-01,39.748
2010-01-29,39.8571
2010-01-28,40.0051
2010-01-27,40.1137
2010-01-26,40.1803
2010-01-25,40.2517
2010-01-22,40.3065
2010-01-21,40.3533
2010-01-20,40.3301
2010-01-19,40.2662
2010-01-15,40.1415
2010-01-14,40.0729
2010-01-13,39.9779
2010-01-12,39.8957
2010-01-11,39.8201
2010-01-08,39.7265
2010-01-07,39.6149
2010-01-06,39.5009
2010-01-05,39.3999
2010-01-04,39.2958
2009-12-31,39.1816
2009-12-30,39.1047
2009-12-29,39.0067
2009-12-28,38.8952
2009-12-24,38.7732
2009-12-23,38.691
2009-12-22,38.6189
2009-12-21,38.5678
2009-12-18,38.4979
2009-12-17,38.4595
2009-12-16,38.4828
2009-12-15,38.4933
2009-12-14,38.5003
2009-12-11,38.4767
2009-12-10,38.4557
2009-12-09,38.4382
2009-12-08,38.4181
2009-12-07,38.4123
2009-12-04,38.3551
2009-12-03,38.2777
2009-12-02,38.1657
2009-12-01,38.0429
2009-11-30,37.917
2009-11-27,37.8033
2009-11-25,37.7412
2009-11-24,37.6192
2009-11-23,37.5471
2009-11-20,37.4968
2009-11-19,37.4833
2009-11-18,37.468
2009-11-17,37.4149
2009-11-16,37.3546
2009-11-13,37.2999
2009-11-12,37.2462
2009-11-11,37.2204
2009-11-10,37.188
2009-11-09,37.1425
2009-11-06,37.1014
2009-11-05,37.0962
2009-11-04,37.0914
2009-11-03,37.1233
2009-11-02,37.153
2009-10-30,37.1565
2009-10-29,37.153
2009-10-28,37.1054
2009-10-27,37.143
2009-10-26,37.1377
2009-10-23,37.1124
2009-10-22,37.0499
2009-10-21,36.9956
2009-10-20,36.9655
2009-10-19,36.9406
2009-10-16,36.9126
2009-10-15,36.8977
2009-10-14,36.8675
2009-10-13,36.8334
2009-10-12,36.798
2009-10-09,36.7573
2009-10-08,36.7136
2009-10-07,36.6786
2009-10-06,36.6345
2009-10-05,36.5803
2009-10-02,36.5415
2009-10-01,36.4799
2009-09-30,36.4017
2009-09-29,36.2702
2009-09-28,36.1728
2009-09-25,36.085
2009-09-24,36.0265
2009-09-23,35.9474
2009-09-22,35.8548
2009-09-21,35.7481
2009-09-18,35.6468
2009-09-17,35.5279
2009-09-16,35.3921
2009-09-15,35.244
2009-09-14,35.0986
2009-09-11,35.009
2009-09-10,34.9466
2009-09-09,34.8762
2009-09-08,34.7963
2009-09-04,34.7465
2009-09-03,34.7255
2009-09-02,34.7199
2009-09-01,34.7408
2009-08-31,34.774
2009-08-28,34.7745
2009-08-27,34.7312
2009-08-26,34.695
2009-08-25,34.653
2009-08-24,34.5967
2009-08-21,34.5574
2009-08-20,34.5032
2009-08-19,34.4853
2009-08-18,34.4504
2009-08-17,34.4132
2009-08-14,34.3888
2009-08-13,34.2984
2009-08-12,34.1638
2009-08-11,34.035
2009-08-10,33.8804
2009-08-07,33.7052
2009-08-06,33.4886
2009-08-05,33.2872
2009-08-04,33.0679
2009-08-03,32.8273
2009-07-31,32.625
2009-07-30,32.4569
2009-07-29,32.3184
2009-07-28,32.1891
2009-07-27,32.0742
2009-07-24,31.9441
2009-07-23,31.8235
2009-07-22,31.6593
2009-07-21,31.5064
2009-07-20,31.371
2009-07-17,31.2941
2009-07-16,31.2162
2009-07-15,31.1654
2009-07-14,31.1036
2009-07-13,31.1096
2009-07-10,31.154
2009-07-09,31.235
2009-07-08,31.3226
2009-07-07,31.4185
2009-07-06,31.51
2009-07-02,31.5679
2009-07-01,31.6157
2009-06-30,31.6107
2009-06-29,31.6114
2009-06-26,31.6069
2009-06-25,31.5618
2009-06-24,31.5014
2009-06-23,31.4541
2009-06-22,31.4431
2009-06-19,31.3741
2009-06-18,31.2627
2009-06-17,31.1955
2009-06-16,31.1305
2009-06-15,31.0734
2009-06-12,30.963
2009-06-11,30.8208
2009-06-10,30.655
2009-06-09,30.5289
2009-06-08,30.4155
2009-06-05,30.309
2009-06-04,30.1969
2009-06-03,30.1223
2009-06-02,30.0652
2009-06-01,30.0045
2009-05-29,29.9164
2009-05-28,29.8684
2009-05-27,29.8244
2009-05-26,29.7777
2009-05-22,29.7314
2009-05-21,29.738
2009-05-20,29.7144
2009-05-19,29.6494
2009-05-18,29.5748
2009-05-15,29.4876
2009-05-14,29.4849
2009-05-13,29.4784
2009-05-12,29.4514
2009-05-11,29.3885
2009-05-08,29.3248
2009-05-07,29.2686
2009-05-06,29.17
2009-05-05,29.0125
2009-05-04,28.8925
2009-05-01,28.7747
2009-04-30,28.6609
2009-04-29,28.5077
2009-04-28,28.3498
2009-04-27,28.2006
2009-04-24,28.0736
2009-04-23,27.9742
2009-04-22,27.859
2009-04-21,27.7517
2009-04-20,27.6736
2009-04-17,27.5401
2009-04-16,27.3796
2009-04-15,27.223
2009-04-14,27.0869
2009-04-13,26.9003
2009-04-09,26.7172
2009-04-08,26.5288
2009-04-07,26.3435
2009-04-06,26.1631
2009-04-03,25.8764
2009-04-02,25.6105
2009-04-01,25.3795
2009-03-31,25.2275
2009-03-30,25.0641
2009-03-27,24.913
2009-03-26,24.7674
2009-03-25,24.6075
2009-03-24,24.5234
2009-03-23,24.4537
2009-03-20,24.319
2009-03-19,24.3034
2009-03-18,24.2646
2009-03-17,24.2446
2009-03-16,24.2398
2009-03-13,24.3343
2009-03-12,24.414
2009-03-11,24.4806
2009-03-10,24.5934
2009-03-09,24.775
2009-03-06,25.0202
2009-03-05,25.2062
2009-03-04,25.3543
2009-03-03,25.4649
2009-03-02,25.5864
2009-02-27,25.6918
2009-02-26,25.7811
2009-02-25,25.8926
2009-02-24,25.9244
2009-02-23,25.9388
2009-02-20,25.9841
2009-02-19,25.9793
2009-02-18,25.995
2009-02-17,25.9392
2009-02-13,25.9479
2009-02-12,25.89
2009-02-11,25.8055
2009-02-10,25.7763
2009-02-09,25.7406
2009-02-06,25.6783
2009-02-05,25.6517
2009-02-04,25.6461
2009-02-03,25.7079
2009-02-02,25.758
2009-01-30,25.8285
2009-01-29,25.8582
2009-01-28,25.8542
2009-01-27,25.7907
2009-01-26,25.7824
2009-01-23,25.7837
2009-01-22,25.7907
2009-01-21,25.8103
2009-01-20,25.8412
2009-01-16,25.9133
2009-01-15,25.945
2009-01-14,26.0067
2009-01-13,26.0279
2009-01-12,26.0325
2009-01-09,26.012
2009-01-08,26.0031
2009-01-07,25.9686
2009-01-06,25.951
2009-01-05,25.845
2009-01-02,25.7035
2008-12-31,25.5967
2008-12-30,25.5118
2008-12-29,25.3986
2008-12-26,25.4067
2008-12-24,25.4145
2008-12-23,25.3704
2008-12-22,25.3355
2008-12-19,25.2232
2008-12-18,25.0343
2008-12-17,24.9126
2008-12-16,24.8321
2008-12-15,24.7369
2008-12-12,24.729
2008-12-11,24.763
2008-12-10,24.7464
2008-12-09,24.7547
2008-12-08,24.7877
2008-12-05,24.836
2008-12-04,24.9065
2008-12-03,25.0883
2008-12-02,25.3114
2008-12-01,25.5284
2008-11-28,25.7876
2008-11-26,25.9494
2008-11-25,26.055
2008-11-24,26.2155
2008-11-21,26.2325
2008-11-20,26.356
2008-11-19,26.5704
2008-11-18,26.7335
2008-11-17,26.87
2008-11-14,27.0801
2008-11-13,27.2245
2008-11-12,27.3027
2008-11-11,27.3849
2008-11-10,27.5376
2008-11-07,27.7272
2008-11-06,27.7329
2008-11-05,27.7746
2008-11-04,27.792
2008-11-03,27.7442
2008-10-31,27.8329
2008-10-30,27.976
2008-10-29,28.146
2008-10-28,28.4383
2008-10-27,28.7449
2008-10-24,29.1419
2008-10-23,29.6451
2008-10-22,30.1239
2008-10-21,30.5692
2008-10-20,30.9646
2008-10-17,31.2986
2008-10-16,31.7596
2008-10-15,32.1633
2008-10-14,32.5801
2008-10-13,32.9616
2008-10-10,33.2626
2008-10-09,33.788
2008-10-08,34.3121
2008-10-07,34.7637
2008-10-06,35.1886
2008-10-03,35.5549
2008-10-02,35.8698
2008-10-01,36.1691
2008-09-30,36.4557
2008-09-29,36.7432
2008-09-26,37.1029
2008-09-25,37.3638
2008-09-24,37.5899
2008-09-23,37.8312
2008-09-22,38.0874
2008-09-19,38.3735
2008-09-18,38.5448
2008-09-17,38.7847
2008-09-16,39.0802
2008-09-15,39.3058
2008-09-12,39.57
2008-09-11,39.7795
2008-09-10,39.9577
2008-09-09,40.175
2008-09-08,40.4054
2008-09-05,40.5797
2008-09-04,40.7022
2008-09-03,40.8313
2008-09-02,40.8665
2008-08-29,40.8178
2008-08-28,40.7639
2008-08-27,40.6922
2008-08-26,40.6418
2008-08-25,40.5944
2008-08-22,40.5045
2008-08-21,40.408
2008-08-20,40.3132
2008-08-19,40.2385
2008-08-18,40.1416
2008-08-15,40.019
2008-08-14,39.8638
2008-08-13,39.7504
2008-08-12,39.6478
2008-08-11,39.4931
2008-08-08,39.3401
2008-08-07,39.2202
2008-08-06,39.1772
2008-08-05,39.0955
2008-08-04,39.0972
2008-08-01,39.1176
2008-07-31,39.1068
2008-07-30,39.0742
2008-07-29,39.0846
2008-07-28,39.0772
2008-07-25,39.1307
2008-07-24,39.1472
2008-07-23,39.2723
2008-07-22,39.3349
2008-07-21,39.4336
2008-07-18,39.5483
2008-07-17,39.7284
2008-07-16,39.8304
2008-07-15,39.9679
2008-07-14,40.1646
2008-07-11,40.343
2008-07-10,40.4658
2008-07-09,40.5555
2008-07-08,40.7187
2008-07-07,40.8389
2008-07-03,41.0168
2008-07-02,41.2725
2008-07-01,41.4904
2008-06-30,41.6332
2008-06-27,41.8155
2008-06-26,42.0034
2008-06-25,42.1774
2008-06-24,42.2489
2008-06-23,42.3447
2008-06-20,42.3931
2008-06-19,42.432
2008-06-18,42.4064
2008-06-17,42.4607
2008-06-16,42.5089
2008-06-13,42.5614
2008-06-12,42.6309
2008-06-11,42.7043
2008-06-10,42.7842
2008-06-09,42.8081
2008-06-06,42.7838
2008-06-05,42.7564
2008-06-04,42.6474
2008-06-03,42.6114
2008-06-02,42.5897
2008-05-30,42.5623
2008-05-29,42.5054
2008-05-28,42.3977
2008-05-27,42.3261
2008-05-23,42.2474
2008-05-22,42.2018
2008-05-21,42.1549
2008-05-20,42.0972
2008-05-19,41.9699
2008-05-16,41.8566
2008-05-15,41.7133
2008-05-14,41.5092
2008-05-13,41.3467
2008-05-12,41.1261
2008-05-09,40.9085
2008-05-08,40.7378
2008-05-07,40.6136
2008-05-06,40.4773
2008-05-05,40.3244
2008-05-02,40.1997
2008-05-01,40.0734
2008-04-30,39.9383
2008-04-29,39.8636
2008-04-28,39.7763
2008-04-25,39.6234
2008-04-24,39.4645
2008-04-23,39.3099
2008-04-22,39.2165
2008-04-21,39.1509
2008-04-18,39.0441
2008-04-17,38.8869
2008-04-16,38.7548
2008-04-15,38.6647
2008-04-14,38.5479
2008-04-11,38.467
2008-04-10,38.4117
2008-04-09,38.2874
2008-04-08,38.1961
2008-04-07,38.0146
2008-04-04,37.8529
2008-04-03,37.6913
2008-04-02,37.5826
2008-04-01,37.4691
2008-03-31,37.3409
2008-03-28,37.3061
2008-03-27,37.332
2008-03-26,37.3557
2008-03-25,37.3269
2008-03-24,37.2851
2008-03-20,37.2446
2008-03-19,37.2618
2008-03-18,37.3347
2008-03-17,37.3525
2008-03-14,37.4541
2008-03-13,37.5287
2008-03-12,37.6042
2008-03-11,37.6524
2008-03-10,37.7062
2008-03-07,37.8078
2008-03-06,37.8529
2008-03-05,37.8807
2008-03-04,37.9045
2008-03-03,37.9931
2008-02-29,38.1198
2008-02-28,38.2144
2008-02-27,38.2252
2008-02-26,38.2305
2008-02-25,38.2417
2008-02-22,38.2456
2008-02-21,38.299
2008-02-20,38.3207
2008-02-19,38.3311
2008-02-15,38.401
2008-02-14,38.47
2008-02-13,38.5603
2008-02-12,38.6371
2008-02-11,38.8128
2008-02-08,38.9422
2008-02-07,39.1327
2008-02-06,39.3414
2008-02-05,39.5198
2008-02-04,39.7151
2008-02-01,39.8648
2008-01-31,40.0831
2008-01-30,40.3139
2008-01-29,40.6112
2008-01-28,40.9345
2008-01-25,41.2643
2008-01-24,41.6336
2008-01-23,41.9517
2008-01-22,42.2915
2008-01-18,42.5809
2008-01-17,42.7779
2008-01-16,42.9722
2008-01-15,43.1297
2008-01-14,43.3193
2008-01-11,43.4745
2008-01-10,43.6774
2008-01-09,43.8197
2008-01-08,44.0178
2008-01-07,44.2503
2008-01-04,44.428
2008-01-03,44.5633
2008-01-02,44.5632
2007-12-31,44.5796
2007-12-28,44.5812
2007-12-27,44.572
2007-12-26,44.5502
2007-12-24,44.4377
2007-12-21,44.294
2007-12-20,44.2046
2007-12-19,44.1357
2007-12-18,44.1339
2007-12-17,44.1235
2007-12-14,44.1474
2007-12-13,44.0975
2007-12-12,44.0364
2007-12-11,43.9913
2007-12-10,43.879
2007-12-07,43.7689
2007-12-06,43.7429
2007-12-05,43.7875
2007-12-04,43.9224
2007-12-03,44.0698
2007-11-30,44.2232
2007-11-29,44.3398
2007-11-28,44.4842
2007-11-27,44.6047
2007-11-26,44.7868
2007-11-23,45.0014
2007-11-21,45.1406
2007-11-20,45.3339
2007-11-19,45.5195
2007-11-16,45.6656
2007-11-15,45.7592
2007-11-14,45.9309
2007-11-13,46.0809
2007-11-12,46.1732
2007-11-09,46.3635
2007-11-08,46.5166
2007-11-07,46.5569
2007-11-06,46.5638
2007-11-05,46.5075
2007-11-02,46.4676
2007-11-01,46.3981
2007-10-31,46.3015
2007-10-30,46.1549
2007-10-29,46.0574
2007-10-26,45.9637
2007-10-25,45.8545
2007-10-24,45.7908
2007-10-23,45.6846
2007-10-22,45.5497
2007-10-19,45.4422
2007-10-18,45.352
2007-10-17,45.1884
2007-10-16,45.0407
2007-10-15,44.9178
2007-10-12,44.7298
2007-10-11,44.5419
2007-10-10,44.3899
2007-10-09,44.1907
2007-10-08,43.9967
2007-10-05,43.781
2007-10-04,43.581
2007-10-03,43.4659
2007-10-02,43.3577
2007-10-01,43.2556
2007-09-28,43.1188
2007-09-27,42.9842
2007-09-26,42.8314
2007-09-25,42.6318
2007-09-24,42.4924
2007-09-21,42.3877
2007-09-20,42.264
2007-09-19,42.1613
2007-09-18,42.0248
2007-09-17,41.8719
2007-09-14,41.7635
2007-09-13,41.6041
2007-09-12,41.462
2007-09-11,41.3688
2007-09-10,41.3112
2007-09-07,41.2713
2007-09-06,41.2488
2007-09-05,41.2358
2007-09-04,41.1981
2007-08-31,41.124
2007-08-30,41.0612
2007-08-29,41.0616
2007-08-28,41.0538
2007-08-27,41.088
2007-08-24,41.1171
2007-08-23,41.108
2007-08-22,41.1708
2007-08-21,41.2462
2007-08-20,41.3463
2007-08-17,41.4997
2007-08-16,41.6617
2007-08-15,41.8688
2007-08-14,42.0538
2007-08-13,42.2029
2007-08-10,42.3004
2007-08-09,42.4139
2007-08-08,42.4941
2007-08-07,42.4928
2007-08-06,42.5001
2007-08-03,42.54
2007-08-02,42.6024
2007-08-01,42.6163
2007-07-31,42.634
2007-07-30,42.6548
2007-07-27,42.6137
2007-07-26,42.5933
2007-07-25,42.5309
2007-07-24,42.4191
2007-07-23,42.3221
2007-07-20,42.2016
2007-07-19,42.1015
2007-07-18,41.9711
2007-07-17,41.8667
2007-07-16,41.7601
2007-07-13,41.6682
2007-07-12,41.5566
2007-07-11,41.4462
2007-07-10,41.3463
2007-07-09,41.2728
2007-07-06,41.1855
2007-07-05,41.0747
2007-07-03,41.0042
2007-07-02,40.971
2007-06-29,40.9508
2007-06-28,40.9423
2007-06-27,40.9359
2007-06-26,40.9192
2007-06-25,40.9172
2007-06-22,40.8879
2007-06-21,40.8374
2007-06-20,40.7964
2007-06-19,40.7835
2007-06-18,40.7495
2007-06-15,40.702
2007-06-14,40.6397
2007-06-13,40.6047
2007-06-12,40.5635
2007-06-11,40.5601
2007-06-08,40.5583
2007-06-07,40.5272
2007-06-06,40.5484
2007-06-05,40.5337
2007-06-04,40.4925
2007-06-01,40.4514
2007-05-31,40.4146
2007-05-30,40.3717
2007-05-29,40.3165
2007-05-25,40.2797
2007-05-24,40.2849
2007-05-23,40.3018
2007-05-22,40.2793
2007-05-21,40.2209
2007-05-18,40.1542
2007-05-17,40.0975
2007-05-16,40.0464
2007-05-15,39.9797
2007-05-14,39.939
2007-05-11,39.8784
2007-05-10,39.7862
2007-05-09,39.7156
2007-05-08,39.6021
2007-05-07,39.5134
2007-05-04,39.419
2007-05-03,39.3294
2007-05-02,39.232
2007-05-01,39.1341
2007-04-30,39.0334
2007-04-27,38.9282
2007-04-26,38.7983
2007-04-25,38.6672
2007-04-24,38.5667
2007-04-23,38.5061
2007-04-20,38.4476
2007-04-19,38.3983
2007-04-18,38.3667
2007-04-17,38.3048
2007-04-16,38.2229
2007-04-13,38.1264
2007-04-12,38.049
2007-04-11,37.9799
2007-04-10,37.8991
2007-04-09,37.8343
2007-04-05,37.7673
2007-04-04,37.6973
2007-04-03,37.6243
2007-04-02,37.5664
2007-03-30,37.5029
2007-03-29,37.4563
2007-03-28,37.4361
2007-03-27,37.4267
2007-03-26,37.3909
2007-03-23,37.4217
2007-03-22,37.4699
2007-03-21,37.5189
2007-03-20,37.551
2007-03-19,37.5974
2007-03-16,37.6585
2007-03-15,37.7452
2007-03-14,37.8192
2007-03-13,37.8569
2007-03-12,37.9144
2007-03-09,37.9417
2007-03-08,38.0074
2007-03-07,38.0719
2007-03-06,38.1312
2007-03-05,38.1861
2007-03-02,38.2731
2007-03-01,38.3398
2007-02-28,38.3804
2007-02-27,38.3934
2007-02-26,38.4116
2007-02-23,38.348
2007-02-22,38.2818
2007-02-21,38.2333
2007-02-20,38.1636
2007-02-16,38.1208
2007-02-15,38.0974
2007-02-14,38.0637
2007-02-13,38.0771
2007-02-12,38.1385
2007-02-09,38.2082
2007-02-08,38.2619
2007-02-07,38.2692
2007-02-06,38.2536
2007-02-05,38.2463
2007-02-02,38.2346
2007-02-01,38.2303
2007-01-31,38.1965
2007-01-30,38.1572
2007-01-29,38.1351
2007-01-26,38.123
2007-01-25,38.1031
2007-01-24,38.0685
2007-01-23,38.0286
2007-01-22,38.0334
2007-01-19,38.0403
2007-01-18,38.0325
2007-01-17,38.0477
2007-01-16,38.022
2007-01-12,37.9591
2007-01-11,37.8914
2007-01-10,37.8449
2007-01-09,37.8115
2007-01-08,37.7918
2007-01-05,37.8059
2007-01-04,37.8282
2007-01-03,37.8345
2006-12-29,37.8504
2006-12-28,37.8861
2006-12-27,37.9249
2006-12-26,37.9416
2006-12-22,37.9631
2006-12-21,38.0352
2006-12-20,38.0912
2006-12-19,38.1217
2006-12-18,38.1428
2006-12-15,38.1538
2006-12-14,38.1459
2006-12-13,38.1346
2006-12-12,38.1368
2006-12-11,38.1221
2006-12-08,38.0776
2006-12-07,38.03
2006-12-06,38.0011
2006-12-05,37.9393
2006-12-04,37.858
2006-12-01,37.7573
2006-11-30,37.6873
2006-11-29,37.5992
2006-11-28,37.5348
2006-11-27,37.479
2006-11-24,37.4164
2006-11-22,37.3373
2006-11-21,37.2379
2006-11-20,37.1376
2006-11-17,37.0529
2006-11-16,36.9535
2006-11-15,36.8498
2006-11-14,36.75
2006-11-13,36.6666
2006-11-10,36.6229
2006-11-09,36.597
2006-11-08,36.5723
2006-11-07,36.508
2006-11-06,36.4557
2006-11-03,36.4129
2006-11-02,36.3904
2006-11-01,36.3671
2006-10-31,36.3368
2006-10-30,36.2387
2006-10-27,36.1376
2006-10-26,36.0702
2006-10-25,35.9842
2006-10-24,35.9103
2006-10-23,35.8515
2006-10-20,35.7711
2006-10-19,35.6791
2006-10-18,35.6047
2006-10-17,35.5455
2006-10-16,35.4526
2006-10-13,35.3515
2006-10-12,35.2512
2006-10-11,35.1534
2006-10-10,35.0841
2006-10-09,34.9993
2006-10-06,34.8864
2006-10-05,34.7691
2006-10-04,34.6377
2006-10-03,34.523
2006-10-02,34.4853
2006-09-29,34.4385
2006-09-28,34.3606
2006-09-27,34.2766
2006-09-26,34.1897
2006-09-25,34.0953
2006-09-22,33.9971
2006-09-21,33.9262
2006-09-20,33.837
2006-09-19,33.7496
2006-09-18,33.6869
2006-09-15,33.6288
2006-09-14,33.5682
2006-09-13,33.5073
2006-09-12,33.4097
2006-09-11,33.284
2006-09-08,33.1791
2006-09-07,33.0957
2006-09-06,33.0115
2006-09-05,32.9169
2006-09-01,32.7981
2006-08-31,32.7061
2006-08-30,32.6306
2006-08-29,32.5433
2006-08-28,32.4461
2006-08-25,32.3809
2006-08-24,32.3286
2006-08-23,32.2466
2006-08-22,32.1796
2006-08-21,32.1015
2006-08-18,32.0146
2006-08-17,31.8812
2006-08-16,31.7667
2006-08-15,31.6821
2006-08-14,31.6151
2006-08-11,31.5832
2006-08-10,31.5577
2006-08-09,31.5369
2006-08-08,31.5542
2006-08-07,31.6043
2006-08-04,31.6324
2006-08-03,31.6644
2006-08-02,31.7071
2006-08-01,31.7615
2006-07-31,31.8704
2006-07-28,31.9425
2006-07-27,32.0224
2006-07-26,32.0855
2006-07-25,32.1261
2006-07-24,32.1965
2006-07-21,32.2716
2006-07-20,32.3792
2006-07-19,32.4915
2006-07-18,32.5545
2006-07-17,32.6357
2006-07-14,32.7355
2006-07-13,32.8514
2006-07-12,32.9074
2006-07-11,32.9201
2006-07-10,32.9087
2006-07-07,32.9481
2006-07-06,32.9777
2006-07-05,32.9917
2006-07-03,33.0165
2006-06-30,33.0059
2006-06-29,33.0424
2006-06-28,33.0749
2006-06-27,33.1174
2006-06-26,33.1643
2006-06-23,33.2167
2006-06-22,33.2678
2006-06-21,33.2952
2006-06-20,33.2902
2006-06-19,33.3275
2006-06-16,33.3834
2006-06-15,33.4129
2006-06-14,33.4418
2006-06-13,33.5381
2006-06-12,33.6637
2006-06-09,33.7841
2006-06-08,33.8894
2006-06-07,34.0305
2006-06-06,34.1851
2006-06-05,34.334
2006-06-02,34.4799
2006-06-01,34.5743
2006-05-31,34.6498
2006-05-30,34.7677
2006-05-26,34.8885
2006-05-25,34.9904
2006-05-24,35.1156
2006-05-23,35.2455
2006-05-22,35.387
2006-05-19,35.5161
2006-05-18,35.6305
2006-05-17,35.7794
2006-05-16,35.9231
2006-05-15,36.0353
2006-05-12,36.1001
2006-05-11,36.1825
2006-05-10,36.2339
2006-05-09,36.2447
2006-05-08,36.2542
2006-05-05,36.2594
2006-05-04,36.284
2006-05-03,36.3176
2006-05-02,36.3487
2006-05-01,36.3673
2006-04-28,36.3884
2006-04-27,36.397
2006-04-26,36.3824
2006-04-25,36.3513
2006-04-24,36.3271
2006-04-21,36.2986
2006-04-20,36.2594
2006-04-19,36.2037
2006-04-18,36.1372
2006-04-17,36.0979
2006-04-13,36.0889
2006-04-12,36.0561
2006-04-11,36.0458
2006-04-10,36.0208
2006-04-07,35.9514
2006-04-06,35.8742
2006-04-05,35.7776
2006-04-04,35.7012
2006-04-03,35.6413
2006-03-31,35.6016
2006-03-30,35.5796
2006-03-29,35.5628
2006-03-28,35.5504
2006-03-27,35.5474
2006-03-24,35.5638
2006-03-23,35.5608
2006-03-22,35.5622
2006-03-21,35.5631
2006-03-20,35.5463
2006-03-17,35.5304
2006-03-16,35.533
2006-03-15,35.524
2006-03-14,35.4886
2006-03-13,35.4506
2006-03-10,35.4627
2006-03-09,35.4692
2006-03-08,35.4942
2006-03-07,35.4839
2006-03-06,35.4821
2006-03-03,35.4748
2006-03-02,35.4739
2006-03-01,35.4938
2006-02-28,35.5084
2006-02-27,35.5555
2006-02-24,35.5723
2006-02-23,35.5848
2006-02-22,35.5895
2006-02-21,35.5973
2006-02-17,35.6193
2006-02-16,35.621
2006-02-15,35.6633
2006-02-14,35.7086
2006-02-13,35.7862
2006-02-10,35.8936
2006-02-09,35.9816
2006-02-08,36.0894
2006-02-07,36.1662
2006-02-06,36.262
2006-02-03,36.3426
2006-02-02,36.3857
2006-02-01,36.3991
2006-01-31,36.3629
2006-01-30,36.2944
2006-01-27,36.231
2006-01-26,36.1827
2006-01-25,36.1606
2006-01-24,36.1668
2006-01-23,36.1649
2006-01-20,36.1593
2006-01-19,36.1464
2006-01-18,36.0773
2006-01-17,36.0502
2006-01-13,36.0143
2006-01-12,35.9633
2006-01-11,35.9177
2006-01-10,35.8554
2006-01-09,35.8008
2006-01-06,35.7408
2006-01-05,35.7011
2006-01-04,35.6974
2006-01-03,35.6956
2005-12-30,35.7256
2005-12-29,35.79
2005-12-28,35.8081
2005-12-27,35.819
2005-12-23,35.8363
2005-12-22,35.8529
2005-12-21,35.8659
2005-12-20,35.8862
2005-12-19,35.9076
2005-12-16,35.9262
2005-12-15,35.9101
2005-12-14,35.8584
2005-12-13,35.799
2005-12-12,35.7417
2005-12-09,35.692
2005-12-08,35.644
2005-12-07,35.5837
2005-12-06,35.5097
2005-12-05,35.432
2005-12-02,35.3579
2005-12-01,35.2647
2005-11-30,35.1503
2005-11-29,35.047
2005-11-28,34.9406
2005-11-25,34.8021
2005-11-23,34.636
2005-11-22,34.5074
2005-11-21,34.3916
2005-11-18,34.2888
2005-11-17,34.1641
2005-11-16,34.0349
2005-11-15,33.9447
2005-11-14,33.8324
2005-11-11,33.7233
2005-11-10,33.6093
2005-11-09,33.488
2005-11-08,33.373
2005-11-07,33.2783
2005-11-04,33.1923
2005-11-03,33.1174
2005-11-02,33.0447
2005-11-01,33.0194
2005-10-31,33.0392
2005-10-28,33.0689
2005-10-27,33.1179
2005-10-26,33.1682
2005-10-25,33.1626
2005-10-24,33.148
2005-10-21,33.1308
2005-10-20,33.1394
2005-10-19,33.1538
2005-10-18,33.1465
2005-10-17,33.1904
2005-10-14,33.2295
2005-10-13,33.2872
2005-10-12,33.3465
2005-10-11,33.4194
2005-10-10,33.4921
2005-10-07,33.5609
2005-10-06,33.616
2005-10-05,33.6655
2005-10-04,33.6934
2005-10-03,33.6951
2005-09-30,33.6611
2005-09-29,33.6379
2005-09-28,33.6284
2005-09-27,33.6258
2005-09-26,33.6297
2005-09-23,33.6168
2005-09-22,33.6098
2005-09-21,33.6038
2005-09-20,33.6137
2005-09-19,33.6098
2005-09-16,33.5982
2005-09-15,33.5742
2005-09-14,33.5691
2005-09-13,33.5532
2005-09-12,33.5452
2005-09-09,33.5229
2005-09-08,33.5148
2005-09-07,33.5023
2005-09-06,33.5041
2005-09-02,33.4976
2005-09-01,33.5282
2005-08-31,33.5606
2005-08-30,33.6071
2005-08-29,33.6699
2005-08-26,33.7082
2005-08-25,33.7562
2005-08-24,33.813
2005-08-23,33.8655
2005-08-22,33.8952
2005-08-19,33.9137
2005-08-18,33.9395
2005-08-17,33.9665
2005-08-16,33.9846
2005-08-15,34.0005
2005-08-12,33.9698
2005-08-11,33.9561
2005-08-10,33.9276
2005-08-09,33.8966
2005-08-08,33.8471
2005-08-05,33.8011
2005-08-04,33.7275
2005-08-03,33.6151
2005-08-02,33.4804
2005-08-01,33.3526
2005-07-29,33.2268
2005-07-28,33.1065
2005-07-27,32.9842
2005-07-26,32.8736
2005-07-25,32.7609
2005-07-22,32.6619
2005-07-21,32.5746
2005-07-20,32.5032
2005-07-19,32.4339
2005-07-18,32.3775
2005-07-15,32.3404
2005-07-14,32.2963
2005-07-13,32.2488
2005-07-12,32.2124
2005-07-11,32.1864
2005-07-08,32.1603
2005-07-07,32.1665
2005-07-06,32.193
2005-07-05,32.2285
2005-07-01,32.27
2005-06-30,32.3277
2005-06-29,32.4071
2005-06-28,32.4624
2005-06-27,32.501
2005-06-24,32.5601
2005-06-23,32.6111
2005-06-22,32.6277
2005-06-21,32.6331
2005-06-20,32.6316
2005-06-17,32.6211
2005-06-16,32.6042
2005-06-15,32.5741
2005-06-14,32.5311
2005-06-13,32.484
2005-06-10,32.4199
2005-06-09,32.347
2005-06-08,32.261
2005-06-07,32.1774
2005-06-06,32.1018
2005-06-03,32.0049
2005-06-02,31.9043
2005-06-01,31.7783
2005-05-31,31.6455
2005-05-27,31.5182
2005-05-26,31.3794
2005-05-25,31.2315
2005-05-24,31.115
2005-05-23,30.9895
2005-05-20,30.8831
2005-05-19,30.7726
2005-05-18,30.6932
2005-05-17,30.5859
2005-05-16,30.5124
2005-05-13,30.4379
2005-05-12,30.3734
2005-05-11,30.3605
2005-05-10,30.3652
2005-05-09,30.4037
2005-05-06,30.423
2005-05-05,30.4567
2005-05-04,30.5074
2005-05-03,30.5406
2005-05-02,30.5947
2005-04-29,30.6523
2005-04-28,30.7048
2005-04-27,30.783
2005-04-26,30.8531
2005-04-25,30.8961
2005-04-22,30.9376
2005-04-21,30.9883
2005-04-20,31.0138
2005-04-19,31.0751
2005-04-18,31.1435
2005-04-15,31.2191
2005-04-14,31.3038
2005-04-13,31.3496
2005-04-12,31.3917
2005-04-11,31.421
2005-04-08,31.4506
2005-04-07,31.4885
2005-04-06,31.5155
2005-04-05,31.5663
2005-04-04,31.6307
2005-04-01,31.6763
2005-03-31,31.7236
2005-03-30,31.7683
2005-03-29,31.807
2005-03-28,31.8573
2005-03-24,31.9123
2005-03-23,31.9613
2005-03-22,31.9906
2005-03-21,32.0232
2005-03-18,32.0563
2005-03-17,32.0976
2005-03-16,32.1522
2005-03-15,32.2169
2005-03-14,32.2525
2005-03-11,32.268
2005-03-10,32.2671
2005-03-09,32.2495
2005-03-08,32.2568
2005-03-07,32.2566
2005-03-04,32.2432
2005-03-03,32.2275
2005-03-02,32.2395
2005-03-01,32.2357
2005-02-28,32.2258
2005-02-25,32.2129
2005-02-24,32.1905
2005-02-23,32.1794
2005-02-22,32.1695
2005-02-18,32.154
2005-02-17,32.1411
2005-02-16,32.1359
2005-02-15,32.1402
2005-02-14,32.166
2005-02-11,32.1902
2005-02-10,32.2061
2005-02-09,32.2675
2005-02-08,32.3169
2005-02-07,32.3509
2005-02-04,32.3885
2005-02-03,32.4142
2005-02-02,32.4738
2005-02-01,32.5254
2005-01-31,32.6104
2005-01-28,32.7186
2005-01-27,32.8505
2005-01-26,32.9761
2005-01-25,33.0973
2005-01-24,33.2211
2005-01-21,33.3599
2005-01-20,33.4751
2005-01-19,33.5752
2005-01-18,33.6234
2005-01-14,33.6558
2005-01-13,33.7049
2005-01-12,33.7855
2005-01-11,33.8506
2005-01-10,33.921
2005-01-07,33.9649
2005-01-06,34.013
2005-01-05,34.0596
2005-01-04,34.0882
2005-01-03,34.1358
2004-12-31,34.1465
2004-12-30,34.1368
2004-12-29,34.1175
2004-12-28,34.0628
2004-12-27,34.0137
2004-12-23,33.9814
2004-12-22,33.9469
2004-12-21,33.8992
2004-12-20,33.8562
2004-12-17,33.818
2004-12-16,33.794
2004-12-15,33.7583
2004-12-14,33.6842
2004-12-13,33.614
2004-12-10,33.5451
2004-12-09,33.4752
2004-12-08,33.379
2004-12-07,33.2985
2004-12-06,33.2312
2004-12-03,33.1329
2004-12-02,33.026
2004-12-01,32.9128
2004-11-30,32.7952
2004-11-29,32.7067
2004-11-26,32.6087
2004-11-24,32.5129
2004-11-23,32.4022
2004-11-22,32.2672
2004-11-19,32.1216
2004-11-18,31.999
2004-11-17,31.8845
2004-11-16,31.7542
2004-11-15,31.6388
2004-11-12,31.5242
2004-11-11,31.3952
2004-11-10,31.2743
2004-11-09,31.1815
2004-11-08,31.0865
2004-11-05,30.9907
2004-11-04,30.8894
2004-11-03,30.8306
2004-11-02,30.7982
2004-11-01,30.7642
2004-10-29,30.7331
2004-10-28,30.699
2004-10-27,30.6215
2004-10-26,30.5513
2004-10-25,30.4981
2004-10-22,30.4499
2004-10-21,30.4074
2004-10-20,30.3358
2004-10-19,30.289
2004-10-18,30.2758
2004-10-15,30.2456
2004-10-14,30.237
2004-10-13,30.2315
2004-10-12,30.2162
2004-10-11,30.2136
2004-10-08,30.2064
2004-10-07,30.1868
2004-10-06,30.1165
2004-10-05,30.0165
2004-10-04,29.9343
2004-10-01,29.8419
2004-09-30,29.7857
2004-09-29,29.7487
2004-09-28,29.7035
2004-09-27,29.6784
2004-09-24,29.681
2004-09-23,29.6639
2004-09-22,29.6482
2004-09-21,29.6111
2004-09-20,29.5481
2004-09-17,29.4876
2004-09-16,29.4127
2004-09-15,29.3501
2004-09-14,29.2654
2004-09-13,29.1487
2004-09-10,29.0184
2004-09-09,28.9056
2004-09-08,28.8345
2004-09-07,28.7881
2004-09-03,28.7187
2004-09-02,28.6582
2004-09-01,28.608
2004-08-31,28.6067
2004-08-30,28.6156
2004-08-27,28.6573
2004-08-26,28.6714
2004-08-25,28.6876
2004-08-24,28.6803
2004-08-23,28.6995
2004-08-20,28.6982
2004-08-19,28.7067
2004-08-18,28.7578
2004-08-17,28.7813
2004-08-16,28.8736
2004-08-13,28.9465
2004-08-12,29.038
2004-08-11,29.1487
2004-08-10,29.2454
2004-08-09,29.345
2004-08-06,29.4642
2004-08-05,29.5932
2004-08-04,29.6827
2004-08-03,29.7619
2004-08-02,29.8385
2004-07-30,29.9177
2004-07-29,30.0092
2004-07-28,30.1353
2004-07-27,30.2626
2004-07-26,30.3686
2004-07-23,30.5079
2004-07-22,30.6288
2004-07-21,30.7246
2004-07-20,30.8217
2004-07-19,30.8523
2004-07-16,30.9307
2004-07-15,31.0039
2004-07-14,31.0746
2004-07-13,31.1427
2004-07-12,31.1755
2004-07-09,31.2283
2004-07-08,31.2636
2004-07-07,31.3233
2004-07-06,31.3637
2004-07-02,31.3705
2004-07-01,31.3348
2004-06-30,31.3084
2004-06-29,31.2556
2004-06-28,31.2206
2004-06-25,31.1951
2004-06-24,31.1465
2004-06-23,31.1001
2004-06-22,31.0209
2004-06-21,30.9503
2004-06-18,30.8949
2004-06-17,30.8204
2004-06-16,30.7497
2004-06-15,30.6513
2004-06-14,30.5645
2004-06-10,30.5087
2004-06-09,30.4414
2004-06-08,30.3822
2004-06-07,30.2788
2004-06-04,30.1902
2004-06-03,30.1506
2004-06-02,30.1315
2004-06-01,30.0816
2004-05-28,30.022
2004-05-27,29.9462
2004-05-26,29.913
2004-05-25,29.9134
2004-05-24,29.9522
2004-05-21,30.0237
2004-05-20,30.117
2004-05-19,30.2051
2004-05-18,30.2605
2004-05-17,30.3009
2004-05-14,30.3908
2004-05-13,30.4478
2004-05-12,30.4964
2004-05-11,30.5624
2004-05-10,30.6237
2004-05-07,30.7301
2004-05-06,30.814
2004-05-05,30.8855
2004-05-04,30.9473
2004-05-03,31.041
2004-04-30,31.1261
2004-04-29,31.1853
2004-04-28,31.1938
2004-04-27,31.1815
2004-04-26,31.1355
2004-04-23,31.0622
2004-04-22,30.9826
2004-04-21,30.8762
2004-04-20,30.7927
2004-04-19,30.7344
2004-04-16,30.6586
2004-04-15,30.6267
2004-04-14,30.599
2004-04-13,30.5198
2004-04-12,30.4457
2004-04-08,30.375
2004-04-07,30.2869
2004-04-06,30.2124
2004-04-05,30.1561
2004-04-02,30.0846
2004-04-01,30.0646
2004-03-31,30.0901
2004-03-30,30.1148
2004-03-29,30.1451
2004-03-26,30.1987
2004-03-25,30.2562
2004-03-24,30.3128
2004-03-23,30.4048
2004-03-22,30.504
2004-03-19,30.5951
2004-03-18,30.685
2004-03-17,30.7548
2004-03-16,30.8421
2004-03-15,30.9481
2004-03-12,31.0354
2004-03-11,31.1095
2004-03-10,31.2249
2004-03-09,31.3096
2004-03-08,31.3718
2004-03-05,31.4297
2004-03-04,31.4229
2004-03-03,31.4046
2004-03-02,31.4263
2004-03-01,31.4412
2004-02-27,31.4421
2004-02-26,31.4706
2004-02-25,31.4889
2004-02-24,31.5383
2004-02-23,31.6332
2004-02-20,31.6997
2004-02-19,31.7546
2004-02-18,31.8142
2004-02-17,31.8564
2004-02-13,31.9045
2004-02-12,31.9573
2004-02-11,31.9926
2004-02-10,32.0084
2004-02-09,32.0573
2004-02-06,32.0833
2004-02-05,32.1195
2004-02-04,32.171
2004-02-03,32.214
2004-02-02,32.2208
2004-01-30,32.1949
2004-01-29,32.1689
2004-01-28,32.1399
2004-01-27,32.1118
2004-01-26,32.0314
2004-01-23,31.9168
2004-01-22,31.8238
2004-01-21,31.7134
2004-01-20,31.5885
2004-01-16,31.461
2004-01-15,31.3046
2004-01-14,31.1623
2004-01-13,31.0212
2004-01-12,30.9053
2004-01-09,30.7757
2004-01-08,30.6401
2004-01-07,30.4884
2004-01-06,30.384
2004-01-05,30.2855
2004-01-02,30.2227
2003-12-31,30.1749
2003-12-30,30.142
2003-12-29,30.1133
2003-12-26,30.0676
2003-12-24,30.0453
2003-12-23,30.0141
2003-12-22,29.986
2003-12-19,29.9289
2003-12-18,29.8617
2003-12-17,29.8042
2003-12-16,29.7604
2003-12-15,29.7532
2003-12-12,29.7642
2003-12-11,29.7868
2003-12-10,29.8085
2003-12-09,29.8298
2003-12-08,29.8621
2003-12-05,29.8787
2003-12-04,29.917
2003-12-03,29.926
2003-12-02,29.9375
2003-12-01,29.94
2003-11-28,29.9094
2003-11-26,29.9098
2003-11-25,29.9089
2003-11-24,29.9166
2003-11-21,29.8753
2003-11-20,29.874
2003-11-19,29.8864
2003-11-18,29.9017
2003-11-17,29.96
2003-11-14,29.9753
2003-11-13,29.957
2003-11-12,29.9438
2003-11-11,29.917
2003-11-10,29.9285
2003-11-07,29.9306
2003-11-06,29.9043
2003-11-05,29.8511
2003-11-04,29.791
2003-11-03,29.754
2003-10-31,29.6978
2003-10-30,29.6557
2003-10-29,29.565
2003-10-28,29.4727
2003-10-27,29.3475
2003-10-24,29.302
2003-10-23,29.233
2003-10-22,29.1743
2003-10-21,29.1168
2003-10-20,29.0858
2003-10-17,29.0381
2003-10-16,29.0368
2003-10-15,29.0079
2003-10-14,28.9687
2003-10-13,28.9291
2003-10-10,28.8546
2003-10-09,28.804
2003-10-08,28.7593
2003-10-07,28.7099
2003-10-06,28.6861
2003-10-03,28.6886
2003-10-02,28.678
2003-10-01,28.7163
2003-09-30,28.7461
2003-09-29,28.8078
2003-09-26,28.8185
2003-09-25,28.8402
2003-09-24,28.8406
2003-09-23,28.8117
2003-09-22,28.7261
2003-09-19,28.6631
2003-09-18,28.5805
2003-09-17,28.4746
2003-09-16,28.3941
2003-09-15,28.2907
2003-09-12,28.1919
2003-09-11,28.0676
2003-09-10,27.9497
2003-09-09,27.8472
2003-09-08,27.6901
2003-09-05,27.5016
2003-09-04,27.347
2003-09-03,27.1781
2003-09-02,27.0231
2003-08-29,26.9201
2003-08-28,26.838
2003-08-27,26.7831
2003-08-26,26.7243
2003-08-25,26.6865
2003-08-22,26.6601
2003-08-21,26.6328
2003-08-20,26.5707
2003-08-19,26.5413
2003-08-18,26.4975
2003-08-15,26.4511
2003-08-14,26.4558
2003-08-13,26.4677
2003-08-12,26.5226
2003-08-11,26.5822
2003-08-08,26.6596
2003-08-07,26.735
2003-08-06,26.7899
2003-08-05,26.8754
2003-08-04,26.9635
2003-08-01,26.9823
2003-07-31,26.9448
2003-07-30,26.9095
2003-07-29,26.8639
2003-07-28,26.7916
2003-07-25,26.7039
2003-07-24,26.6367
2003-07-23,26.566
2003-07-22,26.4843
2003-07-21,26.4234
2003-07-18,26.4021
2003-07-17,26.3655
2003-07-16,26.3545
2003-07-15,26.2949
2003-07-14,26.2361
2003-07-11,26.1399
2003-07-10,26.0893
2003-07-09,26.0433
2003-07-08,25.9573
2003-07-07,25.8488
2003-07-03,25.7739
2003-07-02,25.7765
2003-07-01,25.753
2003-06-30,25.7322
2003-06-27,25.7164
2003-06-26,25.7147
2003-06-25,25.676
2003-06-24,25.662
2003-06-23,25.6373
2003-06-20,25.5602
2003-06-19,25.4628
2003-06-18,25.3466
2003-06-17,25.2125
2003-06-16,25.0818
2003-06-13,24.989
2003-06-12,24.9448
2003-06-11,24.8575
2003-06-10,24.7783
2003-06-09,24.7213
2003-06-06,24.6651
2003-06-05,24.5647
2003-06-04,24.4646
2003-06-03,24.3876
2003-06-02,24.3191
2003-05-30,24.2637
2003-05-29,24.1744
2003-05-28,24.0952
2003-05-27,24.0331
2003-05-23,23.9641
2003-05-22,23.9152
2003-05-21,23.8892
2003-05-20,23.8866
2003-05-19,23.8722
2003-05-16,23.8394
2003-05-15,23.7594
2003-05-14,23.6444
2003-05-13,23.5457
2003-05-12,23.4338
2003-05-09,23.292
2003-05-08,23.1797
2003-05-07,23.0813
2003-05-06,22.9864
2003-05-05,22.8792
2003-05-02,22.7855
2003-05-01,22.7089
2003-04-30,22.6434
2003-04-29,22.5582
2003-04-28,22.4527
2003-04-25,22.3931
2003-04-24,22.3684
2003-04-23,22.3292
2003-04-22,22.2773
2003-04-21,22.2181
2003-04-17,22.2288
2003-04-16,22.2279
2003-04-15,22.2484
2003-04-14,22.276
2003-04-11,22.3003
2003-04-10,22.3092
2003-04-09,22.3028
2003-04-08,22.2505
2003-04-07,22.1543
2003-04-04,22.0658
2003-04-03,22.0015
2003-04-02,21.9168
2003-04-01,21.8487
2003-03-31,21.8083
2003-03-28,21.7827
2003-03-27,21.7436
2003-03-26,21.6755
2003-03-25,21.5759
2003-03-24,21.5061
2003-03-21,21.4507
2003-03-20,21.3656
2003-03-19,21.2881
2003-03-18,21.2192
2003-03-17,21.1477
2003-03-14,21.0579
2003-03-13,20.9821
2003-03-12,20.9055
2003-03-11,20.9021
2003-03-10,20.9114
2003-03-07,20.9029
2003-03-06,20.8889
2003-03-05,20.8714
2003-03-04,20.8561
2003-03-03,20.8557
2003-02-28,20.8467
2003-02-27,20.8187
2003-02-26,20.8348
2003-02-25,20.8587
2003-02-24,20.8485
2003-02-21,20.8519
2003-02-20,20.8663
2003-02-19,20.8642
2003-02-18,20.8621
2003-02-14,20.8646
2003-02-13,20.9476
2003-02-12,21.0668
2003-02-11,21.2056
2003-02-10,21.3243
2003-02-07,21.4554
2003-02-06,21.5784
2003-02-05,21.6503
2003-02-04,21.7597
2003-02-03,21.8504
2003-01-31,21.901
2003-01-30,21.9419
2003-01-29,21.9364
2003-01-28,21.9142
2003-01-27,21.9159
2003-01-24,21.9479
2003-01-23,21.9704
2003-01-22,21.9772
2003-01-21,21.9938
2003-01-17,21.9951
2003-01-16,21.9981
2003-01-15,21.9764
2003-01-14,21.9385
2003-01-13,21.8517
2003-01-10,21.8057
2003-01-09,21.747
2003-01-08,21.7001
2003-01-07,21.6712
2003-01-06,21.6635
2003-01-03,21.6584
2003-01-02,21.6963
2002-12-31,21.7717
2002-12-30,21.9262
2002-12-27,22.0577
2002-12-26,22.1892
2002-12-24,22.2645
2002-12-23,22.3769
2002-12-20,22.4642
2002-12-19,22.5667
2002-12-18,22.6382
2002-12-17,22.6497
2002-12-16,22.6548
2002-12-13,22.68
2002-12-12,22.7251
2002-12-11,22.6983
2002-12-10,22.6646
2002-12-09,22.6097
2002-12-06,22.6033
2002-12-05,22.5638
2002-12-04,22.5753
2002-12-03,22.5552
2002-12-02,22.5012
2002-11-29,22.3841
2002-11-27,22.2492
2002-11-26,22.1066
2002-11-25,21.9734
2002-11-22,21.8244
2002-11-21,21.6959
2002-11-20,21.5363
2002-11-19,21.4452
2002-11-18,21.3809
2002-11-15,21.306
2002-11-14,21.1941
2002-11-13,21.0855
2002-11-12,20.9812
2002-11-11,20.9229
2002-11-08,20.845
2002-11-07,20.7237
2002-11-06,20.5339
2002-11-05,20.2611
2002-11-04,20.01
2002-11-01,19.7656
2002-10-31,19.5571
2002-10-30,19.3949
2002-10-29,19.254
2002-10-28,19.1714
2002-10-25,19.011
2002-10-24,18.8667
2002-10-23,18.7654
2002-10-22,18.6492
2002-10-21,18.5168
2002-10-18,18.3776
2002-10-17,18.2866
2002-10-16,18.2027
2002-10-15,18.1665
2002-10-14,18.1078
2002-10-11,18.1154
2002-10-10,18.1482
2002-10-09,18.2219
2002-10-08,18.3661
2002-10-07,18.513
2002-10-04,18.6373
2002-10-03,18.7437
2002-10-02,18.8046
2002-10-01,18.8675
2002-09-30,18.8956
2002-09-27,19.0135
2002-09-26,19.1191
2002-09-25,19.1991
2002-09-24,19.3055
2002-09-23,19.4851
2002-09-20,19.6609
2002-09-19,19.852
2002-09-18,20.0295
2002-09-17,20.1683
2002-09-16,20.3011
2002-09-13,20.3879
2002-09-12,20.4535
2002-09-11,20.5058
2002-09-10,20.4696
2002-09-09,20.459
2002-09-06,20.4696
2002-09-05,20.5003
2002-09-04,20.5271
2002-09-03,20.5173
2002-08-30,20.4662
2002-08-29,20.4135
2002-08-28,20.3683
2002-08-27,20.3841
2002-08-26,20.3815
2002-08-23,20.3211
2002-08-22,20.2155
2002-08-21,20.0491
2002-08-20,19.9584
2002-08-19,19.8397
2002-08-16,19.7588
2002-08-15,19.7286
2002-08-14,19.7371
2002-08-13,19.8056
2002-08-12,19.9159
2002-08-09,20.0082
2002-08-08,20.0708
2002-08-07,20.1232
2002-08-06,20.17
2002-08-05,20.2619
2002-08-02,20.4296
2002-08-01,20.6037
2002-07-31,20.6897
2002-07-30,20.6939
2002-07-29,20.7169
2002-07-26,20.8135
2002-07-25,20.9642
2002-07-24,21.1089
2002-07-23,21.1873
2002-07-22,21.3545
2002-07-19,21.4575
2002-07-18,21.5627
2002-07-17,21.6738
2002-07-16,21.8172
2002-07-15,21.9606
2002-07-12,22.0479
2002-07-11,22.1705
2002-07-10,22.3007
2002-07-09,22.4522
2002-07-08,22.605
2002-07-05,22.7293
2002-07-03,22.8374
2002-07-02,23.0464
2002-07-01,23.2767
2002-06-28,23.4525
2002-06-27,23.6202
2002-06-26,23.8045
2002-06-25,24.0016
2002-06-24,24.2416
2002-06-21,24.4506
2002-06-20,24.7149
2002-06-19,24.9252
2002-06-18,25.095
2002-06-17,25.2308
2002-06-14,25.4168
2002-06-13,25.6398
2002-06-12,25.8582
2002-06-11,26.0586
2002-06-10,26.1991
2002-06-07,26.2549
2002-06-06,26.3677
2002-06-05,26.4907
2002-06-04,26.4498
2002-06-03,26.4332
2002-05-31,26.4656
2002-05-30,26.4856
2002-05-29,26.529
2002-05-28,26.5907
2002-05-24,26.5915
2002-05-23,26.583
2002-05-22,26.5996
2002-05-21,26.6465
2002-05-20,26.718
2002-05-17,26.7767
2002-05-16,26.8418
2002-05-15,26.9052
2002-05-14,26.9993
2002-05-13,27.1112
2002-05-10,27.2402
2002-05-09,27.4088
2002-05-08,27.496
2002-05-07,27.5841
2002-05-06,27.7923
2002-05-03,28.0404
2002-05-02,28.2375
2002-05-01,28.4184
2002-04-30,28.5661
2002-04-29,28.7091
2002-04-26,28.9487
2002-04-25,29.1624
2002-04-24,29.2982
2002-04-23,29.4424
2002-04-22,29.551
2002-04-19,29.6825
2002-04-18,29.7915
2002-04-17,29.8643
2002-04-16,29.9647
2002-04-15,30.06
2002-04-12,30.2065
2002-04-11,30.3486
2002-04-10,30.5223
2002-04-09,30.6993
2002-04-08,30.9096
2002-04-05,31.0743
2002-04-04,31.2152
2002-04-03,31.3361
2002-04-02,31.4378
2002-04-01,31.5255
2002-03-28,31.4825
2002-03-27,31.3855
2002-03-26,31.334
2002-03-25,31.291
2002-03-22,31.2676
2002-03-21,31.1386
2002-03-20,30.9879
2002-03-19,30.9492
2002-03-18,30.8343
2002-03-15,30.7636
2002-03-14,30.7487
2002-03-13,30.7526
2002-03-12,30.7206
2002-03-11,30.6623
2002-03-08,30.5619
2002-03-07,30.4137
2002-03-06,30.3448
2002-03-05,30.2899
2002-03-04,30.2686
2002-03-01,30.3107
2002-02-28,30.4286
2002-02-27,30.6198
2002-02-26,30.7721
2002-02-25,30.9496
2002-02-22,31.1122
2002-02-21,31.3374
2002-02-20,31.5481
2002-02-19,31.6438
2002-02-15,31.8103
2002-02-14,31.975
2002-02-13,32.0558
2002-02-12,32.2001
2002-02-11,32.3546
2002-02-08,32.5343
2002-02-07,32.756
2002-02-06,33.008
2002-02-05,33.2391
2002-02-04,33.4477
2002-02-01,33.6498
2002-01-31,33.7929
2002-01-30,33.861
2002-01-29,33.8882
2002-01-28,33.9882
2002-01-25,34.0291
2002-01-24,34.0657
2002-01-23,34.0819
2002-01-22,34.1266
2002-01-18,34.1857
2002-01-17,34.2674
2002-01-16,34.336
2002-01-15,34.4219
2002-01-14,34.4122
2002-01-11,34.4036
2002-01-10,34.4339
2002-01-09,34.4275
2002-01-08,34.4228
2002-01-07,34.433
2002-01-04,34.5054
2002-01-03,34.5556
2002-01-02,34.5271
2001-12-31,34.4786
2001-12-28,34.5101
2001-12-27,34.4939
2001-12-26,34.4403
2001-12-24,34.462
2001-12-21,34.5015
2001-12-20,34.493
2001-12-19,34.4866
2001-12-18,34.4062
2001-12-17,34.3734
2001-12-14,34.3126
2001-12-13,34.2857
2001-12-12,34.2806
2001-12-11,34.187
2001-12-10,34.0495
2001-12-07,33.9103
2001-12-06,33.7409
2001-12-05,33.5379
2001-12-04,33.3396
2001-12-03,33.1663
2001-11-30,33.0229
2001-11-29,32.8394
2001-11-28,32.5819
2001-11-27,32.3534
2001-11-26,32.0912
2001-11-23,31.9107
2001-11-21,31.8051
2001-11-20,31.6664
2001-11-19,31.4966
2001-11-16,31.2395
2001-11-15,30.9918
2001-11-14,30.73
2001-11-13,30.424
2001-11-12,30.2367
2001-11-09,30.0835
2001-11-08,29.9481
2001-11-07,29.8183
2001-11-06,29.5782
2001-11-05,29.276
2001-11-02,29.0675
2001-11-01,28.904
2001-10-31,28.7321
2001-10-30,28.6086
2001-10-29,28.4145
2001-10-26,28.1885
2001-10-25,27.8893
2001-10-24,27.5352
2001-10-23,27.2496
2001-10-22,27.0397
2001-10-19,26.8337
2001-10-18,26.6056
2001-10-17,26.42
2001-10-16,26.3145
2001-10-15,26.1246
2001-10-12,25.9884
2001-10-11,25.9693
2001-10-10,25.9267
2001-10-09,25.9863
2001-10-08,26.1668
2001-10-05,26.3204
2001-10-04,26.5081
2001-10-03,26.7154
2001-10-02,26.9946
2001-10-01,27.3905
2001-09-28,27.8425
2001-09-27,28.2817
2001-09-26,28.658
2001-09-25,29.0419
2001-09-24,29.3394
2001-09-21,29.7085
2001-09-20,30.1158
2001-09-19,30.5665
2001-09-18,30.9552
2001-09-17,31.385
2001-09-10,31.8064
2001-09-07,32.0695
2001-09-06,32.3661
2001-09-05,32.6471
2001-09-04,32.9429
2001-08-31,33.2421
2001-08-30,33.5405
2001-08-29,33.8699
2001-08-28,34.1057
2001-08-27,34.2606
2001-08-24,34.3607
2001-08-23,34.4735
2001-08-22,34.6343
2001-08-21,34.7539
2001-08-20,34.9012
2001-08-17,35.0004
2001-08-16,35.166
2001-08-15,35.2971
2001-08-14,35.4056
2001-08-13,35.5205
2001-08-10,35.5737
2001-08-09,35.6959
2001-08-08,35.8206
2001-08-07,35.8419
2001-08-06,35.7661
2001-08-03,35.7452
2001-08-02,35.6801
2001-08-01,35.6605
2001-07-31,35.7687
2001-07-30,35.9257
2001-07-27,36.096
2001-07-26,36.1981
2001-07-25,36.3126
2001-07-24,36.4407
2001-07-23,36.5774
2001-07-20,36.6897
2001-07-19,36.7621
2001-07-18,36.7676
2001-07-17,36.7749
2001-07-16,36.7208
2001-07-13,36.7314
2001-07-12,36.6931
2001-07-11,36.7336
2001-07-10,36.9379
2001-07-09,37.1741
2001-07-06,37.4014
2001-07-05,37.7015
2001-07-03,37.873
2001-07-02,37.9671
2001-06-29,37.9832
2001-06-28,37.9981
2001-06-27,38.0143
2001-06-26,38.0415
2001-06-25,38.1526
2001-06-22,38.3923
2001-06-21,38.6753
2001-06-20,38.9009
2001-06-19,39.2469
2001-06-18,39.6398
2001-06-15,39.8956
2001-06-14,40.1212
2001-06-13,40.3298
2001-06-12,40.3553
2001-06-11,40.3136
2001-06-08,40.2923
2001-06-07,40.2251
2001-06-06,40.1335
2001-06-05,40.1642
2001-06-04,40.1365
2001-06-01,40.2374
2001-05-31,40.2693
2001-05-30,40.4502
2001-05-29,40.6043
2001-05-25,40.6056
2001-05-24,40.4421
2001-05-23,40.1889
2001-05-22,40.0378
2001-05-21,39.7569
2001-05-18,39.5057
2001-05-17,39.5211
2001-05-16,39.5381
2001-05-15,39.47
2001-05-14,39.304
2001-05-11,39.1095
2001-05-10,38.9924
2001-05-09,38.7894
2001-05-08,38.5021
2001-05-07,38.0275
2001-05-04,37.5636
2001-05-03,37.1
2001-05-02,36.5574
2001-05-01,35.9479
2001-04-30,35.4945
2001-04-27,35.1966
2001-04-26,34.9327
2001-04-25,34.7518
2001-04-24,34.6731
2001-04-23,34.5671
2001-04-20,34.4671
2001-04-19,34.2287
2001-04-18,33.8903
2001-04-17,33.669
2001-04-16,33.7546
2001-04-12,33.795
2001-04-11,33.7673
2001-04-10,33.8844
2001-04-09,34.0823
2001-04-06,34.3058
2001-04-05,34.6803
2001-04-04,35.1566
2001-04-03,35.8108
2001-04-02,36.4382
2001-03-30,36.8702
2001-03-29,37.1916
2001-03-28,37.6108
2001-03-27,37.9407
2001-03-26,38.1854
2001-03-23,38.6255
2001-03-22,38.9822
2001-03-21,39.3312
2001-03-20,39.8058
2001-03-19,40.3438
2001-03-16,40.849
2001-03-15,41.5811
2001-03-14,42.2324
2001-03-13,42.7218
2001-03-12,43.2594
2001-03-09,43.8596
2001-03-08,44.4422
2001-03-07,44.9573
2001-03-06,45.4757
2001-03-05,45.9907
2001-03-02,46.5866
2001-03-01,47.3719
2001-02-28,48.0316
2001-02-27,48.8531
2001-02-26,49.6192
2001-02-23,50.1896
2001-02-22,50.7565
2001-02-21,51.4431
2001-02-20,52.1356
2001-02-16,52.7055
2001-02-15,53.1814
2001-02-14,53.5287
2001-02-13,53.8024
2001-02-12,54.0888
2001-02-09,54.3293
2001-02-08,54.5651
2001-02-07,54.6247
2001-02-06,54.4821
2001-02-05,54.297
2001-02-02,54.0897
2001-02-01,54.0795
2001-01-31,53.9641
2001-01-30,53.5019
2001-01-29,53.1456
2001-01-26,52.909
2001-01-25,52.7391
2001-01-24,52.5851
2001-01-23,52.3029
2001-01-22,51.8045
2001-01-19,51.3512
2001-01-18,51.0455
2001-01-17,50.9366
2001-01-16,50.9366
2001-01-12,51.0813
2001-01-11,51.3367
2001-01-10,51.7504
2001-01-09,52.3544
2001-01-08,52.8119
2001-01-05,53.2056
2001-01-04,53.6896
2001-01-03,54.0888
2001-01-02,54.1978
2000-12-29,54.6473
2000-12-28,54.8431
2000-12-27,54.9069
2000-12-26,55.0725
2000-12-22,55.4419
2000-12-21,55.865
2000-12-20,56.3149
2000-12-19,56.9116
2000-12-18,57.3684
2000-12-15,57.7442
2000-12-14,58.1273
2000-12-13,58.638
2000-12-12,58.9407
2000-12-11,58.9492
2000-12-08,58.8372
2000-12-07,59.1645
2000-12-06,59.5561
2000-12-05,60.1575
2000-12-04,60.6577
2000-12-01,61.4264
2000-11-30,62.1925
2000-11-29,62.9595
2000-11-28,63.758
2000-11-27,64.2398
2000-11-24,64.6723
2000-11-22,65.0741
2000-11-21,65.5529
2000-11-20,66.0956
2000-11-17,66.7906
2000-11-16,67.3644
2000-11-15,67.8828
2000-11-14,67.9092
2000-11-13,68.0118
2000-11-10,68.4434
2000-11-09,68.8477
2000-11-08,68.8239
2000-11-07,68.8818
2000-11-06,68.7192
2000-11-03,68.7273
2000-11-02,68.7247
2000-11-01,68.8899
2000-10-31,69.0869
2000-10-30,69.1848
2000-10-27,69.6096
2000-10-26,69.994
2000-10-25,70.4911
2000-10-24,70.9882
2000-10-23,71.2836
2000-10-20,71.4658
2000-10-19,71.748
2000-10-18,71.8625
2000-10-17,72.5703
2000-10-16,73.2062
2000-10-13,73.5416
2000-10-12,73.9673
2000-10-11,74.7279
2000-10-10,75.4276
2000-10-09,75.9839
2000-10-06,76.4172
2000-10-05,76.9335
2000-10-04,77.4549
2000-10-03,77.8963
2000-10-02,78.556
2000-09-29,79.2307
2000-09-28,79.7946
2000-09-27,80.1062
2000-09-26,80.508
2000-09-25,80.8936
2000-09-22,81.2154
2000-09-21,81.4546
2000-09-20,81.8509
2000-09-19,81.8879
2000-09-18,81.9862
2000-09-15,82.2148
2000-09-14,82.4063
2000-09-13,82.4463
2000-09-12,82.4251
2000-09-11,82.494
2000-09-08,82.4195
2000-09-07,82.1931
2000-09-06,81.9164
2000-09-05,81.8368
2000-09-01,81.5282
2000-08-31,80.9975
2000-08-30,80.5054
2000-08-29,79.9866
2000-08-28,79.529
2000-08-25,79.1434
2000-08-24,78.6688
2000-08-23,78.3845
2000-08-22,78.3236
2000-08-21,78.3343
2000-08-18,78.313
2000-08-17,78.3875
2000-08-16,78.5854
2000-08-15,78.7263
2000-08-14,79.003
2000-08-11,79.3775
2000-08-10,79.7836
2000-08-09,80.1534
2000-08-08,80.3927
2000-08-07,80.4297
2000-08-04,80.5246
2000-08-03,80.7719
2000-08-02,80.9234
2000-08-01,81.1307
2000-07-31,81.4286
2000-07-28,81.5989
2000-07-27,81.8015
2000-07-26,81.8917
2000-07-25,81.7747
2000-07-24,81.7002
2000-07-21,81.5512
2000-07-20,81.4767
2000-07-19,81.412
2000-07-18,81.4282
2000-07-17,81.3644
2000-07-14,81.043
2000-07-13,80.7515
2000-07-12,80.4803
2000-07-11,80.3526
2000-07-10,80.1717
2000-07-07,80.1407
2000-07-06,80.0262
2000-07-05,80.013
2000-07-03,79.9998
2000-06-30,79.9406
2000-06-29,79.9487
2000-06-28,79.7674
2000-06-27,79.3205
2000-06-26,79.0089
2000-06-23,78.3173
2000-06-22,77.732
2000-06-21,77.0616
2000-06-20,76.0371
2000-06-19,75.3561
2000-06-16,74.6619
2000-06-15,74.3001
2000-06-14,74.0954
2000-06-13,74.0392
2000-06-12,73.7864
2000-06-09,73.5259
2000-06-08,73.1377
2000-06-07,72.5631
2000-06-06,72.2358
2000-06-05,72.0923
2000-06-02,71.9893
2000-06-01,71.8055
2000-05-31,71.88
2000-05-30,72.1621
2000-05-26,72.5908
2000-05-25,73.3143
2000-05-24,73.889
2000-05-23,74.2244
2000-05-22,74.8909
2000-05-19,75.0237
2000-05-18,75.2603
2000-05-17,75.4012
2000-05-16,75.5315
2000-05-15,75.4813
2000-05-12,75.1437
2000-05-11,75.2872
2000-05-10,75.6009
2000-05-09,76.367
2000-05-08,76.9416
2000-05-05,77.7384
2000-05-04,78.2091
2000-05-03,78.6684
2000-05-02,79.2119
2000-05-01,79.7555
2000-04-28,80.3458
2000-04-27,80.88
2000-04-26,81.6781
2000-04-25,82.8452
2000-04-24,84.0084
2000-04-20,85.4049
2000-04-19,86.6286
2000-04-18,87.6902
2000-04-17,88.5329
2000-04-14,89.302
2000-04-13,90.5968
2000-04-12,91.48
2000-04-11,91.944
2000-04-10,92.3547
2000-04-07,92.8655
2000-04-06,93.2017
2000-04-05,93.7338
2000-04-04,94.2083
2000-04-03,94.5637
2000-03-31,94.9489
2000-03-30,95.0149
2000-03-29,94.9234
2000-03-28,94.8234
2000-03-27,94.4807
2000-03-24,93.8934
2000-03-23,93.3183
2000-03-22,92.914
2000-03-21,92.499
2000-03-20,91.9435
2000-03-17,91.5498
2000-03-16,91.1816
2000-03-15,90.8092
2000-03-14,90.7049
2000-03-13,90.3793
2000-03-10,89.8856
2000-03-09,89.3642
2000-03-08,88.6832
2000-03-07,88.3171
2000-03-06,87.817
2000-03-03,87.1871
2000-03-02,86.5678
2000-03-01,86.0464
2000-02-29,85.3845
2000-02-28,84.6588
2000-02-25,83.8926
2000-02-24,83.318
2000-02-23,82.5838
2000-02-22,82.105
2000-02-18,81.8028
2000-02-17,81.7091
2000-02-16,81.4069
2000-02-15,81.2367
2000-02-14,80.9579
2000-02-11,80.6876
2000-02-10,80.3194
2000-02-09,79.6299
2000-02-08,79.1787
2000-02-07,78.7467
2000-02-04,78.3849
2000-02-03,77.6592
2000-02-02,77.3102
2000-02-01,77.1123
2000-01-31,77.2251
2000-01-28,77.2974
2000-01-27,77.5315
2000-01-26,77.6145
2000-01-25,77.6103
2000-01-24,77.4698
2000-01-21,77.4081
2000-01-20,77.1059
2000-01-19,76.8675
2000-01-18,76.3951
2000-01-14,75.9643
2000-01-13,75.5238
2000-01-12,75.0897
2000-01-11,74.813
2000-01-10,74.498
2000-01-07,73.9617
2000-01-06,73.5042
2000-01-05,73.4531
2000-01-04,73.0934
2000-01-03,72.7359
1999-12-31,72.0719
1999-12-30,71.4803
1999-12-29,70.7822
1999-12-28,69.9948
1999-12-27,69.4521
1999-12-23,68.9414
1999-12-22,68.3987
1999-12-21,67.7943
1999-12-20,67.1643
1999-12-17,66.777
1999-12-16,66.4076
1999-12-15,65.9755
1999-12-14,65.6712
1999-12-13,65.352
1999-12-10,64.9774
1999-12-09,64.6093
1999-12-08,64.2155
1999-12-07,63.7984
1999-12-06,63.36
1999-12-03,62.8642
1999-12-02,62.3683
1999-12-01,61.9107
1999-11-30,61.5
1999-11-29,61.1339
