date,SMA
2024-10-04,564.434
2024-10-03,562.7202
2024-10-02,561.7256
2024-10-01,560.7457
2024-09-30,559.8342
2024-09-27,559.2439
2024-09-26,558.5024
2024-09-25,557.7169
2024-09-24,557.2069
2024-09-23,556.5955
2024-09-20,556.1325
2024-09-19,555.4458
2024-09-18,554.9294
2024-09-17,554.7948
2024-09-16,554.6223
2024-09-13,554.1971
2024-09-12,553.7515
2024-09-11,552.9869
2024-09-10,552.3697
2024-09-09,551.5961
2024-09-06,550.9272
2024-09-05,550.4432
2024-09-04,548.9004
2024-09-03,547.4648
2024-08-30,545.7351
2024-08-29,544.2008
2024-08-28,543.4362
2024-08-27,543.0628
2024-08-26,542.0878
2024-08-23,541.2888
2024-08-22,540.407
2024-08-21,539.5192
2024-08-20,538.5527
2024-08-19,538.3074
2024-08-16,538.0602
2024-08-15,537.795
2024-08-14,537.7746
2024-08-13,538.4321
2024-08-12,539.5696
2024-08-09,540.9782
2024-08-08,542.3241
2024-08-07,543.6117
2024-08-06,545.7381
2024-08-05,547.4165
2024-08-02,549.3057
2024-08-01,550.3893
2024-07-31,550.8105
2024-07-30,550.7208
2024-07-29,550.8873
2024-07-26,550.8604
2024-07-25,550.9566
2024-07-24,551.3105
2024-07-23,551.49
2024-07-22,550.9396
2024-07-19,550.4342
2024-07-18,550.2472
2024-07-17,549.9513
2024-07-16,549.373
2024-07-15,548.1853
2024-07-12,547.1471
2024-07-11,546.1316
2024-07-10,545.0719
2024-07-09,543.7068
2024-07-08,542.5339
2024-07-05,541.4203
2024-07-03,540.339
2024-07-02,539.1042
2024-07-01,537.9623
2024-06-28,536.9819
2024-06-27,535.8208
2024-06-26,534.726
2024-06-25,533.8583
2024-06-24,533.0062
2024-06-21,532.0853
2024-06-20,531.2685
2024-06-18,530.4915
2024-06-17,529.5757
2024-06-14,528.6988
2024-06-13,527.9987
2024-06-12,527.3692
2024-06-11,526.4718
2024-06-10,525.6749
2024-06-07,524.9385
2024-06-06,524.2508
2024-06-05,523.3828
2024-06-04,522.5118
2024-06-03,521.9245
2024-05-31,521.1042
2024-05-30,519.9942
2024-05-29,518.8882
2024-05-28,517.6898
2024-05-24,516.7085
2024-05-23,515.6561
2024-05-22,514.5396
2024-05-21,513.3263
2024-05-20,512.0489
2024-05-17,510.5414
2024-05-16,508.8376
2024-05-15,507.3883
2024-05-14,505.936
2024-05-13,504.9537
2024-05-10,504.1358
2024-05-09,503.6394
2024-05-08,503.5316
2024-05-07,503.3791
2024-05-06,503.4874
2024-05-03,503.5942
2024-05-02,503.949
2024-05-01,504.3485
2024-04-30,505.2955
2024-04-29,506.1332
2024-04-26,506.7344
2024-04-25,507.4703
2024-04-24,508.4481
2024-04-23,509.1139
2024-04-22,509.8155
2024-04-19,510.8832
2024-04-18,512.2267
2024-04-17,513.2682
2024-04-16,514.0214
2024-04-15,514.485
2024-04-12,514.7523
2024-04-11,514.8762
2024-04-10,514.6954
2024-04-09,514.7475
2024-04-08,514.2688
2024-04-05,513.8417
2024-04-04,513.5821
2024-04-03,513.3381
2024-04-02,512.6519
2024-04-01,512.2475
2024-03-28,511.7055
2024-03-27,510.882
2024-03-26,509.9633
2024-03-25,509.2945
2024-03-22,508.5314
2024-03-21,507.7889
2024-03-20,506.9799
2024-03-19,505.7466
2024-03-18,504.7281
2024-03-15,503.9874
2024-03-14,503.5211
2024-03-13,502.7097
2024-03-12,501.6255
2024-03-11,500.8429
2024-03-08,500.3436
2024-03-07,499.6799
2024-03-06,498.8522
2024-03-05,498.0711
2024-03-04,497.3465
2024-03-01,496.4574
2024-02-29,495.286
2024-02-28,494.0378
2024-02-27,493.2765
2024-02-26,492.5008
2024-02-23,491.5805
2024-02-22,490.5988
2024-02-21,489.5037
2024-02-20,488.8919
2024-02-16,488.2327
2024-02-15,487.3867
2024-02-14,486.1226
2024-02-13,484.821
2024-02-12,483.8724
2024-02-09,482.6688
2024-02-08,481.438
2024-02-07,480.3602
2024-02-06,479.1605
2024-02-05,478.2006
2024-02-02,476.9806
2024-02-01,475.6398
2024-01-31,474.6289
2024-01-30,474.1222
2024-01-29,473.3505
2024-01-26,472.6283
2024-01-25,472.0884
2024-01-24,471.4752
2024-01-23,470.8937
2024-01-22,470.2914
2024-01-19,469.539
2024-01-18,469.1631
2024-01-17,468.9392
2024-01-16,468.7926
2024-01-12,468.5534
2024-01-11,468.153
2024-01-10,467.4533
2024-01-09,466.6391
2024-01-08,465.8693
2024-01-05,464.9666
2024-01-04,464.2237
2024-01-03,463.6032
2024-01-02,462.9124
2023-12-29,462.1493
2023-12-28,461.1212
2023-12-27,459.9364
2023-12-26,458.7764
2023-12-22,457.6368
2023-12-21,456.6367
2023-12-20,455.6698
2023-12-19,454.8365
2023-12-18,453.7261
2023-12-15,452.5867
2023-12-14,451.5505
2023-12-13,450.4489
2023-12-12,449.375
2023-12-11,448.1955
2023-12-08,447.1408
2023-12-07,445.8404
2023-12-06,444.8055
2023-12-05,443.9259
2023-12-04,442.8944
2023-12-01,441.8091
2023-11-30,440.411
2023-11-29,438.7466
2023-11-28,436.9505
2023-11-27,435.0098
2023-11-24,432.8491
2023-11-22,430.7402
2023-11-21,428.8917
2023-11-20,427.4296
2023-11-17,425.7622
2023-11-16,424.302
2023-11-15,423.1279
2023-11-14,422.1674
2023-11-13,421.5404
2023-11-10,421.3357
2023-11-09,420.8863
2023-11-08,420.8774
2023-11-07,420.8315
2023-11-06,420.7136
2023-11-03,420.5459
2023-11-02,420.2919
2023-11-01,419.983
2023-10-31,420.0817
2023-10-30,420.2489
2023-10-27,420.8271
2023-10-26,421.6559
2023-10-25,422.4437
2023-10-24,422.863
2023-10-23,422.974
2023-10-20,423.5546
2023-10-19,424.0099
2023-10-18,424.2546
2023-10-17,424.6705
2023-10-16,425.0005
2023-10-13,425.3749
2023-10-12,425.9605
2023-10-11,426.7053
2023-10-10,427.1296
2023-10-09,427.6161
2023-10-06,428.3346
2023-10-05,429.0447
2023-10-04,429.9705
2023-10-03,430.9558
2023-10-02,432.2409
2023-09-29,433.3398
2023-09-28,434.3889
2023-09-27,435.4192
2023-09-26,436.4804
2023-09-25,437.2354
2023-09-22,437.54
2023-09-21,437.7825
2023-09-20,438.279
2023-09-19,438.1779
2023-09-18,437.9345
2023-09-15,437.5062
2023-09-14,437.0803
2023-09-13,436.5534
2023-09-12,436.3754
2023-09-11,436.4797
2023-09-08,436.342
2023-09-07,436.3612
2023-09-06,436.4054
2023-09-05,436.5298
2023-09-01,436.6021
2023-08-31,436.3867
2023-08-30,436.3125
2023-08-29,436.2693
2023-08-28,436.6291
2023-08-25,437.3679
2023-08-24,438.2011
2023-08-23,438.9679
2023-08-22,439.5814
2023-08-21,440.4313
2023-08-18,441.1617
2023-08-17,441.9325
2023-08-16,442.7136
2023-08-15,443.4784
2023-08-14,444.0339
2023-08-11,444.1681
2023-08-10,444.3465
2023-08-09,444.5259
2023-08-08,444.5392
2023-08-07,444.23
2023-08-04,443.6868
2023-08-03,443.2808
2023-08-02,442.8296
2023-08-01,442.4855
2023-07-31,441.8617
2023-07-28,441.1484
2023-07-27,440.2238
2023-07-26,439.4324
2023-07-25,438.4818
2023-07-24,437.302
2023-07-21,436.2703
2023-07-20,435.5
2023-07-19,434.6525
2023-07-18,433.7668
2023-07-17,433.0427
2023-07-14,432.5568
2023-07-13,431.8822
2023-07-12,431.1684
2023-07-11,430.4885
2023-07-10,429.7926
2023-07-07,429.1967
2023-07-06,428.5289
2023-07-05,427.8791
2023-07-03,427.0132
2023-06-30,426.1549
2023-06-29,425.0231
2023-06-28,423.9509
2023-06-27,423.0773
2023-06-26,422.2068
2023-06-23,421.3058
2023-06-22,420.1434
2023-06-21,418.9657
2023-06-20,418.0954
2023-06-16,417.1066
2023-06-15,416.0357
2023-06-14,414.6953
2023-06-13,413.3764
2023-06-12,412.2182
2023-06-09,411.1305
2023-06-08,410.2603
2023-06-07,409.463
2023-06-06,408.6981
2023-06-05,407.9493
2023-06-02,407.2406
2023-06-01,406.1245
2023-05-31,405.4487
2023-05-30,405.1054
2023-05-26,404.8767
2023-05-25,404.6764
2023-05-24,404.5667
2023-05-23,404.2371
2023-05-22,403.8448
2023-05-19,403.5432
2023-05-18,403.2288
2023-05-17,402.8688
2023-05-16,402.8154
2023-05-15,403.0094
2023-05-12,403.0549
2023-05-11,403.0975
2023-05-10,403.1631
2023-05-09,402.9281
2023-05-08,402.8688
2023-05-05,402.7155
2023-05-04,402.5471
2023-05-03,402.668
2023-05-02,402.6998
2023-05-01,402.7052
2023-04-28,402.4055
2023-04-27,401.8066
2023-04-26,401.2649
2023-04-25,400.8359
2023-04-24,400.3663
2023-04-21,399.5396
2023-04-20,398.6077
2023-04-19,397.6395
2023-04-18,396.8936
2023-04-17,395.8911
2023-04-14,394.7182
2023-04-13,393.8429
2023-04-12,392.5849
2023-04-11,391.7118
2023-04-10,390.4463
2023-04-06,389.2129
2023-04-05,388.2757
2023-04-04,387.7755
2023-04-03,387.1911
2023-03-31,386.7976
2023-03-30,386.4667
2023-03-29,386.1033
2023-03-28,385.7053
2023-03-27,385.6629
2023-03-24,385.6487
2023-03-23,385.6049
2023-03-22,385.8962
2023-03-21,386.136
2023-03-20,386.0696
2023-03-17,386.655
2023-03-16,387.4738
2023-03-15,388.3456
2023-03-14,389.4852
2023-03-13,390.5145
2023-03-10,391.621
2023-03-09,392.6542
2023-03-08,393.5855
2023-03-07,394.3792
2023-03-06,394.9432
2023-03-03,395.3276
2023-03-02,395.9418
2023-03-01,396.5755
2023-02-28,397.1483
2023-02-27,397.3595
2023-02-24,397.7473
2023-02-23,398.1557
2023-02-22,398.1405
2023-02-21,398.2215
2023-02-17,398.2966
2023-02-16,397.7415
2023-02-15,396.7833
2023-02-14,395.6862
2023-02-13,394.9608
2023-02-10,394.2617
2023-02-09,393.7211
2023-02-08,393.1567
2023-02-07,392.1776
2023-02-06,390.8443
2023-02-03,389.7833
2023-02-02,388.1748
2023-02-01,386.564
2023-01-31,385.1014
2023-01-30,383.9281
2023-01-27,383.0915
2023-01-26,381.6757
2023-01-25,380.5366
2023-01-24,379.6858
2023-01-23,378.7355
2023-01-20,378.033
2023-01-19,377.2846
2023-01-18,376.8641
2023-01-17,376.4631
2023-01-13,375.9781
2023-01-12,375.9318
2023-01-11,376.0855
2023-01-10,376.1628
2023-01-09,376.2058
2023-01-06,376.5252
2023-01-05,376.6842
2023-01-04,377.3003
2023-01-03,377.9824
2022-12-30,379.1633
2022-12-29,380.2885
2022-12-28,381.3791
2022-12-27,382.1958
2022-12-23,382.8143
2022-12-22,383.6709
2022-12-21,384.6387
2022-12-20,385.2153
2022-12-19,385.8117
2022-12-16,386.5034
2022-12-15,386.9495
2022-12-14,387.2322
2022-12-13,387.188
2022-12-12,386.8553
2022-12-09,386.834
2022-12-08,386.9024
2022-12-07,385.8288
2022-12-06,385.2869
2022-12-05,384.6129
2022-12-02,383.4844
2022-12-01,381.7411
2022-11-30,380.1625
2022-11-29,379.0378
2022-11-28,378.5998
2022-11-25,378.2653
2022-11-23,377.18
2022-11-22,376.1894
2022-11-21,375.462
2022-11-18,374.6986
2022-11-17,373.643
2022-11-16,372.243
2022-11-15,370.9343
2022-11-14,369.6058
2022-11-11,368.2316
2022-11-10,366.2465
2022-11-09,364.8519
2022-11-08,363.9987
2022-11-07,362.8206
2022-11-04,361.8529
2022-11-03,361.1944
2022-11-02,361.3008
2022-11-01,361.4086
2022-10-31,361.0905
2022-10-28,360.1387
2022-10-27,358.5926
2022-10-26,357.7579
2022-10-25,357.2
2022-10-24,356.154
2022-10-21,355.447
2022-10-20,355.1391
2022-10-19,355.5669
2022-10-18,355.9986
2022-10-17,356.6279
2022-10-14,357.6831
2022-10-13,359.0394
2022-10-12,360.1339
2022-10-11,361.9021
2022-10-10,363.5405
2022-10-07,365.9322
2022-10-06,367.9782
2022-10-05,369.2179
2022-10-04,370.1429
2022-10-03,370.6857
2022-09-30,371.8517
2022-09-29,373.6778
2022-09-28,375.1715
2022-09-27,376.4359
2022-09-26,378.2612
2022-09-23,380.171
2022-09-22,382.5907
2022-09-21,384.4235
2022-09-20,386.0385
2022-09-19,387.3766
2022-09-16,388.9232
2022-09-15,390.893
2022-09-14,392.6595
2022-09-13,394.3569
2022-09-12,396.0862
2022-09-09,396.8663
2022-09-08,397.5138
2022-09-07,398.4621
2022-09-06,399.1183
2022-09-02,400.1933
2022-09-01,401.22
2022-08-31,402.0783
2022-08-30,403.0102
2022-08-29,403.4865
2022-08-26,403.8802
2022-08-25,404.2032
2022-08-24,403.5533
2022-08-23,402.9425
2022-08-22,401.9047
2022-08-19,401.0449
2022-08-18,399.7368
2022-08-17,398.3296
2022-08-16,396.7879
2022-08-15,394.9778
2022-08-12,392.7093
2022-08-11,390.6797
2022-08-10,388.6448
2022-08-09,386.6544
2022-08-08,385.1785
2022-08-05,383.7877
2022-08-04,382.5884
2022-08-03,381.3707
2022-08-02,379.8619
2022-08-01,378.5997
2022-07-29,377.1717
2022-07-28,375.4917
2022-07-27,374.2475
2022-07-26,373.2614
2022-07-25,373.1502
2022-07-22,372.8847
2022-07-21,372.0612
2022-07-20,370.8812
2022-07-19,369.9286
2022-07-18,368.6514
2022-07-15,367.8354
2022-07-14,367.47
2022-07-13,367.197
2022-07-12,366.934
2022-07-11,367.2868
2022-07-08,368.0358
2022-07-07,369.0409
2022-07-06,370.2482
2022-07-05,371.5429
2022-07-01,372.8398
2022-06-30,374.5014
2022-06-29,375.9803
2022-06-28,377.4706
2022-06-27,379.0581
2022-06-24,379.7826
2022-06-23,380.0526
2022-06-22,380.7364
2022-06-21,381.7435
2022-06-17,382.3668
2022-06-16,383.4272
2022-06-15,384.6411
2022-06-14,386.0433
2022-06-13,387.3058
2022-06-10,388.5924
2022-06-09,388.7147
2022-06-08,388.2963
2022-06-07,387.7122
2022-06-06,386.8662
2022-06-03,386.8445
2022-06-02,387.002
2022-06-01,387.5639
2022-05-31,387.8908
2022-05-27,387.9655
2022-05-26,387.8085
2022-05-25,388.8919
2022-05-24,389.8501
2022-05-23,390.9195
2022-05-20,392.4406
2022-05-19,394.1938
2022-05-18,396.5339
2022-05-17,399.0787
2022-05-16,400.8468
2022-05-13,402.6708
2022-05-12,404.4076
2022-05-11,406.8619
2022-05-10,409.0547
2022-05-09,411.0207
2022-05-06,413.3994
2022-05-05,415.2016
2022-05-04,416.7767
2022-05-03,417.8345
2022-05-02,419.7808
2022-04-29,421.6317
2022-04-28,423.5405
2022-04-27,425.0278
2022-04-26,427.16
2022-04-25,429.0769
2022-04-22,430.2412
2022-04-21,431.4185
2022-04-20,431.6948
2022-04-19,431.9298
2022-04-18,431.8985
2022-04-14,432.2139
2022-04-13,432.3068
2022-04-12,431.8722
2022-04-11,431.2258
2022-04-08,430.0606
2022-04-07,428.6745
2022-04-06,427.4903
2022-04-05,426.5071
2022-04-04,424.771
2022-04-01,422.9097
2022-03-31,421.8468
2022-03-30,421.0155
2022-03-29,419.9489
2022-03-28,418.3653
2022-03-25,417.3726
2022-03-24,416.5886
2022-03-23,415.457
2022-03-22,414.3426
2022-03-21,413.3153
2022-03-18,412.762
2022-03-17,412.3383
2022-03-16,412.6038
2022-03-15,413.1069
2022-03-14,413.7237
2022-03-11,414.8499
2022-03-10,416.254
2022-03-09,417.793
2022-03-08,418.9225
2022-03-07,420.4111
2022-03-04,421.8162
2022-03-03,422.5088
2022-03-02,423.5476
2022-03-01,424.2706
2022-02-28,425.2273
2022-02-25,425.4827
2022-02-24,425.1702
2022-02-23,425.414
2022-02-22,426.015
2022-02-18,426.508
2022-02-17,426.688
2022-02-16,427.1532
2022-02-15,427.4004
2022-02-14,427.8992
2022-02-11,429.1329
2022-02-10,430.2883
2022-02-09,431.33
2022-02-08,431.9161
2022-02-07,432.6155
2022-02-04,433.5194
2022-02-03,434.443
2022-02-02,435.4885
2022-02-01,436.4582
2022-01-31,437.6468
2022-01-28,438.8493
2022-01-27,440.4915
2022-01-26,442.7112
2022-01-25,444.7988
2022-01-24,446.8529
2022-01-21,448.3295
2022-01-20,449.7557
2022-01-19,450.5386
2022-01-18,450.6937
2022-01-14,450.8559
2022-01-13,450.8597
2022-01-12,451.0711
2022-01-11,450.6247
2022-01-10,450.3928
2022-01-07,450.5639
2022-01-06,450.4971
2022-01-05,450.4932
2022-01-04,450.4088
2022-01-03,449.4303
2021-12-31,448.1873
2021-12-30,447.2666
2021-12-29,445.9583
2021-12-28,444.8286
2021-12-27,444.1607
2021-12-23,443.2047
2021-12-22,443.0693
2021-12-21,443.0137
2021-12-20,443.1508
2021-12-17,443.7388
2021-12-16,444.1324
2021-12-15,444.2132
2021-12-14,444.1501
2021-12-13,444.3447
2021-12-10,444.3782
2021-12-09,444.0448
2021-12-08,443.9142
2021-12-07,443.8119
2021-12-06,443.843
2021-12-03,444.3089
2021-12-02,444.9541
2021-12-01,445.3043
2021-11-30,445.8496
2021-11-29,446.0639
2021-11-26,445.808
2021-11-24,445.7769
2021-11-23,445.0355
2021-11-22,444.4504
2021-11-19,443.8755
2021-11-18,443.1211
2021-11-17,442.3491
2021-11-16,441.5967
2021-11-15,440.7051
2021-11-12,439.7369
2021-11-11,438.7133
2021-11-10,437.6959
2021-11-09,436.3355
2021-11-08,434.7206
2021-11-05,433.0828
2021-11-04,431.6157
2021-11-03,430.2644
2021-11-02,428.838
2021-11-01,427.4604
2021-10-29,425.9584
2021-10-28,424.7621
2021-10-27,423.3663
2021-10-26,422.434
2021-10-25,421.3702
2021-10-22,420.7527
2021-10-21,420.3121
2021-10-20,419.8142
2021-10-19,419.1182
2021-10-18,418.3046
2021-10-15,417.6755
2021-10-14,417.4617
2021-10-13,417.6161
2021-10-12,418.1545
2021-10-11,418.5907
2021-10-08,419.0905
2021-10-07,419.3844
2021-10-06,419.8088
2021-10-05,420.505
2021-10-04,421.3136
2021-10-01,422.4128
2021-09-30,423.2493
2021-09-29,424.2635
2021-09-28,425.0123
2021-09-27,425.8279
2021-09-24,426.1225
2021-09-23,426.166
2021-09-22,426.3709
2021-09-21,426.7854
2021-09-20,427.3684
2021-09-17,427.7458
2021-09-16,427.6042
2021-09-15,427.2233
2021-09-14,427.0402
2021-09-13,427.1737
2021-09-10,427.1422
2021-09-09,427.1265
2021-09-08,426.8786
2021-09-07,426.4862
2021-09-03,426.0413
2021-09-02,425.5364
2021-09-01,424.9914
2021-08-31,424.3802
2021-08-30,423.8838
2021-08-27,423.1858
2021-08-26,422.626
2021-08-25,422.3586
2021-08-24,421.878
2021-08-23,421.4507
2021-08-20,421.1532
2021-08-19,420.9902
2021-08-18,420.7804
2021-08-17,420.5596
2021-08-16,419.9407
2021-08-13,418.8918
2021-08-12,418.1966
2021-08-11,417.7027
2021-08-10,417.3432
2021-08-09,417.0051
2021-08-06,416.7643
2021-08-05,416.432
2021-08-04,415.9152
2021-08-03,415.6997
2021-08-02,415.3077
2021-07-30,415.1232
2021-07-29,414.738
2021-07-28,414.1377
2021-07-27,413.607
2021-07-26,413.0568
2021-07-23,412.3697
2021-07-22,411.6622
2021-07-21,411.049
2021-07-20,410.5036
2021-07-19,410.0172
2021-07-16,409.538
2021-07-15,409.0248
2021-07-14,408.3556
2021-07-13,407.728
2021-07-12,407.1685
2021-07-09,406.4927
2021-07-08,405.8581
2021-07-07,405.3497
2021-07-06,404.7024
2021-07-02,404.1238
2021-07-01,403.527
2021-06-30,402.9051
2021-06-29,402.4703
2021-06-28,402.0213
2021-06-25,401.6008
2021-06-24,401.1857
2021-06-23,400.8322
2021-06-22,400.5584
2021-06-21,400.3045
2021-06-18,399.9569
2021-06-17,399.9086
2021-06-16,399.3806
2021-06-15,398.8973
2021-06-14,398.4715
2021-06-11,398.059
2021-06-10,397.3923
2021-06-09,396.5274
2021-06-08,396.1738
2021-06-07,395.9676
2021-06-04,395.9643
2021-06-03,395.7965
2021-06-02,395.653
2021-06-01,395.4292
2021-05-28,395.3593
2021-05-27,395.2291
2021-05-26,395.2657
2021-05-25,395.1863
2021-05-24,395.1521
2021-05-21,395.078
2021-05-20,395.1635
2021-05-19,395.0205
2021-05-18,395.2681
2021-05-17,395.279
2021-05-14,395.2643
2021-05-13,395.2966
2021-05-12,395.5622
2021-05-11,395.8493
2021-05-10,395.7851
2021-05-07,395.4857
2021-05-06,394.9806
2021-05-05,394.4792
2021-05-04,394.0439
2021-05-03,393.5924
2021-04-30,393.0298
2021-04-29,392.2367
2021-04-28,391.109
2021-04-27,390.0316
2021-04-26,388.9985
2021-04-23,387.9706
2021-04-22,386.6856
2021-04-21,385.5095
2021-04-20,384.2468
2021-04-19,383.3163
2021-04-16,382.0936
2021-04-15,380.8076
2021-04-14,379.8615
2021-04-13,379.0615
2021-04-12,378.2182
2021-04-09,377.3215
2021-04-08,376.4069
2021-04-07,375.4463
2021-04-06,374.4632
2021-04-05,373.2444
2021-04-01,372.1046
2021-03-31,370.9098
2021-03-30,370.142
2021-03-29,369.6927
2021-03-26,369.3375
2021-03-25,368.5361
2021-03-24,368.1265
2021-03-23,368.2676
2021-03-22,368.1123
2021-03-19,367.7879
2021-03-18,367.7535
2021-03-17,367.7175
2021-03-16,367.4868
2021-03-15,367.3158
2021-03-12,367.1372
2021-03-11,366.9786
2021-03-10,366.8151
2021-03-09,366.8469
2021-03-08,367.0051
2021-03-05,367.2888
2021-03-04,367.4101
2021-03-03,367.654
2021-03-02,367.6602
2021-03-01,367.1718
2021-02-26,366.2477
2021-02-25,366.1184
2021-02-24,365.7432
2021-02-23,365.3653
2021-02-22,365.2179
2021-02-19,365.0214
2021-02-18,364.7471
2021-02-17,364.4236
2021-02-16,363.7728
2021-02-12,362.9865
2021-02-11,362.3149
2021-02-10,361.7976
2021-02-09,361.2619
2021-02-08,360.7143
2021-02-05,360.2762
2021-02-04,359.8684
2021-02-03,359.2697
2021-02-02,358.7714
2021-02-01,358.167
2021-01-29,358.0557
2021-01-28,358.1466
2021-01-27,357.8544
2021-01-26,357.7483
2021-01-25,357.0477
2021-01-22,356.251
2021-01-21,355.5102
2021-01-20,354.7343
2021-01-19,354.0376
2021-01-15,353.6588
2021-01-14,353.3222
2021-01-13,352.8274
2021-01-12,352.0372
2021-01-11,351.3726
2021-01-08,350.732
2021-01-07,349.9754
2021-01-06,349.4777
2021-01-05,349.192
2021-01-04,349.0472
2020-12-31,348.8737
2020-12-30,348.4639
2020-12-29,348.1072
2020-12-28,347.5889
2020-12-24,347.1129
2020-12-23,346.7393
2020-12-22,346.46
2020-12-21,345.9246
2020-12-18,345.2594
2020-12-17,344.6472
2020-12-16,343.8944
2020-12-15,343.444
2020-12-14,343.1129
2020-12-11,342.8035
2020-12-10,342.1861
2020-12-09,341.7116
2020-12-08,341.1075
2020-12-07,340.3712
2020-12-04,339.4784
2020-12-03,338.5535
2020-12-02,337.4616
2020-12-01,336.0109
2020-11-30,334.3214
2020-11-27,332.6461
2020-11-25,331.0572
2020-11-24,329.3592
2020-11-23,328.1801
2020-11-20,327.3279
2020-11-19,326.8774
2020-11-18,326.2563
2020-11-17,325.6172
2020-11-16,324.8041
2020-11-13,323.8344
2020-11-12,323.3245
2020-11-11,323.0552
2020-11-10,322.643
2020-11-09,322.4586
2020-11-06,322.3581
2020-11-05,322.202
2020-11-04,321.8973
2020-11-03,321.7662
2020-11-02,321.7143
2020-10-30,322.1652
2020-10-29,322.5095
2020-10-28,322.8425
2020-10-27,323.2307
2020-10-26,322.9548
2020-10-23,322.7095
2020-10-22,321.9053
2020-10-21,320.9097
2020-10-20,319.9622
2020-10-19,319.3453
2020-10-16,318.6359
2020-10-15,317.8511
2020-10-14,317.2372
2020-10-13,316.7431
2020-10-12,316.2086
2020-10-09,315.4853
2020-10-08,314.8186
2020-10-07,314.2886
2020-10-06,314.1782
2020-10-05,314.0337
2020-10-02,314.101
2020-10-01,314.58
2020-09-30,315.4864
2020-09-29,316.2546
2020-09-28,316.9871
2020-09-25,317.6934
2020-09-24,318.5516
2020-09-23,319.6207
2020-09-22,320.5683
2020-09-21,321.0983
2020-09-18,321.6238
2020-09-17,321.9193
2020-09-16,321.9846
2020-09-15,321.9761
2020-09-14,321.8699
2020-09-11,321.7938
2020-09-10,321.924
2020-09-09,322.0907
2020-09-08,321.7624
2020-09-04,321.8732
2020-09-03,321.4974
2020-09-02,320.9779
2020-09-01,319.7758
2020-08-31,318.717
2020-08-28,317.7531
2020-08-27,316.6229
2020-08-26,315.4781
2020-08-25,314.4236
2020-08-24,313.3455
2020-08-21,312.4201
2020-08-20,311.5464
2020-08-19,310.8267
2020-08-18,310.3396
2020-08-17,309.6994
2020-08-14,309.061
2020-08-13,308.3507
2020-08-12,307.5973
2020-08-11,306.8649
2020-08-10,306.2129
2020-08-07,305.2392
2020-08-06,304.4415
2020-08-05,303.5044
2020-08-04,302.7561
2020-08-03,301.9913
2020-07-31,301.4399
2020-07-30,300.7686
2020-07-29,300.1373
2020-07-28,299.35
2020-07-27,298.565
2020-07-24,297.4766
2020-07-23,296.8411
2020-07-22,295.9547
2020-07-21,295.259
2020-07-20,294.583
2020-07-17,293.8465
2020-07-16,293.315
2020-07-15,292.8216
2020-07-14,292.3392
2020-07-13,291.7181
2020-07-10,291.1557
2020-07-09,290.2959
2020-07-08,290.4469
2020-07-07,290.597
2020-07-06,290.9726
2020-07-02,291.0141
2020-07-01,290.9087
2020-06-30,290.9221
2020-06-29,290.8451
2020-06-26,290.8331
2020-06-25,290.9707
2020-06-24,290.7022
2020-06-23,290.6131
2020-06-22,289.9419
2020-06-19,289.1677
2020-06-18,288.4602
2020-06-17,287.7657
2020-06-16,286.8449
2020-06-15,286.005
2020-06-12,285.0336
2020-06-11,284.1338
2020-06-10,283.2448
2020-06-09,281.7328
2020-06-08,280.4097
2020-06-05,278.9712
2020-06-04,277.4905
2020-06-03,276.2226
2020-06-02,275.0072
2020-06-01,273.8609
2020-05-29,272.7965
2020-05-28,272.1492
2020-05-27,271.6928
2020-05-26,270.8603
2020-05-22,270.2977
2020-05-21,269.7145
2020-05-20,268.9756
2020-05-19,268.1417
2020-05-18,267.2564
2020-05-15,266.6293
2020-05-14,266.6461
2020-05-13,266.3716
2020-05-12,266.192
2020-05-11,266.0573
2020-05-08,265.2697
2020-05-07,264.6038
2020-05-06,263.9654
2020-05-05,263.0712
2020-05-04,262.0737
2020-05-01,260.419
2020-04-30,258.9711
2020-04-29,256.8979
2020-04-28,255.2396
2020-04-27,254.1134
2020-04-24,252.5406
2020-04-23,251.5225
2020-04-22,250.0124
2020-04-21,248.3311
2020-04-20,245.9885
2020-04-17,243.5197
2020-04-16,241.2936
2020-04-15,239.3965
2020-04-14,238.157
2020-04-13,236.0335
2020-04-09,235.6601
2020-04-08,234.1821
2020-04-07,234.1192
2020-04-06,235.126
2020-04-03,235.4859
2020-04-02,237.7052
2020-04-01,239.9867
2020-03-31,243.0172
2020-03-30,244.9186
2020-03-27,247.049
2020-03-26,248.9679
2020-03-25,250.581
2020-03-24,253.5184
2020-03-23,256.6795
2020-03-20,261.2393
2020-03-19,266.0397
2020-03-18,270.5224
2020-03-17,275.0934
2020-03-16,278.9946
2020-03-13,283.5382
2020-03-12,286.6869
2020-03-11,290.8382
2020-03-10,293.6689
2020-03-09,295.8192
2020-03-06,298.5137
2020-03-05,300.2112
2020-03-04,301.6243
2020-03-03,302.3773
2020-03-02,303.4873
2020-02-28,304.0748
2020-02-27,305.5353
2020-02-26,306.8883
2020-02-25,307.6037
2020-02-24,308.108
2020-02-21,308.4032
2020-02-20,308.3214
2020-02-19,308.0606
2020-02-18,307.7334
2020-02-14,307.5112
2020-02-13,307.2007
2020-02-12,306.7884
2020-02-11,306.325
2020-02-10,305.9852
2020-02-07,305.5683
2020-02-06,305.3103
2020-02-05,304.8673
2020-02-04,304.3965
2020-02-03,304.1445
2020-01-31,304.065
2020-01-30,304.211
2020-01-29,303.9405
2020-01-28,303.683
2020-01-27,303.4956
2020-01-24,303.4696
2020-01-23,303.1191
2020-01-22,302.6311
2020-01-21,302.1379
2020-01-17,301.5818
2020-01-16,300.935
2020-01-15,300.335
2020-01-14,299.8588
2020-01-13,299.3161
2020-01-10,298.7413
2020-01-09,298.1454
2020-01-08,297.4645
2020-01-07,296.9021
2020-01-06,296.4655
2020-01-03,295.8547
2020-01-02,295.2752
2019-12-31,294.493
2019-12-30,293.9474
2019-12-27,293.5616
2019-12-26,293.1471
2019-12-24,292.6642
2019-12-23,292.2279
2019-12-20,291.6806
2019-12-19,291.1241
2019-12-18,290.6555
2019-12-17,290.3012
2019-12-16,289.952
2019-12-13,289.5954
2019-12-12,289.236
2019-12-11,288.8645
2019-12-10,288.6138
2019-12-09,288.3742
2019-12-06,288.1457
2019-12-05,287.8363
2019-12-04,287.6087
2019-12-03,287.4038
2019-12-02,287.303
2019-11-29,287.0486
2019-11-27,286.5407
2019-11-26,286.0161
2019-11-25,285.5133
2019-11-22,285.0476
2019-11-21,284.6146
2019-11-20,284.1567
2019-11-19,283.653
2019-11-18,283.0553
2019-11-15,282.4989
2019-11-14,281.8596
2019-11-13,281.3846
2019-11-12,280.8897
2019-11-11,280.4216
2019-11-08,279.848
2019-11-07,279.2624
2019-11-06,278.5713
2019-11-05,277.8391
2019-11-04,276.9834
2019-11-01,276.3224
2019-10-31,275.7771
2019-10-30,275.1799
2019-10-29,274.4361
2019-10-28,273.975
2019-10-25,273.6729
2019-10-24,273.3861
2019-10-23,273.2302
2019-10-22,273.1257
2019-10-21,272.9805
2019-10-18,272.8981
2019-10-17,272.9125
2019-10-16,272.9314
2019-10-15,272.992
2019-10-14,273.0221
2019-10-11,273.1527
2019-10-10,273.3109
2019-10-09,273.6189
2019-10-08,273.9702
2019-10-07,274.3505
2019-10-04,274.5237
2019-10-03,274.6312
2019-10-02,274.9099
2019-10-01,275.1237
2019-09-30,274.9459
2019-09-27,274.6837
2019-09-26,274.4907
2019-09-25,274.0539
2019-09-24,273.4954
2019-09-23,273.0698
2019-09-20,272.391
2019-09-19,272.0548
2019-09-18,271.6574
2019-09-17,271.1505
2019-09-16,270.755
2019-09-13,270.2343
2019-09-12,269.4774
2019-09-11,268.6767
2019-09-10,268.3222
2019-09-09,267.859
2019-09-06,267.556
2019-09-05,267.3521
2019-09-04,266.8986
2019-09-03,266.6113
2019-08-30,266.2926
2019-08-29,266.3005
2019-08-28,266.4045
2019-08-27,266.7977
2019-08-26,267.4354
2019-08-23,268.0551
2019-08-22,268.8452
2019-08-21,269.197
2019-08-20,269.6109
2019-08-19,270.0685
2019-08-16,270.325
2019-08-15,270.708
2019-08-14,271.3609
2019-08-13,271.9981
2019-08-12,272.331
2019-08-09,272.9148
2019-08-08,273.3306
2019-08-07,273.5926
2019-08-06,274.0824
2019-08-05,274.5148
2019-08-02,275.1133
2019-08-01,275.3822
2019-07-31,275.5645
2019-07-30,275.5185
2019-07-29,275.2855
2019-07-26,274.896
2019-07-25,274.4121
2019-07-24,273.9733
2019-07-23,273.4816
2019-07-22,273.1874
2019-07-19,273.0078
2019-07-18,272.8815
2019-07-17,272.5505
2019-07-16,272.2394
2019-07-15,271.6955
2019-07-12,271.102
2019-07-11,270.5277
2019-07-10,269.9605
2019-07-09,269.449
2019-07-08,269.0061
2019-07-05,268.5197
2019-07-03,267.8272
2019-07-02,267.0348
2019-07-01,266.2401
2019-06-28,265.2079
2019-06-27,264.3301
2019-06-26,263.6937
2019-06-25,263.0699
2019-06-24,262.5189
2019-06-21,261.9558
2019-06-20,261.3468
2019-06-19,260.8781
2019-06-18,260.578
2019-06-17,260.1908
2019-06-14,260.0291
2019-06-13,259.9576
2019-06-12,259.7505
2019-06-11,259.5219
2019-06-10,259.1535
2019-06-07,259.1136
2019-06-06,259.0683
2019-06-05,259.1934
2019-06-04,259.4211
2019-06-03,259.9842
2019-05-31,260.8758
2019-05-30,261.6048
2019-05-29,262.1904
2019-05-28,262.912
2019-05-24,263.5406
2019-05-23,264.0277
2019-05-22,264.4817
2019-05-21,264.7841
2019-05-20,265.076
2019-05-17,265.3656
2019-05-16,265.5571
2019-05-15,265.6373
2019-05-14,265.871
2019-05-13,266.172
2019-05-10,266.5981
2019-05-09,266.6031
2019-05-08,266.6778
2019-05-07,266.6678
2019-05-06,266.7072
2019-05-03,266.5124
2019-05-02,266.1986
2019-05-01,265.9805
2019-04-30,265.7129
2019-04-29,265.3376
2019-04-26,264.8158
2019-04-25,264.2339
2019-04-24,263.6657
2019-04-23,263.1567
2019-04-22,262.5225
2019-04-18,262.0176
2019-04-17,261.7752
2019-04-16,261.4133
2019-04-15,261.0577
2019-04-12,260.7077
2019-04-11,260.3022
2019-04-10,259.9229
2019-04-09,259.5482
2019-04-08,259.134
2019-04-05,258.6041
2019-04-04,257.9027
2019-04-03,257.2901
2019-04-02,256.8182
2019-04-01,256.444
2019-03-29,256.0935
2019-03-28,255.943
2019-03-27,255.7943
2019-03-26,255.7178
2019-03-25,255.5795
2019-03-22,255.5456
2019-03-21,255.4847
2019-03-20,255.0943
2019-03-19,254.8948
2019-03-18,254.6308
2019-03-15,254.348
2019-03-14,253.9756
2019-03-13,253.6942
2019-03-12,253.3639
2019-03-11,252.9593
2019-03-08,252.5957
2019-03-07,252.3986
2019-03-06,252.295
2019-03-05,252.1021
2019-03-04,251.78
2019-03-01,251.3539
2019-02-28,250.8754
2019-02-27,250.369
2019-02-26,249.6487
2019-02-25,248.9389
2019-02-22,248.3121
2019-02-21,247.6009
2019-02-20,246.9618
2019-02-19,246.2524
2019-02-15,245.7328
2019-02-14,245.0754
2019-02-13,244.4641
2019-02-12,243.7963
2019-02-11,243.0345
2019-02-08,242.5035
2019-02-07,241.9747
2019-02-06,241.4196
2019-02-05,240.691
2019-02-04,239.837
2019-02-01,238.9443
2019-01-31,237.765
2019-01-30,236.8641
2019-01-29,236.0584
2019-01-28,235.3441
2019-01-25,234.6283
2019-01-24,233.7342
2019-01-23,232.4017
2019-01-22,231.3656
2019-01-18,230.5831
2019-01-17,229.8217
2019-01-16,229.3932
2019-01-15,229.0678
2019-01-14,229.0028
2019-01-11,229.2947
2019-01-10,229.5185
2019-01-09,229.6865
2019-01-08,229.8934
2019-01-07,230.1323
2019-01-04,230.7646
2019-01-03,231.5063
2019-01-02,233.0315
2018-12-31,234.1189
2018-12-28,235.1424
2018-12-27,236.2921
2018-12-26,237.1469
2018-12-24,238.0472
2018-12-21,239.2948
2018-12-20,240.3326
2018-12-19,241.1012
2018-12-18,241.9103
2018-12-17,242.756
2018-12-14,243.5568
2018-12-13,243.9981
2018-12-12,244.3015
2018-12-11,244.6239
2018-12-10,245.242
2018-12-07,245.9871
2018-12-06,246.7779
2018-12-04,247.0174
2018-12-03,247.1598
2018-11-30,246.8237
2018-11-29,246.7267
2018-11-28,246.5748
2018-11-27,246.266
2018-11-26,246.0601
2018-11-23,245.9617
2018-11-21,246.2714
2018-11-20,246.285
2018-11-19,246.7154
2018-11-16,246.9834
2018-11-15,247.0976
2018-11-14,247.2509
2018-11-13,247.7157
2018-11-12,248.0939
2018-11-09,248.1769
2018-11-08,248.0948
2018-11-07,247.7171
2018-11-06,247.5942
2018-11-05,248.1511
2018-11-02,248.8055
2018-11-01,249.5279
2018-10-31,250.2503
2018-10-30,251.2066
2018-10-29,252.2855
2018-10-26,253.5493
2018-10-25,254.7007
2018-10-24,255.6354
2018-10-23,256.7491
2018-10-22,257.5264
2018-10-19,258.2524
2018-10-18,258.9662
2018-10-17,259.6852
2018-10-16,260.1141
2018-10-15,260.5312
2018-10-12,261.1495
2018-10-11,261.7671
2018-10-10,262.5538
2018-10-09,262.9854
2018-10-08,263.0011
2018-10-05,262.9549
2018-10-04,262.8861
2018-10-03,262.7691
2018-10-02,262.5881
2018-10-01,262.4494
2018-09-28,262.3257
2018-09-27,262.2473
2018-09-26,262.2235
2018-09-25,262.166
2018-09-24,262.0628
2018-09-21,261.8448
2018-09-20,261.5052
2018-09-19,261.1707
2018-09-18,260.9504
2018-09-17,260.7138
2018-09-14,260.5206
2018-09-13,260.2127
2018-09-12,259.8042
2018-09-11,259.5685
2018-09-10,259.2548
2018-09-07,259.0318
2018-09-06,258.9176
2018-09-05,258.7957
2018-09-04,258.6399
2018-08-31,258.4065
2018-08-30,258.1036
2018-08-29,257.7465
2018-08-28,257.2671
2018-08-27,256.8793
2018-08-24,256.4356
2018-08-23,256.1606
2018-08-22,256.05
2018-08-21,255.9525
2018-08-20,255.739
2018-08-17,255.4921
2018-08-16,255.2492
2018-08-15,255.0659
2018-08-14,255.0334
2018-08-13,254.8786
2018-08-10,254.754
2018-08-09,254.5928
2018-08-08,254.3355
2018-08-07,253.9472
2018-08-06,253.6457
2018-08-03,253.3414
2018-08-02,252.9721
2018-08-01,252.5532
2018-07-31,252.1036
2018-07-30,251.6761
2018-07-27,251.2847
2018-07-26,250.8093
2018-07-25,250.1777
2018-07-24,249.6175
2018-07-23,249.1385
2018-07-20,248.892
2018-07-19,248.6465
2018-07-18,248.4645
2018-07-17,248.2135
2018-07-16,248.037
2018-07-13,247.9373
2018-07-12,247.8421
2018-07-11,247.7255
2018-07-10,247.7621
2018-07-09,247.6905
2018-07-06,247.6474
2018-07-05,247.6794
2018-07-03,247.817
2018-07-02,247.9511
2018-06-29,248.0328
2018-06-28,248.0823
2018-06-27,248.0298
2018-06-26,248.1219
2018-06-25,247.9511
2018-06-22,247.948
2018-06-21,247.8053
2018-06-20,247.7104
2018-06-19,247.5036
2018-06-18,247.3523
2018-06-15,247.0614
2018-06-14,246.7753
2018-06-13,246.4836
2018-06-12,246.1722
2018-06-11,245.9052
2018-06-08,245.6486
2018-06-07,245.3713
2018-06-06,245.0176
2018-06-05,244.5466
2018-06-04,244.179
2018-06-01,243.7799
2018-05-31,243.2864
2018-05-30,242.9386
2018-05-29,242.5957
2018-05-25,242.393
2018-05-24,242.1418
2018-05-23,241.8501
2018-05-22,241.4128
2018-05-21,240.98
2018-05-18,240.6744
2018-05-17,240.4623
2018-05-16,240.3221
2018-05-15,240.2389
2018-05-14,240.198
2018-05-11,239.9441
2018-05-10,239.5981
2018-05-09,239.3244
2018-05-08,239.0664
2018-05-07,238.9869
2018-05-04,238.7208
2018-05-03,238.4377
2018-05-02,238.5734
2018-05-01,238.5896
2018-04-30,238.4004
2018-04-27,238.084
2018-04-26,237.9307
2018-04-25,237.6395
2018-04-24,237.5033
2018-04-23,237.5991
2018-04-20,237.2162
2018-04-19,237.084
2018-04-18,237.1532
2018-04-17,237.1784
2018-04-16,237.1919
2018-04-13,237.5006
2018-04-12,237.8941
2018-04-11,238.2659
2018-04-10,238.7988
2018-04-09,239.3498
2018-04-06,240.103
2018-04-05,240.7002
2018-04-04,240.9722
2018-04-03,241.3422
2018-04-02,241.8067
2018-03-29,242.2803
2018-03-28,242.4368
2018-03-27,242.9194
2018-03-26,243.4918
2018-03-23,244.0169
2018-03-22,244.7164
2018-03-21,244.9705
2018-03-20,244.905
2018-03-19,244.8767
2018-03-16,244.9455
2018-03-15,244.844
2018-03-14,244.6019
2018-03-13,244.1856
2018-03-12,243.6762
2018-03-09,242.9143
2018-03-08,241.9636
2018-03-07,241.6757
2018-03-06,241.5124
2018-03-05,241.1117
2018-03-02,241.2577
2018-03-01,241.8172
2018-02-28,242.4528
2018-02-27,242.9054
2018-02-26,243.3642
2018-02-23,243.7527
2018-02-22,244.1372
2018-02-21,244.7093
2018-02-20,245.302
2018-02-16,245.8073
2018-02-15,246.1341
2018-02-14,246.4076
2018-02-13,246.8561
2018-02-12,247.3472
2018-02-09,247.9103
2018-02-08,248.5647
2018-02-07,249.3029
2018-02-06,249.6104
2018-02-05,249.8248
2018-02-02,250.2496
2018-02-01,250.0777
2018-01-31,249.5804
2018-01-30,248.9927
2018-01-29,248.3257
2018-01-26,247.5732
2018-01-25,246.7111
2018-01-24,245.99
2018-01-23,245.2885
2018-01-22,244.5853
2018-01-19,243.8843
2018-01-18,243.2917
2018-01-17,242.802
2018-01-16,242.2156
2018-01-12,241.6493
2018-01-11,241.0891
2018-01-10,240.6108
2018-01-09,240.201
2018-01-08,239.7369
2018-01-05,239.2363
2018-01-04,238.7212
2018-01-03,238.2848
2018-01-02,237.9418
2017-12-29,237.6892
2017-12-28,237.5465
2017-12-27,237.2562
2017-12-26,236.9977
2017-12-22,236.6274
2017-12-21,236.2485
2017-12-20,235.8398
2017-12-19,235.466
2017-12-18,235.0106
2017-12-15,234.4895
2017-12-14,234.0779
2017-12-13,233.6673
2017-12-12,233.2656
2017-12-11,232.8892
2017-12-08,232.5232
2017-12-07,232.1963
2017-12-06,231.9753
2017-12-05,231.7718
2017-12-04,231.5785
2017-12-01,231.3251
2017-11-30,231.0191
2017-11-29,230.6842
2017-11-28,230.4366
2017-11-27,230.164
2017-11-24,230.0518
2017-11-22,229.8407
2017-11-21,229.6416
2017-11-20,229.4889
2017-11-17,229.3913
2017-11-16,229.3579
2017-11-15,229.2319
2017-11-14,229.1998
2017-11-13,229.0992
2017-11-10,228.9638
2017-11-09,228.8239
2017-11-08,228.6667
2017-11-07,228.4845
2017-11-06,228.3042
2017-11-03,228.0859
2017-11-02,227.9042
2017-11-01,227.7737
2017-10-31,227.5809
2017-10-30,227.3898
2017-10-27,227.1925
2017-10-26,226.9039
2017-10-25,226.6692
2017-10-24,226.4358
2017-10-23,226.1027
2017-10-20,225.7829
2017-10-19,225.4413
2017-10-18,225.1563
2017-10-17,224.9042
2017-10-16,224.6593
2017-10-13,224.4112
2017-10-12,224.1547
2017-10-11,223.8971
2017-10-10,223.6262
2017-10-09,223.3677
2017-10-06,223.1019
2017-10-05,222.7008
2017-10-04,222.2997
2017-10-03,221.9667
2017-10-02,221.6098
2017-09-29,221.3559
2017-09-28,221.135
2017-09-27,220.8877
2017-09-26,220.6023
2017-09-25,220.3477
2017-09-22,220.0994
2017-09-21,219.8031
2017-09-20,219.5343
2017-09-19,219.2747
2017-09-18,218.9065
2017-09-15,218.541
2017-09-14,218.2159
2017-09-13,218.0763
2017-09-12,217.9141
2017-09-11,217.7586
2017-09-08,217.533
2017-09-07,217.408
2017-09-06,217.4248
2017-09-05,217.4408
2017-09-01,217.521
2017-08-31,217.502
2017-08-30,217.4785
2017-08-29,217.5418
2017-08-28,217.6513
2017-08-25,217.7488
2017-08-24,217.853
2017-08-23,217.9952
2017-08-22,218.1224
2017-08-21,218.2101
2017-08-18,218.3839
2017-08-17,218.5687
2017-08-16,218.7464
2017-08-15,218.7486
2017-08-14,218.7109
2017-08-11,218.6662
2017-08-10,218.73
2017-08-09,218.7592
2017-08-08,218.6157
2017-08-07,218.391
2017-08-04,218.1472
2017-08-03,217.9123
2017-08-02,217.6283
2017-08-01,217.4213
2017-07-31,217.1948
2017-07-28,216.9746
2017-07-27,216.7282
2017-07-26,216.5638
2017-07-25,216.2934
2017-07-24,216.1104
2017-07-21,215.9469
2017-07-20,215.7678
2017-07-19,215.5839
2017-07-18,215.4075
2017-07-17,215.3632
2017-07-14,215.2351
2017-07-13,215.1034
2017-07-12,215.0429
2017-07-11,215.0142
2017-07-10,215.0137
2017-07-07,215.0075
2017-07-06,215.0291
2017-07-05,215.1145
2017-07-03,215.0817
2017-06-30,215.1081
2017-06-29,215.1606
2017-06-28,215.1974
2017-06-27,215.0546
2017-06-26,215.0102
2017-06-23,214.8882
2017-06-22,214.7755
2017-06-21,214.625
2017-06-20,214.4448
2017-06-19,214.2386
2017-06-16,213.906
2017-06-15,213.5949
2017-06-14,213.2443
2017-06-13,213.0608
2017-06-12,212.8734
2017-06-09,212.6802
2017-06-08,212.5025
2017-06-07,212.3301
2017-06-06,212.144
2017-06-05,211.9874
2017-06-02,211.7982
2017-06-01,211.5596
2017-05-31,211.3444
2017-05-30,211.2266
2017-05-26,211.1023
2017-05-25,210.9422
2017-05-24,210.8028
2017-05-23,210.7053
2017-05-22,210.6392
2017-05-19,210.5355
2017-05-18,210.3715
2017-05-17,210.3084
2017-05-16,210.2034
2017-05-15,209.9296
2017-05-12,209.6769
2017-05-11,209.3915
2017-05-10,209.1556
2017-05-09,208.9434
2017-05-08,208.7626
2017-05-05,208.5659
2017-05-04,208.3781
2017-05-03,208.2025
2017-05-02,208.0702
2017-05-01,207.9185
2017-04-28,207.7888
2017-04-27,207.7099
2017-04-26,207.5749
2017-04-25,207.4391
2017-04-24,207.2217
2017-04-21,207.0757
2017-04-20,207.051
2017-04-19,207.0043
2017-04-18,207.0171
2017-04-17,207.145
2017-04-13,207.2534
2017-04-12,207.4711
2017-04-11,207.6423
2017-04-10,207.6782
2017-04-07,207.7416
2017-04-06,207.8059
2017-04-05,207.8232
2017-04-04,207.8564
2017-04-03,207.8781
2017-03-31,207.9376
2017-03-30,208.0101
2017-03-29,208.0518
2017-03-28,208.1929
2017-03-27,208.1984
2017-03-24,208.3069
2017-03-23,208.3886
2017-03-22,208.4497
2017-03-21,208.4927
2017-03-20,208.5691
2017-03-17,208.45
2017-03-16,208.3032
2017-03-15,208.1469
2017-03-14,207.9164
2017-03-13,207.735
2017-03-10,207.4584
2017-03-09,207.1471
2017-03-08,206.8125
2017-03-07,206.4779
2017-03-06,206.1235
2017-03-03,205.756
2017-03-02,205.2883
2017-03-01,204.8207
2017-02-28,204.2828
2017-02-27,203.8911
2017-02-24,203.5336
2017-02-23,203.2083
2017-02-22,202.9066
2017-02-21,202.5254
2017-02-17,202.0714
2017-02-16,201.7047
2017-02-15,201.3179
2017-02-14,200.9591
2017-02-13,200.632
2017-02-10,200.3808
2017-02-09,200.1622
2017-02-08,200.0085
2017-02-07,199.8864
2017-02-06,199.7775
2017-02-03,199.702
2017-02-02,199.5729
2017-02-01,199.5206
2017-01-31,199.4161
2017-01-30,199.2405
2017-01-27,199.1
2017-01-26,198.8993
2017-01-25,198.7649
2017-01-24,198.5954
2017-01-23,198.4979
2017-01-20,198.4812
2017-01-19,198.4663
2017-01-18,198.4496
2017-01-17,198.3745
2017-01-13,198.3407
2017-01-12,198.2311
2017-01-11,198.2264
2017-01-10,198.1307
2017-01-09,198.0745
2017-01-06,197.9589
2017-01-05,197.7864
2017-01-04,197.5229
2017-01-03,197.2209
2016-12-30,196.9201
2016-12-29,196.6897
2016-12-28,196.4585
2016-12-27,196.2483
2016-12-23,195.9372
2016-12-22,195.6961
2016-12-21,195.4338
2016-12-20,195.149
2016-12-19,194.8178
2016-12-16,194.4528
2016-12-15,194.1307
2016-12-14,193.7404
2016-12-13,193.4086
2016-12-12,192.921
2016-12-09,192.4919
2016-12-08,192.0733
2016-12-07,191.6905
2016-12-06,191.2325
2016-12-05,190.8593
2016-12-02,190.3158
2016-12-01,189.84
2016-11-30,189.4109
2016-11-29,189.0019
2016-11-28,188.6369
2016-11-25,188.2903
2016-11-23,187.9258
2016-11-22,187.622
2016-11-21,187.3422
2016-11-18,187.1126
2016-11-17,186.9152
2016-11-16,186.6922
2016-11-15,186.5355
2016-11-14,186.336
2016-11-11,186.1522
2016-11-10,186.0081
2016-11-09,185.8374
2016-11-08,185.7209
2016-11-07,185.6912
2016-11-04,185.8226
2016-11-03,186.1059
2016-11-02,186.4115
2016-11-01,186.6686
2016-10-31,186.8288
2016-10-28,186.9698
2016-10-27,187.1339
2016-10-26,187.1999
2016-10-25,187.3265
2016-10-24,187.3876
2016-10-21,187.3592
2016-10-20,187.4469
2016-10-19,187.591
2016-10-18,187.6582
2016-10-17,187.6456
2016-10-14,187.6905
2016-10-13,187.7014
2016-10-12,187.7531
2016-10-11,187.6817
2016-10-10,187.626
2016-10-07,187.5862
2016-10-06,187.4624
2016-10-05,187.5335
2016-10-04,187.6328
2016-10-03,187.7744
2016-09-30,187.8394
2016-09-29,187.8391
2016-09-28,187.9091
2016-09-27,187.9204
2016-09-26,187.9941
2016-09-23,188.0794
2016-09-22,188.1061
2016-09-21,188.0873
2016-09-20,188.1766
2016-09-19,188.3516
2016-09-16,188.5274
2016-09-15,188.7188
2016-09-14,188.853
2016-09-13,189.0619
2016-09-12,189.3164
2016-09-09,189.4085
2016-09-08,189.6418
2016-09-07,189.604
2016-09-06,189.5679
2016-09-02,189.5254
2016-09-01,189.5171
2016-08-31,189.4745
2016-08-30,189.4224
2016-08-29,189.316
2016-08-26,189.2543
2016-08-25,189.247
2016-08-24,189.2066
2016-08-23,189.1488
2016-08-22,189.0524
2016-08-19,188.9707
2016-08-18,188.9143
2016-08-17,188.8018
2016-08-16,188.7462
2016-08-15,188.6693
2016-08-12,188.5529
2016-08-11,188.4387
2016-08-10,188.3288
2016-08-09,188.2106
2016-08-08,188.0704
2016-08-05,187.8684
2016-08-04,187.6282
2016-08-03,187.3294
2016-08-02,187.0462
2016-08-01,186.7361
2016-07-29,186.4312
2016-07-28,186.0994
2016-07-27,185.6603
2016-07-26,185.0817
2016-07-25,184.3369
2016-07-22,183.7544
2016-07-21,183.4752
2016-07-20,183.1203
2016-07-19,182.7446
2016-07-18,182.3824
2016-07-15,181.9528
2016-07-14,181.5818
2016-07-13,181.1714
2016-07-12,180.8257
2016-07-11,180.4963
2016-07-08,180.3043
2016-07-07,180.2317
2016-07-06,180.3071
2016-07-05,180.3471
2016-07-01,180.4271
2016-06-30,180.3953
2016-06-29,180.4098
2016-06-28,180.5191
2016-06-27,180.7602
2016-06-24,181.1749
2016-06-23,181.3926
2016-06-22,181.2789
2016-06-21,181.222
2016-06-20,181.0354
2016-06-17,180.8866
2016-06-16,180.7397
2016-06-15,180.5902
2016-06-14,180.4649
2016-06-13,180.4105
2016-06-10,180.2511
2016-06-09,180.0994
2016-06-08,179.8583
2016-06-07,179.6889
2016-06-06,179.4388
2016-06-03,179.1955
2016-06-02,178.9661
2016-06-01,178.7112
2016-05-31,178.5336
2016-05-27,178.4528
2016-05-26,178.2838
2016-05-25,178.2022
2016-05-24,178.2052
2016-05-23,178.2506
2016-05-20,178.3975
2016-05-19,178.5478
2016-05-18,178.7539
2016-05-17,178.9782
2016-05-16,179.1964
2016-05-13,179.3027
2016-05-12,179.4332
2016-05-11,179.4958
2016-05-10,179.5606
2016-05-09,179.4513
2016-05-06,179.3705
2016-05-05,179.3178
2016-05-04,179.2737
2016-05-03,179.3346
2016-05-02,179.2495
2016-04-29,179.1752
2016-04-28,179.2007
2016-04-27,179.1173
2016-04-26,178.9734
2016-04-25,178.8092
2016-04-22,178.5772
2016-04-21,178.3245
2016-04-20,178.0756
2016-04-19,177.8362
2016-04-18,177.6102
2016-04-15,177.4003
2016-04-14,177.219
2016-04-13,176.9723
2016-04-12,176.6758
2016-04-11,176.4833
2016-04-08,176.3841
2016-04-07,176.1257
2016-04-06,175.8843
2016-04-05,175.494
2016-04-04,175.2941
2016-04-01,174.9984
2016-03-31,174.6458
2016-03-30,174.3202
2016-03-29,173.9347
2016-03-28,173.3925
2016-03-24,172.9972
2016-03-23,172.6266
2016-03-22,172.1514
2016-03-21,171.5801
2016-03-18,171.1098
2016-03-17,170.5325
2016-03-16,169.9934
2016-03-15,169.5438
2016-03-14,169.0112
2016-03-11,168.329
2016-03-10,167.4736
2016-03-09,166.8602
2016-03-08,166.2605
2016-03-07,165.7025
2016-03-04,165.1592
2016-03-03,164.7796
2016-03-02,164.4151
2016-03-01,164.0351
2016-02-29,163.8434
2016-02-26,163.8502
2016-02-25,163.5932
2016-02-24,163.2747
2016-02-23,163.1457
2016-02-22,162.9445
2016-02-19,162.7614
2016-02-18,162.5331
2016-02-17,162.2563
2016-02-16,162.0491
2016-02-12,161.9644
2016-02-11,162.1923
2016-02-10,162.4489
2016-02-09,162.8095
2016-02-08,163.0967
2016-02-05,163.3761
2016-02-04,163.6383
2016-02-03,163.9487
2016-02-02,164.3811
2016-02-01,164.848
2016-01-29,165.2873
2016-01-28,165.8122
2016-01-27,166.5984
2016-01-26,167.3326
2016-01-25,167.998
2016-01-22,168.7881
2016-01-21,169.3461
2016-01-20,169.99
2016-01-19,170.6077
2016-01-15,171.2769
2016-01-14,172.0922
2016-01-13,172.6023
2016-01-12,173.1546
2016-01-11,173.4557
2016-01-08,173.9939
2016-01-07,174.5176
2016-01-06,175.0186
2016-01-05,175.3743
2016-01-04,175.6752
2015-12-31,175.8193
2015-12-30,175.9656
2015-12-29,176.1153
2015-12-28,176.1167
2015-12-24,176.2495
2015-12-23,176.3518
2015-12-22,176.4407
2015-12-21,176.626
2015-12-18,176.9003
2015-12-17,177.213
2015-12-16,177.3783
2015-12-15,177.269
2015-12-14,177.2942
2015-12-11,177.2788
2015-12-10,177.4053
2015-12-09,177.4852
2015-12-08,177.6227
2015-12-07,177.671
2015-12-04,177.7432
2015-12-03,177.7659
2015-12-02,177.9697
2015-12-01,178.0752
2015-11-30,178.0628
2015-11-27,178.0304
2015-11-25,178.0017
2015-11-24,177.9855
2015-11-23,177.8667
2015-11-20,177.7778
2015-11-19,177.7014
2015-11-18,177.5587
2015-11-17,177.2647
2015-11-16,177.1639
2015-11-13,177.0677
2015-11-12,177.0989
2015-11-11,176.9925
2015-11-10,176.6315
2015-11-09,176.2764
2015-11-06,175.9961
2015-11-05,175.6239
2015-11-04,175.242
2015-11-03,174.7732
2015-11-02,174.2088
2015-10-30,173.6995
2015-10-29,173.147
2015-10-28,172.4309
2015-10-27,171.6896
2015-10-26,170.8995
2015-10-23,170.0843
2015-10-22,169.4583
2015-10-21,168.9336
2015-10-20,168.5811
2015-10-19,168.1876
2015-10-16,167.8915
2015-10-15,167.5535
2015-10-14,167.3954
2015-10-13,167.3867
2015-10-12,167.2652
2015-10-09,166.9844
2015-10-08,166.7441
2015-10-07,166.471
2015-10-06,166.2286
2015-10-05,166.1701
2015-10-02,165.8755
2015-10-01,165.8593
2015-09-30,165.9555
2015-09-29,165.9201
2015-09-28,166.2799
2015-09-25,166.7192
2015-09-24,166.9432
2015-09-23,166.9742
2015-09-22,166.6599
2015-09-21,166.4293
2015-09-18,166.4357
2015-09-17,166.7594
2015-09-16,167.1241
2015-09-15,167.5402
2015-09-14,168.0549
2015-09-11,168.6236
2015-09-10,169.1319
2015-09-09,169.6874
2015-09-08,170.2782
2015-09-04,170.838
2015-09-03,171.4896
2015-09-02,172.0294
2015-09-01,172.6537
2015-08-31,173.3996
2015-08-28,173.9178
2015-08-27,174.3942
2015-08-26,174.8898
2015-08-25,175.5737
2015-08-24,176.5121
2015-08-21,177.2449
2015-08-20,177.6831
2015-08-19,177.9436
2015-08-18,178.0716
2015-08-17,178.1493
2015-08-14,178.2369
2015-08-13,178.3691
2015-08-12,178.5208
2015-08-11,178.5935
2015-08-10,178.681
2015-08-07,178.6441
2015-08-06,178.6254
2015-08-05,178.4745
2015-08-04,178.2377
2015-08-03,178.1821
2015-07-31,178.052
2015-07-30,177.919
2015-07-29,177.7808
2015-07-28,177.5734
2015-07-27,177.4102
2015-07-24,177.5445
2015-07-23,177.6249
2015-07-22,177.6406
2015-07-21,177.6729
2015-07-20,177.6784
2015-07-17,177.6015
2015-07-16,177.5677
2015-07-15,177.4528
2015-07-14,177.3932
2015-07-13,177.2811
2015-07-10,177.245
2015-07-09,177.3785
2015-07-08,177.5967
2015-07-07,177.7202
2015-07-06,177.6946
2015-07-02,177.783
2015-07-01,177.859
2015-06-30,178.0001
2015-06-29,178.1889
2015-06-26,178.4044
2015-06-25,178.4135
2015-06-24,178.4813
2015-06-23,178.5305
2015-06-22,178.4295
2015-06-19,178.4323
2015-06-18,178.5025
2015-06-17,178.5097
2015-06-16,178.6129
2015-06-15,178.7334
2015-06-12,178.8747
2015-06-11,178.9711
2015-06-10,178.9022
2015-06-09,178.8607
2015-06-08,178.9521
2015-06-05,179.0874
2015-06-04,179.0494
2015-06-03,178.961
2015-06-02,178.8332
2015-06-01,178.8316
2015-05-29,178.7956
2015-05-28,178.6822
2015-05-27,178.6023
2015-05-26,178.549
2015-05-22,178.552
2015-05-21,178.4953
2015-05-20,178.3963
2015-05-19,178.3012
2015-05-18,178.1561
2015-05-15,178.0186
2015-05-14,177.8287
2015-05-13,177.7509
2015-05-12,177.7682
2015-05-11,177.7475
2015-05-08,177.6832
2015-05-07,177.6164
2015-05-06,177.6177
2015-05-05,177.6151
2015-05-04,177.5466
2015-05-01,177.399
2015-04-30,177.218
2015-04-29,177.1012
2015-04-28,176.9261
2015-04-27,176.7912
2015-04-24,176.5784
2015-04-23,176.3086
2015-04-22,176.0802
2015-04-21,176.0036
2015-04-20,176.0205
2015-04-17,176.0442
2015-04-16,176.0708
2015-04-15,176.0354
2015-04-14,175.8922
2015-04-13,175.8148
2015-04-10,175.6386
2015-04-09,175.4757
2015-04-08,175.2515
2015-04-07,175.0864
2015-04-06,175.0932
2015-04-02,175.0406
2015-04-01,175.1715
2015-03-31,175.3239
2015-03-30,175.4829
2015-03-27,175.6016
2015-03-26,175.7705
2015-03-25,175.9895
2015-03-24,176.1984
2015-03-23,176.2854
2015-03-20,176.2972
2015-03-19,176.293
2015-03-18,176.3132
2015-03-17,176.2993
2015-03-16,176.3898
2015-03-13,176.4404
2015-03-12,176.5705
2015-03-11,176.5633
2015-03-10,176.6606
2015-03-09,176.6459
2015-03-06,176.5275
2015-03-05,176.4694
2015-03-04,176.1999
2015-03-03,175.973
2015-03-02,175.5855
2015-02-27,175.0575
2015-02-26,174.6924
2015-02-25,174.2191
2015-02-24,173.8447
2015-02-23,173.5769
2015-02-20,173.3141
2015-02-19,173.0977
2015-02-18,172.8071
2015-02-17,172.4673
2015-02-13,172.1102
2015-02-12,171.6571
2015-02-11,171.3177
2015-02-10,171.1135
2015-02-09,170.9383
2015-02-06,170.9223
2015-02-05,170.937
2015-02-04,170.7766
2015-02-03,170.5981
2015-02-02,170.4667
2015-01-30,170.6145
2015-01-29,170.8709
2015-01-28,171.1072
2015-01-27,171.4685
2015-01-26,171.7085
2015-01-23,171.8062
2015-01-22,171.9233
2015-01-21,171.9809
2015-01-20,172.1258
2015-01-16,172.277
2015-01-15,172.2373
2015-01-14,172.145
2015-01-13,172.0422
2015-01-12,171.9459
2015-01-09,171.9637
2015-01-08,171.8711
2015-01-07,171.8475
2015-01-06,171.9811
2015-01-05,172.2777
2015-01-02,172.48
2014-12-31,172.5357
2014-12-30,172.5533
2014-12-29,172.4285
2014-12-26,172.3168
2014-12-24,172.2353
2014-12-23,172.1599
2014-12-22,172.0915
2014-12-19,172.0107
2014-12-18,171.9238
2014-12-17,171.8585
2014-12-16,172.016
2014-12-15,172.2865
2014-12-12,172.4846
2014-12-11,172.6228
2014-12-10,172.6132
2014-12-09,172.6559
2014-12-08,172.5516
2014-12-05,172.4146
2014-12-04,172.2115
2014-12-03,171.9887
2014-12-02,171.7031
2014-12-01,171.4803
2014-11-28,171.3086
2014-11-26,170.9811
2014-11-25,170.582
2014-11-24,170.2176
2014-11-21,169.7528
2014-11-20,169.3235
2014-11-19,168.8775
2014-11-18,168.3527
2014-11-17,167.872
2014-11-14,167.2827
2014-11-13,166.6223
2014-11-12,165.8718
2014-11-11,165.1376
2014-11-10,164.4475
2014-11-07,163.7535
2014-11-06,163.2174
2014-11-05,162.7815
2014-11-04,162.5428
2014-11-03,162.2157
2014-10-31,161.9862
2014-10-30,161.7709
2014-10-29,161.5615
2014-10-28,161.4041
2014-10-27,161.3458
2014-10-24,161.4036
2014-10-23,161.4652
2014-10-22,161.5242
2014-10-21,161.812
2014-10-20,161.977
2014-10-17,162.3476
2014-10-16,162.8598
2014-10-15,163.4717
2014-10-14,164.0322
2014-10-13,164.5283
2014-10-10,164.9741
2014-10-09,165.295
2014-10-08,165.5725
2014-10-07,165.6771
2014-10-06,165.892
2014-10-03,166.033
2014-10-02,166.186
2014-10-01,166.3911
2014-09-30,166.6095
2014-09-29,166.7208
2014-09-26,166.8144
2014-09-25,166.8691
2014-09-24,166.9938
2014-09-23,166.987
2014-09-22,167.0397
2014-09-19,167.0025
2014-09-18,166.9133
2014-09-17,166.7924
2014-09-16,166.694
2014-09-15,166.564
2014-09-12,166.4281
2014-09-11,166.2876
2014-09-10,166.06
2014-09-09,165.7874
2014-09-08,165.5573
2014-09-05,165.2509
2014-09-04,164.8307
2014-09-03,164.4914
2014-09-02,164.1375
2014-08-29,163.8574
2014-08-28,163.5152
2014-08-27,163.2213
2014-08-26,163.085
2014-08-25,162.9441
2014-08-22,162.844
2014-08-21,162.7828
2014-08-20,162.7473
2014-08-19,162.7357
2014-08-18,162.7277
2014-08-15,162.7269
2014-08-14,162.8099
2014-08-13,162.8078
2014-08-12,162.9378
2014-08-11,163.0921
2014-08-08,163.2505
2014-08-07,163.3909
2014-08-06,163.6123
2014-08-05,163.8228
2014-08-04,163.9991
2014-08-01,164.15
2014-07-31,164.3876
2014-07-30,164.5602
2014-07-29,164.5623
2014-07-28,164.511
2014-07-25,164.4285
2014-07-24,164.3334
2014-07-23,164.2055
2014-07-22,164.0412
2014-07-21,163.9445
2014-07-18,163.8862
2014-07-17,163.7959
2014-07-16,163.7799
2014-07-15,163.6108
2014-07-14,163.4497
2014-07-11,163.2666
2014-07-10,163.1002
2014-07-09,163.0024
2014-07-08,162.9002
2014-07-07,162.8339
2014-07-03,162.7064
2014-07-02,162.5115
2014-07-01,162.3048
2014-06-30,162.0902
2014-06-27,161.9344
2014-06-26,161.7653
2014-06-25,161.5992
2014-06-24,161.3862
2014-06-23,161.2156
2014-06-20,160.9473
2014-06-19,160.645
2014-06-18,160.3401
2014-06-17,159.9788
2014-06-16,159.7261
2014-06-13,159.4673
2014-06-12,159.188
2014-06-11,159.0022
2014-06-10,158.7964
2014-06-09,158.5554
2014-06-06,158.2393
2014-06-05,157.9198
2014-06-04,157.6472
2014-06-03,157.3813
2014-06-02,157.1996
2014-05-30,156.9988
2014-05-29,156.8183
2014-05-28,156.6499
2014-05-27,156.4993
2014-05-23,156.3068
2014-05-22,156.1384
2014-05-21,156.0654
2014-05-20,155.9957
2014-05-19,156.0098
2014-05-16,155.9393
2014-05-15,155.8704
2014-05-14,155.8177
2014-05-13,155.6161
2014-05-12,155.3248
2014-05-09,154.9813
2014-05-08,154.7822
2014-05-07,154.7577
2014-05-06,154.6424
2014-05-05,154.5412
2014-05-02,154.4574
2014-05-01,154.481
2014-04-30,154.5038
2014-04-29,154.5013
2014-04-28,154.4706
2014-04-25,154.413
2014-04-24,154.342
2014-04-23,154.2234
2014-04-22,154.1761
2014-04-21,154.074
2014-04-17,154.0392
2014-04-16,154.0613
2014-04-15,154.0491
2014-04-14,154.1583
2014-04-11,154.2649
2014-04-10,154.3618
2014-04-09,154.4117
2014-04-08,154.3853
2014-04-07,154.4395
2014-04-04,154.5635
2014-04-03,154.6062
2014-04-02,154.5532
2014-04-01,154.4719
2014-03-31,154.4098
2014-03-28,154.2918
2014-03-27,154.2909
2014-03-26,154.3083
2014-03-25,154.2695
2014-03-24,154.1747
2014-03-21,154.1194
2014-03-20,153.9899
2014-03-19,153.8391
2014-03-18,153.6888
2014-03-17,153.5475
2014-03-14,153.4521
2014-03-13,153.384
2014-03-12,153.2555
2014-03-11,153.0366
2014-03-10,152.7384
2014-03-07,152.3881
2014-03-06,151.9429
2014-03-05,151.4055
2014-03-04,150.895
2014-03-03,150.3411
2014-02-28,150.0603
2014-02-27,149.7687
2014-02-26,149.4188
2014-02-25,149.1801
2014-02-24,148.898
2014-02-21,148.6494
2014-02-20,148.6039
2014-02-19,148.6122
2014-02-18,148.6601
2014-02-14,148.6353
2014-02-13,148.6518
2014-02-12,148.72
2014-02-11,148.7861
2014-02-10,148.7741
2014-02-07,148.9447
2014-02-06,149.1082
2014-02-05,149.3577
2014-02-04,149.7009
2014-02-03,149.9888
2014-01-31,150.349
2014-01-30,150.5448
2014-01-29,150.7703
2014-01-28,151.0375
2014-01-27,151.2349
2014-01-24,151.4766
2014-01-23,151.6434
2014-01-22,151.6327
2014-01-21,151.5195
2014-01-17,151.3682
2014-01-16,151.2477
2014-01-15,150.9698
2014-01-14,150.7053
2014-01-13,150.4362
2014-01-10,150.2496
2014-01-09,149.9861
2014-01-08,149.8267
2014-01-07,149.6989
2014-01-06,149.5538
2014-01-03,149.3729
2014-01-02,149.2025
2013-12-31,149.0317
2013-12-30,148.8198
2013-12-27,148.6632
2013-12-26,148.5103
2013-12-24,148.3389
2013-12-23,148.2038
2013-12-20,148.0927
2013-12-19,147.9846
2013-12-18,147.8605
2013-12-17,147.7509
2013-12-16,147.7825
2013-12-13,147.8166
2013-12-12,147.8642
2013-12-11,147.8745
2013-12-10,147.8022
2013-12-09,147.6613
2013-12-06,147.4925
2013-12-05,147.2456
2013-12-04,147.1728
2013-12-03,147.0307
2013-12-02,146.9107
2013-11-29,146.7333
2013-11-27,146.5192
2013-11-26,146.3208
2013-11-25,146.1766
2013-11-22,145.9959
2013-11-21,145.7962
2013-11-20,145.6006
2013-11-19,145.4404
2013-11-18,145.2917
2013-11-15,145.0855
2013-11-14,144.853
2013-11-13,144.6044
2013-11-12,144.3452
2013-11-11,144.0469
2013-11-08,143.7848
2013-11-07,143.496
2013-11-06,143.2594
2013-11-05,142.7841
2013-11-04,142.3408
2013-11-01,141.9547
2013-10-31,141.6539
2013-10-30,141.3183
2013-10-29,141.0262
2013-10-28,140.7045
2013-10-25,140.3668
2013-10-24,140.0776
2013-10-23,139.8533
2013-10-22,139.6261
2013-10-21,139.3846
2013-10-18,139.201
2013-10-17,139.0502
2013-10-16,138.9966
2013-10-15,139.0022
2013-10-14,139.0241
2013-10-11,138.9641
2013-10-10,138.8919
2013-10-09,138.8489
2013-10-08,138.9711
2013-10-07,139.0764
2013-10-04,139.051
2013-10-03,138.9006
2013-10-02,138.7991
2013-10-01,138.6249
2013-09-30,138.3886
2013-09-27,138.1767
2013-09-26,137.949
2013-09-25,137.6786
2013-09-24,137.4113
2013-09-23,137.233
2013-09-20,137.0636
2013-09-19,136.8388
2013-09-18,136.5036
2013-09-17,136.1982
2013-09-16,135.9406
2013-09-13,135.7575
2013-09-12,135.6369
2013-09-11,135.6283
2013-09-10,135.6369
2013-09-09,135.6467
2013-09-06,135.7154
2013-09-05,135.8691
2013-09-04,136.0007
2013-09-03,136.1634
2013-08-30,136.4214
2013-08-29,136.7198
2013-08-28,136.9851
2013-08-27,137.1814
2013-08-26,137.3964
2013-08-23,137.5023
2013-08-22,137.6041
2013-08-21,137.7214
2013-08-20,137.8833
2013-08-19,138.0288
2013-08-16,138.2222
2013-08-15,138.3587
2013-08-14,138.4605
2013-08-13,138.4282
2013-08-12,138.3428
2013-08-09,138.3036
2013-08-08,138.23
2013-08-07,138.1335
2013-08-06,137.9704
2013-08-05,137.7823
2013-08-02,137.5064
2013-08-01,137.1822
2013-07-31,136.7987
2013-07-30,136.4921
2013-07-29,136.1966
2013-07-26,135.8626
2013-07-25,135.5343
2013-07-24,135.1749
2013-07-23,134.7682
2013-07-22,134.2743
2013-07-19,133.8479
2013-07-18,133.4143
2013-07-17,133.1577
2013-07-16,133.0318
2013-07-15,132.8706
2013-07-12,132.6324
2013-07-11,132.4623
2013-07-10,132.195
2013-07-09,132.0746
2013-07-08,132.0257
2013-07-05,132.0251
2013-07-03,131.9783
2013-07-02,131.9433
2013-07-01,132.0043
2013-06-28,132.0913
2013-06-27,132.1801
2013-06-26,132.3387
2013-06-25,132.5109
2013-06-24,132.7913
2013-06-21,133.0931
2013-06-20,133.3184
2013-06-19,133.584
2013-06-18,133.7352
2013-06-17,133.7836
2013-06-14,133.8853
2013-06-13,133.9731
2013-06-12,134.0508
2013-06-11,134.1923
2013-06-10,134.2102
2013-06-07,134.1537
2013-06-06,134.0756
2013-06-05,134.1004
2013-06-04,134.1545
2013-06-03,134.0821
2013-05-31,133.9609
2013-05-30,133.8105
2013-05-29,133.5034
2013-05-28,133.2781
2013-05-24,132.9935
2013-05-23,132.706
2013-05-22,132.4242
2013-05-21,132.0968
2013-05-20,131.7149
2013-05-17,131.2774
2013-05-16,130.8113
2013-05-15,130.3559
2013-05-14,129.9081
2013-05-13,129.5901
2013-05-10,129.2477
2013-05-09,129.0602
2013-05-08,128.9102
2013-05-07,128.7203
2013-05-06,128.4824
2013-05-03,128.2558
2013-05-02,128.0033
2013-05-01,127.8451
2013-04-30,127.7211
2013-04-29,127.6048
2013-04-26,127.4726
2013-04-25,127.4088
2013-04-24,127.314
2013-04-23,127.2453
2013-04-22,127.1302
2013-04-19,127.107
2013-04-18,127.0615
2013-04-17,127.1245
2013-04-16,127.1042
2013-04-15,127.0049
2013-04-12,127.0338
2013-04-11,126.9214
2013-04-10,126.7595
2013-04-09,126.6098
2013-04-08,126.5524
2013-04-05,126.4931
2013-04-04,126.4498
2013-04-03,126.3666
2013-04-02,126.3006
2013-04-01,126.1144
2013-03-28,125.9268
2013-03-27,125.6937
2013-03-26,125.4922
2013-03-25,125.2143
2013-03-22,124.9455
2013-03-21,124.7672
2013-03-20,124.5799
2013-03-19,124.3757
2013-03-18,124.2928
2013-03-15,124.1491
2013-03-14,123.9777
2013-03-13,123.7922
2013-03-12,123.6351
2013-03-11,123.4768
2013-03-08,123.3056
2013-03-07,123.1242
2013-03-06,122.9776
2013-03-05,122.838
2013-03-04,122.6457
2013-03-01,122.5776
2013-02-28,122.4801
2013-02-27,122.4177
2013-02-26,122.3671
2013-02-25,122.3691
2013-02-22,122.4197
2013-02-21,122.3193
2013-02-20,122.2768
2013-02-19,122.1874
2013-02-15,121.9882
2013-02-14,121.8218
2013-02-13,121.6096
2013-02-12,121.404
2013-02-11,121.1995
2013-02-08,121.0092
2013-02-07,120.8181
2013-02-06,120.6141
2013-02-05,120.3869
2013-02-04,120.1813
2013-02-01,120.0529
2013-01-31,119.8298
2013-01-30,119.6825
2013-01-29,119.3724
2013-01-28,118.942
2013-01-25,118.5974
2013-01-24,118.2533
2013-01-23,117.9675
2013-01-22,117.7011
2013-01-18,117.497
2013-01-17,117.2919
2013-01-16,117.1436
2013-01-15,116.9695
2013-01-14,116.7274
2013-01-11,116.5106
2013-01-10,116.3252
2013-01-09,116.1366
2013-01-08,115.9559
2013-01-07,115.7878
2013-01-04,115.5854
2013-01-03,115.3476
2013-01-02,115.1256
2012-12-31,114.8982
2012-12-28,114.8468
2012-12-27,114.8905
2012-12-26,114.8458
2012-12-24,114.7479
2012-12-21,114.6547
2012-12-20,114.5558
2012-12-19,114.3278
2012-12-18,114.1228
2012-12-17,113.872
2012-12-14,113.5745
2012-12-13,113.3173
2012-12-12,113.0479
2012-12-11,112.818
2012-12-10,112.6102
2012-12-07,112.4369
2012-12-06,112.2612
2012-12-05,112.1704
2012-12-04,112.2291
2012-12-03,112.2532
2012-11-30,112.2576
2012-11-29,112.285
2012-11-28,112.254
2012-11-27,112.2496
2012-11-26,112.2938
2012-11-23,112.2926
2012-11-21,112.2954
2012-11-20,112.4546
2012-11-19,112.6234
2012-11-16,112.8924
2012-11-15,113.2875
2012-11-14,113.6831
2012-11-13,114.0107
2012-11-12,114.2157
2012-11-09,114.4203
2012-11-08,114.6261
2012-11-07,114.8737
2012-11-06,115.1117
2012-11-05,115.2396
2012-11-02,115.4116
2012-11-01,115.5535
2012-10-31,115.6206
2012-10-26,115.7412
2012-10-25,115.8465
2012-10-24,115.9756
2012-10-23,116.0668
2012-10-22,116.1746
2012-10-19,116.2646
2012-10-18,116.3643
2012-10-17,116.3687
2012-10-16,116.3575
2012-10-15,116.3696
2012-10-12,116.4452
2012-10-11,116.5886
2012-10-10,116.6871
2012-10-09,116.7009
2012-10-08,116.6584
2012-10-05,116.5422
2012-10-04,116.4386
2012-10-03,116.313
2012-10-02,116.1148
2012-10-01,115.9452
2012-09-28,115.7868
2012-09-27,115.6169
2012-09-26,115.4609
2012-09-25,115.3547
2012-09-24,115.2215
2012-09-21,115.0249
2012-09-20,114.7854
2012-09-19,114.5899
2012-09-18,114.3923
2012-09-17,114.2152
2012-09-14,114.0329
2012-09-13,113.823
2012-09-12,113.5974
2012-09-11,113.4535
2012-09-10,113.3279
2012-09-07,113.2212
2012-09-06,113.0724
2012-09-05,112.9413
2012-09-04,112.9177
2012-08-31,112.8613
2012-08-30,112.7889
2012-08-29,112.635
2012-08-28,112.4783
2012-08-27,112.3307
2012-08-24,112.2164
2012-08-23,112.1032
2012-08-22,111.9237
2012-08-21,111.6094
2012-08-20,111.2963
2012-08-17,111.0124
2012-08-16,110.7841
2012-08-15,110.6138
2012-08-14,110.4706
2012-08-13,110.2935
2012-08-10,110.08
2012-08-09,109.8764
2012-08-08,109.5926
2012-08-07,109.3394
2012-08-06,109.0923
2012-08-03,108.9204
2012-08-02,108.7661
2012-08-01,108.7721
2012-07-31,108.7649
2012-07-30,108.7169
2012-07-27,108.6137
2012-07-26,108.3782
2012-07-25,108.2583
2012-07-24,108.1791
2012-07-23,108.0747
2012-07-20,108.0095
2012-07-19,107.8484
2012-07-18,107.7584
2012-07-17,107.6917
2012-07-16,107.6133
2012-07-13,107.5617
2012-07-12,107.4433
2012-07-11,107.3588
2012-07-10,107.2821
2012-07-09,107.1461
2012-07-06,107.0301
2012-07-05,106.8656
2012-07-03,106.646
2012-07-02,106.2862
2012-06-29,105.9237
2012-06-28,105.5801
2012-06-27,105.5005
2012-06-26,105.4172
2012-06-25,105.4587
2012-06-22,105.4629
2012-06-21,105.3987
2012-06-20,105.3649
2012-06-19,105.2068
2012-06-18,105.0307
2012-06-15,104.8179
2012-06-14,104.66
2012-06-13,104.6346
2012-06-12,104.6851
2012-06-11,104.7324
2012-06-08,104.8995
2012-06-07,105.0157
2012-06-06,105.1624
2012-06-05,105.3446
2012-06-04,105.6641
2012-06-01,106.0181
2012-05-31,106.4593
2012-05-30,106.8114
2012-05-29,107.1686
2012-05-25,107.414
2012-05-24,107.7438
2012-05-23,108.0473
2012-05-22,108.3226
2012-05-21,108.5259
2012-05-18,108.7177
2012-05-17,109.0443
2012-05-16,109.3171
2012-05-15,109.5471
2012-05-14,109.7754
2012-05-11,109.8924
2012-05-10,109.9532
2012-05-09,110.0634
2012-05-08,110.1136
2012-05-07,110.0877
2012-05-04,110.1323
2012-05-03,110.2432
2012-05-02,110.2675
2012-05-01,110.3049
2012-04-30,110.3487
2012-04-27,110.3861
2012-04-26,110.3797
2012-04-25,110.392
2012-04-24,110.4708
2012-04-23,110.6418
2012-04-20,110.7556
2012-04-19,110.8053
2012-04-18,110.9044
2012-04-17,110.9772
2012-04-16,111.0476
2012-04-13,111.1769
2012-04-12,111.2949
2012-04-11,111.3152
2012-04-10,111.4127
2012-04-09,111.4557
2012-04-05,111.406
2012-04-04,111.2728
2012-04-03,111.0834
2012-04-02,110.8011
2012-03-30,110.5749
2012-03-29,110.4119
2012-03-28,110.2886
2012-03-27,110.1276
2012-03-26,109.9601
2012-03-23,109.7593
2012-03-22,109.6274
2012-03-21,109.5015
2012-03-20,109.3116
2012-03-19,109.13
2012-03-16,108.9298
2012-03-15,108.7371
2012-03-14,108.4932
2012-03-13,108.3062
2012-03-12,108.1201
2012-03-09,107.9925
2012-03-08,107.905
2012-03-07,107.8317
2012-03-06,107.7961
2012-03-05,107.7842
2012-03-02,107.6966
2012-03-01,107.5133
2012-02-29,107.3049
2012-02-28,107.0792
2012-02-27,106.834
2012-02-24,106.6225
2012-02-23,106.4225
2012-02-22,106.2613
2012-02-21,106.0803
2012-02-17,105.8878
2012-02-16,105.7111
2012-02-15,105.5293
2012-02-14,105.3792
2012-02-13,105.1475
2012-02-10,104.8893
2012-02-09,104.6972
2012-02-08,104.4532
2012-02-07,104.2132
2012-02-06,103.945
2012-02-03,103.6781
2012-02-02,103.4206
2012-02-01,103.2234
2012-01-31,103.0265
2012-01-30,102.796
2012-01-27,102.5881
2012-01-26,102.3112
2012-01-25,102.0977
2012-01-24,101.8534
2012-01-23,101.6082
2012-01-20,101.3135
2012-01-19,100.9959
2012-01-18,100.5534
2012-01-17,100.1898
2012-01-13,99.8758
2012-01-12,99.5642
2012-01-11,99.2777
2012-01-10,99.0491
2012-01-09,98.8957
2012-01-06,98.7036
2012-01-05,98.6332
2012-01-04,98.5312
2012-01-03,98.4411
2011-12-30,98.3054
2011-12-29,98.2533
2011-12-28,98.1774
2011-12-27,97.9581
2011-12-23,97.6597
2011-12-22,97.2327
2011-12-21,96.8586
2011-12-20,96.6317
2011-12-19,96.4327
2011-12-16,96.4692
2011-12-15,96.4594
2011-12-14,96.5342
2011-12-13,96.705
2011-12-12,96.7999
2011-12-09,96.8963
2011-12-08,96.8282
2011-12-07,96.7971
2011-12-06,96.8424
2011-12-05,96.8424
2011-12-02,96.8132
2011-12-01,96.8679
2011-11-30,96.8294
2011-11-29,96.7117
2011-11-28,96.9262
2011-11-25,97.2761
2011-11-23,97.7598
2011-11-22,98.0644
2011-11-21,98.2164
2011-11-18,98.4458
2011-11-17,98.5241
2011-11-16,98.5064
2011-11-15,98.3903
2011-11-14,98.2526
2011-11-11,98.0467
2011-11-10,97.8857
2011-11-09,97.7358
2011-11-08,97.6409
2011-11-07,97.319
2011-11-04,97.0561
2011-11-03,96.6715
2011-11-02,96.2874
2011-11-01,95.9108
2011-10-31,95.5306
2011-10-28,94.9177
2011-10-27,94.3097
2011-10-26,93.8145
2011-10-25,93.454
2011-10-24,93.2372
2011-10-21,92.8731
2011-10-20,92.4626
2011-10-19,92.1162
2011-10-18,91.9391
2011-10-17,91.8443
2011-10-14,91.8474
2011-10-13,91.8061
2011-10-12,91.8178
2011-10-11,91.7395
2011-10-10,91.6386
2011-10-07,91.5006
2011-10-06,91.4855
2011-10-05,91.5619
2011-10-04,91.7687
2011-10-03,91.9282
2011-09-30,92.2162
2011-09-29,92.4984
2011-09-28,92.7166
2011-09-27,92.9495
2011-09-26,93.0755
2011-09-23,93.1198
2011-09-22,93.2042
2011-09-21,93.3859
2011-09-20,93.355
2011-09-19,93.0394
2011-09-16,92.7149
2011-09-15,92.4159
2011-09-14,92.347
2011-09-13,92.3556
2011-09-12,92.4684
2011-09-09,92.5252
2011-09-08,92.5804
2011-09-07,92.3161
2011-09-06,92.206
2011-09-02,92.0208
2011-09-01,92.1081
2011-08-31,92.0815
2011-08-30,92.2362
2011-08-29,92.3854
2011-08-26,92.6759
2011-08-25,93.1207
2011-08-24,93.6666
2011-08-23,94.1568
2011-08-22,94.8182
2011-08-19,95.6444
2011-08-18,96.5035
2011-08-17,97.2858
2011-08-16,97.7941
2011-08-15,98.3086
2011-08-12,98.6998
2011-08-11,99.2312
2011-08-10,99.7637
2011-08-09,100.5292
2011-08-08,101.0743
2011-08-05,101.846
2011-08-04,102.4068
2011-08-03,102.998
2011-08-02,103.3035
2011-08-01,103.6292
2011-07-29,103.8305
2011-07-28,103.9339
2011-07-27,103.9535
2011-07-26,103.9147
2011-07-25,103.7036
2011-07-22,103.4288
2011-07-21,103.1829
2011-07-20,102.955
2011-07-19,102.8297
2011-07-18,102.6327
2011-07-15,102.4933
2011-07-14,102.2969
2011-07-13,102.1194
2011-07-12,101.9958
2011-07-11,101.8263
2011-07-08,101.6307
2011-07-07,101.41
2011-07-06,101.1135
2011-07-05,100.8925
2011-07-01,100.6809
2011-06-30,100.5187
2011-06-29,100.484
2011-06-28,100.5036
2011-06-27,100.6848
2011-06-24,100.8772
2011-06-23,101.094
2011-06-22,101.2287
2011-06-21,101.3317
2011-06-20,101.4085
2011-06-17,101.6142
2011-06-16,101.887
2011-06-15,102.1621
2011-06-14,102.4017
2011-06-13,102.5525
2011-06-10,102.7996
2011-06-09,103.091
2011-06-08,103.2874
2011-06-07,103.5777
2011-06-06,103.8021
2011-06-03,104.0032
2011-06-02,104.1275
2011-06-01,104.2482
2011-05-31,104.3986
2011-05-27,104.4501
2011-05-26,104.5639
2011-05-25,104.685
2011-05-24,104.8128
2011-05-23,104.9235
2011-05-20,104.9851
2011-05-19,104.9917
2011-05-18,104.9301
2011-05-17,104.8113
2011-05-16,104.7096
2011-05-13,104.6648
2011-05-12,104.5681
2011-05-11,104.4271
2011-05-10,104.3114
2011-05-09,104.1785
2011-05-06,104.106
2011-05-05,104.0717
2011-05-04,104.0737
2011-05-03,104.0117
2011-05-02,103.9155
2011-04-29,103.7959
2011-04-28,103.6462
2011-04-27,103.5161
2011-04-26,103.3677
2011-04-25,103.2192
2011-04-21,103.128
2011-04-20,103.0158
2011-04-19,102.8818
2011-04-18,102.8031
2011-04-15,102.7711
2011-04-14,102.6043
2011-04-13,102.4383
2011-04-12,102.2114
2011-04-11,102.0764
2011-04-08,101.9606
2011-04-07,101.8599
2011-04-06,101.7064
2011-04-05,101.6347
2011-04-04,101.5867
2011-04-01,101.4933
2011-03-31,101.4445
2011-03-30,101.4564
2011-03-29,101.3736
2011-03-28,101.3153
2011-03-25,101.3775
2011-03-24,101.3954
2011-03-23,101.3746
2011-03-22,101.4056
2011-03-21,101.4824
2011-03-18,101.6464
2011-03-17,101.8767
2011-03-16,102.1095
2011-03-15,102.3745
2011-03-14,102.5634
2011-03-11,102.6821
2011-03-10,102.7396
2011-03-09,102.83
2011-03-08,102.8369
2011-03-07,102.8133
2011-03-04,102.8024
2011-03-03,102.7368
2011-03-02,102.6212
2011-03-01,102.603
2011-02-28,102.5157
2011-02-25,102.305
2011-02-24,102.2143
2011-02-23,102.1654
2011-02-22,102.0936
2011-02-18,101.9877
2011-02-17,101.7487
2011-02-16,101.5093
2011-02-15,101.2921
2011-02-14,101.1567
2011-02-11,100.9964
2011-02-10,100.8126
2011-02-09,100.6675
2011-02-08,100.4797
2011-02-07,100.2628
2011-02-04,100.0754
2011-02-03,99.9295
2011-02-02,99.8077
2011-02-01,99.6716
2011-01-31,99.5284
2011-01-28,99.4147
2011-01-27,99.3371
2011-01-26,99.1792
2011-01-25,99.0303
2011-01-24,98.8937
2011-01-21,98.7579
2011-01-20,98.6574
2011-01-19,98.5531
2011-01-18,98.4114
2011-01-14,98.2089
2011-01-13,98.0098
2011-01-12,97.819
2011-01-11,97.6421
2011-01-10,97.5055
2011-01-07,97.3832
2011-01-06,97.227
2011-01-05,97.0426
2011-01-04,96.8311
2011-01-03,96.6425
2010-12-31,96.4562
2010-12-30,96.3076
2010-12-29,96.1003
2010-12-28,95.7881
2010-12-27,95.5051
2010-12-23,95.2153
2010-12-22,94.9814
2010-12-21,94.6731
2010-12-20,94.447
2010-12-17,94.2554
2010-12-16,94.0627
2010-12-15,93.808
2010-12-14,93.5787
2010-12-13,93.3996
2010-12-10,93.2314
2010-12-09,93.1218
2010-12-08,93.0577
2010-12-07,92.9933
2010-12-06,92.9801
2010-12-03,92.9786
2010-12-02,92.9543
2010-12-01,92.8535
2010-11-30,92.7941
2010-11-29,92.7957
2010-11-26,92.7698
2010-11-24,92.7544
2010-11-23,92.6841
2010-11-22,92.6945
2010-11-19,92.637
2010-11-18,92.5622
2010-11-17,92.4915
2010-11-16,92.478
2010-11-15,92.4228
2010-11-12,92.3553
2010-11-11,92.2588
2010-11-10,92.0975
2010-11-09,91.9362
2010-11-08,91.7586
2010-11-05,91.5333
2010-11-04,91.2947
2010-11-03,91.0489
2010-11-02,90.8976
2010-11-01,90.7652
2010-10-29,90.5808
2010-10-28,90.431
2010-10-27,90.2662
2010-10-26,90.1153
2010-10-25,89.959
2010-10-22,89.7881
2010-10-21,89.6518
2010-10-20,89.4345
2010-10-19,89.2628
2010-10-18,89.1567
2010-10-15,88.9996
2010-10-14,88.7985
2010-10-13,88.6051
2010-10-12,88.3951
2010-10-11,88.2036
2010-10-08,88.0288
2010-10-07,87.8106
2010-10-06,87.596
2010-10-05,87.3564
2010-10-04,87.0869
2010-10-01,86.9537
2010-09-30,86.7329
2010-09-29,86.4918
2010-09-28,86.1166
2010-09-27,85.7337
2010-09-24,85.4258
2010-09-23,85.0341
2010-09-22,84.7591
2010-09-21,84.4329
2010-09-20,84.1462
2010-09-17,83.8663
2010-09-16,83.6662
2010-09-15,83.541
2010-09-14,83.4071
2010-09-13,83.2385
2010-09-10,83.0692
2010-09-09,82.9598
2010-09-08,82.8976
2010-09-07,82.9733
2010-09-03,83.1019
2010-09-02,83.1595
2010-09-01,83.2892
2010-08-31,83.4623
2010-08-30,83.7276
2010-08-27,84.0136
2010-08-26,84.1445
2010-08-25,84.3387
2010-08-24,84.5265
2010-08-23,84.7575
2010-08-20,84.928
2010-08-19,85.0386
2010-08-18,85.0992
2010-08-17,84.9948
2010-08-16,84.9522
2010-08-13,84.9149
2010-08-12,84.8516
2010-08-11,84.8919
2010-08-10,84.9053
2010-08-09,84.8009
2010-08-06,84.6105
2010-08-05,84.4405
2010-08-04,84.222
2010-08-03,83.9587
2010-08-02,83.5998
2010-07-30,83.1944
2010-07-29,82.9061
2010-07-28,82.6347
2010-07-27,82.3806
2010-07-26,82.2262
2010-07-23,82.0846
2010-07-22,81.9698
2010-07-21,81.961
2010-07-20,82.0569
2010-07-19,82.1694
2010-07-16,82.3399
2010-07-15,82.5299
2010-07-14,82.597
2010-07-13,82.6669
2010-07-12,82.6413
2010-07-09,82.6847
2010-07-08,82.7105
2010-07-07,82.6486
2010-07-06,82.6489
2010-07-02,82.7303
2010-07-01,82.8882
2010-06-30,83.1733
2010-06-29,83.4262
2010-06-28,83.5341
2010-06-25,83.5849
2010-06-24,83.6757
2010-06-23,83.6466
2010-06-22,83.5729
2010-06-21,83.4819
2010-06-18,83.3738
2010-06-17,83.1934
2010-06-16,83.1789
2010-06-15,83.1957
2010-06-14,83.2702
2010-06-11,83.4376
2010-06-10,83.6786
2010-06-09,83.9958
2010-06-08,84.3694
2010-06-07,84.7339
2010-06-04,84.9544
2010-06-03,85.1882
2010-06-02,85.4216
2010-06-01,85.6963
2010-05-28,86.1861
2010-05-27,86.5468
2010-05-26,86.9327
2010-05-25,87.3992
2010-05-24,87.8065
2010-05-21,88.3276
2010-05-20,88.8128
2010-05-19,89.3279
2010-05-18,89.6679
2010-05-17,89.9919
2010-05-14,90.2158
2010-05-13,90.4248
2010-05-12,90.6273
2010-05-11,90.7702
2010-05-10,90.923
2010-05-07,91.0598
2010-05-06,91.3765
2010-05-05,91.5992
2010-05-04,91.6581
2010-05-03,91.7161
2010-04-30,91.6554
2010-04-29,91.6168
2010-04-28,91.4693
2010-04-27,91.3937
2010-04-26,91.3494
2010-04-23,91.1671
2010-04-22,90.97
2010-04-21,90.8103
2010-04-20,90.6861
2010-04-19,90.5222
2010-04-16,90.3755
2010-04-15,90.2684
2010-04-14,90.0899
2010-04-13,89.8889
2010-04-12,89.7049
2010-04-09,89.5231
2010-04-08,89.3483
2010-04-07,89.185
2010-04-06,89.0179
2010-04-05,88.8177
2010-04-01,88.6274
2010-03-31,88.4125
2010-03-30,88.2152
2010-03-29,87.9988
2010-03-26,87.7738
2010-03-25,87.5332
2010-03-24,87.2873
2010-03-23,87.0398
2010-03-22,86.7321
2010-03-19,86.5071
2010-03-18,86.3051
2010-03-17,86.0718
2010-03-16,85.8116
2010-03-15,85.5578
2010-03-12,85.2743
2010-03-11,84.9954
2010-03-10,84.6743
2010-03-09,84.3794
2010-03-08,84.0533
2010-03-05,83.7638
2010-03-04,83.4666
2010-03-03,83.3597
2010-03-02,83.2867
2010-03-01,83.1672
2010-02-26,82.996
2010-02-25,82.9134
2010-02-24,82.8814
2010-02-23,82.824
2010-02-22,82.8225
2010-02-19,82.7483
2010-02-18,82.7696
2010-02-17,82.883
2010-02-16,83.0656
2010-02-12,83.214
2010-02-11,83.4761
2010-02-10,83.7231
2010-02-09,83.9761
2010-02-08,84.2619
2010-02-05,84.5921
2010-02-04,84.8786
2010-02-03,85.1552
2010-02-02,85.2998
2010-02-01,85.4121
2010-01-29,85.5026
2010-01-28,85.6978
2010-01-27,85.8496
2010-01-26,85.9596
2010-01-25,86.0802
2010-01-22,86.1632
2010-01-21,86.259
2010-01-20,86.245
2010-01-19,86.1049
2010-01-15,85.8969
2010-01-14,85.7937
2010-01-13,85.6349
2010-01-12,85.5076
2010-01-11,85.388
2010-01-08,85.21
2010-01-07,85.0146
2010-01-06,84.8181
2010-01-05,84.6864
2010-01-04,84.5642
2009-12-31,84.4296
2009-12-30,84.3998
2009-12-29,84.3309
2009-12-28,84.2089
2009-12-24,84.0668
2009-12-23,84.0024
2009-12-22,83.9434
2009-12-21,83.8863
2009-12-18,83.7918
2009-12-17,83.7547
2009-12-16,83.796
2009-12-15,83.7892
2009-12-14,83.7839
2009-12-11,83.6987
2009-12-10,83.62
2009-12-09,83.6015
2009-12-08,83.5852
2009-12-07,83.5837
2009-12-04,83.4433
2009-12-03,83.2858
2009-12-02,83.0792
2009-12-01,82.8294
2009-11-30,82.5652
2009-11-27,82.3238
2009-11-25,82.2133
2009-11-24,81.9495
2009-11-23,81.7765
2009-11-20,81.6285
2009-11-19,81.5774
2009-11-18,81.5589
2009-11-17,81.4438
2009-11-16,81.3632
2009-11-13,81.3095
2009-11-12,81.2819
2009-11-11,81.3076
2009-11-10,81.2758
2009-11-09,81.1952
2009-11-06,81.1237
2009-11-05,81.1286
2009-11-04,81.1195
2009-11-03,81.1528
2009-11-02,81.1854
2009-10-30,81.174
2009-10-29,81.1335
2009-10-28,80.9942
2009-10-27,81.0389
2009-10-26,81.023
2009-10-23,81.0007
2009-10-22,80.8633
2009-10-21,80.6998
2009-10-20,80.6222
2009-10-19,80.5412
2009-10-16,80.4148
2009-10-15,80.3327
2009-10-14,80.217
2009-10-13,80.1224
2009-10-12,80.0376
2009-10-09,79.9278
2009-10-08,79.8148
2009-10-07,79.7271
2009-10-06,79.6302
2009-10-05,79.5144
2009-10-02,79.422
2009-10-01,79.3343
2009-09-30,79.1971
2009-09-29,78.9752
2009-09-28,78.8228
2009-09-25,78.693
2009-09-24,78.6347
2009-09-23,78.5466
2009-09-22,78.4137
2009-09-21,78.2397
2009-09-18,78.0895
2009-09-17,77.8546
2009-09-16,77.5834
2009-09-15,77.2734
2009-09-14,76.9943
2009-09-11,76.8251
2009-09-10,76.7046
2009-09-09,76.5543
2009-09-08,76.4036
2009-09-04,76.3302
2009-09-03,76.2978
2009-09-02,76.2692
2009-09-01,76.2914
2009-08-31,76.3102
2009-08-28,76.2341
2009-08-27,76.062
2009-08-26,75.8838
2009-08-25,75.6759
2009-08-24,75.4774
2009-08-21,75.3038
2009-08-20,75.1188
2009-08-19,74.9934
2009-08-18,74.8273
2009-08-17,74.6947
2009-08-14,74.5749
2009-08-13,74.3241
2009-08-12,74.0054
2009-08-11,73.7214
2009-08-10,73.3779
2009-08-07,72.9677
2009-08-06,72.469
2009-08-05,72.0275
2009-08-04,71.5601
2009-08-03,71.084
2009-07-31,70.6832
2009-07-30,70.3442
2009-07-29,70.1054
2009-07-28,69.8907
2009-07-27,69.6952
2009-07-24,69.45
2009-07-23,69.2247
2009-07-22,68.9407
2009-07-21,68.7072
2009-07-20,68.4703
2009-07-17,68.3539
2009-07-16,68.2625
2009-07-15,68.1844
2009-07-14,68.1041
2009-07-13,68.1707
2009-07-10,68.3383
2009-07-09,68.5767
2009-07-08,68.7914
2009-07-07,69.0216
2009-07-06,69.2315
2009-07-02,69.3905
2009-07-01,69.5483
2009-06-30,69.5783
2009-06-29,69.6675
2009-06-26,69.7255
2009-06-25,69.732
2009-06-24,69.6691
2009-06-23,69.6333
2009-06-22,69.6875
2009-06-19,69.6589
2009-06-18,69.5335
2009-06-17,69.4694
2009-06-16,69.4533
2009-06-15,69.438
2009-06-12,69.281
2009-06-11,69.0698
2009-06-10,68.8398
2009-06-09,68.7113
2009-06-08,68.584
2009-06-05,68.5398
2009-06-04,68.4016
2009-06-03,68.3121
2009-06-02,68.1967
2009-06-01,68.048
2009-05-29,67.7903
2009-05-28,67.5989
2009-05-27,67.4667
2009-05-26,67.3131
2009-05-22,67.1086
2009-05-21,67.0202
2009-05-20,66.8764
2009-05-19,66.6528
2009-05-18,66.4258
2009-05-15,66.1336
2009-05-14,66.0726
2009-05-13,65.9624
2009-05-12,65.834
2009-05-11,65.586
2009-05-08,65.3834
2009-05-07,65.1148
2009-05-06,64.8028
2009-05-05,64.4099
2009-05-04,64.1488
2009-05-01,63.9009
2009-04-30,63.7338
2009-04-29,63.4956
2009-04-28,63.2008
2009-04-27,62.9469
2009-04-24,62.7884
2009-04-23,62.6555
2009-04-22,62.5086
2009-04-21,62.3611
2009-04-20,62.2547
2009-04-17,62.003
2009-04-16,61.6766
2009-04-15,61.4088
2009-04-14,61.1227
2009-04-13,60.784
2009-04-09,60.3985
2009-04-08,59.9918
2009-04-07,59.6016
2009-04-06,59.2269
2009-04-03,58.6281
2009-04-02,58.0348
2009-04-01,57.4681
2009-03-31,57.0991
2009-03-30,56.7261
2009-03-27,56.4001
2009-03-26,56.0923
2009-03-25,55.7912
2009-03-24,55.5987
2009-03-23,55.4608
2009-03-20,55.1569
2009-03-19,55.1625
2009-03-18,55.1342
2009-03-17,55.1007
2009-03-16,55.1394
2009-03-13,55.396
2009-03-12,55.6775
2009-03-11,55.9786
2009-03-10,56.368
2009-03-09,56.9231
2009-03-06,57.6248
2009-03-05,58.2067
2009-03-04,58.747
2009-03-03,59.1935
2009-03-02,59.6587
2009-02-27,60.1135
2009-02-26,60.5084
2009-02-25,60.946
2009-02-24,61.2308
2009-02-23,61.4614
2009-02-20,61.776
2009-02-19,61.9742
2009-02-18,62.1924
2009-02-17,62.2497
2009-02-13,62.4668
2009-02-12,62.5278
2009-02-11,62.5542
2009-02-10,62.6847
2009-02-09,62.8275
2009-02-06,62.9015
2009-02-05,63.0525
2009-02-04,63.2793
2009-02-03,63.6563
2009-02-02,63.9951
2009-01-30,64.3811
2009-01-29,64.6566
2009-01-28,64.8209
2009-01-27,64.8031
2009-01-26,64.9009
2009-01-23,65.0117
2009-01-22,65.1251
2009-01-21,65.2854
2009-01-20,65.4393
2009-01-16,65.7367
2009-01-15,65.9298
2009-01-14,66.1803
2009-01-13,66.2796
2009-01-12,66.3227
2009-01-09,66.3331
2009-01-08,66.3439
2009-01-07,66.2597
2009-01-06,66.2446
2009-01-05,66.0121
2009-01-02,65.7057
2008-12-31,65.4698
2008-12-30,65.2593
2008-12-29,64.9795
2008-12-26,65.0707
2008-12-24,65.1112
2008-12-23,65.0482
2008-12-22,64.9806
2008-12-19,64.6764
2008-12-18,64.1799
2008-12-17,63.8926
2008-12-16,63.7484
2008-12-15,63.512
2008-12-12,63.4703
2008-12-11,63.5507
2008-12-10,63.4725
2008-12-09,63.46
2008-12-08,63.5754
2008-12-05,63.6809
2008-12-04,63.789
2008-12-03,64.1906
2008-12-02,64.6734
2008-12-01,65.1101
2008-11-28,65.653
2008-11-26,65.8821
2008-11-25,66.0337
2008-11-24,66.3324
2008-11-21,66.2926
2008-11-20,66.57
2008-11-19,67.1689
2008-11-18,67.506
2008-11-17,67.8299
2008-11-14,68.3219
2008-11-13,68.5649
2008-11-12,68.6608
2008-11-11,68.8158
2008-11-10,69.1875
2008-11-07,69.5092
2008-11-06,69.3115
2008-11-05,69.3056
2008-11-04,69.3542
2008-11-03,69.3402
2008-10-31,69.6209
2008-10-30,70.1192
2008-10-29,70.6927
2008-10-28,71.5403
2008-10-27,72.3602
2008-10-24,73.3719
2008-10-23,74.6189
2008-10-22,75.6922
2008-10-21,76.7356
2008-10-20,77.5725
2008-10-17,78.4024
2008-10-16,79.5424
2008-10-15,80.4879
2008-10-14,81.4448
2008-10-13,82.2405
2008-10-10,82.9072
2008-10-09,84.2679
2008-10-08,85.5262
2008-10-07,86.4676
2008-10-06,87.2977
2008-10-03,88.0932
2008-10-02,88.5871
2008-10-01,89.011
2008-09-30,89.4209
2008-09-29,89.8373
2008-09-26,90.4532
2008-09-25,90.7711
2008-09-24,91.034
2008-09-23,91.32
2008-09-22,91.6065
2008-09-19,91.8876
2008-09-18,91.9972
2008-09-17,92.2727
2008-09-16,92.6534
2008-09-15,92.8841
2008-09-12,93.2538
2008-09-11,93.3804
2008-09-10,93.4926
2008-09-09,93.6991
2008-09-08,93.9738
2008-09-05,94.0611
2008-09-04,94.1561
2008-09-03,94.3359
2008-09-02,94.3535
2008-08-29,94.2434
2008-08-28,94.147
2008-08-27,94.0237
2008-08-26,94.0201
2008-08-25,93.9793
2008-08-22,93.8554
2008-08-21,93.7024
2008-08-20,93.6184
2008-08-19,93.6401
2008-08-18,93.658
2008-08-15,93.5722
2008-08-14,93.4185
2008-08-13,93.2593
2008-08-12,93.0902
2008-08-11,92.7836
2008-08-08,92.4906
2008-08-07,92.2877
2008-08-06,92.225
2008-08-05,92.0731
2008-08-04,92.0321
2008-08-01,92.0332
2008-07-31,92.0387
2008-07-30,92.0148
2008-07-29,92.0093
2008-07-28,92.0717
2008-07-25,92.2144
2008-07-24,92.3152
2008-07-23,92.5463
2008-07-22,92.6571
2008-07-21,92.8027
2008-07-18,93.0055
2008-07-17,93.2901
2008-07-16,93.5972
2008-07-15,93.9978
2008-07-14,94.5315
2008-07-11,94.9989
2008-07-10,95.3631
2008-07-09,95.6551
2008-07-08,96.0389
2008-07-07,96.3575
2008-07-03,96.7456
2008-07-02,97.2502
2008-07-01,97.6589
2008-06-30,97.9894
2008-06-27,98.3642
2008-06-26,98.8083
2008-06-25,99.2141
2008-06-24,99.4629
2008-06-23,99.7112
2008-06-20,99.9127
2008-06-19,100.1776
2008-06-18,100.3627
2008-06-17,100.6415
2008-06-16,100.9144
2008-06-13,101.1491
2008-06-12,101.3819
2008-06-11,101.6125
2008-06-10,101.8512
2008-06-09,102.0162
2008-06-06,102.0994
2008-06-05,102.2041
2008-06-04,102.1581
2008-06-03,102.3052
2008-06-02,102.4052
2008-05-30,102.5004
2008-05-29,102.5285
2008-05-28,102.465
2008-05-27,102.457
2008-05-23,102.4924
2008-05-22,102.5639
2008-05-21,102.5205
2008-05-20,102.4559
2008-05-19,102.3118
2008-05-16,102.1475
2008-05-15,101.995
2008-05-14,101.795
2008-05-13,101.652
2008-05-12,101.3878
2008-05-09,101.113
2008-05-08,100.9115
2008-05-07,100.7969
2008-05-06,100.6623
2008-05-05,100.4714
2008-05-02,100.3302
2008-05-01,100.1616
2008-04-30,100.0127
2008-04-29,99.9558
2008-04-28,99.8656
2008-04-25,99.5861
2008-04-24,99.2909
2008-04-23,99.0887
2008-04-22,98.9237
2008-04-21,98.811
2008-04-18,98.6712
2008-04-17,98.4376
2008-04-16,98.169
2008-04-15,98.028
2008-04-14,97.825
2008-04-11,97.681
2008-04-10,97.5946
2008-04-09,97.4014
2008-04-08,97.2601
2008-04-07,96.9156
2008-04-04,96.6282
2008-04-03,96.3923
2008-04-02,96.2515
2008-04-01,96.0927
2008-03-31,95.9556
2008-03-28,95.9995
2008-03-27,96.1709
2008-03-26,96.3451
2008-03-25,96.5089
2008-03-24,96.5752
2008-03-20,96.5841
2008-03-19,96.6592
2008-03-18,96.8626
2008-03-17,96.9312
2008-03-14,97.1796
2008-03-13,97.3815
2008-03-12,97.553
2008-03-11,97.6848
2008-03-10,97.7266
2008-03-07,97.9107
2008-03-06,98.0639
2008-03-05,98.1362
2008-03-04,98.1471
2008-03-03,98.3225
2008-02-29,98.5433
2008-02-28,98.6722
2008-02-27,98.6011
2008-02-26,98.5172
2008-02-25,98.4039
2008-02-22,98.2481
2008-02-21,98.2252
2008-02-20,98.1914
2008-02-19,98.0026
2008-02-15,97.8769
2008-02-14,97.8148
2008-02-13,97.8805
2008-02-12,97.9459
2008-02-11,98.1743
2008-02-08,98.4068
2008-02-07,98.7053
2008-02-06,98.9392
2008-02-05,99.152
2008-02-04,99.4084
2008-02-01,99.5351
2008-01-31,99.7269
2008-01-30,100.0014
2008-01-29,100.4118
2008-01-28,100.8255
2008-01-25,101.2769
2008-01-24,101.8765
2008-01-23,102.3936
2008-01-22,102.9118
2008-01-18,103.4681
2008-01-17,103.9424
2008-01-16,104.3669
2008-01-15,104.6333
2008-01-14,104.9323
2008-01-11,105.1866
2008-01-10,105.4932
2008-01-09,105.7057
2008-01-08,106.1022
2008-01-07,106.5095
2008-01-04,106.835
2008-01-03,107.0792
2008-01-02,107.106
2007-12-31,107.178
2007-12-28,107.2388
2007-12-27,107.2066
2007-12-26,107.1592
2007-12-24,106.8787
2007-12-21,106.5514
2007-12-20,106.3789
2007-12-19,106.1939
2007-12-18,106.1491
2007-12-17,106.0725
2007-12-14,106.0985
2007-12-13,106.0396
2007-12-12,105.9894
2007-12-11,105.9428
2007-12-10,105.7907
2007-12-07,105.54
2007-12-06,105.4045
2007-12-05,105.295
2007-12-04,105.4128
2007-12-03,105.5461
2007-11-30,105.6733
2007-11-29,105.7589
2007-11-28,106.0288
2007-11-27,106.243
2007-11-26,106.6607
2007-11-23,107.1184
2007-11-21,107.3969
2007-11-20,107.751
2007-11-19,108.0082
2007-11-16,108.2532
2007-11-15,108.3933
2007-11-14,108.6878
2007-11-13,108.9255
2007-11-12,109.1314
2007-11-09,109.54
2007-11-08,109.9443
2007-11-07,110.2445
2007-11-06,110.5447
2007-11-05,110.704
2007-11-02,110.8836
2007-11-01,111.0516
2007-10-31,111.1596
2007-10-30,111.1282
2007-10-29,111.1654
2007-10-26,111.1715
2007-10-25,111.134
2007-10-24,111.1791
2007-10-23,111.2048
2007-10-22,111.1914
2007-10-19,111.233
2007-10-18,111.316
2007-10-17,111.2392
2007-10-16,111.181
2007-10-15,111.1074
2007-10-12,110.8325
2007-10-11,110.5388
2007-10-10,110.2765
2007-10-09,109.9497
2007-10-08,109.5998
2007-10-05,109.2415
2007-10-04,108.8634
2007-10-03,108.6254
2007-10-02,108.3839
2007-10-01,108.1775
2007-09-28,107.91
2007-09-27,107.6528
2007-09-26,107.3913
2007-09-25,107.0608
2007-09-24,106.8754
2007-09-21,106.7288
2007-09-20,106.507
2007-09-19,106.3046
2007-09-18,106.0015
2007-09-17,105.7203
2007-09-14,105.5984
2007-09-13,105.3539
2007-09-12,105.0709
2007-09-11,104.8961
2007-09-10,104.8149
2007-09-07,104.776
2007-09-06,104.7516
2007-09-05,104.8127
2007-09-04,104.812
2007-08-31,104.7088
2007-08-30,104.5725
2007-08-29,104.6247
2007-08-28,104.6207
2007-08-27,104.6926
2007-08-24,104.7081
2007-08-23,104.5923
2007-08-22,104.6462
2007-08-21,104.8246
2007-08-20,105.0536
2007-08-17,105.3891
2007-08-16,105.7052
2007-08-15,106.1715
2007-08-14,106.6545
2007-08-13,107.0766
2007-08-10,107.4218
2007-08-09,107.7864
2007-08-08,108.11
2007-08-07,108.1877
2007-08-06,108.3009
2007-08-03,108.5487
2007-08-02,108.8788
2007-08-01,109.0435
2007-07-31,109.256
2007-07-30,109.4742
2007-07-27,109.5839
2007-07-26,109.7734
2007-07-25,109.859
2007-07-24,109.7396
2007-07-23,109.6867
2007-07-20,109.5638
2007-07-19,109.5091
2007-07-18,109.3678
2007-07-17,109.3247
2007-07-16,109.2578
2007-07-13,109.1945
2007-07-12,109.0995
2007-07-11,108.9863
2007-07-10,108.8792
2007-07-09,108.8697
2007-07-06,108.7724
2007-07-05,108.6101
2007-07-03,108.5746
2007-07-02,108.5924
2007-06-29,108.6518
2007-06-28,108.7594
2007-06-27,108.8416
2007-06-26,108.9288
2007-06-25,109.0475
2007-06-22,109.0911
2007-06-21,109.0863
2007-06-20,109.0795
2007-06-19,109.1021
2007-06-18,109.0525
2007-06-15,109.0194
2007-06-14,108.9325
2007-06-13,108.8874
2007-06-12,108.8402
2007-06-11,108.8717
2007-06-08,108.8559
2007-06-07,108.8036
2007-06-06,108.8774
2007-06-05,108.8384
2007-06-04,108.7474
2007-06-01,108.6336
2007-05-31,108.5
2007-05-30,108.3647
2007-05-29,108.1925
2007-05-25,108.051
2007-05-24,107.9737
2007-05-23,107.9232
2007-05-22,107.8172
2007-05-21,107.6633
2007-05-18,107.5029
2007-05-17,107.3596
2007-05-16,107.2139
2007-05-15,107.0589
2007-05-14,106.9343
2007-05-11,106.7972
2007-05-10,106.5988
2007-05-09,106.4227
2007-05-08,106.167
2007-05-07,105.9472
2007-05-04,105.7141
2007-05-03,105.4749
2007-05-02,105.2422
2007-05-01,105.0327
2007-04-30,104.7997
2007-04-27,104.5745
2007-04-26,104.3038
2007-04-25,104.0234
2007-04-24,103.7864
2007-04-23,103.6102
2007-04-20,103.443
2007-04-19,103.2483
2007-04-18,103.1072
2007-04-17,102.8816
2007-04-16,102.6349
2007-04-13,102.3424
2007-04-12,102.1132
2007-04-11,101.9008
2007-04-10,101.6746
2007-04-09,101.525
2007-04-05,101.3739
2007-04-04,101.2286
2007-04-03,101.0552
2007-04-02,100.8926
2007-03-30,100.7008
2007-03-29,100.5619
2007-03-28,100.4897
2007-03-27,100.4379
2007-03-26,100.2978
2007-03-23,100.3477
2007-03-22,100.3955
2007-03-21,100.4711
2007-03-20,100.5467
2007-03-19,100.7075
2007-03-16,100.8848
2007-03-15,101.1244
2007-03-14,101.3434
2007-03-13,101.5352
2007-03-12,101.7207
2007-03-09,101.8259
2007-03-08,101.9771
2007-03-07,102.1365
2007-03-06,102.3266
2007-03-05,102.5102
2007-03-02,102.7763
2007-03-01,102.9881
2007-02-28,103.1036
2007-02-27,103.17
2007-02-26,103.2609
2007-02-23,103.1525
2007-02-22,103.0441
2007-02-21,102.9756
2007-02-20,102.8622
2007-02-16,102.7317
2007-02-15,102.6279
2007-02-14,102.5116
2007-02-13,102.4193
2007-02-12,102.3587
2007-02-09,102.3512
2007-02-08,102.2877
2007-02-07,102.1636
2007-02-06,102.0159
2007-02-05,101.884
2007-02-02,101.7303
2007-02-01,101.6183
2007-01-31,101.5028
2007-01-30,101.4268
2007-01-29,101.4061
2007-01-26,101.4225
2007-01-25,101.4029
2007-01-24,101.3491
2007-01-23,101.266
2007-01-22,101.2424
2007-01-19,101.2367
2007-01-18,101.2057
2007-01-17,101.1986
2007-01-16,101.1739
2007-01-12,101.107
2007-01-11,101.0248
2007-01-10,100.985
2007-01-09,100.9528
2007-01-08,100.9281
2007-01-05,100.9212
2007-01-04,100.9416
2007-01-03,100.9002
2006-12-29,100.8315
2006-12-28,100.7649
2006-12-27,100.6751
2006-12-26,100.5231
2006-12-22,100.3831
2006-12-21,100.3411
2006-12-20,100.2883
2006-12-19,100.2071
2006-12-18,100.118
2006-12-15,100.0357
2006-12-14,99.9381
2006-12-13,99.8281
2006-12-12,99.7483
2006-12-11,99.637
2006-12-08,99.5097
2006-12-07,99.3947
2006-12-06,99.315
2006-12-05,99.2025
2006-12-04,99.0671
2006-12-01,98.8986
2006-11-30,98.7766
2006-11-29,98.6464
2006-11-28,98.5514
2006-11-27,98.5085
2006-11-24,98.4904
2006-11-22,98.4347
2006-11-21,98.3436
2006-11-20,98.2457
2006-11-17,98.1382
2006-11-16,98.0113
2006-11-15,97.8847
2006-11-14,97.763
2006-11-13,97.6492
2006-11-10,97.5875
2006-11-09,97.5304
2006-11-08,97.463
2006-11-07,97.3282
2006-11-06,97.2098
2006-11-03,97.1037
2006-11-02,97.0495
2006-11-01,96.9927
2006-10-31,96.9239
2006-10-30,96.7668
2006-10-27,96.5991
2006-10-26,96.4455
2006-10-25,96.265
2006-10-24,96.1015
2006-10-23,95.949
2006-10-20,95.772
2006-10-19,95.5816
2006-10-18,95.4064
2006-10-17,95.2617
2006-10-16,95.0986
2006-10-13,94.9319
2006-10-12,94.7663
2006-10-11,94.6021
2006-10-10,94.4791
2006-10-09,94.3318
2006-10-06,94.1456
2006-10-05,93.9576
2006-10-04,93.7506
2006-10-03,93.574
2006-10-02,93.4936
2006-09-29,93.4144
2006-09-28,93.2898
2006-09-27,93.1621
2006-09-26,93.0298
2006-09-25,92.8979
2006-09-22,92.7831
2006-09-21,92.6984
2006-09-20,92.6035
2006-09-19,92.4986
2006-09-18,92.4188
2006-09-15,92.3471
2006-09-14,92.2585
2006-09-13,92.1692
2006-09-12,92.0424
2006-09-11,91.8807
2006-09-08,91.7606
2006-09-07,91.6579
2006-09-06,91.5544
2006-09-05,91.445
2006-09-01,91.3119
2006-08-31,91.1982
2006-08-30,91.1198
2006-08-29,91.0287
2006-08-28,90.91
2006-08-25,90.8189
2006-08-24,90.7543
2006-08-23,90.6505
2006-08-22,90.5471
2006-08-21,90.4249
2006-08-18,90.2865
2006-08-17,90.0485
2006-08-16,89.8649
2006-08-15,89.7233
2006-08-14,89.5587
2006-08-11,89.4256
2006-08-10,89.3024
2006-08-09,89.1834
2006-08-08,89.1506
2006-08-07,89.1506
2006-08-04,89.1135
2006-08-03,89.0573
2006-08-02,89.0227
2006-08-01,88.9871
2006-07-31,89.0076
2006-07-28,88.9874
2006-07-27,88.9624
2006-07-26,88.8931
2006-07-25,88.79
2006-07-24,88.7311
2006-07-21,88.6686
2006-07-20,88.6866
2006-07-19,88.6929
2006-07-18,88.6364
2006-07-17,88.6259
2006-07-14,88.6721
2006-07-13,88.7442
2006-07-12,88.7072
2006-07-11,88.5644
2006-07-10,88.4242
2006-07-07,88.3516
2006-07-06,88.3015
2006-07-05,88.226
2006-07-03,88.197
2006-06-30,88.1531
2006-06-29,88.1936
2006-06-28,88.225
2006-06-27,88.3024
2006-06-26,88.36
2006-06-23,88.4596
2006-06-22,88.5558
2006-06-21,88.5964
2006-06-20,88.5824
2006-06-19,88.6347
2006-06-16,88.7359
2006-06-15,88.7712
2006-06-14,88.7969
2006-06-13,89.0011
2006-06-12,89.2454
2006-06-09,89.43
2006-06-08,89.6268
2006-06-07,89.8659
2006-06-06,90.1035
2006-06-05,90.2986
2006-06-02,90.4884
2006-06-01,90.5714
2006-05-31,90.6473
2006-05-30,90.7834
2006-05-26,90.9345
2006-05-25,91.0432
2006-05-24,91.1592
2006-05-23,91.3079
2006-05-22,91.4906
2006-05-19,91.6587
2006-05-18,91.8011
2006-05-17,91.974
2006-05-16,92.1181
2006-05-15,92.167
2006-05-12,92.1375
2006-05-11,92.1188
2006-05-10,92.0461
2006-05-09,91.9086
2006-05-08,91.8074
2006-05-05,91.7082
2006-05-04,91.6502
2006-05-03,91.6379
2006-05-02,91.6263
2006-05-01,91.5683
2006-04-28,91.5483
2006-04-27,91.4896
2006-04-26,91.4544
2006-04-25,91.413
2006-04-24,91.4007
2006-04-21,91.3761
2006-04-20,91.3395
2006-04-19,91.3131
2006-04-18,91.2653
2006-04-17,91.2551
2006-04-13,91.324
2006-04-12,91.3873
2006-04-11,91.4352
2006-04-10,91.4712
2006-04-07,91.4213
2006-04-06,91.37
2006-04-05,91.2296
2006-04-04,91.1143
2006-04-03,91.0055
2006-03-31,90.9328
2006-03-30,90.8772
2006-03-29,90.8438
2006-03-28,90.8025
2006-03-27,90.7499
2006-03-24,90.7122
2006-03-23,90.666
2006-03-22,90.6119
2006-03-21,90.5548
2006-03-20,90.4983
2006-03-17,90.4241
2006-03-16,90.3548
2006-03-15,90.2557
2006-03-14,90.1503
2006-03-13,90.0183
2006-03-10,89.9416
2006-03-09,89.8653
2006-03-08,89.8387
2006-03-07,89.742
2006-03-06,89.6941
2006-03-03,89.6275
2006-03-02,89.5624
2006-03-01,89.5285
2006-02-28,89.463
2006-02-27,89.4703
2006-02-24,89.4381
2006-02-23,89.3663
2006-02-22,89.2816
2006-02-21,89.1864
2006-02-17,89.1139
2006-02-16,89.0145
2006-02-15,88.9847
2006-02-14,88.9714
2006-02-13,88.9917
2006-02-10,89.0712
2006-02-09,89.1468
2006-02-08,89.2483
2006-02-07,89.3282
2006-02-06,89.4434
2006-02-03,89.5078
2006-02-02,89.5467
2006-02-01,89.5607
2006-01-31,89.5015
2006-01-30,89.3968
2006-01-27,89.283
2006-01-26,89.1853
2006-01-25,89.1191
2006-01-24,89.1226
2006-01-23,89.1275
2006-01-20,89.1139
2006-01-19,89.109
2006-01-18,89.018
2006-01-17,88.9668
2006-01-13,88.9121
2006-01-12,88.858
2006-01-11,88.7822
2006-01-10,88.6587
2006-01-09,88.5453
2006-01-06,88.425
2006-01-05,88.319
2006-01-04,88.2759
2006-01-03,88.2273
2005-12-30,88.209
2005-12-29,88.2619
2005-12-28,88.2464
2005-12-27,88.235
2005-12-23,88.2382
2005-12-22,88.2276
2005-12-21,88.216
2005-12-20,88.2021
2005-12-19,88.1764
2005-12-16,88.1329
2005-12-15,88.0496
2005-12-14,87.912
2005-12-13,87.7528
2005-12-12,87.6268
2005-12-09,87.5331
2005-12-08,87.4289
2005-12-07,87.3032
2005-12-06,87.1691
2005-12-05,87.0092
2005-12-02,86.8536
2005-12-01,86.694
2005-11-30,86.522
2005-11-29,86.3506
2005-11-28,86.1431
2005-11-25,85.9191
2005-11-23,85.6046
2005-11-22,85.3378
2005-11-21,85.1086
2005-11-18,84.9066
2005-11-17,84.6628
2005-11-16,84.4201
2005-11-15,84.2909
2005-11-14,84.1021
2005-11-11,83.9426
2005-11-10,83.7653
2005-11-09,83.5595
2005-11-08,83.3892
2005-11-07,83.2568
2005-11-04,83.1304
2005-11-03,83.0433
2005-11-02,82.9364
2005-11-01,82.8626
2005-10-31,82.888
2005-10-28,82.974
2005-10-27,83.0868
2005-10-26,83.2457
2005-10-25,83.3258
2005-10-24,83.3895
2005-10-21,83.4459
2005-10-20,83.5612
2005-10-19,83.689
2005-10-18,83.7284
2005-10-17,83.8757
2005-10-14,84.0143
2005-10-13,84.1826
2005-10-12,84.3637
2005-10-11,84.5446
2005-10-10,84.7086
2005-10-07,84.8906
2005-10-06,85.0462
2005-10-05,85.1778
2005-10-04,85.3088
2005-10-03,85.377
2005-09-30,85.3476
2005-09-29,85.3105
2005-09-28,85.2898
2005-09-27,85.2504
2005-09-26,85.2375
2005-09-23,85.1912
2005-09-22,85.1786
2005-09-21,85.1543
2005-09-20,85.1827
2005-09-19,85.1794
2005-09-16,85.1398
2005-09-15,85.0763
2005-09-14,85.0434
2005-09-13,85.0087
2005-09-12,85.0142
2005-09-09,84.9695
2005-09-08,84.9424
2005-09-07,84.9365
2005-09-06,84.9185
2005-09-02,84.8821
2005-09-01,84.9032
2005-08-31,84.9459
2005-08-30,85.0201
2005-08-29,85.136
2005-08-26,85.2039
2005-08-25,85.3073
2005-08-24,85.4106
2005-08-23,85.5022
2005-08-22,85.5404
2005-08-19,85.5653
2005-08-18,85.6024
2005-08-17,85.6208
2005-08-16,85.6638
2005-08-15,85.6919
2005-08-12,85.6409
2005-08-11,85.6333
2005-08-10,85.6017
2005-08-09,85.5705
2005-08-08,85.5313
2005-08-05,85.5067
2005-08-04,85.4526
2005-08-03,85.3219
2005-08-02,85.1401
2005-08-01,85.0049
2005-07-29,84.862
2005-07-28,84.7038
2005-07-27,84.5394
2005-07-26,84.4132
2005-07-25,84.2679
2005-07-22,84.1219
2005-07-21,83.9942
2005-07-20,83.9543
2005-07-19,83.886
2005-07-18,83.8298
2005-07-15,83.7955
2005-07-14,83.7287
2005-07-13,83.6488
2005-07-12,83.5776
2005-07-11,83.5026
2005-07-08,83.4255
2005-07-07,83.3797
2005-07-06,83.3616
2005-07-05,83.3675
2005-07-01,83.3352
2005-06-30,83.3401
2005-06-29,83.3781
2005-06-28,83.3846
2005-06-27,83.3448
2005-06-24,83.3663
2005-06-23,83.3867
2005-06-22,83.3545
2005-06-21,83.2661
2005-06-20,83.1909
2005-06-17,83.0953
2005-06-16,83.007
2005-06-15,82.9168
2005-06-14,82.7955
2005-06-13,82.6553
2005-06-10,82.4874
2005-06-09,82.3406
2005-06-08,82.2287
2005-06-07,82.1144
2005-06-06,82.0346
2005-06-03,81.9327
2005-06-02,81.8397
2005-06-01,81.7271
2005-05-31,81.5924
2005-05-27,81.486
2005-05-26,81.3306
2005-05-25,81.1285
2005-05-24,80.9986
2005-05-23,80.8501
2005-05-20,80.7309
2005-05-19,80.6083
2005-05-18,80.495
2005-05-17,80.3226
2005-05-16,80.2476
2005-05-13,80.1682
2005-05-12,80.1139
2005-05-11,80.1077
2005-05-10,80.1098
2005-05-09,80.1823
2005-05-06,80.1917
2005-05-05,80.2231
2005-05-04,80.2846
2005-05-03,80.3226
2005-05-02,80.3775
2005-04-29,80.42
2005-04-28,80.478
2005-04-27,80.6079
2005-04-26,80.6953
2005-04-25,80.7413
2005-04-22,80.7751
2005-04-21,80.8293
2005-04-20,80.8635
2005-04-19,80.9706
2005-04-18,81.0635
2005-04-15,81.2031
2005-04-14,81.3669
2005-04-13,81.4665
2005-04-12,81.5483
2005-04-11,81.6161
2005-04-08,81.6793
2005-04-07,81.7747
2005-04-06,81.8181
2005-04-05,81.9304
2005-04-04,82.0726
2005-04-01,82.2321
2005-03-31,82.3466
2005-03-30,82.4411
2005-03-29,82.53
2005-03-28,82.6553
2005-03-24,82.7811
2005-03-23,82.8719
2005-03-22,82.9404
2005-03-21,82.983
2005-03-18,83.0458
2005-03-17,83.0879
2005-03-16,83.1515
2005-03-15,83.2207
2005-03-14,83.2393
2005-03-11,83.2265
2005-03-10,83.2042
2005-03-09,83.1377
2005-03-08,83.1116
2005-03-07,83.0338
2005-03-04,82.9458
2005-03-03,82.816
2005-03-02,82.7489
2005-03-01,82.6712
2005-02-28,82.5655
2005-02-25,82.4554
2005-02-24,82.3178
2005-02-23,82.2142
2005-02-22,82.1258
2005-02-18,82.0553
2005-02-17,81.9311
2005-02-16,81.8371
2005-02-15,81.7343
2005-02-14,81.6771
2005-02-11,81.5932
2005-02-10,81.4848
2005-02-09,81.4445
2005-02-08,81.4057
2005-02-07,81.364
2005-02-04,81.3079
2005-02-03,81.2522
2005-02-02,81.2195
2005-02-01,81.2044
2005-01-31,81.2522
2005-01-28,81.3454
2005-01-27,81.4728
2005-01-26,81.608
2005-01-25,81.7439
2005-01-24,81.8691
2005-01-21,82.0143
2005-01-20,82.1485
2005-01-19,82.248
2005-01-18,82.291
2005-01-14,82.2899
2005-01-13,82.3587
2005-01-12,82.4512
2005-01-11,82.5079
2005-01-10,82.5637
2005-01-07,82.5556
2005-01-06,82.5627
2005-01-05,82.5495
2005-01-04,82.5334
2005-01-03,82.5271
2004-12-31,82.4715
2004-12-30,82.3991
2004-12-29,82.3143
2004-12-28,82.1757
2004-12-27,82.0406
2004-12-23,81.9466
2004-12-22,81.8472
2004-12-21,81.7412
2004-12-20,81.6391
2004-12-17,81.5495
2004-12-16,81.506
2004-12-15,81.4297
2004-12-14,81.3269
2004-12-13,81.2564
2004-12-10,81.1903
2004-12-09,81.1281
2004-12-08,81.0395
2004-12-07,80.9623
2004-12-06,80.9166
2004-12-03,80.8387
2004-12-02,80.7344
2004-12-01,80.5739
2004-11-30,80.3679
2004-11-29,80.2065
2004-11-26,80.0372
2004-11-24,79.8501
2004-11-23,79.6483
2004-11-22,79.4103
2004-11-19,79.1211
2004-11-18,78.8556
2004-11-17,78.5875
2004-11-16,78.3004
2004-11-15,78.0447
2004-11-12,77.792
2004-11-11,77.5349
2004-11-10,77.2883
2004-11-09,77.1029
2004-11-08,76.9544
2004-11-05,76.8131
2004-11-04,76.6502
2004-11-03,76.5443
2004-11-02,76.5341
2004-11-01,76.5461
2004-10-29,76.5573
2004-10-28,76.5727
2004-10-27,76.5228
2004-10-26,76.4873
2004-10-25,76.4784
2004-10-22,76.5088
2004-10-21,76.559
2004-10-20,76.5491
2004-10-19,76.5843
2004-10-18,76.6601
2004-10-15,76.6871
2004-10-14,76.7516
2004-10-13,76.821
2004-10-12,76.8482
2004-10-11,76.8707
2004-10-08,76.8704
2004-10-07,76.8733
2004-10-06,76.8243
2004-10-05,76.7368
2004-10-04,76.6854
2004-10-01,76.6108
2004-09-30,76.5584
2004-09-29,76.5277
2004-09-28,76.4872
2004-09-27,76.446
2004-09-24,76.4542
2004-09-23,76.4262
2004-09-22,76.4157
2004-09-21,76.3592
2004-09-20,76.2494
2004-09-17,76.1659
2004-09-16,76.033
2004-09-15,75.9273
2004-09-14,75.795
2004-09-13,75.6127
2004-09-10,75.4006
2004-09-09,75.1938
2004-09-08,75.0469
2004-09-07,74.9041
2004-09-03,74.7049
2004-09-02,74.5257
2004-09-01,74.3835
2004-08-31,74.3454
2004-08-30,74.3148
2004-08-27,74.3332
2004-08-26,74.3125
2004-08-25,74.2944
2004-08-24,74.2604
2004-08-23,74.2407
2004-08-20,74.1914
2004-08-19,74.1397
2004-08-18,74.1455
2004-08-17,74.1302
2004-08-16,74.223
2004-08-13,74.289
2004-08-12,74.4087
2004-08-11,74.5386
2004-08-10,74.6528
2004-08-09,74.7712
2004-08-06,74.9337
2004-08-05,75.0996
2004-08-04,75.203
2004-08-03,75.2717
2004-08-02,75.3288
2004-07-30,75.3904
2004-07-29,75.4618
2004-07-28,75.5964
2004-07-27,75.7263
2004-07-26,75.8514
2004-07-23,76.0245
2004-07-22,76.2091
2004-07-21,76.3747
2004-07-20,76.5172
2004-07-19,76.5703
2004-07-16,76.6855
2004-07-15,76.7776
2004-07-14,76.8723
2004-07-13,76.9433
2004-07-12,76.9755
2004-07-09,77.0488
2004-07-08,77.1048
2004-07-07,77.207
2004-07-06,77.2771
2004-07-02,77.3003
2004-07-01,77.2596
2004-06-30,77.2521
2004-06-29,77.1763
2004-06-28,77.1263
2004-06-25,77.0927
2004-06-24,77.0244
2004-06-23,76.9242
2004-06-22,76.7583
2004-06-21,76.6101
2004-06-18,76.4749
2004-06-17,76.3131
2004-06-16,76.1715
2004-06-15,76.0055
2004-06-14,75.8707
2004-06-10,75.7612
2004-06-09,75.6291
2004-06-08,75.4922
2004-06-07,75.2879
2004-06-04,75.1273
2004-06-03,75.0877
2004-06-02,75.1111
2004-06-01,75.0748
2004-05-28,75.0558
2004-05-27,74.9915
2004-05-26,74.9562
2004-05-25,74.9759
2004-05-24,75.0589
2004-05-21,75.192
2004-05-20,75.3462
2004-05-19,75.5031
2004-05-18,75.6183
2004-05-17,75.6952
2004-05-14,75.8554
2004-05-13,75.9838
2004-05-12,76.0844
2004-05-11,76.184
2004-05-10,76.3013
2004-05-07,76.5042
2004-05-06,76.6536
2004-05-05,76.7492
2004-05-04,76.821
2004-05-03,76.9297
2004-04-30,77.0141
2004-04-29,77.1096
2004-04-28,77.1527
2004-04-27,77.1577
2004-04-26,77.0998
2004-04-23,76.9924
2004-04-22,76.8786
2004-04-21,76.7193
2004-04-20,76.6106
2004-04-19,76.5337
2004-04-16,76.4398
2004-04-15,76.4005
2004-04-14,76.3897
2004-04-13,76.322
2004-04-12,76.2406
2004-04-08,76.1512
2004-04-07,76.0278
2004-04-06,75.9448
2004-04-05,75.9175
2004-04-02,75.8932
2004-04-01,75.9382
2004-03-31,75.9991
2004-03-30,76.073
2004-03-29,76.1442
2004-03-26,76.2512
2004-03-25,76.3726
2004-03-24,76.4923
2004-03-23,76.6587
2004-03-22,76.812
2004-03-19,76.9656
2004-03-18,77.0813
2004-03-17,77.1542
2004-03-16,77.2427
2004-03-15,77.3905
2004-03-12,77.5232
2004-03-11,77.6268
2004-03-10,77.794
2004-03-09,77.8706
2004-03-08,77.8699
2004-03-05,77.8527
2004-03-04,77.7447
2004-03-03,77.6387
2004-03-02,77.5742
2004-03-01,77.5232
2004-02-27,77.4327
2004-02-26,77.3807
2004-02-25,77.3277
2004-02-24,77.3213
2004-02-23,77.3713
2004-02-20,77.3659
2004-02-19,77.3632
2004-02-18,77.3588
2004-02-17,77.3095
2004-02-13,77.244
2004-02-12,77.1984
2004-02-11,77.1258
2004-02-10,77.0073
2004-02-09,76.9523
2004-02-06,76.8818
2004-02-05,76.8456
2004-02-04,76.8372
2004-02-03,76.8271
2004-02-02,76.7818
2004-01-30,76.6893
2004-01-29,76.6151
2004-01-28,76.5374
2004-01-27,76.4628
2004-01-26,76.2947
2004-01-23,76.0837
2004-01-22,75.925
2004-01-21,75.7515
2004-01-20,75.5422
2004-01-16,75.3735
2004-01-15,75.1628
2004-01-14,74.9558
2004-01-13,74.7395
2004-01-12,74.5731
2004-01-09,74.3774
2004-01-08,74.1693
2004-01-07,73.9282
2004-01-06,73.7301
2004-01-05,73.5207
2004-01-02,73.3401
2003-12-31,73.1857
2003-12-30,73.0353
2003-12-29,72.8973
2003-12-26,72.7213
2003-12-24,72.592
2003-12-23,72.4526
2003-12-22,72.296
2003-12-19,72.0955
2003-12-18,71.9061
2003-12-17,71.7381
2003-12-16,71.5815
2003-12-15,71.473
2003-12-12,71.4011
2003-12-11,71.3413
2003-12-10,71.2875
2003-12-09,71.2344
2003-12-08,71.182
2003-12-05,71.1162
2003-12-04,71.101
2003-12-03,71.0419
2003-12-02,70.9949
2003-12-01,70.9498
2003-11-28,70.8726
2003-11-26,70.8373
2003-11-25,70.7973
2003-11-24,70.7654
2003-11-21,70.6995
2003-11-20,70.6783
2003-11-19,70.6639
2003-11-18,70.6242
2003-11-17,70.6585
2003-11-14,70.6622
2003-11-13,70.6219
2003-11-12,70.59
2003-11-11,70.5449
2003-11-10,70.549
2003-11-07,70.5396
2003-11-06,70.5046
2003-11-05,70.4334
2003-11-04,70.3716
2003-11-03,70.3212
2003-10-31,70.2496
2003-10-30,70.1854
2003-10-29,70.0863
2003-10-28,69.9821
2003-10-27,69.8111
2003-10-24,69.7204
2003-10-23,69.5984
2003-10-22,69.4953
2003-10-21,69.4136
2003-10-20,69.3491
2003-10-17,69.2654
2003-10-16,69.2456
2003-10-15,69.2049
2003-10-14,69.1374
2003-10-13,69.0673
2003-10-10,68.9597
2003-10-09,68.8752
2003-10-08,68.7941
2003-10-07,68.7124
2003-10-06,68.6568
2003-10-03,68.6373
2003-10-02,68.6052
2003-10-01,68.6241
2003-09-30,68.6538
2003-09-29,68.7363
2003-09-26,68.7403
2003-09-25,68.7545
2003-09-24,68.7369
2003-09-23,68.6903
2003-09-22,68.5763
2003-09-19,68.47
2003-09-18,68.3595
2003-09-17,68.2206
2003-09-16,68.1363
2003-09-15,68.0325
2003-09-12,67.9498
2003-09-11,67.8447
2003-09-10,67.737
2003-09-09,67.6563
2003-09-08,67.5107
2003-09-05,67.3299
2003-09-04,67.1683
2003-09-03,66.9531
2003-09-02,66.7208
2003-08-29,66.5772
2003-08-28,66.4791
2003-08-27,66.4332
2003-08-26,66.4004
2003-08-25,66.3767
2003-08-22,66.3743
2003-08-21,66.3897
2003-08-20,66.3134
2003-08-19,66.2729
2003-08-18,66.2163
2003-08-15,66.1427
2003-08-14,66.139
2003-08-13,66.1119
2003-08-12,66.1414
2003-08-11,66.1735
2003-08-08,66.2431
2003-08-07,66.3087
2003-08-06,66.3522
2003-08-05,66.4727
2003-08-04,66.6311
2003-08-01,66.7044
2003-07-31,66.7121
2003-07-30,66.7248
2003-07-29,66.7037
2003-07-28,66.6444
2003-07-25,66.5708
2003-07-24,66.5229
2003-07-23,66.4908
2003-07-22,66.4667
2003-07-21,66.4416
2003-07-18,66.4804
2003-07-17,66.4854
2003-07-16,66.5759
2003-07-15,66.6219
2003-07-14,66.6481
2003-07-11,66.5969
2003-07-10,66.5971
2003-07-09,66.6185
2003-07-08,66.562
2003-07-07,66.453
2003-07-03,66.3928
2003-07-02,66.4112
2003-07-01,66.3788
2003-06-30,66.3409
2003-06-27,66.3198
2003-06-26,66.2843
2003-06-25,66.1597
2003-06-24,66.0858
2003-06-23,65.9699
2003-06-20,65.8026
2003-06-19,65.5948
2003-06-18,65.349
2003-06-17,65.0452
2003-06-16,64.7447
2003-06-13,64.5182
2003-06-12,64.3698
2003-06-11,64.1664
2003-06-10,63.9799
2003-06-09,63.8342
2003-06-06,63.6835
2003-06-05,63.4563
2003-06-04,63.2476
2003-06-03,63.0725
2003-06-02,62.9151
2003-05-30,62.777
2003-05-29,62.6086
2003-05-28,62.4915
2003-05-27,62.3728
2003-05-23,62.2524
2003-05-22,62.1347
2003-05-21,62.061
2003-05-20,62.0453
2003-05-19,62.0079
2003-05-16,61.9079
2003-05-15,61.7308
2003-05-14,61.502
2003-05-13,61.3442
2003-05-12,61.1521
2003-05-09,60.8943
2003-05-08,60.6869
2003-05-07,60.5061
2003-05-06,60.3327
2003-05-05,60.1373
2003-05-02,59.9769
2003-05-01,59.7931
2003-04-30,59.667
2003-04-29,59.4713
2003-04-28,59.2255
2003-04-25,59.0561
2003-04-24,58.9533
2003-04-23,58.8106
2003-04-22,58.6552
2003-04-21,58.5001
2003-04-17,58.5008
2003-04-16,58.4422
2003-04-15,58.4209
2003-04-14,58.3264
2003-04-11,58.2427
2003-04-10,58.1309
2003-04-09,57.9982
2003-04-08,57.7884
2003-04-07,57.5221
2003-04-04,57.2869
2003-04-03,57.1126
2003-04-02,56.9366
2003-04-01,56.7699
2003-03-31,56.6493
2003-03-28,56.6166
2003-03-27,56.5451
2003-03-26,56.4403
2003-03-25,56.3013
2003-03-24,56.1885
2003-03-21,56.0811
2003-03-20,55.9202
2003-03-19,55.7933
2003-03-18,55.701
2003-03-17,55.6458
2003-03-14,55.5584
2003-03-13,55.4993
2003-03-12,55.4408
2003-03-11,55.5196
2003-03-10,55.6355
2003-03-07,55.7053
2003-03-06,55.7428
2003-03-05,55.8126
2003-03-04,55.8767
2003-03-03,55.9923
2003-02-28,56.0577
2003-02-27,56.0421
2003-02-26,56.1132
2003-02-25,56.1992
2003-02-24,56.2235
2003-02-21,56.3092
2003-02-20,56.4265
2003-02-19,56.554
2003-02-18,56.6892
2003-02-14,56.8563
2003-02-13,57.1178
2003-02-12,57.4516
2003-02-11,57.8247
2003-02-10,58.1436
2003-02-07,58.4442
2003-02-06,58.7561
2003-02-05,58.9867
2003-02-04,59.2485
2003-02-03,59.5003
2003-01-31,59.6703
2003-01-30,59.8368
2003-01-29,59.963
2003-01-28,60.0172
2003-01-27,60.0686
2003-01-24,60.2078
2003-01-23,60.3065
2003-01-22,60.35
2003-01-21,60.4105
2003-01-17,60.3932
2003-01-16,60.3503
2003-01-15,60.2968
2003-01-14,60.2573
2003-01-13,60.1104
2003-01-10,60.0208
2003-01-09,59.9305
2003-01-08,59.8459
2003-01-07,59.7688
2003-01-06,59.7308
2003-01-03,59.6653
2003-01-02,59.6871
2002-12-31,59.732
2002-12-30,59.9129
2002-12-27,60.0929
2002-12-26,60.307
2002-12-24,60.369
2002-12-23,60.4913
2002-12-20,60.5893
2002-12-19,60.7104
2002-12-18,60.8165
2002-12-17,60.835
2002-12-16,60.8228
2002-12-13,60.8145
2002-12-12,60.8605
2002-12-11,60.8036
2002-12-10,60.7435
2002-12-09,60.6628
2002-12-06,60.6678
2002-12-05,60.6258
2002-12-04,60.679
2002-12-03,60.6592
2002-12-02,60.6016
2002-11-29,60.474
2002-11-27,60.2935
2002-11-26,60.1332
2002-11-25,60.0297
2002-11-22,59.9018
2002-11-21,59.7953
2002-11-20,59.6059
2002-11-19,59.5342
2002-11-18,59.5064
2002-11-15,59.4961
2002-11-14,59.4049
2002-11-13,59.3236
2002-11-12,59.2409
2002-11-11,59.2323
2002-11-08,59.1123
2002-11-07,58.9308
2002-11-06,58.5959
2002-11-05,58.102
2002-11-04,57.7225
2002-11-01,57.3258
2002-10-31,57.0127
2002-10-30,56.8074
2002-10-29,56.5998
2002-10-28,56.5056
2002-10-25,56.2471
2002-10-24,56.0008
2002-10-23,55.9138
2002-10-22,55.7204
2002-10-21,55.4821
2002-10-18,55.2669
2002-10-17,55.125
2002-10-16,54.9945
2002-10-15,54.9949
2002-10-14,54.9532
2002-10-11,55.1138
2002-10-10,55.2828
2002-10-09,55.5611
2002-10-08,55.9785
2002-10-07,56.3395
2002-10-04,56.7073
2002-10-03,56.9982
2002-10-02,57.199
2002-10-01,57.397
2002-09-30,57.4686
2002-09-27,57.7853
2002-09-26,58.0822
2002-09-25,58.2792
2002-09-24,58.5896
2002-09-23,59.0036
2002-09-20,59.3514
2002-09-19,59.7447
2002-09-18,60.1084
2002-09-17,60.3533
2002-09-16,60.6024
2002-09-13,60.712
2002-09-12,60.838
2002-09-11,60.9292
2002-09-10,60.8581
2002-09-09,60.8226
2002-09-06,60.8433
2002-09-05,60.8746
2002-09-04,60.8522
2002-09-03,60.7551
2002-08-30,60.6067
2002-08-29,60.4424
2002-08-28,60.3319
2002-08-27,60.3009
2002-08-26,60.1949
2002-08-23,60.0143
2002-08-22,59.7181
2002-08-21,59.3007
2002-08-20,58.9377
2002-08-19,58.4625
2002-08-16,58.028
2002-08-15,57.748
2002-08-14,57.5604
2002-08-13,57.5117
2002-08-12,57.564
2002-08-09,57.6206
2002-08-08,57.639
2002-08-07,57.7022
2002-08-06,57.8345
2002-08-05,58.131
2002-08-02,58.6017
2002-08-01,59.0137
2002-07-31,59.2352
2002-07-30,59.3606
2002-07-29,59.5611
2002-07-26,59.8635
2002-07-25,60.3187
2002-07-24,60.7702
2002-07-23,61.1928
2002-07-22,61.8461
2002-07-19,62.4083
2002-07-18,62.9395
2002-07-17,63.412
2002-07-16,63.8681
2002-07-15,64.3022
2002-07-12,64.5885
2002-07-11,64.8959
2002-07-10,65.2035
2002-07-09,65.5155
2002-07-08,65.7713
2002-07-05,65.9327
2002-07-03,66.0572
2002-07-02,66.3772
2002-07-01,66.683
2002-06-28,66.9123
2002-06-27,67.1717
2002-06-26,67.4083
2002-06-25,67.7111
2002-06-24,68.0454
2002-06-21,68.3253
2002-06-20,68.6685
2002-06-19,68.922
2002-06-18,69.1247
2002-06-17,69.2798
2002-06-14,69.5022
2002-06-13,69.796
2002-06-12,70.0663
2002-06-11,70.3168
2002-06-10,70.5106
2002-06-07,70.5756
2002-06-06,70.7202
2002-06-05,70.9022
2002-06-04,70.8855
2002-06-03,70.913
2002-05-31,71.0183
2002-05-30,71.0688
2002-05-29,71.1403
2002-05-28,71.1587
2002-05-24,71.118
2002-05-23,71.0754
2002-05-22,71.0547
2002-05-21,71.0701
2002-05-20,71.1298
2002-05-17,71.1724
2002-05-16,71.2374
2002-05-15,71.3066
2002-05-14,71.4105
2002-05-13,71.5082
2002-05-10,71.5968
2002-05-09,71.7837
2002-05-08,71.8769
2002-05-07,72.0212
2002-05-06,72.252
2002-05-03,72.4967
2002-05-02,72.6643
2002-05-01,72.7925
2002-04-30,72.9224
2002-04-29,73.1218
2002-04-26,73.3746
2002-04-25,73.6084
2002-04-24,73.7757
2002-04-23,73.9351
2002-04-22,74.0364
2002-04-19,74.1689
2002-04-18,74.2479
2002-04-17,74.3388
2002-04-16,74.486
2002-04-15,74.5998
2002-04-12,74.7992
2002-04-11,74.9347
2002-04-10,75.1027
2002-04-09,75.2151
2002-04-08,75.3715
2002-04-05,75.4938
2002-04-04,75.608
2002-04-03,75.7309
2002-04-02,75.7937
2002-04-01,75.8423
2002-03-28,75.8045
2002-03-27,75.6837
2002-03-26,75.5776
2002-03-25,75.4672
2002-03-22,75.386
2002-03-21,75.1988
2002-03-20,74.9595
2002-03-19,74.7967
2002-03-18,74.5017
2002-03-15,74.3018
2002-03-14,74.1409
2002-03-13,74.0228
2002-03-12,73.861
2002-03-11,73.6736
2002-03-08,73.4397
2002-03-07,73.1464
2002-03-06,72.8913
2002-03-05,72.6434
2002-03-04,72.4626
2002-03-01,72.3612
2002-02-28,72.3429
2002-02-27,72.3665
2002-02-26,72.3217
2002-02-25,72.408
2002-02-22,72.4767
2002-02-21,72.6055
2002-02-20,72.7667
2002-02-19,72.8249
2002-02-15,72.9685
2002-02-14,73.0594
2002-02-13,73.0843
2002-02-12,73.1785
2002-02-11,73.2808
2002-02-08,73.3953
2002-02-07,73.5912
2002-02-06,73.8381
2002-02-05,74.0938
2002-02-04,74.343
2002-02-01,74.5971
2002-01-31,74.7341
2002-01-30,74.811
2002-01-29,74.8904
2002-01-28,75.0775
2002-01-25,75.1494
2002-01-24,75.2086
2002-01-23,75.2462
2002-01-22,75.3025
2002-01-18,75.3643
2002-01-17,75.4377
2002-01-16,75.4677
2002-01-15,75.5034
2002-01-14,75.4248
2002-01-11,75.3416
2002-01-10,75.3073
2002-01-09,75.2315
2002-01-08,75.1798
2002-01-07,75.1682
2002-01-04,75.1731
2002-01-03,75.1528
2002-01-02,75.0893
2001-12-31,75.006
2001-12-28,74.9852
2001-12-27,74.9354
2001-12-26,74.8338
2001-12-24,74.8233
2001-12-21,74.8496
2001-12-20,74.8606
2001-12-19,74.8407
2001-12-18,74.8085
2001-12-17,74.8342
2001-12-14,74.8362
2001-12-13,74.8929
2001-12-12,74.9776
2001-12-11,74.9864
2001-12-10,74.9173
2001-12-07,74.8632
2001-12-06,74.7342
2001-12-05,74.5683
2001-12-04,74.4053
2001-12-03,74.2551
2001-11-30,74.1208
2001-11-29,73.9402
2001-11-28,73.6446
2001-11-27,73.4106
2001-11-26,73.1506
2001-11-23,72.9677
2001-11-21,72.8012
2001-11-20,72.6245
2001-11-19,72.4326
2001-11-16,72.2273
2001-11-15,71.9988
2001-11-14,71.756
2001-11-13,71.5275
2001-11-12,71.3789
2001-11-09,71.2899
2001-11-08,71.185
2001-11-07,71.1003
2001-11-06,70.9722
2001-11-05,70.7623
2001-11-02,70.627
2001-11-01,70.5612
2001-10-31,70.5263
2001-10-30,70.5769
2001-10-29,70.558
2001-10-26,70.4543
2001-10-25,70.2627
2001-10-24,69.9922
2001-10-23,69.7565
2001-10-22,69.5232
2001-10-19,69.2374
2001-10-18,68.9092
2001-10-17,68.6132
2001-10-16,68.4148
2001-10-15,68.2084
2001-10-12,68.0326
2001-10-11,68.037
2001-10-10,67.9819
2001-10-09,68.0481
2001-10-08,68.2864
2001-10-05,68.4969
2001-10-04,68.7084
2001-10-03,68.8861
2001-10-02,69.1388
2001-10-01,69.4829
2001-09-28,69.9259
2001-09-27,70.3864
2001-09-26,70.8391
2001-09-25,71.3341
2001-09-24,71.7784
2001-09-21,72.3222
2001-09-20,72.9423
2001-09-19,73.5897
2001-09-18,74.1186
2001-09-17,74.6128
2001-09-10,75.1004
2001-09-07,75.4004
2001-09-06,75.7303
2001-09-05,75.9823
2001-09-04,76.2118
2001-08-31,76.4352
2001-08-30,76.6881
2001-08-29,76.9897
2001-08-28,77.2031
2001-08-27,77.3579
2001-08-24,77.4404
2001-08-23,77.4985
2001-08-22,77.6203
2001-08-21,77.6878
2001-08-20,77.7521
2001-08-17,77.7885
2001-08-16,77.9375
2001-08-15,78.0485
2001-08-14,78.1385
2001-08-13,78.2219
2001-08-10,78.267
2001-08-09,78.3628
2001-08-08,78.4378
2001-08-07,78.4329
2001-08-06,78.3514
2001-08-03,78.332
2001-08-02,78.2381
2001-08-01,78.2079
2001-07-31,78.2725
2001-07-30,78.3628
2001-07-27,78.4196
2001-07-26,78.4631
2001-07-25,78.4998
2001-07-24,78.5794
2001-07-23,78.7066
2001-07-20,78.8333
2001-07-19,78.9138
2001-07-18,78.9255
2001-07-17,78.9508
2001-07-16,78.932
2001-07-13,78.969
2001-07-12,78.95
2001-07-11,79.0557
2001-07-10,79.2876
2001-07-09,79.5305
2001-07-06,79.7559
2001-07-05,80.0408
2001-07-03,80.2255
2001-07-02,80.3662
2001-06-29,80.4587
2001-06-28,80.5812
2001-06-27,80.6929
2001-06-26,80.8054
2001-06-25,80.9733
2001-06-22,81.1686
2001-06-21,81.3768
2001-06-20,81.5412
2001-06-19,81.823
2001-06-18,82.131
2001-06-15,82.3944
2001-06-14,82.6195
2001-06-13,82.8445
2001-06-12,82.8827
2001-06-11,82.8672
2001-06-08,82.8364
2001-06-07,82.8047
2001-06-06,82.7224
2001-06-05,82.6723
2001-06-04,82.5894
2001-06-01,82.5894
2001-05-31,82.5402
2001-05-30,82.5683
2001-05-29,82.625
2001-05-25,82.6114
2001-05-24,82.5363
2001-05-23,82.3449
2001-05-22,82.1481
2001-05-21,81.8276
2001-05-18,81.5229
2001-05-17,81.3533
2001-05-16,81.24
2001-05-15,81.0797
2001-05-14,80.8621
2001-05-11,80.6096
2001-05-10,80.4056
2001-05-09,80.1049
2001-05-08,79.8135
2001-05-07,79.4373
2001-05-04,79.0183
2001-05-03,78.6204
2001-05-02,78.1555
2001-05-01,77.6236
2001-04-30,77.2076
2001-04-27,76.8848
2001-04-26,76.5513
2001-04-25,76.2703
2001-04-24,76.1129
2001-04-23,75.9304
2001-04-20,75.6791
2001-04-19,75.2459
2001-04-18,74.8124
2001-04-17,74.4951
2001-04-16,74.4333
2001-04-12,74.3494
2001-04-11,74.3011
2001-04-10,74.3205
2001-04-09,74.419
2001-04-06,74.5225
2001-04-05,74.8373
2001-04-04,75.2168
2001-04-03,75.7277
2001-04-02,76.2246
2001-03-30,76.5547
2001-03-29,76.7678
2001-03-28,77.0521
2001-03-27,77.3296
2001-03-26,77.5816
2001-03-23,77.9484
2001-03-22,78.2766
2001-03-21,78.7411
2001-03-20,79.1625
2001-03-19,79.6105
2001-03-16,80.0215
2001-03-15,80.6031
2001-03-14,81.0674
2001-03-13,81.5391
2001-03-12,81.9695
2001-03-09,82.4138
2001-03-08,82.7289
2001-03-07,82.9733
2001-03-06,83.2449
2001-03-05,83.5584
2001-03-02,83.8832
2001-03-01,84.3455
2001-02-28,84.7465
2001-02-27,85.1937
2001-02-26,85.5218
2001-02-23,85.7883
2001-02-22,86.1457
2001-02-21,86.4869
2001-02-20,86.821
2001-02-16,87.0314
2001-02-15,87.1481
2001-02-14,87.1946
2001-02-13,87.2396
2001-02-12,87.2585
2001-02-09,87.2149
2001-02-08,87.2281
2001-02-07,87.196
2001-02-06,87.0395
2001-02-05,86.8715
2001-02-02,86.6584
2001-02-01,86.6179
2001-01-31,86.5233
2001-01-30,86.2583
2001-01-29,86.0448
2001-01-26,85.9518
2001-01-25,85.869
2001-01-24,85.75
2001-01-23,85.5744
2001-01-22,85.2889
2001-01-19,85.0094
2001-01-18,84.8803
2001-01-17,84.8137
2001-01-16,84.7335
2001-01-12,84.7703
2001-01-11,84.8902
2001-01-10,85.0629
2001-01-09,85.2588
2001-01-08,85.3784
2001-01-05,85.4769
2001-01-04,85.6675
2001-01-03,85.7883
2001-01-02,85.7214
2000-12-29,85.818
2000-12-28,85.8399
2000-12-27,85.8173
2000-12-26,85.8159
2000-12-22,85.9212
2000-12-21,86.0337
2000-12-20,86.1823
2000-12-19,86.4633
2000-12-18,86.6005
2000-12-15,86.7133
2000-12-14,86.9062
2000-12-13,87.0722
2000-12-12,87.1683
2000-12-11,87.0888
2000-12-08,87.0244
2000-12-07,87.2196
2000-12-06,87.4419
2000-12-05,87.7069
2000-12-04,87.902
2000-12-01,88.2058
2000-11-30,88.5432
2000-11-29,88.8711
2000-11-28,89.1774
2000-11-27,89.3977
2000-11-24,89.5023
2000-11-22,89.5616
2000-11-21,89.6959
2000-11-20,89.8317
2000-11-17,90.0197
2000-11-16,90.1249
2000-11-15,90.1872
2000-11-14,90.0162
2000-11-13,89.8754
2000-11-10,89.9599
2000-11-09,89.9901
2000-11-08,89.7678
2000-11-07,89.638
2000-11-06,89.4429
2000-11-03,89.3212
2000-11-02,89.2659
2000-11-01,89.3137
2000-10-31,89.3529
2000-10-30,89.3383
2000-10-27,89.4449
2000-10-26,89.5847
2000-10-25,89.8523
2000-10-24,90.0726
2000-10-23,90.1631
2000-10-20,90.2828
2000-10-19,90.4558
2000-10-18,90.5644
2000-10-17,90.9069
2000-10-16,91.268
2000-10-13,91.4762
2000-10-12,91.7477
2000-10-11,92.267
2000-10-10,92.6525
2000-10-09,92.9882
2000-10-06,93.2847
2000-10-05,93.5539
2000-10-04,93.7557
2000-10-03,93.9325
2000-10-02,94.2026
2000-09-29,94.4686
2000-09-28,94.7367
2000-09-27,94.8963
2000-09-26,95.1619
2000-09-25,95.4506
2000-09-22,95.6634
2000-09-21,95.845
2000-09-20,96.0951
2000-09-19,96.2552
2000-09-18,96.3886
2000-09-15,96.5382
2000-09-14,96.6606
2000-09-13,96.628
2000-09-12,96.6365
2000-09-11,96.6616
2000-09-08,96.5914
2000-09-07,96.492
2000-09-06,96.3827
2000-09-05,96.3546
2000-09-01,96.2533
2000-08-31,96.0566
2000-08-30,95.8399
2000-08-29,95.6553
2000-08-28,95.401
2000-08-25,95.1196
2000-08-24,94.8257
2000-08-23,94.6351
2000-08-22,94.4755
2000-08-21,94.3812
2000-08-18,94.2639
2000-08-17,94.1997
2000-08-16,94.2137
2000-08-15,94.2117
2000-08-14,94.2313
2000-08-11,94.2864
2000-08-10,94.4098
2000-08-09,94.5081
2000-08-08,94.5623
2000-08-07,94.5453
2000-08-04,94.5362
2000-08-03,94.5914
2000-08-02,94.5964
2000-08-01,94.5974
2000-07-31,94.7068
2000-07-28,94.78
2000-07-27,94.8472
2000-07-26,94.8533
2000-07-25,94.8302
2000-07-24,94.7956
2000-07-21,94.7163
2000-07-20,94.6501
2000-07-19,94.5618
2000-07-18,94.5418
2000-07-17,94.5001
2000-07-14,94.3587
2000-07-13,94.2481
2000-07-12,94.1746
2000-07-11,94.1142
2000-07-10,93.9978
2000-07-07,93.9466
2000-07-06,93.8973
2000-07-05,93.9417
2000-07-03,93.9897
2000-06-30,93.9735
2000-06-29,94.0445
2000-06-28,94.0696
2000-06-27,93.9704
2000-06-26,93.8743
2000-06-23,93.5995
2000-06-22,93.3793
2000-06-21,93.1961
2000-06-20,92.8685
2000-06-19,92.6051
2000-06-16,92.3586
2000-06-15,92.2443
2000-06-14,92.1482
2000-06-13,92.1112
2000-06-12,92.0371
2000-06-09,91.9711
2000-06-08,91.8009
2000-06-07,91.5197
2000-06-06,91.322
2000-06-05,91.1934
2000-06-02,91.0783
2000-06-01,90.8852
2000-05-31,90.739
2000-05-30,90.7811
2000-05-26,90.9272
2000-05-25,91.1544
2000-05-24,91.4156
2000-05-23,91.6153
2000-05-22,91.9406
2000-05-19,92.0106
2000-05-18,92.0967
2000-05-17,92.0887
2000-05-16,92.0667
2000-05-15,91.8765
2000-05-12,91.5793
2000-05-11,91.6253
2000-05-10,91.7854
2000-05-09,92.1788
2000-05-08,92.484
2000-05-05,92.7718
2000-05-04,92.9945
2000-05-03,93.2307
2000-05-02,93.5309
2000-05-01,93.7591
2000-04-28,93.8652
2000-04-27,93.9803
2000-04-26,94.1474
2000-04-25,94.2941
2000-04-24,94.4152
2000-04-20,94.7775
2000-04-19,95.0607
2000-04-18,95.2839
2000-04-17,95.435
2000-04-14,95.6092
2000-04-13,95.9595
2000-04-12,96.0148
2000-04-11,95.7963
2000-04-10,95.3439
2000-04-07,94.9404
2000-04-06,94.5668
2000-04-05,94.2477
2000-04-04,93.8423
2000-04-03,93.4124
2000-03-31,93.0328
2000-03-30,92.7252
2000-03-29,92.3887
2000-03-28,91.9682
2000-03-27,91.5208
2000-03-24,91.0034
2000-03-23,90.3446
2000-03-22,89.7303
2000-03-21,89.2859
2000-03-20,88.8196
2000-03-17,88.4604
2000-03-16,88.172
2000-03-15,87.9374
2000-03-14,87.9778
2000-03-13,88.0697
2000-03-10,88.0727
2000-03-09,88.1186
2000-03-08,88.1316
2000-03-07,88.3692
2000-03-06,88.5394
2000-03-03,88.6302
2000-03-02,88.6961
2000-03-01,88.777
2000-02-29,88.8569
2000-02-28,88.9248
2000-02-25,88.9168
2000-02-24,89.1379
2000-02-23,89.3615
2000-02-22,89.5332
2000-02-18,89.705
2000-02-17,89.9965
2000-02-16,90.2031
2000-02-15,90.4587
2000-02-14,90.61
2000-02-11,90.8486
2000-02-10,91.0502
2000-02-09,91.0981
2000-02-08,91.201
2000-02-07,91.2629
2000-02-04,91.3707
2000-02-03,91.2159
2000-02-02,91.1141
2000-02-01,91.0722
2000-01-31,91.2159
2000-01-28,91.4496
2000-01-27,91.7935
2000-01-26,92.0031
2000-01-25,92.1748
2000-01-24,92.3136
2000-01-21,92.5098
2000-01-20,92.5018
2000-01-19,92.4718
2000-01-18,92.3011
2000-01-14,92.2013
2000-01-13,92.0355
2000-01-12,91.9127
2000-01-11,91.8279
2000-01-10,91.741
2000-01-07,91.5902
2000-01-06,91.4405
2000-01-05,91.5244
2000-01-04,91.5653
2000-01-03,91.6511
1999-12-31,91.589
1999-12-30,91.3983
1999-12-29,91.1883
1999-12-28,90.9369
1999-12-27,90.7582
1999-12-23,90.5925
1999-12-22,90.4372
1999-12-21,90.3314
1999-12-20,90.2774
1999-12-17,90.2933
1999-12-16,90.2802
1999-12-15,90.2643
1999-12-14,90.2563
1999-12-13,90.2349
1999-12-10,90.1592
1999-12-09,90.0517
1999-12-08,89.9341
1999-12-07,89.8062
1999-12-06,89.6906
1999-12-03,89.5343
1999-12-02,89.3012
1999-12-01,89.118
1999-11-30,88.9328
1999-11-29,88.8142
