date,EMA
2024-10-04,565.3848
2024-10-03,564.5853
2024-10-02,564.2448
2024-10-01,563.759
2024-09-30,563.2473
2024-09-27,562.1407
2024-09-26,561.1587
2024-09-25,559.9859
2024-09-24,558.9276
2024-09-23,557.6252
2024-09-20,556.3574
2024-09-19,555.1055
2024-09-18,553.6186
2024-09-17,552.9804
2024-09-16,552.0999
2024-09-13,551.1508
2024-09-12,550.1889
2024-09-11,549.4321
2024-09-10,549.0858
2024-09-09,549.2939
2024-09-06,549.7736
2024-09-05,550.9386
2024-09-04,551.2557
2024-09-03,551.4654
2024-08-30,551.5787
2024-08-29,550.4866
2024-08-28,549.8389
2024-08-27,549.1282
2024-08-26,548.0006
2024-08-23,546.8351
2024-08-22,545.4063
2024-08-21,544.4474
2024-08-20,542.9257
2024-08-19,541.4453
2024-08-16,539.7137
2024-08-15,538.3559
2024-08-14,536.9853
2024-08-13,536.4485
2024-08-12,536.0347
2024-08-09,536.4976
2024-08-08,537.0386
2024-08-07,537.8822
2024-08-06,540.0728
2024-08-05,542.1277
2024-08-02,544.8995
2024-08-01,546.3344
2024-07-31,546.8594
2024-07-30,546.6211
2024-07-29,547.2822
2024-07-26,547.7233
2024-07-25,548.2444
2024-07-24,549.4532
2024-07-23,550.4932
2024-07-22,550.3258
2024-07-19,550.0494
2024-07-18,550.3379
2024-07-17,550.2716
2024-07-16,549.7492
2024-07-15,548.3407
2024-07-12,547.1333
2024-07-11,545.9605
2024-07-10,545.0326
2024-07-09,543.499
2024-07-08,542.3813
2024-07-05,541.2025
2024-07-03,539.9668
2024-07-02,538.9348
2024-07-01,538.0512
2024-06-28,537.4597
2024-06-27,536.9236
2024-06-26,536.1053
2024-06-25,535.2912
2024-06-24,534.4627
2024-06-21,533.7664
2024-06-20,532.811
2024-06-18,531.6786
2024-06-17,530.2712
2024-06-14,528.8609
2024-06-13,527.7541
2024-06-12,526.5654
2024-06-11,525.3655
2024-06-10,524.5006
2024-06-07,523.6796
2024-06-06,522.9448
2024-06-05,522.0646
2024-06-04,521.0908
2024-06-03,520.6713
2024-05-31,520.2694
2024-05-30,519.8702
2024-05-29,519.9269
2024-05-28,519.6244
2024-05-24,518.9021
2024-05-23,518.1424
2024-05-22,517.6668
2024-05-21,516.7363
2024-05-20,515.5478
2024-05-17,514.3702
2024-05-16,513.1324
2024-05-15,511.8438
2024-05-14,510.3056
2024-05-13,509.2833
2024-05-10,508.4034
2024-05-09,507.4381
2024-05-08,506.4414
2024-05-07,505.6514
2024-05-06,504.7836
2024-05-03,503.884
2024-05-02,503.442
2024-05-01,503.6083
2024-04-30,504.2816
2024-04-29,504.8553
2024-04-26,504.6443
2024-04-25,504.5992
2024-04-24,505.0484
2024-04-23,505.3441
2024-04-22,505.6458
2024-04-19,506.5995
2024-04-18,508.1306
2024-04-17,509.3668
2024-04-16,510.6253
2024-04-15,511.7047
2024-04-12,512.8014
2024-04-11,513.3441
2024-04-10,513.1961
2024-04-09,513.4383
2024-04-08,513.162
2024-04-05,512.9195
2024-04-04,512.6817
2024-04-03,512.9796
2024-04-02,512.6457
2024-04-01,512.3362
2024-03-28,511.6469
2024-03-27,510.7898
2024-03-26,509.8321
2024-03-25,509.2296
2024-03-22,508.4632
2024-03-21,507.4656
2024-03-20,506.2594
2024-03-19,505.1062
2024-03-18,504.3305
2024-03-15,503.7713
2024-03-14,503.4702
2024-03-13,502.7697
2024-03-12,501.8892
2024-03-11,500.8316
2024-03-08,500.2361
2024-03-07,499.5321
2024-03-06,498.4318
2024-03-05,497.7432
2024-03-04,497.2502
2024-03-01,496.1714
2024-02-29,494.9217
2024-02-28,494.0378
2024-02-27,493.2507
2024-02-26,492.3108
2024-02-23,491.37
2024-02-22,490.1363
2024-02-21,488.8092
2024-02-20,488.4154
2024-02-16,488.0271
2024-02-15,487.3111
2024-02-14,486.259
2024-02-13,485.455
2024-02-12,485.0345
2024-02-09,483.8502
2024-02-08,482.5184
2024-02-07,481.3466
2024-02-06,480.0745
2024-02-05,479.0981
2024-02-02,478.168
2024-02-01,476.9522
2024-01-31,476.1456
2024-01-30,475.9131
2024-01-29,474.8208
2024-01-26,473.5739
2024-01-25,472.5983
2024-01-24,471.4554
2024-01-23,470.4674
2024-01-22,469.4307
2024-01-19,468.4319
2024-01-18,467.4343
2024-01-17,466.9512
2024-01-16,466.8551
2024-01-12,466.4736
2024-01-11,465.8695
2024-01-10,465.2362
2024-01-09,464.5143
2024-01-08,463.996
2024-01-05,463.3479
2024-01-04,463.3283
2024-01-03,463.3733
2024-01-02,463.2655
2023-12-29,462.744
2023-12-28,461.8901
2023-12-27,460.8025
2023-12-26,459.6191
2023-12-22,458.4009
2023-12-21,457.2629
2023-12-20,456.1043
2023-12-19,455.2867
2023-12-18,453.6969
2023-12-15,452.239
2023-12-14,450.9029
2023-12-13,449.3458
2023-12-12,447.7816
2023-12-11,446.7175
2023-12-08,445.7605
2023-12-07,444.8886
2023-12-06,444.1296
2023-12-05,443.651
2023-12-04,442.931
2023-12-01,442.1258
2023-11-30,440.9856
2023-11-29,440.0057
2023-11-28,439.1086
2023-11-27,438.0839
2023-11-24,436.998
2023-11-22,435.7127
2023-11-21,434.3211
2023-11-20,432.9648
2023-11-17,431.363
2023-11-16,429.9528
2023-11-15,428.4524
2023-11-14,426.8512
2023-11-13,425.1801
2023-11-10,424.2201
2023-11-09,423.1153
2023-11-08,422.5973
2023-11-07,421.6707
2023-11-06,420.6798
2023-11-03,419.7134
2023-11-02,418.749
2023-11-01,418.0913
2023-10-31,418.2056
2023-10-30,418.7952
2023-10-27,419.7178
2023-10-26,421.2475
2023-10-25,422.744
2023-10-24,423.8788
2023-10-23,424.5016
2023-10-20,425.5191
2023-10-19,426.568
2023-10-18,427.183
2023-10-17,427.4702
2023-10-16,427.1843
2023-10-13,426.8662
2023-10-12,426.9861
2023-10-11,426.8943
2023-10-10,426.5165
2023-10-09,426.2839
2023-10-06,426.2605
2023-10-05,426.5201
2023-10-04,427.3306
2023-10-03,428.2098
2023-10-02,429.5003
2023-09-29,430.3326
2023-09-28,431.2349
2023-09-27,432.1241
2023-09-26,433.3635
2023-09-25,434.751
2023-09-22,435.6251
2023-09-21,436.7791
2023-09-20,437.9539
2023-09-19,438.4994
2023-09-18,438.6796
2023-09-15,438.7833
2023-09-14,438.9249
2023-09-13,438.5218
2023-09-12,438.4748
2023-09-11,438.4766
2023-09-08,438.224
2023-09-07,438.248
2023-09-06,438.3439
2023-09-05,438.3081
2023-09-01,437.9561
2023-08-31,437.3651
2023-08-30,436.7989
2023-08-29,436.1048
2023-08-28,435.5291
2023-08-25,435.5551
2023-08-24,435.8726
2023-08-23,436.5422
2023-08-22,436.6469
2023-08-21,437.2676
2023-08-18,437.8305
2023-08-17,438.7465
2023-08-16,439.7807
2023-08-15,440.5772
2023-08-14,441.1211
2023-08-11,441.182
2023-08-10,441.504
2023-08-09,441.8329
2023-08-08,442.2131
2023-08-07,442.3227
2023-08-04,442.2411
2023-08-03,442.5545
2023-08-02,442.6909
2023-08-01,442.708
2023-07-31,442.0699
2023-07-28,441.229
2023-07-27,440.3896
2023-07-26,439.9203
2023-07-25,439.0891
2023-07-24,438.1776
2023-07-21,437.2985
2023-07-20,436.5359
2023-07-19,435.693
2023-07-18,434.4489
2023-07-17,433.1784
2023-07-14,432.1208
2023-07-13,431.1132
2023-07-12,429.9707
2023-07-11,429.0742
2023-07-10,428.4518
2023-07-07,428.0536
2023-07-06,427.7284
2023-07-05,427.2541
2023-07-03,426.3707
2023-06-30,425.3261
2023-06-29,424.2242
2023-06-28,423.5414
2023-06-27,422.9648
2023-06-26,422.3502
2023-06-23,422.1603
2023-06-22,421.7674
2023-06-21,420.9915
2023-06-20,420.2965
2023-06-16,419.2965
2023-06-15,417.9553
2023-06-14,416.3181
2023-06-13,415.0674
2023-06-12,413.7386
2023-06-09,412.5648
2023-06-08,411.6696
2023-06-07,410.7595
2023-06-06,410.0196
2023-06-05,409.0493
2023-06-02,408.0726
2023-06-01,406.9087
2023-05-31,406.2511
2023-05-30,405.9336
2023-05-26,405.3425
2023-05-25,404.7057
2023-05-24,404.5554
2023-05-23,404.7564
2023-05-22,404.6693
2023-05-19,404.0884
2023-05-18,403.4639
2023-05-17,402.7107
2023-05-16,402.2907
2023-05-15,402.3399
2023-05-12,402.1098
2023-05-11,402.0018
2023-05-10,401.8267
2023-05-09,401.559
2023-05-08,401.4611
2023-05-05,401.1663
2023-05-04,400.8517
2023-05-03,401.2773
2023-05-02,401.4498
2023-05-01,401.3497
2023-04-28,400.7575
2023-04-27,400.0597
2023-04-26,399.6514
2023-04-25,400.03
2023-04-24,400.2712
2023-04-21,399.8624
2023-04-20,399.455
2023-04-19,399.0376
2023-04-18,398.3434
2023-04-17,397.5688
2023-04-14,396.7405
2023-04-13,395.9776
2023-04-12,395.0303
2023-04-11,394.5421
2023-04-10,393.8303
2023-04-06,393.0549
2023-04-05,392.2412
2023-04-04,391.5058
2023-04-03,390.5827
2023-03-31,389.3273
2023-03-30,388.1006
2023-03-29,387.3314
2023-03-28,386.7236
2023-03-27,386.6446
2023-03-24,386.4655
2023-03-23,386.3438
2023-03-22,386.4754
2023-03-21,386.7301
2023-03-20,386.3105
2023-03-17,386.3798
2023-03-16,386.8429
2023-03-15,386.881
2023-03-14,387.6246
2023-03-13,388.1948
2023-03-10,389.4793
2023-03-09,390.8425
2023-03-08,391.7689
2023-03-07,392.0369
2023-03-06,392.3999
2023-03-03,392.1644
2023-03-02,391.9328
2023-03-01,392.332
2023-02-28,393.0886
2023-02-27,393.7688
2023-02-24,394.3695
2023-02-23,395.1722
2023-02-22,395.6197
2023-02-21,396.3321
2023-02-17,397.063
2023-02-16,397.0317
2023-02-15,396.8924
2023-02-14,396.1531
2023-02-13,395.4735
2023-02-10,394.7028
2023-02-09,394.343
2023-02-08,394.0429
2023-02-07,393.3455
2023-02-06,392.1085
2023-02-03,391.2918
2023-02-02,390.1303
2023-02-01,388.3915
2023-01-31,387.0839
2023-01-30,386.0823
2023-01-27,385.5802
2023-01-26,384.5025
2023-01-25,383.4069
2023-01-24,382.6478
2023-01-23,381.8243
2023-01-20,380.8699
2023-01-19,380.3028
2023-01-18,380.4197
2023-01-17,380.2561
2023-01-13,379.4304
2023-01-12,378.4428
2023-01-11,377.5093
2023-01-10,376.6256
2023-01-09,376.1561
2023-01-06,375.9166
2023-01-05,375.6292
2023-01-04,376.2052
2023-01-03,376.3919
2022-12-30,376.9002
2022-12-29,377.2967
2022-12-28,377.6312
2022-12-27,378.6973
2022-12-23,379.3887
2022-12-22,379.9979
2022-12-21,380.896
2022-12-20,381.3229
2022-12-19,382.379
2022-12-16,383.5997
2022-12-15,384.6152
2022-12-14,385.2694
2022-12-13,384.9937
2022-12-12,384.4263
2022-12-09,384.1079
2022-12-08,384.3357
2022-12-07,384.2848
2022-12-06,384.5434
2022-12-05,384.7607
2022-12-02,384.4121
2022-12-01,383.2784
2022-11-30,381.9774
2022-11-29,380.5087
2022-11-28,380.1582
2022-11-25,379.7013
2022-11-23,378.54
2022-11-22,377.2473
2022-11-21,376.0761
2022-11-18,375.3244
2022-11-17,374.3464
2022-11-16,373.4485
2022-11-15,372.3323
2022-11-14,370.7879
2022-11-11,369.4254
2022-11-10,367.5729
2022-11-09,365.916
2022-11-08,366.1865
2022-11-07,365.6809
2022-11-04,365.3316
2022-11-03,365.3136
2022-11-02,365.8396
2022-11-01,366.0264
2022-10-31,365.2463
2022-10-28,364.2114
2022-10-27,362.7802
2022-10-26,362.1226
2022-10-25,361.1872
2022-10-24,359.8568
2022-10-21,359.0049
2022-10-20,358.5315
2022-10-19,358.9161
2022-10-18,359.0253
2022-10-17,358.8771
2022-10-14,359.154
2022-10-13,360.3994
2022-10-12,360.9234
2022-10-11,362.4645
2022-10-10,364.0472
2022-10-07,365.5634
2022-10-06,366.956
2022-10-05,367.431
2022-10-04,367.5584
2022-10-03,367.6092
2022-09-30,368.8266
2022-09-29,371.1363
2022-09-28,373.1155
2022-09-27,374.5118
2022-09-26,376.7861
2022-09-23,379.2047
2022-09-22,381.5057
2022-09-21,383.408
2022-09-20,385.1865
2022-09-19,386.4672
2022-09-16,387.4268
2022-09-15,388.7931
2022-09-14,390.0015
2022-09-13,390.881
2022-09-12,392.0058
2022-09-09,391.4297
2022-09-08,391.2378
2022-09-07,391.659
2022-09-06,392.3892
2022-09-02,393.911
2022-09-01,395.4423
2022-08-31,396.7092
2022-08-30,398.2357
2022-08-29,399.6144
2022-08-26,400.6883
2022-08-25,401.6023
2022-08-24,401.1669
2022-08-23,401.2802
2022-08-22,401.5399
2022-08-19,401.7251
2022-08-18,401.0348
2022-08-17,399.6865
2022-08-16,398.3226
2022-08-15,396.5045
2022-08-12,394.5806
2022-08-11,392.6334
2022-08-10,391.205
2022-08-09,389.6263
2022-08-08,388.761
2022-08-05,387.6376
2022-08-04,386.3472
2022-08-03,384.8497
2022-08-02,383.166
2022-08-01,381.9556
2022-07-29,380.3419
2022-07-28,378.4342
2022-07-27,376.9283
2022-07-26,375.776
2022-07-25,375.5358
2022-07-22,374.7938
2022-07-21,374.0226
2022-07-20,372.7936
2022-07-19,371.8444
2022-07-18,371.0498
2022-07-15,371.2223
2022-07-14,371.0891
2022-07-13,371.677
2022-07-12,372.2331
2022-07-11,372.6441
2022-07-08,372.7523
2022-07-07,372.4198
2022-07-06,372.0197
2022-07-05,372.1619
2022-07-01,372.4504
2022-06-30,372.8425
2022-06-29,373.6822
2022-06-28,374.2956
2022-06-27,374.9421
2022-06-24,374.8483
2022-06-23,374.5928
2022-06-22,375.5343
2022-06-21,376.9484
2022-06-17,378.4422
2022-06-16,381.0309
2022-06-15,383.9718
2022-06-14,385.9501
2022-06-13,388.677
2022-06-10,391.5763
2022-06-09,393.2805
2022-06-08,393.9842
2022-06-07,393.7706
2022-06-06,393.0762
2022-06-03,392.7092
2022-06-02,392.4303
2022-06-01,391.4276
2022-05-31,391.1101
2022-05-27,390.4205
2022-05-26,389.4222
2022-05-25,389.3275
2022-05-24,390.0276
2022-05-23,391.1542
2022-05-20,392.0923
2022-05-19,393.8681
2022-05-18,395.848
2022-05-17,397.7931
2022-05-16,398.2743
2022-05-13,399.6405
2022-05-12,400.9853
2022-05-11,403.4225
2022-05-10,406.0747
2022-05-09,408.3633
2022-05-06,410.9861
2022-05-05,412.55
2022-05-04,414.0281
2022-05-03,414.1159
2022-05-02,415.4983
2022-04-29,417.2188
2022-04-28,419.3718
2022-04-27,420.1488
2022-04-26,422.076
2022-04-25,424.3247
2022-04-22,425.5521
2022-04-21,427.159
2022-04-20,427.7167
2022-04-19,427.6589
2022-04-18,427.5616
2022-04-14,428.1708
2022-04-13,428.8623
2022-04-12,429.067
2022-04-11,429.8022
2022-04-08,430.4495
2022-04-07,430.3895
2022-04-06,430.2015
2022-04-05,430.2218
2022-04-04,429.787
2022-04-01,428.7216
2022-03-31,427.9374
2022-03-30,427.2003
2022-03-29,425.67
2022-03-28,423.6897
2022-03-25,422.0727
2022-03-24,420.6119
2022-03-23,419.2203
2022-03-22,418.3605
2022-03-21,416.8231
2022-03-18,415.6511
2022-03-17,414.3426
2022-03-16,413.3829
2022-03-15,412.8731
2022-03-14,413.2646
2022-03-11,414.6241
2022-03-10,415.8163
2022-03-09,416.5874
2022-03-08,417.2446
2022-03-07,419.0988
2022-03-04,420.8267
2022-03-03,421.4491
2022-03-02,421.7792
2022-03-01,421.9238
2022-02-28,422.883
2022-02-25,423.2711
2022-02-24,423.5868
2022-02-23,424.8909
2022-02-22,426.9739
2022-02-18,428.5061
2022-02-17,429.7286
2022-02-16,430.7938
2022-02-15,431.0071
2022-02-14,431.2933
2022-02-11,432.3251
2022-02-10,433.3201
2022-02-09,433.5244
2022-02-08,432.9194
2022-02-07,432.9178
2022-02-04,433.2879
2022-02-03,433.5515
2022-02-02,434.055
2022-02-01,433.5252
2022-01-31,433.3842
2022-01-28,433.5356
2022-01-27,434.5073
2022-01-26,436.6638
2022-01-25,438.8309
2022-01-24,441.116
2022-01-21,443.099
2022-01-20,445.4786
2022-01-19,447.2225
2022-01-18,448.6446
2022-01-14,449.7374
2022-01-13,450.1135
2022-01-12,450.5484
2022-01-11,450.3732
2022-01-10,450.3078
2022-01-07,450.6641
2022-01-06,450.9993
2022-01-05,451.1828
2022-01-04,451.3412
2022-01-03,450.5895
2021-12-31,449.7425
2021-12-30,449.0843
2021-12-29,448.2355
2021-12-28,447.164
2021-12-27,446.0413
2021-12-23,444.761
2021-12-22,444.0191
2021-12-21,443.4931
2021-12-20,443.3796
2021-12-17,444.0708
2021-12-16,444.3406
2021-12-15,444.1406
2021-12-14,443.5017
2021-12-13,443.5245
2021-12-10,443.2266
2021-12-09,442.4773
2021-12-08,442.0913
2021-12-07,441.3454
2021-12-06,440.6458
2021-12-03,440.8283
2021-12-02,441.5708
2021-12-01,441.9906
2021-11-30,443.1494
2021-11-29,443.9207
2021-11-26,443.8629
2021-11-24,444.3659
2021-11-23,443.8674
2021-11-22,443.4424
2021-11-19,443.0351
2021-11-18,442.452
2021-11-17,441.7229
2021-11-16,441.0772
2021-11-15,440.2487
2021-11-12,439.5194
2021-11-11,438.7293
2021-11-10,438.2085
2021-11-09,437.6481
2021-11-08,436.65
2021-11-05,435.3907
2021-11-04,434.0392
2021-11-03,432.7085
2021-11-02,431.4583
2021-11-01,430.3605
2021-10-29,429.3345
2021-10-28,428.28
2021-10-27,427.2081
2021-10-26,426.4645
2021-10-25,425.4392
2021-10-22,424.3472
2021-10-21,423.3851
2021-10-20,422.2743
2021-10-19,421.1654
2021-10-18,420.118
2021-10-15,419.3078
2021-10-14,418.5453
2021-10-13,418.0418
2021-10-12,418.2225
2021-10-11,418.5793
2021-10-08,418.8659
2021-10-07,418.8635
2021-10-06,418.7803
2021-10-05,419.0669
2021-10-04,419.5649
2021-10-01,420.5646
2021-09-30,421.1055
2021-09-29,422.2169
2021-09-28,422.9106
2021-09-27,423.7508
2021-09-24,423.7812
2021-09-23,423.6869
2021-09-22,423.6562
2021-09-21,424.158
2021-09-20,425.1386
2021-09-17,426.1811
2021-09-16,426.5922
2021-09-15,426.6108
2021-09-14,426.56
2021-09-13,426.8763
2021-09-10,426.984
2021-09-09,427.2174
2021-09-08,427.1201
2021-09-07,426.8187
2021-09-03,426.4305
2021-09-02,425.8388
2021-09-01,425.1738
2021-08-31,424.5782
2021-08-30,423.9441
2021-08-27,423.176
2021-08-26,422.5258
2021-08-25,422.2076
2021-08-24,421.59
2021-08-23,421.0016
2021-08-20,420.4227
2021-08-19,420.1742
2021-08-18,420.2509
2021-08-17,420.404
2021-08-16,420.0853
2021-08-13,419.439
2021-08-12,418.8301
2021-08-11,418.2383
2021-08-10,417.7178
2021-08-09,417.2529
2021-08-06,416.7942
2021-08-05,416.2512
2021-08-04,415.7242
2021-08-03,415.4208
2021-08-02,414.8677
2021-07-30,414.6137
2021-07-29,414.2406
2021-07-28,413.6135
2021-07-27,413.103
2021-07-26,412.5207
2021-07-23,411.6753
2021-07-22,410.8494
2021-07-21,410.3862
2021-07-20,409.9656
2021-07-19,409.8511
2021-07-16,410.3358
2021-07-15,410.2321
2021-07-14,409.7752
2021-07-13,409.1207
2021-07-12,408.4625
2021-07-09,407.5855
2021-07-08,406.7727
2021-07-07,406.3361
2021-07-06,405.4982
2021-07-02,404.7257
2021-07-01,403.7926
2021-06-30,403.0915
2021-06-29,402.5545
2021-06-28,401.9972
2021-06-25,401.4042
2021-06-24,400.8351
2021-06-23,400.3577
2021-06-22,400.081
2021-06-21,399.724
2021-06-18,399.5552
2021-06-17,399.965
2021-06-16,399.8501
2021-06-15,399.7092
2021-06-14,399.3164
2021-06-11,398.8041
2021-06-10,398.333
2021-06-09,397.8823
2021-06-08,397.5803
2021-06-07,397.1834
2021-06-04,396.7538
2021-06-03,396.2379
2021-06-02,396.0509
2021-06-01,395.6882
2021-05-28,395.3533
2021-05-27,394.9461
2021-05-26,394.5711
2021-05-25,394.1787
2021-05-24,393.828
2021-05-21,393.3473
2021-05-20,393.2392
2021-05-19,393.0857
2021-05-18,393.3582
2021-05-17,393.5514
2021-05-14,393.4068
2021-05-13,393.1409
2021-05-12,393.4773
2021-05-11,394.3363
2021-05-10,394.4054
2021-05-07,394.1085
2021-05-06,393.3622
2021-05-05,392.8425
2021-05-04,392.6002
2021-05-03,392.3455
2021-04-30,391.8058
2021-04-29,391.2993
2021-04-28,390.4634
2021-04-27,389.8056
2021-04-26,389.0666
2021-04-23,388.2408
2021-04-22,387.415
2021-04-21,386.9496
2021-04-20,386.055
2021-04-19,385.4565
2021-04-16,384.4908
2021-04-15,383.2183
2021-04-14,381.9509
2021-04-13,380.9924
2021-04-12,379.7919
2021-04-09,378.587
2021-04-08,377.2704
2021-04-07,376.1123
2021-04-06,375.0254
2021-04-05,373.8711
2021-04-01,372.5712
2021-03-31,371.7099
2021-03-30,371.186
2021-03-29,370.7671
2021-03-26,370.199
2021-03-25,369.5511
2021-03-24,369.4633
2021-03-23,369.5843
2021-03-22,369.5201
2021-03-19,369.1399
2021-03-18,369.0308
2021-03-17,368.8382
2021-03-16,368.049
2021-03-15,367.3113
2021-03-12,366.4461
2021-03-11,365.7242
2021-03-10,364.9792
2021-03-09,364.5496
2021-03-08,364.3151
2021-03-05,364.5994
2021-03-04,364.7231
2021-03-03,365.551
2021-03-02,365.9953
2021-03-01,365.9758
2021-02-26,365.6511
2021-02-25,366.2116
2021-02-24,366.6347
2021-02-23,366.161
2021-02-22,366.0632
2021-02-19,366.002
2021-02-18,365.6353
2021-02-17,365.161
2021-02-16,364.4704
2021-02-12,363.716
2021-02-11,362.8483
2021-02-10,362.0817
2021-02-09,361.2973
2021-02-08,360.4133
2021-02-05,359.4103
2021-02-04,358.581
2021-02-03,357.816
2021-02-02,357.4032
2021-02-01,356.9769
2021-01-29,357.0362
2021-01-28,357.716
2021-01-27,357.7135
2021-01-26,358.0318
2021-01-25,357.4483
2021-01-22,356.7435
2021-01-21,356.1152
2021-01-20,355.285
2021-01-19,354.4024
2021-01-15,353.9494
2021-01-14,353.7428
2021-01-13,353.2393
2021-01-12,352.5502
2021-01-11,351.8903
2021-01-08,351.1688
2021-01-07,350.1152
2021-01-06,349.166
2021-01-05,348.6704
2021-01-04,348.3439
2020-12-31,348.2364
2020-12-30,347.61
2020-12-29,347.1061
2020-12-28,346.6021
2020-12-24,345.9742
2020-12-23,345.5963
2020-12-22,345.3212
2020-12-21,345.05
2020-12-18,344.6885
2020-12-17,344.1573
2020-12-16,343.4233
2020-12-15,342.8175
2020-12-14,342.2055
2020-12-11,342.0187
2020-12-10,341.6493
2020-12-09,341.1983
2020-12-08,340.688
2020-12-07,339.7943
2020-12-04,338.9137
2020-12-03,337.865
2020-12-02,337.0197
2020-12-01,336.0755
2020-11-30,335.1083
2020-11-27,334.4325
2020-11-25,333.5257
2020-11-24,332.6238
2020-11-23,331.5713
2020-11-20,330.98
2020-11-19,330.5379
2020-11-18,329.806
2020-11-17,329.146
2020-11-16,327.9856
2020-11-13,326.5094
2020-11-12,325.3217
2020-11-11,324.4945
2020-11-10,323.2367
2020-11-09,322.1076
2020-11-06,320.808
2020-11-05,319.8085
2020-11-04,318.6959
2020-11-03,318.1314
2020-11-02,318.2533
2020-10-30,318.9668
2020-10-29,320.1188
2020-10-28,321.0505
2020-10-27,322.41
2020-10-26,322.7647
2020-10-23,323.0406
2020-10-22,322.711
2020-10-21,322.463
2020-10-20,322.3755
2020-10-19,322.2142
2020-10-16,322.172
2020-10-15,321.6011
2020-10-14,320.9492
2020-10-13,320.186
2020-10-12,319.124
2020-10-09,317.7219
2020-10-08,316.7262
2020-10-07,315.9306
2020-10-06,315.3511
2020-10-05,315.2894
2020-10-02,314.7417
2020-10-01,314.7242
2020-09-30,314.387
2020-09-29,314.2279
2020-09-28,314.3022
2020-09-25,314.2036
2020-09-24,314.6368
2020-09-23,315.6349
2020-09-22,316.8235
2020-09-21,317.3766
2020-09-18,318.3185
2020-09-17,318.9942
2020-09-16,319.3602
2020-09-15,319.47
2020-09-14,319.4579
2020-09-11,319.6137
2020-09-10,320.2209
2020-09-09,320.9089
2020-09-08,321.0858
2020-09-04,321.9321
2020-09-03,321.9418
2020-09-02,321.6736
2020-09-01,320.1599
2020-08-31,318.9911
2020-08-28,318.0247
2020-08-27,316.831
2020-08-26,315.7341
2020-08-25,314.5969
2020-08-24,313.6812
2020-08-21,312.7878
2020-08-20,312.1405
2020-08-19,311.5438
2020-08-18,310.9881
2020-08-17,310.2344
2020-08-14,309.4736
2020-08-13,308.7386
2020-08-12,307.9272
2020-08-11,306.97
2020-08-10,306.3709
2020-08-07,305.4349
2020-08-06,304.4992
2020-08-05,303.4887
2020-08-04,302.5914
2020-08-03,301.8024
2020-07-31,301.056
2020-07-30,300.4554
2020-07-29,300.0448
2020-07-28,299.4763
2020-07-27,299.2386
2020-07-24,298.7731
2020-07-23,298.49
2020-07-22,297.9714
2020-07-21,297.0126
2020-07-20,296.1357
2020-07-17,295.2348
2020-07-16,294.4962
2020-07-15,293.7718
2020-07-14,292.8664
2020-07-13,292.1554
2020-07-10,291.773
2020-07-09,291.0784
2020-07-08,290.6282
2020-07-07,289.9525
2020-07-06,289.4431
2020-07-02,288.5566
2020-07-01,288.0536
2020-06-30,287.6667
2020-06-29,287.4526
2020-06-26,287.6017
2020-06-25,288.2027
2020-06-24,288.1449
2020-06-23,288.4035
2020-06-22,287.9021
2020-06-19,287.4893
2020-06-18,287.2289
2020-06-17,286.7665
2020-06-16,286.2672
2020-06-15,285.5873
2020-06-12,285.4178
2020-06-11,285.51
2020-06-10,285.9664
2020-06-09,284.6602
2020-06-08,283.0402
2020-06-05,281.0125
2020-06-04,279.1513
2020-06-03,277.88
2020-06-02,276.394
2020-06-01,275.1554
2020-05-29,274.0354
2020-05-28,272.9187
2020-05-27,271.8173
2020-05-26,270.5448
2020-05-22,269.5766
2020-05-21,268.8648
2020-05-20,268.1332
2020-05-19,267.1228
2020-05-18,266.4943
2020-05-15,265.5014
2020-05-14,265.2625
2020-05-13,265.1275
2020-05-12,265.31
2020-05-11,265.0126
2020-05-08,264.1098
2020-05-07,263.1179
2020-05-06,262.4903
2020-05-05,262.1343
2020-05-04,261.5499
2020-05-01,261.1619
2020-04-30,260.8098
2020-04-29,259.6635
2020-04-28,258.1278
2020-04-27,257.1669
2020-04-24,255.9749
2020-04-23,255.0591
2020-04-22,254.4299
2020-04-21,253.7325
2020-04-20,253.5584
2020-04-17,252.5241
2020-04-16,250.8838
2020-04-15,249.8131
2020-04-14,248.7617
2020-04-13,247.0059
2020-04-09,245.8657
2020-04-08,244.3554
2020-04-07,243.0967
2020-04-06,242.5818
2020-04-03,242.0393
2020-04-02,243.081
2020-04-01,243.8739
2020-03-31,245.3095
2020-03-30,245.7542
2020-03-27,245.8617
2020-03-26,246.7907
2020-03-25,247.0516
2020-03-24,248.7587
2020-03-23,251.0039
2020-03-20,255.4743
2020-03-19,259.8392
2020-03-18,263.6553
2020-03-17,267.923
2020-03-16,271.3873
2020-03-13,276.4836
2020-03-12,279.2325
2020-03-11,284.3462
2020-03-10,287.4295
2020-03-09,289.4616
2020-03-06,293.096
2020-03-05,294.8399
2020-03-04,296.2781
2020-03-03,296.8499
2020-03-02,298.7169
2020-02-28,299.9144
2020-02-27,302.4934
2020-02-26,305.2216
2020-02-25,306.8679
2020-02-24,308.575
2020-02-21,309.5057
2020-02-20,309.4522
2020-02-19,309.0534
2020-02-18,308.4766
2020-02-14,307.9967
2020-02-13,307.3811
2020-02-12,306.7535
2020-02-11,306.0247
2020-02-10,305.4305
2020-02-07,304.8305
2020-02-06,304.4101
2020-02-05,303.7712
2020-02-04,303.1746
2020-02-03,302.8872
2020-01-31,303.0528
2020-01-30,303.4698
2020-01-29,303.3484
2020-01-28,303.318
2020-01-27,303.258
2020-01-24,303.5234
2020-01-23,303.301
2020-01-22,302.7665
2020-01-21,302.2129
2020-01-17,301.605
2020-01-16,300.8695
2020-01-15,300.1573
2020-01-14,299.6374
2020-01-13,299.1351
2020-01-10,298.531
2020-01-09,298.0826
2020-01-08,297.4949
2020-01-07,297.0607
2020-01-06,296.7491
2020-01-03,296.3156
2020-01-02,295.9568
2019-12-31,295.3196
2019-12-30,294.9098
2019-12-27,294.5333
2019-12-26,293.9429
2019-12-24,293.2825
2019-12-23,292.72
2019-12-20,292.0992
2019-12-19,291.461
2019-12-18,290.892
2019-12-17,290.3907
2019-12-16,289.8385
2019-12-13,289.235
2019-12-12,288.7803
2019-12-11,288.2962
2019-12-10,288.0251
2019-12-09,287.812
2019-12-06,287.5425
2019-12-05,287.1482
2019-12-04,286.99
2019-12-03,286.8696
2019-12-02,286.9225
2019-11-29,286.7775
2019-11-27,286.3572
2019-11-26,285.7787
2019-11-25,285.2757
2019-11-22,284.7889
2019-11-21,284.4855
2019-11-20,284.2173
2019-11-19,283.8722
2019-11-18,283.3779
2019-11-15,282.8228
2019-11-14,282.2316
2019-11-13,281.7963
2019-11-12,281.359
2019-11-11,280.8854
2019-11-08,280.4253
2019-11-07,279.8593
2019-11-06,279.3077
2019-11-05,278.8032
2019-11-04,278.2525
2019-11-01,277.6106
2019-10-31,277.021
2019-10-30,276.6429
2019-10-29,276.1462
2019-10-28,275.6878
2019-10-25,275.1723
2019-10-24,274.7681
2019-10-23,274.4411
2019-10-22,274.1274
2019-10-21,273.8655
2019-10-18,273.4805
2019-10-17,273.2517
2019-10-16,272.8713
2019-10-15,272.5365
2019-10-14,272.1197
2019-10-11,271.9443
2019-10-10,271.7184
2019-10-09,271.7648
2019-10-08,272.0078
2019-10-07,272.5433
2019-10-04,272.692
2019-10-03,272.7327
2019-10-02,273.1604
2019-10-01,273.863
2019-09-30,274.1351
2019-09-27,274.092
2019-09-26,274.1779
2019-09-25,274.1169
2019-09-24,273.9892
2019-09-23,274.0185
2019-09-20,273.8229
2019-09-19,273.6
2019-09-18,273.2163
2019-09-17,272.7903
2019-09-16,272.3369
2019-09-13,271.9094
2019-09-12,271.3468
2019-09-11,270.7056
2019-09-10,270.0977
2019-09-09,269.6313
2019-09-06,269.109
2019-09-05,268.5462
2019-09-04,267.9466
2019-09-03,267.6502
2019-08-30,267.6424
2019-08-29,267.4681
2019-08-28,267.2629
2019-08-27,267.3937
2019-08-26,267.7341
2019-08-23,268.0008
2019-08-22,268.6009
2019-08-21,268.5362
2019-08-20,268.456
2019-08-19,268.5961
2019-08-16,268.5338
2019-08-15,268.8023
2019-08-14,269.5062
2019-08-13,270.3568
2019-08-12,270.4586
2019-08-09,271.0052
2019-08-08,271.2654
2019-08-07,271.359
2019-08-06,272.0102
2019-08-05,272.7464
2019-08-02,273.9459
2019-08-01,274.4186
2019-07-31,274.726
2019-07-30,274.8146
2019-07-29,274.5936
2019-07-26,274.2777
2019-07-25,273.8752
2019-07-24,273.6252
2019-07-23,273.2092
2019-07-22,272.8862
2019-07-19,272.7356
2019-07-18,272.6399
2019-07-17,272.3732
2019-07-16,272.1842
2019-07-15,271.7775
2019-07-12,271.2339
2019-07-11,270.6428
2019-07-10,270.1194
2019-07-09,269.6088
2019-07-08,269.182
2019-07-05,268.7462
2019-07-03,268.1055
2019-07-02,267.3645
2019-07-01,266.7752
2019-06-28,266.1984
2019-06-27,265.8188
2019-06-26,265.5446
2019-06-25,265.3414
2019-06-24,265.0887
2019-06-21,264.5303
2019-06-20,263.8782
2019-06-19,263.1161
2019-06-18,262.5438
2019-06-17,261.975
2019-06-14,261.6386
2019-06-13,261.2774
2019-06-12,260.8473
2019-06-11,260.4867
2019-06-10,260.039
2019-06-07,259.5374
2019-06-06,259.1103
2019-06-05,258.9132
2019-06-04,258.8728
2019-06-03,259.0626
2019-05-31,259.8472
2019-05-30,260.6469
2019-05-29,261.1681
2019-05-28,261.8175
2019-05-24,262.3538
2019-05-23,262.693
2019-05-22,263.1296
2019-05-21,263.2754
2019-05-20,263.3518
2019-05-17,263.6831
2019-05-16,263.867
2019-05-15,263.8909
2019-05-14,264.1719
2019-05-13,264.6426
2019-05-10,265.4079
2019-05-09,265.5553
2019-05-08,265.8572
2019-05-07,266.107
2019-05-06,266.3444
2019-05-03,266.1351
2019-05-02,265.7871
2019-05-01,265.6774
2019-04-30,265.4954
2019-04-29,265.081
2019-04-26,264.6375
2019-04-25,264.1916
2019-04-24,263.83
2019-04-23,263.413
2019-04-22,262.8894
2019-04-18,262.5624
2019-04-17,262.2252
2019-04-16,261.9074
2019-04-15,261.4876
2019-04-12,261.0421
2019-04-11,260.5312
2019-04-10,260.1548
2019-04-09,259.7309
2019-04-08,259.357
2019-04-05,258.801
2019-04-04,258.2076
2019-04-03,257.6859
2019-04-02,257.1826
2019-04-01,256.6697
2019-03-29,256.1163
2019-03-28,255.8278
2019-03-27,255.6796
2019-03-26,255.6181
2019-03-25,255.4084
2019-03-22,255.3772
2019-03-21,255.3225
2019-03-20,254.7334
2019-03-19,254.389
2019-03-18,253.9264
2019-03-15,253.4219
2019-03-14,252.9626
2019-03-13,252.5878
2019-03-12,252.1563
2019-03-11,251.8571
2019-03-08,251.6271
2019-03-07,251.7552
2019-03-06,251.844
2019-03-05,251.7193
2019-03-04,251.4192
2019-03-01,251.051
2019-02-28,250.546
2019-02-27,250.1551
2019-02-26,249.673
2019-02-25,249.1287
2019-02-22,248.5078
2019-02-21,247.8581
2019-02-20,247.3052
2019-02-19,246.599
2019-02-15,245.8723
2019-02-14,245.1152
2019-02-13,244.5655
2019-02-12,243.8994
2019-02-11,243.2486
2019-02-08,242.8636
2019-02-07,242.4524
2019-02-06,242.0296
2019-02-05,241.3126
2019-02-04,240.4856
2019-02-01,239.6811
2019-01-31,238.9743
2019-01-30,238.2055
2019-01-29,237.5816
2019-01-28,237.2925
2019-01-25,236.9393
2019-01-24,236.3549
2019-01-23,235.9232
2019-01-22,235.4595
2019-01-18,234.9999
2019-01-17,234.146
2019-01-16,233.5385
2019-01-15,233.0571
2019-01-14,232.5856
2019-01-11,232.3478
2019-01-10,231.9332
2019-01-09,231.4846
2019-01-08,231.0761
2019-01-07,230.7399
2019-01-04,230.5978
2019-01-03,230.6319
2019-01-02,231.4552
2018-12-31,231.7917
2018-12-28,232.1887
2018-12-27,232.8359
2018-12-26,233.5204
2018-12-24,234.4586
2018-12-21,236.6326
2018-12-20,238.4246
2018-12-19,239.9246
2018-12-18,241.192
2018-12-17,242.2282
2018-12-14,243.3467
2018-12-13,244.095
2018-12-12,244.4544
2018-12-11,244.8429
2018-12-10,245.3994
2018-12-07,246.0201
2018-12-06,246.754
2018-12-04,246.9664
2018-12-03,247.1621
2018-11-30,246.5144
2018-11-29,246.147
2018-11-28,245.9004
2018-11-27,245.5705
2018-11-26,245.7958
2018-11-23,246.1308
2018-11-21,246.9069
2018-11-20,247.5956
2018-11-19,248.4428
2018-11-16,248.9037
2018-11-15,248.971
2018-11-14,249.1133
2018-11-13,249.5398
2018-11-12,249.8335
2018-11-09,250.1095
2018-11-08,249.9191
2018-11-07,249.447
2018-11-06,248.8766
2018-11-05,248.8084
2018-11-02,248.8983
2018-11-01,249.1407
2018-10-31,249.2541
2018-10-30,249.6543
2018-10-29,250.3697
2018-10-26,251.5337
2018-10-25,252.6798
2018-10-24,253.4932
2018-10-23,254.8466
2018-10-22,255.551
2018-10-19,256.1959
2018-10-18,256.7903
2018-10-17,257.4329
2018-10-16,257.7566
2018-10-15,258.119
2018-10-12,259.0925
2018-10-11,260.0204
2018-10-10,261.4069
2018-10-09,262.3542
2018-10-08,262.5323
2018-10-05,262.6891
2018-10-04,262.8624
2018-10-03,262.8993
2018-10-02,262.7224
2018-10-01,262.5422
2018-09-28,262.3267
2018-09-27,262.185
2018-09-26,262.0313
2018-09-25,261.9386
2018-09-24,261.7532
2018-09-21,261.5225
2018-09-20,261.1749
2018-09-19,260.7653
2018-09-18,260.5369
2018-09-17,260.3139
2018-09-14,260.2166
2018-09-13,259.9627
2018-09-12,259.6869
2018-09-11,259.5445
2018-09-10,259.3938
2018-09-07,259.3176
2018-09-06,259.2808
2018-09-05,259.1869
2018-09-04,259.0005
2018-08-31,258.7203
2018-08-30,258.3631
2018-08-29,257.9692
2018-08-28,257.4218
2018-08-27,256.9649
2018-08-24,256.4733
2018-08-23,256.1457
2018-08-22,255.9471
2018-08-21,255.6914
2018-08-20,255.3927
2018-08-17,255.1262
2018-08-16,254.8896
2018-08-15,254.7231
2018-08-14,254.7559
2018-08-13,254.5906
2018-08-10,254.5789
2018-08-09,254.4653
2018-08-08,254.1582
2018-08-07,253.7817
2018-08-06,253.3542
2018-08-03,252.971
2018-08-02,252.6464
2018-08-01,252.4025
2018-07-31,252.2784
2018-07-30,252.0966
2018-07-27,252.0267
2018-07-26,251.8098
2018-07-25,251.3876
2018-07-24,250.8573
2018-07-23,250.4993
2018-07-20,250.2376
2018-07-19,249.9977
2018-07-18,249.7022
2018-07-17,249.2748
2018-07-16,248.8586
2018-07-13,248.5059
2018-07-12,248.0923
2018-07-11,247.6561
2018-07-10,247.4125
2018-07-09,246.9494
2018-07-06,246.5326
2018-07-05,246.3076
2018-07-03,246.2784
2018-07-02,246.4563
2018-06-29,246.5616
2018-06-28,246.7331
2018-06-27,246.9598
2018-06-26,247.3567
2018-06-25,247.5815
2018-06-22,247.887
2018-06-21,247.8692
2018-06-20,247.8971
2018-06-19,247.7634
2018-06-18,247.6604
2018-06-15,247.4458
2018-06-14,247.1544
2018-06-13,246.7988
2018-06-12,246.4721
2018-06-11,246.0267
2018-06-08,245.5685
2018-06-07,245.0971
2018-06-06,244.6536
2018-06-05,244.1606
2018-06-04,243.8334
2018-06-01,243.4906
2018-05-31,243.2347
2018-05-30,243.2036
2018-05-29,243.0111
2018-05-25,243.1381
2018-05-24,242.9823
2018-05-23,242.7487
2018-05-22,242.4374
2018-05-21,242.1643
2018-05-18,241.7906
2018-05-17,241.5706
2018-05-16,241.263
2018-05-15,240.9014
2018-05-14,240.6095
2018-05-11,240.109
2018-05-10,239.5681
2018-05-09,239.0488
2018-05-08,238.7133
2018-05-07,238.5866
2018-05-04,238.4466
2018-05-03,238.3769
2018-05-02,238.6216
2018-05-01,238.8372
2018-04-30,238.9071
2018-04-27,239.0288
2018-04-26,238.9693
2018-04-25,238.9273
2018-04-24,239.1344
2018-04-23,239.4247
2018-04-20,239.406
2018-04-19,239.3816
2018-04-18,239.1388
2018-04-17,238.7285
2018-04-16,238.294
2018-04-13,238.0844
2018-04-12,238.0589
2018-04-11,237.957
2018-04-10,238.0497
2018-04-09,238.0205
2018-04-06,238.381
2018-04-05,238.9005
2018-04-04,238.9146
2018-04-03,239.127
2018-04-02,239.6257
2018-03-29,240.4891
2018-03-28,240.906
2018-03-27,241.681
2018-03-26,242.4646
2018-03-23,242.904
2018-03-22,244.0576
2018-03-21,244.801
2018-03-20,244.9829
2018-03-19,245.1349
2018-03-16,245.3463
2018-03-15,245.229
2018-03-14,245.1274
2018-03-13,244.9867
2018-03-12,244.6974
2018-03-09,244.2081
2018-03-08,243.6342
2018-03-07,243.4495
2018-03-06,243.3697
2018-03-05,243.2721
2018-03-02,243.2292
2018-03-01,243.4749
2018-02-28,243.8766
2018-02-27,243.9482
2018-02-26,243.7654
2018-02-23,243.2364
2018-02-22,242.9523
2018-02-21,243.0444
2018-02-20,243.1793
2018-02-16,243.2011
2018-02-15,243.064
2018-02-14,242.9201
2018-02-13,243.0852
2018-02-12,243.606
2018-02-09,244.2438
2018-02-08,245.3106
2018-02-07,246.8545
2018-02-06,247.6146
2018-02-05,248.3172
2018-02-02,249.5838
2018-02-01,249.8982
2018-01-31,249.6679
2018-01-30,249.3832
2018-01-29,249.0818
2018-01-26,248.4734
2018-01-25,247.622
2018-01-24,246.99
2018-01-23,246.3029
2018-01-22,245.533
2018-01-19,244.7386
2018-01-18,244.0755
2018-01-17,243.4622
2018-01-16,242.7402
2018-01-12,242.1908
2018-01-11,241.4942
2018-01-10,240.8938
2018-01-09,240.4187
2018-01-08,239.854
2018-01-05,239.2884
2018-01-04,238.7102
2018-01-03,238.2418
2018-01-02,237.8316
2017-12-29,237.5383
2017-12-28,237.3942
2017-12-27,237.1397
2017-12-26,236.9102
2017-12-22,236.6689
2017-12-21,236.372
2017-12-20,236.0372
2017-12-19,235.719
2017-12-18,235.3542
2017-12-15,234.8538
2017-12-14,234.4601
2017-12-13,234.2313
2017-12-12,233.8763
2017-12-11,233.481
2017-12-08,233.0883
2017-12-07,232.7291
2017-12-06,232.4672
2017-12-05,232.2556
2017-12-04,232.0264
2017-12-01,231.6839
2017-11-30,231.2754
2017-11-29,230.7724
2017-11-28,230.432
2017-11-27,230.0408
2017-11-24,229.856
2017-11-22,229.6395
2017-11-21,229.4565
2017-11-20,229.2327
2017-11-17,229.1437
2017-11-16,229.0867
2017-11-15,228.9523
2017-11-14,229.0083
2017-11-13,228.9492
2017-11-10,228.8276
2017-11-09,228.7157
2017-11-08,228.5845
2017-11-07,228.3514
2017-11-06,228.135
2017-11-03,227.8789
2017-11-02,227.6334
2017-11-01,227.4427
2017-10-31,227.2413
2017-10-30,227.0505
2017-10-27,226.8772
2017-10-26,226.5957
2017-10-25,226.4804
2017-10-24,226.384
2017-10-23,226.1583
2017-10-20,225.9511
2017-10-19,225.6283
2017-10-18,225.3953
2017-10-17,225.1444
2017-10-16,224.8904
2017-10-13,224.6266
2017-10-12,224.3669
2017-10-11,224.109
2017-10-10,223.7882
2017-10-09,223.4712
2017-10-06,223.1837
2017-10-05,222.8265
2017-10-04,222.4045
2017-10-03,222.0787
2017-10-02,221.7468
2017-09-29,221.4306
2017-09-28,221.1833
2017-09-27,220.9924
2017-09-26,220.8096
2017-09-25,220.6985
2017-09-22,220.5898
2017-09-21,220.4218
2017-09-20,220.2408
2017-09-19,219.978
2017-09-18,219.6959
2017-09-15,219.4075
2017-09-14,219.1385
2017-09-13,218.8724
2017-09-12,218.5709
2017-09-11,218.2487
2017-09-08,217.9711
2017-09-07,217.9096
2017-09-06,217.8145
2017-09-05,217.7067
2017-09-01,217.6659
2017-08-31,217.4547
2017-08-30,217.2539
2017-08-29,217.1701
2017-08-28,217.1857
2017-08-25,217.2291
2017-08-24,217.2779
2017-08-23,217.3851
2017-08-22,217.4504
2017-08-21,217.4404
2017-08-18,217.6664
2017-08-17,217.9339
2017-08-16,218.1941
2017-08-15,218.1225
2017-08-14,218.0834
2017-08-11,218.0375
2017-08-10,218.2125
2017-08-09,218.4395
2017-08-08,218.3648
2017-08-07,218.2813
2017-08-04,218.1321
2017-08-03,218.0101
2017-08-02,217.9172
2017-08-01,217.7698
2017-07-31,217.6181
2017-07-28,217.5017
2017-07-27,217.36
2017-07-26,217.1763
2017-07-25,216.9519
2017-07-24,216.7047
2017-07-21,216.4875
2017-07-20,216.2418
2017-07-19,215.9498
2017-07-18,215.6373
2017-07-17,215.4159
2017-07-14,215.1834
2017-07-13,214.9236
2017-07-12,214.7429
2017-07-11,214.5813
2017-07-10,214.5726
2017-07-07,214.5461
2017-07-06,214.5412
2017-07-05,214.6812
2017-07-03,214.6289
2017-06-30,214.6233
2017-06-29,214.6554
2017-06-28,214.7328
2017-06-27,214.6187
2017-06-26,214.6941
2017-06-23,214.5947
2017-06-22,214.4996
2017-06-21,214.4216
2017-06-20,214.3252
2017-06-19,214.213
2017-06-16,213.935
2017-06-15,213.8163
2017-06-14,213.6899
2017-06-13,213.5067
2017-06-12,213.2753
2017-06-09,213.1302
2017-06-08,212.965
2017-06-07,212.7482
2017-06-06,212.5196
2017-06-05,212.3088
2017-06-02,212.0034
2017-06-01,211.6491
2017-05-31,211.3327
2017-05-30,211.1613
2017-05-26,210.9663
2017-05-25,210.7312
2017-05-24,210.4668
2017-05-23,210.2813
2017-05-22,210.1282
2017-05-19,210.0083
2017-05-18,209.9881
2017-05-17,210.1087
2017-05-16,210.3303
2017-05-15,210.1796
2017-05-12,209.9927
2017-05-11,209.9086
2017-05-10,209.7785
2017-05-09,209.5893
2017-05-08,209.4201
2017-05-05,209.2126
2017-05-04,208.9795
2017-05-03,208.8093
2017-05-02,208.647
2017-05-01,208.4408
2017-04-28,208.2213
2017-04-27,208.0343
2017-04-26,207.7793
2017-04-25,207.5161
2017-04-24,207.2113
2017-04-21,207.0025
2017-04-20,207.0113
2017-04-19,206.9514
2017-04-18,207.0615
2017-04-17,207.1434
2017-04-13,207.1688
2017-04-12,207.3882
2017-04-11,207.4896
2017-04-10,207.506
2017-04-07,207.4981
2017-04-06,207.5025
2017-04-05,207.4849
2017-04-04,207.5269
2017-04-03,207.5082
2017-03-31,207.5015
2017-03-30,207.456
2017-03-29,207.3547
2017-03-28,207.3123
2017-03-27,207.2859
2017-03-24,207.4146
2017-03-23,207.5345
2017-03-22,207.6513
2017-03-21,207.7572
2017-03-20,207.9252
2017-03-17,207.8287
2017-03-16,207.6979
2017-03-15,207.5148
2017-03-14,207.269
2017-03-13,207.1868
2017-03-10,207.0118
2017-03-09,206.8295
2017-03-08,206.7048
2017-03-07,206.5946
2017-03-06,206.4322
2017-03-03,206.187
2017-03-02,205.8504
2017-03-01,205.4922
2017-02-28,204.9567
2017-02-27,204.6709
2017-02-24,204.2958
2017-02-23,203.9154
2017-02-22,203.5228
2017-02-21,203.1035
2017-02-17,202.6208
2017-02-16,202.2166
2017-02-15,201.8041
2017-02-14,201.3297
2017-02-13,200.9181
2017-02-10,200.5492
2017-02-09,200.258
2017-02-08,200.0202
2017-02-07,199.883
2017-02-06,199.7592
2017-02-03,199.6233
2017-02-02,199.4352
2017-02-01,199.3724
2017-01-31,199.3168
2017-01-30,199.2638
2017-01-27,199.2033
2017-01-26,199.0051
2017-01-25,198.7529
2017-01-24,198.4518
2017-01-23,198.3013
2017-01-20,198.2689
2017-01-19,198.1785
2017-01-18,198.1554
2017-01-17,198.0522
2017-01-13,197.9843
2017-01-12,197.8353
2017-01-11,197.7188
2017-01-10,197.5372
2017-01-09,197.3957
2017-01-06,197.2394
2017-01-05,196.9972
2017-01-04,196.8044
2017-01-03,196.5747
2016-12-30,196.4447
2016-12-29,196.4591
2016-12-28,196.3992
2016-12-27,196.3284
2016-12-23,196.0772
2016-12-22,195.8514
2016-12-21,195.6323
2016-12-20,195.354
2016-12-19,194.9883
2016-12-16,194.6645
2016-12-15,194.3519
2016-12-14,193.9658
2016-12-13,193.6246
2016-12-12,193.0747
2016-12-09,192.6057
2016-12-08,192.0634
2016-12-07,191.589
2016-12-06,191.1153
2016-12-05,190.8582
2016-12-02,190.6383
2016-12-01,190.5166
2016-11-30,190.3922
2016-11-29,190.1803
2016-11-28,189.8974
2016-11-25,189.6242
2016-11-23,189.2266
2016-11-22,188.8626
2016-11-21,188.4713
2016-11-18,188.0783
2016-11-17,187.7956
2016-11-16,187.4381
2016-11-15,187.1458
2016-11-14,186.7852
2016-11-11,186.5419
2016-11-10,186.2886
2016-11-09,185.9627
2016-11-08,185.6521
2016-11-07,185.5174
2016-11-04,185.4568
2016-11-03,185.8126
2016-11-02,186.1846
2016-11-01,186.5076
2016-10-31,186.7479
2016-10-28,186.872
2016-10-27,187.01
2016-10-26,187.1047
2016-10-25,187.1569
2016-10-24,187.1751
2016-10-21,187.1291
2016-10-20,187.1619
2016-10-19,187.2073
2016-10-18,187.2207
2016-10-17,187.2879
2016-10-14,187.4844
2016-10-13,187.6336
2016-10-12,187.8086
2016-10-11,187.9377
2016-10-10,188.1062
2016-10-07,188.0414
2016-10-06,188.0728
2016-10-05,188.0395
2016-10-04,188.0164
2016-10-03,188.0783
2016-09-30,188.0455
2016-09-29,187.9615
2016-09-28,188.0176
2016-09-27,187.8994
2016-09-26,187.8671
2016-09-23,187.9537
2016-09-22,187.8885
2016-09-21,187.7071
2016-09-20,187.6316
2016-09-19,187.7687
2016-09-16,187.9212
2016-09-15,188.0934
2016-09-14,188.208
2016-09-13,188.5295
2016-09-12,188.8775
2016-09-09,188.9777
2016-09-08,189.3683
2016-09-07,189.3217
2016-09-06,189.2246
2016-09-02,189.1154
2016-09-01,189.055
2016-08-31,189.078
2016-08-30,189.1042
2016-08-29,189.0765
2016-08-26,189.013
2016-08-25,189.0406
2016-08-24,189.0337
2016-08-23,189.0123
2016-08-22,188.8862
2016-08-19,188.7871
2016-08-18,188.6766
2016-08-17,188.5253
2016-08-16,188.4028
2016-08-15,188.305
2016-08-12,188.0935
2016-08-11,187.9174
2016-08-10,187.7053
2016-08-09,187.5633
2016-08-08,187.3569
2016-08-05,187.1407
2016-08-04,186.8899
2016-08-03,186.7745
2016-08-02,186.668
2016-08-01,186.6079
2016-07-29,186.4144
2016-07-28,186.184
2016-07-27,185.9614
2016-07-26,185.7382
2016-07-25,185.4705
2016-07-22,185.1838
2016-07-21,184.8129
2016-07-20,184.4917
2016-07-19,184.0617
2016-07-18,183.6687
2016-07-15,183.2142
2016-07-14,182.7649
2016-07-13,182.2419
2016-07-12,181.7735
2016-07-11,181.253
2016-07-08,180.8195
2016-07-07,180.4089
2016-07-06,180.2404
2016-07-05,180.0423
2016-07-01,179.9376
2016-06-30,179.6838
2016-06-29,179.4435
2016-06-28,179.4358
2016-06-27,179.7437
2016-06-24,180.4131
2016-06-23,180.8202
2016-06-22,180.5779
2016-06-21,180.558
2016-06-20,180.5048
2016-06-17,180.5
2016-06-16,180.6163
2016-06-15,180.6747
2016-06-14,180.7956
2016-06-13,180.9029
2016-06-10,180.9841
2016-06-09,180.9266
2016-06-08,180.6801
2016-06-07,180.3813
2016-06-06,180.1139
2016-06-03,179.8483
2016-06-02,179.6521
2016-06-01,179.3779
2016-05-31,179.1331
2016-05-27,178.9016
2016-05-26,178.6094
2016-05-25,178.3683
2016-05-24,178.1072
2016-05-23,177.947
2016-05-20,178.0118
2016-05-19,178.058
2016-05-18,178.2263
2016-05-17,178.3479
2016-05-16,178.4876
2016-05-13,178.4666
2016-05-12,178.627
2016-05-11,178.6406
2016-05-10,178.6611
2016-05-09,178.5064
2016-05-06,178.5683
2016-05-05,178.6521
2016-05-04,178.813
2016-05-03,178.9872
2016-05-02,179.0751
2016-04-29,179.0076
2016-04-28,179.0822
2016-04-27,179.0628
2016-04-26,178.8685
2016-04-25,178.6928
2016-04-22,178.5269
2016-04-21,178.3107
2016-04-20,178.0718
2016-04-19,177.705
2016-04-18,177.3177
2016-04-15,176.9498
2016-04-14,176.6758
2016-04-13,176.3522
2016-04-12,175.9953
2016-04-11,175.7901
2016-04-08,175.7362
2016-04-07,175.6329
2016-04-06,175.5687
2016-04-05,175.2731
2016-04-04,175.1493
2016-04-01,174.825
2016-03-31,174.4057
2016-03-30,174.0695
2016-03-29,173.6525
2016-03-28,173.2735
2016-03-24,173.0256
2016-03-23,172.7625
2016-03-22,172.4635
2016-03-21,172.0102
2016-03-18,171.4993
2016-03-17,170.9609
2016-03-16,170.4382
2016-03-15,169.9772
2016-03-14,169.5736
2016-03-11,169.0977
2016-03-10,168.5481
2016-03-09,168.232
2016-03-08,167.8972
2016-03-07,167.6158
2016-03-04,167.1067
2016-03-03,166.5584
2016-03-02,166.0112
2016-03-01,165.4769
2016-02-29,164.967
2016-02-26,164.8152
2016-02-25,164.509
2016-02-24,164.1298
2016-02-23,163.9224
2016-02-22,163.7728
2016-02-19,163.3849
2016-02-18,163.2078
2016-02-17,163.0038
2016-02-16,162.7069
2016-02-12,162.6592
2016-02-11,162.8916
2016-02-10,163.4897
2016-02-09,163.9326
2016-02-08,164.4076
2016-02-05,164.9336
2016-02-04,165.286
2016-02-03,165.3451
2016-02-02,165.4376
2016-02-01,165.643
2016-01-29,165.5542
2016-01-28,165.4497
2016-01-27,165.7515
2016-01-26,166.1736
2016-01-25,166.4529
2016-01-22,166.9932
2016-01-21,167.3298
2016-01-20,168.0484
2016-01-19,168.9368
2016-01-15,169.7006
2016-01-14,170.5675
2016-01-13,171.1527
2016-01-12,172.08
2016-01-11,172.6679
2016-01-08,173.458
2016-01-07,174.3483
2016-01-06,175.1397
2016-01-05,175.5827
2016-01-04,175.8424
2015-12-31,176.1603
2015-12-30,176.2537
2015-12-29,176.1705
2015-12-28,175.9455
2015-12-24,175.895
2015-12-23,175.7967
2015-12-22,175.6572
2015-12-21,175.7311
2015-12-18,175.9784
2015-12-17,176.4011
2015-12-16,176.5419
2015-12-15,176.4123
2015-12-14,176.539
2015-12-11,176.8706
2015-12-10,177.3288
2015-12-09,177.4764
2015-12-08,177.6872
2015-12-07,177.7753
2015-12-04,177.7468
2015-12-03,177.601
2015-12-02,177.8006
2015-12-01,177.7586
2015-11-30,177.5187
2015-11-27,177.4326
2015-11-25,177.2592
2015-11-24,177.0891
2015-11-23,176.8984
2015-11-20,176.7128
2015-11-19,176.4861
2015-11-18,176.3039
2015-11-17,176.0863
2015-11-16,176.1391
2015-11-13,176.1839
2015-11-12,176.5105
2015-11-11,176.6646
2015-11-10,176.5741
2015-11-09,176.4002
2015-11-06,176.2513
2015-11-05,175.9103
2015-11-04,175.5236
2015-11-03,175.0754
2015-11-02,174.5243
2015-10-30,173.9701
2015-10-29,173.5788
2015-10-28,173.06
2015-10-27,172.4821
2015-10-26,172.0565
2015-10-23,171.5483
2015-10-22,170.939
2015-10-21,170.4733
2015-10-20,170.2609
2015-10-19,169.9127
2015-10-16,169.5045
2015-10-15,169.0624
2015-10-14,168.6564
2015-10-13,168.483
2015-10-12,168.205
2015-10-09,167.7835
2015-10-08,167.3346
2015-10-07,166.8494
2015-10-06,166.4749
2015-10-05,166.2068
2015-10-02,165.8493
2015-10-01,165.7663
2015-09-30,165.9327
2015-09-29,166.1652
2015-09-28,166.7379
2015-09-25,167.3862
2015-09-24,167.6566
2015-09-23,167.9501
2015-09-22,168.2141
2015-09-21,168.479
2015-09-18,168.5432
2015-09-17,168.7114
2015-09-16,168.6014
2015-09-15,168.4405
2015-09-14,168.4138
2015-09-11,168.6054
2015-09-10,168.7491
2015-09-09,168.9876
2015-09-08,169.3487
2015-09-04,169.5062
2015-09-03,170.1161
2015-09-02,170.5164
2015-09-01,170.9802
2015-08-31,171.8186
2015-08-28,172.229
2015-08-27,172.5304
2015-08-26,172.8708
2015-08-25,173.6478
2015-08-24,175.1733
2015-08-21,176.6561
2015-08-20,177.5677
2015-08-19,178.0043
2015-08-18,178.1047
2015-08-17,178.0681
2015-08-14,177.9713
2015-08-13,177.9717
2015-08-12,178.0311
2015-08-11,178.0772
2015-08-10,178.1513
2015-08-07,178.057
2015-08-06,178.1952
2015-08-05,178.3095
2015-08-04,178.2793
2015-08-03,178.3157
2015-07-31,178.3192
2015-07-30,178.2586
2015-07-29,178.1586
2015-07-28,178.0525
2015-07-27,178.0659
2015-07-24,178.3106
2015-07-23,178.4738
2015-07-22,178.4572
2015-07-21,178.3361
2015-07-20,178.1601
2015-07-17,177.8886
2015-07-16,177.602
2015-07-15,177.3031
2015-07-14,177.1195
2015-07-13,176.9085
2015-07-10,176.7611
2015-07-09,176.8023
2015-07-08,177.0877
2015-07-07,177.4272
2015-07-06,177.4911
2015-07-02,177.6816
2015-07-01,177.834
2015-06-30,177.9801
2015-06-29,178.2919
2015-06-26,178.6741
2015-06-25,178.7001
2015-06-24,178.7352
2015-06-23,178.713
2015-06-22,178.5508
2015-06-19,178.3857
2015-06-18,178.3
2015-06-17,178.1277
2015-06-16,178.1261
2015-06-15,178.1546
2015-06-12,178.2885
2015-06-11,178.3626
2015-06-10,178.2914
2015-06-09,178.274
2015-06-08,178.4784
2015-06-05,178.7069
2015-06-04,178.8393
2015-06-03,178.9535
2015-06-02,178.9204
2015-06-01,178.9337
2015-05-29,178.9297
2015-05-28,178.9635
2015-05-27,178.8834
2015-05-26,178.7734
2015-05-22,178.83
2015-05-21,178.6886
2015-05-20,178.487
2015-05-19,178.3192
2015-05-18,178.1205
2015-05-15,177.8947
2015-05-14,177.7038
2015-05-13,177.5133
2015-05-12,177.4978
2015-05-11,177.4842
2015-05-08,177.4131
2015-05-07,177.2445
2015-05-06,177.3031
2015-05-05,177.4418
2015-05-04,177.5184
2015-05-01,177.3877
2015-04-30,177.2966
2015-04-29,177.3972
2015-04-28,177.3205
2015-04-27,177.1582
2015-04-24,177.0385
2015-04-23,176.8279
2015-04-22,176.6387
2015-04-21,176.4768
2015-04-20,176.3896
2015-04-17,176.2709
2015-04-16,176.3089
2015-04-15,176.1354
2015-04-14,175.9384
2015-04-13,175.8043
2015-04-10,175.6916
2015-04-09,175.4826
2015-04-08,175.353
2015-04-07,175.2918
2015-04-06,175.2864
2015-04-02,175.2314
2015-04-01,175.2945
2015-03-31,175.4301
2015-03-30,175.5149
2015-03-27,175.4467
2015-03-26,175.5947
2015-03-25,175.8002
2015-03-24,175.9837
2015-03-23,175.914
2015-03-20,175.7319
2015-03-19,175.4941
2015-03-18,175.3945
2015-03-17,175.1993
2015-03-16,175.2052
2015-03-13,175.1567
2015-03-12,175.347
2015-03-11,175.4446
2015-03-10,175.7831
2015-03-09,176.1146
2015-03-06,176.1814
2015-03-05,176.3314
2015-03-04,176.2348
2015-03-03,176.1485
2015-03-02,175.9741
2015-02-27,175.7043
2015-02-26,175.524
2015-02-25,175.2608
2015-02-24,174.9478
2015-02-23,174.5859
2015-02-20,174.2392
2015-02-19,173.8532
2015-02-18,173.5383
2015-02-17,173.177
2015-02-13,172.7794
2015-02-12,172.3692
2015-02-11,171.992
2015-02-10,171.7516
2015-02-09,171.4966
2015-02-06,171.4079
2015-02-05,171.2283
2015-02-04,170.9794
2015-02-03,170.8868
2015-02-02,170.7153
2015-01-30,170.7847
2015-01-29,171.0803
2015-01-28,171.1818
2015-01-27,171.4581
2015-01-26,171.5329
2015-01-23,171.3754
2015-01-22,171.2438
2015-01-21,170.9982
2015-01-20,170.9945
2015-01-16,171.0809
2015-01-15,171.2144
2015-01-14,171.5934
2015-01-13,171.8491
2015-01-12,172.0236
2015-01-09,172.166
2015-01-08,172.1814
2015-01-07,172.0523
2015-01-06,172.2278
2015-01-05,172.6425
2015-01-02,172.9325
2014-12-31,172.924
2014-12-30,172.9049
2014-12-29,172.7012
2014-12-26,172.3768
2014-12-24,172.043
2014-12-23,171.7335
2014-12-22,171.3932
2014-12-19,171.0419
2014-12-18,170.7378
2014-12-17,170.4788
2014-12-16,170.6326
2014-12-15,171.1446
2014-12-12,171.5695
2014-12-11,171.9174
2014-12-10,172.0109
2014-12-09,172.2052
2014-12-08,172.128
2014-12-05,172.0304
2014-12-04,171.8
2014-12-03,171.5752
2014-12-02,171.3066
2014-12-01,171.0802
2014-11-28,170.9472
2014-11-26,170.6732
2014-11-25,170.3317
2014-11-24,170.0009
2014-11-21,169.622
2014-11-20,169.2545
2014-11-19,168.9452
2014-11-18,168.6351
2014-11-17,168.2632
2014-11-14,167.9563
2014-11-13,167.6285
2014-11-12,167.2706
2014-11-11,166.8953
2014-11-10,166.4612
2014-11-07,165.9989
2014-11-06,165.5444
2014-11-05,165.0589
2014-11-04,164.5936
2014-11-03,164.1913
2014-10-31,163.685
2014-10-30,163.1351
2014-10-29,162.7283
2014-10-28,162.3906
2014-10-27,161.991
2014-10-24,161.7477
2014-10-23,161.4549
2014-10-22,161.2636
2014-10-21,161.2497
2014-10-20,161.1126
2014-10-17,161.2935
2014-10-16,161.6548
2014-10-15,162.248
2014-10-14,162.8896
2014-10-13,163.4868
2014-10-10,164.1724
2014-10-09,164.6542
2014-10-08,164.9928
2014-10-07,165.0231
2014-10-06,165.3547
2014-10-03,165.4539
2014-10-02,165.5434
2014-10-01,165.831
2014-09-30,166.1514
2014-09-29,166.2702
2014-09-26,166.3557
2014-09-25,166.4184
2014-09-24,166.6252
2014-09-23,166.57
2014-09-22,166.6455
2014-09-19,166.6285
2014-09-18,166.4731
2014-09-17,166.2854
2014-09-16,166.1719
2014-09-15,166.0701
2014-09-12,166.0892
2014-09-11,166.0972
2014-09-10,166.0034
2014-09-09,165.9199
2014-09-08,165.8933
2014-09-05,165.7526
2014-09-04,165.5514
2014-09-03,165.408
2014-09-02,165.224
2014-08-29,165.0111
2014-08-28,164.7669
2014-08-27,164.5471
2014-08-26,164.2944
2014-08-25,164.0082
2014-08-22,163.7032
2014-08-21,163.4548
2014-08-20,163.153
2014-08-19,162.8703
2014-08-18,162.6044
2014-08-15,162.4009
2014-08-14,162.3199
2014-08-13,162.2269
2014-08-12,162.2048
2014-08-11,162.2954
2014-08-08,162.3717
2014-08-07,162.5053
2014-08-06,162.8469
2014-08-05,163.1331
2014-08-04,163.4548
2014-08-01,163.6453
2014-07-31,163.9779
2014-07-30,164.2937
2014-07-29,164.3013
2014-07-28,164.3124
2014-07-25,164.2501
2014-07-24,164.1882
2014-07-23,164.0382
2014-07-22,163.8733
2014-07-21,163.7297
2014-07-18,163.6464
2014-07-17,163.5219
2014-07-16,163.5597
2014-07-15,163.4041
2014-07-14,163.2962
2014-07-11,163.1445
2014-07-10,163.0636
2014-07-09,162.998
2014-07-08,162.857
2014-07-07,162.7783
2014-07-03,162.58
2014-07-02,162.3002
2014-07-01,162.0761
2014-06-30,161.8459
2014-06-27,161.7065
2014-06-26,161.5436
2014-06-25,161.397
2014-06-24,161.2226
2014-06-23,161.107
2014-06-20,160.8758
2014-06-19,160.615
2014-06-18,160.3613
2014-06-17,160.1001
2014-06-16,159.9364
2014-06-13,159.8026
2014-06-12,159.6687
2014-06-11,159.5722
2014-06-10,159.345
2014-06-09,159.0345
2014-06-06,158.6931
2014-06-05,158.3332
2014-06-04,158.0167
2014-06-03,157.7769
2014-06-02,157.5459
2014-05-30,157.2819
2014-05-29,157.0093
2014-05-28,156.735
2014-05-27,156.5184
2014-05-23,156.2667
2014-05-22,156.0907
2014-05-21,155.9626
2014-05-20,155.8612
2014-05-19,155.8871
2014-05-16,155.8117
2014-05-15,155.7887
2014-05-14,155.8201
2014-05-13,155.7098
2014-05-12,155.5093
2014-05-09,155.3025
2014-05-08,155.2337
2014-05-07,155.1822
2014-05-06,155.1078
2014-05-05,155.1216
2014-05-02,154.9937
2014-05-01,154.8837
2014-04-30,154.7386
2014-04-29,154.58
2014-04-28,154.4535
2014-04-25,154.3897
2014-04-24,154.3708
2014-04-23,154.2153
2014-04-22,154.0767
2014-04-21,153.8851
2014-04-17,153.7475
2014-04-16,153.6522
2014-04-15,153.5696
2014-04-14,153.6468
2014-04-11,153.8423
2014-04-10,154.1832
2014-04-09,154.4158
2014-04-08,154.3298
2014-04-07,154.4084
2014-04-04,154.5618
2014-04-03,154.5513
2014-04-02,154.345
2014-04-01,154.0951
2014-03-31,153.874
2014-03-28,153.7378
2014-03-27,153.7201
2014-03-26,153.78
2014-03-25,153.8122
2014-03-24,153.7307
2014-03-21,153.7175
2014-03-20,153.6356
2014-03-19,153.4821
2014-03-18,153.4072
2014-03-17,153.2374
2014-03-14,153.1654
2014-03-13,153.231
2014-03-12,153.2584
2014-03-11,153.106
2014-03-10,152.9419
2014-03-07,152.6797
2014-03-06,152.3811
2014-03-05,152.0582
2014-03-04,151.7386
2014-03-03,151.4001
2014-02-28,151.2521
2014-02-27,150.9746
2014-02-26,150.7088
2014-02-25,150.4993
2014-02-24,150.2687
2014-02-21,150.0076
2014-02-20,149.8078
2014-02-19,149.5688
2014-02-18,149.3984
2014-02-14,149.1041
2014-02-13,148.7978
2014-02-12,148.5472
2014-02-11,148.3519
2014-02-10,148.144
2014-02-07,148.0854
2014-02-06,148.0493
2014-02-05,148.2007
2014-02-04,148.569
2014-02-03,148.9569
2014-01-31,149.4917
2014-01-30,149.7341
2014-01-29,149.9107
2014-01-28,150.2693
2014-01-27,150.5162
2014-01-24,150.8813
2014-01-23,151.2082
2014-01-22,151.2304
2014-01-21,151.1237
2014-01-17,151.0161
2014-01-16,150.9442
2014-01-15,150.7969
2014-01-14,150.6133
2014-01-13,150.4964
2014-01-10,150.5393
2014-01-09,150.3737
2014-01-08,150.2342
2014-01-07,150.0904
2014-01-06,149.935
2014-01-03,149.8606
2014-01-02,149.7323
2013-12-31,149.5879
2013-12-30,149.2743
2013-12-27,149.0034
2013-12-26,148.7014
2013-12-24,148.3667
2013-12-23,148.0776
2013-12-20,147.7929
2013-12-19,147.5626
2013-12-18,147.3989
2013-12-17,147.1998
2013-12-16,147.2435
2013-12-13,147.2425
2013-12-12,147.3374
2013-12-11,147.4405
2013-12-10,147.5035
2013-12-09,147.3976
2013-12-06,147.2243
2013-12-05,147.0725
2013-12-04,147.0777
2013-12-03,147.0151
2013-12-02,146.9443
2013-11-29,146.7985
2013-11-27,146.5967
2013-11-26,146.3633
2013-11-25,146.1434
2013-11-22,145.9046
2013-11-21,145.6252
2013-11-20,145.3942
2013-11-19,145.2634
2013-11-18,145.0704
2013-11-15,144.8233
2013-11-14,144.4958
2013-11-13,144.2012
2013-11-12,143.9527
2013-11-11,143.8007
2013-11-08,143.6016
2013-11-07,143.3842
2013-11-06,143.348
2013-11-05,143.1143
2013-11-04,142.9338
2013-11-01,142.6858
2013-10-31,142.4654
2013-10-30,142.2581
2013-10-29,141.9857
2013-10-28,141.6086
2013-10-25,141.273
2013-10-24,140.9264
2013-10-23,140.6124
2013-10-22,140.3156
2013-10-21,139.9149
2013-10-18,139.5593
2013-10-17,139.1672
2013-10-16,138.835
2013-10-15,138.5673
2013-10-14,138.4764
2013-10-11,138.2686
2013-10-10,138.0978
2013-10-09,138.0033
2013-10-08,138.2077
2013-10-07,138.4439
2013-10-04,138.5363
2013-10-03,138.5121
2013-10-02,138.5953
2013-10-01,138.5523
2013-09-30,138.491
2013-09-27,138.5382
2013-09-26,138.5125
2013-09-25,138.4167
2013-09-24,138.367
2013-09-23,138.2697
2013-09-20,138.1276
2013-09-19,137.9022
2013-09-18,137.5496
2013-09-17,137.1349
2013-09-16,136.847
2013-09-13,136.5941
2013-09-12,136.3991
2013-09-11,136.2161
2013-09-10,135.9752
2013-09-09,135.7546
2013-09-06,135.6175
2013-09-05,135.6027
2013-09-04,135.5933
2013-09-03,135.601
2013-08-30,135.7265
2013-08-29,135.929
2013-08-28,136.1079
2013-08-27,136.3282
2013-08-26,136.6215
2013-08-23,136.7158
2013-08-22,136.7668
2013-08-21,136.8713
2013-08-20,137.116
2013-08-19,137.2985
2013-08-16,137.5701
2013-08-15,137.7789
2013-08-14,137.9624
2013-08-13,137.9622
2013-08-12,137.887
2013-08-09,137.8469
2013-08-08,137.7854
2013-08-07,137.6753
2013-08-06,137.6069
2013-08-05,137.484
2013-08-02,137.2647
2013-08-01,137.0008
2013-07-31,136.734
2013-07-30,136.607
2013-07-29,136.477
2013-07-26,136.3333
2013-07-25,136.1296
2013-07-24,135.9201
2013-07-23,135.7238
2013-07-22,135.4534
2013-07-19,135.1236
2013-07-18,134.7875
2013-07-17,134.4419
2013-07-16,134.139
2013-07-15,133.8412
2013-07-12,133.4579
2013-07-11,133.0893
2013-07-10,132.688
2013-07-09,132.438
2013-07-08,132.167
2013-07-05,131.9689
2013-07-03,131.83
2013-07-02,131.8262
2013-07-01,131.8281
2013-06-28,131.8173
2013-06-27,131.8862
2013-06-26,131.9056
2013-06-25,132.0079
2013-06-24,132.2561
2013-06-21,132.6604
2013-06-20,132.9343
2013-06-19,133.2806
2013-06-18,133.3166
2013-06-17,133.1603
2013-06-14,133.0989
2013-06-13,133.1389
2013-06-12,133.0949
2013-06-11,133.2569
2013-06-10,133.3204
2013-06-07,133.245
2013-06-06,133.1617
2013-06-05,133.2468
2013-06-04,133.4659
2013-06-03,133.512
2013-05-31,133.4953
2013-05-30,133.5539
2013-05-29,133.4149
2013-05-28,133.3135
2013-05-24,133.109
2013-05-23,132.9677
2013-05-22,132.7995
2013-05-21,132.5725
2013-05-20,132.2155
2013-05-17,131.8415
2013-05-16,131.4272
2013-05-15,131.1063
2013-05-14,130.6848
2013-05-13,130.2952
2013-05-10,130.0093
2013-05-09,129.7043
2013-05-08,129.4127
2013-05-07,129.051
2013-05-06,128.7145
2013-05-03,128.4129
2013-05-02,128.1145
2013-05-01,127.9235
2013-04-30,127.8382
2013-04-29,127.6241
2013-04-26,127.42
2013-04-25,127.2851
2013-04-24,127.1121
2013-04-23,126.9757
2013-04-22,126.8334
2013-04-19,126.814
2013-04-18,126.8517
2013-04-17,127.008
2013-04-16,127.0978
2013-04-15,127.0
2013-04-12,127.0881
2013-04-11,126.8704
2013-04-10,126.5963
2013-04-09,126.3379
2013-04-08,126.2167
2013-04-05,126.129
2013-04-04,126.122
2013-04-03,126.0542
2013-04-02,126.0333
2013-04-01,125.8741
2013-03-28,125.764
2013-03-27,125.5892
2013-03-26,125.4371
2013-03-25,125.2691
2013-03-22,125.1895
2013-03-21,125.0458
2013-03-20,124.9932
2013-03-19,124.8213
2013-03-18,124.7236
2013-03-15,124.5849
2013-03-14,124.3579
2013-03-13,124.0895
2013-03-12,123.8636
2013-03-11,123.6326
2013-03-08,123.3475
2013-03-07,123.0826
2013-03-06,122.8461
2013-03-05,122.6086
2013-03-04,122.364
2013-03-01,122.2105
2013-02-28,122.1098
2013-02-27,122.0411
2013-02-26,121.9396
2013-02-25,121.9885
2013-02-22,122.1295
2013-02-21,122.0391
2013-02-20,122.0644
2013-02-19,122.0139
2013-02-15,121.7954
2013-02-14,121.651
2013-02-13,121.476
2013-02-12,121.2946
2013-02-11,121.1052
2013-02-08,120.9171
2013-02-07,120.7067
2013-02-06,120.5457
2013-02-05,120.3507
2013-02-04,120.1446
2013-02-01,120.0455
2013-01-31,119.7911
2013-01-30,119.6411
2013-01-29,119.4439
2013-01-28,119.1755
2013-01-25,118.9292
2013-01-24,118.6417
2013-01-23,118.3954
2013-01-22,118.1267
2013-01-18,117.8501
2013-01-17,117.6126
2013-01-16,117.3783
2013-01-15,117.2002
2013-01-14,117.0017
2013-01-11,116.7908
2013-01-10,116.5492
2013-01-09,116.2813
2013-01-08,116.084
2013-01-07,115.8976
2013-01-04,115.6557
2013-01-03,115.3543
2013-01-02,115.0757
2012-12-31,114.7396
2012-12-28,114.6792
2012-12-27,114.8154
2012-12-26,114.8355
2012-12-24,114.8415
2012-12-21,114.797
2012-12-20,114.7103
2012-12-19,114.5038
2012-12-18,114.3458
2012-12-17,114.0798
2012-12-14,113.9211
2012-12-13,113.8871
2012-12-12,113.8047
2012-12-11,113.6391
2012-12-10,113.462
2012-12-07,113.3483
2012-12-06,113.2278
2012-12-05,113.1309
2012-12-04,113.0645
2012-12-03,113.0123
2012-11-30,112.9376
2012-11-29,112.7958
2012-11-28,112.6417
2012-11-27,112.5272
2012-11-26,112.4962
2012-11-23,112.4011
2012-11-21,112.2705
2012-11-20,112.287
2012-11-19,112.3273
2012-11-16,112.3768
2012-11-15,112.6652
2012-11-14,113.0406
2012-11-13,113.4361
2012-11-12,113.7157
2012-11-09,113.9842
2012-11-08,114.2903
2012-11-07,114.6387
2012-11-06,114.8817
2012-11-05,114.876
2012-11-02,114.9637
2012-11-01,115.0851
2012-10-31,115.1118
2012-10-26,115.2666
2012-10-25,115.4377
2012-10-24,115.62
2012-10-23,115.8562
2012-10-22,116.0835
2012-10-19,116.1662
2012-10-18,116.2594
2012-10-17,116.1567
2012-10-16,116.011
2012-10-15,115.9059
2012-10-12,115.9132
2012-10-11,116.022
2012-10-10,116.1025
2012-10-09,116.1983
2012-10-08,116.2262
2012-10-05,116.1353
2012-10-04,115.9924
2012-10-03,115.8354
2012-10-02,115.7499
2012-10-01,115.7052
2012-09-28,115.6686
2012-09-27,115.6603
2012-09-26,115.5944
2012-09-25,115.6358
2012-09-24,115.6131
2012-09-21,115.4567
2012-09-20,115.2653
2012-09-19,115.0486
2012-09-18,114.81
2012-09-17,114.553
2012-09-14,114.2588
2012-09-13,113.8916
2012-09-12,113.5404
2012-09-11,113.3375
2012-09-10,113.1536
2012-09-07,112.984
2012-09-06,112.7275
2012-09-05,112.4912
2012-09-04,112.4708
2012-08-31,112.4381
2012-08-30,112.391
2012-08-29,112.3954
2012-08-28,112.3143
2012-08-27,112.234
2012-08-24,112.1335
2012-08-23,112.0249
2012-08-22,111.9764
2012-08-21,111.8252
2012-08-20,111.663
2012-08-17,111.4477
2012-08-16,111.2105
2012-08-15,110.9643
2012-08-14,110.7798
2012-08-13,110.5893
2012-08-10,110.3805
2012-08-09,110.1437
2012-08-08,109.9014
2012-08-07,109.6438
2012-08-06,109.3732
2012-08-03,109.1332
2012-08-02,108.8906
2012-08-01,108.8506
2012-07-31,108.7264
2012-07-30,108.579
2012-07-27,108.3345
2012-07-26,108.0642
2012-07-25,107.9768
2012-07-24,108.0662
2012-07-23,108.1676
2012-07-20,108.1819
2012-07-19,108.0816
2012-07-18,107.8647
2012-07-17,107.6553
2012-07-16,107.5088
2012-07-13,107.4252
2012-07-12,107.3058
2012-07-11,107.3625
2012-07-10,107.3704
2012-07-09,107.3808
2012-07-06,107.293
2012-07-05,107.1816
2012-07-03,106.9491
2012-07-02,106.6399
2012-06-29,106.3739
2012-06-28,106.1144
2012-06-27,106.1063
2012-06-26,106.0653
2012-06-25,106.1202
2012-06-22,106.2364
2012-06-21,106.1846
2012-06-20,106.2133
2012-06-19,105.9892
2012-06-18,105.7229
2012-06-15,105.538
2012-06-14,105.3555
2012-06-13,105.2676
2012-06-12,105.2877
2012-06-11,105.2387
2012-06-08,105.311
2012-06-07,105.2493
2012-06-06,105.2692
2012-06-05,105.2978
2012-06-04,105.5723
2012-06-01,105.9569
2012-05-31,106.377
2012-05-30,106.5641
2012-05-29,106.7466
2012-05-25,106.7858
2012-05-24,106.9632
2012-05-23,107.1232
2012-05-22,107.3219
2012-05-21,107.5473
2012-05-18,107.8157
2012-05-17,108.2991
2012-05-16,108.7397
2012-05-15,109.0616
2012-05-14,109.3746
2012-05-11,109.6562
2012-05-10,109.8417
2012-05-09,110.0125
2012-05-08,110.2247
2012-05-07,110.3913
2012-05-04,110.5295
2012-05-03,110.6906
2012-05-02,110.6802
2012-05-01,110.579
2012-04-30,110.4321
2012-04-27,110.3426
2012-04-26,110.2001
2012-04-25,110.0618
2012-04-24,109.9902
2012-04-23,110.0686
2012-04-20,110.1987
2012-04-19,110.2454
2012-04-18,110.3163
2012-04-17,110.3201
2012-04-16,110.2849
2012-04-13,110.4161
2012-04-12,110.5535
2012-04-11,110.5672
2012-04-10,110.7322
2012-04-09,111.0067
2012-04-05,111.1159
2012-04-04,111.105
2012-04-03,111.0871
2012-04-02,110.9501
2012-03-30,110.7501
2012-03-29,110.6153
2012-03-28,110.5149
2012-03-27,110.3839
2012-03-26,110.1804
2012-03-23,109.9186
2012-03-22,109.7935
2012-03-21,109.6928
2012-03-20,109.497
2012-03-19,109.2613
2012-03-16,108.9664
2012-03-15,108.6866
2012-03-14,108.3935
2012-03-13,108.137
2012-03-12,107.8411
2012-03-09,107.7208
2012-03-08,107.5887
2012-03-07,107.4869
2012-03-06,107.4869
2012-03-05,107.5653
2012-03-02,107.4852
2012-03-01,107.3499
2012-02-29,107.1654
2012-02-28,107.0207
2012-02-27,106.8157
2012-02-24,106.6225
2012-02-23,106.4281
2012-02-22,106.2383
2012-02-21,106.0785
2012-02-17,105.8653
2012-02-16,105.6346
2012-02-15,105.4096
2012-02-14,105.2852
2012-02-13,105.0951
2012-02-10,104.8709
2012-02-09,104.7064
2012-02-08,104.4413
2012-02-07,104.1624
2012-02-06,103.8875
2012-02-03,103.612
2012-02-02,103.3001
2012-02-01,103.1103
2012-01-31,102.9182
2012-01-30,102.8016
2012-01-27,102.6687
2012-01-26,102.4842
2012-01-25,102.2753
2012-01-24,101.9878
2012-01-23,101.7617
2012-01-20,101.4992
2012-01-19,101.1808
2012-01-18,100.8697
2012-01-17,100.5835
2012-01-13,100.3863
2012-01-12,100.2101
2012-01-11,99.9594
2012-01-10,99.7082
2012-01-09,99.4364
2012-01-06,99.2286
2012-01-05,99.0247
2012-01-04,98.7719
2012-01-03,98.5208
2011-12-30,98.2599
2011-12-29,98.1383
2011-12-28,97.9523
2011-12-27,97.8542
2011-12-23,97.6074
2011-12-22,97.3429
2011-12-21,97.144
2011-12-20,97.0159
2011-12-19,96.8943
2011-12-16,97.0634
2011-12-15,97.142
2011-12-14,97.2437
2011-12-13,97.3926
2011-12-12,97.4486
2011-12-09,97.4144
2011-12-08,97.2241
2011-12-07,97.1878
2011-12-06,96.9174
2011-12-05,96.6574
2011-12-02,96.3733
2011-12-01,96.1721
2011-11-30,95.9405
2011-11-29,95.6829
2011-11-28,95.8076
2011-11-25,95.9735
2011-11-23,96.4361
2011-11-22,96.9292
2011-11-21,97.2563
2011-11-18,97.5788
2011-11-17,97.7431
2011-11-16,97.9139
2011-11-15,97.9394
2011-11-14,97.8019
2011-11-11,97.7013
2011-11-10,97.4907
2011-11-09,97.4518
2011-11-08,97.505
2011-11-07,97.1726
2011-11-04,96.9395
2011-11-03,96.7465
2011-11-02,96.4693
2011-11-01,96.3503
2011-10-31,96.3836
2011-10-28,96.1303
2011-10-27,95.5936
2011-10-26,94.9979
2011-10-25,94.6983
2011-10-24,94.4707
2011-10-21,94.017
2011-10-20,93.6414
2011-10-19,93.4177
2011-10-18,93.2144
2011-10-17,92.8696
2011-10-14,92.6832
2011-10-13,92.2832
2011-10-12,92.0119
2011-10-11,91.6921
2011-10-10,91.4256
2011-10-07,91.141
2011-10-06,91.1472
2011-10-05,91.0893
2011-10-04,91.1969
2011-10-03,91.4882
2011-09-30,92.0098
2011-09-29,92.3195
2011-09-28,92.4215
2011-09-27,92.6097
2011-09-26,92.6188
2011-09-23,92.7365
2011-09-22,93.0904
2011-09-21,93.5379
2011-09-20,93.7201
2011-09-19,93.6282
2011-09-16,93.515
2011-09-15,93.2896
2011-09-14,93.0995
2011-09-13,93.0591
2011-09-12,93.1489
2011-09-09,93.3363
2011-09-08,93.6052
2011-09-07,93.6453
2011-09-06,93.5865
2011-09-02,93.7937
2011-09-01,93.9517
2011-08-31,93.8716
2011-08-30,93.6775
2011-08-29,93.5076
2011-08-26,93.3462
2011-08-25,93.4472
2011-08-24,93.6981
2011-08-23,93.8271
2011-08-22,94.1049
2011-08-19,94.7177
2011-08-18,95.4025
2011-08-17,96.0052
2011-08-16,96.2459
2011-08-15,96.5187
2011-08-12,96.7352
2011-08-11,97.1805
2011-08-10,97.7379
2011-08-09,98.7695
2011-08-08,99.4817
2011-08-05,100.6993
2011-08-04,101.4004
2011-08-03,102.1604
2011-08-02,102.5133
2011-08-01,102.9594
2011-07-29,103.1812
2011-07-28,103.381
2011-07-27,103.5285
2011-07-26,103.6601
2011-07-25,103.5806
2011-07-22,103.4515
2011-07-21,103.247
2011-07-20,103.0284
2011-07-19,102.9384
2011-07-18,102.8324
2011-07-15,102.89
2011-07-14,102.8646
2011-07-13,102.8992
2011-07-12,102.8624
2011-07-11,102.858
2011-07-08,102.8062
2011-07-07,102.5486
2011-07-06,102.1847
2011-07-05,101.8971
2011-07-01,101.5924
2011-06-30,101.2466
2011-06-29,101.0252
2011-06-28,100.8835
2011-06-27,100.8183
2011-06-24,100.884
2011-06-23,101.0498
2011-06-22,101.1101
2011-06-21,101.1463
2011-06-20,101.122
2011-06-17,101.2395
2011-06-16,101.4228
2011-06-15,101.6565
2011-06-14,101.9377
2011-06-13,102.0599
2011-06-10,102.3278
2011-06-09,102.6321
2011-06-08,102.8207
2011-06-07,103.1097
2011-06-06,103.3847
2011-06-03,103.6821
2011-06-02,103.8977
2011-06-01,104.0284
2011-05-31,104.1615
2011-05-27,104.06
2011-05-26,104.0618
2011-05-25,104.1057
2011-05-24,104.2042
2011-05-23,104.3492
2011-05-20,104.5004
2011-05-19,104.5404
2011-05-18,104.4969
2011-05-17,104.475
2011-05-16,104.5484
2011-05-13,104.6279
2011-05-12,104.646
2011-05-11,104.5807
2011-05-10,104.5611
2011-05-09,104.4221
2011-05-06,104.3628
2011-05-05,104.3399
2011-05-04,104.363
2011-05-03,104.2885
2011-05-02,104.1322
2011-04-29,103.9194
2011-04-28,103.6669
2011-04-27,103.4141
2011-04-26,103.1708
2011-04-25,102.974
2011-04-21,102.8508
2011-04-20,102.7033
2011-04-19,102.5959
2011-04-18,102.6241
2011-04-15,102.7168
2011-04-14,102.6978
2011-04-13,102.7162
2011-04-12,102.7448
2011-04-11,102.7755
2011-04-08,102.7283
2011-04-07,102.6433
2011-04-06,102.5116
2011-04-05,102.3381
2011-04-04,102.1809
2011-04-01,102.0054
2011-03-31,101.8205
2011-03-30,101.6621
2011-03-29,101.4722
2011-03-28,101.337
2011-03-25,101.2597
2011-03-24,101.1481
2011-03-23,101.0575
2011-03-22,101.0591
2011-03-21,101.0913
2011-03-18,101.0899
2011-03-17,101.2507
2011-03-16,101.4664
2011-03-15,101.8411
2011-03-14,102.0609
2011-03-11,102.1821
2011-03-10,102.2516
2011-03-09,102.4019
2011-03-08,102.3679
2011-03-07,102.3148
2011-03-04,102.3501
2011-03-03,102.3041
2011-03-02,102.1716
2011-03-01,102.2098
2011-02-28,102.2748
2011-02-25,102.1654
2011-02-24,102.1114
2011-02-23,102.166
2011-02-22,102.2191
2011-02-18,102.2116
2011-02-17,101.9828
2011-02-16,101.7528
2011-02-15,101.5312
2011-02-14,101.3549
2011-02-11,101.1258
2011-02-10,100.8987
2011-02-09,100.7122
2011-02-08,100.5101
2011-02-07,100.2623
2011-02-04,100.0374
2011-02-03,99.8558
2011-02-02,99.6853
2011-02-01,99.5205
2011-01-31,99.318
2011-01-28,99.2624
2011-01-27,99.2793
2011-01-26,99.1127
2011-01-25,98.9546
2011-01-24,98.8207
2011-01-21,98.6785
2011-01-20,98.5809
2011-01-19,98.4967
2011-01-18,98.3898
2011-01-14,98.1679
2011-01-13,97.9406
2011-01-12,97.7654
2011-01-11,97.5545
2011-01-10,97.4154
2011-01-07,97.2983
2011-01-06,97.1559
2011-01-05,96.9781
2011-01-04,96.7612
2011-01-03,96.5753
2010-12-31,96.3641
2010-12-30,96.2369
2010-12-29,96.0987
2010-12-28,95.9297
2010-12-27,95.7502
2010-12-23,95.5665
2010-12-22,95.3676
2010-12-21,95.1331
2010-12-20,94.9057
2010-12-17,94.7189
2010-12-16,94.5369
2010-12-15,94.3465
2010-12-14,94.1947
2010-12-13,93.9805
2010-12-10,93.7527
2010-12-09,93.5075
2010-12-08,93.2949
2010-12-07,93.0989
2010-12-06,92.9189
2010-12-03,92.7256
2010-12-02,92.5015
2010-12-01,92.2805
2010-11-30,92.1622
2010-11-29,92.2362
2010-11-26,92.2636
2010-11-24,92.323
2010-11-23,92.275
2010-11-22,92.3642
2010-11-19,92.3213
2010-11-18,92.2658
2010-11-17,92.2313
2010-11-16,92.3345
2010-11-15,92.4534
2010-11-12,92.433
2010-11-11,92.3966
2010-11-10,92.2393
2010-11-09,92.0281
2010-11-08,91.8345
2010-11-05,91.549
2010-11-04,91.2148
2010-11-03,90.8827
2010-11-02,90.7034
2010-11-01,90.5443
2010-10-29,90.4447
2010-10-28,90.3379
2010-10-27,90.2272
2010-10-26,90.1065
2010-10-25,89.9454
2010-10-22,89.769
2010-10-21,89.6025
2010-10-20,89.4363
2010-10-19,89.2737
2010-10-18,89.1867
2010-10-15,88.9645
2010-10-14,88.7661
2010-10-13,88.5663
2010-10-12,88.3081
2010-10-11,88.0967
2010-10-08,87.8923
2010-10-07,87.6752
2010-10-06,87.4882
2010-10-05,87.27
2010-10-04,87.0282
2010-10-01,86.9469
2010-09-30,86.7871
2010-09-29,86.6496
2010-09-28,86.4699
2010-09-27,86.2551
2010-09-24,86.0502
2010-09-23,85.779
2010-09-22,85.6678
2010-09-21,85.4701
2010-09-20,85.2061
2010-09-17,84.8957
2010-09-16,84.6923
2010-09-15,84.4709
2010-09-14,84.2238
2010-09-13,83.9854
2010-09-10,83.7162
2010-09-09,83.519
2010-09-08,83.3462
2010-09-07,83.1965
2010-09-03,83.0932
2010-09-02,82.878
2010-09-01,82.755
2010-08-31,82.7006
2010-08-30,82.8951
2010-08-27,83.11
2010-08-26,83.2223
2010-08-25,83.4782
2010-08-24,83.7036
2010-08-23,83.9859
2010-08-20,84.1694
2010-08-19,84.3391
2010-08-18,84.4983
2010-08-17,84.5199
2010-08-16,84.56
2010-08-13,84.7118
2010-08-12,84.8756
2010-08-11,85.0307
2010-08-10,85.1479
2010-08-09,85.0287
2010-08-06,84.8475
2010-08-05,84.6958
2010-08-04,84.4909
2010-08-03,84.2548
2010-08-02,84.0544
2010-07-30,83.7893
2010-07-29,83.6975
2010-07-28,83.5945
2010-07-27,83.437
2010-07-26,83.2046
2010-07-23,82.9471
2010-07-22,82.7553
2010-07-21,82.6202
2010-07-20,82.6639
2010-07-19,82.5984
2010-07-16,82.622
2010-07-15,82.6991
2010-07-14,82.5403
2010-07-13,82.3672
2010-07-12,82.175
2010-07-09,82.0943
2010-07-08,82.0108
2010-07-07,81.9831
2010-07-06,82.0374
2010-07-02,82.3593
2010-07-01,82.7692
2010-06-30,83.177
2010-06-29,83.5905
2010-06-28,83.9675
2010-06-25,84.116
2010-06-24,84.2525
2010-06-23,84.4398
2010-06-22,84.5006
2010-06-21,84.5402
2010-06-18,84.4354
2010-06-17,84.2936
2010-06-16,84.1467
2010-06-15,83.9988
2010-06-14,83.8321
2010-06-11,83.8481
2010-06-10,83.8521
2010-06-09,83.8992
2010-06-08,84.2006
2010-06-07,84.4879
2010-06-04,84.8963
2010-06-03,85.2408
2010-06-02,85.3085
2010-06-01,85.414
2010-05-28,85.7558
2010-05-27,85.9856
2010-05-26,86.1278
2010-05-25,86.5737
2010-05-24,87.0143
2010-05-21,87.5101
2010-05-20,87.9454
2010-05-19,88.5529
2010-05-18,88.8849
2010-05-17,89.2003
2010-05-14,89.4243
2010-05-13,89.6767
2010-05-12,89.7867
2010-05-11,89.7909
2010-05-10,89.9258
2010-05-07,90.0484
2010-05-06,90.578
2010-05-05,91.0282
2010-05-04,91.2138
2010-05-03,91.3625
2010-04-30,91.2993
2010-04-29,91.3534
2010-04-28,91.2482
2010-04-27,91.2509
2010-04-26,91.3264
2010-04-23,91.179
2010-04-22,90.979
2010-04-21,90.8215
2010-04-20,90.6765
2010-04-19,90.4984
2010-04-16,90.3877
2010-04-15,90.3015
2010-04-14,90.051
2010-04-13,89.7822
2010-04-12,89.5944
2010-04-09,89.3942
2010-04-08,89.1881
2010-04-07,89.0231
2010-04-06,88.8738
2010-04-05,88.6539
2010-04-01,88.4335
2010-03-31,88.2671
2010-03-30,88.1475
2010-03-29,87.9832
2010-03-26,87.808
2010-03-25,87.6739
2010-03-24,87.52
2010-03-23,87.3346
2010-03-22,87.0839
2010-03-19,86.8728
2010-03-18,86.6893
2010-03-17,86.4392
2010-03-16,86.158
2010-03-15,85.9025
2010-03-12,85.6938
2010-03-11,85.4655
2010-03-10,85.214
2010-03-09,84.9745
2010-03-08,84.7506
2010-03-05,84.5184
2010-03-04,84.2633
2010-03-03,84.1103
2010-03-02,83.9685
2010-03-01,83.8197
2010-02-26,83.6802
2010-02-25,83.618
2010-02-24,83.5549
2010-02-23,83.4732
2010-02-22,83.4637
2010-02-19,83.3452
2010-02-18,83.2157
2010-02-17,83.0911
2010-02-16,83.0053
2010-02-12,82.9523
2010-02-11,83.0298
2010-02-10,83.1082
2010-02-09,83.2847
2010-02-08,83.4628
2010-02-05,83.7663
2010-02-04,84.04
2010-02-03,84.3602
2010-02-02,84.4425
2010-02-01,84.4895
2010-01-29,84.6471
2010-01-28,84.9551
2010-01-27,85.2009
2010-01-26,85.3717
2010-01-25,85.6022
2010-01-22,85.8201
2010-01-21,86.1057
2010-01-20,86.222
2010-01-19,86.1751
2010-01-15,86.0295
2010-01-14,85.9824
2010-01-13,85.8269
2010-01-12,85.68
2010-01-11,85.5944
2010-01-08,85.4141
2010-01-07,85.2277
2010-01-06,85.0521
2010-01-05,84.8965
2010-01-04,84.7309
2009-12-31,84.5718
2009-12-30,84.5475
2009-12-29,84.434
2009-12-28,84.3055
2009-12-24,84.1505
2009-12-23,83.9985
2009-12-22,83.8729
2009-12-21,83.7518
2009-12-18,83.6499
2009-12-17,83.627
2009-12-16,83.6512
2009-12-15,83.5711
2009-12-14,83.4961
2009-12-11,83.3718
2009-12-10,83.2949
2009-12-09,83.2474
2009-12-08,83.2443
2009-12-07,83.2736
2009-12-04,83.2079
2009-12-03,83.1218
2009-12-02,83.0768
2009-12-01,82.9578
2009-11-30,82.8222
2009-11-27,82.7807
2009-11-25,82.7644
2009-11-24,82.6021
2009-11-23,82.4538
2009-11-20,82.3034
2009-11-19,82.248
2009-11-18,82.1556
2009-11-17,81.938
2009-11-16,81.6919
2009-11-13,81.4303
2009-11-12,81.2678
2009-11-11,81.1352
2009-11-10,80.8994
2009-11-09,80.6834
2009-11-06,80.4463
2009-11-05,80.3786
2009-11-04,80.3262
2009-11-03,80.4219
2009-11-02,80.5493
2009-10-30,80.7163
2009-10-29,80.9615
2009-10-28,80.9863
2009-10-27,81.1922
2009-10-26,81.2596
2009-10-23,81.2951
2009-10-22,81.241
2009-10-21,81.0817
2009-10-20,80.9933
2009-10-19,80.8175
2009-10-16,80.5769
2009-10-15,80.3828
2009-10-14,80.1028
2009-10-13,79.8253
2009-10-12,79.666
2009-10-09,79.4723
2009-10-08,79.2918
2009-10-07,79.144
2009-10-06,79.0452
2009-10-05,78.9591
2009-10-02,78.9827
2009-10-01,79.1307
2009-09-30,79.256
2009-09-29,79.1857
2009-09-28,79.0753
2009-09-25,78.9279
2009-09-24,78.9139
2009-09-23,78.8538
2009-09-22,78.6942
2009-09-21,78.4469
2009-09-18,78.2229
2009-09-17,77.9539
2009-09-16,77.6619
2009-09-15,77.3266
2009-09-14,77.0828
2009-09-11,76.8482
2009-09-10,76.6294
2009-09-09,76.386
2009-09-08,76.201
2009-09-04,76.0591
2009-09-03,75.9722
2009-09-02,75.9878
2009-09-01,76.071
2009-08-31,76.1328
2009-08-28,76.0218
2009-08-27,75.8262
2009-08-26,75.6085
2009-08-25,75.3861
2009-08-24,75.141
2009-08-21,74.886
2009-08-20,74.6034
2009-08-19,74.448
2009-08-18,74.358
2009-08-17,74.3275
2009-08-14,74.3556
2009-08-13,74.19
2009-08-12,73.9451
2009-08-11,73.7355
2009-08-10,73.5887
2009-08-07,73.3265
2009-08-06,73.0201
2009-08-05,72.7853
2009-08-04,72.4846
2009-08-03,72.1292
2009-07-31,71.757
2009-07-30,71.4749
2009-07-29,71.1742
2009-07-28,70.9227
2009-07-27,70.6257
2009-07-24,70.261
2009-07-23,69.8809
2009-07-22,69.4925
2009-07-21,69.2305
2009-07-20,68.9394
2009-07-17,68.6525
2009-07-16,68.4147
2009-07-15,68.2328
2009-07-14,68.0198
2009-07-13,67.9946
2009-07-10,68.0071
2009-07-09,68.1907
2009-07-08,68.3769
2009-07-07,68.5962
2009-07-06,68.8338
2009-07-02,68.9585
2009-07-01,69.0955
2009-06-30,69.0471
2009-06-29,69.0237
2009-06-26,68.9384
2009-06-25,68.9123
2009-06-24,68.8644
2009-06-23,68.9669
2009-06-22,69.1412
2009-06-19,69.3395
2009-06-18,69.3398
2009-06-17,69.3667
2009-06-16,69.4494
2009-06-15,69.5336
2009-06-12,69.5273
2009-06-11,69.3485
2009-06-10,69.1714
2009-06-09,69.0087
2009-06-08,68.81
2009-06-05,68.6282
2009-06-04,68.3965
2009-06-03,68.142
2009-06-02,67.9302
2009-06-01,67.6014
2009-05-29,67.2443
2009-05-28,67.0262
2009-05-27,66.9121
2009-05-26,66.8846
2009-05-22,66.7257
2009-05-21,66.7298
2009-05-20,66.7194
2009-05-19,66.6054
2009-05-18,66.4313
2009-05-15,66.2301
2009-05-14,66.2065
2009-05-13,66.1229
2009-05-12,66.0904
2009-05-11,65.8739
2009-05-08,65.6133
2009-05-07,65.1881
2009-05-06,64.8852
2009-05-05,64.4496
2009-05-04,64.0919
2009-05-01,63.6721
2009-04-30,63.444
2009-04-29,63.2288
2009-04-28,62.9934
2009-04-27,62.8767
2009-04-24,62.7264
2009-04-23,62.4957
2009-04-22,62.3423
2009-04-21,62.2383
2009-04-20,62.0824
2009-04-17,62.0385
2009-04-16,61.7022
2009-04-15,61.3763
2009-04-14,61.1146
2009-04-13,60.8964
2009-04-09,60.5384
2009-04-08,60.1444
2009-04-07,59.9675
2009-04-06,59.8414
2009-04-03,59.5483
2009-04-02,59.1722
2009-04-01,58.822
2009-03-31,58.6219
2009-03-30,58.5221
2009-03-27,58.4694
2009-03-26,58.1887
2009-03-25,57.7603
2009-03-24,57.4176
2009-03-23,57.1059
2009-03-20,56.6336
2009-03-19,56.5461
2009-03-18,56.3188
2009-03-17,55.99
2009-03-16,55.7637
2009-03-13,55.6951
2009-03-12,55.6013
2009-03-11,55.5438
2009-03-10,55.7041
2009-03-09,55.9181
2009-03-06,56.4725
2009-03-05,57.0218
2009-03-04,57.6383
2009-03-03,58.0904
2009-03-02,58.72
2009-02-27,59.3743
2009-02-26,59.8369
2009-02-25,60.2159
2009-02-24,60.5369
2009-02-23,60.8439
2009-02-20,61.4048
2009-02-19,61.8079
2009-02-18,62.194
2009-02-17,62.5541
2009-02-13,62.9373
2009-02-12,63.0837
2009-02-11,63.175
2009-02-10,63.2807
2009-02-09,63.4358
2009-02-06,63.295
2009-02-05,63.1487
2009-02-04,63.1756
2009-02-03,63.3025
2009-02-02,63.4106
2009-01-30,63.6209
2009-01-29,63.8338
2009-01-28,63.9344
2009-01-27,63.8233
2009-01-26,63.9245
2009-01-23,64.1027
2009-01-22,64.3444
2009-01-21,64.6397
2009-01-20,64.8643
2009-01-16,65.385
2009-01-15,65.609
2009-01-14,65.9083
2009-01-13,66.2413
2009-01-12,66.395
2009-01-09,66.5774
2009-01-08,66.6114
2009-01-07,66.4964
2009-01-06,66.3982
2009-01-05,66.0705
2009-01-02,65.7569
2008-12-31,65.4016
2008-12-30,65.2218
2008-12-29,65.1226
2008-12-26,65.1742
2008-12-24,65.2116
2008-12-23,65.2921
2008-12-22,65.4202
2008-12-19,65.4913
2008-12-18,65.4815
2008-12-17,65.4411
2008-12-16,65.2644
2008-12-15,65.0
2008-12-12,65.0285
2008-12-11,64.9637
2008-12-10,64.9736
2008-12-09,64.816
2008-12-08,64.6892
2008-12-05,64.4326
2008-12-04,64.3874
2008-12-03,64.5416
2008-12-02,64.5552
2008-12-01,64.7295
2008-11-28,65.1674
2008-11-26,65.0318
2008-11-25,64.9689
2008-11-24,65.1564
2008-11-21,65.4125
2008-11-20,66.1234
2008-11-19,67.2253
2008-11-18,67.9733
2008-11-17,68.3667
2008-11-14,68.9266
2008-11-13,69.4562
2008-11-12,69.6882
2008-11-11,70.36
2008-11-10,70.7958
2008-11-07,71.0555
2008-11-06,71.247
2008-11-05,71.6915
2008-11-04,71.769
2008-11-03,71.527
2008-10-31,71.5157
2008-10-30,71.525
2008-10-29,71.5764
2008-10-28,71.8833
2008-10-27,72.1697
2008-10-24,73.2479
2008-10-23,74.1997
2008-10-22,74.8907
2008-10-21,75.7358
2008-10-20,76.2647
2008-10-17,76.6201
2008-10-16,77.4478
2008-10-15,78.3191
2008-10-14,79.5734
2008-10-13,80.1963
2008-10-10,80.7684
2008-10-09,82.3985
2008-10-08,84.0293
2008-10-07,85.303
2008-10-06,86.5151
2008-10-03,87.4907
2008-10-02,88.1325
2008-10-01,88.7247
2008-09-30,89.0522
2008-09-29,89.4197
2008-09-26,90.1839
2008-09-25,90.2931
2008-09-24,90.4186
2008-09-23,90.7016
2008-09-22,91.0439
2008-09-19,91.208
2008-09-18,91.1711
2008-09-17,91.4965
2008-09-16,92.1233
2008-09-15,92.3921
2008-09-12,92.8444
2008-09-11,92.8811
2008-09-10,92.9663
2008-09-09,93.1988
2008-09-08,93.4943
2008-09-05,93.5299
2008-09-04,93.7676
2008-09-03,94.0605
2008-09-02,94.0869
2008-08-29,94.1076
2008-08-28,94.0688
2008-08-27,93.9177
2008-08-26,93.8711
2008-08-25,93.9155
2008-08-22,93.993
2008-08-21,93.8757
2008-08-20,93.8888
2008-08-19,93.9203
2008-08-18,94.0007
2008-08-15,93.9815
2008-08-14,93.8227
2008-08-13,93.6959
2008-08-12,93.6307
2008-08-11,93.4984
2008-08-08,93.2471
2008-08-07,93.0728
2008-08-06,93.0625
2008-08-05,92.9028
2008-08-04,92.7702
2008-08-01,92.884
2008-07-31,92.9194
2008-07-30,92.9068
2008-07-29,92.7616
2008-07-28,92.7748
2008-07-25,92.9933
2008-07-24,93.0927
2008-07-23,93.2003
2008-07-22,93.1137
2008-07-21,93.0714
2008-07-18,93.135
2008-07-17,93.2107
2008-07-16,93.3546
2008-07-15,93.6094
2008-07-14,94.1204
2008-07-11,94.5516
2008-07-10,94.9416
2008-07-09,95.26
2008-07-08,95.6513
2008-07-07,95.8946
2008-07-03,96.3349
2008-07-02,96.722
2008-07-01,97.1598
2008-06-30,97.4739
2008-06-27,97.8519
2008-06-26,98.3044
2008-06-25,98.7506
2008-06-24,98.9672
2008-06-23,99.2545
2008-06-20,99.552
2008-06-19,99.8708
2008-06-18,100.0563
2008-06-17,100.2745
2008-06-16,100.4142
2008-06-13,100.5178
2008-06-12,100.6386
2008-06-11,100.9026
2008-06-10,101.2337
2008-06-09,101.4459
2008-06-06,101.6282
2008-06-05,101.8551
2008-06-04,101.7609
2008-06-03,101.8688
2008-06-02,101.9827
2008-05-30,102.0464
2008-05-29,102.0054
2008-05-28,101.9869
2008-05-27,102.0203
2008-05-23,102.1063
2008-05-22,102.2798
2008-05-21,102.3279
2008-05-20,102.3826
2008-05-19,102.2586
2008-05-16,102.0325
2008-05-15,101.8125
2008-05-14,101.5794
2008-05-13,101.4569
2008-05-12,101.3438
2008-05-09,101.2204
2008-05-08,101.2038
2008-05-07,101.1655
2008-05-06,101.0955
2008-05-05,100.8238
2008-05-02,100.6172
2008-05-01,100.3366
2008-04-30,100.0564
2008-04-29,99.9665
2008-04-28,99.8041
2008-04-25,99.5824
2008-04-24,99.3396
2008-04-23,99.1696
2008-04-22,99.0278
2008-04-21,98.8541
2008-04-18,98.6154
2008-04-17,98.3568
2008-04-16,98.181
2008-04-15,98.002
2008-04-14,98.0814
2008-04-11,98.1931
2008-04-10,98.2819
2008-04-09,98.1773
2008-04-08,98.0763
2008-04-07,97.8885
2008-04-04,97.6703
2008-04-03,97.4344
2008-04-02,97.1622
2008-04-01,96.8875
2008-03-31,96.5908
2008-03-28,96.6193
2008-03-27,96.6861
2008-03-26,96.6624
2008-03-25,96.604
2008-03-24,96.4126
2008-03-20,96.2111
2008-03-19,96.1912
2008-03-18,96.3528
2008-03-17,96.2784
2008-03-14,96.6036
2008-03-13,96.863
2008-03-12,96.9936
2008-03-11,97.1602
2008-03-10,97.2496
2008-03-07,97.7
2008-03-06,98.0671
2008-03-05,98.3696
2008-03-04,98.4922
2008-03-03,98.6919
2008-02-29,98.8736
2008-02-28,99.05
2008-02-27,99.0118
2008-02-26,98.8664
2008-02-25,98.6949
2008-02-22,98.5841
2008-02-21,98.5924
2008-02-20,98.6651
2008-02-19,98.659
2008-02-15,98.6828
2008-02-14,98.7382
2008-02-13,98.7971
2008-02-12,98.7705
2008-02-11,98.8466
2008-02-08,99.0255
2008-02-07,99.2752
2008-02-06,99.4855
2008-02-05,99.7852
2008-02-04,100.0339
2008-02-01,100.0266
2008-01-31,99.884
2008-01-30,99.8953
2008-01-29,100.0959
2008-01-28,100.2412
2008-01-25,100.453
2008-01-24,100.8552
2008-01-23,101.1508
2008-01-22,101.5638
2008-01-18,102.2604
2008-01-17,102.9279
2008-01-16,103.5609
2008-01-15,103.9891
2008-01-14,104.3714
2008-01-11,104.5561
2008-01-10,104.8467
2008-01-09,105.0807
2008-01-08,105.4097
2008-01-07,105.885
2008-01-04,106.236
2008-01-03,106.6147
2008-01-02,106.7619
2007-12-31,106.9192
2007-12-28,106.9952
2007-12-27,106.9959
2007-12-26,106.9684
2007-12-24,106.7942
2007-12-21,106.6261
2007-12-20,106.5245
2007-12-19,106.5723
2007-12-18,106.6951
2007-12-17,106.8309
2007-12-14,107.0425
2007-12-13,107.1167
2007-12-12,107.055
2007-12-11,106.9631
2007-12-10,106.9727
2007-12-07,106.6661
2007-12-06,106.4162
2007-12-05,106.1377
2007-12-04,105.992
2007-12-03,106.0172
2007-11-30,105.9446
2007-11-29,105.79
2007-11-28,105.7315
2007-11-27,105.6708
2007-11-26,105.9504
2007-11-23,106.3828
2007-11-21,106.6187
2007-11-20,107.0659
2007-11-19,107.3349
2007-11-16,107.6993
2007-11-15,107.9475
2007-11-14,108.241
2007-11-13,108.4033
2007-11-12,108.5515
2007-11-09,109.0485
2007-11-08,109.4882
2007-11-07,109.8206
2007-11-06,110.131
2007-11-05,110.1576
2007-11-02,110.3406
2007-11-01,110.4555
2007-10-31,110.5953
2007-10-30,110.4746
2007-10-29,110.4621
2007-10-26,110.3669
2007-10-25,110.3004
2007-10-24,110.3624
2007-10-23,110.4582
2007-10-22,110.5428
2007-10-19,110.7292
2007-10-18,111.0013
2007-10-17,110.9963
2007-10-16,110.9482
2007-10-15,110.9308
2007-10-12,110.818
2007-10-11,110.5929
2007-10-10,110.4095
2007-10-09,110.1498
2007-10-08,109.843
2007-10-05,109.6149
2007-10-04,109.2997
2007-10-03,109.0905
2007-10-02,108.8775
2007-10-01,108.6185
2007-09-28,108.3163
2007-09-27,108.1131
2007-09-26,107.8498
2007-09-25,107.6271
2007-09-24,107.4419
2007-09-21,107.2143
2007-09-20,106.9415
2007-09-19,106.6709
2007-09-18,106.2901
2007-09-17,105.9374
2007-09-14,105.8775
2007-09-13,105.7508
2007-09-12,105.61
2007-09-11,105.5331
2007-09-10,105.4769
2007-09-07,105.5434
2007-09-06,105.5958
2007-09-05,105.4977
2007-09-04,105.415
2007-08-31,105.226
2007-08-30,105.1299
2007-08-29,105.1326
2007-08-28,105.1062
2007-08-27,105.2904
2007-08-24,105.2495
2007-08-23,105.0998
2007-08-22,105.0714
2007-08-21,105.0301
2007-08-20,105.1148
2007-08-17,105.2303
2007-08-16,105.3526
2007-08-15,105.6854
2007-08-14,106.1335
2007-08-13,106.4796
2007-08-10,106.694
2007-08-09,106.9705
2007-08-08,107.2245
2007-08-07,107.1692
2007-08-06,107.264
2007-08-03,107.4868
2007-08-02,107.9156
2007-08-01,108.1018
2007-07-31,108.3962
2007-07-30,108.7754
2007-07-27,109.0688
2007-07-26,109.5649
2007-07-25,109.8929
2007-07-24,109.9837
2007-07-23,110.1076
2007-07-20,110.0424
2007-07-19,110.0058
2007-07-18,109.8466
2007-07-17,109.716
2007-07-16,109.5505
2007-07-13,109.3616
2007-07-12,109.1512
2007-07-11,108.9535
2007-07-10,108.9166
2007-07-09,108.9569
2007-07-06,108.8364
2007-07-05,108.7123
2007-07-03,108.6357
2007-07-02,108.5389
2007-06-29,108.4736
2007-06-28,108.5043
2007-06-27,108.5421
2007-06-26,108.5823
2007-06-25,108.7865
2007-06-22,108.8956
2007-06-21,108.9617
2007-06-20,108.9265
2007-06-19,108.9511
2007-06-18,108.8172
2007-06-15,108.6978
2007-06-14,108.5523
2007-06-13,108.4568
2007-06-12,108.4243
2007-06-11,108.5572
2007-06-08,108.5797
2007-06-07,108.6242
2007-06-06,108.8196
2007-06-05,108.829
2007-06-04,108.7151
2007-06-01,108.5432
2007-05-31,108.3547
2007-05-30,108.2036
2007-05-29,108.0246
2007-05-25,107.9202
2007-05-24,107.8463
2007-05-23,107.8121
2007-05-22,107.6703
2007-05-21,107.515
2007-05-18,107.3344
2007-05-17,107.1287
2007-05-16,107.0009
2007-05-15,106.837
2007-05-14,106.7334
2007-05-11,106.622
2007-05-10,106.474
2007-05-09,106.4069
2007-05-08,106.2136
2007-05-07,106.0309
2007-05-04,105.8139
2007-05-03,105.5763
2007-05-02,105.3567
2007-05-01,105.175
2007-04-30,105.0397
2007-04-27,104.9189
2007-04-26,104.6918
2007-04-25,104.4319
2007-04-24,104.1573
2007-04-23,103.9564
2007-04-20,103.7389
2007-04-19,103.4562
2007-04-18,103.2486
2007-04-17,103.0161
2007-04-16,102.7727
2007-04-13,102.533
2007-04-12,102.3722
2007-04-11,102.2442
2007-04-10,102.1509
2007-04-09,102.0034
2007-04-05,101.8531
2007-04-04,101.7021
2007-04-03,101.5646
2007-04-02,101.4247
2007-03-30,101.3853
2007-03-29,101.3539
2007-03-28,101.3215
2007-03-27,101.2969
2007-03-26,101.1914
2007-03-23,101.0492
2007-03-22,100.8776
2007-03-21,100.7038
2007-03-20,100.5034
2007-03-19,100.4568
2007-03-16,100.4634
2007-03-15,100.5965
2007-03-14,100.7144
2007-03-13,100.859
2007-03-12,101.0962
2007-03-09,101.1526
2007-03-08,101.2308
2007-03-07,101.3201
2007-03-06,101.5075
2007-03-05,101.704
2007-03-02,102.0977
2007-03-01,102.4337
2007-02-28,102.667
2007-02-27,102.8933
2007-02-26,103.2507
2007-02-23,103.2201
2007-02-22,103.1765
2007-02-21,103.0855
2007-02-20,102.9767
2007-02-16,102.8519
2007-02-15,102.7373
2007-02-14,102.6053
2007-02-13,102.4737
2007-02-12,102.3996
2007-02-09,102.4085
2007-02-08,102.3816
2007-02-07,102.2708
2007-02-06,102.134
2007-02-05,102.0068
2007-02-02,101.8693
2007-02-01,101.7203
2007-01-31,101.5707
2007-01-30,101.4698
2007-01-29,101.4304
2007-01-26,101.4424
2007-01-25,101.4497
2007-01-24,101.448
2007-01-23,101.3192
2007-01-22,101.2632
2007-01-19,101.2328
2007-01-18,101.1663
2007-01-17,101.1137
2007-01-16,101.0195
2007-01-12,100.92
2007-01-11,100.7889
2007-01-10,100.7252
2007-01-09,100.7012
2007-01-08,100.7101
2007-01-05,100.7108
2007-01-04,100.7605
2007-01-03,100.7305
2006-12-29,100.7199
2006-12-28,100.6894
2006-12-27,100.6114
2006-12-26,100.5026
2006-12-22,100.4523
2006-12-21,100.459
2006-12-20,100.401
2006-12-19,100.2979
2006-12-18,100.1779
2006-12-15,100.0656
2006-12-14,99.9122
2006-12-13,99.7436
2006-12-12,99.6505
2006-12-11,99.5589
2006-12-08,99.4494
2006-12-07,99.359
2006-12-06,99.2785
2006-12-05,99.1432
2006-12-04,98.9847
2006-12-01,98.8551
2006-11-30,98.7917
2006-11-29,98.6985
2006-11-28,98.6
2006-11-27,98.5994
2006-11-24,98.6435
2006-11-22,98.5481
2006-11-21,98.4001
2006-11-20,98.2575
2006-11-17,98.1103
2006-11-16,97.9536
2006-11-15,97.7834
2006-11-14,97.6221
2006-11-13,97.4738
2006-11-10,97.3875
2006-11-09,97.3174
2006-11-08,97.2445
2006-11-07,97.1094
2006-11-06,96.9825
2006-11-03,96.8818
2006-11-02,96.8854
2006-11-01,96.8715
2006-10-31,96.8502
2006-10-30,96.7573
2006-10-27,96.653
2006-10-26,96.5303
2006-10-25,96.3297
2006-10-24,96.1401
2006-10-23,95.9657
2006-10-20,95.8035
2006-10-19,95.6712
2006-10-18,95.5273
2006-10-17,95.3846
2006-10-16,95.2404
2006-10-13,95.0489
2006-10-12,94.8529
2006-10-11,94.6624
2006-10-10,94.5393
2006-10-09,94.3912
2006-10-06,94.2409
2006-10-05,94.0808
2006-10-04,93.8912
2006-10-03,93.701
2006-10-02,93.6073
2006-09-29,93.5246
2006-09-28,93.3959
2006-09-27,93.2454
2006-09-26,93.0754
2006-09-25,92.8993
2006-09-22,92.7869
2006-09-21,92.7381
2006-09-20,92.6543
2006-09-19,92.5138
2006-09-18,92.4109
2006-09-15,92.2724
2006-09-14,92.1328
2006-09-13,92.0016
2006-09-12,91.8572
2006-09-11,91.7371
2006-09-08,91.6994
2006-09-07,91.6675
2006-09-06,91.6597
2006-09-05,91.6064
2006-09-01,91.4614
2006-08-31,91.3196
2006-08-30,91.221
2006-08-29,91.1104
2006-08-28,90.9942
2006-08-25,90.8768
2006-08-24,90.7932
2006-08-23,90.7127
2006-08-22,90.6156
2006-08-21,90.4815
2006-08-18,90.3325
2006-08-17,90.1262
2006-08-16,89.9472
2006-08-15,89.7739
2006-08-14,89.662
2006-08-11,89.6512
2006-08-10,89.6467
2006-08-09,89.615
2006-08-08,89.609
2006-08-07,89.5703
2006-08-04,89.4912
2006-08-03,89.3814
2006-08-02,89.2438
2006-08-01,89.1169
2006-07-31,89.0405
2006-07-28,88.9094
2006-07-27,88.7547
2006-07-26,88.6782
2006-07-25,88.5847
2006-07-24,88.4939
2006-07-21,88.4271
2006-07-20,88.5213
2006-07-19,88.5599
2006-07-18,88.5387
2006-07-17,88.6431
2006-07-14,88.8054
2006-07-13,88.9713
2006-07-12,89.119
2006-07-11,89.1299
2006-07-10,89.0408
2006-07-07,88.984
2006-07-06,88.939
2006-07-05,88.8277
2006-07-03,88.732
2006-06-30,88.5721
2006-06-29,88.434
2006-06-28,88.282
2006-06-27,88.3015
2006-06-26,88.3854
2006-06-23,88.3978
2006-06-22,88.4524
2006-06-21,88.5114
2006-06-20,88.5356
2006-06-19,88.6307
2006-06-16,88.7671
2006-06-15,88.8451
2006-06-14,88.8635
2006-06-13,89.0777
2006-06-12,89.3849
2006-06-09,89.6178
2006-06-08,89.7745
2006-06-07,89.9182
2006-06-06,90.0688
2006-06-05,90.165
2006-06-02,90.2483
2006-06-01,90.2013
2006-05-31,90.1694
2006-05-30,90.2243
2006-05-26,90.3894
2006-05-25,90.4032
2006-05-24,90.4665
2006-05-23,90.6519
2006-05-22,90.9308
2006-05-19,91.168
2006-05-18,91.3585
2006-05-17,91.6348
2006-05-16,91.8929
2006-05-15,91.9961
2006-05-12,92.096
2006-05-11,92.2258
2006-05-10,92.2426
2006-05-09,92.1428
2006-05-08,92.0273
2006-05-05,91.9189
2006-05-04,91.7873
2006-05-03,91.7276
2006-05-02,91.6965
2006-05-01,91.6258
2006-04-28,91.6202
2006-04-27,91.5348
2006-04-26,91.473
2006-04-25,91.4513
2006-04-24,91.4295
2006-04-21,91.3655
2006-04-20,91.277
2006-04-19,91.1807
2006-04-18,91.0875
2006-04-17,91.003
2006-04-13,91.0607
2006-04-12,91.1206
2006-04-11,91.1743
2006-04-10,91.2515
2006-04-07,91.2553
2006-04-06,91.2743
2006-04-05,91.1969
2006-04-04,91.101
2006-04-03,91.0284
2006-03-31,91.0094
2006-03-30,90.9811
2006-03-29,90.9521
2006-03-28,90.9029
2006-03-27,90.9086
2006-03-24,90.8556
2006-03-23,90.7829
2006-03-22,90.7101
2006-03-21,90.6096
2006-03-20,90.5569
2006-03-17,90.4381
2006-03-16,90.2912
2006-03-15,90.1368
2006-03-14,89.9862
2006-03-13,89.8624
2006-03-10,89.8252
2006-03-09,89.8017
2006-03-08,89.8649
2006-03-07,89.8714
2006-03-06,89.8984
2006-03-03,89.9136
2006-03-02,89.8869
2006-03-01,89.8131
2006-02-28,89.7309
2006-02-27,89.724
2006-02-24,89.6257
2006-02-23,89.5208
2006-02-22,89.4291
2006-02-21,89.3138
2006-02-17,89.2438
2006-02-16,89.1429
2006-02-15,89.0056
2006-02-14,88.9246
2006-02-13,88.8682
2006-02-10,88.9047
2006-02-09,88.928
2006-02-08,88.9708
2006-02-07,89.0026
2006-02-06,89.1217
2006-02-03,89.1709
2006-02-02,89.2495
2006-02-01,89.29
2006-01-31,89.2249
2006-01-30,89.2185
2006-01-27,89.1422
2006-01-26,89.0505
2006-01-25,89.0362
2006-01-24,89.0719
2006-01-23,89.1195
2006-01-20,89.1816
2006-01-19,89.2835
2006-01-18,89.2236
2006-01-17,89.1936
2006-01-13,89.1228
2006-01-12,89.0187
2006-01-11,88.8948
2006-01-10,88.7203
2006-01-09,88.5577
2006-01-06,88.3875
2006-01-05,88.2237
2006-01-04,88.1208
2006-01-03,88.013
2005-12-30,87.9381
2005-12-29,88.0167
2005-12-28,88.0535
2005-12-27,88.0528
2005-12-23,88.0727
2005-12-22,87.9997
2005-12-21,87.9241
2005-12-20,87.8892
2005-12-19,87.8653
2005-12-16,87.8478
2005-12-15,87.7805
2005-12-14,87.6763
2005-12-13,87.5339
2005-12-12,87.4131
2005-12-09,87.3428
2005-12-08,87.2738
2005-12-07,87.2218
2005-12-06,87.1584
2005-12-05,87.0341
2005-12-02,86.9143
2005-12-01,86.7621
2005-11-30,86.6056
2005-11-29,86.5265
2005-11-28,86.3892
2005-11-25,86.2271
2005-11-23,85.9821
2005-11-22,85.7185
2005-11-21,85.4808
2005-11-18,85.2576
2005-11-17,85.0571
2005-11-16,84.8715
2005-11-15,84.7506
2005-11-14,84.6353
2005-11-11,84.4749
2005-11-10,84.2925
2005-11-09,84.1217
2005-11-08,84.0026
2005-11-07,83.8826
2005-11-04,83.75
2005-11-03,83.6123
2005-11-02,83.4483
2005-11-01,83.3053
2005-10-31,83.2395
2005-10-28,83.1932
2005-10-27,83.1662
2005-10-26,83.2611
2005-10-25,83.2728
2005-10-24,83.26
2005-10-21,83.2284
2005-10-20,83.3275
2005-10-19,83.4709
2005-10-18,83.4746
2005-10-17,83.6225
2005-10-14,83.6913
2005-10-13,83.7996
2005-10-12,84.0102
2005-10-11,84.2379
2005-10-10,84.4213
2005-10-07,84.6116
2005-10-06,84.7479
2005-10-05,84.9286
2005-10-04,85.0968
2005-10-03,85.166
2005-09-30,85.1414
2005-09-29,85.082
2005-09-28,85.0441
2005-09-27,85.0749
2005-09-26,85.1177
2005-09-23,85.1627
2005-09-22,85.2228
2005-09-21,85.2966
2005-09-20,85.4097
2005-09-19,85.451
2005-09-16,85.4205
2005-09-15,85.3567
2005-09-14,85.3498
2005-09-13,85.3378
2005-09-12,85.2917
2005-09-09,85.1903
2005-09-08,85.0601
2005-09-07,84.9964
2005-09-06,84.8961
2005-09-02,84.8006
2005-09-01,84.7994
2005-08-31,84.7821
2005-08-30,84.7563
2005-08-29,84.8395
2005-08-26,84.8848
2005-08-25,85.0028
2005-08-24,85.0725
2005-08-23,85.1818
2005-08-22,85.2229
2005-08-19,85.2516
2005-08-18,85.2833
2005-08-17,85.3388
2005-08-16,85.3994
2005-08-15,85.4656
2005-08-12,85.4213
2005-08-11,85.4278
2005-08-10,85.3795
2005-08-09,85.3618
2005-08-08,85.338
2005-08-05,85.3656
2005-08-04,85.3794
2005-08-03,85.3333
2005-08-02,85.2093
2005-08-01,85.0964
2005-07-29,85.0256
2005-07-28,84.9408
2005-07-27,84.7864
2005-07-26,84.6728
2005-07-25,84.58
2005-07-22,84.4885
2005-07-21,84.3617
2005-07-20,84.2815
2005-07-19,84.1403
2005-07-18,84.0148
2005-07-15,83.9251
2005-07-14,83.7902
2005-07-13,83.6359
2005-07-12,83.5005
2005-07-11,83.3632
2005-07-08,83.2348
2005-07-07,83.1381
2005-07-06,83.1314
2005-07-05,83.1582
2005-07-01,83.1141
2005-06-30,83.1355
2005-06-29,83.1847
2005-06-28,83.1916
2005-06-27,83.1758
2005-06-24,83.2314
2005-06-23,83.3053
2005-06-22,83.3227
2005-06-21,83.2171
2005-06-20,83.1077
2005-06-17,82.9918
2005-06-16,82.8667
2005-06-15,82.761
2005-06-14,82.6666
2005-06-13,82.5791
2005-06-10,82.5027
2005-06-09,82.4459
2005-06-08,82.3628
2005-06-07,82.3124
2005-06-06,82.2407
2005-06-03,82.1679
2005-06-02,82.0795
2005-06-01,81.9375
2005-05-31,81.7994
2005-05-27,81.7209
2005-05-26,81.5782
2005-05-25,81.435
2005-05-24,81.3233
2005-05-23,81.1932
2005-05-20,81.0292
2005-05-19,80.8958
2005-05-18,80.736
2005-05-17,80.5958
2005-05-16,80.5288
2005-05-13,80.5115
2005-05-12,80.571
2005-05-11,80.6199
2005-05-10,80.5802
2005-05-09,80.5828
2005-05-06,80.497
2005-05-05,80.4553
2005-05-04,80.3822
2005-05-03,80.2986
2005-05-02,80.2716
2005-04-29,80.2563
2005-04-28,80.2867
2005-04-27,80.4329
2005-04-26,80.4892
2005-04-25,80.584
2005-04-22,80.6067
2005-04-21,80.6871
2005-04-20,80.7439
2005-04-19,80.9674
2005-04-18,81.0973
2005-04-15,81.3071
2005-04-14,81.5644
2005-04-13,81.7311
2005-04-12,81.8039
2005-04-11,81.7827
2005-04-08,81.8036
2005-04-07,81.8332
2005-04-06,81.7757
2005-04-05,81.7587
2005-04-04,81.7698
2005-04-01,81.8228
2005-03-31,81.8959
2005-03-30,81.9381
2005-03-29,81.9688
2005-03-28,82.1227
2005-03-24,82.2361
2005-03-23,82.3738
2005-03-22,82.5361
2005-03-21,82.7228
2005-03-18,82.8419
2005-03-17,82.9416
2005-03-16,83.0261
2005-03-15,83.137
2005-03-14,83.1856
2005-03-11,83.1669
2005-03-10,83.2006
2005-03-09,83.1762
2005-03-08,83.1689
2005-03-07,83.0622
2005-03-04,82.911
2005-03-03,82.7483
2005-03-02,82.6778
2005-03-01,82.6034
2005-02-28,82.517
2005-02-25,82.4648
2005-02-24,82.3493
2005-02-23,82.3077
2005-02-22,82.3191
2005-02-18,82.3932
2005-02-17,82.3454
2005-02-16,82.3042
2005-02-15,82.1876
2005-02-14,82.0646
2005-02-11,81.9613
2005-02-10,81.8405
2005-02-09,81.7816
2005-02-08,81.7477
2005-02-07,81.6451
2005-02-04,81.5417
2005-02-03,81.4159
2005-02-02,81.3689
2005-02-01,81.2944
2005-01-31,81.2382
2005-01-28,81.2304
2005-01-27,81.2746
2005-01-26,81.3235
2005-01-25,81.392
2005-01-24,81.4931
2005-01-21,81.6288
2005-01-20,81.762
2005-01-19,81.8572
2005-01-18,81.9102
2005-01-14,81.8782
2005-01-13,81.932
2005-01-12,82.0363
2005-01-11,82.0828
2005-01-10,82.1625
2005-01-07,82.1911
2005-01-06,82.2633
2005-01-05,82.3308
2005-01-04,82.4489
2005-01-03,82.5199
2004-12-31,82.492
2004-12-30,82.4199
2004-12-29,82.3213
2004-12-28,82.1957
2004-12-27,82.07
2004-12-23,81.9787
2004-12-22,81.8598
2004-12-21,81.7349
2004-12-20,81.6178
2004-12-17,81.5551
2004-12-16,81.4879
2004-12-15,81.3559
2004-12-14,81.2048
2004-12-13,81.0444
2004-12-10,80.8974
2004-12-09,80.8098
2004-12-08,80.7217
2004-12-07,80.6546
2004-12-06,80.6302
2004-12-03,80.5232
2004-12-02,80.4021
2004-12-01,80.2624
2004-11-30,80.1152
2004-11-29,80.0492
2004-11-26,79.9819
2004-11-24,79.8687
2004-11-23,79.737
2004-11-22,79.6117
2004-11-19,79.4862
2004-11-18,79.3878
2004-11-17,79.1839
2004-11-16,78.97
2004-11-15,78.7842
2004-11-12,78.5174
2004-11-11,78.2436
2004-11-10,78.0077
2004-11-09,77.811
2004-11-08,77.6
2004-11-05,77.3503
2004-11-04,77.0622
2004-11-03,76.7961
2004-11-02,76.6149
2004-11-01,76.5174
2004-10-29,76.4125
2004-10-28,76.3189
2004-10-27,76.214
2004-10-26,76.1225
2004-10-25,76.1176
2004-10-22,76.2331
2004-10-21,76.3513
2004-10-20,76.3921
2004-10-19,76.489
2004-10-18,76.5802
2004-10-15,76.6135
2004-10-14,76.6805
2004-10-13,76.799
2004-10-12,76.8654
2004-10-11,76.8676
2004-10-08,76.8384
2004-10-07,76.8393
2004-10-06,76.7726
2004-10-05,76.6105
2004-10-04,76.4873
2004-10-01,76.3556
2004-09-30,76.2236
2004-09-29,76.2136
2004-09-28,76.1968
2004-09-27,76.2185
2004-09-24,76.2805
2004-09-23,76.2981
2004-09-22,76.3542
2004-09-21,76.373
2004-09-20,76.2924
2004-09-17,76.2386
2004-09-16,76.1303
2004-09-15,76.0448
2004-09-14,75.9747
2004-09-13,75.8356
2004-09-10,75.6984
2004-09-09,75.5732
2004-09-08,75.4763
2004-09-07,75.3621
2004-09-03,75.2158
2004-09-02,75.1071
2004-09-01,74.954
2004-08-31,74.875
2004-08-30,74.8027
2004-08-27,74.7644
2004-08-26,74.6561
2004-08-25,74.5615
2004-08-24,74.4569
2004-08-23,74.395
2004-08-20,74.3373
2004-08-19,74.2536
2004-08-18,74.2161
2004-08-17,74.1517
2004-08-16,74.1608
2004-08-13,74.2145
2004-08-12,74.3533
2004-08-11,74.5217
2004-08-10,74.6235
2004-08-09,74.7201
2004-08-06,74.9257
2004-08-05,75.1637
2004-08-04,75.3158
2004-08-03,75.3551
2004-08-02,75.3978
2004-07-30,75.3834
2004-07-29,75.384
2004-07-28,75.4039
2004-07-27,75.4596
2004-07-26,75.5448
2004-07-23,75.7119
2004-07-22,75.8816
2004-07-21,76.0033
2004-07-20,76.1594
2004-07-19,76.1843
2004-07-16,76.3121
2004-07-15,76.4198
2004-07-14,76.5323
2004-07-13,76.6051
2004-07-12,76.6612
2004-07-09,76.729
2004-07-08,76.8075
2004-07-07,76.915
2004-07-06,76.978
2004-07-02,77.0712
2004-07-01,77.1034
2004-06-30,77.1347
2004-06-29,77.0555
2004-06-28,77.0116
2004-06-25,76.9967
2004-06-24,76.9523
2004-06-23,76.8639
2004-06-22,76.7403
2004-06-21,76.674
2004-06-18,76.6415
2004-06-17,76.5747
2004-06-16,76.5162
2004-06-15,76.4394
2004-06-14,76.3531
2004-06-10,76.3147
2004-06-09,76.1918
2004-06-08,76.0958
2004-06-07,75.9134
2004-06-04,75.7232
2004-06-03,75.6357
2004-06-02,75.6024
2004-06-01,75.4915
2004-05-28,75.3988
2004-05-27,75.2857
2004-05-26,75.16
2004-05-25,75.066
2004-05-24,74.9899
2004-05-21,75.0184
2004-05-20,75.0828
2004-05-19,75.1676
2004-05-18,75.2862
2004-05-17,75.3902
2004-05-14,75.5443
2004-05-13,75.6477
2004-05-12,75.7654
2004-05-11,75.8628
2004-05-10,76.0204
2004-05-07,76.2601
2004-05-06,76.4445
2004-05-05,76.5164
2004-05-04,76.5266
2004-05-03,76.5893
2004-04-30,76.6521
2004-04-29,76.8065
2004-04-28,76.915
2004-04-27,76.9643
2004-04-26,76.9133
2004-04-23,76.864
2004-04-22,76.7982
2004-04-21,76.7332
2004-04-20,76.7741
2004-04-19,76.8728
2004-04-16,76.8457
2004-04-15,76.8157
2004-04-14,76.8446
2004-04-13,76.8459
2004-04-12,76.8601
2004-04-08,76.761
2004-04-07,76.6836
2004-04-06,76.5795
2004-04-05,76.4452
2004-04-02,76.2703
2004-04-01,76.122
2004-03-31,76.0194
2004-03-30,75.9545
2004-03-29,75.892
2004-03-26,75.85
2004-03-25,75.915
2004-03-24,75.9888
2004-03-23,76.1739
2004-03-22,76.3849
2004-03-19,76.6045
2004-03-18,76.7467
2004-03-17,76.7891
2004-03-16,76.8381
2004-03-15,76.981
2004-03-12,77.1809
2004-03-11,77.3038
2004-03-10,77.5434
2004-03-09,77.7045
2004-03-08,77.746
2004-03-05,77.7592
2004-03-04,77.6729
2004-03-03,77.6052
2004-03-02,77.5517
2004-03-01,77.5076
2004-02-27,77.4104
2004-02-26,77.384
2004-02-25,77.3606
2004-02-24,77.3396
2004-02-23,77.3505
2004-02-20,77.3484
2004-02-19,77.3255
2004-02-18,77.2753
2004-02-17,77.1892
2004-02-13,77.0578
2004-02-12,76.9865
2004-02-11,76.8707
2004-02-10,76.7129
2004-02-09,76.6252
2004-02-06,76.5545
2004-02-05,76.4786
2004-02-04,76.4849
2004-02-03,76.5153
2004-02-02,76.4829
2004-01-30,76.4335
2004-01-29,76.4137
2004-01-28,76.3919
2004-01-27,76.3756
2004-01-26,76.2645
2004-01-23,76.057
2004-01-22,75.9301
2004-01-21,75.7636
2004-01-20,75.5582
2004-01-16,75.3951
2004-01-15,75.2128
2004-01-14,75.0432
2004-01-13,74.8757
2004-01-12,74.7573
2004-01-09,74.5796
2004-01-08,74.4422
2004-01-07,74.2199
2004-01-06,74.0063
2004-01-05,73.7971
2004-01-02,73.5738
2003-12-31,73.4129
2003-12-30,73.2316
2003-12-29,73.0382
2003-12-26,72.826
2003-12-24,72.6951
2003-12-23,72.5562
2003-12-22,72.3948
2003-12-19,72.2215
2003-12-18,72.0839
2003-12-17,71.9102
2003-12-16,71.8046
2003-12-15,71.712
2003-12-12,71.6492
2003-12-11,71.5415
2003-12-10,71.4374
2003-12-09,71.4073
2003-12-08,71.3732
2003-12-05,71.2769
2003-12-04,71.2213
2003-12-03,71.1069
2003-12-02,71.0115
2003-12-01,70.8941
2003-11-28,70.7452
2003-11-26,70.6619
2003-11-25,70.5756
2003-11-24,70.5071
2003-11-21,70.4596
2003-11-20,70.5048
2003-11-19,70.5851
2003-11-18,70.6074
2003-11-17,70.6943
2003-11-14,70.7133
2003-11-13,70.6967
2003-11-12,70.6148
2003-11-11,70.5263
2003-11-10,70.512
2003-11-07,70.4941
2003-11-06,70.4438
2003-11-05,70.3324
2003-11-04,70.2489
2003-11-03,70.1622
2003-10-31,70.0502
2003-10-30,69.9752
2003-10-29,69.8852
2003-10-28,69.8012
2003-10-27,69.7184
2003-10-24,69.7266
2003-10-23,69.7391
2003-10-22,69.7693
2003-10-21,69.7892
2003-10-20,69.7178
2003-10-17,69.6262
2003-10-16,69.5801
2003-10-15,69.4478
2003-10-14,69.3313
2003-10-13,69.1827
2003-10-10,69.0446
2003-10-09,68.9154
2003-10-08,68.7931
2003-10-07,68.6776
2003-10-06,68.5317
2003-10-03,68.3987
2003-10-02,68.2849
2003-10-01,68.2257
2003-09-30,68.1864
2003-09-29,68.2936
2003-09-26,68.3428
2003-09-25,68.4665
2003-09-24,68.5798
2003-09-23,68.6464
2003-09-22,68.5906
2003-09-19,68.5564
2003-09-18,68.4394
2003-09-17,68.2728
2003-09-16,68.1746
2003-09-15,68.052
2003-09-12,68.0215
2003-09-11,67.9623
2003-09-10,67.9104
2003-09-09,67.8741
2003-09-08,67.7607
2003-09-05,67.5875
2003-09-04,67.4559
2003-09-03,67.2696
2003-09-02,67.0672
2003-08-29,66.883
2003-08-28,66.7752
2003-08-27,66.7039
2003-08-26,66.6689
2003-08-25,66.6323
2003-08-22,66.6045
2003-08-21,66.5851
2003-08-20,66.4932
2003-08-19,66.4141
2003-08-18,66.2978
2003-08-15,66.1961
2003-08-14,66.1443
2003-08-13,66.1088
2003-08-12,66.0886
2003-08-11,66.0304
2003-08-08,66.0295
2003-08-07,66.0545
2003-08-06,66.1019
2003-08-05,66.2262
2003-08-04,66.403
2003-08-01,66.4512
2003-07-31,66.5044
2003-07-30,66.5012
2003-07-29,66.5139
2003-07-28,66.511
2003-07-25,66.4754
2003-07-24,66.4099
2003-07-23,66.4602
2003-07-22,66.463
2003-07-21,66.4709
2003-07-18,66.5424
2003-07-17,66.5348
2003-07-16,66.5975
2003-07-15,66.5668
2003-07-14,66.4913
2003-07-11,66.3923
2003-07-10,66.3174
2003-07-09,66.3009
2003-07-08,66.1924
2003-07-07,66.0323
2003-07-03,65.8872
2003-07-02,65.8648
2003-07-01,65.7675
2003-06-30,65.7474
2003-06-27,65.7885
2003-06-26,65.8319
2003-06-25,65.7995
2003-06-24,65.8532
2003-06-23,65.8427
2003-06-20,65.8382
2003-06-19,65.7614
2003-06-18,65.6611
2003-06-17,65.4413
2003-06-16,65.1921
2003-06-13,64.9167
2003-06-12,64.7597
2003-06-11,64.5125
2003-06-10,64.2611
2003-06-09,64.0569
2003-06-06,63.9014
2003-06-05,63.6586
2003-06-04,63.3629
2003-06-03,63.0704
2003-06-02,62.8462
2003-05-30,62.6264
2003-05-29,62.4116
2003-05-28,62.2817
2003-05-27,62.1204
2003-05-23,61.9612
2003-05-22,61.9004
2003-05-21,61.8465
2003-05-20,61.8515
2003-05-19,61.8704
2003-05-16,61.8779
2003-05-15,61.7304
2003-05-14,61.5504
2003-05-13,61.3937
2003-05-12,61.2064
2003-05-09,60.9875
2003-05-08,60.8263
2003-05-07,60.7379
2003-05-06,60.5743
2003-05-05,60.3569
2003-05-02,60.1785
2003-05-01,59.9686
2003-04-30,59.8286
2003-04-29,59.6732
2003-04-28,59.4873
2003-04-25,59.3044
2003-04-24,59.2118
2003-04-23,59.03
2003-04-22,58.7715
2003-04-21,58.5449
2003-04-17,58.413
2003-04-16,58.2735
2003-04-15,58.2114
2003-04-14,58.0353
2003-04-11,57.8989
2003-04-10,57.8745
2003-04-09,57.8223
2003-04-08,57.7984
2003-04-07,57.6904
2003-04-04,57.5809
2003-04-03,57.448
2003-04-02,57.3375
2003-04-01,57.186
2003-03-31,57.1645
2003-03-28,57.2321
2003-03-27,57.1684
2003-03-26,57.0672
2003-03-25,56.9602
2003-03-24,56.8111
2003-03-21,56.7045
2003-03-20,56.3775
2003-03-19,56.1471
2003-03-18,55.9058
2003-03-17,55.686
2003-03-14,55.4787
2003-03-13,55.4348
2003-03-12,55.4053
2003-03-11,55.5684
2003-03-10,55.7865
2003-03-07,55.9716
2003-03-06,56.0364
2003-03-05,56.1478
2003-03-04,56.2219
2003-03-03,56.3528
2003-02-28,56.4038
2003-02-27,56.4036
2003-02-26,56.4424
2003-02-25,56.5623
2003-02-24,56.6087
2003-02-21,56.707
2003-02-20,56.719
2003-02-19,56.7918
2003-02-18,56.8127
2003-02-14,56.8044
2003-02-13,56.8988
2003-02-12,57.1289
2003-02-11,57.4008
2003-02-10,57.6082
2003-02-07,57.797
2003-02-06,58.0468
2003-02-05,58.251
2003-02-04,58.4486
2003-02-03,58.63
2003-01-31,58.7711
2003-01-30,58.9388
2003-01-29,59.2382
2003-01-28,59.4258
2003-01-27,59.6786
2003-01-24,60.0021
2003-01-23,60.277
2003-01-22,60.418
2003-01-21,60.6116
2003-01-17,60.75
2003-01-16,60.8043
2003-01-15,60.7693
2003-01-14,60.7041
2003-01-13,60.5669
2003-01-10,60.4362
2003-01-09,60.2897
2003-01-08,60.1453
2003-01-07,60.085
2003-01-06,59.9246
2003-01-03,59.7312
2003-01-02,59.6301
2002-12-31,59.5379
2002-12-30,59.6346
2002-12-27,59.7499
2002-12-26,59.9284
2002-12-24,59.9852
2002-12-23,60.0506
2002-12-20,60.0762
2002-12-19,60.1065
2002-12-18,60.2281
2002-12-17,60.3179
2002-12-16,60.3441
2002-12-13,60.3174
2002-12-12,60.4487
2002-12-11,60.4943
2002-12-10,60.544
2002-12-09,60.6044
2002-12-06,60.7548
2002-12-05,60.7449
2002-12-04,60.7757
2002-12-03,60.7387
2002-12-02,60.6687
2002-11-29,60.5035
2002-11-27,60.3314
2002-11-26,60.1204
2002-11-25,60.0667
2002-11-22,59.8834
2002-11-21,59.685
2002-11-20,59.4191
2002-11-19,59.245
2002-11-18,59.1924
2002-11-15,59.1259
2002-11-14,58.9883
2002-11-13,58.883
2002-11-12,58.8834
2002-11-11,58.8902
2002-11-08,58.9464
2002-11-07,58.9118
2002-11-06,58.7962
2002-11-05,58.5099
2002-11-04,58.2762
2002-11-01,58.068
2002-10-31,57.8978
2002-10-30,57.8314
2002-10-29,57.6948
2002-10-28,57.6035
2002-10-25,57.4304
2002-10-24,57.1979
2002-10-23,57.069
2002-10-22,56.7985
2002-10-21,56.5468
2002-10-18,56.2234
2002-10-17,55.9724
2002-10-16,55.7208
2002-10-15,55.5624
2002-10-14,55.2377
2002-10-11,55.162
2002-10-10,55.1112
2002-10-09,55.3006
2002-10-08,55.6861
2002-10-07,55.9542
2002-10-04,56.3367
2002-10-03,56.6434
2002-10-02,56.8772
2002-10-01,57.0771
2002-09-30,57.1193
2002-09-27,57.4394
2002-09-26,57.7263
2002-09-25,57.8361
2002-09-24,58.0535
2002-09-23,58.4357
2002-09-20,58.7642
2002-09-19,59.0793
2002-09-18,59.4295
2002-09-17,59.6607
2002-09-16,59.8552
2002-09-13,59.9274
2002-09-12,60.0225
2002-09-11,60.1429
2002-09-10,60.1595
2002-09-09,60.1384
2002-09-06,60.1871
2002-09-05,60.2867
2002-09-04,60.4813
2002-09-03,60.6437
2002-08-30,60.9105
2002-08-29,60.9629
2002-08-28,60.9958
2002-08-27,61.035
2002-08-26,60.9356
2002-08-23,60.7495
2002-08-22,60.5895
2002-08-21,60.2686
2002-08-20,59.9784
2002-08-19,59.7518
2002-08-16,59.4314
2002-08-15,59.2283
2002-08-14,58.9845
2002-08-13,58.8036
2002-08-12,58.8289
2002-08-09,58.7426
2002-08-08,58.6007
2002-08-07,58.4675
2002-08-06,58.5177
2002-08-05,58.6778
2002-08-02,59.0502
2002-08-01,59.2525
2002-07-31,59.3382
2002-07-30,59.268
2002-07-29,59.2057
2002-07-26,59.2179
2002-07-25,59.5204
2002-07-24,59.9655
2002-07-23,60.4076
2002-07-22,61.2267
2002-07-19,61.9761
2002-07-18,62.6306
2002-07-17,63.1398
2002-07-16,63.4989
2002-07-15,63.9083
2002-07-12,64.2374
2002-07-11,64.6352
2002-07-10,65.0041
2002-07-09,65.4638
2002-07-08,65.7308
2002-07-05,65.8548
2002-07-03,65.9059
2002-07-02,66.2257
2002-07-01,66.6165
2002-06-28,66.9058
2002-06-27,67.0917
2002-06-26,67.2647
2002-06-25,67.5744
2002-06-24,67.9278
2002-06-21,68.1632
2002-06-20,68.4593
2002-06-19,68.6778
2002-06-18,68.8288
2002-06-17,68.8266
2002-06-14,68.8829
2002-06-13,69.1328
2002-06-12,69.3987
2002-06-11,69.6215
2002-06-10,69.9106
2002-06-07,70.1071
2002-06-06,70.352
2002-06-05,70.6144
2002-06-04,70.7559
2002-06-03,70.98
2002-05-31,71.2457
2002-05-30,71.3425
2002-05-29,71.4648
2002-05-28,71.5791
2002-05-24,71.6503
2002-05-23,71.6883
2002-05-22,71.6329
2002-05-21,71.6517
2002-05-20,71.6891
2002-05-17,71.6614
2002-05-16,71.548
2002-05-15,71.4598
2002-05-14,71.4018
2002-05-13,71.3079
2002-05-10,71.3664
2002-05-09,71.5796
2002-05-08,71.675
2002-05-07,71.6934
2002-05-06,71.9838
2002-05-03,72.2791
2002-05-02,72.4599
2002-05-01,72.5782
2002-04-30,72.68
2002-04-29,72.8836
2002-04-26,73.1778
2002-04-25,73.4662
2002-04-24,73.6415
2002-04-23,73.8393
2002-04-22,73.9813
2002-04-19,74.1052
2002-04-18,74.1122
2002-04-17,74.1483
2002-04-16,74.1544
2002-04-15,74.1446
2002-04-12,74.3153
2002-04-11,74.4453
2002-04-10,74.6462
2002-04-09,74.6737
2002-04-08,74.7917
2002-04-05,74.8676
2002-04-04,74.968
2002-04-03,75.0804
2002-04-02,75.1721
2002-04-01,75.2183
2002-03-28,75.2259
2002-03-27,75.2377
2002-03-26,75.2473
2002-03-25,75.2786
2002-03-22,75.3588
2002-03-21,75.3487
2002-03-20,75.3203
2002-03-19,75.2923
2002-03-18,75.1088
2002-03-15,74.9598
2002-03-14,74.7966
2002-03-13,74.6919
2002-03-12,74.5652
2002-03-11,74.3474
2002-03-08,74.1019
2002-03-07,73.8477
2002-03-06,73.6005
2002-03-05,73.31
2002-03-04,73.0833
2002-03-01,72.8073
2002-02-28,72.6405
2002-02-27,72.6346
2002-02-26,72.5936
2002-02-25,72.5779
2002-02-22,72.5447
2002-02-21,72.6326
2002-02-20,72.822
2002-02-19,72.8737
2002-02-15,73.0569
2002-02-14,73.1126
2002-02-13,73.0937
2002-02-12,73.0584
2002-02-11,73.1005
2002-02-08,73.123
2002-02-07,73.2409
2002-02-06,73.5136
2002-02-05,73.7682
2002-02-04,74.0173
2002-02-01,74.2457
2002-01-31,74.3055
2002-01-30,74.335
2002-01-29,74.4579
2002-01-28,74.7031
2002-01-25,74.7277
2002-01-24,74.7762
2002-01-23,74.8278
2002-01-22,74.9089
2002-01-18,75.0577
2002-01-17,75.1685
2002-01-16,75.2551
2002-01-15,75.4094
2002-01-14,75.4196
2002-01-11,75.4948
2002-01-10,75.5283
2002-01-09,75.487
2002-01-08,75.4763
2002-01-07,75.3992
2002-01-04,75.2953
2002-01-03,75.1234
2002-01-02,74.987
2001-12-31,74.9265
2001-12-28,74.9443
2001-12-27,74.847
2001-12-26,74.7352
2001-12-24,74.6599
2001-12-21,74.6201
2001-12-20,74.5609
2001-12-19,74.543
2001-12-18,74.445
2001-12-17,74.3923
2001-12-14,74.3806
2001-12-13,74.448
2001-12-12,74.596
2001-12-11,74.6072
2001-12-10,74.6284
2001-12-07,74.6362
2001-12-06,74.4952
2001-12-05,74.2858
2001-12-04,74.0502
2001-12-03,73.9347
2001-11-30,73.9387
2001-11-29,73.8965
2001-11-28,73.7936
2001-11-27,73.7848
2001-11-26,73.6317
2001-11-23,73.4281
2001-11-21,73.2203
2001-11-20,73.1032
2001-11-19,72.9215
2001-11-16,72.6542
2001-11-15,72.4555
2001-11-14,72.2009
2001-11-13,71.9339
2001-11-12,71.6464
2001-11-09,71.5015
2001-11-08,71.2939
2001-11-07,71.0728
2001-11-06,70.8524
2001-11-05,70.5985
2001-11-02,70.4359
2001-11-01,70.3543
2001-10-31,70.3149
2001-10-30,70.4573
2001-10-29,70.59
2001-10-26,70.6481
2001-10-25,70.5154
2001-10-24,70.3516
2001-10-23,70.3044
2001-10-22,70.2323
2001-10-19,70.1142
2001-10-18,70.1291
2001-10-17,70.1407
2001-10-16,70.1378
2001-10-15,69.9741
2001-10-12,69.8404
2001-10-11,69.679
2001-10-10,69.4663
2001-10-09,69.3464
2001-10-08,69.3759
2001-10-05,69.3693
2001-10-04,69.3141
2001-10-03,69.2386
2001-10-02,69.1613
2001-10-01,69.1973
2001-09-28,69.327
2001-09-27,69.4588
2001-09-26,69.7532
2001-09-25,70.139
2001-09-24,70.5408
2001-09-21,71.0569
2001-09-20,71.8619
2001-09-19,72.6792
2001-09-18,73.3611
2001-09-17,73.9711
2001-09-10,74.6283
2001-09-07,74.9617
2001-09-06,75.421
2001-09-05,75.7886
2001-09-04,75.9946
2001-08-31,76.2415
2001-08-30,76.4644
2001-08-29,76.7675
2001-08-28,76.9507
2001-08-27,77.0822
2001-08-24,77.1093
2001-08-23,77.0906
2001-08-22,77.2355
2001-08-21,77.3668
2001-08-20,77.5941
2001-08-17,77.7078
2001-08-16,77.9074
2001-08-15,77.998
2001-08-14,78.1263
2001-08-13,78.1976
2001-08-10,78.2731
2001-08-09,78.3585
2001-08-08,78.4809
2001-08-07,78.6402
2001-08-06,78.6631
2001-08-03,78.7206
2001-08-02,78.672
2001-08-01,78.5725
2001-07-31,78.4966
2001-07-30,78.4648
2001-07-27,78.4638
2001-07-26,78.4654
2001-07-25,78.4986
2001-07-24,78.6207
2001-07-23,78.8446
2001-07-20,79.0134
2001-07-19,79.0367
2001-07-18,79.0125
2001-07-17,79.0582
2001-07-16,79.0519
2001-07-13,79.1223
2001-07-12,79.0955
2001-07-11,79.1376
2001-07-10,79.3762
2001-07-09,79.6482
2001-07-06,79.8503
2001-07-05,80.1182
2001-07-03,80.2345
2001-07-02,80.1976
2001-06-29,80.1548
2001-06-28,80.212
2001-06-27,80.3061
2001-06-26,80.4558
2001-06-25,80.6165
2001-06-22,80.7825
2001-06-21,80.8888
2001-06-20,80.9399
2001-06-19,81.0914
2001-06-18,81.3026
2001-06-15,81.5723
2001-06-14,81.8301
2001-06-13,82.1283
2001-06-12,82.2671
2001-06-11,82.3469
2001-06-08,82.4201
2001-06-07,82.4397
2001-06-06,82.3802
2001-06-05,82.3458
2001-06-04,82.2349
2001-06-01,82.2118
2001-05-31,82.2278
2001-05-30,82.2987
2001-05-29,82.4214
2001-05-25,82.4356
2001-05-24,82.3818
2001-05-23,82.2181
2001-05-22,82.0631
2001-05-21,81.7397
2001-05-18,81.3707
2001-05-17,81.093
2001-05-16,80.8264
2001-05-15,80.5453
2001-05-14,80.437
2001-05-11,80.3569
2001-05-10,80.2854
2001-05-09,80.147
2001-05-08,80.0193
2001-05-07,79.8421
2001-05-04,79.6421
2001-05-03,79.3461
2001-05-02,79.164
2001-05-01,78.8531
2001-04-30,78.4938
2001-04-27,78.1233
2001-04-26,77.7737
2001-04-25,77.5277
2001-04-24,77.2934
2001-04-23,77.1427
2001-04-20,76.9312
2001-04-19,76.5434
2001-04-18,76.0363
2001-04-17,75.5884
2001-04-16,75.4164
2001-04-12,75.3394
2001-04-11,75.1692
2001-04-10,75.1255
2001-04-09,75.0826
2001-04-06,75.1777
2001-04-05,75.3687
2001-04-04,75.4606
2001-04-03,75.8483
2001-04-02,76.3082
2001-03-30,76.5569
2001-03-29,76.662
2001-03-28,76.8606
2001-03-27,77.1102
2001-03-26,77.1631
2001-03-23,77.3832
2001-03-22,77.7259
2001-03-21,78.3337
2001-03-20,78.9278
2001-03-19,79.4522
2001-03-16,79.8171
2001-03-15,80.3799
2001-03-14,80.8418
2001-03-13,81.3545
2001-03-12,81.76
2001-03-09,82.3401
2001-03-08,82.6224
2001-03-07,82.6788
2001-03-06,82.7506
2001-03-05,82.8912
2001-03-02,83.1376
2001-03-01,83.4868
2001-02-28,83.8055
2001-02-27,84.2019
2001-02-26,84.4708
2001-02-23,84.6877
2001-02-22,85.1083
2001-02-21,85.5155
2001-02-20,85.9783
2001-02-16,86.3017
2001-02-15,86.5224
2001-02-14,86.5665
2001-02-13,86.7023
2001-02-12,86.8387
2001-02-09,86.9155
2001-02-08,87.1029
2001-02-07,87.2231
2001-02-06,87.2492
2001-02-05,87.2305
2001-02-02,87.1826
2001-02-01,87.197
2001-01-31,87.0002
2001-01-30,86.8444
2001-01-29,86.6193
2001-01-26,86.452
2001-01-25,86.3164
2001-01-24,86.1559
2001-01-23,85.9552
2001-01-22,85.7609
2001-01-19,85.6184
2001-01-18,85.5215
2001-01-17,85.3623
2001-01-16,85.2766
2001-01-12,85.2233
2001-01-11,85.2218
2001-01-10,85.2031
2001-01-09,85.1909
2001-01-08,85.3325
2001-01-05,85.4657
2001-01-04,85.6808
2001-01-03,85.6223
2001-01-02,85.4589
2000-12-29,85.6988
2000-12-28,85.8025
2000-12-27,85.7451
2000-12-26,85.7093
2000-12-22,85.7355
2000-12-21,85.8601
2000-12-20,86.257
2000-12-19,86.7551
2000-12-18,87.0497
2000-12-15,87.1915
2000-12-14,87.4673
2000-12-13,87.567
2000-12-12,87.5597
2000-12-11,87.4235
2000-12-08,87.2327
2000-12-07,87.3374
2000-12-06,87.4742
2000-12-05,87.4995
2000-12-04,87.3782
2000-12-01,87.5405
2000-11-30,87.7961
2000-11-29,88.0745
2000-11-28,88.3037
2000-11-27,88.5402
2000-11-24,88.6427
2000-11-22,88.8365
2000-11-21,89.2339
2000-11-20,89.4539
2000-11-17,89.7437
2000-11-16,89.9316
2000-11-15,90.0896
2000-11-14,90.1159
2000-11-13,90.1747
2000-11-10,90.4811
2000-11-09,90.7477
2000-11-08,90.8115
2000-11-07,90.8461
2000-11-06,90.6684
2000-11-03,90.4698
2000-11-02,90.3181
2000-11-01,90.1557
2000-10-31,89.992
2000-10-30,89.7784
2000-10-27,89.7063
2000-10-26,89.7114
2000-10-25,89.8928
2000-10-24,90.1186
2000-10-23,90.1459
2000-10-20,90.1126
2000-10-19,90.118
2000-10-18,90.1643
2000-10-17,90.5585
2000-10-16,90.9603
2000-10-13,91.1715
2000-10-12,91.4473
2000-10-11,92.0528
2000-10-10,92.4912
2000-10-09,92.8974
2000-10-06,93.1896
2000-10-05,93.4407
2000-10-04,93.5064
2000-10-03,93.6129
2000-10-02,93.8111
2000-09-29,93.9391
2000-09-28,94.0954
2000-09-27,94.1749
2000-09-26,94.3878
2000-09-25,94.6739
2000-09-22,94.8652
2000-09-21,95.0068
2000-09-20,95.339
2000-09-19,95.5569
2000-09-18,95.7246
2000-09-15,95.999
2000-09-14,96.2112
2000-09-13,96.225
2000-09-12,96.291
2000-09-11,96.3903
2000-09-08,96.4262
2000-09-07,96.4511
2000-09-06,96.4088
2000-09-05,96.4488
2000-09-01,96.3767
2000-08-31,96.2147
2000-08-30,96.0463
2000-08-29,95.9952
2000-08-28,95.8406
2000-08-25,95.6718
2000-08-24,95.5201
2000-08-23,95.3482
2000-08-22,95.1899
2000-08-21,95.055
2000-08-18,94.8891
2000-08-17,94.7606
2000-08-16,94.5848
2000-08-15,94.496
2000-08-14,94.3621
2000-08-11,94.2056
2000-08-10,94.1593
2000-08-09,94.1546
2000-08-08,94.1009
2000-08-07,93.957
2000-08-04,93.836
2000-08-03,93.8205
2000-08-02,93.8562
2000-08-01,93.9633
2000-07-31,94.1302
2000-07-28,94.3738
2000-07-27,94.7043
2000-07-26,94.8478
2000-07-25,94.9726
2000-07-24,95.0134
2000-07-21,95.0902
2000-07-20,95.1181
2000-07-19,94.9503
2000-07-18,94.9043
2000-07-17,94.7721
2000-07-14,94.5426
2000-07-13,94.272
2000-07-12,94.0723
2000-07-11,93.8958
2000-07-10,93.7662
2000-07-07,93.6442
2000-07-06,93.4923
2000-07-05,93.4829
2000-07-03,93.5486
2000-06-30,93.4416
2000-06-29,93.4586
2000-06-28,93.5512
2000-06-27,93.5607
2000-06-26,93.5986
2000-06-23,93.5676
2000-06-22,93.6591
2000-06-21,93.6757
2000-06-20,93.542
2000-06-19,93.3899
2000-06-16,93.186
2000-06-15,93.0873
2000-06-14,92.8964
2000-06-13,92.7065
2000-06-12,92.5134
2000-06-09,92.4833
2000-06-08,92.3341
2000-06-07,92.1482
2000-06-06,91.9037
2000-06-05,91.702
2000-06-02,91.4348
2000-06-01,91.091
2000-05-31,90.8817
2000-05-30,90.8189
2000-05-26,90.7705
2000-05-25,91.0205
2000-05-24,91.3074
2000-05-23,91.4622
2000-05-22,91.785
2000-05-19,92.0027
2000-05-18,92.1717
2000-05-17,92.2068
2000-05-16,92.1255
2000-05-15,91.9323
2000-05-12,91.8137
2000-05-11,91.849
2000-05-10,91.9913
2000-05-09,92.3613
2000-05-08,92.5555
2000-05-05,92.6931
2000-05-04,92.7725
2000-05-03,92.9762
2000-05-02,93.2729
2000-05-01,93.3734
2000-04-28,93.2863
2000-04-27,93.3228
2000-04-26,93.3021
2000-04-25,93.2465
2000-04-24,93.0723
2000-04-20,93.278
2000-04-19,93.4001
2000-04-18,93.5813
2000-04-17,93.691
2000-04-14,94.063
2000-04-13,94.7944
2000-04-12,95.0466
2000-04-11,95.1883
2000-04-10,95.0669
2000-04-07,94.9031
2000-04-06,94.6821
2000-04-05,94.502
2000-04-04,94.3905
2000-04-03,94.204
2000-03-31,93.922
2000-03-30,93.6694
2000-03-29,93.5039
2000-03-28,93.1503
2000-03-27,92.7701
2000-03-24,92.2908
2000-03-23,91.6515
2000-03-22,91.006
2000-03-21,90.4654
2000-03-20,89.9289
2000-03-17,89.5383
2000-03-16,89.056
2000-03-15,88.5877
2000-03-14,88.5095
2000-03-13,88.6374
2000-03-10,88.6463
2000-03-09,88.5533
2000-03-08,88.3999
2000-03-07,88.4995
2000-03-06,88.5979
2000-03-03,88.525
2000-03-02,88.3518
2000-03-01,88.3349
2000-02-29,88.3225
2000-02-28,88.3761
2000-02-25,88.5236
2000-02-24,88.8747
2000-02-23,89.2302
2000-02-22,89.4382
2000-02-18,89.7752
2000-02-17,90.1246
2000-02-16,90.3112
2000-02-15,90.469
2000-02-14,90.5036
2000-02-11,90.6481
2000-02-10,90.8624
2000-02-09,90.9058
2000-02-08,90.9728
2000-02-07,90.843
2000-02-04,90.8298
2000-02-03,90.8005
2000-02-02,90.7282
2000-02-01,90.7912
2000-01-31,90.8692
2000-01-28,91.0479
2000-01-27,91.4934
2000-01-26,91.6916
2000-01-25,91.8729
2000-01-24,91.9975
2000-01-21,92.2424
2000-01-20,92.2378
2000-01-19,92.2117
2000-01-18,92.0316
2000-01-14,91.9123
2000-01-13,91.7027
2000-01-12,91.6034
2000-01-11,91.6241
2000-01-10,91.5502
2000-01-07,91.3508
2000-01-06,91.164
2000-01-05,91.4957
2000-01-04,91.7109
2000-01-03,91.9657
1999-12-31,91.8647
1999-12-30,91.6564
1999-12-29,91.4419
1999-12-28,91.1933
1999-12-27,90.9605
1999-12-23,90.697
1999-12-22,90.3921
1999-12-21,90.2095
1999-12-20,90.0329
1999-12-17,89.9828
1999-12-16,89.858
1999-12-15,89.7812
1999-12-14,89.7382
1999-12-13,89.741
1999-12-10,89.6519
1999-12-09,89.5701
1999-12-08,89.5112
1999-12-07,89.4922
1999-12-06,89.4104
1999-12-03,89.2424
1999-12-02,88.9855
1999-12-01,88.8755
1999-11-30,88.8105
1999-11-29,88.8142
