date,EMA
2024-10-04,44.9706
2024-10-03,44.8991
2024-10-02,44.9001
2024-10-01,44.8759
2024-09-30,44.8544
2024-09-27,44.8054
2024-09-26,44.7691
2024-09-25,44.7427
2024-09-24,44.7377
2024-09-23,44.7038
2024-09-20,44.6263
2024-09-19,44.5349
2024-09-18,44.4307
2024-09-17,44.3681
2024-09-16,44.2841
2024-09-13,44.2165
2024-09-12,44.2026
2024-09-11,44.2008
2024-09-10,44.2094
2024-09-09,44.1968
2024-09-06,44.1347
2024-09-05,44.1352
2024-09-04,44.0666
2024-09-03,43.9383
2024-08-30,43.8018
2024-08-29,43.6152
2024-08-28,43.4541
2024-08-27,43.318
2024-08-26,43.1791
2024-08-23,43.0497
2024-08-22,42.9214
2024-08-21,42.8194
2024-08-20,42.7329
2024-08-19,42.6299
2024-08-16,42.5014
2024-08-15,42.3846
2024-08-14,42.289
2024-08-13,42.2254
2024-08-12,42.2095
2024-08-09,42.2287
2024-08-08,42.2269
2024-08-07,42.2437
2024-08-06,42.3326
2024-08-05,42.436
2024-08-02,42.6196
2024-08-01,42.6946
2024-07-31,42.6663
2024-07-30,42.5699
2024-07-29,42.4519
2024-07-26,42.3739
2024-07-25,42.2814
2024-07-24,42.2494
2024-07-23,42.2309
2024-07-22,42.1485
2024-07-19,42.0658
2024-07-18,41.9997
2024-07-17,41.8803
2024-07-16,41.6929
2024-07-15,41.5203
2024-07-12,41.381
2024-07-11,41.292
2024-07-10,41.2083
2024-07-09,41.1504
2024-07-08,41.1032
2024-07-05,41.0847
2024-07-03,41.0526
2024-07-02,41.0161
2024-07-01,40.9621
2024-06-28,40.9528
2024-06-27,40.9519
2024-06-26,40.9656
2024-06-25,40.9755
2024-06-24,40.9592
2024-06-21,40.9087
2024-06-20,40.897
2024-06-18,40.8674
2024-06-17,40.8577
2024-06-14,40.874
2024-06-13,40.9298
2024-06-12,40.9778
2024-06-11,41.0277
2024-06-10,41.0787
2024-06-07,41.0859
2024-06-06,41.0773
2024-06-05,41.0875
2024-06-04,41.0967
2024-06-03,41.1195
2024-05-31,41.1248
2024-05-30,41.1034
2024-05-29,41.1426
2024-05-28,41.2088
2024-05-24,41.2475
2024-05-23,41.2422
2024-05-22,41.2625
2024-05-21,41.2244
2024-05-20,41.1571
2024-05-17,41.111
2024-05-16,40.9994
2024-05-15,40.9085
2024-05-14,40.808
2024-05-13,40.7293
2024-05-10,40.6643
2024-05-09,40.5746
2024-05-08,40.4923
2024-05-07,40.4336
2024-05-06,40.3845
2024-05-03,40.3448
2024-05-02,40.3552
2024-05-01,40.3762
2024-04-30,40.4098
2024-04-29,40.4469
2024-04-26,40.4462
2024-04-25,40.4391
2024-04-24,40.425
2024-04-23,40.3844
2024-04-22,40.3384
2024-04-19,40.3148
2024-04-18,40.3398
2024-04-17,40.425
2024-04-16,40.5337
2024-04-15,40.6643
2024-04-12,40.7805
2024-04-11,40.888
2024-04-10,40.9504
2024-04-09,40.9891
2024-04-08,40.9671
2024-04-05,40.9177
2024-04-04,40.8819
2024-04-03,40.883
2024-04-02,40.8352
2024-04-01,40.7803
2024-03-28,40.6966
2024-03-27,40.58
2024-03-26,40.4753
2024-03-25,40.4107
2024-03-22,40.3539
2024-03-21,40.2744
2024-03-20,40.1364
2024-03-19,40.0194
2024-03-18,39.9413
2024-03-15,39.8758
2024-03-14,39.8277
2024-03-13,39.7703
2024-03-12,39.6725
2024-03-11,39.5957
2024-03-08,39.5285
2024-03-07,39.4615
2024-03-06,39.3947
2024-03-05,39.3146
2024-03-04,39.248
2024-03-01,39.1754
2024-02-29,39.1056
2024-02-28,39.0232
2024-02-27,38.9301
2024-02-26,38.8428
2024-02-23,38.7577
2024-02-22,38.6429
2024-02-21,38.5367
2024-02-20,38.4673
2024-02-16,38.4031
2024-02-15,38.3207
2024-02-14,38.215
2024-02-13,38.168
2024-02-12,38.1545
2024-02-09,38.0844
2024-02-08,38.0257
2024-02-07,37.9722
2024-02-06,37.8975
2024-02-05,37.8451
2024-02-02,37.7956
2024-02-01,37.7168
2024-01-31,37.6465
2024-01-30,37.575
2024-01-29,37.446
2024-01-26,37.3544
2024-01-25,37.2636
2024-01-24,37.1777
2024-01-23,37.1027
2024-01-22,37.0353
2024-01-19,36.9671
2024-01-18,36.9105
2024-01-17,36.9104
2024-01-16,36.9164
2024-01-12,36.9159
2024-01-11,36.8882
2024-01-10,36.8503
2024-01-09,36.7939
2024-01-08,36.7377
2024-01-05,36.6507
2024-01-04,36.5795
2024-01-03,36.5174
2024-01-02,36.4644
2023-12-29,36.3726
2023-12-28,36.2877
2023-12-27,36.1814
2023-12-26,36.0754
2023-12-22,35.9706
2023-12-21,35.8705
2023-12-20,35.7682
2023-12-19,35.6925
2023-12-18,35.5392
2023-12-15,35.3989
2023-12-14,35.2566
2023-12-13,35.0765
2023-12-12,34.9158
2023-12-11,34.7993
2023-12-08,34.6974
2023-12-07,34.6076
2023-12-06,34.528
2023-12-05,34.4577
2023-12-04,34.3613
2023-12-01,34.2362
2023-11-30,34.0937
2023-11-29,33.9642
2023-11-28,33.8625
2023-11-27,33.7759
2023-11-24,33.6792
2023-11-22,33.56
2023-11-21,33.4395
2023-11-20,33.3209
2023-11-17,33.1877
2023-11-16,33.055
2023-11-15,32.927
2023-11-14,32.8
2023-11-13,32.6793
2023-11-10,32.6122
2023-11-09,32.5328
2023-11-08,32.4845
2023-11-07,32.4165
2023-11-06,32.3456
2023-11-03,32.262
2023-11-02,32.1592
2023-11-01,32.0912
2023-10-31,32.0958
2023-10-30,32.1227
2023-10-27,32.1886
2023-10-26,32.3194
2023-10-25,32.404
2023-10-24,32.4902
2023-10-23,32.573
2023-10-20,32.6874
2023-10-19,32.793
2023-10-18,32.858
2023-10-17,32.8843
2023-10-16,32.8533
2023-10-13,32.8356
2023-10-12,32.8523
2023-10-11,32.8779
2023-10-10,32.8845
2023-10-09,32.897
2023-10-06,32.9357
2023-10-05,32.9805
2023-10-04,33.0591
2023-10-03,33.1614
2023-10-02,33.2994
2023-09-29,33.398
2023-09-28,33.478
2023-09-27,33.5343
2023-09-26,33.6214
2023-09-25,33.7125
2023-09-22,33.7666
2023-09-21,33.8347
2023-09-20,33.883
2023-09-19,33.8773
2023-09-18,33.8462
2023-09-15,33.8077
2023-09-14,33.7749
2023-09-13,33.7201
2023-09-12,33.6925
2023-09-11,33.6621
2023-09-08,33.6521
2023-09-07,33.6576
2023-09-06,33.6709
2023-09-05,33.6763
2023-09-01,33.6802
2023-08-31,33.6484
2023-08-30,33.6453
2023-08-29,33.6284
2023-08-28,33.6118
2023-08-25,33.6254
2023-08-24,33.6601
2023-08-23,33.7149
2023-08-22,33.7631
2023-08-21,33.8504
2023-08-18,33.9138
2023-08-17,33.9799
2023-08-16,34.0518
2023-08-15,34.1139
2023-08-14,34.1772
2023-08-11,34.1813
2023-08-10,34.1785
2023-08-09,34.1827
2023-08-08,34.1905
2023-08-07,34.1722
2023-08-04,34.119
2023-08-03,34.1108
2023-08-02,34.0872
2023-08-01,34.0632
2023-07-31,34.0058
2023-07-28,33.9423
2023-07-27,33.8855
2023-07-26,33.83
2023-07-25,33.7222
2023-07-24,33.6248
2023-07-21,33.4933
2023-07-20,33.3831
2023-07-19,33.2489
2023-07-18,33.1274
2023-07-17,33.0086
2023-07-14,32.9175
2023-07-13,32.8508
2023-07-12,32.7534
2023-07-11,32.6581
2023-07-10,32.5754
2023-07-07,32.5253
2023-07-06,32.4854
2023-07-05,32.4465
2023-07-03,32.3735
2023-06-30,32.2856
2023-06-29,32.2081
2023-06-28,32.1524
2023-06-27,32.1495
2023-06-26,32.1381
2023-06-23,32.1523
2023-06-22,32.1608
2023-06-21,32.1557
2023-06-20,32.1233
2023-06-16,32.0834
2023-06-15,32.0136
2023-06-14,31.9293
2023-06-13,31.8813
2023-06-12,31.8148
2023-06-09,31.762
2023-06-08,31.7025
2023-06-07,31.6378
2023-06-06,31.5632
2023-06-05,31.4941
2023-06-02,31.4598
2023-06-01,31.4044
2023-05-31,31.4151
2023-05-30,31.4618
2023-05-26,31.4785
2023-05-25,31.496
2023-05-24,31.5419
2023-05-23,31.5917
2023-05-22,31.6036
2023-05-19,31.5778
2023-05-18,31.5554
2023-05-17,31.5163
2023-05-16,31.4976
2023-05-15,31.5428
2023-05-12,31.5618
2023-05-11,31.6096
2023-05-10,31.6491
2023-05-09,31.6876
2023-05-08,31.7116
2023-05-05,31.7259
2023-05-04,31.7468
2023-05-03,31.8499
2023-05-02,31.9219
2023-05-01,31.9634
2023-04-28,31.9323
2023-04-27,31.8888
2023-04-26,31.8806
2023-04-25,31.925
2023-04-24,31.9422
2023-04-21,31.9027
2023-04-20,31.8509
2023-04-19,31.7813
2023-04-18,31.6941
2023-04-17,31.6059
2023-04-14,31.5187
2023-04-13,31.4613
2023-04-12,31.4308
2023-04-11,31.4268
2023-04-10,31.4152
2023-04-06,31.4311
2023-04-05,31.4558
2023-04-04,31.4955
2023-04-03,31.5353
2023-03-31,31.5485
2023-03-30,31.5692
2023-03-29,31.628
2023-03-28,31.6858
2023-03-27,31.7969
2023-03-24,31.9187
2023-03-23,32.0975
2023-03-22,32.293
2023-03-21,32.4875
2023-03-20,32.6266
2023-03-17,32.8614
2023-03-16,33.1559
2023-03-15,33.3761
2023-03-14,33.6809
2023-03-13,33.9299
2023-03-10,34.2705
2023-03-09,34.5141
2023-03-08,34.7211
2023-03-07,34.8048
2023-03-06,34.884
2023-03-03,34.8766
2023-03-02,34.8714
2023-03-01,34.9229
2023-02-28,34.9625
2023-02-27,34.994
2023-02-24,35.036
2023-02-23,35.0813
2023-02-22,35.1345
2023-02-21,35.1963
2023-02-17,35.2606
2023-02-16,35.255
2023-02-15,35.2499
2023-02-14,35.2064
2023-02-13,35.1624
2023-02-10,35.0934
2023-02-09,35.06
2023-02-08,35.0353
2023-02-07,34.9662
2023-02-06,34.8673
2023-02-03,34.8009
2023-02-02,34.7265
2023-02-01,34.6371
2023-01-31,34.5485
2023-01-30,34.4506
2023-01-27,34.3925
2023-01-26,34.3098
2023-01-25,34.2184
2023-01-24,34.1369
2023-01-23,34.0753
2023-01-20,34.0093
2023-01-19,33.9783
2023-01-18,34.0001
2023-01-17,33.9824
2023-01-13,33.8944
2023-01-12,33.7725
2023-01-11,33.6655
2023-01-10,33.5543
2023-01-09,33.4651
2023-01-06,33.387
2023-01-05,33.2874
2023-01-04,33.2559
2023-01-03,33.1946
2022-12-30,33.183
2022-12-29,33.1824
2022-12-28,33.1726
2022-12-27,33.2097
2022-12-23,33.2386
2022-12-22,33.2694
2022-12-21,33.3228
2022-12-20,33.3513
2022-12-19,33.4359
2022-12-16,33.5436
2022-12-15,33.6536
2022-12-14,33.7487
2022-12-13,33.7848
2022-12-12,33.78
2022-12-09,33.7839
2022-12-08,33.8349
2022-12-07,33.8821
2022-12-06,33.9373
2022-12-05,33.9841
2022-12-02,34.0044
2022-12-01,33.9364
2022-11-30,33.8441
2022-11-29,33.7207
2022-11-28,33.6463
2022-11-25,33.5853
2022-11-23,33.455
2022-11-22,33.3231
2022-11-21,33.1926
2022-11-18,33.0849
2022-11-17,32.977
2022-11-16,32.8872
2022-11-15,32.7687
2022-11-14,32.6204
2022-11-11,32.4647
2022-11-10,32.2408
2022-11-09,32.0227
2022-11-08,31.9553
2022-11-07,31.8219
2022-11-04,31.6948
2022-11-03,31.5888
2022-11-02,31.5336
2022-11-01,31.438
2022-10-31,31.2888
2022-10-28,31.1329
2022-10-27,30.9394
2022-10-26,30.8097
2022-10-25,30.6937
2022-10-24,30.5737
2022-10-21,30.4807
2022-10-20,30.4215
2022-10-19,30.4505
2022-10-18,30.4307
2022-10-17,30.3551
2022-10-14,30.3233
2022-10-13,30.3674
2022-10-12,30.3622
2022-10-11,30.4834
2022-10-10,30.6103
2022-10-07,30.7109
2022-10-06,30.8079
2022-10-05,30.839
2022-10-04,30.8277
2022-10-03,30.7898
2022-09-30,30.8657
2022-09-29,31.0328
2022-09-28,31.189
2022-09-27,31.3221
2022-09-26,31.5302
2022-09-23,31.7469
2022-09-22,31.9368
2022-09-21,32.0958
2022-09-20,32.2168
2022-09-19,32.2814
2022-09-16,32.3032
2022-09-15,32.3648
2022-09-14,32.4027
2022-09-13,32.4556
2022-09-12,32.504
2022-09-09,32.4273
2022-09-08,32.3707
2022-09-07,32.3395
2022-09-06,32.3646
2022-09-02,32.4579
2022-09-01,32.553
2022-08-31,32.6319
2022-08-30,32.7292
2022-08-29,32.8114
2022-08-26,32.8842
2022-08-25,32.9403
2022-08-24,32.8974
2022-08-23,32.9034
2022-08-22,32.9283
2022-08-19,32.9416
2022-08-18,32.8786
2022-08-17,32.7372
2022-08-16,32.585
2022-08-15,32.3986
2022-08-12,32.2188
2022-08-11,32.0191
2022-08-10,31.854
2022-08-09,31.7128
2022-08-08,31.6335
2022-08-05,31.5631
2022-08-04,31.4832
2022-08-03,31.4192
2022-08-02,31.3373
2022-08-01,31.2973
2022-07-29,31.2157
2022-07-28,31.0972
2022-07-27,31.0137
2022-07-26,30.9457
2022-07-25,30.921
2022-07-22,30.8473
2022-07-21,30.787
2022-07-20,30.7012
2022-07-19,30.6275
2022-07-18,30.5582
2022-07-15,30.5776
2022-07-14,30.5869
2022-07-13,30.7022
2022-07-12,30.769
2022-07-11,30.8146
2022-07-08,30.8448
2022-07-07,30.8519
2022-07-06,30.8526
2022-07-05,30.9
2022-07-01,30.9442
2022-06-30,30.9819
2022-06-29,31.0671
2022-06-28,31.133
2022-06-27,31.1876
2022-06-24,31.2156
2022-06-23,31.2355
2022-06-22,31.3736
2022-06-21,31.5142
2022-06-17,31.6624
2022-06-16,31.888
2022-06-15,32.1463
2022-06-14,32.3514
2022-06-13,32.6133
2022-06-10,32.8757
2022-06-09,33.0682
2022-06-08,33.1584
2022-06-07,33.1707
2022-06-06,33.122
2022-06-03,33.0953
2022-06-02,33.0758
2022-06-01,33.0031
2022-05-31,32.9709
2022-05-27,32.8781
2022-05-26,32.7654
2022-05-25,32.7002
2022-05-24,32.7074
2022-05-23,32.7426
2022-05-20,32.7744
2022-05-19,32.9171
2022-05-18,33.0687
2022-05-17,33.2142
2022-05-16,33.2806
2022-05-13,33.4435
2022-05-12,33.5953
2022-05-11,33.8113
2022-05-10,34.0249
2022-05-09,34.2299
2022-05-06,34.4263
2022-05-05,34.56
2022-05-04,34.6827
2022-05-03,34.7128
2022-05-02,34.8535
2022-04-29,35.0543
2022-04-28,35.2772
2022-04-27,35.4
2022-04-26,35.581
2022-04-25,35.778
2022-04-22,35.9043
2022-04-21,36.0499
2022-04-20,36.0993
2022-04-19,36.0937
2022-04-18,36.1136
2022-04-14,36.1868
2022-04-13,36.2898
2022-04-12,36.3615
2022-04-11,36.4407
2022-04-08,36.4871
2022-04-07,36.5212
2022-04-06,36.5972
2022-04-05,36.6771
2022-04-04,36.7393
2022-04-01,36.7839
2022-03-31,36.8162
2022-03-30,36.8418
2022-03-29,36.7797
2022-03-28,36.6829
2022-03-25,36.585
2022-03-24,36.4657
2022-03-23,36.3841
2022-03-22,36.3251
2022-03-21,36.1865
2022-03-18,36.0966
2022-03-17,35.9934
2022-03-16,35.8884
2022-03-15,35.8203
2022-03-14,35.8502
2022-03-11,35.9352
2022-03-10,36.0752
2022-03-09,36.204
2022-03-08,36.3153
2022-03-07,36.5694
2022-03-04,36.8292
2022-03-03,36.9803
2022-03-02,37.0762
2022-03-01,37.1702
2022-02-28,37.3702
2022-02-25,37.4491
2022-02-24,37.4783
2022-02-23,37.6326
2022-02-22,37.7572
2022-02-18,37.8268
2022-02-17,37.8838
2022-02-16,37.9457
2022-02-15,37.9141
2022-02-14,37.8821
2022-02-11,37.9009
2022-02-10,37.8766
2022-02-09,37.7926
2022-02-08,37.6638
2022-02-07,37.5475
2022-02-04,37.475
2022-02-03,37.4068
2022-02-02,37.3986
2022-02-01,37.3454
2022-01-31,37.3136
2022-01-28,37.3325
2022-01-27,37.3875
2022-01-26,37.4983
2022-01-25,37.5857
2022-01-24,37.6923
2022-01-21,37.8261
2022-01-20,37.9851
2022-01-19,38.0807
2022-01-18,38.1613
2022-01-14,38.1834
2022-01-13,38.1168
2022-01-12,38.0001
2022-01-11,37.8552
2022-01-10,37.6979
2022-01-07,37.5602
2022-01-06,37.3939
2022-01-05,37.2582
2022-01-04,37.1672
2022-01-03,37.0196
2021-12-31,36.9606
2021-12-30,36.9433
2021-12-29,36.9173
2021-12-28,36.8815
2021-12-27,36.8369
2021-12-23,36.7897
2021-12-22,36.7775
2021-12-21,36.784
2021-12-20,36.8092
2021-12-17,36.9151
2021-12-16,36.958
2021-12-15,36.9187
2021-12-14,36.9241
2021-12-13,36.941
2021-12-10,36.9825
2021-12-09,36.9867
2021-12-08,36.9952
2021-12-07,36.9967
2021-12-06,36.9774
2021-12-03,37.0248
2021-12-02,37.135
2021-12-01,37.194
2021-11-30,37.3707
2021-11-29,37.5243
2021-11-26,37.6014
2021-11-24,37.6985
2021-11-23,37.6734
2021-11-22,37.6368
2021-11-19,37.658
2021-11-18,37.7362
2021-11-17,37.7798
2021-11-16,37.8081
2021-11-15,37.7936
2021-11-12,37.7735
2021-11-11,37.7513
2021-11-10,37.7358
2021-11-09,37.7296
2021-11-08,37.7158
2021-11-05,37.6786
2021-11-04,37.6594
2021-11-03,37.6402
2021-11-02,37.5661
2021-11-01,37.4992
2021-10-29,37.4352
2021-10-28,37.3665
2021-10-27,37.2746
2021-10-26,37.2219
2021-10-25,37.0968
2021-10-22,36.9616
2021-10-21,36.8072
2021-10-20,36.6923
2021-10-19,36.5484
2021-10-18,36.4212
2021-10-15,36.3194
2021-10-14,36.2079
2021-10-13,36.1424
2021-10-12,36.1338
2021-10-11,36.1024
2021-10-08,36.0557
2021-10-07,35.9652
2021-10-06,35.8842
2021-10-05,35.8175
2021-10-04,35.7478
2021-10-01,35.7444
2021-09-30,35.7078
2021-09-29,35.7291
2021-09-28,35.693
2021-09-27,35.6559
2021-09-24,35.5513
2021-09-23,35.4874
2021-09-22,35.4367
2021-09-21,35.4713
2021-09-20,35.5703
2021-09-17,35.6748
2021-09-16,35.7041
2021-09-15,35.7197
2021-09-14,35.7261
2021-09-13,35.7688
2021-09-10,35.7654
2021-09-09,35.8043
2021-09-08,35.8196
2021-09-07,35.8474
2021-09-03,35.8691
2021-09-02,35.8704
2021-09-01,35.848
2021-08-31,35.8361
2021-08-30,35.8011
2021-08-27,35.7575
2021-08-26,35.6548
2021-08-25,35.5919
2021-08-24,35.5035
2021-08-23,35.4504
2021-08-20,35.4145
2021-08-19,35.4056
2021-08-18,35.4185
2021-08-17,35.405
2021-08-16,35.3436
2021-08-13,35.2488
2021-08-12,35.1342
2021-08-11,34.9788
2021-08-10,34.814
2021-08-09,34.6754
2021-08-06,34.5619
2021-08-05,34.4463
2021-08-04,34.393
2021-08-03,34.3816
2021-08-02,34.3384
2021-07-30,34.3312
2021-07-29,34.3242
2021-07-28,34.2877
2021-07-27,34.2871
2021-07-26,34.2814
2021-07-23,34.2742
2021-07-22,34.287
2021-07-21,34.3071
2021-07-20,34.2897
2021-07-19,34.3319
2021-07-16,34.4648
2021-07-15,34.5116
2021-07-14,34.5137
2021-07-13,34.5279
2021-07-12,34.5268
2021-07-09,34.4859
2021-07-08,34.4764
2021-07-07,34.568
2021-07-06,34.5968
2021-07-02,34.6337
2021-07-01,34.6169
2021-06-30,34.5945
2021-06-29,34.5984
2021-06-28,34.6185
2021-06-25,34.6279
2021-06-24,34.6115
2021-06-23,34.6371
2021-06-22,34.7099
2021-06-21,34.7973
2021-06-18,34.8999
2021-06-17,35.0942
2021-06-16,35.223
2021-06-15,35.2568
2021-06-14,35.2901
2021-06-11,35.3339
2021-06-10,35.3438
2021-06-09,35.3784
2021-06-08,35.3731
2021-06-07,35.3318
2021-06-04,35.2763
2021-06-03,35.1902
2021-06-02,35.105
2021-06-01,35.0196
2021-05-28,34.9312
2021-05-27,34.8562
2021-05-26,34.7803
2021-05-25,34.7388
2021-05-24,34.7038
2021-05-21,34.6275
2021-05-20,34.5611
2021-05-19,34.5242
2021-05-18,34.4853
2021-05-17,34.4197
2021-05-14,34.2948
2021-05-13,34.1637
2021-05-12,34.077
2021-05-11,34.0395
2021-05-10,33.9606
2021-05-07,33.8071
2021-05-06,33.6345
2021-05-05,33.4635
2021-05-04,33.3289
2021-05-03,33.2096
2021-04-30,33.1065
2021-04-29,33.0103
2021-04-28,32.8724
2021-04-27,32.7831
2021-04-26,32.6983
2021-04-23,32.6322
2021-04-22,32.573
2021-04-21,32.5717
2021-04-20,32.5318
2021-04-19,32.5351
2021-04-16,32.4736
2021-04-15,32.3957
2021-04-14,32.3342
2021-04-13,32.2634
2021-04-12,32.2059
2021-04-09,32.1097
2021-04-08,32.0181
2021-04-07,31.9466
2021-04-06,31.8686
2021-04-05,31.7991
2021-04-01,31.7154
2021-03-31,31.6495
2021-03-30,31.6182
2021-03-29,31.5579
2021-03-26,31.515
2021-03-25,31.4379
2021-03-24,31.405
2021-03-23,31.424
2021-03-22,31.4569
2021-03-19,31.4468
2021-03-18,31.3925
2021-03-17,31.2931
2021-03-16,31.201
2021-03-15,31.1218
2021-03-12,30.9989
2021-03-11,30.8433
2021-03-10,30.7058
2021-03-09,30.544
2021-03-08,30.433
2021-03-05,30.2799
2021-03-04,30.1529
2021-03-03,30.0745
2021-03-02,29.9504
2021-03-01,29.8389
2021-02-26,29.7038
2021-02-25,29.6538
2021-02-24,29.5366
2021-02-23,29.3471
2021-02-22,29.2006
2021-02-19,29.0583
2021-02-18,28.9305
2021-02-17,28.8267
2021-02-16,28.6932
2021-02-12,28.5614
2021-02-11,28.4688
2021-02-10,28.398
2021-02-09,28.3098
2021-02-08,28.2124
2021-02-05,28.1057
2021-02-04,28.0271
2021-02-03,27.9412
2021-02-02,27.9121
2021-02-01,27.8967
2021-01-29,27.9495
2021-01-28,28.0452
2021-01-27,28.093
2021-01-26,28.1988
2021-01-25,28.2294
2021-01-22,28.2395
2021-01-21,28.229
2021-01-20,28.1959
2021-01-19,28.1268
2021-01-15,28.0376
2021-01-14,27.9469
2021-01-13,27.7955
2021-01-12,27.642
2021-01-11,27.4704
2021-01-08,27.3121
2021-01-07,27.147
2021-01-06,26.9626
2021-01-05,26.802
2021-01-04,26.7513
2020-12-31,26.7081
2020-12-30,26.6211
2020-12-29,26.5602
2020-12-28,26.5057
2020-12-24,26.4357
2020-12-23,26.372
2020-12-22,26.3056
2020-12-21,26.2784
2020-12-18,26.2208
2020-12-17,26.1945
2020-12-16,26.141
2020-12-15,26.0897
2020-12-14,26.0379
2020-12-11,26.0275
2020-12-10,25.9838
2020-12-09,25.9072
2020-12-08,25.8273
2020-12-07,25.7322
2020-12-04,25.6261
2020-12-03,25.4893
2020-12-02,25.3723
2020-12-01,25.244
2020-11-30,25.1325
2020-11-27,25.0513
2020-11-25,24.9039
2020-11-24,24.7321
2020-11-23,24.5325
2020-11-20,24.4067
2020-11-19,24.3176
2020-11-18,24.1956
2020-11-17,24.0695
2020-11-16,23.9048
2020-11-13,23.7188
2020-11-12,23.572
2020-11-11,23.4527
2020-11-10,23.2768
2020-11-09,23.0717
2020-11-06,22.8586
2020-11-05,22.8237
2020-11-04,22.7654
2020-11-03,22.7598
2020-11-02,22.7252
2020-10-30,22.7397
2020-10-29,22.7998
2020-10-28,22.8731
2020-10-27,22.9717
2020-10-26,23.02
2020-10-23,23.0294
2020-10-22,22.9841
2020-10-21,22.9418
2020-10-20,22.9429
2020-10-19,22.9315
2020-10-16,22.9384
2020-10-15,22.9089
2020-10-14,22.8783
2020-10-13,22.863
2020-10-12,22.8226
2020-10-09,22.7301
2020-10-08,22.6552
2020-10-07,22.5753
2020-10-06,22.5203
2020-10-05,22.4996
2020-10-02,22.4523
2020-10-01,22.4391
2020-09-30,22.4431
2020-09-29,22.4514
2020-09-28,22.4919
2020-09-25,22.5073
2020-09-24,22.5792
2020-09-23,22.682
2020-09-22,22.8006
2020-09-21,22.8798
2020-09-18,22.9478
2020-09-17,22.9632
2020-09-16,22.9753
2020-09-15,22.9634
2020-09-14,22.9776
2020-09-11,22.9601
2020-09-10,22.9738
2020-09-09,23.0055
2020-09-08,23.0066
2020-09-04,23.032
2020-09-03,22.9969
2020-09-02,22.9766
2020-09-01,22.9163
2020-08-31,22.8845
2020-08-28,22.8563
2020-08-27,22.7959
2020-08-26,22.7389
2020-08-25,22.7167
2020-08-24,22.6805
2020-08-21,22.6473
2020-08-20,22.6671
2020-08-19,22.684
2020-08-18,22.6804
2020-08-17,22.6754
2020-08-14,22.6543
2020-08-13,22.5901
2020-08-12,22.5289
2020-08-11,22.4457
2020-08-10,22.347
2020-08-07,22.2661
2020-08-06,22.1941
2020-08-05,22.1652
2020-08-04,22.1322
2020-08-03,22.1278
2020-07-31,22.1133
2020-07-30,22.104
2020-07-29,22.0948
2020-07-28,22.0418
2020-07-27,22.0269
2020-07-24,22.0047
2020-07-23,21.9607
2020-07-22,21.9062
2020-07-21,21.8479
2020-07-20,21.7834
2020-07-17,21.7579
2020-07-16,21.7191
2020-07-15,21.6566
2020-07-14,21.5876
2020-07-13,21.5571
2020-07-10,21.535
2020-07-09,21.5203
2020-07-08,21.5799
2020-07-07,21.5981
2020-07-06,21.6416
2020-07-02,21.643
2020-07-01,21.6873
2020-06-30,21.7392
2020-06-29,21.7772
2020-06-26,21.8492
2020-06-25,21.9532
2020-06-24,21.9699
2020-06-23,22.0476
2020-06-22,22.0519
2020-06-19,22.0673
2020-06-18,22.0728
2020-06-17,22.0635
2020-06-16,22.0504
2020-06-15,22.0
2020-06-12,21.9812
2020-06-11,21.9922
2020-06-10,22.072
2020-06-09,21.9611
2020-06-08,21.7439
2020-06-05,21.4487
2020-06-04,21.1708
2020-06-03,20.9544
2020-06-02,20.7675
2020-06-01,20.6469
2020-05-29,20.5319
2020-05-28,20.431
2020-05-27,20.2933
2020-05-26,20.1044
2020-05-22,19.9923
2020-05-21,19.9785
2020-05-20,19.9555
2020-05-19,19.9234
2020-05-18,19.9343
2020-05-15,19.8941
2020-05-14,19.9541
2020-05-13,20.0068
2020-05-12,20.1163
2020-05-11,20.1765
2020-05-08,20.1879
2020-05-07,20.1589
2020-05-06,20.1724
2020-05-05,20.2355
2020-05-04,20.2599
2020-05-01,20.2801
2020-04-30,20.2831
2020-04-29,20.2159
2020-04-28,20.0846
2020-04-27,20.0032
2020-04-24,19.9365
2020-04-23,19.9342
2020-04-22,19.9617
2020-04-21,19.9833
2020-04-20,20.0295
2020-04-17,20.0119
2020-04-16,19.9547
2020-04-15,19.9998
2020-04-14,20.0129
2020-04-13,19.9327
2020-04-09,19.8537
2020-04-08,19.6843
2020-04-07,19.612
2020-04-06,19.622
2020-04-03,19.6533
2020-04-02,19.8242
2020-04-01,19.9744
2020-03-31,20.1877
2020-03-30,20.3008
2020-03-27,20.3688
2020-03-26,20.4826
2020-03-25,20.5446
2020-03-24,20.7368
2020-03-23,21.0014
2020-03-20,21.5055
2020-03-19,21.9582
2020-03-18,22.3916
2020-03-17,22.9108
2020-03-16,23.3141
2020-03-13,23.8633
2020-03-12,24.1678
2020-03-11,24.7609
2020-03-10,25.1799
2020-03-09,25.5176
2020-03-06,26.0191
2020-03-05,26.311
2020-03-04,26.5475
2020-03-03,26.6805
2020-03-02,26.9127
2020-02-28,27.0688
2020-02-27,27.3716
2020-02-26,27.6355
2020-02-25,27.8102
2020-02-24,27.9832
2020-02-21,28.0777
2020-02-20,28.0864
2020-02-19,28.0673
2020-02-18,28.0404
2020-02-14,28.0327
2020-02-13,27.9984
2020-02-12,27.9642
2020-02-11,27.9256
2020-02-10,27.8847
2020-02-07,27.8501
2020-02-06,27.8205
2020-02-05,27.7772
2020-02-04,27.7255
2020-02-03,27.7268
2020-01-31,27.756
2020-01-30,27.8084
2020-01-29,27.805
2020-01-28,27.8377
2020-01-27,27.869
2020-01-24,27.9371
2020-01-23,27.9674
2020-01-22,27.9635
2020-01-21,27.9516
2020-01-17,27.947
2020-01-16,27.917
2020-01-15,27.8925
2020-01-14,27.8912
2020-01-13,27.8736
2020-01-10,27.8484
2020-01-09,27.8406
2020-01-08,27.8099
2020-01-07,27.7942
2020-01-06,27.7961
2020-01-03,27.779
2020-01-02,27.7581
2019-12-31,27.7035
2019-12-30,27.6718
2019-12-27,27.6464
2019-12-26,27.6097
2019-12-24,27.5614
2019-12-23,27.5244
2019-12-20,27.4902
2019-12-19,27.4456
2019-12-18,27.3998
2019-12-17,27.3483
2019-12-16,27.279
2019-12-13,27.2137
2019-12-12,27.1521
2019-12-11,27.0736
2019-12-10,27.0429
2019-12-09,27.0024
2019-12-06,26.9586
2019-12-05,26.9035
2019-12-04,26.8807
2019-12-03,26.8688
2019-12-02,26.8824
2019-11-29,26.8574
2019-11-27,26.8116
2019-11-26,26.7563
2019-11-25,26.7066
2019-11-22,26.6488
2019-11-21,26.603
2019-11-20,26.5733
2019-11-19,26.5377
2019-11-18,26.4849
2019-11-15,26.4324
2019-11-14,26.38
2019-11-13,26.3297
2019-11-12,26.2799
2019-11-11,26.2067
2019-11-08,26.1296
2019-11-07,26.0368
2019-11-06,25.9332
2019-11-05,25.8398
2019-11-04,25.7507
2019-11-01,25.6628
2019-10-31,25.5894
2019-10-30,25.5484
2019-10-29,25.4897
2019-10-28,25.4229
2019-10-25,25.3557
2019-10-24,25.2957
2019-10-23,25.2428
2019-10-22,25.1805
2019-10-21,25.1231
2019-10-18,25.052
2019-10-17,25.0106
2019-10-16,24.9715
2019-10-15,24.9302
2019-10-14,24.8779
2019-10-11,24.8582
2019-10-10,24.8402
2019-10-09,24.8527
2019-10-08,24.8932
2019-10-07,24.9618
2019-10-04,24.9862
2019-10-03,24.9998
2019-10-02,25.0624
2019-10-01,25.1422
2019-09-30,25.1769
2019-09-27,25.1592
2019-09-26,25.1328
2019-09-25,25.1142
2019-09-24,25.0813
2019-09-23,25.0668
2019-09-20,25.025
2019-09-19,24.9836
2019-09-18,24.9221
2019-09-17,24.8419
2019-09-16,24.7626
2019-09-13,24.6779
2019-09-12,24.5748
2019-09-11,24.4817
2019-09-10,24.393
2019-09-09,24.3101
2019-09-06,24.228
2019-09-05,24.177
2019-09-04,24.1198
2019-09-03,24.1086
2019-08-30,24.121
2019-08-29,24.1081
2019-08-28,24.1023
2019-08-27,24.1339
2019-08-26,24.1915
2019-08-23,24.2401
2019-08-22,24.3175
2019-08-21,24.3385
2019-08-20,24.3788
2019-08-19,24.4347
2019-08-16,24.4624
2019-08-15,24.5186
2019-08-14,24.6244
2019-08-13,24.7536
2019-08-12,24.8016
2019-08-09,24.8859
2019-08-08,24.9298
2019-08-07,24.9698
2019-08-06,25.0623
2019-08-05,25.1305
2019-08-02,25.2466
2019-08-01,25.2877
2019-07-31,25.3322
2019-07-30,25.3207
2019-07-29,25.2947
2019-07-26,25.2584
2019-07-25,25.1974
2019-07-24,25.1594
2019-07-23,25.0984
2019-07-22,25.0585
2019-07-19,25.0419
2019-07-18,25.0292
2019-07-17,25.0039
2019-07-16,24.9957
2019-07-15,24.964
2019-07-12,24.9222
2019-07-11,24.8609
2019-07-10,24.8112
2019-07-09,24.7714
2019-07-08,24.718
2019-07-05,24.6636
2019-07-03,24.5903
2019-07-02,24.5168
2019-07-01,24.4564
2019-06-28,24.3831
2019-06-27,24.3333
2019-06-26,24.3152
2019-06-25,24.318
2019-06-24,24.3163
2019-06-21,24.306
2019-06-20,24.2841
2019-06-19,24.2542
2019-06-18,24.2325
2019-06-17,24.2038
2019-06-14,24.206
2019-06-13,24.1849
2019-06-12,24.1672
2019-06-11,24.1561
2019-06-10,24.1184
2019-06-07,24.0776
2019-06-06,24.0543
2019-06-05,24.0248
2019-06-04,24.0015
2019-06-03,23.9919
2019-05-31,24.0482
2019-05-30,24.1264
2019-05-29,24.1752
2019-05-28,24.2206
2019-05-24,24.2661
2019-05-23,24.2871
2019-05-22,24.3302
2019-05-21,24.3419
2019-05-20,24.3398
2019-05-17,24.3639
2019-05-16,24.3934
2019-05-15,24.4089
2019-05-14,24.4516
2019-05-13,24.4893
2019-05-10,24.5508
2019-05-09,24.5434
2019-05-08,24.5521
2019-05-07,24.5561
2019-05-06,24.5548
2019-05-03,24.51
2019-05-02,24.4426
2019-05-01,24.3917
2019-04-30,24.3382
2019-04-29,24.2574
2019-04-26,24.1719
2019-04-25,24.1038
2019-04-24,24.0521
2019-04-23,23.9997
2019-04-22,23.9389
2019-04-18,23.8878
2019-04-17,23.8237
2019-04-16,23.7454
2019-04-15,23.6654
2019-04-12,23.6128
2019-04-11,23.5386
2019-04-10,23.5029
2019-04-09,23.4785
2019-04-08,23.4591
2019-04-05,23.4168
2019-04-04,23.373
2019-04-03,23.3283
2019-04-02,23.294
2019-04-01,23.2637
2019-03-29,23.2282
2019-03-28,23.2485
2019-03-27,23.2774
2019-03-26,23.3302
2019-03-25,23.3782
2019-03-22,23.4595
2019-03-21,23.539
2019-03-20,23.5589
2019-03-19,23.5734
2019-03-18,23.5375
2019-03-15,23.4781
2019-03-14,23.4379
2019-03-13,23.4108
2019-03-12,23.3902
2019-03-11,23.3843
2019-03-08,23.3834
2019-03-07,23.4078
2019-03-06,23.4338
2019-03-05,23.4373
2019-03-04,23.4251
2019-03-01,23.4023
2019-02-28,23.3611
2019-02-27,23.3315
2019-02-26,23.2922
2019-02-25,23.2582
2019-02-22,23.2131
2019-02-21,23.1736
2019-02-20,23.1261
2019-02-19,23.0606
2019-02-15,23.0041
2019-02-14,22.9453
2019-02-13,22.9321
2019-02-12,22.8874
2019-02-11,22.8445
2019-02-08,22.8328
2019-02-07,22.8274
2019-02-06,22.8092
2019-02-05,22.7647
2019-02-04,22.7127
2019-02-01,22.6486
2019-01-31,22.5882
2019-01-30,22.5317
2019-01-29,22.4655
2019-01-28,22.4064
2019-01-25,22.3326
2019-01-24,22.2435
2019-01-23,22.1648
2019-01-22,22.0835
2019-01-18,21.9964
2019-01-17,21.8719
2019-01-16,21.7757
2019-01-15,21.6824
2019-01-14,21.6291
2019-01-11,21.5908
2019-01-10,21.5645
2019-01-09,21.541
2019-01-08,21.5159
2019-01-07,21.4995
2019-01-04,21.4832
2019-01-03,21.468
2019-01-02,21.5245
2018-12-31,21.5362
2018-12-28,21.5679
2018-12-27,21.6245
2018-12-26,21.6861
2018-12-24,21.7805
2018-12-21,21.9796
2018-12-20,22.1547
2018-12-19,22.3047
2018-12-18,22.451
2018-12-17,22.5848
2018-12-14,22.7242
2018-12-13,22.8559
2018-12-12,22.9791
2018-12-11,23.0985
2018-12-10,23.2435
2018-12-07,23.3813
2018-12-06,23.5011
2018-12-04,23.5878
2018-12-03,23.65
2018-11-30,23.6087
2018-11-29,23.579
2018-11-28,23.5592
2018-11-27,23.5158
2018-11-26,23.5154
2018-11-23,23.5169
2018-11-21,23.5679
2018-11-20,23.6048
2018-11-19,23.6473
2018-11-16,23.6393
2018-11-15,23.6296
2018-11-14,23.6216
2018-11-13,23.6492
2018-11-12,23.6461
2018-11-09,23.6566
2018-11-08,23.618
2018-11-07,23.5519
2018-11-06,23.4863
2018-11-05,23.4465
2018-11-02,23.4155
2018-11-01,23.4204
2018-10-31,23.424
2018-10-30,23.4391
2018-10-29,23.4895
2018-10-26,23.5861
2018-10-25,23.7134
2018-10-24,23.8196
2018-10-23,23.9734
2018-10-22,24.0828
2018-10-19,24.184
2018-10-18,24.2428
2018-10-17,24.3171
2018-10-16,24.3573
2018-10-15,24.4268
2018-10-12,24.5447
2018-10-11,24.6639
2018-10-10,24.7983
2018-10-09,24.8714
2018-10-08,24.8711
2018-10-05,24.8605
2018-10-04,24.8664
2018-10-03,24.86
2018-10-02,24.8706
2018-10-01,24.9065
2018-09-28,24.9462
2018-09-27,25.0004
2018-09-26,25.0332
2018-09-25,25.0602
2018-09-24,25.0583
2018-09-21,25.0459
2018-09-20,25.0024
2018-09-19,24.9438
2018-09-18,24.9023
2018-09-17,24.901
2018-09-14,24.9126
2018-09-13,24.9142
2018-09-12,24.9346
2018-09-11,24.9534
2018-09-10,24.95
2018-09-07,24.9491
2018-09-06,24.9453
2018-09-05,24.9383
2018-09-04,24.9185
2018-08-31,24.8985
2018-08-30,24.8894
2018-08-29,24.8765
2018-08-28,24.8419
2018-08-27,24.8026
2018-08-24,24.7565
2018-08-23,24.7408
2018-08-22,24.7327
2018-08-21,24.7117
2018-08-20,24.6792
2018-08-17,24.6534
2018-08-16,24.6334
2018-08-15,24.6168
2018-08-14,24.6327
2018-08-13,24.63
2018-08-10,24.6511
2018-08-09,24.6493
2018-08-08,24.6167
2018-08-07,24.565
2018-08-06,24.5142
2018-08-03,24.4702
2018-08-02,24.4355
2018-08-01,24.412
2018-07-31,24.3869
2018-07-30,24.3592
2018-07-27,24.31
2018-07-26,24.2575
2018-07-25,24.205
2018-07-24,24.1461
2018-07-23,24.0865
2018-07-20,24.0282
2018-07-19,23.9989
2018-07-18,23.9712
2018-07-17,23.9016
2018-07-16,23.8655
2018-07-13,23.8284
2018-07-12,23.8319
2018-07-11,23.8247
2018-07-10,23.8214
2018-07-09,23.8057
2018-07-06,23.779
2018-07-05,23.8061
2018-07-03,23.8481
2018-07-02,23.9002
2018-06-29,23.9354
2018-06-28,23.9865
2018-06-27,24.0429
2018-06-26,24.1266
2018-06-25,24.1884
2018-06-22,24.2484
2018-06-21,24.2879
2018-06-20,24.3194
2018-06-19,24.3467
2018-06-18,24.3705
2018-06-15,24.3903
2018-06-14,24.4075
2018-06-13,24.4264
2018-06-12,24.4233
2018-06-11,24.4106
2018-06-08,24.3901
2018-06-07,24.362
2018-06-06,24.3345
2018-06-05,24.3125
2018-06-04,24.3343
2018-06-01,24.3474
2018-05-31,24.3702
2018-05-30,24.4231
2018-05-29,24.4603
2018-05-25,24.5467
2018-05-24,24.5563
2018-05-23,24.5585
2018-05-22,24.5407
2018-05-21,24.5043
2018-05-18,24.4816
2018-05-17,24.4751
2018-05-16,24.4466
2018-05-15,24.4096
2018-05-14,24.3732
2018-05-11,24.3285
2018-05-10,24.2772
2018-05-09,24.2186
2018-05-08,24.1751
2018-05-07,24.165
2018-05-04,24.1713
2018-05-03,24.195
2018-05-02,24.2534
2018-05-01,24.2968
2018-04-30,24.3161
2018-04-27,24.3384
2018-04-26,24.3399
2018-04-25,24.3452
2018-04-24,24.352
2018-04-23,24.3577
2018-04-20,24.3474
2018-04-19,24.3332
2018-04-18,24.3184
2018-04-17,24.3409
2018-04-16,24.3538
2018-04-13,24.368
2018-04-12,24.3948
2018-04-11,24.3855
2018-04-10,24.4197
2018-04-09,24.427
2018-04-06,24.4729
2018-04-05,24.5376
2018-04-04,24.5471
2018-04-03,24.5779
2018-04-02,24.6389
2018-03-29,24.7404
2018-03-28,24.7962
2018-03-27,24.8921
2018-03-26,25.0027
2018-03-23,25.075
2018-03-22,25.2354
2018-03-21,25.335
2018-03-20,25.3471
2018-03-19,25.3596
2018-03-16,25.3798
2018-03-15,25.3828
2018-03-14,25.3883
2018-03-13,25.3954
2018-03-12,25.3728
2018-03-09,25.3174
2018-03-08,25.247
2018-03-07,25.2336
2018-03-06,25.2271
2018-03-05,25.2154
2018-03-02,25.2134
2018-03-01,25.2481
2018-02-28,25.2929
2018-02-27,25.2963
2018-02-26,25.2623
2018-02-23,25.199
2018-02-22,25.1695
2018-02-21,25.1766
2018-02-20,25.1623
2018-02-16,25.1501
2018-02-15,25.1284
2018-02-14,25.1007
2018-02-13,25.0848
2018-02-12,25.129
2018-02-09,25.1889
2018-02-08,25.291
2018-02-07,25.4517
2018-02-06,25.5142
2018-02-05,25.5852
2018-02-02,25.7106
2018-02-01,25.7129
2018-01-31,25.6546
2018-01-30,25.616
2018-01-29,25.5807
2018-01-26,25.5058
2018-01-25,25.4119
2018-01-24,25.3284
2018-01-23,25.2306
2018-01-22,25.1409
2018-01-19,25.0445
2018-01-18,24.9601
2018-01-17,24.8861
2018-01-16,24.8007
2018-01-12,24.7265
2018-01-11,24.6372
2018-01-10,24.5624
2018-01-09,24.4927
2018-01-08,24.4377
2018-01-05,24.3971
2018-01-04,24.3486
2018-01-03,24.3024
2018-01-02,24.2753
2017-12-29,24.2591
2017-12-28,24.2422
2017-12-27,24.205
2017-12-26,24.1741
2017-12-22,24.1426
2017-12-21,24.1005
2017-12-20,24.0466
2017-12-19,24.0091
2017-12-18,23.9631
2017-12-15,23.9011
2017-12-14,23.8557
2017-12-13,23.8283
2017-12-12,23.7814
2017-12-11,23.6976
2017-12-08,23.6305
2017-12-07,23.55
2017-12-06,23.4767
2017-12-05,23.4038
2017-12-04,23.3141
2017-12-01,23.2013
2017-11-30,23.115
2017-11-29,23.0252
2017-11-28,22.9424
2017-11-27,22.8931
2017-11-24,22.9009
2017-11-22,22.9077
2017-11-21,22.9143
2017-11-20,22.9097
2017-11-17,22.9119
2017-11-16,22.9254
2017-11-15,22.9375
2017-11-14,22.9519
2017-11-13,22.9741
2017-11-10,22.9978
2017-11-09,23.0277
2017-11-08,23.0533
2017-11-07,23.0734
2017-11-06,23.0838
2017-11-03,23.0612
2017-11-02,23.0336
2017-11-01,22.9929
2017-10-31,22.9709
2017-10-30,22.9503
2017-10-27,22.921
2017-10-26,22.8786
2017-10-25,22.8299
2017-10-24,22.7898
2017-10-23,22.7308
2017-10-20,22.6831
2017-10-19,22.6285
2017-10-18,22.5965
2017-10-17,22.563
2017-10-16,22.5389
2017-10-13,22.5002
2017-10-12,22.4731
2017-10-11,22.4441
2017-10-10,22.3936
2017-10-09,22.3333
2017-10-06,22.2776
2017-10-05,22.2069
2017-10-04,22.1315
2017-10-03,22.0729
2017-10-02,21.9971
2017-09-29,21.9217
2017-09-28,21.8584
2017-09-27,21.7995
2017-09-26,21.738
2017-09-25,21.6985
2017-09-22,21.6539
2017-09-21,21.6019
2017-09-20,21.5417
2017-09-19,21.4806
2017-09-18,21.4268
2017-09-15,21.3848
2017-09-14,21.365
2017-09-13,21.3497
2017-09-12,21.3283
2017-09-11,21.3083
2017-09-08,21.3126
2017-09-07,21.3558
2017-09-06,21.4236
2017-09-05,21.4601
2017-09-01,21.506
2017-08-31,21.5084
2017-08-30,21.5174
2017-08-29,21.53
2017-08-28,21.5532
2017-08-25,21.5714
2017-08-24,21.577
2017-08-23,21.5895
2017-08-22,21.6034
2017-08-21,21.6114
2017-08-18,21.645
2017-08-17,21.6756
2017-08-16,21.7104
2017-08-15,21.7096
2017-08-14,21.7042
2017-08-11,21.7
2017-08-10,21.7264
2017-08-09,21.7465
2017-08-08,21.7276
2017-08-07,21.7067
2017-08-04,21.6772
2017-08-03,21.641
2017-08-02,21.6164
2017-08-01,21.5811
2017-07-31,21.5457
2017-07-28,21.523
2017-07-27,21.5143
2017-07-26,21.5047
2017-07-25,21.4814
2017-07-24,21.44
2017-07-21,21.4227
2017-07-20,21.4135
2017-07-19,21.4033
2017-07-18,21.3912
2017-07-17,21.3787
2017-07-14,21.3613
2017-07-13,21.3347
2017-07-12,21.2953
2017-07-11,21.2654
2017-07-10,21.2397
2017-07-07,21.1911
2017-07-06,21.1348
2017-07-05,21.088
2017-07-03,21.0189
2017-06-30,20.9463
2017-06-29,20.8988
2017-06-28,20.8445
2017-06-27,20.8001
2017-06-26,20.7856
2017-06-23,20.7806
2017-06-22,20.7869
2017-06-21,20.7857
2017-06-20,20.7706
2017-06-19,20.7357
2017-06-16,20.678
2017-06-15,20.637
2017-06-14,20.5892
2017-06-13,20.5273
2017-06-12,20.4626
2017-06-09,20.4028
2017-06-08,20.3413
2017-06-07,20.3143
2017-06-06,20.3089
2017-06-05,20.3194
2017-06-02,20.3219
2017-06-01,20.3283
2017-05-31,20.3271
2017-05-30,20.3523
2017-05-26,20.3618
2017-05-25,20.3579
2017-05-24,20.3526
2017-05-23,20.3504
2017-05-22,20.347
2017-05-19,20.3597
2017-05-18,20.3791
2017-05-17,20.4188
2017-05-16,20.4708
2017-05-15,20.4602
2017-05-12,20.4547
2017-05-11,20.4651
2017-05-10,20.4674
2017-05-09,20.4564
2017-05-08,20.4515
2017-05-05,20.4378
2017-05-04,20.4209
2017-05-03,20.3986
2017-05-02,20.3776
2017-05-01,20.3717
2017-04-28,20.3624
2017-04-27,20.3657
2017-04-26,20.3485
2017-04-25,20.3195
2017-04-24,20.2856
2017-04-21,20.2673
2017-04-20,20.2943
2017-04-19,20.3023
2017-04-18,20.3466
2017-04-17,20.3893
2017-04-13,20.4164
2017-04-12,20.4828
2017-04-11,20.5288
2017-04-10,20.5624
2017-04-07,20.5932
2017-04-06,20.6218
2017-04-05,20.6443
2017-04-04,20.6828
2017-04-03,20.7089
2017-03-31,20.7351
2017-03-30,20.7595
2017-03-29,20.7683
2017-03-28,20.8063
2017-03-27,20.8345
2017-03-24,20.8949
2017-03-23,20.9534
2017-03-22,21.0153
2017-03-21,21.0883
2017-03-20,21.1644
2017-03-17,21.1848
2017-03-16,21.1911
2017-03-15,21.1761
2017-03-14,21.1631
2017-03-13,21.1452
2017-03-10,21.119
2017-03-09,21.0955
2017-03-08,21.0677
2017-03-07,21.0451
2017-03-06,21.0211
2017-03-03,20.9882
2017-03-02,20.9346
2017-03-01,20.8862
2017-02-28,20.7974
2017-02-27,20.7627
2017-02-24,20.7234
2017-02-23,20.6918
2017-02-22,20.6397
2017-02-21,20.582
2017-02-17,20.5201
2017-02-16,20.4625
2017-02-15,20.3998
2017-02-14,20.3251
2017-02-13,20.2597
2017-02-10,20.2128
2017-02-09,20.1854
2017-02-08,20.1615
2017-02-07,20.1641
2017-02-06,20.1524
2017-02-03,20.1341
2017-02-02,20.1039
2017-02-01,20.1131
2017-01-31,20.1151
2017-01-30,20.12
2017-01-27,20.1119
2017-01-26,20.0857
2017-01-25,20.0486
2017-01-24,20.013
2017-01-23,20.009
2017-01-20,20.0309
2017-01-19,20.0414
2017-01-18,20.0631
2017-01-17,20.0779
2017-01-13,20.1116
2017-01-12,20.098
2017-01-11,20.0948
2017-01-10,20.0732
2017-01-09,20.0628
2017-01-06,20.0559
2017-01-05,20.0338
2017-01-04,20.0166
2017-01-03,19.9758
2016-12-30,19.948
2016-12-29,19.9408
2016-12-28,19.9373
2016-12-27,19.9181
2016-12-23,19.8751
2016-12-22,19.8303
2016-12-21,19.7845
2016-12-20,19.7283
2016-12-19,19.6608
2016-12-16,19.6125
2016-12-15,19.56
2016-12-14,19.4836
2016-12-13,19.4173
2016-12-12,19.334
2016-12-09,19.2474
2016-12-08,19.1309
2016-12-07,19.0067
2016-12-06,18.8892
2016-12-05,18.7919
2016-12-02,18.7023
2016-12-01,18.6277
2016-11-30,18.5227
2016-11-29,18.4418
2016-11-28,18.3794
2016-11-25,18.3159
2016-11-23,18.2223
2016-11-22,18.1215
2016-11-21,18.0218
2016-11-18,17.9125
2016-11-17,17.799
2016-11-16,17.6734
2016-11-15,17.5618
2016-11-14,17.4095
2016-11-11,17.2394
2016-11-10,17.0992
2016-11-09,16.9496
2016-11-08,16.8538
2016-11-07,16.8245
2016-11-04,16.7931
2016-11-03,16.8026
2016-11-02,16.8076
2016-11-01,16.815
2016-10-31,16.8115
2016-10-28,16.8003
2016-10-27,16.7853
2016-10-26,16.7606
2016-10-25,16.7378
2016-10-24,16.7234
2016-10-21,16.7057
2016-10-20,16.6915
2016-10-19,16.6749
2016-10-18,16.6566
2016-10-17,16.6518
2016-10-14,16.6608
2016-10-13,16.6626
2016-10-12,16.6728
2016-10-11,16.6669
2016-10-10,16.6586
2016-10-07,16.6332
2016-10-06,16.6141
2016-10-05,16.5921
2016-10-04,16.5705
2016-10-03,16.5745
2016-09-30,16.5863
2016-09-29,16.5911
2016-09-28,16.6199
2016-09-27,16.6274
2016-09-26,16.6438
2016-09-23,16.6754
2016-09-22,16.6824
2016-09-21,16.6811
2016-09-20,16.6833
2016-09-19,16.6966
2016-09-16,16.7121
2016-09-15,16.7389
2016-09-14,16.752
2016-09-13,16.7766
2016-09-12,16.7995
2016-09-09,16.7935
2016-09-08,16.8064
2016-09-07,16.7872
2016-09-06,16.7645
2016-09-02,16.7387
2016-09-01,16.7072
2016-08-31,16.6805
2016-08-30,16.6436
2016-08-29,16.6043
2016-08-26,16.577
2016-08-25,16.5621
2016-08-24,16.5478
2016-08-23,16.5356
2016-08-22,16.5215
2016-08-19,16.508
2016-08-18,16.4931
2016-08-17,16.476
2016-08-16,16.4556
2016-08-15,16.4388
2016-08-12,16.4159
2016-08-11,16.4023
2016-08-10,16.3822
2016-08-09,16.3635
2016-08-08,16.3291
2016-08-05,16.2924
2016-08-04,16.2541
2016-08-03,16.2447
2016-08-02,16.2298
2016-08-01,16.2309
2016-07-29,16.2175
2016-07-28,16.1984
2016-07-27,16.1743
2016-07-26,16.1513
2016-07-25,16.1251
2016-07-22,16.0977
2016-07-21,16.0637
2016-07-20,16.0371
2016-07-19,15.9989
2016-07-18,15.9597
2016-07-15,15.917
2016-07-14,15.8757
2016-07-13,15.8271
2016-07-12,15.7895
2016-07-11,15.7479
2016-07-08,15.7231
2016-07-07,15.7051
2016-07-06,15.7167
2016-07-05,15.7317
2016-07-01,15.7526
2016-06-30,15.7509
2016-06-29,15.7407
2016-06-28,15.7552
2016-06-27,15.8078
2016-06-24,15.9061
2016-06-23,15.9688
2016-06-22,15.9468
2016-06-21,15.9575
2016-06-20,15.9679
2016-06-17,15.9889
2016-06-16,16.0216
2016-06-15,16.0563
2016-06-14,16.0991
2016-06-13,16.1485
2016-06-10,16.1784
2016-06-09,16.1999
2016-06-08,16.2026
2016-06-07,16.1933
2016-06-06,16.1844
2016-06-03,16.1709
2016-06-02,16.1662
2016-06-01,16.1363
2016-05-31,16.1069
2016-05-27,16.078
2016-05-26,16.0417
2016-05-25,16.0132
2016-05-24,15.9716
2016-05-23,15.9437
2016-05-20,15.9383
2016-05-19,15.9309
2016-05-18,15.9343
2016-05-17,15.9221
2016-05-16,15.9376
2016-05-13,15.9454
2016-05-12,15.9627
2016-05-11,15.9614
2016-05-10,15.9608
2016-05-09,15.942
2016-05-06,15.9451
2016-05-05,15.9442
2016-05-04,15.9505
2016-05-03,15.9567
2016-05-02,15.9505
2016-04-29,15.9218
2016-04-28,15.9054
2016-04-27,15.8778
2016-04-26,15.8292
2016-04-25,15.7783
2016-04-22,15.733
2016-04-21,15.6793
2016-04-20,15.6359
2016-04-19,15.5727
2016-04-18,15.5159
2016-04-15,15.4742
2016-04-14,15.4404
2016-04-13,15.3973
2016-04-12,15.3533
2016-04-11,15.3416
2016-04-08,15.3491
2016-04-07,15.3638
2016-04-06,15.386
2016-04-05,15.3799
2016-04-04,15.382
2016-04-01,15.361
2016-03-31,15.3299
2016-03-30,15.31
2016-03-29,15.2843
2016-03-28,15.2654
2016-03-24,15.2474
2016-03-23,15.2326
2016-03-22,15.2061
2016-03-21,15.1645
2016-03-18,15.1133
2016-03-17,15.0539
2016-03-16,15.0044
2016-03-15,14.9691
2016-03-14,14.9265
2016-03-11,14.8787
2016-03-10,14.8208
2016-03-09,14.7979
2016-03-08,14.7713
2016-03-07,14.7439
2016-03-04,14.6877
2016-03-03,14.6249
2016-03-02,14.562
2016-03-01,14.5032
2016-02-29,14.4556
2016-02-26,14.4543
2016-02-25,14.4362
2016-02-24,14.4271
2016-02-23,14.4379
2016-02-22,14.4463
2016-02-19,14.4281
2016-02-18,14.4318
2016-02-17,14.4359
2016-02-16,14.4318
2016-02-12,14.4474
2016-02-11,14.4886
2016-02-10,14.594
2016-02-09,14.6657
2016-02-08,14.737
2016-02-05,14.8137
2016-02-04,14.8602
2016-02-03,14.8913
2016-02-02,14.9387
2016-02-01,14.9926
2016-01-29,15.0088
2016-01-28,15.0202
2016-01-27,15.0754
2016-01-26,15.1371
2016-01-25,15.1996
2016-01-22,15.2939
2016-01-21,15.3671
2016-01-20,15.4755
2016-01-19,15.5887
2016-01-15,15.6835
2016-01-14,15.7876
2016-01-13,15.8673
2016-01-12,15.9691
2016-01-11,16.0397
2016-01-08,16.13
2016-01-07,16.2319
2016-01-06,16.3194
2016-01-05,16.3691
2016-01-04,16.398
2015-12-31,16.4365
2015-12-30,16.4458
2015-12-29,16.4388
2015-12-28,16.4188
2015-12-24,16.4147
2015-12-23,16.4087
2015-12-22,16.4006
2015-12-21,16.4119
2015-12-18,16.4403
2015-12-17,16.4883
2015-12-16,16.4955
2015-12-15,16.4782
2015-12-14,16.4871
2015-12-11,16.5365
2015-12-10,16.5946
2015-12-09,16.6207
2015-12-08,16.6511
2015-12-07,16.6646
2015-12-04,16.6573
2015-12-03,16.6327
2015-12-02,16.6514
2015-12-01,16.6434
2015-11-30,16.6137
2015-11-27,16.6003
2015-11-25,16.5841
2015-11-24,16.5704
2015-11-23,16.5567
2015-11-20,16.5366
2015-11-19,16.5072
2015-11-18,16.4775
2015-11-17,16.4476
2015-11-16,16.4455
2015-11-13,16.4394
2015-11-12,16.4536
2015-11-11,16.4549
2015-11-10,16.4298
2015-11-09,16.3963
2015-11-06,16.3672
2015-11-05,16.3157
2015-11-04,16.2766
2015-11-03,16.2406
2015-11-02,16.1959
2015-10-30,16.1492
2015-10-29,16.1214
2015-10-28,16.0655
2015-10-27,16.0015
2015-10-26,15.971
2015-10-23,15.9273
2015-10-22,15.8717
2015-10-21,15.829
2015-10-20,15.8091
2015-10-19,15.7748
2015-10-16,15.747
2015-10-15,15.7148
2015-10-14,15.6893
2015-10-13,15.6984
2015-10-12,15.6948
2015-10-09,15.678
2015-10-08,15.6608
2015-10-07,15.631
2015-10-06,15.6082
2015-10-05,15.5958
2015-10-02,15.5743
2015-10-01,15.5849
2015-09-30,15.5988
2015-09-29,15.6149
2015-09-28,15.6571
2015-09-25,15.7066
2015-09-24,15.7233
2015-09-23,15.7654
2015-09-22,15.8004
2015-09-21,15.8399
2015-09-18,15.8627
2015-09-17,15.9066
2015-09-16,15.9232
2015-09-15,15.9179
2015-09-14,15.9229
2015-09-11,15.9519
2015-09-10,15.9804
2015-09-09,16.0191
2015-09-08,16.0697
2015-09-04,16.1027
2015-09-03,16.1807
2015-09-02,16.234
2015-09-01,16.3022
2015-08-31,16.3997
2015-08-28,16.4532
2015-08-27,16.4981
2015-08-26,16.5398
2015-08-25,16.6267
2015-08-24,16.7826
2015-08-21,16.9321
2015-08-20,17.0267
2015-08-19,17.0684
2015-08-18,17.0766
2015-08-17,17.0693
2015-08-14,17.0598
2015-08-13,17.0529
2015-08-12,17.0581
2015-08-11,17.0703
2015-08-10,17.0673
2015-08-07,17.0476
2015-08-06,17.0429
2015-08-05,17.0413
2015-08-04,17.0332
2015-08-03,17.0313
2015-07-31,17.0264
2015-07-30,17.0188
2015-07-29,17.0046
2015-07-28,16.989
2015-07-27,16.9897
2015-07-24,16.9975
2015-07-23,16.9933
2015-07-22,16.9715
2015-07-21,16.9317
2015-07-20,16.9013
2015-07-17,16.8655
2015-07-16,16.8281
2015-07-15,16.7818
2015-07-14,16.7485
2015-07-13,16.7266
2015-07-10,16.7067
2015-07-09,16.7062
2015-07-08,16.7263
2015-07-07,16.762
2015-07-06,16.7709
2015-07-02,16.7842
2015-07-01,16.7918
2015-06-30,16.7924
2015-06-29,16.8194
2015-06-26,16.8557
2015-06-25,16.853
2015-06-24,16.8557
2015-06-23,16.848
2015-06-22,16.8245
2015-06-19,16.8021
2015-06-18,16.8044
2015-06-17,16.7772
2015-06-16,16.7634
2015-06-15,16.746
2015-06-12,16.7368
2015-06-11,16.7188
2015-06-10,16.691
2015-06-09,16.6675
2015-06-08,16.6664
2015-06-05,16.6693
2015-06-04,16.662
2015-06-03,16.6638
2015-06-02,16.6502
2015-06-01,16.6501
2015-05-29,16.6528
2015-05-28,16.6572
2015-05-27,16.6464
2015-05-26,16.6324
2015-05-22,16.6361
2015-05-21,16.6203
2015-05-20,16.6035
2015-05-19,16.5807
2015-05-18,16.5505
2015-05-15,16.5271
2015-05-14,16.5112
2015-05-13,16.4858
2015-05-12,16.4733
2015-05-11,16.4602
2015-05-08,16.4394
2015-05-07,16.41
2015-05-06,16.4023
2015-05-05,16.406
2015-05-04,16.4015
2015-05-01,16.3809
2015-04-30,16.3751
2015-04-29,16.3837
2015-04-28,16.3797
2015-04-27,16.3746
2015-04-24,16.3788
2015-04-23,16.3772
2015-04-22,16.3725
2015-04-21,16.3701
2015-04-20,16.3796
2015-04-17,16.3815
2015-04-16,16.3908
2015-04-15,16.378
2015-04-14,16.3662
2015-04-13,16.3597
2015-04-10,16.3524
2015-04-09,16.3508
2015-04-08,16.3487
2015-04-07,16.3488
2015-04-06,16.3553
2015-04-02,16.3533
2015-04-01,16.3539
2015-03-31,16.3631
2015-03-30,16.3718
2015-03-27,16.3694
2015-03-26,16.3916
2015-03-25,16.414
2015-03-24,16.4374
2015-03-23,16.4354
2015-03-20,16.4191
2015-03-19,16.3911
2015-03-18,16.3836
2015-03-17,16.359
2015-03-16,16.3417
2015-03-13,16.3183
2015-03-12,16.3137
2015-03-11,16.2966
2015-03-10,16.3146
2015-03-09,16.345
2015-03-06,16.3419
2015-03-05,16.3461
2015-03-04,16.3381
2015-03-03,16.3363
2015-03-02,16.3238
2015-02-27,16.3049
2015-02-26,16.2968
2015-02-25,16.2814
2015-02-24,16.2602
2015-02-23,16.2368
2015-02-20,16.2194
2015-02-19,16.1959
2015-02-18,16.1827
2015-02-17,16.1611
2015-02-13,16.1265
2015-02-12,16.0939
2015-02-11,16.0565
2015-02-10,16.0322
2015-02-09,16.0053
2015-02-06,15.989
2015-02-05,15.9625
2015-02-04,15.9467
2015-02-03,15.9462
2015-02-02,15.9414
2015-01-30,15.9638
2015-01-29,16.0146
2015-01-28,16.044
2015-01-27,16.0898
2015-01-26,16.1101
2015-01-23,16.114
2015-01-22,16.1269
2015-01-21,16.1227
2015-01-20,16.1592
2015-01-16,16.2037
2015-01-15,16.2459
2015-01-14,16.3123
2015-01-13,16.3651
2015-01-12,16.3995
2015-01-09,16.4318
2015-01-08,16.4533
2015-01-07,16.4538
2015-01-06,16.4797
2015-01-05,16.5262
2015-01-02,16.5513
2014-12-31,16.5422
2014-12-30,16.5321
2014-12-29,16.5012
2014-12-26,16.4649
2014-12-24,16.4311
2014-12-23,16.3938
2014-12-22,16.3498
2014-12-19,16.311
2014-12-18,16.2801
2014-12-17,16.2472
2014-12-16,16.2503
2014-12-15,16.2917
2014-12-12,16.3213
2014-12-11,16.3385
2014-12-10,16.3236
2014-12-09,16.3115
2014-12-08,16.2755
2014-12-05,16.2315
2014-12-04,16.1913
2014-12-03,16.1623
2014-12-02,16.1329
2014-12-01,16.108
2014-11-28,16.0967
2014-11-26,16.072
2014-11-25,16.046
2014-11-24,16.0194
2014-11-21,15.9886
2014-11-20,15.9658
2014-11-19,15.9491
2014-11-18,15.9306
2014-11-17,15.9067
2014-11-14,15.8859
2014-11-13,15.8629
2014-11-12,15.8318
2014-11-11,15.7967
2014-11-10,15.7545
2014-11-07,15.7021
2014-11-06,15.6534
2014-11-05,15.6003
2014-11-04,15.5444
2014-11-03,15.4939
2014-10-31,15.4388
2014-10-30,15.3842
2014-10-29,15.3429
2014-10-28,15.3065
2014-10-27,15.2704
2014-10-24,15.2481
2014-10-23,15.2256
2014-10-22,15.2162
2014-10-21,15.2213
2014-10-20,15.2122
2014-10-17,15.2317
2014-10-16,15.2624
2014-10-15,15.3161
2014-10-14,15.3755
2014-10-13,15.4107
2014-10-10,15.4561
2014-10-09,15.4921
2014-10-08,15.5192
2014-10-07,15.5147
2014-10-06,15.5402
2014-10-03,15.5407
2014-10-02,15.5363
2014-10-01,15.5547
2014-09-30,15.5793
2014-09-29,15.5867
2014-09-26,15.592
2014-09-25,15.5924
2014-09-24,15.6082
2014-09-23,15.5982
2014-09-22,15.5964
2014-09-19,15.583
2014-09-18,15.557
2014-09-17,15.524
2014-09-16,15.5035
2014-09-15,15.488
2014-09-12,15.4778
2014-09-11,15.4659
2014-09-10,15.4513
2014-09-09,15.4394
2014-09-08,15.4346
2014-09-05,15.4125
2014-09-04,15.3888
2014-09-03,15.3647
2014-09-02,15.3395
2014-08-29,15.3087
2014-08-28,15.2811
2014-08-27,15.2583
2014-08-26,15.2282
2014-08-25,15.1914
2014-08-22,15.1542
2014-08-21,15.1271
2014-08-20,15.0916
2014-08-19,15.0713
2014-08-18,15.053
2014-08-15,15.0357
2014-08-14,15.034
2014-08-13,15.0245
2014-08-12,15.0238
2014-08-11,15.03
2014-08-08,15.0404
2014-08-07,15.0533
2014-08-06,15.083
2014-08-05,15.1088
2014-08-04,15.1436
2014-08-01,15.1659
2014-07-31,15.2032
2014-07-30,15.2312
2014-07-29,15.2291
2014-07-28,15.2337
2014-07-25,15.2305
2014-07-24,15.2276
2014-07-23,15.2153
2014-07-22,15.2052
2014-07-21,15.1975
2014-07-18,15.194
2014-07-17,15.1858
2014-07-16,15.1768
2014-07-15,15.1641
2014-07-14,15.1472
2014-07-11,15.1397
2014-07-10,15.1413
2014-07-09,15.1459
2014-07-08,15.1404
2014-07-07,15.1386
2014-07-03,15.1225
2014-07-02,15.0977
2014-07-01,15.083
2014-06-30,15.0653
2014-06-27,15.0555
2014-06-26,15.0433
2014-06-25,15.0362
2014-06-24,15.0227
2014-06-23,15.0091
2014-06-20,14.9836
2014-06-19,14.959
2014-06-18,14.938
2014-06-17,14.9127
2014-06-16,14.8938
2014-06-13,14.889
2014-06-12,14.876
2014-06-11,14.8623
2014-06-10,14.8375
2014-06-09,14.7995
2014-06-06,14.7568
2014-06-05,14.7166
2014-06-04,14.6827
2014-06-03,14.6599
2014-06-02,14.6389
2014-05-30,14.6177
2014-05-29,14.5985
2014-05-28,14.5808
2014-05-27,14.5648
2014-05-23,14.5442
2014-05-22,14.5348
2014-05-21,14.5292
2014-05-20,14.5301
2014-05-19,14.5408
2014-05-16,14.5436
2014-05-15,14.5547
2014-05-14,14.5687
2014-05-13,14.5668
2014-05-12,14.5534
2014-05-09,14.5373
2014-05-08,14.5348
2014-05-07,14.5313
2014-05-06,14.5317
2014-05-05,14.5524
2014-05-02,14.5536
2014-05-01,14.5487
2014-04-30,14.5425
2014-04-29,14.5384
2014-04-28,14.5361
2014-04-25,14.5481
2014-04-24,14.5524
2014-04-23,14.5445
2014-04-22,14.5351
2014-04-21,14.5282
2014-04-17,14.5311
2014-04-16,14.5328
2014-04-15,14.5375
2014-04-14,14.5547
2014-04-11,14.5876
2014-04-10,14.6358
2014-04-09,14.6709
2014-04-08,14.6741
2014-04-07,14.691
2014-04-04,14.7116
2014-04-03,14.7107
2014-04-02,14.6944
2014-04-01,14.6735
2014-03-31,14.6539
2014-03-28,14.635
2014-03-27,14.6302
2014-03-26,14.6312
2014-03-25,14.624
2014-03-24,14.5999
2014-03-21,14.5718
2014-03-20,14.5401
2014-03-19,14.5053
2014-03-18,14.4912
2014-03-17,14.4749
2014-03-14,14.4645
2014-03-13,14.4691
2014-03-12,14.4643
2014-03-11,14.4417
2014-03-10,14.4139
2014-03-07,14.3728
2014-03-06,14.328
2014-03-05,14.2855
2014-03-04,14.2433
2014-03-03,14.2127
2014-02-28,14.2096
2014-02-27,14.1943
2014-02-26,14.185
2014-02-25,14.1825
2014-02-24,14.1775
2014-02-21,14.163
2014-02-20,14.1581
2014-02-19,14.1555
2014-02-18,14.1568
2014-02-14,14.1373
2014-02-13,14.1185
2014-02-12,14.0999
2014-02-11,14.0849
2014-02-10,14.0683
2014-02-07,14.0653
2014-02-06,14.0633
2014-02-05,14.0792
2014-02-04,14.1192
2014-02-03,14.1619
2014-01-31,14.223
2014-01-30,14.2537
2014-01-29,14.2702
2014-01-28,14.3093
2014-01-27,14.3351
2014-01-24,14.3831
2014-01-23,14.4271
2014-01-22,14.4417
2014-01-21,14.4327
2014-01-17,14.4235
2014-01-16,14.4147
2014-01-15,14.4001
2014-01-14,14.3742
2014-01-13,14.3636
2014-01-10,14.3645
2014-01-09,14.3426
2014-01-08,14.3155
2014-01-07,14.2911
2014-01-06,14.2694
2014-01-03,14.2458
2014-01-02,14.221
2013-12-31,14.2041
2013-12-30,14.1771
2013-12-27,14.1549
2013-12-26,14.1276
2013-12-24,14.0967
2013-12-23,14.066
2013-12-20,14.0349
2013-12-19,14.0078
2013-12-18,13.9866
2013-12-17,13.9611
2013-12-16,13.9668
2013-12-13,13.9635
2013-12-12,13.9688
2013-12-11,13.9761
2013-12-10,13.9841
2013-12-09,13.9729
2013-12-06,13.955
2013-12-05,13.9414
2013-12-04,13.9465
2013-12-03,13.9383
2013-12-02,13.9326
2013-11-29,13.9111
2013-11-27,13.8867
2013-11-26,13.8542
2013-11-25,13.8223
2013-11-22,13.7858
2013-11-21,13.7474
2013-11-20,13.7121
2013-11-19,13.6941
2013-11-18,13.6696
2013-11-15,13.6447
2013-11-14,13.6165
2013-11-13,13.5923
2013-11-12,13.5783
2013-11-11,13.5749
2013-11-08,13.5577
2013-11-07,13.5391
2013-11-06,13.5513
2013-11-05,13.549
2013-11-04,13.553
2013-11-01,13.5498
2013-10-31,13.547
2013-10-30,13.5476
2013-10-29,13.5331
2013-10-28,13.5112
2013-10-25,13.4911
2013-10-24,13.4654
2013-10-23,13.4432
2013-10-22,13.4208
2013-10-21,13.3843
2013-10-18,13.3467
2013-10-17,13.3022
2013-10-16,13.2559
2013-10-15,13.2176
2013-10-14,13.2047
2013-10-11,13.1801
2013-10-10,13.1597
2013-10-09,13.1452
2013-10-08,13.1681
2013-10-07,13.1978
2013-10-04,13.2133
2013-10-03,13.2145
2013-10-02,13.227
2013-10-01,13.2304
2013-09-30,13.2337
2013-09-27,13.2472
2013-09-26,13.2523
2013-09-25,13.2528
2013-09-24,13.2533
2013-09-23,13.2615
2013-09-20,13.2619
2013-09-19,13.2422
2013-09-18,13.2126
2013-09-17,13.1743
2013-09-16,13.1444
2013-09-13,13.1183
2013-09-12,13.105
2013-09-11,13.0937
2013-09-10,13.0712
2013-09-09,13.0481
2013-09-06,13.0388
2013-09-05,13.0444
2013-09-04,13.0505
2013-09-03,13.0604
2013-08-30,13.082
2013-08-29,13.117
2013-08-28,13.1494
2013-08-27,13.1884
2013-08-26,13.2338
2013-08-23,13.2506
2013-08-22,13.2605
2013-08-21,13.2729
2013-08-20,13.3024
2013-08-19,13.3254
2013-08-16,13.3638
2013-08-15,13.3881
2013-08-14,13.4125
2013-08-13,13.4187
2013-08-12,13.4201
2013-08-09,13.4285
2013-08-08,13.4323
2013-08-07,13.4317
2013-08-06,13.4344
2013-08-05,13.4278
2013-08-02,13.4077
2013-08-01,13.3823
2013-07-31,13.354
2013-07-30,13.3451
2013-07-29,13.336
2013-07-26,13.3252
2013-07-25,13.3029
2013-07-24,13.2769
2013-07-23,13.2495
2013-07-22,13.2089
2013-07-19,13.1585
2013-07-18,13.1125
2013-07-17,13.0623
2013-07-16,13.0258
2013-07-15,12.9913
2013-07-12,12.9477
2013-07-11,12.9057
2013-07-10,12.869
2013-07-09,12.8415
2013-07-08,12.8032
2013-07-05,12.7726
2013-07-03,12.7487
2013-07-02,12.7465
2013-07-01,12.74
2013-06-28,12.7341
2013-06-27,12.7321
2013-06-26,12.7213
2013-06-25,12.7266
2013-06-24,12.7459
2013-06-21,12.7914
2013-06-20,12.8182
2013-06-19,12.849
2013-06-18,12.8538
2013-06-17,12.8409
2013-06-14,12.8353
2013-06-13,12.8421
2013-06-12,12.8321
2013-06-11,12.8462
2013-06-10,12.8473
2013-06-07,12.8258
2013-06-06,12.8028
2013-06-05,12.8007
2013-06-04,12.817
2013-06-03,12.8129
2013-05-31,12.7961
2013-05-30,12.7788
2013-05-29,12.7371
2013-05-28,12.7075
2013-05-24,12.6746
2013-05-23,12.6522
2013-05-22,12.6287
2013-05-21,12.5946
2013-05-20,12.5424
2013-05-17,12.4881
2013-05-16,12.4309
2013-05-15,12.3855
2013-05-14,12.3264
2013-05-13,12.2735
2013-05-10,12.2377
2013-05-09,12.2023
2013-05-08,12.1686
2013-05-07,12.1221
2013-05-06,12.0813
2013-05-03,12.0432
2013-05-02,12.0148
2013-05-01,11.9971
2013-04-30,11.9886
2013-04-29,11.9648
2013-04-26,11.9418
2013-04-25,11.9224
2013-04-24,11.895
2013-04-23,11.8723
2013-04-22,11.8551
2013-04-19,11.8584
2013-04-18,11.8635
2013-04-17,11.8863
2013-04-16,11.8988
2013-04-15,11.8889
2013-04-12,11.8972
2013-04-11,11.8795
2013-04-10,11.8545
2013-04-09,11.8299
2013-04-08,11.8196
2013-04-05,11.8117
2013-04-04,11.8153
2013-04-03,11.8155
2013-04-02,11.8267
2013-04-01,11.8184
2013-03-28,11.8166
2013-03-27,11.8084
2013-03-26,11.8027
2013-03-25,11.7905
2013-03-22,11.785
2013-03-21,11.7759
2013-03-20,11.7729
2013-03-19,11.7546
2013-03-18,11.7429
2013-03-15,11.7228
2013-03-14,11.6885
2013-03-13,11.6545
2013-03-12,11.6252
2013-03-11,11.5961
2013-03-08,11.5572
2013-03-07,11.5238
2013-03-06,11.4903
2013-03-05,11.4621
2013-03-04,11.4392
2013-03-01,11.4242
2013-02-28,11.4179
2013-02-27,11.4144
2013-02-26,11.4084
2013-02-25,11.4203
2013-02-22,11.4396
2013-02-21,11.4281
2013-02-20,11.4304
2013-02-19,11.4234
2013-02-15,11.3971
2013-02-14,11.3797
2013-02-13,11.3551
2013-02-12,11.332
2013-02-11,11.3039
2013-02-08,11.2822
2013-02-07,11.2637
2013-02-06,11.246
2013-02-05,11.223
2013-02-04,11.1996
2013-02-01,11.1854
2013-01-31,11.156
2013-01-30,11.1393
2013-01-29,11.1201
2013-01-28,11.0934
2013-01-25,11.0688
2013-01-24,11.0367
2013-01-23,11.0067
2013-01-22,10.9798
2013-01-18,10.9493
2013-01-17,10.9265
2013-01-16,10.9028
2013-01-15,10.8759
2013-01-14,10.8468
2013-01-11,10.8194
2013-01-10,10.7858
2013-01-09,10.7459
2013-01-08,10.7165
2013-01-07,10.6822
2013-01-04,10.641
2013-01-03,10.5927
2013-01-02,10.553
2012-12-31,10.5081
2012-12-28,10.491
2012-12-27,10.4865
2012-12-26,10.4726
2012-12-24,10.4535
2012-12-21,10.4321
2012-12-20,10.4063
2012-12-19,10.3645
2012-12-18,10.3339
2012-12-17,10.2933
2012-12-14,10.2648
2012-12-13,10.2557
2012-12-12,10.2417
2012-12-11,10.2206
2012-12-10,10.2022
2012-12-07,10.1872
2012-12-06,10.1683
2012-12-05,10.1559
2012-12-04,10.1456
2012-12-03,10.1472
2012-11-30,10.1462
2012-11-29,10.141
2012-11-28,10.1339
2012-11-27,10.1315
2012-11-26,10.133
2012-11-23,10.125
2012-11-21,10.1121
2012-11-20,10.1109
2012-11-19,10.1094
2012-11-16,10.1134
2012-11-15,10.1375
2012-11-14,10.1709
2012-11-13,10.2101
2012-11-12,10.2348
2012-11-09,10.255
2012-11-08,10.2789
2012-11-07,10.3069
2012-11-06,10.3289
2012-11-05,10.3164
2012-11-02,10.3148
2012-11-01,10.311
2012-10-31,10.3003
2012-10-26,10.3019
2012-10-25,10.3103
2012-10-24,10.3143
2012-10-23,10.3213
2012-10-22,10.3291
2012-10-19,10.3194
2012-10-18,10.3086
2012-10-17,10.2816
2012-10-16,10.2543
2012-10-15,10.238
2012-10-12,10.2268
2012-10-11,10.2267
2012-10-10,10.2116
2012-10-09,10.201
2012-10-08,10.1887
2012-10-05,10.1682
2012-10-04,10.1449
2012-10-03,10.1188
2012-10-02,10.106
2012-10-01,10.1013
2012-09-28,10.0982
2012-09-27,10.0996
2012-09-26,10.0977
2012-09-25,10.1054
2012-09-24,10.1072
2012-09-21,10.0928
2012-09-20,10.0772
2012-09-19,10.0563
2012-09-18,10.0271
2012-09-17,9.9942
2012-09-14,9.9524
2012-09-13,9.896
2012-09-12,9.8425
2012-09-11,9.8112
2012-09-10,9.7806
2012-09-07,9.7556
2012-09-06,9.7192
2012-09-05,9.6898
2012-09-04,9.6818
2012-08-31,9.6728
2012-08-30,9.663
2012-08-29,9.6595
2012-08-28,9.6503
2012-08-27,9.6421
2012-08-24,9.6317
2012-08-23,9.6196
2012-08-22,9.6116
2012-08-21,9.5926
2012-08-20,9.5702
2012-08-17,9.5488
2012-08-16,9.5279
2012-08-15,9.5083
2012-08-14,9.4933
2012-08-13,9.4801
2012-08-10,9.4642
2012-08-09,9.4473
2012-08-08,9.4293
2012-08-07,9.4087
2012-08-06,9.386
2012-08-03,9.3649
2012-08-02,9.3457
2012-08-01,9.3475
2012-07-31,9.342
2012-07-30,9.3312
2012-07-27,9.3146
2012-07-26,9.2941
2012-07-25,9.2901
2012-07-24,9.3004
2012-07-23,9.3154
2012-07-20,9.3289
2012-07-19,9.3361
2012-07-18,9.3291
2012-07-17,9.3149
2012-07-16,9.2945
2012-07-13,9.2773
2012-07-12,9.2567
2012-07-11,9.2607
2012-07-10,9.2549
2012-07-09,9.2566
2012-07-06,9.2511
2012-07-05,9.2436
2012-07-03,9.2272
2012-07-02,9.1942
2012-06-29,9.1635
2012-06-28,9.1356
2012-06-27,9.1295
2012-06-26,9.1221
2012-06-25,9.1255
2012-06-22,9.134
2012-06-21,9.1234
2012-06-20,9.1204
2012-06-19,9.0951
2012-06-18,9.0692
2012-06-15,9.0568
2012-06-14,9.0377
2012-06-13,9.0303
2012-06-12,9.0332
2012-06-11,9.0335
2012-06-08,9.0475
2012-06-07,9.0457
2012-06-06,9.055
2012-06-05,9.0649
2012-06-04,9.1025
2012-06-01,9.159
2012-05-31,9.2126
2012-05-30,9.2367
2012-05-29,9.2716
2012-05-25,9.2878
2012-05-24,9.3192
2012-05-23,9.3505
2012-05-22,9.3858
2012-05-21,9.4282
2012-05-18,9.4825
2012-05-17,9.5511
2012-05-16,9.6163
2012-05-15,9.6688
2012-05-14,9.7126
2012-05-11,9.756
2012-05-10,9.7833
2012-05-09,9.8021
2012-05-08,9.8269
2012-05-07,9.8431
2012-05-04,9.8543
2012-05-03,9.8725
2012-05-02,9.8763
2012-05-01,9.8721
2012-04-30,9.859
2012-04-27,9.8554
2012-04-26,9.8453
2012-04-25,9.8348
2012-04-24,9.832
2012-04-23,9.8376
2012-04-20,9.8553
2012-04-19,9.8678
2012-04-18,9.8762
2012-04-17,9.8805
2012-04-16,9.8784
2012-04-13,9.8896
2012-04-12,9.9094
2012-04-11,9.907
2012-04-10,9.9236
2012-04-09,9.9578
2012-04-05,9.9734
2012-04-04,9.9747
2012-04-03,9.9731
2012-04-02,9.9544
2012-03-30,9.9277
2012-03-29,9.9067
2012-03-28,9.8891
2012-03-27,9.859
2012-03-26,9.8283
2012-03-23,9.7845
2012-03-22,9.7528
2012-03-21,9.7268
2012-03-20,9.6839
2012-03-19,9.6318
2012-03-16,9.5792
2012-03-15,9.5266
2012-03-14,9.4724
2012-03-13,9.4306
2012-03-12,9.3859
2012-03-09,9.3747
2012-03-08,9.3597
2012-03-07,9.3512
2012-03-06,9.3512
2012-03-05,9.3637
2012-03-02,9.3529
2012-03-01,9.3372
2012-02-29,9.3163
2012-02-28,9.3038
2012-02-27,9.2861
2012-02-24,9.2691
2012-02-23,9.2578
2012-02-22,9.2419
2012-02-21,9.2335
2012-02-17,9.2113
2012-02-16,9.1859
2012-02-15,9.1641
2012-02-14,9.1552
2012-02-13,9.1392
2012-02-10,9.1122
2012-02-09,9.0915
2012-02-08,9.0587
2012-02-07,9.0185
2012-02-06,8.9815
2012-02-03,8.9403
2012-02-02,8.8899
2012-02-01,8.8602
2012-01-31,8.8321
2012-01-30,8.8162
2012-01-27,8.8022
2012-01-26,8.7781
2012-01-25,8.7549
2012-01-24,8.721
2012-01-23,8.6857
2012-01-20,8.6452
2012-01-19,8.6039
2012-01-18,8.5642
2012-01-17,8.5292
2012-01-13,8.5046
2012-01-12,8.4703
2012-01-11,8.4253
2012-01-10,8.3793
2012-01-09,8.3389
2012-01-06,8.3108
2012-01-05,8.2844
2012-01-04,8.2495
2012-01-03,8.223
2011-12-30,8.191
2011-12-29,8.1786
2011-12-28,8.1601
2011-12-27,8.1535
2011-12-23,8.132
2011-12-22,8.1033
2011-12-21,8.0779
2011-12-20,8.0677
2011-12-19,8.0611
2011-12-16,8.0851
2011-12-15,8.0924
2011-12-14,8.1039
2011-12-13,8.1173
2011-12-12,8.1287
2011-12-09,8.1294
2011-12-08,8.1093
2011-12-07,8.1059
2011-12-06,8.0673
2011-12-05,8.0354
2011-12-02,8.0008
2011-12-01,7.9799
2011-11-30,7.9682
2011-11-29,7.9505
2011-11-28,7.9808
2011-11-25,8.01
2011-11-23,8.0656
2011-11-22,8.1291
2011-11-21,8.1773
2011-11-18,8.2231
2011-11-17,8.253
2011-11-16,8.2888
2011-11-15,8.3116
2011-11-14,8.3154
2011-11-11,8.3235
2011-11-10,8.3148
2011-11-09,8.3257
2011-11-08,8.3417
2011-11-07,8.3099
2011-11-04,8.2915
2011-11-03,8.2761
2011-11-02,8.2468
2011-11-01,8.2297
2011-10-31,8.2363
2011-10-28,8.2011
2011-10-27,8.1251
2011-10-26,8.0417
2011-10-25,8.0024
2011-10-24,7.9744
2011-10-21,7.9166
2011-10-20,7.8722
2011-10-19,7.8451
2011-10-18,7.8279
2011-10-17,7.7968
2011-10-14,7.8013
2011-10-13,7.7801
2011-10-12,7.7668
2011-10-11,7.7323
2011-10-10,7.7153
2011-10-07,7.6957
2011-10-06,7.715
2011-10-05,7.7068
2011-10-04,7.7225
2011-10-03,7.7512
2011-09-30,7.813
2011-09-29,7.8459
2011-09-28,7.8535
2011-09-27,7.8843
2011-09-26,7.8946
2011-09-23,7.91
2011-09-22,7.9618
2011-09-21,8.0271
2011-09-20,8.0765
2011-09-19,8.0896
2011-09-16,8.1015
2011-09-15,8.0915
2011-09-14,8.0829
2011-09-13,8.0947
2011-09-12,8.1176
2011-09-09,8.1484
2011-09-08,8.1917
2011-09-07,8.2129
2011-09-06,8.2177
2011-09-02,8.2623
2011-09-01,8.2969
2011-08-31,8.2992
2011-08-30,8.2818
2011-08-29,8.2739
2011-08-26,8.2591
2011-08-25,8.2781
2011-08-24,8.3064
2011-08-23,8.335
2011-08-22,8.3888
2011-08-19,8.474
2011-08-18,8.5583
2011-08-17,8.6347
2011-08-16,8.6773
2011-08-15,8.7296
2011-08-12,8.7701
2011-08-11,8.8423
2011-08-10,8.916
2011-08-09,9.0427
2011-08-08,9.1222
2011-08-05,9.2729
2011-08-04,9.3546
2011-08-03,9.4277
2011-08-02,9.4598
2011-08-01,9.5
2011-07-29,9.5177
2011-07-28,9.5344
2011-07-27,9.5497
2011-07-26,9.5674
2011-07-25,9.5629
2011-07-22,9.5567
2011-07-21,9.5424
2011-07-20,9.524
2011-07-19,9.5277
2011-07-18,9.5429
2011-07-15,9.5719
2011-07-14,9.5905
2011-07-13,9.6092
2011-07-12,9.6224
2011-07-11,9.6377
2011-07-08,9.6507
2011-07-07,9.637
2011-07-06,9.6086
2011-07-05,9.5938
2011-07-01,9.5721
2011-06-30,9.5389
2011-06-29,9.5208
2011-06-28,9.5048
2011-06-27,9.5077
2011-06-24,9.5156
2011-06-23,9.5343
2011-06-22,9.549
2011-06-21,9.5553
2011-06-20,9.5562
2011-06-17,9.5713
2011-06-16,9.5871
2011-06-15,9.6135
2011-06-14,9.648
2011-06-13,9.6646
2011-06-10,9.6879
2011-06-09,9.7236
2011-06-08,9.7564
2011-06-07,9.804
2011-06-06,9.8476
2011-06-03,9.8935
2011-06-02,9.9249
2011-06-01,9.953
2011-05-31,9.9851
2011-05-27,9.9851
2011-05-26,9.9957
2011-05-25,10.0147
2011-05-24,10.041
2011-05-23,10.0707
2011-05-20,10.1022
2011-05-19,10.1225
2011-05-18,10.1303
2011-05-17,10.1389
2011-05-16,10.153
2011-05-13,10.1766
2011-05-12,10.2014
2011-05-11,10.2135
2011-05-10,10.2269
2011-05-09,10.2271
2011-05-06,10.2373
2011-05-05,10.2459
2011-05-04,10.2607
2011-05-03,10.2631
2011-05-02,10.2565
2011-04-29,10.2538
2011-04-28,10.2462
2011-04-27,10.2359
2011-04-26,10.233
2011-04-25,10.2365
2011-04-21,10.247
2011-04-20,10.2573
2011-04-19,10.2746
2011-04-18,10.2964
2011-04-15,10.3239
2011-04-14,10.3396
2011-04-13,10.3576
2011-04-12,10.3677
2011-04-11,10.3708
2011-04-08,10.3703
2011-04-07,10.3696
2011-04-06,10.359
2011-04-05,10.3419
2011-04-04,10.3356
2011-04-01,10.3282
2011-03-31,10.3185
2011-03-30,10.3171
2011-03-29,10.3115
2011-03-28,10.314
2011-03-25,10.319
2011-03-24,10.3209
2011-03-23,10.326
2011-03-22,10.337
2011-03-21,10.3462
2011-03-18,10.3506
2011-03-17,10.3605
2011-03-16,10.3862
2011-03-15,10.4271
2011-03-14,10.4525
2011-03-11,10.4679
2011-03-10,10.4751
2011-03-09,10.4902
2011-03-08,10.4848
2011-03-07,10.4785
2011-03-04,10.4953
2011-03-03,10.5067
2011-03-02,10.5057
2011-03-01,10.5267
2011-02-28,10.5434
2011-02-25,10.538
2011-02-24,10.5372
2011-02-23,10.5516
2011-02-22,10.5649
2011-02-18,10.5749
2011-02-17,10.551
2011-02-16,10.5272
2011-02-15,10.4996
2011-02-14,10.4751
2011-02-11,10.4466
2011-02-10,10.4157
2011-02-09,10.3969
2011-02-08,10.376
2011-02-07,10.345
2011-02-04,10.3187
2011-02-03,10.3056
2011-02-02,10.2907
2011-02-01,10.2746
2011-01-31,10.2482
2011-01-28,10.2415
2011-01-27,10.244
2011-01-26,10.2276
2011-01-25,10.2191
2011-01-24,10.2087
2011-01-21,10.1949
2011-01-20,10.1785
2011-01-19,10.1691
2011-01-18,10.164
2011-01-14,10.1338
2011-01-13,10.0939
2011-01-12,10.0673
2011-01-11,10.0341
2011-01-10,10.0154
2011-01-07,9.9991
2011-01-06,9.9784
2011-01-05,9.9458
2011-01-04,9.9026
2011-01-03,9.8678
2010-12-31,9.8277
2010-12-30,9.8065
2010-12-29,9.7844
2010-12-28,9.7567
2010-12-27,9.7239
2010-12-23,9.6878
2010-12-22,9.6572
2010-12-21,9.6158
2010-12-20,9.5815
2010-12-17,9.5616
2010-12-16,9.5402
2010-12-15,9.5222
2010-12-14,9.5036
2010-12-13,9.4749
2010-12-10,9.4339
2010-12-09,9.388
2010-12-08,9.3464
2010-12-07,9.313
2010-12-06,9.2922
2010-12-03,9.2709
2010-12-02,9.2457
2010-12-01,9.2211
2010-11-30,9.2188
2010-11-29,9.2356
2010-11-26,9.2489
2010-11-24,9.2715
2010-11-23,9.2826
2010-11-22,9.3094
2010-11-19,9.3238
2010-11-18,9.3256
2010-11-17,9.3273
2010-11-16,9.3426
2010-11-15,9.353
2010-11-12,9.3479
2010-11-11,9.3467
2010-11-10,9.3288
2010-11-09,9.2991
2010-11-08,9.2775
2010-11-05,9.2345
2010-11-04,9.1791
2010-11-03,9.1409
2010-11-02,9.131
2010-11-01,9.1296
2010-10-29,9.1304
2010-10-28,9.1314
2010-10-27,9.1314
2010-10-26,9.1311
2010-10-25,9.1314
2010-10-22,9.133
2010-10-21,9.1314
2010-10-20,9.1294
2010-10-19,9.1269
2010-10-18,9.1336
2010-10-15,9.1276
2010-10-14,9.1424
2010-10-13,9.1422
2010-10-12,9.1246
2010-10-11,9.1061
2010-10-08,9.0965
2010-10-07,9.0846
2010-10-06,9.0741
2010-10-05,9.0585
2010-10-04,9.0406
2010-10-01,9.0426
2010-09-30,9.0382
2010-09-29,9.0436
2010-09-28,9.0478
2010-09-27,9.0453
2010-09-24,9.0448
2010-09-23,9.0337
2010-09-22,9.0462
2010-09-21,9.0416
2010-09-20,9.0206
2010-09-17,8.9884
2010-09-16,8.9711
2010-09-15,8.9472
2010-09-14,8.9178
2010-09-13,8.8886
2010-09-10,8.8478
2010-09-09,8.8231
2010-09-08,8.7971
2010-09-07,8.7802
2010-09-03,8.7711
2010-09-02,8.739
2010-09-01,8.7233
2010-08-31,8.715
2010-08-30,8.7405
2010-08-27,8.7762
2010-08-26,8.7966
2010-08-25,8.8383
2010-08-24,8.877
2010-08-23,8.9225
2010-08-20,8.9577
2010-08-19,8.9906
2010-08-18,9.0243
2010-08-17,9.0399
2010-08-16,9.0611
2010-08-13,9.0917
2010-08-12,9.123
2010-08-11,9.1549
2010-08-10,9.1836
2010-08-09,9.181
2010-08-06,9.1697
2010-08-05,9.1624
2010-08-04,9.1458
2010-08-03,9.1236
2010-08-02,9.1029
2010-07-30,9.0688
2010-07-29,9.0556
2010-07-28,9.0402
2010-07-27,9.0266
2010-07-26,9.0029
2010-07-23,8.9794
2010-07-22,8.9666
2010-07-21,8.9597
2010-07-20,8.979
2010-07-19,8.9853
2010-07-16,9.002
2010-07-15,9.0199
2010-07-14,8.9988
2010-07-13,8.9736
2010-07-12,8.9384
2010-07-09,8.9233
2010-07-08,8.9078
2010-07-07,8.9039
2010-07-06,8.9068
2010-07-02,8.9496
2010-07-01,9.002
2010-06-30,9.0495
2010-06-29,9.0934
2010-06-28,9.1307
2010-06-25,9.1378
2010-06-24,9.1367
2010-06-23,9.1608
2010-06-22,9.1704
2010-06-21,9.1766
2010-06-18,9.1681
2010-06-17,9.1574
2010-06-16,9.1509
2010-06-15,9.1423
2010-06-14,9.1333
2010-06-11,9.1459
2010-06-10,9.1558
2010-06-09,9.1695
2010-06-08,9.2147
2010-06-07,9.2549
2010-06-04,9.3184
2010-06-03,9.3701
2010-06-02,9.3886
2010-06-01,9.4038
2010-05-28,9.4501
2010-05-27,9.4809
2010-05-26,9.4933
2010-05-25,9.5496
2010-05-24,9.6054
2010-05-21,9.6755
2010-05-20,9.7254
2010-05-19,9.8138
2010-05-18,9.8658
2010-05-17,9.9246
2010-05-14,9.9608
2010-05-13,10.0013
2010-05-12,10.0192
2010-05-11,10.02
2010-05-10,10.0327
2010-05-07,10.0427
2010-05-06,10.1089
2010-05-05,10.171
2010-05-04,10.1955
2010-05-03,10.2167
2010-04-30,10.2107
2010-04-29,10.2244
2010-04-28,10.2133
2010-04-27,10.2253
2010-04-26,10.2537
2010-04-23,10.2485
2010-04-22,10.2254
2010-04-21,10.2033
2010-04-20,10.1846
2010-04-19,10.1575
2010-04-16,10.142
2010-04-15,10.1353
2010-04-14,10.0872
2010-04-13,10.0295
2010-04-12,9.9939
2010-04-09,9.9552
2010-04-08,9.917
2010-04-07,9.8787
2010-04-06,9.845
2010-04-05,9.8038
2010-04-01,9.7694
2010-03-31,9.7419
2010-03-30,9.7201
2010-03-29,9.6979
2010-03-26,9.6668
2010-03-25,9.6337
2010-03-24,9.5985
2010-03-23,9.5642
2010-03-22,9.5269
2010-03-19,9.4942
2010-03-18,9.4633
2010-03-17,9.4224
2010-03-16,9.3713
2010-03-15,9.3274
2010-03-12,9.2911
2010-03-11,9.2511
2010-03-10,9.2029
2010-03-09,9.1582
2010-03-08,9.1199
2010-03-05,9.0808
2010-03-04,9.0396
2010-03-03,9.0131
2010-03-02,8.9936
2010-03-01,8.9727
2010-02-26,8.9528
2010-02-25,8.9335
2010-02-24,8.9181
2010-02-23,8.8984
2010-02-22,8.893
2010-02-19,8.8694
2010-02-18,8.8557
2010-02-17,8.8459
2010-02-16,8.8409
2010-02-12,8.8386
2010-02-11,8.8551
2010-02-10,8.874
2010-02-09,8.8968
2010-02-08,8.9293
2010-02-05,8.9743
2010-02-04,9.0058
2010-02-03,9.051
2010-02-02,9.0604
2010-02-01,9.0604
2010-01-29,9.0694
2010-01-28,9.0951
2010-01-27,9.117
2010-01-26,9.1366
2010-01-25,9.1806
2010-01-22,9.2127
2010-01-21,9.2534
2010-01-20,9.2671
2010-01-19,9.254
2010-01-15,9.2369
2010-01-14,9.2305
2010-01-13,9.2031
2010-01-12,9.1773
2010-01-11,9.16
2010-01-08,9.1265
2010-01-07,9.0901
2010-01-06,9.044
2010-01-05,9.014
2010-01-04,8.9828
2009-12-31,8.966
2009-12-30,8.9664
2009-12-29,8.9649
2009-12-28,8.9639
2009-12-24,8.9589
2009-12-23,8.95
2009-12-22,8.9488
2009-12-21,8.9435
2009-12-18,8.9396
2009-12-17,8.949
2009-12-16,8.9733
2009-12-15,8.9825
2009-12-14,8.9986
2009-12-11,9.0013
2009-12-10,9.0096
2009-12-09,9.0252
2009-12-08,9.0412
2009-12-07,9.0622
2009-12-04,9.0768
2009-12-03,9.0774
2009-12-02,9.0956
2009-12-01,9.0961
2009-11-30,9.0961
2009-11-27,9.0967
2009-11-25,9.1222
2009-11-24,9.1249
2009-11-23,9.1259
2009-11-20,9.1199
2009-11-19,9.1269
2009-11-18,9.1288
2009-11-17,9.1119
2009-11-16,9.1012
2009-11-13,9.0919
2009-11-12,9.092
2009-11-11,9.0903
2009-11-10,9.07
2009-11-09,9.0607
2009-11-06,9.0472
2009-11-05,9.0655
2009-11-04,9.0818
2009-11-03,9.1233
2009-11-02,9.1563
2009-10-30,9.1952
2009-10-29,9.2461
2009-10-28,9.2572
2009-10-27,9.3082
2009-10-26,9.3351
2009-10-23,9.3576
2009-10-22,9.357
2009-10-21,9.342
2009-10-20,9.3541
2009-10-19,9.3486
2009-10-16,9.3347
2009-10-15,9.3239
2009-10-14,9.2878
2009-10-13,9.2387
2009-10-12,9.2184
2009-10-09,9.1862
2009-10-08,9.1585
2009-10-07,9.1363
2009-10-06,9.113
2009-10-05,9.0978
2009-10-02,9.0934
2009-10-01,9.1179
2009-09-30,9.1456
2009-09-29,9.1331
2009-09-28,9.1148
2009-09-25,9.0899
2009-09-24,9.0945
2009-09-23,9.0903
2009-09-22,9.0662
2009-09-21,9.0193
2009-09-18,8.9896
2009-09-17,8.9477
2009-09-16,8.9031
2009-09-15,8.8473
2009-09-14,8.8188
2009-09-11,8.7893
2009-09-10,8.769
2009-09-09,8.7408
2009-09-08,8.7173
2009-09-04,8.7057
2009-09-03,8.6968
2009-09-02,8.6974
2009-09-01,8.7156
2009-08-31,8.7279
2009-08-28,8.6901
2009-08-27,8.6451
2009-08-26,8.5966
2009-08-25,8.5528
2009-08-24,8.5018
2009-08-21,8.4573
2009-08-20,8.4008
2009-08-19,8.3565
2009-08-18,8.3311
2009-08-17,8.3023
2009-08-14,8.2886
2009-08-13,8.2346
2009-08-12,8.1689
2009-08-11,8.1152
2009-08-10,8.0741
2009-08-07,7.9942
2009-08-06,7.9019
2009-08-05,7.824
2009-08-04,7.7315
2009-08-03,7.6597
2009-07-31,7.598
2009-07-30,7.5512
2009-07-29,7.508
2009-07-28,7.4791
2009-07-27,7.4471
2009-07-24,7.4099
2009-07-23,7.3817
2009-07-22,7.346
2009-07-21,7.3293
2009-07-20,7.3115
2009-07-17,7.2847
2009-07-16,7.2616
2009-07-15,7.2309
2009-07-14,7.1943
2009-07-13,7.1863
2009-07-10,7.1743
2009-07-09,7.2072
2009-07-08,7.2339
2009-07-07,7.2724
2009-07-06,7.3027
2009-07-02,7.3244
2009-07-01,7.349
2009-06-30,7.3496
2009-06-29,7.3456
2009-06-26,7.3335
2009-06-25,7.3298
2009-06-24,7.3296
2009-06-23,7.3457
2009-06-22,7.3726
2009-06-19,7.4108
2009-06-18,7.4075
2009-06-17,7.4174
2009-06-16,7.4465
2009-06-15,7.456
2009-06-12,7.4529
2009-06-11,7.4288
2009-06-10,7.4073
2009-06-09,7.3901
2009-06-08,7.3587
2009-06-05,7.3298
2009-06-04,7.3037
2009-06-03,7.2678
2009-06-02,7.2559
2009-06-01,7.2324
2009-05-29,7.1935
2009-05-28,7.1589
2009-05-27,7.1349
2009-05-26,7.1297
2009-05-22,7.1007
2009-05-21,7.0933
2009-05-20,7.0799
2009-05-19,7.0663
2009-05-18,7.0306
2009-05-15,6.975
2009-05-14,6.9627
2009-05-13,6.9336
2009-05-12,6.9261
2009-05-11,6.8782
2009-05-08,6.8085
2009-05-07,6.6822
2009-05-06,6.6009
2009-05-05,6.4877
2009-05-04,6.4222
2009-05-01,6.3388
2009-04-30,6.3165
2009-04-29,6.2867
2009-04-28,6.2441
2009-04-27,6.2261
2009-04-24,6.1847
2009-04-23,6.1274
2009-04-22,6.0796
2009-04-21,6.0579
2009-04-20,6.0093
2009-04-17,6.0029
2009-04-16,5.9154
2009-04-15,5.8279
2009-04-14,5.7389
2009-04-13,5.6729
2009-04-09,5.5527
2009-04-08,5.4489
2009-04-07,5.4269
2009-04-06,5.4057
2009-04-03,5.3642
2009-04-02,5.3015
2009-04-01,5.2568
2009-03-31,5.2236
2009-03-30,5.2031
2009-03-27,5.2102
2009-03-26,5.1668
2009-03-25,5.1002
2009-03-24,5.0337
2009-03-23,4.9756
2009-03-20,4.886
2009-03-19,4.8733
2009-03-18,4.8313
2009-03-17,4.7371
2009-03-16,4.688
2009-03-13,4.667
2009-03-12,4.6336
2009-03-11,4.5999
2009-03-10,4.6113
2009-03-09,4.636
2009-03-06,4.723
2009-03-05,4.8242
2009-03-04,4.9323
2009-03-03,5.0101
2009-03-02,5.0903
2009-02-27,5.1699
2009-02-26,5.2273
2009-02-25,5.2566
2009-02-24,5.2975
2009-02-23,5.3394
2009-02-20,5.4414
2009-02-19,5.5376
2009-02-18,5.6368
2009-02-17,5.7195
2009-02-13,5.811
2009-02-12,5.8557
2009-02-11,5.8827
2009-02-10,5.905
2009-02-09,5.957
2009-02-06,5.9499
2009-02-05,5.949
2009-02-04,5.9915
2009-02-03,6.0476
2009-02-02,6.1031
2009-01-30,6.1536
2009-01-29,6.2094
2009-01-28,6.2544
2009-01-27,6.2522
2009-01-26,6.3248
2009-01-23,6.4249
2009-01-22,6.5252
2009-01-21,6.6547
2009-01-20,6.7614
2009-01-16,6.9554
2009-01-15,7.0675
2009-01-14,7.172
2009-01-13,7.2569
2009-01-12,7.3096
2009-01-09,7.3776
2009-01-08,7.4136
2009-01-07,7.429
2009-01-06,7.4429
2009-01-05,7.4159
2009-01-02,7.399
2008-12-31,7.3667
2008-12-30,7.3401
2008-12-29,7.3356
2008-12-26,7.3595
2008-12-24,7.3795
2008-12-23,7.4023
2008-12-22,7.4435
2008-12-19,7.471
2008-12-18,7.4739
2008-12-17,7.4754
2008-12-16,7.4537
2008-12-15,7.4222
2008-12-12,7.4693
2008-12-11,7.4899
2008-12-10,7.5272
2008-12-09,7.5059
2008-12-08,7.4678
2008-12-05,7.391
2008-12-04,7.3604
2008-12-03,7.3859
2008-12-02,7.4059
2008-12-01,7.4653
2008-11-28,7.5851
2008-11-26,7.5845
2008-11-25,7.6033
2008-11-24,7.6588
2008-11-21,7.7611
2008-11-20,7.9671
2008-11-19,8.213
2008-11-18,8.4135
2008-11-17,8.5574
2008-11-14,8.7058
2008-11-13,8.8186
2008-11-12,8.9005
2008-11-11,9.0483
2008-11-10,9.16
2008-11-07,9.2531
2008-11-06,9.3295
2008-11-05,9.426
2008-11-04,9.4682
2008-11-03,9.4259
2008-10-31,9.4283
2008-10-30,9.4424
2008-10-29,9.5009
2008-10-28,9.5932
2008-10-27,9.643
2008-10-24,9.8217
2008-10-23,9.9939
2008-10-22,10.1275
2008-10-21,10.2675
2008-10-20,10.363
2008-10-17,10.4426
2008-10-16,10.5716
2008-10-15,10.6783
2008-10-14,10.8271
2008-10-13,10.8779
2008-10-10,11.0016
2008-10-09,11.2148
2008-10-08,11.5273
2008-10-07,11.7743
2008-10-06,12.0038
2008-10-03,12.1311
2008-10-02,12.2195
2008-10-01,12.2629
2008-09-30,12.2566
2008-09-29,12.2931
2008-09-26,12.4093
2008-09-25,12.3679
2008-09-24,12.3612
2008-09-23,12.3874
2008-09-22,12.3986
2008-09-19,12.4002
2008-09-18,12.2928
2008-09-17,12.3412
2008-09-16,12.4755
2008-09-15,12.5118
2008-09-12,12.6302
2008-09-11,12.6321
2008-09-10,12.6161
2008-09-09,12.6328
2008-09-08,12.6306
2008-09-05,12.5468
2008-09-04,12.5099
2008-09-03,12.5098
2008-09-02,12.4484
2008-08-29,12.4005
2008-08-28,12.3695
2008-08-27,12.3358
2008-08-26,12.3499
2008-08-25,12.3887
2008-08-22,12.4372
2008-08-21,12.452
2008-08-20,12.5134
2008-08-19,12.56
2008-08-18,12.6296
2008-08-15,12.6703
2008-08-14,12.6701
2008-08-13,12.6794
2008-08-12,12.7228
2008-08-11,12.7313
2008-08-08,12.6744
2008-08-07,12.6397
2008-08-06,12.6426
2008-08-05,12.577
2008-08-04,12.4901
2008-08-01,12.4622
2008-07-31,12.4202
2008-07-30,12.3737
2008-07-29,12.3098
2008-07-28,12.2599
2008-07-25,12.3054
2008-07-24,12.2944
2008-07-23,12.2773
2008-07-22,12.1638
2008-07-21,12.0365
2008-07-18,12.0048
2008-07-17,11.9747
2008-07-16,11.967
2008-07-15,12.0112
2008-07-14,12.2008
2008-07-11,12.376
2008-07-10,12.5095
2008-07-09,12.6233
2008-07-08,12.7403
2008-07-07,12.7964
2008-07-03,12.9366
2008-07-02,13.0502
2008-07-01,13.1715
2008-06-30,13.2861
2008-06-27,13.4165
2008-06-26,13.5413
2008-06-25,13.6585
2008-06-24,13.7392
2008-06-23,13.8254
2008-06-20,13.9362
2008-06-19,14.0149
2008-06-18,14.0776
2008-06-17,14.1619
2008-06-16,14.2314
2008-06-13,14.2654
2008-06-12,14.3167
2008-06-11,14.3957
2008-06-10,14.5209
2008-06-09,14.6177
2008-06-06,14.729
2008-06-05,14.8322
2008-06-04,14.865
2008-06-03,14.931
2008-06-02,14.9946
2008-05-30,15.06
2008-05-29,15.1093
2008-05-28,15.144
2008-05-27,15.2096
2008-05-23,15.2734
2008-05-22,15.352
2008-05-21,15.416
2008-05-20,15.4953
2008-05-19,15.5427
2008-05-16,15.5572
2008-05-15,15.5577
2008-05-14,15.5515
2008-05-13,15.5607
2008-05-12,15.5821
2008-05-09,15.5909
2008-05-08,15.6198
2008-05-07,15.6511
2008-05-06,15.6528
2008-05-05,15.5933
2008-05-02,15.5455
2008-05-01,15.463
2008-04-30,15.3835
2008-04-29,15.3521
2008-04-28,15.3124
2008-04-25,15.2481
2008-04-24,15.1814
2008-04-23,15.1386
2008-04-22,15.1485
2008-04-21,15.1488
2008-04-18,15.1268
2008-04-17,15.0771
2008-04-16,15.0575
2008-04-15,15.0631
2008-04-14,15.1109
2008-04-11,15.1792
2008-04-10,15.2181
2008-04-09,15.2307
2008-04-08,15.2347
2008-04-07,15.2119
2008-04-04,15.168
2008-04-03,15.1294
2008-04-02,15.0645
2008-04-01,15.0001
2008-03-31,14.9277
2008-03-28,14.9563
2008-03-27,15.0015
2008-03-26,15.0162
2008-03-25,15.0075
2008-03-24,14.9384
2008-03-20,14.8571
2008-03-19,14.7882
2008-03-18,14.821
2008-03-17,14.816
2008-03-14,14.9318
2008-03-13,15.0259
2008-03-12,15.0868
2008-03-11,15.1504
2008-03-10,15.1948
2008-03-07,15.3394
2008-03-06,15.4566
2008-03-05,15.5893
2008-03-04,15.6825
2008-03-03,15.7731
2008-02-29,15.8646
2008-02-28,15.9442
2008-02-27,15.9786
2008-02-26,15.9637
2008-02-25,15.9546
2008-02-22,15.9593
2008-02-21,15.9645
2008-02-20,16.006
2008-02-19,16.0223
2008-02-15,16.0594
2008-02-14,16.0979
2008-02-13,16.1663
2008-02-12,16.1964
2008-02-11,16.2235
2008-02-08,16.2984
2008-02-07,16.3443
2008-02-06,16.3666
2008-02-05,16.4067
2008-02-04,16.4313
2008-02-01,16.3865
2008-01-31,16.284
2008-01-30,16.2039
2008-01-29,16.1856
2008-01-28,16.1297
2008-01-25,16.0944
2008-01-24,16.115
2008-01-23,16.0929
2008-01-22,16.0691
2008-01-18,16.1567
2008-01-17,16.2873
2008-01-16,16.4133
2008-01-15,16.4675
2008-01-14,16.5552
2008-01-11,16.5813
2008-01-10,16.6335
2008-01-09,16.6967
2008-01-08,16.795
2008-01-07,16.9343
2008-01-04,17.0268
2008-01-03,17.1333
2008-01-02,17.2017
2007-12-31,17.2663
2007-12-28,17.3026
2007-12-27,17.3421
2007-12-26,17.3814
2007-12-24,17.388
2007-12-21,17.3823
2007-12-20,17.4086
2007-12-19,17.4701
2007-12-18,17.5253
2007-12-17,17.5967
2007-12-14,17.6768
2007-12-13,17.7464
2007-12-12,17.7831
2007-12-11,17.823
2007-12-10,17.8531
2007-12-07,17.7881
2007-12-06,17.7565
2007-12-05,17.696
2007-12-04,17.6895
2007-12-03,17.7098
2007-11-30,17.6975
2007-11-29,17.6686
2007-11-28,17.6825
2007-11-27,17.6813
2007-11-26,17.7849
2007-11-23,17.9306
2007-11-21,18.0319
2007-11-20,18.1852
2007-11-19,18.3273
2007-11-16,18.4446
2007-11-15,18.5243
2007-11-14,18.5977
2007-11-13,18.63
2007-11-12,18.6584
2007-11-09,18.7764
2007-11-08,18.9135
2007-11-07,19.0511
2007-11-06,19.2221
2007-11-05,19.3048
2007-11-02,19.4287
2007-11-01,19.5307
2007-10-31,19.6338
2007-10-30,19.6421
2007-10-29,19.6788
2007-10-26,19.6876
2007-10-25,19.7034
2007-10-24,19.7697
2007-10-23,19.8412
2007-10-22,19.9049
2007-10-19,19.9863
2007-10-18,20.1007
2007-10-17,20.1588
2007-10-16,20.1968
2007-10-15,20.2375
2007-10-12,20.2429
2007-10-11,20.2049
2007-10-10,20.1769
2007-10-09,20.1344
2007-10-08,20.0752
2007-10-05,20.0281
2007-10-04,19.9461
2007-10-03,19.8793
2007-10-02,19.8182
2007-10-01,19.7459
2007-09-28,19.6904
2007-09-27,19.6686
2007-09-26,19.6361
2007-09-25,19.6245
2007-09-24,19.6123
2007-09-21,19.5946
2007-09-20,19.5457
2007-09-19,19.4999
2007-09-18,19.4232
2007-09-17,19.3518
2007-09-14,19.3497
2007-09-13,19.3378
2007-09-12,19.3222
2007-09-11,19.3382
2007-09-10,19.3602
2007-09-07,19.4051
2007-09-06,19.448
2007-09-05,19.4749
2007-09-04,19.4895
2007-08-31,19.4807
2007-08-30,19.4868
2007-08-29,19.5202
2007-08-28,19.5444
2007-08-27,19.5954
2007-08-24,19.5899
2007-08-23,19.5596
2007-08-22,19.5334
2007-08-21,19.5075
2007-08-20,19.4843
2007-08-17,19.4732
2007-08-16,19.4331
2007-08-15,19.4705
2007-08-14,19.5706
2007-08-13,19.6637
2007-08-10,19.7314
2007-08-09,19.7881
2007-08-08,19.8417
2007-08-07,19.8253
2007-08-06,19.8561
2007-08-03,19.9047
2007-08-02,20.0578
2007-08-01,20.1404
2007-07-31,20.245
2007-07-30,20.3831
2007-07-27,20.4702
2007-07-26,20.6047
2007-07-25,20.7212
2007-07-24,20.8003
2007-07-23,20.8975
2007-07-20,20.9509
2007-07-19,21.0088
2007-07-18,21.0346
2007-07-17,21.0558
2007-07-16,21.0508
2007-07-13,21.0525
2007-07-12,21.0466
2007-07-11,21.0485
2007-07-10,21.0906
2007-07-09,21.1444
2007-07-06,21.1572
2007-07-05,21.1622
2007-07-03,21.1787
2007-07-02,21.1782
2007-06-29,21.197
2007-06-28,21.2365
2007-06-27,21.2681
2007-06-26,21.2994
2007-06-25,21.3666
2007-06-22,21.4204
2007-06-21,21.4623
2007-06-20,21.4801
2007-06-19,21.4888
2007-06-18,21.4731
2007-06-15,21.4654
2007-06-14,21.4562
2007-06-13,21.4542
2007-06-12,21.4483
2007-06-11,21.484
2007-06-08,21.4927
2007-06-07,21.5126
2007-06-06,21.5605
2007-06-05,21.5754
2007-06-04,21.5727
2007-06-01,21.5558
2007-05-31,21.5341
2007-05-30,21.5174
2007-05-29,21.4923
2007-05-25,21.4814
2007-05-24,21.4778
2007-05-23,21.478
2007-05-22,21.4578
2007-05-21,21.4336
2007-05-18,21.4087
2007-05-17,21.3836
2007-05-16,21.3619
2007-05-15,21.3264
2007-05-14,21.3131
2007-05-11,21.293
2007-05-10,21.2599
2007-05-09,21.2475
2007-05-08,21.2011
2007-05-07,21.162
2007-05-04,21.1139
2007-05-03,21.0638
2007-05-02,21.0163
2007-05-01,20.9848
2007-04-30,20.9597
2007-04-27,20.9361
2007-04-26,20.8925
2007-04-25,20.8414
2007-04-24,20.7813
2007-04-23,20.745
2007-04-20,20.6982
2007-04-19,20.6404
2007-04-18,20.5881
2007-04-17,20.5272
2007-04-16,20.4852
2007-04-13,20.4382
2007-04-12,20.4386
2007-04-11,20.4482
2007-04-10,20.4551
2007-04-09,20.4447
2007-04-05,20.4428
2007-04-04,20.4402
2007-04-03,20.4384
2007-04-02,20.4365
2007-03-30,20.4609
2007-03-29,20.468
2007-03-28,20.4818
2007-03-27,20.5079
2007-03-26,20.5097
2007-03-23,20.4984
2007-03-22,20.4751
2007-03-21,20.4517
2007-03-20,20.4126
2007-03-19,20.4182
2007-03-16,20.4437
2007-03-15,20.4857
2007-03-14,20.5332
2007-03-13,20.6019
2007-03-12,20.6826
2007-03-09,20.7077
2007-03-08,20.7353
2007-03-07,20.7713
2007-03-06,20.8303
2007-03-05,20.8829
2007-03-02,20.9848
2007-03-01,21.0639
2007-02-28,21.1267
2007-02-27,21.1936
2007-02-26,21.3067
2007-02-23,21.3278
2007-02-22,21.335
2007-02-21,21.3219
2007-02-20,21.2984
2007-02-16,21.2629
2007-02-15,21.2356
2007-02-14,21.2049
2007-02-13,21.1745
2007-02-12,21.1625
2007-02-09,21.1655
2007-02-08,21.1634
2007-02-07,21.137
2007-02-06,21.1007
2007-02-05,21.069
2007-02-02,21.0441
2007-02-01,21.016
2007-01-31,20.9891
2007-01-30,20.9738
2007-01-29,20.9749
2007-01-26,20.9846
2007-01-25,20.9844
2007-01-24,20.9884
2007-01-23,20.9604
2007-01-22,20.9523
2007-01-19,20.9422
2007-01-18,20.9291
2007-01-17,20.9213
2007-01-16,20.9037
2007-01-12,20.8782
2007-01-11,20.8561
2007-01-10,20.834
2007-01-09,20.8234
2007-01-08,20.8188
2007-01-05,20.8102
2007-01-04,20.8115
2007-01-03,20.7943
2006-12-29,20.7681
2006-12-28,20.7499
2006-12-27,20.7173
2006-12-26,20.671
2006-12-22,20.6354
2006-12-21,20.6158
2006-12-20,20.5835
2006-12-19,20.5381
2006-12-18,20.4951
2006-12-15,20.4458
2006-12-14,20.4021
2006-12-13,20.3765
2006-12-12,20.3494
2006-12-11,20.3219
2006-12-08,20.2932
2006-12-07,20.2734
2006-12-06,20.2581
2006-12-05,20.2358
2006-12-04,20.2141
2006-12-01,20.2003
2006-11-30,20.2147
2006-11-29,20.2182
2006-11-28,20.2179
2006-11-27,20.2307
2006-11-24,20.2484
2006-11-22,20.2346
2006-11-21,20.2086
2006-11-20,20.1823
2006-11-17,20.1497
2006-11-16,20.1273
2006-11-15,20.0865
2006-11-14,20.0622
2006-11-13,20.0323
2006-11-10,20.0119
2006-11-09,19.9869
2006-11-08,19.9765
2006-11-07,19.9508
2006-11-06,19.9313
2006-11-03,19.9145
2006-11-02,19.9203
2006-11-01,19.9267
2006-10-31,19.9279
2006-10-30,19.9161
2006-10-27,19.8995
2006-10-26,19.8817
2006-10-25,19.846
2006-10-24,19.8214
2006-10-23,19.8032
2006-10-20,19.7824
2006-10-19,19.7731
2006-10-18,19.7605
2006-10-17,19.7329
2006-10-16,19.7083
2006-10-13,19.6811
2006-10-12,19.6397
2006-10-11,19.6024
2006-10-10,19.5718
2006-10-09,19.5326
2006-10-06,19.4893
2006-10-05,19.4474
2006-10-04,19.3939
2006-10-03,19.3337
2006-10-02,19.2921
2006-09-29,19.2663
2006-09-28,19.2331
2006-09-27,19.1904
2006-09-26,19.1504
2006-09-25,19.0966
2006-09-22,19.0485
2006-09-21,19.0162
2006-09-20,18.9841
2006-09-19,18.9342
2006-09-18,18.8929
2006-09-15,18.8507
2006-09-14,18.8017
2006-09-13,18.7707
2006-09-12,18.7292
2006-09-11,18.6982
2006-09-08,18.6894
2006-09-07,18.6808
2006-09-06,18.6824
2006-09-05,18.669
2006-09-01,18.6476
2006-08-31,18.631
2006-08-30,18.6156
2006-08-29,18.601
2006-08-28,18.5908
2006-08-25,18.5712
2006-08-24,18.5637
2006-08-23,18.5448
2006-08-22,18.5304
2006-08-21,18.5086
2006-08-18,18.4839
2006-08-17,18.4489
2006-08-16,18.4132
2006-08-15,18.3802
2006-08-14,18.3544
2006-08-11,18.3583
2006-08-10,18.3651
2006-08-09,18.3666
2006-08-08,18.3777
2006-08-07,18.367
2006-08-04,18.341
2006-08-03,18.3081
2006-08-02,18.2759
2006-08-01,18.2485
2006-07-31,18.2219
2006-07-28,18.1865
2006-07-27,18.1444
2006-07-26,18.1322
2006-07-25,18.1074
2006-07-24,18.0777
2006-07-21,18.0495
2006-07-20,18.0432
2006-07-19,18.0257
2006-07-18,17.9985
2006-07-17,18.0182
2006-07-14,18.044
2006-07-13,18.0761
2006-07-12,18.1039
2006-07-11,18.1045
2006-07-10,18.0863
2006-07-07,18.0668
2006-07-06,18.0582
2006-07-05,18.0392
2006-07-03,18.0241
2006-06-30,17.9892
2006-06-29,17.973
2006-06-28,17.9498
2006-06-27,17.9637
2006-06-26,17.9891
2006-06-23,17.9989
2006-06-22,18.0263
2006-06-21,18.0441
2006-06-20,18.0568
2006-06-19,18.0861
2006-06-16,18.1238
2006-06-15,18.1525
2006-06-14,18.1834
2006-06-13,18.2475
2006-06-12,18.3072
2006-06-09,18.3362
2006-06-08,18.3378
2006-06-07,18.3424
2006-06-06,18.3511
2006-06-05,18.3671
2006-06-02,18.3801
2006-06-01,18.3628
2006-05-31,18.3548
2006-05-30,18.3683
2006-05-26,18.3967
2006-05-25,18.3993
2006-05-24,18.418
2006-05-23,18.4558
2006-05-22,18.4987
2006-05-19,18.5367
2006-05-18,18.574
2006-05-17,18.6253
2006-05-16,18.6649
2006-05-15,18.6693
2006-05-12,18.6718
2006-05-11,18.6882
2006-05-10,18.6862
2006-05-09,18.6512
2006-05-08,18.6137
2006-05-05,18.5758
2006-05-04,18.5256
2006-05-03,18.4984
2006-05-02,18.4724
2006-05-01,18.4419
2006-04-28,18.4205
2006-04-27,18.3657
2006-04-26,18.324
2006-04-25,18.3084
2006-04-24,18.3023
2006-04-21,18.2839
2006-04-20,18.264
2006-04-19,18.2398
2006-04-18,18.2171
2006-04-17,18.1943
2006-04-13,18.2044
2006-04-12,18.2138
2006-04-11,18.2271
2006-04-10,18.2459
2006-04-07,18.2503
2006-04-06,18.2587
2006-04-05,18.2497
2006-04-04,18.2327
2006-04-03,18.2175
2006-03-31,18.2212
2006-03-30,18.2283
2006-03-29,18.2367
2006-03-28,18.2342
2006-03-27,18.2402
2006-03-24,18.2311
2006-03-23,18.2198
2006-03-22,18.2068
2006-03-21,18.1829
2006-03-20,18.1719
2006-03-17,18.1402
2006-03-16,18.1065
2006-03-15,18.0748
2006-03-14,18.0463
2006-03-13,18.017
2006-03-10,18.0069
2006-03-09,17.9963
2006-03-08,18.0015
2006-03-07,17.9956
2006-03-06,17.9902
2006-03-03,17.9907
2006-03-02,17.9854
2006-03-01,17.9749
2006-02-28,17.9516
2006-02-27,17.9358
2006-02-24,17.8996
2006-02-23,17.8631
2006-02-22,17.8268
2006-02-21,17.7798
2006-02-17,17.7633
2006-02-16,17.7394
2006-02-15,17.7053
2006-02-14,17.6787
2006-02-13,17.6604
2006-02-10,17.6624
2006-02-09,17.6576
2006-02-08,17.6628
2006-02-07,17.6732
2006-02-06,17.6963
2006-02-03,17.7097
2006-02-02,17.7297
2006-02-01,17.7442
2006-01-31,17.7474
2006-01-30,17.7498
2006-01-27,17.7454
2006-01-26,17.7348
2006-01-25,17.7247
2006-01-24,17.7451
2006-01-23,17.7712
2006-01-20,17.8082
2006-01-19,17.8538
2006-01-18,17.865
2006-01-17,17.8675
2006-01-13,17.8691
2006-01-12,17.851
2006-01-11,17.8298
2006-01-10,17.793
2006-01-09,17.7628
2006-01-06,17.7312
2006-01-05,17.7015
2006-01-04,17.6797
2006-01-03,17.6622
2005-12-30,17.641
2005-12-29,17.6485
2005-12-28,17.6469
2005-12-27,17.6433
2005-12-23,17.6353
2005-12-22,17.6119
2005-12-21,17.5883
2005-12-20,17.5752
2005-12-19,17.5658
2005-12-16,17.5637
2005-12-15,17.545
2005-12-14,17.5288
2005-12-13,17.5005
2005-12-12,17.4762
2005-12-09,17.4731
2005-12-08,17.4616
2005-12-07,17.4622
2005-12-06,17.4617
2005-12-05,17.446
2005-12-02,17.4229
2005-12-01,17.3939
2005-11-30,17.3659
2005-11-29,17.3448
2005-11-28,17.2978
2005-11-25,17.2446
2005-11-23,17.177
2005-11-22,17.1065
2005-11-21,17.043
2005-11-18,16.9891
2005-11-17,16.9382
2005-11-16,16.8913
2005-11-15,16.8609
2005-11-14,16.8174
2005-11-11,16.7525
2005-11-10,16.6819
2005-11-09,16.6103
2005-11-08,16.5671
2005-11-07,16.524
2005-11-04,16.4712
2005-11-03,16.4279
2005-11-02,16.3829
2005-11-01,16.3343
2005-10-31,16.2952
2005-10-28,16.2455
2005-10-27,16.197
2005-10-26,16.173
2005-10-25,16.1366
2005-10-24,16.1079
2005-10-21,16.0664
2005-10-20,16.0542
2005-10-19,16.0505
2005-10-18,16.0314
2005-10-17,16.0439
2005-10-14,16.0443
2005-10-13,16.0466
2005-10-12,16.0677
2005-10-11,16.0991
2005-10-10,16.1262
2005-10-07,16.151
2005-10-06,16.1605
2005-10-05,16.1767
2005-10-04,16.1993
2005-10-03,16.2172
2005-09-30,16.2157
2005-09-29,16.2098
2005-09-28,16.1994
2005-09-27,16.2191
2005-09-26,16.227
2005-09-23,16.2415
2005-09-22,16.2483
2005-09-21,16.2616
2005-09-20,16.289
2005-09-19,16.2909
2005-09-16,16.2838
2005-09-15,16.2602
2005-09-14,16.2584
2005-09-13,16.2577
2005-09-12,16.2552
2005-09-09,16.2379
2005-09-08,16.2241
2005-09-07,16.2237
2005-09-06,16.2136
2005-09-02,16.1983
2005-09-01,16.2022
2005-08-31,16.2053
2005-08-30,16.2128
2005-08-29,16.2402
2005-08-26,16.2554
2005-08-25,16.2855
2005-08-24,16.3009
2005-08-23,16.3265
2005-08-22,16.3352
2005-08-19,16.3339
2005-08-18,16.3371
2005-08-17,16.3435
2005-08-16,16.3494
2005-08-15,16.3599
2005-08-12,16.3601
2005-08-11,16.3683
2005-08-10,16.3728
2005-08-09,16.384
2005-08-08,16.3948
2005-08-05,16.4176
2005-08-04,16.436
2005-08-03,16.4366
2005-08-02,16.4252
2005-08-01,16.4149
2005-07-29,16.4162
2005-07-28,16.4176
2005-07-27,16.4037
2005-07-26,16.3934
2005-07-25,16.3844
2005-07-22,16.3767
2005-07-21,16.3613
2005-07-20,16.3535
2005-07-19,16.3356
2005-07-18,16.3222
2005-07-15,16.3069
2005-07-14,16.2714
2005-07-13,16.2368
2005-07-12,16.2073
2005-07-11,16.1821
2005-07-08,16.1543
2005-07-07,16.1311
2005-07-06,16.1227
2005-07-05,16.1169
2005-07-01,16.0978
2005-06-30,16.0905
2005-06-29,16.0842
2005-06-28,16.0663
2005-06-27,16.0545
2005-06-24,16.0542
2005-06-23,16.0534
2005-06-22,16.0495
2005-06-21,16.0296
2005-06-20,16.0054
2005-06-17,15.9849
2005-06-16,15.9583
2005-06-15,15.9377
2005-06-14,15.9236
2005-06-13,15.9121
2005-06-10,15.9039
2005-06-09,15.8948
2005-06-08,15.8796
2005-06-07,15.868
2005-06-06,15.8563
2005-06-03,15.8423
2005-06-02,15.8307
2005-06-01,15.8094
2005-05-31,15.7812
2005-05-27,15.7632
2005-05-26,15.7405
2005-05-25,15.7183
2005-05-24,15.7046
2005-05-23,15.6837
2005-05-20,15.6549
2005-05-19,15.6254
2005-05-18,15.5911
2005-05-17,15.5548
2005-05-16,15.5342
2005-05-13,15.5218
2005-05-12,15.5368
2005-05-11,15.539
2005-05-10,15.5259
2005-05-09,15.5189
2005-05-06,15.4894
2005-05-05,15.4711
2005-05-04,15.4389
2005-05-03,15.3958
2005-05-02,15.3797
2005-04-29,15.3636
2005-04-28,15.3498
2005-04-27,15.3593
2005-04-26,15.352
2005-04-25,15.3663
2005-04-22,15.3729
2005-04-21,15.4003
2005-04-20,15.4248
2005-04-19,15.4628
2005-04-18,15.4847
2005-04-15,15.5112
2005-04-14,15.5537
2005-04-13,15.5835
2005-04-12,15.5981
2005-04-11,15.5901
2005-04-08,15.6037
2005-04-07,15.6221
2005-04-06,15.6275
2005-04-05,15.6398
2005-04-04,15.6643
2005-04-01,15.696
2005-03-31,15.7424
2005-03-30,15.7714
2005-03-29,15.7943
2005-03-28,15.8397
2005-03-24,15.8841
2005-03-23,15.9446
2005-03-22,16.0035
2005-03-21,16.072
2005-03-18,16.1174
2005-03-17,16.1526
2005-03-16,16.1832
2005-03-15,16.2125
2005-03-14,16.2277
2005-03-11,16.2332
2005-03-10,16.2483
2005-03-09,16.2503
2005-03-08,16.2621
2005-03-07,16.254
2005-03-04,16.2423
2005-03-03,16.2293
2005-03-02,16.2366
2005-03-01,16.2419
2005-02-28,16.2425
2005-02-25,16.2598
2005-02-24,16.2624
2005-02-23,16.2825
2005-02-22,16.3068
2005-02-18,16.3491
2005-02-17,16.3707
2005-02-16,16.3764
2005-02-15,16.3673
2005-02-14,16.3452
2005-02-11,16.3248
2005-02-10,16.2994
2005-02-09,16.285
2005-02-08,16.2742
2005-02-07,16.2578
2005-02-04,16.2327
2005-02-03,16.2068
2005-02-02,16.1969
2005-02-01,16.1797
2005-01-31,16.1607
2005-01-28,16.158
2005-01-27,16.1749
2005-01-26,16.1913
2005-01-25,16.2009
2005-01-24,16.2195
2005-01-21,16.2413
2005-01-20,16.2658
2005-01-19,16.2844
2005-01-18,16.2924
2005-01-14,16.2841
2005-01-13,16.3018
2005-01-12,16.327
2005-01-11,16.3383
2005-01-10,16.3486
2005-01-07,16.3525
2005-01-06,16.3585
2005-01-05,16.3561
2005-01-04,16.3619
2005-01-03,16.3655
2004-12-31,16.3529
2004-12-30,16.3328
2004-12-29,16.3105
2004-12-28,16.2882
2004-12-27,16.2595
2004-12-23,16.2358
2004-12-22,16.2004
2004-12-21,16.1648
2004-12-20,16.1351
2004-12-17,16.1245
2004-12-16,16.1099
2004-12-15,16.0886
2004-12-14,16.0531
2004-12-13,16.023
2004-12-10,15.9953
2004-12-09,15.9761
2004-12-08,15.9577
2004-12-07,15.9464
2004-12-06,15.9385
2004-12-03,15.9156
2004-12-02,15.8891
2004-12-01,15.8592
2004-11-30,15.8234
2004-11-29,15.8167
2004-11-26,15.8076
2004-11-24,15.7896
2004-11-23,15.7708
2004-11-22,15.7569
2004-11-19,15.7454
2004-11-18,15.7424
2004-11-17,15.7176
2004-11-16,15.6861
2004-11-15,15.6553
2004-11-12,15.6071
2004-11-11,15.5589
2004-11-10,15.5125
2004-11-09,15.477
2004-11-08,15.4423
2004-11-05,15.4023
2004-11-04,15.3558
2004-11-03,15.301
2004-11-02,15.2682
2004-11-01,15.2416
2004-10-29,15.219
2004-10-28,15.1991
2004-10-27,15.1794
2004-10-26,15.1662
2004-10-25,15.1753
2004-10-22,15.22
2004-10-21,15.2688
2004-10-20,15.3143
2004-10-19,15.3634
2004-10-18,15.4097
2004-10-15,15.4343
2004-10-14,15.4683
2004-10-13,15.5081
2004-10-12,15.5124
2004-10-11,15.5064
2004-10-08,15.4986
2004-10-07,15.4946
2004-10-06,15.4845
2004-10-05,15.4687
2004-10-04,15.4632
2004-10-01,15.4481
2004-09-30,15.4336
2004-09-29,15.4448
2004-09-28,15.4532
2004-09-27,15.4682
2004-09-24,15.491
2004-09-23,15.5083
2004-09-22,15.5336
2004-09-21,15.5451
2004-09-20,15.5279
2004-09-17,15.5224
2004-09-16,15.4993
2004-09-15,15.4776
2004-09-14,15.4621
2004-09-13,15.4388
2004-09-10,15.4153
2004-09-09,15.3848
2004-09-08,15.359
2004-09-07,15.3287
2004-09-03,15.2829
2004-09-02,15.252
2004-09-01,15.2173
2004-08-31,15.197
2004-08-30,15.1683
2004-08-27,15.1451
2004-08-26,15.1098
2004-08-25,15.0725
2004-08-24,15.0353
2004-08-23,15.0082
2004-08-20,14.981
2004-08-19,14.9454
2004-08-18,14.9224
2004-08-17,14.8902
2004-08-16,14.8738
2004-08-13,14.8647
2004-08-12,14.8783
2004-08-11,14.895
2004-08-10,14.8982
2004-08-09,14.9052
2004-08-06,14.9343
2004-08-05,14.9649
2004-08-04,14.985
2004-08-03,14.9814
2004-08-02,14.9814
2004-07-30,14.9717
2004-07-29,14.9707
2004-07-28,14.9672
2004-07-27,14.9702
2004-07-26,14.9785
2004-07-23,15.0007
2004-07-22,15.0258
2004-07-21,15.0457
2004-07-20,15.0693
2004-07-19,15.0796
2004-07-16,15.0989
2004-07-15,15.1225
2004-07-14,15.1492
2004-07-13,15.1639
2004-07-12,15.173
2004-07-09,15.1846
2004-07-08,15.2048
2004-07-07,15.2271
2004-07-06,15.24
2004-07-02,15.2508
2004-07-01,15.2515
2004-06-30,15.2567
2004-06-29,15.2513
2004-06-28,15.252
2004-06-25,15.246
2004-06-24,15.2383
2004-06-23,15.2241
2004-06-22,15.2118
2004-06-21,15.2022
2004-06-18,15.1995
2004-06-17,15.1913
2004-06-16,15.1844
2004-06-15,15.1778
2004-06-14,15.1733
2004-06-10,15.1745
2004-06-09,15.1535
2004-06-08,15.138
2004-06-07,15.1041
2004-06-04,15.0644
2004-06-03,15.0435
2004-06-02,15.0339
2004-06-01,15.0103
2004-05-28,14.9921
2004-05-27,14.9659
2004-05-26,14.938
2004-05-25,14.9111
2004-05-24,14.8909
2004-05-21,14.891
2004-05-20,14.8933
2004-05-19,14.9055
2004-05-18,14.9245
2004-05-17,14.9467
2004-05-14,14.9835
2004-05-13,15.004
2004-05-12,15.0278
2004-05-11,15.0569
2004-05-10,15.1065
2004-05-07,15.1691
2004-05-06,15.2255
2004-05-05,15.2541
2004-05-04,15.2683
2004-05-03,15.2823
2004-04-30,15.3029
2004-04-29,15.3362
2004-04-28,15.3726
2004-04-27,15.4077
2004-04-26,15.4235
2004-04-23,15.4449
2004-04-22,15.4651
2004-04-21,15.4791
2004-04-20,15.5221
2004-04-19,15.569
2004-04-16,15.5911
2004-04-15,15.6128
2004-04-14,15.6541
2004-04-13,15.6902
2004-04-12,15.7105
2004-04-08,15.6976
2004-04-07,15.6934
2004-04-06,15.686
2004-04-05,15.6733
2004-04-02,15.6582
2004-04-01,15.646
2004-03-31,15.6263
2004-03-30,15.6219
2004-03-29,15.6092
2004-03-26,15.6064
2004-03-25,15.624
2004-03-24,15.6424
2004-03-23,15.6795
2004-03-22,15.7082
2004-03-19,15.7394
2004-03-18,15.7525
2004-03-17,15.7488
2004-03-16,15.7453
2004-03-15,15.7604
2004-03-12,15.7922
2004-03-11,15.8033
2004-03-10,15.8396
2004-03-09,15.8529
2004-03-08,15.8408
2004-03-05,15.8162
2004-03-04,15.7802
2004-03-03,15.7548
2004-03-02,15.7313
2004-03-01,15.7153
2004-02-27,15.6893
2004-02-26,15.6723
2004-02-25,15.6573
2004-02-24,15.6425
2004-02-23,15.6334
2004-02-20,15.6166
2004-02-19,15.5981
2004-02-18,15.5731
2004-02-17,15.5449
2004-02-13,15.5049
2004-02-12,15.4729
2004-02-11,15.4342
2004-02-10,15.3886
2004-02-09,15.3634
2004-02-06,15.3405
2004-02-05,15.3085
2004-02-04,15.3006
2004-02-03,15.2912
2004-02-02,15.2674
2004-01-30,15.2428
2004-01-29,15.2251
2004-01-28,15.2067
2004-01-27,15.1997
2004-01-26,15.163
2004-01-23,15.1112
2004-01-22,15.0763
2004-01-21,15.0299
2004-01-20,14.9787
2004-01-16,14.946
2004-01-15,14.9077
2004-01-14,14.8704
2004-01-13,14.8425
2004-01-12,14.824
2004-01-09,14.7958
2004-01-08,14.7712
2004-01-07,14.7385
2004-01-06,14.7079
2004-01-05,14.6753
2004-01-02,14.6386
2003-12-31,14.6109
2003-12-30,14.5781
2003-12-29,14.5379
2003-12-26,14.4968
2003-12-24,14.4726
2003-12-23,14.4454
2003-12-22,14.4152
2003-12-19,14.3841
2003-12-18,14.3581
2003-12-17,14.3341
2003-12-16,14.3208
2003-12-15,14.3006
2003-12-12,14.2916
2003-12-11,14.2778
2003-12-10,14.2669
2003-12-09,14.2721
2003-12-08,14.2696
2003-12-05,14.2534
2003-12-04,14.2495
2003-12-03,14.2328
2003-12-02,14.2184
2003-12-01,14.1996
2003-11-28,14.1744
2003-11-26,14.1638
2003-11-25,14.1498
2003-11-24,14.1433
2003-11-21,14.1443
2003-11-20,14.1594
2003-11-19,14.1844
2003-11-18,14.1992
2003-11-17,14.2267
2003-11-14,14.2399
2003-11-13,14.2506
2003-11-12,14.243
2003-11-11,14.2296
2003-11-10,14.2265
2003-11-07,14.218
2003-11-06,14.2103
2003-11-05,14.1857
2003-11-04,14.1657
2003-11-03,14.1403
2003-10-31,14.1044
2003-10-30,14.0808
2003-10-29,14.0587
2003-10-28,14.0364
2003-10-27,14.0141
2003-10-24,14.0082
2003-10-23,14.0017
2003-10-22,13.9929
2003-10-21,13.9931
2003-10-20,13.9723
2003-10-17,13.9487
2003-10-16,13.9232
2003-10-15,13.8817
2003-10-14,13.8375
2003-10-13,13.7848
2003-10-10,13.7353
2003-10-09,13.704
2003-10-08,13.6694
2003-10-07,13.635
2003-10-06,13.5948
2003-10-03,13.5593
2003-10-02,13.5266
2003-10-01,13.5017
2003-09-30,13.4768
2003-09-29,13.4849
2003-09-26,13.4844
2003-09-25,13.4989
2003-09-24,13.5071
2003-09-23,13.5095
2003-09-22,13.4871
2003-09-19,13.4724
2003-09-18,13.4351
2003-09-17,13.3915
2003-09-16,13.3776
2003-09-15,13.3645
2003-09-12,13.3665
2003-09-11,13.3688
2003-09-10,13.3735
2003-09-09,13.3848
2003-09-08,13.374
2003-09-05,13.355
2003-09-04,13.3478
2003-09-03,13.3331
2003-09-02,13.3109
2003-08-29,13.289
2003-08-28,13.2898
2003-08-27,13.2972
2003-08-26,13.3115
2003-08-25,13.3217
2003-08-22,13.3359
2003-08-21,13.3564
2003-08-20,13.3521
2003-08-19,13.3473
2003-08-18,13.3387
2003-08-15,13.3275
2003-08-14,13.3168
2003-08-13,13.3039
2003-08-12,13.3029
2003-08-11,13.2913
2003-08-08,13.295
2003-08-07,13.2963
2003-08-06,13.3045
2003-08-05,13.3201
2003-08-04,13.3561
2003-08-01,13.3732
2003-07-31,13.3939
2003-07-30,13.3891
2003-07-29,13.3821
2003-07-28,13.3749
2003-07-25,13.3516
2003-07-24,13.3202
2003-07-23,13.3187
2003-07-22,13.311
2003-07-21,13.298
2003-07-18,13.2974
2003-07-17,13.2803
2003-07-16,13.2784
2003-07-15,13.2526
2003-07-14,13.2169
2003-07-11,13.1697
2003-07-10,13.1441
2003-07-09,13.1351
2003-07-08,13.1047
2003-07-07,13.0689
2003-07-03,13.0387
2003-07-02,13.0291
2003-07-01,13.0118
2003-06-30,13.0099
2003-06-27,13.0238
2003-06-26,13.0341
2003-06-25,13.0339
2003-06-24,13.0454
2003-06-23,13.0492
2003-06-20,13.0611
2003-06-19,13.0527
2003-06-18,13.0476
2003-06-17,13.0085
2003-06-16,12.9515
2003-06-13,12.888
2003-06-12,12.8519
2003-06-11,12.807
2003-06-10,12.7546
2003-06-09,12.7176
2003-06-06,12.6883
2003-06-05,12.6268
2003-06-04,12.5576
2003-06-03,12.49
2003-06-02,12.4351
2003-05-30,12.382
2003-05-29,12.3355
2003-05-28,12.311
2003-05-27,12.2696
2003-05-23,12.2399
2003-05-22,12.2306
2003-05-21,12.2253
2003-05-20,12.2233
2003-05-19,12.2238
2003-05-16,12.2254
2003-05-15,12.1916
2003-05-14,12.1574
2003-05-13,12.1329
2003-05-12,12.1052
2003-05-09,12.0707
2003-05-08,12.0475
2003-05-07,12.0301
2003-05-06,11.9959
2003-05-05,11.95
2003-05-02,11.9091
2003-05-01,11.8584
2003-04-30,11.8227
2003-04-29,11.7827
2003-04-28,11.7413
2003-04-25,11.6971
2003-04-24,11.6703
2003-04-23,11.6269
2003-04-22,11.552
2003-04-21,11.4786
2003-04-17,11.4359
2003-04-16,11.3843
2003-04-15,11.3492
2003-04-14,11.2935
2003-04-11,11.2527
2003-04-10,11.2319
2003-04-09,11.2083
2003-04-08,11.1921
2003-04-07,11.1572
2003-04-04,11.1186
2003-04-03,11.0803
2003-04-02,11.0501
2003-04-01,11.0113
2003-03-31,10.9991
2003-03-28,11.0158
2003-03-27,11.0069
2003-03-26,10.9959
2003-03-25,10.9766
2003-03-24,10.9498
2003-03-21,10.9289
2003-03-20,10.8635
2003-03-19,10.8212
2003-03-18,10.7761
2003-03-17,10.7432
2003-03-14,10.7134
2003-03-13,10.7149
2003-03-12,10.7215
2003-03-11,10.7748
2003-03-10,10.8353
2003-03-07,10.8841
2003-03-06,10.8971
2003-03-05,10.9212
2003-03-04,10.932
2003-03-03,10.9599
2003-02-28,10.9742
2003-02-27,10.9775
2003-02-26,10.9866
2003-02-25,11.013
2003-02-24,11.0291
2003-02-21,11.0579
2003-02-20,11.059
2003-02-19,11.0772
2003-02-18,11.0864
2003-02-14,11.0938
2003-02-13,11.12
2003-02-12,11.1742
2003-02-11,11.2423
2003-02-10,11.3033
2003-02-07,11.3549
2003-02-06,11.4196
2003-02-05,11.4834
2003-02-04,11.5403
2003-02-03,11.5922
2003-01-31,11.6211
2003-01-30,11.6558
2003-01-29,11.7171
2003-01-28,11.757
2003-01-27,11.8011
2003-01-24,11.8668
2003-01-23,11.9213
2003-01-22,11.934
2003-01-21,11.9666
2003-01-17,11.9829
2003-01-16,11.9802
2003-01-15,11.9733
2003-01-14,11.9532
2003-01-13,11.9117
2003-01-10,11.8758
2003-01-09,11.8399
2003-01-08,11.7996
2003-01-07,11.7803
2003-01-06,11.7459
2003-01-03,11.6936
2003-01-02,11.6779
2002-12-31,11.6594
2002-12-30,11.6828
2002-12-27,11.7043
2002-12-26,11.7369
2002-12-24,11.7504
2002-12-23,11.7614
2002-12-20,11.7628
2002-12-19,11.7615
2002-12-18,11.7863
2002-12-17,11.803
2002-12-16,11.7979
2002-12-13,11.7864
2002-12-12,11.8084
2002-12-11,11.8187
2002-12-10,11.8245
2002-12-09,11.8321
2002-12-06,11.859
2002-12-05,11.8647
2002-12-04,11.8809
2002-12-03,11.877
2002-12-02,11.8727
2002-11-29,11.8494
2002-11-27,11.8237
2002-11-26,11.7844
2002-11-25,11.7796
2002-11-22,11.7395
2002-11-21,11.693
2002-11-20,11.6329
2002-11-19,11.5963
2002-11-18,11.5869
2002-11-15,11.5771
2002-11-14,11.5445
2002-11-13,11.5199
2002-11-12,11.5291
2002-11-11,11.5334
2002-11-08,11.5505
2002-11-07,11.5565
2002-11-06,11.5565
2002-11-05,11.5109
2002-11-04,11.4631
2002-11-01,11.4147
2002-10-31,11.3715
2002-10-30,11.3412
2002-10-29,11.2979
2002-10-28,11.2636
2002-10-25,11.2122
2002-10-24,11.152
2002-10-23,11.116
2002-10-22,11.0539
2002-10-21,10.9858
2002-10-18,10.8991
2002-10-17,10.8234
2002-10-16,10.7387
2002-10-15,10.6803
2002-10-14,10.5941
2002-10-11,10.5799
2002-10-10,10.5724
2002-10-09,10.62
2002-10-08,10.7261
2002-10-07,10.7986
2002-10-04,10.918
2002-10-03,11.0167
2002-10-02,11.096
2002-10-01,11.1384
2002-09-30,11.1385
2002-09-27,11.1864
2002-09-26,11.2405
2002-09-25,11.2644
2002-09-24,11.3235
2002-09-23,11.4105
2002-09-20,11.485
2002-09-19,11.5678
2002-09-18,11.654
2002-09-17,11.7088
2002-09-16,11.7595
2002-09-13,11.7897
2002-09-12,11.8203
2002-09-11,11.8633
2002-09-10,11.8762
2002-09-09,11.8835
2002-09-06,11.8839
2002-09-05,11.9039
2002-09-04,11.9444
2002-09-03,11.9707
2002-08-30,12.0225
2002-08-29,12.0176
2002-08-28,12.0148
2002-08-27,12.0128
2002-08-26,11.9896
2002-08-23,11.9519
2002-08-22,11.9293
2002-08-21,11.8766
2002-08-20,11.8336
2002-08-19,11.7888
2002-08-16,11.7213
2002-08-15,11.6793
2002-08-14,11.6236
2002-08-13,11.5777
2002-08-12,11.5757
2002-08-09,11.5438
2002-08-08,11.4944
2002-08-07,11.4506
2002-08-06,11.4645
2002-08-05,11.4949
2002-08-02,11.566
2002-08-01,11.5979
2002-07-31,11.6024
2002-07-30,11.5765
2002-07-29,11.5668
2002-07-26,11.5588
2002-07-25,11.6267
2002-07-24,11.736
2002-07-23,11.8486
2002-07-22,12.0369
2002-07-19,12.1812
2002-07-18,12.3011
2002-07-17,12.4083
2002-07-16,12.484
2002-07-15,12.5601
2002-07-12,12.6188
2002-07-11,12.6836
2002-07-10,12.7364
2002-07-09,12.812
2002-07-08,12.8539
2002-07-05,12.865
2002-07-03,12.8703
2002-07-02,12.9259
2002-07-01,12.9728
2002-06-28,13.0062
2002-06-27,13.0149
2002-06-26,13.0419
2002-06-25,13.0999
2002-06-24,13.1386
2002-06-21,13.1683
2002-06-20,13.205
2002-06-19,13.2306
2002-06-18,13.2308
2002-06-17,13.2175
2002-06-14,13.2056
2002-06-13,13.2527
2002-06-12,13.3172
2002-06-11,13.3567
2002-06-10,13.4079
2002-06-07,13.4403
2002-06-06,13.4835
2002-06-05,13.5357
2002-06-04,13.5632
2002-06-03,13.607
2002-05-31,13.6463
2002-05-30,13.6618
2002-05-29,13.6793
2002-05-28,13.6929
2002-05-24,13.7073
2002-05-23,13.7081
2002-05-22,13.6993
2002-05-21,13.7052
2002-05-20,13.7145
2002-05-17,13.7112
2002-05-16,13.6823
2002-05-15,13.6568
2002-05-14,13.6458
2002-05-13,13.6267
2002-05-10,13.6277
2002-05-09,13.6541
2002-05-08,13.6649
2002-05-07,13.6597
2002-05-06,13.6954
2002-05-03,13.7284
2002-05-02,13.7314
2002-05-01,13.7273
2002-04-30,13.7372
2002-04-29,13.7579
2002-04-26,13.7974
2002-04-25,13.8288
2002-04-24,13.858
2002-04-23,13.8769
2002-04-22,13.8885
2002-04-19,13.8944
2002-04-18,13.881
2002-04-17,13.8689
2002-04-16,13.8501
2002-04-15,13.8331
2002-04-12,13.844
2002-04-11,13.8371
2002-04-10,13.8479
2002-04-09,13.8231
2002-04-08,13.8011
2002-04-05,13.786
2002-04-04,13.7735
2002-04-03,13.7668
2002-04-02,13.7723
2002-04-01,13.7568
2002-03-28,13.745
2002-03-27,13.7294
2002-03-26,13.7013
2002-03-25,13.6891
2002-03-22,13.6934
2002-03-21,13.675
2002-03-20,13.6541
2002-03-19,13.6316
2002-03-18,13.5835
2002-03-15,13.5298
2002-03-14,13.4673
2002-03-13,13.4287
2002-03-12,13.3898
2002-03-11,13.3335
2002-03-08,13.2717
2002-03-07,13.212
2002-03-06,13.1525
2002-03-05,13.0738
2002-03-04,13.011
2002-03-01,12.9426
2002-02-28,12.9144
2002-02-27,12.9019
2002-02-26,12.8924
2002-02-25,12.8959
2002-02-22,12.8987
2002-02-21,12.9356
2002-02-20,12.9683
2002-02-19,12.9889
2002-02-15,13.0363
2002-02-14,13.0517
2002-02-13,13.0473
2002-02-12,13.0397
2002-02-11,13.0587
2002-02-08,13.0641
2002-02-07,13.0819
2002-02-06,13.1364
2002-02-05,13.2091
2002-02-04,13.2706
2002-02-01,13.3386
2002-01-31,13.3638
2002-01-30,13.3745
2002-01-29,13.4094
2002-01-28,13.4651
2002-01-25,13.465
2002-01-24,13.4504
2002-01-23,13.4433
2002-01-22,13.4371
2002-01-18,13.4367
2002-01-17,13.4315
2002-01-16,13.4203
2002-01-15,13.4213
2002-01-14,13.4048
2002-01-11,13.4171
2002-01-10,13.42
2002-01-09,13.4151
2002-01-08,13.4043
2002-01-07,13.3999
2002-01-04,13.3752
2002-01-03,13.3442
2002-01-02,13.3286
2001-12-31,13.3211
2001-12-28,13.3112
2001-12-27,13.2868
2001-12-26,13.2749
2001-12-24,13.2606
2001-12-21,13.2513
2001-12-20,13.24
2001-12-19,13.2175
2001-12-18,13.1869
2001-12-17,13.1802
2001-12-14,13.1858
2001-12-13,13.2105
2001-12-12,13.2305
2001-12-11,13.2306
2001-12-10,13.2253
2001-12-07,13.2276
2001-12-06,13.2076
2001-12-05,13.1759
2001-12-04,13.159
2001-12-03,13.1596
2001-11-30,13.179
2001-11-29,13.1811
2001-11-28,13.1691
2001-11-27,13.1707
2001-11-26,13.1298
2001-11-23,13.0878
2001-11-21,13.0488
2001-11-20,13.0271
2001-11-19,12.9908
2001-11-16,12.9427
2001-11-15,12.9179
2001-11-14,12.8835
2001-11-13,12.8369
2001-11-12,12.7827
2001-11-09,12.7597
2001-11-08,12.7279
2001-11-07,12.6837
2001-11-06,12.6391
2001-11-05,12.5951
2001-11-02,12.5631
2001-11-01,12.5565
2001-10-31,12.5562
2001-10-30,12.5773
2001-10-29,12.5889
2001-10-26,12.5989
2001-10-25,12.562
2001-10-24,12.5366
2001-10-23,12.5262
2001-10-22,12.5099
2001-10-19,12.4951
2001-10-18,12.5103
2001-10-17,12.5057
2001-10-16,12.499
2001-10-15,12.4782
2001-10-12,12.4766
2001-10-11,12.4808
2001-10-10,12.4645
2001-10-09,12.4674
2001-10-08,12.4909
2001-10-05,12.5275
2001-10-04,12.5386
2001-10-03,12.514
2001-10-02,12.4761
2001-10-01,12.4556
2001-09-28,12.4511
2001-09-27,12.4424
2001-09-26,12.4675
2001-09-25,12.5161
2001-09-24,12.5822
2001-09-21,12.675
2001-09-20,12.8384
2001-09-19,13.0004
2001-09-18,13.1247
2001-09-17,13.2529
2001-09-10,13.3787
2001-09-07,13.4592
2001-09-06,13.5508
2001-09-05,13.6255
2001-09-04,13.6761
2001-08-31,13.7235
2001-08-30,13.7701
2001-08-29,13.8258
2001-08-28,13.8778
2001-08-27,13.9225
2001-08-24,13.949
2001-08-23,13.9639
2001-08-22,13.9842
2001-08-21,14.0071
2001-08-20,14.0387
2001-08-17,14.0557
2001-08-16,14.0888
2001-08-15,14.1035
2001-08-14,14.1155
2001-08-13,14.123
2001-08-10,14.1318
2001-08-09,14.1399
2001-08-08,14.1499
2001-08-07,14.1679
2001-08-06,14.1574
2001-08-03,14.1618
2001-08-02,14.1449
2001-08-01,14.1326
2001-07-31,14.1168
2001-07-30,14.1058
2001-07-27,14.1101
2001-07-26,14.11
2001-07-25,14.1185
2001-07-24,14.1396
2001-07-23,14.174
2001-07-20,14.1929
2001-07-19,14.2059
2001-07-18,14.2133
2001-07-17,14.2113
2001-07-16,14.2007
2001-07-13,14.2192
2001-07-12,14.2184
2001-07-11,14.2351
2001-07-10,14.2791
2001-07-09,14.325
2001-07-06,14.3396
2001-07-05,14.3606
2001-07-03,14.3528
2001-07-02,14.3347
2001-06-29,14.3136
2001-06-28,14.3089
2001-06-27,14.2936
2001-06-26,14.2964
2001-06-25,14.3
2001-06-22,14.2849
2001-06-21,14.2559
2001-06-20,14.2036
2001-06-19,14.2059
2001-06-18,14.2165
2001-06-15,14.2415
2001-06-14,14.2729
2001-06-13,14.315
2001-06-12,14.3356
2001-06-11,14.3462
2001-06-08,14.3627
2001-06-07,14.3665
2001-06-06,14.3618
2001-06-05,14.3465
2001-06-04,14.3179
2001-06-01,14.2932
2001-05-31,14.2781
2001-05-30,14.2588
2001-05-29,14.2506
2001-05-25,14.2289
2001-05-24,14.206
2001-05-23,14.16
2001-05-22,14.1149
2001-05-21,14.0588
2001-05-18,14.0121
2001-05-17,13.9817
2001-05-16,13.9397
2001-05-15,13.8852
2001-05-14,13.8648
2001-05-11,13.8513
2001-05-10,13.8485
2001-05-09,13.8317
2001-05-08,13.8136
2001-05-07,13.792
2001-05-04,13.7528
2001-05-03,13.6999
2001-05-02,13.6595
2001-05-01,13.6153
2001-04-30,13.5781
2001-04-27,13.5493
2001-04-26,13.4935
2001-04-25,13.4631
2001-04-24,13.4354
2001-04-23,13.4202
2001-04-20,13.3959
2001-04-19,13.351
2001-04-18,13.276
2001-04-17,13.201
2001-04-16,13.1775
2001-04-12,13.1632
2001-04-11,13.1373
2001-04-10,13.1193
2001-04-09,13.111
2001-04-06,13.1411
2001-04-05,13.1739
2001-04-04,13.1794
2001-04-03,13.2342
2001-04-02,13.2614
2001-03-30,13.2437
2001-03-29,13.2306
2001-03-28,13.2404
2001-03-27,13.2481
2001-03-26,13.2492
2001-03-23,13.2885
2001-03-22,13.3533
2001-03-21,13.4789
2001-03-20,13.5838
2001-03-19,13.6605
2001-03-16,13.7066
2001-03-15,13.7734
2001-03-14,13.8292
2001-03-13,13.9315
2001-03-12,13.979
2001-03-09,14.0686
2001-03-08,14.0962
2001-03-07,14.0924
2001-03-06,14.094
2001-03-05,14.1265
2001-03-02,14.1665
2001-03-01,14.2034
2001-02-28,14.2463
2001-02-27,14.2953
2001-02-26,14.3146
2001-02-23,14.3517
2001-02-22,14.4245
2001-02-21,14.4981
2001-02-20,14.5894
2001-02-16,14.6465
2001-02-15,14.6531
2001-02-14,14.6608
2001-02-13,14.6694
2001-02-12,14.661
2001-02-09,14.6426
2001-02-08,14.644
2001-02-07,14.6519
2001-02-06,14.6564
2001-02-05,14.6577
2001-02-02,14.6284
2001-02-01,14.6066
2001-01-31,14.5868
2001-01-30,14.567
2001-01-29,14.5255
2001-01-26,14.4935
2001-01-25,14.4591
2001-01-24,14.4269
2001-01-23,14.4056
2001-01-22,14.391
2001-01-19,14.3897
2001-01-18,14.4147
2001-01-17,14.4317
2001-01-16,14.4284
2001-01-12,14.4268
2001-01-11,14.4514
2001-01-10,14.4501
2001-01-09,14.4519
2001-01-08,14.4786
2001-01-05,14.4823
2001-01-04,14.4711
2001-01-03,14.4253
2001-01-02,14.3468
2000-12-29,14.3419
2000-12-28,14.2926
2000-12-27,14.2191
2000-12-26,14.1537
2000-12-22,14.091
2000-12-21,14.0491
2000-12-20,14.015
2000-12-19,14.0121
2000-12-18,13.9952
2000-12-15,13.9597
2000-12-14,13.9637
2000-12-13,13.962
2000-12-12,13.9164
2000-12-11,13.8665
2000-12-08,13.7935
2000-12-07,13.7249
2000-12-06,13.6923
2000-12-05,13.6594
2000-12-04,13.6162
2000-12-01,13.6279
2000-11-30,13.634
2000-11-29,13.6329
2000-11-28,13.6248
2000-11-27,13.6506
2000-11-24,13.6938
2000-11-22,13.7606
2000-11-21,13.8444
2000-11-20,13.9033
2000-11-17,13.9716
2000-11-16,14.0044
2000-11-15,14.0291
2000-11-14,14.0511
2000-11-13,14.0644
2000-11-10,14.087
2000-11-09,14.0767
2000-11-08,14.049
2000-11-07,14.0288
2000-11-06,13.9798
2000-11-03,13.9203
2000-11-02,13.875
2000-11-01,13.8208
2000-10-31,13.7683
2000-10-30,13.7039
2000-10-27,13.6448
2000-10-26,13.6322
2000-10-25,13.6645
2000-10-24,13.6534
2000-10-23,13.6491
2000-10-20,13.6801
2000-10-19,13.6901
2000-10-18,13.707
2000-10-17,13.7899
2000-10-16,13.8657
2000-10-13,13.911
2000-10-12,13.9733
2000-10-11,14.1116
2000-10-10,14.1818
2000-10-09,14.262
2000-10-06,14.3085
2000-10-05,14.3373
2000-10-04,14.3049
2000-10-03,14.2839
2000-10-02,14.2406
2000-09-29,14.1911
2000-09-28,14.1581
2000-09-27,14.1168
2000-09-26,14.1086
2000-09-25,14.1006
2000-09-22,14.0817
2000-09-21,14.085
2000-09-20,14.1166
2000-09-19,14.1347
2000-09-18,14.1336
2000-09-15,14.1635
2000-09-14,14.1465
2000-09-13,14.1029
2000-09-12,14.049
2000-09-11,13.9794
2000-09-08,13.8998
2000-09-07,13.8424
2000-09-06,13.8125
2000-09-05,13.7673
2000-09-01,13.729
2000-08-31,13.7045
2000-08-30,13.6527
2000-08-29,13.6332
2000-08-28,13.6249
2000-08-25,13.6009
2000-08-24,13.6012
2000-08-23,13.5821
2000-08-22,13.5584
2000-08-21,13.5133
2000-08-18,13.4792
2000-08-17,13.453
2000-08-16,13.4136
2000-08-15,13.3774
2000-08-14,13.3316
2000-08-11,13.2537
2000-08-10,13.1865
2000-08-09,13.1343
2000-08-08,13.0687
2000-08-07,12.9862
2000-08-04,12.895
2000-08-03,12.7984
2000-08-02,12.7457
2000-08-01,12.7237
2000-07-31,12.6973
2000-07-28,12.6776
2000-07-27,12.6783
2000-07-26,12.6497
2000-07-25,12.6223
2000-07-24,12.5852
2000-07-21,12.5469
2000-07-20,12.5128
2000-07-19,12.471
2000-07-18,12.4584
2000-07-17,12.4398
2000-07-14,12.4213
2000-07-13,12.3756
2000-07-12,12.3472
2000-07-11,12.3027
2000-07-10,12.2723
2000-07-07,12.2451
2000-07-06,12.2187
2000-07-05,12.2115
2000-07-03,12.2136
2000-06-30,12.2295
2000-06-29,12.2703
2000-06-28,12.2843
2000-06-27,12.2987
2000-06-26,12.3047
2000-06-23,12.324
2000-06-22,12.3646
2000-06-21,12.4007
2000-06-20,12.4395
2000-06-19,12.4729
2000-06-16,12.493
2000-06-15,12.5483
2000-06-14,12.5476
2000-06-13,12.5149
2000-06-12,12.5018
2000-06-09,12.4857
2000-06-08,12.4795
2000-06-07,12.4496
2000-06-06,12.3935
2000-06-05,12.3514
2000-06-02,12.2745
2000-06-01,12.1576
2000-05-31,12.0839
2000-05-30,12.0458
2000-05-26,12.0194
2000-05-25,12.0164
2000-05-24,12.0083
2000-05-23,11.9664
2000-05-22,11.9364
2000-05-19,11.9115
2000-05-18,11.9003
2000-05-17,11.8648
2000-05-16,11.8423
2000-05-15,11.7956
2000-05-12,11.736
2000-05-11,11.7262
2000-05-10,11.7289
2000-05-09,11.7679
2000-05-08,11.7787
2000-05-05,11.7869
2000-05-04,11.8201
2000-05-03,11.8646
2000-05-02,11.8949
2000-05-01,11.9065
2000-04-28,11.9073
2000-04-27,11.8793
2000-04-26,11.8746
2000-04-25,11.8433
2000-04-24,11.7825
2000-04-20,11.7545
2000-04-19,11.7529
2000-04-18,11.7741
2000-04-17,11.7813
2000-04-14,11.8363
2000-04-13,11.9071
2000-04-12,11.8818
2000-04-11,11.8193
2000-04-10,11.7643
2000-04-07,11.7114
2000-04-06,11.6891
2000-04-05,11.6382
2000-04-04,11.596
2000-04-03,11.5396
2000-03-31,11.4238
2000-03-30,11.357
2000-03-29,11.2915
2000-03-28,11.2218
2000-03-27,11.1348
2000-03-24,11.0486
2000-03-23,10.9104
2000-03-22,10.7729
2000-03-21,10.6637
2000-03-20,10.5541
2000-03-17,10.4763
2000-03-16,10.3673
2000-03-15,10.2481
2000-03-14,10.2112
2000-03-13,10.2351
2000-03-10,10.2573
2000-03-09,10.2922
2000-03-08,10.3345
2000-03-07,10.3864
2000-03-06,10.4319
2000-03-03,10.4498
2000-03-02,10.4586
2000-03-01,10.4783
2000-02-29,10.4932
2000-02-28,10.5249
2000-02-25,10.5671
2000-02-24,10.6472
2000-02-23,10.7289
2000-02-22,10.7974
2000-02-18,10.8689
2000-02-17,10.9578
2000-02-16,11.017
2000-02-15,11.0683
2000-02-14,11.1016
2000-02-11,11.14
2000-02-10,11.1923
2000-02-09,11.2527
2000-02-08,11.2877
2000-02-07,11.2988
2000-02-04,11.324
2000-02-03,11.3394
2000-02-02,11.3445
2000-02-01,11.3428
2000-01-31,11.3283
2000-01-28,11.3192
2000-01-27,11.3414
2000-01-26,11.3237
2000-01-25,11.3172
2000-01-24,11.3533
2000-01-21,11.4051
2000-01-20,11.4415
2000-01-19,11.4667
2000-01-18,11.4726
2000-01-14,11.475
2000-01-13,11.4365
2000-01-12,11.4221
2000-01-11,11.4421
2000-01-10,11.4871
2000-01-07,11.517
2000-01-06,11.5293
2000-01-05,11.5622
2000-01-04,11.6386
2000-01-03,11.7236
1999-12-31,11.7654
1999-12-30,11.7653
1999-12-29,11.7662
1999-12-28,11.7729
1999-12-27,11.7923
1999-12-23,11.8091
1999-12-22,11.8177
1999-12-21,11.847
1999-12-20,11.8794
1999-12-17,11.9377
1999-12-16,11.9927
1999-12-15,12.0625
1999-12-14,12.1131
1999-12-13,12.1655
1999-12-10,12.1933
1999-12-09,12.2094
1999-12-08,12.2496
1999-12-07,12.3117
1999-12-06,12.3502
1999-12-03,12.3901
1999-12-02,12.3995
1999-12-01,12.4399
1999-11-30,12.4904
1999-11-29,12.5362
