date,SMA
2024-10-04,220.5705
2024-10-03,219.4838
2024-10-02,218.792
2024-10-01,218.1622
2024-09-30,217.6409
2024-09-27,217.3497
2024-09-26,216.9472
2024-09-25,216.5376
2024-09-24,216.4296
2024-09-23,216.2868
2024-09-20,216.3603
2024-09-19,216.2535
2024-09-18,216.3513
2024-09-17,216.7051
2024-09-16,216.9986
2024-09-13,217.0885
2024-09-12,217.1179
2024-09-11,216.8938
2024-09-10,216.7012
2024-09-09,216.5489
2024-09-06,216.4676
2024-09-05,216.507
2024-09-04,215.9076
2024-09-03,215.4544
2024-08-30,214.84
2024-08-29,214.0609
2024-08-28,213.7215
2024-08-27,213.6906
2024-08-26,213.0627
2024-08-23,212.7717
2024-08-22,212.3884
2024-08-21,212.048
2024-08-20,211.5639
2024-08-19,211.6108
2024-08-16,211.6632
2024-08-15,211.6367
2024-08-14,211.8039
2024-08-13,212.2786
2024-08-12,213.2648
2024-08-09,214.6079
2024-08-08,216.0139
2024-08-07,217.3625
2024-08-06,219.3759
2024-08-05,221.0573
2024-08-02,222.8826
2024-08-01,224.288
2024-07-31,225.3626
2024-07-30,225.8757
2024-07-29,226.7756
2024-07-26,227.3201
2024-07-25,227.8227
2024-07-24,228.4551
2024-07-23,228.9851
2024-07-22,228.8464
2024-07-19,228.9412
2024-07-18,229.317
2024-07-17,229.6471
2024-07-16,229.9638
2024-07-15,229.6554
2024-07-12,229.2658
2024-07-11,228.8084
2024-07-10,228.2117
2024-07-09,227.1178
2024-07-08,226.1661
2024-07-05,225.1801
2024-07-03,224.3093
2024-07-02,223.2402
2024-07-01,222.3035
2024-06-28,221.3973
2024-06-27,220.5599
2024-06-26,219.9607
2024-06-25,219.4353
2024-06-24,218.8515
2024-06-21,218.3817
2024-06-20,217.7206
2024-06-18,217.0156
2024-06-17,216.1637
2024-06-14,215.2021
2024-06-13,214.4359
2024-06-12,213.7489
2024-06-11,212.9168
2024-06-10,212.2363
2024-06-07,211.7077
2024-06-06,211.1686
2024-06-05,210.6575
2024-06-04,210.0815
2024-06-03,209.7727
2024-05-31,209.3671
2024-05-30,208.7145
2024-05-29,207.9387
2024-05-28,207.0191
2024-05-24,206.2513
2024-05-23,205.4861
2024-05-22,204.6994
2024-05-21,203.847
2024-05-20,202.9736
2024-05-17,201.9742
2024-05-16,201.0132
2024-05-15,200.2305
2024-05-14,199.524
2024-05-13,199.1962
2024-05-10,198.9476
2024-05-09,198.9416
2024-05-08,199.1419
2024-05-07,199.1354
2024-05-06,199.2844
2024-05-03,199.3481
2024-05-02,199.5424
2024-05-01,199.8937
2024-04-30,200.5478
2024-04-29,201.0744
2024-04-26,201.481
2024-04-25,201.9015
2024-04-24,202.4555
2024-04-23,202.9352
2024-04-22,203.5027
2024-04-19,204.2829
2024-04-18,205.1453
2024-04-17,205.7984
2024-04-16,206.2229
2024-04-15,206.4491
2024-04-12,206.6371
2024-04-11,206.7874
2024-04-10,206.7673
2024-04-09,207.0644
2024-04-08,207.0241
2024-04-05,207.0639
2024-04-04,207.2475
2024-04-03,207.385
2024-04-02,207.278
2024-04-01,207.4561
2024-03-28,207.534
2024-03-27,207.4528
2024-03-26,207.2358
2024-03-25,207.1198
2024-03-22,206.9521
2024-03-21,206.7051
2024-03-20,206.4855
2024-03-19,205.9491
2024-03-18,205.5909
2024-03-15,205.3885
2024-03-14,205.3298
2024-03-13,205.1358
2024-03-12,204.8384
2024-03-11,204.6016
2024-03-08,204.6544
2024-03-07,204.5414
2024-03-06,204.241
2024-03-05,203.9704
2024-03-04,203.8272
2024-03-01,203.4034
2024-02-29,202.8767
2024-02-28,202.4141
2024-02-27,202.2758
2024-02-26,202.1729
2024-02-23,201.9869
2024-02-22,201.9277
2024-02-21,201.8023
2024-02-20,201.9321
2024-02-16,201.959
2024-02-15,201.8396
2024-02-14,201.4024
2024-02-13,200.7503
2024-02-12,200.251
2024-02-09,199.5536
2024-02-08,198.7468
2024-02-07,198.0291
2024-02-06,197.2631
2024-02-05,196.615
2024-02-02,195.6909
2024-02-01,194.7921
2024-01-31,194.0639
2024-01-30,193.5546
2024-01-29,193.0851
2024-01-26,192.5613
2024-01-25,192.1181
2024-01-24,191.5586
2024-01-23,191.0015
2024-01-22,190.5011
2024-01-19,189.9351
2024-01-18,189.5576
2024-01-17,189.3681
2024-01-16,189.3436
2024-01-12,189.2243
2024-01-11,189.1522
2024-01-10,189.0281
2024-01-09,188.8901
2024-01-08,188.7514
2024-01-05,188.5491
2024-01-04,188.4665
2024-01-03,188.4588
2024-01-02,188.3289
2023-12-29,188.2161
2023-12-28,187.8318
2023-12-27,187.4047
2023-12-26,186.9822
2023-12-22,186.5417
2023-12-21,186.1416
2023-12-20,185.7718
2023-12-19,185.4672
2023-12-18,185.0923
2023-12-15,184.6222
2023-12-14,184.1994
2023-12-13,183.779
2023-12-12,183.3239
2023-12-11,182.7745
2023-12-08,182.3392
2023-12-07,181.7581
2023-12-06,181.296
2023-12-05,180.895
2023-12-04,180.3228
2023-12-01,179.749
2023-11-30,178.9763
2023-11-29,178.084
2023-11-28,177.0477
2023-11-27,175.9608
2023-11-24,174.8054
2023-11-22,173.6034
2023-11-21,172.5383
2023-11-20,171.6107
2023-11-17,170.5526
2023-11-16,169.6166
2023-11-15,168.8017
2023-11-14,168.0796
2023-11-13,167.4552
2023-11-10,167.0473
2023-11-09,166.5068
2023-11-08,166.3147
2023-11-07,166.074
2023-11-06,165.8045
2023-11-03,165.6159
2023-11-02,165.4403
2023-11-01,165.1981
2023-10-31,165.0854
2023-10-30,165.0293
2023-10-27,165.1703
2023-10-26,165.3097
2023-10-25,165.4675
2023-10-24,165.4134
2023-10-23,165.2502
2023-10-20,165.2904
2023-10-19,165.3137
2023-10-18,165.1797
2023-10-17,165.1241
2023-10-16,165.1142
2023-10-13,165.0695
2023-10-12,165.0651
2023-10-11,165.1031
2023-10-10,165.0875
2023-10-09,165.1286
2023-10-06,165.3386
2023-10-05,165.5472
2023-10-04,165.8913
2023-10-03,166.3717
2023-10-02,167.0454
2023-09-29,167.5484
2023-09-28,168.1121
2023-09-27,168.6614
2023-09-26,169.203
2023-09-25,169.5881
2023-09-22,169.7574
2023-09-21,169.8688
2023-09-20,170.1928
2023-09-19,170.2406
2023-09-18,170.1658
2023-09-15,169.9305
2023-09-14,169.723
2023-09-13,169.4299
2023-09-12,169.2773
2023-09-11,169.2288
2023-09-08,168.8925
2023-09-07,168.6622
2023-09-06,168.4488
2023-09-05,168.219
2023-09-01,167.9619
2023-08-31,167.7123
2023-08-30,167.6064
2023-08-29,167.5776
2023-08-28,167.8327
2023-08-25,168.2418
2023-08-24,168.6989
2023-08-23,169.1218
2023-08-22,169.3749
2023-08-21,169.8969
2023-08-18,170.3094
2023-08-17,170.8626
2023-08-16,171.4326
2023-08-15,172.1022
2023-08-14,172.7148
2023-08-11,173.1447
2023-08-10,173.5949
2023-08-09,173.9965
2023-08-08,174.2867
2023-08-07,174.3714
2023-08-04,174.3724
2023-08-03,174.3749
2023-08-02,174.2976
2023-08-01,174.208
2023-07-31,173.9524
2023-07-28,173.7301
2023-07-27,173.3933
2023-07-26,173.16
2023-07-25,172.8966
2023-07-24,172.3508
2023-07-21,171.965
2023-07-20,171.6862
2023-07-19,171.3346
2023-07-18,170.9309
2023-07-17,170.5628
2023-07-14,170.3658
2023-07-13,170.1706
2023-07-12,169.8755
2023-07-11,169.6419
2023-07-10,169.3265
2023-07-07,168.9888
2023-07-06,168.586
2023-07-05,168.2686
2023-07-03,167.9305
2023-06-30,167.5867
2023-06-29,167.1777
2023-06-28,166.8209
2023-06-27,166.5471
2023-06-26,166.2348
2023-06-23,165.861
2023-06-22,165.1348
2023-06-21,164.3732
2023-06-20,163.7952
2023-06-16,163.0765
2023-06-15,162.3036
2023-06-14,161.3033
2023-06-13,160.3125
2023-06-12,159.4007
2023-06-09,158.478
2023-06-08,157.7436
2023-06-07,157.0833
2023-06-06,156.4201
2023-06-05,155.6917
2023-06-02,154.9652
2023-06-01,154.0084
2023-05-31,153.1337
2023-05-30,152.4037
2023-05-26,151.6753
2023-05-25,150.9858
2023-05-24,150.4412
2023-05-23,150.036
2023-05-22,149.4686
2023-05-19,148.9413
2023-05-18,148.461
2023-05-17,148.0008
2023-05-16,147.7453
2023-05-15,147.6114
2023-05-12,147.4627
2023-05-11,147.349
2023-05-10,147.2665
2023-05-09,147.0154
2023-05-08,146.8963
2023-05-05,146.7891
2023-05-04,146.6818
2023-05-03,146.7159
2023-05-02,146.7994
2023-05-01,146.8617
2023-04-28,146.8662
2023-04-27,146.7698
2023-04-26,146.669
2023-04-25,146.5721
2023-04-24,146.6146
2023-04-21,146.5578
2023-04-20,146.45
2023-04-19,146.2034
2023-04-18,145.9796
2023-04-17,145.6771
2023-04-14,145.3784
2023-04-13,145.1162
2023-04-12,144.6197
2023-04-11,144.2542
2023-04-10,143.6918
2023-04-06,143.0237
2023-04-05,142.4716
2023-04-04,142.06
2023-04-03,141.5073
2023-03-31,140.9998
2023-03-30,140.4474
2023-03-29,139.8548
2023-03-28,139.2643
2023-03-27,138.8725
2023-03-24,138.4618
2023-03-23,137.9593
2023-03-22,137.5973
2023-03-21,137.2391
2023-03-20,136.8195
2023-03-17,136.621
2023-03-16,136.5288
2023-03-15,136.55
2023-03-14,136.7315
2023-03-13,136.8868
2023-03-10,137.0776
2023-03-09,137.337
2023-03-08,137.515
2023-03-07,137.6792
2023-03-06,137.7276
2023-03-03,137.7749
2023-03-02,137.914
2023-03-01,138.0111
2023-02-28,138.0328
2023-02-27,137.913
2023-02-24,137.9071
2023-02-23,137.909
2023-02-22,137.6837
2023-02-21,137.5836
2023-02-17,137.4766
2023-02-16,137.0584
2023-02-15,136.3823
2023-02-14,135.6575
2023-02-13,135.0489
2023-02-10,134.4414
2023-02-09,133.9355
2023-02-08,133.3501
2023-02-07,132.6179
2023-02-06,131.7618
2023-02-03,131.0068
2023-02-02,129.9915
2023-02-01,129.0358
2023-01-31,128.2518
2023-01-30,127.6837
2023-01-27,127.2162
2023-01-26,126.4632
2023-01-25,125.8365
2023-01-24,125.3734
2023-01-23,124.8902
2023-01-20,124.5627
2023-01-19,124.2802
2023-01-18,124.1589
2023-01-17,124.0464
2023-01-13,123.9347
2023-01-12,124.0989
2023-01-11,124.3375
2023-01-10,124.5456
2023-01-09,124.7217
2023-01-06,124.976
2023-01-05,125.1976
2023-01-04,125.6267
2023-01-03,126.0775
2022-12-30,126.6548
2022-12-29,127.2128
2022-12-28,127.753
2022-12-27,128.1304
2022-12-23,128.4727
2022-12-22,128.8973
2022-12-21,129.3668
2022-12-20,129.6194
2022-12-19,129.8502
2022-12-16,130.1602
2022-12-15,130.3795
2022-12-14,130.5063
2022-12-13,130.4763
2022-12-12,130.3116
2022-12-09,130.2806
2022-12-08,130.2802
2022-12-07,129.7511
2022-12-06,129.4851
2022-12-05,129.1286
2022-12-02,128.5327
2022-12-01,127.7194
2022-11-30,127.0444
2022-11-29,126.594
2022-11-28,126.5158
2022-11-25,126.4588
2022-11-23,125.9956
2022-11-22,125.5644
2022-11-21,125.3318
2022-11-18,125.1051
2022-11-17,124.7241
2022-11-16,124.1911
2022-11-15,123.663
2022-11-14,123.0622
2022-11-11,122.4898
2022-11-10,121.6864
2022-11-09,121.1593
2022-11-08,120.943
2022-11-07,120.5855
2022-11-04,120.3756
2022-11-03,120.3648
2022-11-02,120.7153
2022-11-01,120.94
2022-10-31,120.9287
2022-10-28,120.6627
2022-10-27,120.1317
2022-10-26,119.9803
2022-10-25,119.9178
2022-10-24,119.6508
2022-10-21,119.4945
2022-10-20,119.465
2022-10-19,119.6754
2022-10-18,119.9527
2022-10-17,120.3117
2022-10-14,120.7581
2022-10-13,121.3283
2022-10-12,121.7676
2022-10-11,122.5344
2022-10-10,123.2601
2022-10-07,124.2592
2022-10-06,125.0505
2022-10-05,125.4568
2022-10-04,125.7893
2022-10-03,126.0389
2022-09-30,126.5339
2022-09-29,127.2956
2022-09-28,127.9756
2022-09-27,128.5615
2022-09-26,129.282
2022-09-23,130.1011
2022-09-22,131.1839
2022-09-21,132.067
2022-09-20,132.8822
2022-09-19,133.6172
2022-09-16,134.5174
2022-09-15,135.6033
2022-09-14,136.6157
2022-09-13,137.5314
2022-09-12,138.4908
2022-09-09,139.0407
2022-09-08,139.5542
2022-09-07,140.2267
2022-09-06,140.7284
2022-09-02,141.4053
2022-09-01,142.1003
2022-08-31,142.7262
2022-08-30,143.2868
2022-08-29,143.5958
2022-08-26,143.8842
2022-08-25,144.0971
2022-08-24,143.897
2022-08-23,143.7116
2022-08-22,143.2476
2022-08-19,142.8733
2022-08-18,142.3392
2022-08-17,141.7648
2022-08-16,141.1341
2022-08-15,140.3468
2022-08-12,139.3433
2022-08-11,138.4491
2022-08-10,137.5869
2022-08-09,136.6382
2022-08-08,135.8996
2022-08-05,135.1771
2022-08-04,134.483
2022-08-03,133.7694
2022-08-02,132.9566
2022-08-01,132.2758
2022-07-29,131.4665
2022-07-28,130.6278
2022-07-27,129.9804
2022-07-26,129.4246
2022-07-25,129.3467
2022-07-22,129.2044
2022-07-21,128.7924
2022-07-20,128.193
2022-07-19,127.7148
2022-07-18,127.1853
2022-07-15,126.7967
2022-07-14,126.6017
2022-07-13,126.3889
2022-07-12,126.1953
2022-07-11,126.2693
2022-07-08,126.5119
2022-07-07,126.8476
2022-07-06,127.2646
2022-07-05,127.7319
2022-07-01,128.2531
2022-06-30,129.0206
2022-06-29,129.6364
2022-06-28,130.1884
2022-06-27,130.8026
2022-06-24,130.9956
2022-06-23,130.9874
2022-06-22,131.1309
2022-06-21,131.4649
2022-06-17,131.6253
2022-06-16,131.9262
2022-06-15,132.3533
2022-06-14,132.8342
2022-06-13,133.2545
2022-06-10,133.7721
2022-06-09,133.7917
2022-06-08,133.6219
2022-06-07,133.481
2022-06-06,133.161
2022-06-03,133.1889
2022-06-02,133.273
2022-06-01,133.5397
2022-05-31,133.7251
2022-05-27,133.8778
2022-05-26,133.8758
2022-05-25,134.4013
2022-05-24,134.8059
2022-05-23,135.1845
2022-05-20,135.7305
2022-05-19,136.3186
2022-05-18,137.1225
2022-05-17,137.9796
2022-05-16,138.5334
2022-05-13,139.143
2022-05-12,139.6705
2022-05-11,140.5902
2022-05-10,141.3266
2022-05-09,141.8833
2022-05-06,142.7287
2022-05-05,143.4137
2022-05-04,144.0311
2022-05-03,144.4812
2022-05-02,145.3447
2022-04-29,146.0732
2022-04-28,146.9299
2022-04-27,147.6026
2022-04-26,148.6599
2022-04-25,149.6521
2022-04-22,150.2876
2022-04-21,151.0327
2022-04-20,151.3801
2022-04-19,151.7211
2022-04-18,151.9467
2022-04-14,152.3216
2022-04-13,152.5682
2022-04-12,152.5839
2022-04-11,152.4841
2022-04-08,152.1201
2022-04-07,151.6985
2022-04-06,151.2973
2022-04-05,151.0353
2022-04-04,150.3129
2022-04-01,149.4584
2022-03-31,149.0188
2022-03-30,148.6865
2022-03-29,148.3272
2022-03-28,147.7015
2022-03-25,147.3925
2022-03-24,147.1893
2022-03-23,146.8805
2022-03-22,146.5223
2022-03-21,146.2308
2022-03-18,146.1167
2022-03-17,146.0645
2022-03-16,146.396
2022-03-15,146.7877
2022-03-14,147.2126
2022-03-11,147.8718
2022-03-10,148.639
2022-03-09,149.4897
2022-03-08,150.0391
2022-03-07,150.7701
2022-03-04,151.5188
2022-03-03,151.9685
2022-03-02,152.5199
2022-03-01,152.9169
2022-02-28,153.4531
2022-02-25,153.645
2022-02-24,153.5
2022-02-23,153.5073
2022-02-22,153.7168
2022-02-18,153.917
2022-02-17,154.0093
2022-02-16,154.1783
2022-02-15,154.2159
2022-02-14,154.3561
2022-02-11,154.8893
2022-02-10,155.3523
2022-02-09,155.7903
2022-02-08,155.9803
2022-02-07,156.2469
2022-02-04,156.6078
2022-02-03,156.9922
2022-02-02,157.4492
2022-02-01,157.9351
2022-01-31,158.5763
2022-01-28,159.1575
2022-01-27,159.974
2022-01-26,161.1704
2022-01-25,162.3083
2022-01-24,163.5345
2022-01-21,164.4042
2022-01-20,165.2662
2022-01-19,165.8668
2022-01-18,166.1623
2022-01-14,166.4445
2022-01-13,166.5875
2022-01-12,167.0386
2022-01-11,167.0575
2022-01-10,167.2529
2022-01-07,167.6722
2022-01-06,167.9253
2022-01-05,168.1944
2022-01-04,168.3834
2022-01-03,168.028
2021-12-31,167.5052
2021-12-30,167.2
2021-12-29,166.7786
2021-12-28,166.4133
2021-12-27,166.1244
2021-12-23,165.5884
2021-12-22,165.4407
2021-12-21,165.2799
2021-12-20,165.2465
2021-12-17,165.5109
2021-12-16,165.6176
2021-12-15,165.5874
2021-12-14,165.3417
2021-12-13,165.2291
2021-12-10,164.9869
2021-12-09,164.5199
2021-12-08,164.1831
2021-12-07,163.8897
2021-12-06,163.6684
2021-12-03,163.687
2021-12-02,163.7401
2021-12-01,163.5315
2021-11-30,163.3511
2021-11-29,162.989
2021-11-26,162.5693
2021-11-24,162.3183
2021-11-23,161.7821
2021-11-22,161.3128
2021-11-19,160.8024
2021-11-18,160.1737
2021-11-17,159.6322
2021-11-16,159.1428
2021-11-15,158.65
2021-11-12,158.167
2021-11-11,157.6114
2021-11-10,157.0932
2021-11-09,156.4464
2021-11-08,155.6203
2021-11-05,154.7985
2021-11-04,154.0615
2021-11-03,153.3943
2021-11-02,152.7845
2021-11-01,152.1733
2021-10-29,151.5284
2021-10-28,151.043
2021-10-27,150.4815
2021-10-26,150.0506
2021-10-25,149.6222
2021-10-22,149.4399
2021-10-21,149.357
2021-10-20,149.242
2021-10-19,149.0558
2021-10-18,148.7463
2021-10-15,148.5099
2021-10-14,148.4754
2021-10-13,148.621
2021-10-12,148.9285
2021-10-11,149.2141
2021-10-08,149.4714
2021-10-07,149.6854
2021-10-06,149.9475
2021-10-05,150.3061
2021-10-04,150.7421
2021-10-01,151.279
2021-09-30,151.6141
2021-09-29,152.0672
2021-09-28,152.4657
2021-09-27,152.8958
2021-09-24,153.019
2021-09-23,152.9947
2021-09-22,153.0239
2021-09-21,153.1583
2021-09-20,153.4034
2021-09-17,153.5536
2021-09-16,153.4699
2021-09-15,153.194
2021-09-14,153.0262
2021-09-13,152.9877
2021-09-10,152.9055
2021-09-09,152.7848
2021-09-08,152.5455
2021-09-07,152.2759
2021-09-03,152.0307
2021-09-02,151.8118
2021-09-01,151.6298
2021-08-31,151.3982
2021-08-30,151.1535
2021-08-27,150.8202
2021-08-26,150.5964
2021-08-25,150.4509
2021-08-24,150.2227
2021-08-23,149.9994
2021-08-20,149.8383
2021-08-19,149.779
2021-08-18,149.742
2021-08-17,149.723
2021-08-16,149.5299
2021-08-13,149.1669
2021-08-12,148.9387
2021-08-11,148.8244
2021-08-10,148.8142
2021-08-09,148.7504
2021-08-06,148.6025
2021-08-05,148.4245
2021-08-04,148.1729
2021-08-03,148.0323
2021-08-02,147.8669
2021-07-30,147.7214
2021-07-29,147.4543
2021-07-28,147.1701
2021-07-27,146.9283
2021-07-26,146.6252
2021-07-23,146.1771
2021-07-22,145.7334
2021-07-21,145.3193
2021-07-20,144.9676
2021-07-19,144.6231
2021-07-16,144.3119
2021-07-15,143.9636
2021-07-14,143.4626
2021-07-13,142.9377
2021-07-12,142.5101
2021-07-09,142.0427
2021-07-08,141.5404
2021-07-07,141.0551
2021-07-06,140.4955
2021-07-02,139.9752
2021-07-01,139.4841
2021-06-30,138.9597
2021-06-29,138.5101
2021-06-28,138.0066
2021-06-25,137.5882
2021-06-24,137.2199
2021-06-23,136.8788
2021-06-22,136.5825
2021-06-21,136.2764
2021-06-18,135.9161
2021-06-17,135.666
2021-06-16,135.2274
2021-06-15,134.8457
2021-06-14,134.479
2021-06-11,134.1182
2021-06-10,133.685
2021-06-09,133.208
2021-06-08,132.9657
2021-06-07,132.7481
2021-06-04,132.7015
2021-06-03,132.5961
2021-06-02,132.5524
2021-06-01,132.4621
2021-05-28,132.5393
2021-05-27,132.6024
2021-05-26,132.7831
2021-05-25,132.9341
2021-05-24,133.1493
2021-05-21,133.3834
2021-05-20,133.6995
2021-05-19,133.8773
2021-05-18,134.261
2021-05-17,134.5985
2021-05-14,134.9448
2021-05-13,135.3003
2021-05-12,135.7995
2021-05-11,136.2658
2021-05-10,136.6208
2021-05-07,136.8913
2021-05-06,137.0244
2021-05-05,137.1492
2021-05-04,137.2434
2021-05-03,137.2862
2021-04-30,137.2361
2021-04-29,137.0312
2021-04-28,136.6028
2021-04-27,136.0676
2021-04-26,135.5285
2021-04-23,135.006
2021-04-22,134.3591
2021-04-21,133.818
2021-04-20,133.2731
2021-04-19,132.837
2021-04-16,132.2164
2021-04-15,131.557
2021-04-14,131.0758
2021-04-13,130.7176
2021-04-12,130.2375
2021-04-09,129.7542
2021-04-08,129.2839
2021-04-07,128.7449
2021-04-06,128.3283
2021-04-05,127.7397
2021-04-01,127.2736
2021-03-31,126.8277
2021-03-30,126.6501
2021-03-29,126.7353
2021-03-26,126.8636
2021-03-25,126.7543
2021-03-24,126.7714
2021-03-23,127.0128
2021-03-22,127.0787
2021-03-19,127.1226
2021-03-18,127.4352
2021-03-17,127.7386
2021-03-16,127.8947
2021-03-15,128.1045
2021-03-12,128.3847
2021-03-11,128.6982
2021-03-10,128.8931
2021-03-09,129.2318
2021-03-08,129.5532
2021-03-05,130.0131
2021-03-04,130.3364
2021-03-03,130.6722
2021-03-02,130.8918
2021-03-01,130.8627
2021-02-26,130.5734
2021-02-25,130.6388
2021-02-24,130.7115
2021-02-23,130.6786
2021-02-22,130.7396
2021-02-19,130.729
2021-02-18,130.5976
2021-02-17,130.3742
2021-02-16,129.9942
2021-02-12,129.4747
2021-02-11,128.9973
2021-02-10,128.6095
2021-02-09,128.2548
2021-02-08,127.9204
2021-02-05,127.6305
2021-02-04,127.3688
2021-02-03,126.9273
2021-02-02,126.6966
2021-02-01,126.4034
2021-01-29,126.2997
2021-01-28,126.3433
2021-01-27,126.2396
2021-01-26,126.1921
2021-01-25,125.9512
2021-01-22,125.6735
2021-01-21,125.4971
2021-01-20,125.2421
2021-01-19,125.0634
2021-01-15,125.0305
2021-01-14,125.0293
2021-01-13,124.9225
2021-01-12,124.6598
2021-01-11,124.4151
2021-01-08,124.153
2021-01-07,123.8298
2021-01-06,123.6648
2021-01-05,123.6453
2021-01-04,123.5008
2020-12-31,123.336
2020-12-30,123.0724
2020-12-29,122.8272
2020-12-28,122.5021
2020-12-24,122.1074
2020-12-23,121.752
2020-12-22,121.4252
2020-12-21,120.9702
2020-12-18,120.5704
2020-12-17,120.2373
2020-12-16,119.8355
2020-12-15,119.5454
2020-12-14,119.3297
2020-12-11,119.158
2020-12-10,118.9588
2020-12-09,118.7993
2020-12-08,118.5125
2020-12-07,118.2171
2020-12-04,117.984
2020-12-03,117.7476
2020-12-02,117.3951
2020-12-01,116.826
2020-11-30,116.1529
2020-11-27,115.5427
2020-11-25,115.0934
2020-11-24,114.5857
2020-11-23,114.3295
2020-11-20,114.1259
2020-11-19,114.0451
2020-11-18,113.9102
2020-11-17,113.8493
2020-11-16,113.7342
2020-11-13,113.5664
2020-11-12,113.5626
2020-11-11,113.6249
2020-11-10,113.6617
2020-11-09,113.8658
2020-11-06,113.9992
2020-11-05,113.9315
2020-11-04,113.7971
2020-11-03,113.8097
2020-11-02,113.9325
2020-10-30,114.2381
2020-10-29,114.4354
2020-10-28,114.6558
2020-10-27,114.9068
2020-10-26,114.872
2020-10-23,114.8841
2020-10-22,114.6665
2020-10-21,114.314
2020-10-20,113.9044
2020-10-19,113.6583
2020-10-16,113.346
2020-10-15,112.8815
2020-10-14,112.4948
2020-10-13,112.1272
2020-10-12,111.8151
2020-10-09,111.4098
2020-10-08,111.0488
2020-10-07,110.8172
2020-10-06,110.742
2020-10-05,110.5918
2020-10-02,110.6112
2020-10-01,110.833
2020-09-30,111.2596
2020-09-29,111.6916
2020-09-28,112.0567
2020-09-25,112.3841
2020-09-24,112.7652
2020-09-23,113.2702
2020-09-22,113.6879
2020-09-21,113.9045
2020-09-18,114.158
2020-09-17,114.3847
2020-09-16,114.4431
2020-09-15,114.4624
2020-09-14,114.3741
2020-09-11,114.3042
2020-09-10,114.3524
2020-09-09,114.3563
2020-09-08,114.1112
2020-09-04,114.1421
2020-09-03,113.9307
2020-09-02,113.7218
2020-09-01,113.0864
2020-08-31,112.4848
2020-08-28,111.983
2020-08-27,111.3688
2020-08-26,110.6764
2020-08-25,109.9599
2020-08-24,109.2869
2020-08-21,108.7031
2020-08-20,108.0884
2020-08-19,107.6074
2020-08-18,107.3372
2020-08-17,107.0183
2020-08-14,106.7732
2020-08-13,106.433
2020-08-12,106.0639
2020-08-11,105.7614
2020-08-10,105.553
2020-08-07,105.1873
2020-08-06,104.9142
2020-08-05,104.5596
2020-08-04,104.2633
2020-08-03,103.9039
2020-07-31,103.6125
2020-07-30,103.3635
2020-07-29,103.2149
2020-07-28,103.0871
2020-07-27,102.9442
2020-07-24,102.6876
2020-07-23,102.6094
2020-07-22,102.4058
2020-07-21,102.179
2020-07-20,101.9581
2020-07-17,101.5916
2020-07-16,101.391
2020-07-15,101.1934
2020-07-14,100.9326
2020-07-13,100.5968
2020-07-10,100.2736
2020-07-09,99.7813
2020-07-08,99.5748
2020-07-07,99.3048
2020-07-06,99.0952
2020-07-02,98.807
2020-07-01,98.4824
2020-06-30,98.2268
2020-06-29,97.9423
2020-06-26,97.7024
2020-06-25,97.5174
2020-06-24,97.1753
2020-06-23,96.9055
2020-06-22,96.4954
2020-06-19,96.1264
2020-06-18,95.8328
2020-06-17,95.5706
2020-06-16,95.2299
2020-06-15,94.9051
2020-06-12,94.5731
2020-06-11,94.2647
2020-06-10,93.9611
2020-06-09,93.4476
2020-06-08,93.1113
2020-06-05,92.7677
2020-06-04,92.3828
2020-06-03,92.0566
2020-06-02,91.6567
2020-06-01,91.2342
2020-05-29,90.7992
2020-05-28,90.4836
2020-05-27,90.2464
2020-05-26,89.8258
2020-05-22,89.489
2020-05-21,89.1108
2020-05-20,88.6609
2020-05-19,88.1744
2020-05-18,87.6326
2020-05-15,87.251
2020-05-14,87.0485
2020-05-13,86.8122
2020-05-12,86.5812
2020-05-11,86.3661
2020-05-08,85.884
2020-05-07,85.423
2020-05-06,85.027
2020-05-05,84.5901
2020-05-04,84.2235
2020-05-01,83.5998
2020-04-30,83.0912
2020-04-29,82.3757
2020-04-28,81.8248
2020-04-27,81.5216
2020-04-24,81.002
2020-04-23,80.6979
2020-04-22,80.2513
2020-04-21,79.7807
2020-04-20,79.1191
2020-04-17,78.3115
2020-04-16,77.5992
2020-04-15,76.9303
2020-04-14,76.4521
2020-04-13,75.6442
2020-04-09,75.5652
2020-04-08,75.0722
2020-04-07,74.9703
2020-04-06,75.1738
2020-04-03,75.079
2020-04-02,75.6238
2020-04-01,76.2023
2020-03-31,77.0087
2020-03-30,77.446
2020-03-27,77.9796
2020-03-26,78.4278
2020-03-25,78.6651
2020-03-24,79.3725
2020-03-23,80.0551
2020-03-20,81.2306
2020-03-19,82.5718
2020-03-18,83.8579
2020-03-17,85.2082
2020-03-16,86.3608
2020-03-13,87.7681
2020-03-12,88.5976
2020-03-11,89.8631
2020-03-10,90.6864
2020-03-09,91.3278
2020-03-06,92.1669
2020-03-05,92.7269
2020-03-04,93.1515
2020-03-03,93.4066
2020-03-02,93.7254
2020-02-28,93.8139
2020-02-27,94.2758
2020-02-26,94.7296
2020-02-25,94.932
2020-02-24,95.0675
2020-02-21,95.168
2020-02-20,95.0938
2020-02-19,94.8885
2020-02-18,94.6152
2020-02-14,94.4017
2020-02-13,94.1389
2020-02-12,93.8359
2020-02-11,93.5148
2020-02-10,93.2673
2020-02-07,92.9471
2020-02-06,92.702
2020-02-05,92.3622
2020-02-04,92.0185
2020-02-03,91.7045
2020-01-31,91.5011
2020-01-30,91.4082
2020-01-29,91.1043
2020-01-28,90.8266
2020-01-27,90.5864
2020-01-24,90.4337
2020-01-23,90.1374
2020-01-22,89.8176
2020-01-21,89.5075
2020-01-17,89.189
2020-01-16,88.8376
2020-01-15,88.5178
2020-01-14,88.2693
2020-01-13,87.9879
2020-01-10,87.6568
2020-01-09,87.3373
2020-01-08,86.9792
2020-01-07,86.6684
2020-01-06,86.427
2020-01-03,86.1379
2020-01-02,85.844
2019-12-31,85.4832
2019-12-30,85.2414
2019-12-27,85.0736
2019-12-26,84.8929
2019-12-24,84.6883
2019-12-23,84.5125
2019-12-20,84.2779
2019-12-19,84.0611
2019-12-18,83.8903
2019-12-17,83.7758
2019-12-16,83.6527
2019-12-13,83.5072
2019-12-12,83.3664
2019-12-11,83.2586
2019-12-10,83.1865
2019-12-09,83.1288
2019-12-06,83.0725
2019-12-05,82.9714
2019-12-04,82.8841
2019-12-03,82.8139
2019-12-02,82.7653
2019-11-29,82.6589
2019-11-27,82.4446
2019-11-26,82.2204
2019-11-25,81.9952
2019-11-22,81.8101
2019-11-21,81.635
2019-11-20,81.4074
2019-11-19,81.1025
2019-11-18,80.7691
2019-11-15,80.4961
2019-11-14,80.1941
2019-11-13,79.9627
2019-11-12,79.7342
2019-11-11,79.5419
2019-11-08,79.3206
2019-11-07,79.1035
2019-11-06,78.8563
2019-11-05,78.6149
2019-11-04,78.3158
2019-11-01,78.082
2019-10-31,77.8854
2019-10-30,77.6741
2019-10-29,77.4145
2019-10-28,77.2509
2019-10-25,77.0868
2019-10-24,76.9327
2019-10-23,76.8773
2019-10-22,76.874
2019-10-21,76.8286
2019-10-18,76.7681
2019-10-17,76.737
2019-10-16,76.7139
2019-10-15,76.6745
2019-10-14,76.6084
2019-10-11,76.5696
2019-10-10,76.5379
2019-10-09,76.5876
2019-10-08,76.6427
2019-10-07,76.7137
2019-10-04,76.734
2019-10-03,76.7671
2019-10-02,76.8661
2019-10-01,76.9314
2019-09-30,76.8615
2019-09-27,76.8018
2019-09-26,76.7832
2019-09-25,76.6484
2019-09-24,76.5146
2019-09-23,76.4318
2019-09-20,76.2609
2019-09-19,76.2275
2019-09-18,76.158
2019-09-17,76.0529
2019-09-16,75.9664
2019-09-13,75.8389
2019-09-12,75.6325
2019-09-11,75.4042
2019-09-10,75.3129
2019-09-09,75.1692
2019-09-06,75.0551
2019-09-05,74.9547
2019-09-04,74.7607
2019-09-03,74.6232
2019-08-30,74.4896
2019-08-29,74.4668
2019-08-28,74.5053
2019-08-27,74.628
2019-08-26,74.813
2019-08-23,75.0175
2019-08-22,75.2753
2019-08-21,75.399
2019-08-20,75.5298
2019-08-19,75.6724
2019-08-16,75.7747
2019-08-15,75.8893
2019-08-14,76.09
2019-08-13,76.2555
2019-08-12,76.315
2019-08-09,76.5028
2019-08-08,76.6289
2019-08-07,76.6841
2019-08-06,76.8153
2019-08-05,76.9395
2019-08-02,77.1102
2019-08-01,77.153
2019-07-31,77.1406
2019-07-30,77.0798
2019-07-29,76.9499
2019-07-26,76.7359
2019-07-25,76.52
2019-07-24,76.3031
2019-07-23,76.0306
2019-07-22,75.8589
2019-07-19,75.7014
2019-07-18,75.6059
2019-07-17,75.4396
2019-07-16,75.2886
2019-07-15,75.0623
2019-07-12,74.7969
2019-07-11,74.5761
2019-07-10,74.3725
2019-07-09,74.2035
2019-07-08,74.0645
2019-07-05,73.9019
2019-07-03,73.6444
2019-07-02,73.3389
2019-07-01,73.0175
2019-06-28,72.5942
2019-06-27,72.2896
2019-06-26,72.0423
2019-06-25,71.7833
2019-06-24,71.584
2019-06-21,71.3263
2019-06-20,71.0747
2019-06-19,70.8676
2019-06-18,70.733
2019-06-17,70.5686
2019-06-14,70.5316
2019-06-13,70.5264
2019-06-12,70.4567
2019-06-11,70.3596
2019-06-10,70.1861
2019-06-07,70.1487
2019-06-06,70.1368
2019-06-05,70.2155
2019-06-04,70.3392
2019-06-03,70.5875
2019-05-31,70.9766
2019-05-30,71.2709
2019-05-29,71.5268
2019-05-28,71.8135
2019-05-24,72.0737
2019-05-23,72.323
2019-05-22,72.5875
2019-05-21,72.7908
2019-05-20,72.9742
2019-05-17,73.1604
2019-05-16,73.2761
2019-05-15,73.3524
2019-05-14,73.441
2019-05-13,73.5495
2019-05-10,73.7154
2019-05-09,73.7201
2019-05-08,73.741
2019-05-07,73.7121
2019-05-06,73.696
2019-05-03,73.5865
2019-05-02,73.431
2019-05-01,73.3258
2019-04-30,73.1723
2019-04-29,72.9969
2019-04-26,72.7799
2019-04-25,72.5296
2019-04-24,72.251
2019-04-23,71.9913
2019-04-22,71.714
2019-04-18,71.4922
2019-04-17,71.3628
2019-04-16,71.1567
2019-04-15,70.9804
2019-04-12,70.8155
2019-04-11,70.6344
2019-04-10,70.4372
2019-04-09,70.2282
2019-04-08,70.0221
2019-04-05,69.7792
2019-04-04,69.479
2019-04-03,69.1965
2019-04-02,68.9304
2019-04-01,68.7107
2019-03-29,68.5132
2019-03-28,68.3764
2019-03-27,68.251
2019-03-26,68.1492
2019-03-25,68.0309
2019-03-22,67.9245
2019-03-21,67.7868
2019-03-20,67.5232
2019-03-19,67.3453
2019-03-18,67.1543
2019-03-15,66.9693
2019-03-14,66.7731
2019-03-13,66.6125
2019-03-12,66.4547
2019-03-11,66.2766
2019-03-08,66.1198
2019-03-07,66.0154
2019-03-06,65.9549
2019-03-05,65.8519
2019-03-04,65.7045
2019-03-01,65.4967
2019-02-28,65.2576
2019-02-27,65.0446
2019-02-26,64.7276
2019-02-25,64.4403
2019-02-22,64.2018
2019-02-21,63.9358
2019-02-20,63.6864
2019-02-19,63.428
2019-02-15,63.2253
2019-02-14,62.9773
2019-02-13,62.7359
2019-02-12,62.4973
2019-02-11,62.2181
2019-02-08,62.0093
2019-02-07,61.8048
2019-02-06,61.6054
2019-02-05,61.3234
2019-02-04,61.0276
2019-02-01,60.7329
2019-01-31,60.3653
2019-01-30,60.1641
2019-01-29,59.9576
2019-01-28,59.8183
2019-01-25,59.6525
2019-01-24,59.4243
2019-01-23,59.0752
2019-01-22,58.8262
2019-01-18,58.6749
2019-01-17,58.5242
2019-01-16,58.4792
2019-01-15,58.43
2019-01-14,58.448
2019-01-11,58.5871
2019-01-10,58.6932
2019-01-09,58.7696
2019-01-08,58.8555
2019-01-07,58.9378
2019-01-04,59.1557
2019-01-03,59.3925
2019-01-02,59.8762
2018-12-31,60.1416
2018-12-28,60.3787
2018-12-27,60.6743
2018-12-26,60.8551
2018-12-24,61.0506
2018-12-21,61.3423
2018-12-20,61.5871
2018-12-19,61.7225
2018-12-18,61.8716
2018-12-17,62.0837
2018-12-14,62.3245
2018-12-13,62.4223
2018-12-12,62.4821
2018-12-11,62.5432
2018-12-10,62.744
2018-12-07,63.0065
2018-12-06,63.3136
2018-12-04,63.4142
2018-12-03,63.5017
2018-11-30,63.4688
2018-11-29,63.5708
2018-11-28,63.6649
2018-11-27,63.6522
2018-11-26,63.7124
2018-11-23,63.8328
2018-11-21,64.0868
2018-11-20,64.2043
2018-11-19,64.4922
2018-11-16,64.7264
2018-11-15,64.811
2018-11-14,64.8919
2018-11-13,65.1172
2018-11-12,65.3199
2018-11-09,65.4276
2018-11-08,65.4742
2018-11-07,65.3594
2018-11-06,65.2832
2018-11-05,65.469
2018-11-02,65.6628
2018-11-01,65.8923
2018-10-31,66.1015
2018-10-30,66.4134
2018-10-29,66.7901
2018-10-26,67.2016
2018-10-25,67.5421
2018-10-24,67.8041
2018-10-23,68.154
2018-10-22,68.3689
2018-10-19,68.5754
2018-10-18,68.7917
2018-10-17,69.0205
2018-10-16,69.1422
2018-10-15,69.2573
2018-10-12,69.4491
2018-10-11,69.6304
2018-10-10,69.918
2018-10-09,70.1234
2018-10-08,70.1769
2018-10-05,70.2131
2018-10-04,70.1994
2018-10-03,70.1533
2018-10-02,70.0681
2018-10-01,70.0377
2018-09-28,70.0214
2018-09-27,70.0192
2018-09-26,70.0409
2018-09-25,70.0515
2018-09-24,70.0428
2018-09-21,69.998
2018-09-20,69.9359
2018-09-19,69.8525
2018-09-18,69.8
2018-09-17,69.733
2018-09-14,69.6931
2018-09-13,69.6041
2018-09-12,69.4972
2018-09-11,69.4621
2018-09-10,69.3913
2018-09-07,69.3547
2018-09-06,69.3566
2018-09-05,69.3454
2018-09-04,69.2994
2018-08-31,69.1963
2018-08-30,69.0613
2018-08-29,68.917
2018-08-28,68.7196
2018-08-27,68.5242
2018-08-24,68.3259
2018-08-23,68.212
2018-08-22,68.1914
2018-08-21,68.2317
2018-08-20,68.2392
2018-08-17,68.2336
2018-08-16,68.2055
2018-08-15,68.1816
2018-08-14,68.1848
2018-08-13,68.1628
2018-08-10,68.1366
2018-08-09,68.1136
2018-08-08,68.0667
2018-08-07,67.9683
2018-08-06,67.8924
2018-08-03,67.8216
2018-08-02,67.7438
2018-08-01,67.6397
2018-07-31,67.5319
2018-07-30,67.493
2018-07-27,67.434
2018-07-26,67.3238
2018-07-25,67.1157
2018-07-24,66.8987
2018-07-23,66.7117
2018-07-20,66.6123
2018-07-19,66.5411
2018-07-18,66.4966
2018-07-17,66.4328
2018-07-16,66.3808
2018-07-13,66.3503
2018-07-12,66.3247
2018-07-11,66.2715
2018-07-10,66.2886
2018-07-09,66.2762
2018-07-06,66.268
2018-07-05,66.2908
2018-07-03,66.3791
2018-07-02,66.4913
2018-06-29,66.553
2018-06-28,66.6171
2018-06-27,66.6242
2018-06-26,66.6698
2018-06-25,66.647
2018-06-22,66.6551
2018-06-21,66.5966
2018-06-20,66.5311
2018-06-19,66.416
2018-06-18,66.3126
2018-06-15,66.1638
2018-06-14,66.0323
2018-06-13,65.9048
2018-06-12,65.7866
2018-06-11,65.682
2018-06-08,65.5942
2018-06-07,65.5148
2018-06-06,65.3878
2018-06-05,65.1944
2018-06-04,65.016
2018-06-01,64.8273
2018-05-31,64.6064
2018-05-30,64.4341
2018-05-29,64.2659
2018-05-25,64.0833
2018-05-24,63.903
2018-05-23,63.726
2018-05-22,63.4902
2018-05-21,63.2777
2018-05-18,63.1142
2018-05-17,62.99
2018-05-16,62.8956
2018-05-15,62.8195
2018-05-14,62.7663
2018-05-11,62.6243
2018-05-10,62.458
2018-05-09,62.2973
2018-05-08,62.1418
2018-05-07,62.0437
2018-05-04,61.8784
2018-05-03,61.7117
2018-05-02,61.679
2018-05-01,61.6407
2018-04-30,61.5571
2018-04-27,61.4823
2018-04-26,61.4604
2018-04-25,61.3735
2018-04-24,61.3619
2018-04-23,61.4506
2018-04-20,61.3717
2018-04-19,61.3637
2018-04-18,61.3941
2018-04-17,61.4086
2018-04-16,61.416
2018-04-13,61.5459
2018-04-12,61.7029
2018-04-11,61.8478
2018-04-10,62.0323
2018-04-09,62.2364
2018-04-06,62.5045
2018-04-05,62.735
2018-04-04,62.8762
2018-04-03,63.0125
2018-04-02,63.1837
2018-03-29,63.3523
2018-03-28,63.4182
2018-03-27,63.596
2018-03-26,63.7765
2018-03-23,63.8897
2018-03-22,64.0671
2018-03-21,64.097
2018-03-20,64.0415
2018-03-19,63.9869
2018-03-16,63.9281
2018-03-15,63.8095
2018-03-14,63.6288
2018-03-13,63.3946
2018-03-12,63.1502
2018-03-09,62.815
2018-03-08,62.4192
2018-03-07,62.2092
2018-03-06,62.0523
2018-03-05,61.8279
2018-03-02,61.7399
2018-03-01,61.7786
2018-02-28,61.8442
2018-02-27,61.8335
2018-02-26,61.8288
2018-02-23,61.8209
2018-02-22,61.8126
2018-02-21,61.8749
2018-02-20,61.9657
2018-02-16,62.0225
2018-02-15,62.0514
2018-02-14,62.0696
2018-02-13,62.1408
2018-02-12,62.2209
2018-02-09,62.3205
2018-02-08,62.4551
2018-02-07,62.6478
2018-02-06,62.7265
2018-02-05,62.774
2018-02-02,62.895
2018-02-01,62.8545
2018-01-31,62.7042
2018-01-30,62.5314
2018-01-29,62.3456
2018-01-26,62.1468
2018-01-25,61.9136
2018-01-24,61.7273
2018-01-23,61.5555
2018-01-22,61.3609
2018-01-19,61.1863
2018-01-18,61.0434
2018-01-17,60.9251
2018-01-16,60.7859
2018-01-12,60.6595
2018-01-11,60.5247
2018-01-10,60.4071
2018-01-09,60.303
2018-01-08,60.1626
2018-01-05,60.0005
2018-01-04,59.8319
2018-01-03,59.6769
2018-01-02,59.5363
2017-12-29,59.4681
2017-12-28,59.4521
2017-12-27,59.3942
2017-12-26,59.4078
2017-12-22,59.4149
2017-12-21,59.402
2017-12-20,59.3706
2017-12-19,59.3386
2017-12-18,59.2746
2017-12-15,59.1809
2017-12-14,59.1328
2017-12-13,59.0776
2017-12-12,59.0404
2017-12-11,59.0103
2017-12-08,58.9801
2017-12-07,58.9755
2017-12-06,59.0084
2017-12-05,59.0432
2017-12-04,59.0952
2017-12-01,59.1416
2017-11-30,59.1174
2017-11-29,59.0766
2017-11-28,59.0613
2017-11-27,58.9672
2017-11-24,58.8762
2017-11-22,58.7092
2017-11-21,58.5473
2017-11-20,58.3952
2017-11-17,58.2662
2017-11-16,58.1619
2017-11-15,58.0195
2017-11-14,57.9262
2017-11-13,57.8042
2017-11-10,57.6762
2017-11-09,57.537
2017-11-08,57.3844
2017-11-07,57.2151
2017-11-06,57.0527
2017-11-03,56.889
2017-11-02,56.7248
2017-11-01,56.5796
2017-10-31,56.4093
2017-10-30,56.2414
2017-10-27,56.0795
2017-10-26,55.9199
2017-10-25,55.8179
2017-10-24,55.7242
2017-10-23,55.5878
2017-10-20,55.4496
2017-10-19,55.3299
2017-10-18,55.2278
2017-10-17,55.1323
2017-10-16,55.0548
2017-10-13,54.9653
2017-10-12,54.8836
2017-10-11,54.8044
2017-10-10,54.7274
2017-10-09,54.6634
2017-10-06,54.5958
2017-10-05,54.4972
2017-10-04,54.4249
2017-10-03,54.3698
2017-10-02,54.3106
2017-09-29,54.2819
2017-09-28,54.2597
2017-09-27,54.2399
2017-09-26,54.2039
2017-09-25,54.1837
2017-09-22,54.1682
2017-09-21,54.1211
2017-09-20,54.0777
2017-09-19,54.026
2017-09-18,53.9238
2017-09-15,53.8346
2017-09-14,53.7505
2017-09-13,53.7302
2017-09-12,53.6927
2017-09-11,53.6474
2017-09-08,53.5665
2017-09-07,53.5055
2017-09-06,53.475
2017-09-05,53.4552
2017-09-01,53.4413
2017-08-31,53.3872
2017-08-30,53.3248
2017-08-29,53.2846
2017-08-28,53.2564
2017-08-25,53.2263
2017-08-24,53.2143
2017-08-23,53.2046
2017-08-22,53.2028
2017-08-21,53.1843
2017-08-18,53.2102
2017-08-17,53.2287
2017-08-16,53.2476
2017-08-15,53.2083
2017-08-14,53.1635
2017-08-11,53.1108
2017-08-10,53.0997
2017-08-09,53.0835
2017-08-08,53.0096
2017-08-07,52.9009
2017-08-04,52.7831
2017-08-03,52.6629
2017-08-02,52.5196
2017-08-01,52.3934
2017-07-31,52.2497
2017-07-28,52.1369
2017-07-27,52.0135
2017-07-26,51.9335
2017-07-25,51.8115
2017-07-24,51.7421
2017-07-21,51.6816
2017-07-20,51.6113
2017-07-19,51.5369
2017-07-18,51.4537
2017-07-17,51.4047
2017-07-14,51.3298
2017-07-13,51.2598
2017-07-12,51.2245
2017-07-11,51.2067
2017-07-10,51.2037
2017-07-07,51.2215
2017-07-06,51.3231
2017-07-05,51.4479
2017-07-03,51.5412
2017-06-30,51.6646
2017-06-29,51.7681
2017-06-28,51.8454
2017-06-27,51.87
2017-06-26,51.9307
2017-06-23,51.9377
2017-06-22,51.9323
2017-06-21,51.9247
2017-06-20,51.9074
2017-06-19,51.8998
2017-06-16,51.8511
2017-06-15,51.8256
2017-06-14,51.781
2017-06-13,51.7953
2017-06-12,51.7851
2017-06-09,51.7791
2017-06-08,51.7515
2017-06-07,51.6618
2017-06-06,51.5683
2017-06-05,51.4799
2017-06-02,51.3754
2017-06-01,51.264
2017-05-31,51.1784
2017-05-30,51.1038
2017-05-26,51.0195
2017-05-25,50.9275
2017-05-24,50.8276
2017-05-23,50.7359
2017-05-22,50.6577
2017-05-19,50.5711
2017-05-18,50.4758
2017-05-17,50.4003
2017-05-16,50.3175
2017-05-15,50.166
2017-05-12,50.027
2017-05-11,49.8801
2017-05-10,49.7494
2017-05-09,49.6237
2017-05-08,49.5169
2017-05-05,49.4179
2017-05-04,49.3314
2017-05-03,49.2536
2017-05-02,49.184
2017-05-01,49.1081
2017-04-28,49.0399
2017-04-27,48.9953
2017-04-26,48.9525
2017-04-25,48.9156
2017-04-24,48.8586
2017-04-21,48.8144
2017-04-20,48.7973
2017-04-19,48.7817
2017-04-18,48.7729
2017-04-17,48.7974
2017-04-13,48.8199
2017-04-12,48.8593
2017-04-11,48.8876
2017-04-10,48.8911
2017-04-07,48.891
2017-04-06,48.8839
2017-04-05,48.8626
2017-04-04,48.8422
2017-04-03,48.809
2017-03-31,48.7776
2017-03-30,48.7475
2017-03-29,48.7074
2017-03-28,48.6879
2017-03-27,48.6386
2017-03-24,48.6183
2017-03-23,48.5993
2017-03-22,48.5767
2017-03-21,48.5481
2017-03-20,48.5319
2017-03-17,48.4684
2017-03-16,48.398
2017-03-15,48.3273
2017-03-14,48.2503
2017-03-13,48.182
2017-03-10,48.0976
2017-03-09,48.0086
2017-03-08,47.9251
2017-03-07,47.8371
2017-03-06,47.7426
2017-03-03,47.6468
2017-03-02,47.5321
2017-03-01,47.4275
2017-02-28,47.2895
2017-02-27,47.1969
2017-02-24,47.1116
2017-02-23,47.0157
2017-02-22,46.9318
2017-02-21,46.8254
2017-02-17,46.7075
2017-02-16,46.5979
2017-02-15,46.4842
2017-02-14,46.3792
2017-02-13,46.276
2017-02-10,46.1893
2017-02-09,46.1063
2017-02-08,46.0357
2017-02-07,45.9618
2017-02-06,45.8917
2017-02-03,45.8311
2017-02-02,45.7555
2017-02-01,45.6913
2017-01-31,45.6147
2017-01-30,45.5358
2017-01-27,45.4629
2017-01-26,45.3707
2017-01-25,45.3079
2017-01-24,45.2295
2017-01-23,45.1708
2017-01-20,45.1309
2017-01-19,45.0997
2017-01-18,45.0726
2017-01-17,45.0263
2017-01-13,45.0021
2017-01-12,44.9591
2017-01-11,44.9308
2017-01-10,44.8691
2017-01-09,44.8248
2017-01-06,44.765
2017-01-05,44.6993
2017-01-04,44.609
2017-01-03,44.5159
2016-12-30,44.4101
2016-12-29,44.3163
2016-12-28,44.2498
2016-12-27,44.2098
2016-12-23,44.1482
2016-12-22,44.0939
2016-12-21,44.0329
2016-12-20,43.9759
2016-12-19,43.9075
2016-12-16,43.8254
2016-12-15,43.7612
2016-12-14,43.6671
2016-12-13,43.5635
2016-12-12,43.4224
2016-12-09,43.3416
2016-12-08,43.2475
2016-12-07,43.2041
2016-12-06,43.169
2016-12-05,43.1644
2016-12-02,43.1206
2016-12-01,43.101
2016-11-30,43.1096
2016-11-29,43.0873
2016-11-28,43.0576
2016-11-25,43.0302
2016-11-23,43.0069
2016-11-22,42.9955
2016-11-21,42.9877
2016-11-18,42.9946
2016-11-17,43.0023
2016-11-16,43.0023
2016-11-15,43.0261
2016-11-14,43.0653
2016-11-11,43.1224
2016-11-10,43.1516
2016-11-09,43.179
2016-11-08,43.1854
2016-11-07,43.1854
2016-11-04,43.2206
2016-11-03,43.2863
2016-11-02,43.3544
2016-11-01,43.3968
2016-10-31,43.4178
2016-10-28,43.4279
2016-10-27,43.4434
2016-10-26,43.4452
2016-10-25,43.4575
2016-10-24,43.4534
2016-10-21,43.4178
2016-10-20,43.416
2016-10-19,43.4393
2016-10-18,43.4393
2016-10-17,43.4192
2016-10-14,43.4123
2016-10-13,43.405
2016-10-12,43.4139
2016-10-11,43.374
2016-10-10,43.3278
2016-10-07,43.2724
2016-10-06,43.197
2016-10-05,43.1685
2016-10-04,43.1627
2016-10-03,43.1592
2016-09-30,43.1371
2016-09-29,43.099
2016-09-28,43.0655
2016-09-27,43.0223
2016-09-26,42.9906
2016-09-23,42.9745
2016-09-22,42.9446
2016-09-21,42.891
2016-09-20,42.8625
2016-09-19,42.8504
2016-09-16,42.837
2016-09-15,42.8181
2016-09-14,42.7904
2016-09-13,42.7986
2016-09-12,42.8327
2016-09-09,42.8409
2016-09-08,42.8863
2016-09-07,42.8713
2016-09-06,42.8454
2016-09-02,42.8204
2016-09-01,42.8067
2016-08-31,42.7822
2016-08-30,42.7531
2016-08-29,42.7131
2016-08-26,42.6817
2016-08-25,42.6544
2016-08-24,42.6203
2016-08-23,42.5894
2016-08-22,42.5294
2016-08-19,42.4726
2016-08-18,42.4184
2016-08-17,42.3534
2016-08-16,42.3002
2016-08-15,42.2193
2016-08-12,42.127
2016-08-11,42.0315
2016-08-10,41.9356
2016-08-09,41.8342
2016-08-08,41.7255
2016-08-05,41.605
2016-08-04,41.4722
2016-08-03,41.329
2016-08-02,41.1971
2016-08-01,41.0589
2016-07-29,40.9193
2016-07-28,40.7793
2016-07-27,40.6256
2016-07-26,40.4437
2016-07-25,40.2418
2016-07-22,40.0832
2016-07-21,39.9986
2016-07-20,39.8995
2016-07-19,39.7962
2016-07-18,39.7062
2016-07-15,39.6035
2016-07-14,39.5274
2016-07-13,39.4455
2016-07-12,39.3817
2016-07-11,39.3138
2016-07-08,39.2845
2016-07-07,39.2824
2016-07-06,39.3108
2016-07-05,39.335
2016-07-01,39.3648
2016-06-30,39.3764
2016-06-29,39.3971
2016-06-28,39.441
2016-06-27,39.5194
2016-06-24,39.631
2016-06-23,39.6944
2016-06-22,39.6747
2016-06-21,39.6682
2016-06-20,39.6188
2016-06-17,39.5865
2016-06-16,39.5394
2016-06-15,39.4897
2016-06-14,39.4403
2016-06-13,39.4055
2016-06-10,39.3485
2016-06-09,39.2765
2016-06-08,39.1946
2016-06-07,39.1272
2016-06-06,39.039
2016-06-03,38.9589
2016-06-02,38.8684
2016-06-01,38.7725
2016-05-31,38.6806
2016-05-27,38.6015
2016-05-26,38.5123
2016-05-25,38.4494
2016-05-24,38.4173
2016-05-23,38.4078
2016-05-20,38.444
2016-05-19,38.4761
2016-05-18,38.5662
2016-05-17,38.653
2016-05-16,38.7395
2016-05-13,38.8177
2016-05-12,38.9141
2016-05-11,39.0109
2016-05-10,39.1028
2016-05-09,39.1603
2016-05-06,39.229
2016-05-05,39.3032
2016-05-04,39.3915
2016-05-03,39.5096
2016-05-02,39.6023
2016-04-29,39.6969
2016-04-28,39.8132
2016-04-27,39.8973
2016-04-26,39.9611
2016-04-25,40.0041
2016-04-22,40.0068
2016-04-21,40.015
2016-04-20,39.9828
2016-04-19,39.9548
2016-04-18,39.9304
2016-04-15,39.8878
2016-04-14,39.8507
2016-04-13,39.7987
2016-04-12,39.7238
2016-04-11,39.662
2016-04-08,39.6115
2016-04-07,39.5263
2016-04-06,39.443
2016-04-05,39.3145
2016-04-04,39.2171
2016-04-01,39.112
2016-03-31,38.9942
2016-03-30,38.8918
2016-03-29,38.78
2016-03-28,38.625
2016-03-24,38.5138
2016-03-23,38.4026
2016-03-22,38.2738
2016-03-21,38.1198
2016-03-18,37.9955
2016-03-17,37.8537
2016-03-16,37.7137
2016-03-15,37.5881
2016-03-14,37.4481
2016-03-11,37.2837
2016-03-10,37.0973
2016-03-09,36.9447
2016-03-08,36.7867
2016-03-07,36.653
2016-03-04,36.5333
2016-03-03,36.4531
2016-03-02,36.3761
2016-03-01,36.3014
2016-02-29,36.2654
2016-02-26,36.2775
2016-02-25,36.2199
2016-02-24,36.1344
2016-02-23,36.1092
2016-02-22,36.0804
2016-02-19,36.0434
2016-02-18,35.9818
2016-02-17,35.9115
2016-02-16,35.8481
2016-02-12,35.8197
2016-02-11,35.8742
2016-02-10,35.9192
2016-02-09,36.0092
2016-02-08,36.0813
2016-02-05,36.1335
2016-02-04,36.1745
2016-02-03,36.2195
2016-02-02,36.2897
2016-02-01,36.3626
2016-01-29,36.4275
2016-01-28,36.5265
2016-01-27,36.6989
2016-01-26,36.8678
2016-01-25,37.0006
2016-01-22,37.1518
2016-01-21,37.2657
2016-01-20,37.4147
2016-01-19,37.5543
2016-01-15,37.7173
2016-01-14,37.9129
2016-01-13,38.0309
2016-01-12,38.174
2016-01-11,38.2529
2016-01-08,38.3941
2016-01-07,38.5417
2016-01-06,38.704
2016-01-05,38.8158
2016-01-04,38.9141
2015-12-31,38.9595
2015-12-30,39.0052
2015-12-29,39.036
2015-12-28,39.0327
2015-12-24,39.0537
2015-12-23,39.0688
2015-12-22,39.0894
2015-12-21,39.1257
2015-12-18,39.1876
2015-12-17,39.2545
2015-12-16,39.2751
2015-12-15,39.2357
2015-12-14,39.2222
2015-12-11,39.1882
2015-12-10,39.207
2015-12-09,39.2021
2015-12-08,39.2034
2015-12-07,39.1886
2015-12-04,39.1882
2015-12-03,39.1712
2015-12-02,39.2079
2015-12-01,39.2169
2015-11-30,39.203
2015-11-27,39.1891
2015-11-25,39.1904
2015-11-24,39.2016
2015-11-23,39.1774
2015-11-20,39.1649
2015-11-19,39.1483
2015-11-18,39.0928
2015-11-17,39.0041
2015-11-16,38.9589
2015-11-13,38.919
2015-11-12,38.9011
2015-11-11,38.8415
2015-11-10,38.7412
2015-11-09,38.6436
2015-11-06,38.537
2015-11-05,38.4089
2015-11-04,38.2794
2015-11-03,38.1356
2015-11-02,37.9856
2015-10-30,37.8436
2015-10-29,37.6837
2015-10-28,37.4857
2015-10-27,37.2819
2015-10-26,37.0723
2015-10-23,36.8591
2015-10-22,36.6791
2015-10-21,36.5554
2015-10-20,36.4739
2015-10-19,36.3736
2015-10-16,36.2988
2015-10-15,36.2132
2015-10-14,36.1548
2015-10-13,36.1325
2015-10-12,36.0991
2015-10-09,36.0384
2015-10-08,35.9845
2015-10-07,35.9301
2015-10-06,35.8664
2015-10-05,35.8349
2015-10-02,35.7566
2015-10-01,35.7408
2015-09-30,35.7488
2015-09-29,35.7153
2015-09-28,35.7743
2015-09-25,35.8421
2015-09-24,35.8656
2015-09-23,35.845
2015-09-22,35.7397
2015-09-21,35.6584
2015-09-18,35.6101
2015-09-17,35.6496
2015-09-16,35.7116
2015-09-15,35.7735
2015-09-14,35.8529
2015-09-11,35.9447
2015-09-10,36.0228
2015-09-09,36.1146
2015-09-08,36.2158
2015-09-04,36.3219
2015-09-03,36.4477
2015-09-02,36.5449
2015-09-01,36.6621
2015-08-31,36.803
2015-08-28,36.8975
2015-08-27,36.9858
2015-08-26,37.0839
2015-08-25,37.2195
2015-08-24,37.4272
2015-08-21,37.5984
2015-08-20,37.7233
2015-08-19,37.7884
2015-08-18,37.8116
2015-08-17,37.8535
2015-08-14,37.8985
2015-08-13,37.944
2015-08-12,37.9694
2015-08-11,37.9654
2015-08-10,37.9694
2015-08-07,37.9377
2015-08-06,37.9074
2015-08-05,37.8495
2015-08-04,37.7799
2015-08-03,37.7589
2015-07-31,37.7242
2015-07-30,37.6867
2015-07-29,37.6403
2015-07-28,37.5851
2015-07-27,37.5405
2015-07-24,37.553
2015-07-23,37.5645
2015-07-22,37.5703
2015-07-21,37.581
2015-07-20,37.5592
2015-07-17,37.5088
2015-07-16,37.4845
2015-07-15,37.4728
2015-07-14,37.4843
2015-07-13,37.4838
2015-07-10,37.5019
2015-07-09,37.5651
2015-07-08,37.6563
2015-07-07,37.7111
2015-07-06,37.74
2015-07-02,37.7929
2015-07-01,37.8444
2015-06-30,37.9163
2015-06-29,37.9968
2015-06-26,38.083
2015-06-25,38.1237
2015-06-24,38.1627
2015-06-23,38.2011
2015-06-22,38.1947
2015-06-19,38.2176
2015-06-18,38.2574
2015-06-17,38.2729
2015-06-16,38.304
2015-06-15,38.3408
2015-06-12,38.3808
2015-06-11,38.4154
2015-06-10,38.4025
2015-06-09,38.3825
2015-06-08,38.4021
2015-06-05,38.4269
2015-06-04,38.4034
2015-06-03,38.3599
2015-06-02,38.3146
2015-06-01,38.3031
2015-05-29,38.2858
2015-05-28,38.2507
2015-05-27,38.2281
2015-05-26,38.2108
2015-05-22,38.2232
2015-05-21,38.2023
2015-05-20,38.1637
2015-05-19,38.126
2015-05-18,38.0705
2015-05-15,38.011
2015-05-14,37.9294
2015-05-13,37.8672
2015-05-12,37.8424
2015-05-11,37.8091
2015-05-08,37.7714
2015-05-07,37.7292
2015-05-06,37.707
2015-05-05,37.6937
2015-05-04,37.6586
2015-05-01,37.5978
2015-04-30,37.521
2015-04-29,37.4678
2015-04-28,37.3905
2015-04-27,37.3231
2015-04-24,37.2396
2015-04-23,37.1602
2015-04-22,37.0958
2015-04-21,37.0874
2015-04-20,37.1043
2015-04-17,37.1202
2015-04-16,37.1557
2015-04-15,37.1706
2015-04-14,37.1537
2015-04-13,37.1528
2015-04-10,37.1245
2015-04-09,37.101
2015-04-08,37.0727
2015-04-07,37.0611
2015-04-06,37.0939
2015-04-02,37.1137
2015-04-01,37.1748
2015-03-31,37.2376
2015-03-30,37.3053
2015-03-27,37.3667
2015-03-26,37.4353
2015-03-25,37.5118
2015-03-24,37.5778
2015-03-23,37.6073
2015-03-20,37.6248
2015-03-19,37.641
2015-03-18,37.6596
2015-03-17,37.6662
2015-03-16,37.6962
2015-03-13,37.7259
2015-03-12,37.7652
2015-03-11,37.7692
2015-03-10,37.778
2015-03-09,37.748
2015-03-06,37.6821
2015-03-05,37.6308
2015-03-04,37.5393
2015-03-03,37.4421
2015-03-02,37.317
2015-02-27,37.1609
2015-02-26,37.042
2015-02-25,36.8997
2015-02-24,36.7724
2015-02-23,36.6857
2015-02-20,36.6124
2015-02-19,36.5407
2015-02-18,36.4492
2015-02-17,36.3613
2015-02-13,36.26
2015-02-12,36.1425
2015-02-11,36.0598
2015-02-10,36.0125
2015-02-09,35.9736
2015-02-06,35.9829
2015-02-05,35.9953
2015-02-04,35.9625
2015-02-03,35.9316
2015-02-02,35.9259
2015-01-30,35.9683
2015-01-29,36.0324
2015-01-28,36.0947
2015-01-27,36.1871
2015-01-26,36.2857
2015-01-23,36.3237
2015-01-22,36.356
2015-01-21,36.3829
2015-01-20,36.4174
2015-01-16,36.4529
2015-01-15,36.4525
2015-01-14,36.4363
2015-01-13,36.4209
2015-01-12,36.406
2015-01-09,36.4169
2015-01-08,36.3987
2015-01-07,36.4024
2015-01-06,36.4459
2015-01-05,36.5233
2015-01-02,36.5813
2014-12-31,36.6114
2014-12-30,36.6314
2014-12-29,36.6304
2014-12-26,36.6375
2014-12-24,36.6265
2014-12-23,36.6067
2014-12-22,36.5843
2014-12-19,36.5571
2014-12-18,36.5493
2014-12-17,36.5344
2014-12-16,36.5823
2014-12-15,36.6571
2014-12-12,36.7116
2014-12-11,36.7426
2014-12-10,36.7369
2014-12-09,36.7334
2014-12-08,36.7013
2014-12-05,36.6639
2014-12-04,36.6054
2014-12-03,36.5456
2014-12-02,36.4809
2014-12-01,36.4233
2014-11-28,36.3589
2014-11-26,36.2459
2014-11-25,36.136
2014-11-24,36.0445
2014-11-21,35.9301
2014-11-20,35.8237
2014-11-19,35.705
2014-11-18,35.5766
2014-11-17,35.4442
2014-11-14,35.2855
2014-11-13,35.1113
2014-11-12,34.9306
2014-11-11,34.7692
2014-11-10,34.625
2014-11-07,34.479
2014-11-06,34.3563
2014-11-05,34.2797
2014-11-04,34.2314
2014-11-03,34.1553
2014-10-31,34.106
2014-10-30,34.0638
2014-10-29,34.0348
2014-10-28,34.0124
2014-10-27,34.0155
2014-10-24,34.037
2014-10-23,34.0607
2014-10-22,34.0805
2014-10-21,34.1579
2014-10-20,34.216
2014-10-17,34.3105
2014-10-16,34.4288
2014-10-15,34.5702
2014-10-14,34.6915
2014-10-13,34.7978
2014-10-10,34.8936
2014-10-09,34.9814
2014-10-08,35.0327
2014-10-07,35.0511
2014-10-06,35.0915
2014-10-03,35.1173
2014-10-02,35.1409
2014-10-01,35.1681
2014-09-30,35.1953
2014-09-29,35.2048
2014-09-26,35.2192
2014-09-25,35.2253
2014-09-24,35.2529
2014-09-23,35.2422
2014-09-22,35.2421
2014-09-19,35.2363
2014-09-18,35.2182
2014-09-17,35.188
2014-09-16,35.1683
2014-09-15,35.1411
2014-09-12,35.1109
2014-09-11,35.0702
2014-09-10,35.019
2014-09-09,34.955
2014-09-08,34.9555
2014-09-05,34.8819
2014-09-04,34.8
2014-09-03,34.7357
2014-09-02,34.6757
2014-08-29,34.622
2014-08-28,34.5568
2014-08-27,34.5086
2014-08-26,34.4906
2014-08-25,34.4705
2014-08-22,34.4547
2014-08-21,34.4377
2014-08-20,34.4232
2014-08-19,34.4184
2014-08-18,34.4105
2014-08-15,34.3991
2014-08-14,34.4061
2014-08-13,34.4131
2014-08-12,34.421
2014-08-11,34.4337
2014-08-08,34.3956
2014-08-07,34.4066
2014-08-06,34.4197
2014-08-05,34.4306
2014-08-04,34.428
2014-08-01,34.4247
2014-07-31,34.4318
2014-07-30,34.4221
2014-07-29,34.3779
2014-07-28,34.3184
2014-07-25,34.2549
2014-07-24,34.1844
2014-07-23,34.1134
2014-07-22,34.0346
2014-07-21,33.9676
2014-07-18,33.9103
2014-07-17,33.8544
2014-07-16,33.8016
2014-07-15,33.7422
2014-07-14,33.6907
2014-07-11,33.6362
2014-07-10,33.5843
2014-07-09,33.5556
2014-07-08,33.526
2014-07-07,33.5038
2014-07-03,33.4611
2014-07-02,33.4127
2014-07-01,33.3609
2014-06-30,33.3078
2014-06-27,33.2743
2014-06-26,33.2439
2014-06-25,33.2219
2014-06-24,33.1885
2014-06-23,33.166
2014-06-20,33.1208
2014-06-19,33.067
2014-06-18,33.0064
2014-06-17,32.9318
2014-06-16,32.8752
2014-06-13,32.812
2014-06-12,32.7388
2014-06-11,32.6847
2014-06-10,32.6237
2014-06-09,32.5579
2014-06-06,32.4716
2014-06-05,32.3888
2014-06-04,32.309
2014-06-03,32.2393
2014-06-02,32.1905
2014-05-30,32.1307
2014-05-29,32.0728
2014-05-28,32.0148
2014-05-27,31.9616
2014-05-23,31.8932
2014-05-22,31.8239
2014-05-21,31.7882
2014-05-20,31.7433
2014-05-19,31.7263
2014-05-16,31.6936
2014-05-15,31.6653
2014-05-14,31.6491
2014-05-13,31.6082
2014-05-12,31.5519
2014-05-09,31.4813
2014-05-08,31.4495
2014-05-07,31.456
2014-05-06,31.446
2014-05-05,31.4229
2014-05-02,31.3942
2014-05-01,31.4042
2014-04-30,31.4177
2014-04-29,31.4321
2014-04-28,31.4325
2014-04-25,31.4316
2014-04-24,31.4395
2014-04-23,31.4329
2014-04-22,31.4578
2014-04-21,31.456
2014-04-17,31.4621
2014-04-16,31.4823
2014-04-15,31.4881
2014-04-14,31.5156
2014-04-11,31.5307
2014-04-10,31.5427
2014-04-09,31.5469
2014-04-08,31.5357
2014-04-07,31.5428
2014-04-04,31.5673
2014-04-03,31.5823
2014-04-02,31.5715
2014-04-01,31.5507
2014-03-31,31.5286
2014-03-28,31.5048
2014-03-27,31.5102
2014-03-26,31.5199
2014-03-25,31.5114
2014-03-24,31.4824
2014-03-21,31.4673
2014-03-20,31.4449
2014-03-19,31.4206
2014-03-18,31.4032
2014-03-17,31.3846
2014-03-14,31.3854
2014-03-13,31.4015
2014-03-12,31.3967
2014-03-11,31.3646
2014-03-10,31.3164
2014-03-07,31.2618
2014-03-06,31.1841
2014-03-05,31.0851
2014-03-04,30.987
2014-03-03,30.8855
2014-02-28,30.836
2014-02-27,30.7662
2014-02-26,30.6798
2014-02-25,30.6177
2014-02-24,30.5661
2014-02-21,30.5244
2014-02-20,30.5188
2014-02-19,30.5101
2014-02-18,30.5084
2014-02-14,30.4936
2014-02-13,30.4884
2014-02-12,30.4867
2014-02-11,30.4776
2014-02-10,30.4489
2014-02-07,30.4554
2014-02-06,30.4619
2014-02-05,30.4988
2014-02-04,30.5522
2014-02-03,30.593
2014-01-31,30.642
2014-01-30,30.6668
2014-01-29,30.7102
2014-01-28,30.7618
2014-01-27,30.8048
2014-01-24,30.8399
2014-01-23,30.8569
2014-01-22,30.8395
2014-01-21,30.7991
2014-01-17,30.7453
2014-01-16,30.6967
2014-01-15,30.6278
2014-01-14,30.5589
2014-01-13,30.4939
2014-01-10,30.4593
2014-01-09,30.4182
2014-01-08,30.3939
2014-01-07,30.3626
2014-01-06,30.3266
2014-01-03,30.2941
2014-01-02,30.2638
2013-12-31,30.2247
2013-12-30,30.1671
2013-12-27,30.1241
2013-12-26,30.0721
2013-12-24,30.0072
2013-12-23,29.9409
2013-12-20,29.879
2013-12-19,29.8401
2013-12-18,29.8004
2013-12-17,29.768
2013-12-16,29.7524
2013-12-13,29.7421
2013-12-12,29.7431
2013-12-11,29.7436
2013-12-10,29.7215
2013-12-09,29.6818
2013-12-06,29.6373
2013-12-05,29.5844
2013-12-04,29.5611
2013-12-03,29.5183
2013-12-02,29.4808
2013-11-29,29.441
2013-11-27,29.3961
2013-11-26,29.362
2013-11-25,29.3424
2013-11-22,29.3186
2013-11-21,29.2901
2013-11-20,29.2512
2013-11-19,29.2214
2013-11-18,29.1938
2013-11-15,29.1614
2013-11-14,29.1156
2013-11-13,29.0489
2013-11-12,28.9777
2013-11-11,28.9055
2013-11-08,28.8459
2013-11-07,28.7833
2013-11-06,28.7222
2013-11-05,28.619
2013-11-04,28.5253
2013-11-01,28.4497
2013-10-31,28.3858
2013-10-30,28.3167
2013-10-29,28.2549
2013-10-28,28.19
2013-10-25,28.1222
2013-10-24,28.0677
2013-10-23,28.0293
2013-10-22,27.9891
2013-10-21,27.9442
2013-10-18,27.9049
2013-10-17,27.8693
2013-10-16,27.8678
2013-10-15,27.8656
2013-10-14,27.8593
2013-10-11,27.8374
2013-10-10,27.8222
2013-10-09,27.8174
2013-10-08,27.8344
2013-10-07,27.863
2013-10-04,27.861
2013-10-03,27.8366
2013-10-02,27.817
2013-10-01,27.7846
2013-09-30,27.7397
2013-09-27,27.7054
2013-09-26,27.669
2013-09-25,27.6166
2013-09-24,27.5686
2013-09-23,27.5425
2013-09-20,27.5167
2013-09-19,27.4852
2013-09-18,27.4377
2013-09-17,27.3944
2013-09-16,27.3664
2013-09-13,27.3495
2013-09-12,27.3321
2013-09-11,27.3383
2013-09-10,27.3469
2013-09-09,27.3396
2013-09-06,27.3318
2013-09-05,27.3475
2013-09-04,27.3596
2013-09-03,27.3757
2013-08-30,27.4122
2013-08-29,27.447
2013-08-28,27.4693
2013-08-27,27.4844
2013-08-26,27.505
2013-08-23,27.4947
2013-08-22,27.4801
2013-08-21,27.4715
2013-08-20,27.468
2013-08-19,27.4526
2013-08-16,27.4449
2013-08-15,27.429
2013-08-14,27.435
2013-08-13,27.4221
2013-08-12,27.4068
2013-08-09,27.4
2013-08-08,27.3982
2013-08-07,27.3886
2013-08-06,27.3606
2013-08-05,27.325
2013-08-02,27.2768
2013-08-01,27.2326
2013-07-31,27.1857
2013-07-30,27.1458
2013-07-29,27.0989
2013-07-26,27.0519
2013-07-25,27.0084
2013-07-24,26.9625
2013-07-23,26.9096
2013-07-22,26.855
2013-07-19,26.8107
2013-07-18,26.7785
2013-07-17,26.7527
2013-07-16,26.7393
2013-07-15,26.7164
2013-07-12,26.6821
2013-07-11,26.6617
2013-07-10,26.627
2013-07-09,26.624
2013-07-08,26.6395
2013-07-05,26.6571
2013-07-03,26.6614
2013-07-02,26.6714
2013-07-01,26.7024
2013-06-28,26.7414
2013-06-27,26.7808
2013-06-26,26.8271
2013-06-25,26.8714
2013-06-24,26.9268
2013-06-21,26.9866
2013-06-20,27.0325
2013-06-19,27.071
2013-06-18,27.0945
2013-06-17,27.1065
2013-06-14,27.1292
2013-06-13,27.1506
2013-06-12,27.1546
2013-06-11,27.1696
2013-06-10,27.1713
2013-06-07,27.1623
2013-06-06,27.1525
2013-06-05,27.1589
2013-06-04,27.1576
2013-06-03,27.1439
2013-05-31,27.1179
2013-05-30,27.0862
2013-05-29,27.0251
2013-05-28,26.984
2013-05-24,26.9254
2013-05-23,26.8549
2013-05-22,26.7826
2013-05-21,26.7057
2013-05-20,26.6116
2013-05-17,26.4993
2013-05-16,26.3775
2013-05-15,26.2676
2013-05-14,26.1782
2013-05-13,26.1196
2013-05-10,26.0495
2013-05-09,25.9971
2013-05-08,25.9544
2013-05-07,25.912
2013-05-06,25.8577
2013-05-03,25.7936
2013-05-02,25.7303
2013-05-01,25.6893
2013-04-30,25.6645
2013-04-29,25.6384
2013-04-26,25.6213
2013-04-25,25.6311
2013-04-24,25.638
2013-04-23,25.6525
2013-04-22,25.661
2013-04-19,25.6866
2013-04-18,25.7133
2013-04-17,25.7565
2013-04-16,25.78
2013-04-15,25.7787
2013-04-12,25.7928
2013-04-11,25.7909
2013-04-10,25.7741
2013-04-09,25.7538
2013-04-08,25.7609
2013-04-05,25.774
2013-04-04,25.79
2013-04-03,25.7933
2013-04-02,25.7978
2013-04-01,25.7747
2013-03-28,25.7528
2013-03-27,25.7202
2013-03-26,25.6928
2013-03-25,25.6514
2013-03-22,25.6107
2013-03-21,25.5849
2013-03-20,25.5522
2013-03-19,25.5149
2013-03-18,25.5014
2013-03-15,25.4777
2013-03-14,25.4555
2013-03-13,25.4314
2013-03-12,25.417
2013-03-11,25.4059
2013-03-08,25.3876
2013-03-07,25.3612
2013-03-06,25.3373
2013-03-05,25.3169
2013-03-04,25.2811
2013-03-01,25.2794
2013-02-28,25.2675
2013-02-27,25.2556
2013-02-26,25.2449
2013-02-25,25.2431
2013-02-22,25.2444
2013-02-21,25.2265
2013-02-20,25.2457
2013-02-19,25.2414
2013-02-15,25.2165
2013-02-14,25.2016
2013-02-13,25.1807
2013-02-12,25.1521
2013-02-11,25.1313
2013-02-08,25.1142
2013-02-07,25.0981
2013-02-06,25.0866
2013-02-05,25.0729
2013-02-04,25.0636
2013-02-01,25.0704
2013-01-31,25.0657
2013-01-30,25.0832
2013-01-29,25.0619
2013-01-28,25.0159
2013-01-25,24.9853
2013-01-24,24.9601
2013-01-23,24.9431
2013-01-22,24.9078
2013-01-18,24.8963
2013-01-17,24.8861
2013-01-16,24.8806
2013-01-15,24.862
2013-01-14,24.8328
2013-01-11,24.8074
2013-01-10,24.7828
2013-01-09,24.762
2013-01-08,24.7311
2013-01-07,24.6993
2013-01-04,24.669
2013-01-03,24.63
2013-01-02,24.598
2012-12-31,24.5602
2012-12-28,24.565
2012-12-27,24.5919
2012-12-26,24.5992
2012-12-24,24.5981
2012-12-21,24.5954
2012-12-20,24.5841
2012-12-19,24.5426
2012-12-18,24.4994
2012-12-17,24.4548
2012-12-14,24.3963
2012-12-13,24.351
2012-12-12,24.3004
2012-12-11,24.253
2012-12-10,24.2092
2012-12-07,24.1838
2012-12-06,24.1558
2012-12-05,24.1391
2012-12-04,24.1603
2012-12-03,24.1639
2012-11-30,24.1584
2012-11-29,24.1673
2012-11-28,24.155
2012-11-27,24.1538
2012-11-26,24.1576
2012-11-23,24.1587
2012-11-21,24.1722
2012-11-20,24.2188
2012-11-19,24.2607
2012-11-16,24.3263
2012-11-15,24.439
2012-11-14,24.56
2012-11-13,24.6572
2012-11-12,24.736
2012-11-09,24.8098
2012-11-08,24.8869
2012-11-07,24.9745
2012-11-06,25.0613
2012-11-05,25.1308
2012-11-02,25.2125
2012-11-01,25.2972
2012-10-31,25.359
2012-10-26,25.439
2012-10-25,25.5167
2012-10-24,25.6058
2012-10-23,25.6756
2012-10-22,25.7476
2012-10-19,25.8247
2012-10-18,25.9187
2012-10-17,25.9824
2012-10-16,26.0336
2012-10-15,26.0768
2012-10-12,26.1365
2012-10-11,26.2013
2012-10-10,26.2589
2012-10-09,26.2938
2012-10-08,26.3163
2012-10-05,26.319
2012-10-04,26.3221
2012-10-03,26.3205
2012-10-02,26.294
2012-10-01,26.2756
2012-09-28,26.2589
2012-09-27,26.2293
2012-09-26,26.2047
2012-09-25,26.1943
2012-09-24,26.1775
2012-09-21,26.1409
2012-09-20,26.0878
2012-09-19,26.0469
2012-09-18,26.0013
2012-09-17,25.9655
2012-09-14,25.9292
2012-09-13,25.8871
2012-09-12,25.8339
2012-09-11,25.7981
2012-09-10,25.7719
2012-09-07,25.7454
2012-09-06,25.702
2012-09-05,25.6522
2012-09-04,25.6307
2012-08-31,25.5995
2012-08-30,25.5594
2012-08-29,25.5055
2012-08-28,25.4452
2012-08-27,25.3916
2012-08-24,25.3301
2012-08-23,25.2693
2012-08-22,25.1905
2012-08-21,25.083
2012-08-20,24.9822
2012-08-17,24.8852
2012-08-16,24.8011
2012-08-15,24.7383
2012-08-14,24.6822
2012-08-13,24.6059
2012-08-10,24.5224
2012-08-09,24.444
2012-08-08,24.3529
2012-08-07,24.2778
2012-08-06,24.2087
2012-08-03,24.1615
2012-08-02,24.1256
2012-08-01,24.1319
2012-07-31,24.1303
2012-07-30,24.1147
2012-07-27,24.0972
2012-07-26,24.0474
2012-07-25,24.0335
2012-07-24,24.0305
2012-07-23,24.0183
2012-07-20,24.0183
2012-07-19,23.9934
2012-07-18,23.9833
2012-07-17,23.9816
2012-07-16,23.9913
2012-07-13,23.9968
2012-07-12,23.9885
2012-07-11,23.9899
2012-07-10,23.9866
2012-07-09,23.9661
2012-07-06,23.9489
2012-07-05,23.9161
2012-07-03,23.8709
2012-07-02,23.7992
2012-06-29,23.7303
2012-06-28,23.6617
2012-06-27,23.6563
2012-06-26,23.6468
2012-06-25,23.6519
2012-06-22,23.6462
2012-06-21,23.6185
2012-06-20,23.6108
2012-06-19,23.573
2012-06-18,23.5411
2012-06-15,23.4898
2012-06-14,23.4584
2012-06-13,23.4563
2012-06-12,23.4697
2012-06-11,23.4794
2012-06-08,23.5113
2012-06-07,23.5256
2012-06-06,23.5622
2012-06-05,23.5928
2012-06-04,23.6544
2012-06-01,23.7262
2012-05-31,23.8308
2012-05-30,23.9152
2012-05-29,23.9933
2012-05-25,24.0597
2012-05-24,24.1504
2012-05-23,24.239
2012-05-22,24.3111
2012-05-21,24.3501
2012-05-18,24.388
2012-05-17,24.464
2012-05-16,24.5337
2012-05-15,24.5992
2012-05-14,24.6656
2012-05-11,24.7017
2012-05-10,24.7404
2012-05-09,24.7994
2012-05-08,24.8338
2012-05-07,24.8611
2012-05-04,24.9019
2012-05-03,24.9481
2012-05-02,24.9653
2012-05-01,24.9871
2012-04-30,25.0107
2012-04-27,25.0249
2012-04-26,25.0342
2012-04-25,25.0455
2012-04-24,25.0714
2012-04-23,25.1318
2012-04-20,25.1711
2012-04-19,25.2009
2012-04-18,25.2291
2012-04-17,25.245
2012-04-16,25.2518
2012-04-13,25.2761
2012-04-12,25.288
2012-04-11,25.2771
2012-04-10,25.2768
2012-04-09,25.2596
2012-04-05,25.2229
2012-04-04,25.172
2012-04-03,25.1118
2012-04-02,25.0275
2012-03-30,24.9543
2012-03-29,24.905
2012-03-28,24.8536
2012-03-27,24.7924
2012-03-26,24.7322
2012-03-23,24.6627
2012-03-22,24.6099
2012-03-21,24.5497
2012-03-20,24.482
2012-03-19,24.4181
2012-03-16,24.3479
2012-03-15,24.2869
2012-03-14,24.2082
2012-03-13,24.1391
2012-03-12,24.0725
2012-03-09,24.0227
2012-03-08,23.9834
2012-03-07,23.9381
2012-03-06,23.898
2012-03-05,23.8638
2012-03-02,23.8171
2012-03-01,23.7455
2012-02-29,23.6693
2012-02-28,23.5892
2012-02-27,23.5012
2012-02-24,23.4188
2012-02-23,23.3384
2012-02-22,23.2726
2012-02-21,23.2027
2012-02-17,23.1294
2012-02-16,23.0574
2012-02-15,22.9842
2012-02-14,22.9201
2012-02-13,22.8339
2012-02-10,22.7447
2012-02-09,22.6693
2012-02-08,22.5797
2012-02-07,22.4981
2012-02-06,22.4198
2012-02-03,22.3461
2012-02-02,22.2726
2012-02-01,22.2102
2012-01-31,22.1478
2012-01-30,22.0817
2012-01-27,22.021
2012-01-26,21.9557
2012-01-25,21.9012
2012-01-24,21.8376
2012-01-23,21.7723
2012-01-20,21.694
2012-01-19,21.6368
2012-01-18,21.5518
2012-01-17,21.4848
2012-01-13,21.4309
2012-01-12,21.3844
2012-01-11,21.348
2012-01-10,21.327
2012-01-09,21.323
2012-01-06,21.3062
2012-01-05,21.3048
2012-01-04,21.3026
2012-01-03,21.3041
2011-12-30,21.2965
2011-12-29,21.3048
2011-12-28,21.3039
2011-12-27,21.2713
2011-12-23,21.2333
2011-12-22,21.1641
2011-12-21,21.1107
2011-12-20,21.094
2011-12-19,21.0617
2011-12-16,21.0767
2011-12-15,21.0905
2011-12-14,21.128
2011-12-13,21.1793
2011-12-12,21.1997
2011-12-09,21.2185
2011-12-08,21.2031
2011-12-07,21.201
2011-12-06,21.2202
2011-12-05,21.2281
2011-12-02,21.2289
2011-12-01,21.2485
2011-11-30,21.2419
2011-11-29,21.2281
2011-11-28,21.284
2011-11-25,21.354
2011-11-23,21.4532
2011-11-22,21.5153
2011-11-21,21.5482
2011-11-18,21.5966
2011-11-17,21.6099
2011-11-16,21.6012
2011-11-15,21.5762
2011-11-14,21.5558
2011-11-11,21.5403
2011-11-10,21.5337
2011-11-09,21.5287
2011-11-08,21.5153
2011-11-07,21.459
2011-11-04,21.4107
2011-11-03,21.3377
2011-11-02,21.2619
2011-11-01,21.1964
2011-10-31,21.1235
2011-10-28,21.0009
2011-10-27,20.8808
2011-10-26,20.79
2011-10-25,20.7329
2011-10-24,20.6949
2011-10-21,20.627
2011-10-20,20.5632
2011-10-19,20.5015
2011-10-18,20.4669
2011-10-17,20.4269
2011-10-14,20.3989
2011-10-13,20.3564
2011-10-12,20.3213
2011-10-11,20.2817
2011-10-10,20.2317
2011-10-07,20.1746
2011-10-06,20.1372
2011-10-05,20.1172
2011-10-04,20.1172
2011-10-03,20.1123
2011-09-30,20.1315
2011-09-29,20.1515
2011-09-28,20.1573
2011-09-27,20.1635
2011-09-26,20.151
2011-09-23,20.1264
2011-09-22,20.0953
2011-09-21,20.0895
2011-09-20,20.0434
2011-09-19,19.9473
2011-09-16,19.8438
2011-09-15,19.761
2011-09-14,19.7385
2011-09-13,19.7369
2011-09-12,19.7576
2011-09-09,19.7722
2011-09-08,19.7913
2011-09-07,19.7527
2011-09-06,19.7481
2011-09-02,19.7253
2011-09-01,19.7548
2011-08-31,19.7676
2011-08-30,19.8121
2011-08-29,19.8432
2011-08-26,19.901
2011-08-25,19.9844
2011-08-24,20.0957
2011-08-23,20.1946
2011-08-22,20.3316
2011-08-19,20.4982
2011-08-18,20.6726
2011-08-17,20.8142
2011-08-16,20.9019
2011-08-15,20.9883
2011-08-12,21.0414
2011-08-11,21.1161
2011-08-10,21.1863
2011-08-09,21.3022
2011-08-08,21.3765
2011-08-05,21.504
2011-08-04,21.5929
2011-08-03,21.6809
2011-08-02,21.7129
2011-08-01,21.7507
2011-07-29,21.7644
2011-07-28,21.7599
2011-07-27,21.7333
2011-07-26,21.6967
2011-07-25,21.6178
2011-07-22,21.5302
2011-07-21,21.4575
2011-07-20,21.3873
2011-07-19,21.3296
2011-07-18,21.2504
2011-07-15,21.1929
2011-07-14,21.1327
2011-07-13,21.0867
2011-07-12,21.0509
2011-07-11,21.0049
2011-07-08,20.9484
2011-07-07,20.8882
2011-07-06,20.8217
2011-07-05,20.7756
2011-07-01,20.7377
2011-06-30,20.7094
2011-06-29,20.7146
2011-06-28,20.7323
2011-06-27,20.7811
2011-06-24,20.8278
2011-06-23,20.8829
2011-06-22,20.9131
2011-06-21,20.947
2011-06-20,20.9768
2011-06-17,21.04
2011-06-16,21.1135
2011-06-15,21.1838
2011-06-14,21.2438
2011-06-13,21.2843
2011-06-10,21.3534
2011-06-09,21.4369
2011-06-08,21.4978
2011-06-07,21.5693
2011-06-06,21.6239
2011-06-03,21.6707
2011-06-02,21.7075
2011-06-01,21.7339
2011-05-31,21.7646
2011-05-27,21.772
2011-05-26,21.7985
2011-05-25,21.8312
2011-05-24,21.8705
2011-05-23,21.9064
2011-05-20,21.93
2011-05-19,21.9375
2011-05-18,21.9292
2011-05-17,21.9006
2011-05-16,21.8771
2011-05-13,21.863
2011-05-12,21.8353
2011-05-11,21.796
2011-05-10,21.7584
2011-05-09,21.7195
2011-05-06,21.6922
2011-05-05,21.6756
2011-05-04,21.6607
2011-05-03,21.6322
2011-05-02,21.602
2011-04-29,21.5759
2011-04-28,21.5479
2011-04-27,21.521
2011-04-26,21.49
2011-04-25,21.4581
2011-04-21,21.4379
2011-04-20,21.4159
2011-04-19,21.3869
2011-04-18,21.3745
2011-04-15,21.3668
2011-04-14,21.332
2011-04-13,21.2934
2011-04-12,21.2421
2011-04-11,21.2229
2011-04-08,21.2107
2011-04-07,21.2017
2011-04-06,21.1824
2011-04-05,21.1838
2011-04-04,21.1974
2011-04-01,21.2004
2011-03-31,21.2135
2011-03-30,21.2333
2011-03-29,21.2338
2011-03-28,21.2323
2011-03-25,21.2592
2011-03-24,21.2791
2011-03-23,21.288
2011-03-22,21.3096
2011-03-21,21.3498
2011-03-18,21.4155
2011-03-17,21.5003
2011-03-16,21.5847
2011-03-15,21.6736
2011-03-14,21.7413
2011-03-11,21.7916
2011-03-10,21.8312
2011-03-09,21.8799
2011-03-08,21.9105
2011-03-07,21.9321
2011-03-04,21.9573
2011-03-03,21.9616
2011-03-02,21.9553
2011-03-01,21.9644
2011-02-28,21.9619
2011-02-25,21.9318
2011-02-24,21.9314
2011-02-23,21.9409
2011-02-22,21.9479
2011-02-18,21.9372
2011-02-17,21.8844
2011-02-16,21.8362
2011-02-15,21.7959
2011-02-14,21.7694
2011-02-11,21.7376
2011-02-10,21.698
2011-02-09,21.665
2011-02-08,21.6176
2011-02-07,21.5697
2011-02-04,21.5255
2011-02-03,21.4917
2011-02-02,21.4587
2011-02-01,21.4213
2011-01-31,21.3818
2011-01-28,21.3488
2011-01-27,21.3236
2011-01-26,21.2758
2011-01-25,21.2296
2011-01-24,21.1909
2011-01-21,21.155
2011-01-20,21.1344
2011-01-19,21.1088
2011-01-18,21.0713
2011-01-14,21.0252
2011-01-13,20.9783
2011-01-12,20.9391
2011-01-11,20.9032
2011-01-10,20.8752
2011-01-07,20.8473
2011-01-06,20.8155
2011-01-05,20.778
2011-01-04,20.7381
2011-01-03,20.7031
2010-12-31,20.672
2010-12-30,20.6503
2010-12-29,20.6153
2010-12-28,20.557
2010-12-27,20.5105
2010-12-23,20.4653
2010-12-22,20.432
2010-12-21,20.3819
2010-12-20,20.3453
2010-12-17,20.3091
2010-12-16,20.2709
2010-12-15,20.2183
2010-12-14,20.167
2010-12-13,20.1296
2010-12-10,20.0968
2010-12-09,20.0762
2010-12-08,20.0762
2010-12-07,20.0762
2010-12-06,20.0877
2010-12-03,20.0996
2010-12-02,20.1126
2010-12-01,20.1126
2010-11-30,20.1187
2010-11-29,20.136
2010-11-26,20.1426
2010-11-24,20.145
2010-11-23,20.1376
2010-11-22,20.1438
2010-11-19,20.1327
2010-11-18,20.1245
2010-11-17,20.1163
2010-11-16,20.1237
2010-11-15,20.1232
2010-11-12,20.1224
2010-11-11,20.1122
2010-11-10,20.0713
2010-11-09,20.0142
2010-11-08,19.9501
2010-11-05,19.8774
2010-11-04,19.8039
2010-11-03,19.7242
2010-11-02,19.6597
2010-11-01,19.6054
2010-10-29,19.5426
2010-10-28,19.4884
2010-10-27,19.4354
2010-10-26,19.3861
2010-10-25,19.3417
2010-10-22,19.2986
2010-10-21,19.2579
2010-10-20,19.202
2010-10-19,19.1482
2010-10-18,19.1072
2010-10-15,19.0501
2010-10-14,18.986
2010-10-13,18.9334
2010-10-12,18.8759
2010-10-11,18.8204
2010-10-08,18.7671
2010-10-07,18.6994
2010-10-06,18.6366
2010-10-05,18.5714
2010-10-04,18.4968
2010-10-01,18.448
2010-09-30,18.3783
2010-09-29,18.3012
2010-09-28,18.1988
2010-09-27,18.0972
2010-09-24,18.0082
2010-09-23,17.9095
2010-09-22,17.8374
2010-09-21,17.7587
2010-09-20,17.6874
2010-09-17,17.6223
2010-09-16,17.5727
2010-09-15,17.5387
2010-09-14,17.5052
2010-09-13,17.4679
2010-09-10,17.4327
2010-09-09,17.4176
2010-09-08,17.4151
2010-09-07,17.4368
2010-09-03,17.4728
2010-09-02,17.4953
2010-09-01,17.5334
2010-08-31,17.5833
2010-08-30,17.6476
2010-08-27,17.7139
2010-08-26,17.7499
2010-08-25,17.7999
2010-08-24,17.8494
2010-08-23,17.9116
2010-08-20,17.9591
2010-08-19,17.9935
2010-08-18,18.0197
2010-08-17,18.0115
2010-08-16,18.0189
2010-08-13,18.0299
2010-08-12,18.0341
2010-08-11,18.0599
2010-08-10,18.0705
2010-08-09,18.0542
2010-08-06,18.0157
2010-08-05,17.9793
2010-08-04,17.9359
2010-08-03,17.8831
2010-08-02,17.8106
2010-07-30,17.7251
2010-07-29,17.6596
2010-07-28,17.5937
2010-07-27,17.5327
2010-07-26,17.4971
2010-07-23,17.4625
2010-07-22,17.4342
2010-07-21,17.4301
2010-07-20,17.4514
2010-07-19,17.4698
2010-07-16,17.5005
2010-07-15,17.5398
2010-07-14,17.5501
2010-07-13,17.5608
2010-07-12,17.5536
2010-07-09,17.5607
2010-07-08,17.5641
2010-07-07,17.5512
2010-07-06,17.5482
2010-07-02,17.5705
2010-07-01,17.6137
2010-06-30,17.6846
2010-06-29,17.7432
2010-06-28,17.7692
2010-06-25,17.771
2010-06-24,17.782
2010-06-23,17.7626
2010-06-22,17.7337
2010-06-21,17.7057
2010-06-18,17.6739
2010-06-17,17.6291
2010-06-16,17.6128
2010-06-15,17.6066
2010-06-14,17.6168
2010-06-11,17.6458
2010-06-10,17.6911
2010-06-09,17.758
2010-06-08,17.8216
2010-06-07,17.8869
2010-06-04,17.913
2010-06-03,17.9464
2010-06-02,17.979
2010-06-01,18.0247
2010-05-28,18.1177
2010-05-27,18.1891
2010-05-26,18.2735
2010-05-25,18.3775
2010-05-24,18.4701
2010-05-21,18.5794
2010-05-20,18.6859
2010-05-19,18.7964
2010-05-18,18.8759
2010-05-17,18.9465
2010-05-14,18.9979
2010-05-13,19.0517
2010-05-12,19.1007
2010-05-11,19.1313
2010-05-10,19.1721
2010-05-07,19.2039
2010-05-06,19.2744
2010-05-05,19.3177
2010-05-04,19.3311
2010-05-03,19.3442
2010-04-30,19.3287
2010-04-29,19.3153
2010-04-28,19.283
2010-04-27,19.2635
2010-04-26,19.2427
2010-04-23,19.1998
2010-04-22,19.1603
2010-04-21,19.1215
2010-04-20,19.0897
2010-04-19,19.051
2010-04-16,19.0106
2010-04-15,18.9778
2010-04-14,18.9308
2010-04-13,18.8854
2010-04-12,18.8469
2010-04-09,18.8121
2010-04-08,18.7802
2010-04-07,18.7519
2010-04-06,18.7192
2010-04-05,18.6788
2010-04-01,18.6343
2010-03-31,18.5898
2010-03-30,18.54
2010-03-29,18.487
2010-03-26,18.4393
2010-03-25,18.383
2010-03-24,18.321
2010-03-23,18.2631
2010-03-22,18.1922
2010-03-19,18.1412
2010-03-18,18.0988
2010-03-17,18.0533
2010-03-16,18.0033
2010-03-15,17.9537
2010-03-12,17.898
2010-03-11,17.8398
2010-03-10,17.7719
2010-03-09,17.7101
2010-03-08,17.6471
2010-03-05,17.5918
2010-03-04,17.5329
2010-03-03,17.5093
2010-03-02,17.4873
2010-03-01,17.4572
2010-02-26,17.4161
2010-02-25,17.4015
2010-02-24,17.4137
2010-02-23,17.4161
2010-02-22,17.4296
2010-02-19,17.4247
2010-02-18,17.4499
2010-02-17,17.4824
2010-02-16,17.5357
2010-02-12,17.5755
2010-02-11,17.6414
2010-02-10,17.7064
2010-02-09,17.7715
2010-02-08,17.8443
2010-02-05,17.928
2010-02-04,18.002
2010-02-03,18.0882
2010-02-02,18.1606
2010-02-01,18.2362
2010-01-29,18.3066
2010-01-28,18.3948
2010-01-27,18.4647
2010-01-26,18.5103
2010-01-25,18.5603
2010-01-22,18.5993
2010-01-21,18.642
2010-01-20,18.6457
2010-01-19,18.6314
2010-01-15,18.5888
2010-01-14,18.573
2010-01-13,18.5413
2010-01-12,18.5178
2010-01-11,18.4959
2010-01-08,18.4658
2010-01-07,18.4281
2010-01-06,18.3879
2010-01-05,18.3522
2010-01-04,18.3075
2009-12-31,18.256
2009-12-30,18.2178
2009-12-29,18.1727
2009-12-28,18.1168
2009-12-24,18.0579
2009-12-23,18.0165
2009-12-22,17.982
2009-12-21,17.9528
2009-12-18,17.9156
2009-12-17,17.8909
2009-12-16,17.8925
2009-12-15,17.888
2009-12-14,17.8824
2009-12-11,17.8613
2009-12-10,17.8394
2009-12-09,17.822
2009-12-08,17.8034
2009-12-07,17.7936
2009-12-04,17.7559
2009-12-03,17.7154
2009-12-02,17.6623
2009-12-01,17.6048
2009-11-30,17.5493
2009-11-27,17.5031
2009-11-25,17.4812
2009-11-24,17.4286
2009-11-23,17.3901
2009-11-20,17.3544
2009-11-19,17.3398
2009-11-18,17.3232
2009-11-17,17.2896
2009-11-16,17.2507
2009-11-13,17.2187
2009-11-12,17.1871
2009-11-11,17.1717
2009-11-10,17.1515
2009-11-09,17.1263
2009-11-06,17.0976
2009-11-05,17.0883
2009-11-04,17.0745
2009-11-03,17.0737
2009-11-02,17.0793
2009-10-30,17.0668
2009-10-29,17.0522
2009-10-28,17.0149
2009-10-27,17.019
2009-10-26,17.008
2009-10-23,16.9971
2009-10-22,16.9667
2009-10-21,16.9392
2009-10-20,16.9238
2009-10-19,16.9088
2009-10-16,16.8865
2009-10-15,16.8772
2009-10-14,16.8546
2009-10-13,16.8337
2009-10-12,16.8165
2009-10-09,16.7968
2009-10-08,16.7804
2009-10-07,16.7688
2009-10-06,16.7512
2009-10-05,16.7259
2009-10-02,16.7096
2009-10-01,16.686
2009-09-30,16.6587
2009-09-29,16.6048
2009-09-28,16.5698
2009-09-25,16.5409
2009-09-24,16.5229
2009-09-23,16.498
2009-09-22,16.4614
2009-09-21,16.4228
2009-09-18,16.3911
2009-09-17,16.344
2009-09-16,16.2931
2009-09-15,16.237
2009-09-14,16.1756
2009-09-11,16.1389
2009-09-10,16.107
2009-09-09,16.0723
2009-09-08,16.0332
2009-09-04,16.0114
2009-09-03,15.9992
2009-09-02,15.9932
2009-09-01,15.9964
2009-08-31,16.0085
2009-08-28,16.0065
2009-08-27,15.9831
2009-08-26,15.9653
2009-08-25,15.9452
2009-08-24,15.9294
2009-08-21,15.9141
2009-08-20,15.8964
2009-08-19,15.8952
2009-08-18,15.8875
2009-08-17,15.8774
2009-08-14,15.8746
2009-08-13,15.8459
2009-08-12,15.8023
2009-08-11,15.7515
2009-08-10,15.6893
2009-08-07,15.6151
2009-08-06,15.5238
2009-08-05,15.4378
2009-08-04,15.3418
2009-08-03,15.238
2009-07-31,15.1496
2009-07-30,15.0742
2009-07-29,15.0144
2009-07-28,14.9555
2009-07-27,14.9014
2009-07-24,14.8412
2009-07-23,14.7822
2009-07-22,14.708
2009-07-21,14.6389
2009-07-20,14.5739
2009-07-17,14.5316
2009-07-16,14.4872
2009-07-15,14.4533
2009-07-14,14.4262
2009-07-13,14.4355
2009-07-10,14.4532
2009-07-09,14.4862
2009-07-08,14.5193
2009-07-07,14.5548
2009-07-06,14.5874
2009-07-02,14.6067
2009-07-01,14.6168
2009-06-30,14.5983
2009-06-29,14.591
2009-06-26,14.5797
2009-06-25,14.5559
2009-06-24,14.5234
2009-06-23,14.4912
2009-06-22,14.476
2009-06-19,14.4435
2009-06-18,14.3904
2009-06-17,14.3583
2009-06-16,14.3301
2009-06-15,14.302
2009-06-12,14.2462
2009-06-11,14.1827
2009-06-10,14.1099
2009-06-09,14.0573
2009-06-08,14.0103
2009-06-05,13.9645
2009-06-04,13.915
2009-06-03,13.9002
2009-06-02,13.8913
2009-06-01,13.8789
2009-05-29,13.8519
2009-05-28,13.8359
2009-05-27,13.8254
2009-05-26,13.8174
2009-05-22,13.8029
2009-05-21,13.8093
2009-05-20,13.8085
2009-05-19,13.7925
2009-05-18,13.7659
2009-05-15,13.7322
2009-05-14,13.7386
2009-05-13,13.7462
2009-05-12,13.7414
2009-05-11,13.7213
2009-05-08,13.7048
2009-05-07,13.6904
2009-05-06,13.6586
2009-05-05,13.5899
2009-05-04,13.5437
2009-05-01,13.4999
2009-04-30,13.4597
2009-04-29,13.4119
2009-04-28,13.3484
2009-04-27,13.2809
2009-04-24,13.2327
2009-04-23,13.1953
2009-04-22,13.1511
2009-04-21,13.1065
2009-04-20,13.0755
2009-04-17,13.0201
2009-04-16,12.9522
2009-04-15,12.8816
2009-04-14,12.8222
2009-04-13,12.7396
2009-04-09,12.6551
2009-04-08,12.5705
2009-04-07,12.4859
2009-04-06,12.3987
2009-04-03,12.2626
2009-04-02,12.1368
2009-04-01,12.0175
2009-03-31,11.9322
2009-03-30,11.8502
2009-03-27,11.7851
2009-03-26,11.7139
2009-03-25,11.6326
2009-03-24,11.5738
2009-03-23,11.5134
2009-03-20,11.4278
2009-03-19,11.4047
2009-03-18,11.3667
2009-03-17,11.3447
2009-03-16,11.3308
2009-03-13,11.3635
2009-03-12,11.3939
2009-03-11,11.4215
2009-03-10,11.4643
2009-03-09,11.5455
2009-03-06,11.6554
2009-03-05,11.727
2009-03-04,11.7917
2009-03-03,11.8397
2009-03-02,11.8901
2009-02-27,11.9261
2009-02-26,11.9665
2009-02-25,12.0212
2009-02-24,12.0528
2009-02-23,12.086
2009-02-20,12.1268
2009-02-19,12.1324
2009-02-18,12.1572
2009-02-17,12.14
2009-02-13,12.1476
2009-02-12,12.1256
2009-02-11,12.0968
2009-02-10,12.0892
2009-02-09,12.0856
2009-02-06,12.0672
2009-02-05,12.0644
2009-02-04,12.0784
2009-02-03,12.1228
2009-02-02,12.152
2009-01-30,12.1952
2009-01-29,12.2243
2009-01-28,12.2279
2009-01-27,12.202
2009-01-26,12.1928
2009-01-23,12.188
2009-01-22,12.1864
2009-01-21,12.2016
2009-01-20,12.2115
2009-01-16,12.2439
2009-01-15,12.2694
2009-01-14,12.3113
2009-01-13,12.3257
2009-01-12,12.3285
2009-01-09,12.3213
2009-01-08,12.316
2009-01-07,12.302
2009-01-06,12.2963
2009-01-05,12.2419
2009-01-02,12.1797
2008-12-31,12.1398
2008-12-30,12.1063
2008-12-29,12.0606
2008-12-26,12.0698
2008-12-24,12.0786
2008-12-23,12.0683
2008-12-22,12.054
2008-12-19,12.0043
2008-12-18,11.9184
2008-12-17,11.8611
2008-12-16,11.8186
2008-12-15,11.7557
2008-12-12,11.741
2008-12-11,11.7478
2008-12-10,11.7255
2008-12-09,11.7188
2008-12-08,11.7203
2008-12-05,11.7246
2008-12-04,11.7445
2008-12-03,11.8177
2008-12-02,11.9016
2008-12-01,11.9812
2008-11-28,12.0746
2008-11-26,12.1367
2008-11-25,12.1725
2008-11-24,12.2508
2008-11-21,12.258
2008-11-20,12.3045
2008-11-19,12.4103
2008-11-18,12.4767
2008-11-17,12.5408
2008-11-14,12.6525
2008-11-13,12.7213
2008-11-12,12.7671
2008-11-11,12.816
2008-11-10,12.8888
2008-11-07,12.9628
2008-11-06,12.9592
2008-11-05,12.9779
2008-11-04,12.9867
2008-11-03,12.9779
2008-10-31,13.0153
2008-10-30,13.0992
2008-10-29,13.1804
2008-10-28,13.3212
2008-10-27,13.4445
2008-10-24,13.6135
2008-10-23,13.8362
2008-10-22,14.0231
2008-10-21,14.218
2008-10-20,14.3723
2008-10-17,14.4936
2008-10-16,14.6762
2008-10-15,14.8365
2008-10-14,14.9961
2008-10-13,15.1314
2008-10-10,15.2587
2008-10-09,15.4889
2008-10-08,15.7084
2008-10-07,15.896
2008-10-06,16.0674
2008-10-03,16.2312
2008-10-02,16.3436
2008-10-01,16.4458
2008-09-30,16.5482
2008-09-29,16.657
2008-09-26,16.8051
2008-09-25,16.9058
2008-09-24,17.0053
2008-09-23,17.1057
2008-09-22,17.2168
2008-09-19,17.335
2008-09-18,17.4063
2008-09-17,17.4998
2008-09-16,17.6259
2008-09-15,17.7365
2008-09-12,17.8514
2008-09-11,17.9311
2008-09-10,18.0052
2008-09-09,18.094
2008-09-08,18.182
2008-09-05,18.2411
2008-09-04,18.2966
2008-09-03,18.3544
2008-09-02,18.3667
2008-08-29,18.3493
2008-08-28,18.3215
2008-08-27,18.2851
2008-08-26,18.2593
2008-08-25,18.2347
2008-08-22,18.1927
2008-08-21,18.1554
2008-08-20,18.1178
2008-08-19,18.0981
2008-08-18,18.0636
2008-08-15,18.0212
2008-08-14,17.9855
2008-08-13,17.9431
2008-08-12,17.8979
2008-08-11,17.8364
2008-08-08,17.7766
2008-08-07,17.735
2008-08-06,17.7159
2008-08-05,17.6842
2008-08-04,17.6921
2008-08-01,17.7076
2008-07-31,17.7175
2008-07-30,17.7215
2008-07-29,17.7322
2008-07-28,17.7552
2008-07-25,17.7968
2008-07-24,17.8321
2008-07-23,17.8975
2008-07-22,17.932
2008-07-21,17.9835
2008-07-18,18.039
2008-07-17,18.0937
2008-07-16,18.1548
2008-07-15,18.2352
2008-07-14,18.3323
2008-07-11,18.425
2008-07-10,18.5008
2008-07-09,18.5575
2008-07-08,18.6502
2008-07-07,18.7203
2008-07-03,18.8016
2008-07-02,18.92
2008-07-01,19.0142
2008-06-30,19.0946
2008-06-27,19.1742
2008-06-26,19.2669
2008-06-25,19.3413
2008-06-24,19.3908
2008-06-23,19.4426
2008-06-20,19.4775
2008-06-19,19.5056
2008-06-18,19.5131
2008-06-17,19.5503
2008-06-16,19.593
2008-06-13,19.6266
2008-06-12,19.6649
2008-06-11,19.6945
2008-06-10,19.7329
2008-06-09,19.7463
2008-06-06,19.7396
2008-06-05,19.7368
2008-06-04,19.7024
2008-06-03,19.7056
2008-06-02,19.6989
2008-05-30,19.691
2008-05-29,19.6692
2008-05-28,19.6139
2008-05-27,19.5827
2008-05-23,19.5479
2008-05-22,19.5289
2008-05-21,19.5194
2008-05-20,19.502
2008-05-19,19.4526
2008-05-16,19.3922
2008-05-15,19.3309
2008-05-14,19.2511
2008-05-13,19.1906
2008-05-12,19.0957
2008-05-09,19.0009
2008-05-08,18.9254
2008-05-07,18.8685
2008-05-06,18.8084
2008-05-05,18.7349
2008-05-02,18.6787
2008-05-01,18.6175
2008-04-30,18.559
2008-04-29,18.5404
2008-04-28,18.4938
2008-04-25,18.4305
2008-04-24,18.3685
2008-04-23,18.3005
2008-04-22,18.2511
2008-04-21,18.2254
2008-04-18,18.1942
2008-04-17,18.1376
2008-04-16,18.0876
2008-04-15,18.0641
2008-04-14,18.0382
2008-04-11,18.0162
2008-04-10,18.0018
2008-04-09,17.9664
2008-04-08,17.9476
2008-04-07,17.8944
2008-04-04,17.8452
2008-04-03,17.7968
2008-04-02,17.7574
2008-04-01,17.7114
2008-03-31,17.6752
2008-03-28,17.6651
2008-03-27,17.672
2008-03-26,17.6848
2008-03-25,17.6897
2008-03-24,17.6666
2008-03-20,17.6391
2008-03-19,17.6436
2008-03-18,17.6594
2008-03-17,17.6468
2008-03-14,17.6811
2008-03-13,17.7147
2008-03-12,17.7554
2008-03-11,17.772
2008-03-10,17.7776
2008-03-07,17.7981
2008-03-06,17.8159
2008-03-05,17.8281
2008-03-04,17.838
2008-03-03,17.8771
2008-02-29,17.9368
2008-02-28,17.9803
2008-02-27,17.9941
2008-02-26,18.0036
2008-02-25,18.0059
2008-02-22,18.0146
2008-02-21,18.0427
2008-02-20,18.0569
2008-02-19,18.0617
2008-02-15,18.085
2008-02-14,18.1162
2008-02-13,18.1526
2008-02-12,18.1917
2008-02-11,18.2719
2008-02-08,18.3347
2008-02-07,18.4272
2008-02-06,18.5113
2008-02-05,18.5876
2008-02-04,18.6801
2008-02-01,18.7583
2008-01-31,18.8575
2008-01-30,18.9709
2008-01-29,19.1171
2008-01-28,19.2641
2008-01-25,19.4242
2008-01-24,19.6032
2008-01-23,19.762
2008-01-22,19.926
2008-01-18,20.0844
2008-01-17,20.2109
2008-01-16,20.3145
2008-01-15,20.4098
2008-01-14,20.5042
2008-01-11,20.5847
2008-01-10,20.6901
2008-01-09,20.7632
2008-01-08,20.8544
2008-01-07,20.9539
2008-01-04,21.0262
2008-01-03,21.0791
2008-01-02,21.0682
2007-12-31,21.0627
2007-12-28,21.0422
2007-12-27,21.0193
2007-12-26,20.9862
2007-12-24,20.9085
2007-12-21,20.8258
2007-12-20,20.7722
2007-12-19,20.7222
2007-12-18,20.7065
2007-12-17,20.6888
2007-12-14,20.6916
2007-12-13,20.6597
2007-12-12,20.6337
2007-12-11,20.6082
2007-12-10,20.5665
2007-12-07,20.5248
2007-12-06,20.5098
2007-12-05,20.5346
2007-12-04,20.5999
2007-12-03,20.6829
2007-11-30,20.7635
2007-11-29,20.8355
2007-11-28,20.9142
2007-11-27,20.985
2007-11-26,21.0834
2007-11-23,21.1896
2007-11-21,21.26
2007-11-20,21.3312
2007-11-19,21.3941
2007-11-16,21.4539
2007-11-15,21.4866
2007-11-14,21.5597
2007-11-13,21.6175
2007-11-12,21.6604
2007-11-09,21.7375
2007-11-08,21.806
2007-11-07,21.8422
2007-11-06,21.8516
2007-11-05,21.8276
2007-11-02,21.8016
2007-11-01,21.7721
2007-10-31,21.7336
2007-10-30,21.6801
2007-10-29,21.6522
2007-10-26,21.6223
2007-10-25,21.5841
2007-10-24,21.5644
2007-10-23,21.5546
2007-10-22,21.5271
2007-10-19,21.5007
2007-10-18,21.4838
2007-10-17,21.433
2007-10-16,21.381
2007-10-15,21.3341
2007-10-12,21.2672
2007-10-11,21.1928
2007-10-10,21.1342
2007-10-09,21.0637
2007-10-08,20.9995
2007-10-05,20.9287
2007-10-04,20.8618
2007-10-03,20.8275
2007-10-02,20.7909
2007-10-01,20.7527
2007-09-28,20.7027
2007-09-27,20.6574
2007-09-26,20.6039
2007-09-25,20.526
2007-09-24,20.4729
2007-09-21,20.4359
2007-09-20,20.382
2007-09-19,20.3333
2007-09-18,20.2756
2007-09-17,20.2187
2007-09-14,20.1783
2007-09-13,20.128
2007-09-12,20.0789
2007-09-11,20.0424
2007-09-10,20.0236
2007-09-07,20.0055
2007-09-06,19.9996
2007-09-05,19.9961
2007-09-04,19.982
2007-08-31,19.9549
2007-08-30,19.9278
2007-08-29,19.927
2007-08-28,19.9286
2007-08-27,19.9439
2007-08-24,19.9482
2007-08-23,19.9435
2007-08-22,19.9749
2007-08-21,20.0248
2007-08-20,20.0864
2007-08-17,20.1618
2007-08-16,20.2391
2007-08-15,20.3298
2007-08-14,20.4056
2007-08-13,20.4743
2007-08-10,20.519
2007-08-09,20.5744
2007-08-08,20.6133
2007-08-07,20.6113
2007-08-06,20.6191
2007-08-03,20.6407
2007-08-02,20.6721
2007-08-01,20.682
2007-07-31,20.6898
2007-07-30,20.7004
2007-07-27,20.6953
2007-07-26,20.6973
2007-07-25,20.6737
2007-07-24,20.6246
2007-07-23,20.5803
2007-07-20,20.5288
2007-07-19,20.4904
2007-07-18,20.4433
2007-07-17,20.4103
2007-07-16,20.3722
2007-07-13,20.3349
2007-07-12,20.295
2007-07-11,20.2479
2007-07-10,20.2056
2007-07-09,20.181
2007-07-06,20.1426
2007-07-05,20.0964
2007-07-03,20.0663
2007-07-02,20.0519
2007-06-29,20.048
2007-06-28,20.0493
2007-06-27,20.047
2007-06-26,20.0436
2007-06-25,20.0421
2007-06-22,20.0316
2007-06-21,20.0094
2007-06-20,19.9883
2007-06-19,19.9754
2007-06-18,19.9583
2007-06-15,19.9364
2007-06-14,19.9121
2007-06-13,19.8964
2007-06-12,19.8815
2007-06-11,19.8808
2007-06-08,19.8729
2007-06-07,19.8564
2007-06-06,19.8588
2007-06-05,19.8482
2007-06-04,19.8219
2007-06-01,19.7933
2007-05-31,19.7642
2007-05-30,19.7258
2007-05-29,19.6869
2007-05-25,19.6512
2007-05-24,19.6285
2007-05-23,19.6148
2007-05-22,19.583
2007-05-21,19.5406
2007-05-18,19.492
2007-05-17,19.4496
2007-05-16,19.4068
2007-05-15,19.3609
2007-05-14,19.326
2007-05-11,19.2876
2007-05-10,19.2366
2007-05-09,19.1954
2007-05-08,19.1393
2007-05-07,19.0906
2007-05-04,19.0467
2007-05-03,19.0015
2007-05-02,18.9568
2007-05-01,18.916
2007-04-30,18.8729
2007-04-27,18.8297
2007-04-26,18.7811
2007-04-25,18.7305
2007-04-24,18.6959
2007-04-23,18.6681
2007-04-20,18.6441
2007-04-19,18.6206
2007-04-18,18.6061
2007-04-17,18.5735
2007-04-16,18.5327
2007-04-13,18.488
2007-04-12,18.4527
2007-04-11,18.4178
2007-04-10,18.3844
2007-04-09,18.357
2007-04-05,18.3232
2007-04-04,18.2871
2007-04-03,18.2471
2007-04-02,18.224
2007-03-30,18.1945
2007-03-29,18.1679
2007-03-28,18.1561
2007-03-27,18.1447
2007-03-26,18.1208
2007-03-23,18.1333
2007-03-22,18.1494
2007-03-21,18.1639
2007-03-20,18.1698
2007-03-19,18.1957
2007-03-16,18.2271
2007-03-15,18.2663
2007-03-14,18.3005
2007-03-13,18.3224
2007-03-12,18.3487
2007-03-09,18.3644
2007-03-08,18.3958
2007-03-07,18.4284
2007-03-06,18.4641
2007-03-05,18.4896
2007-03-02,18.5311
2007-03-01,18.57
2007-02-28,18.5959
2007-02-27,18.6171
2007-02-26,18.6347
2007-02-23,18.6124
2007-02-22,18.5873
2007-02-21,18.5727
2007-02-20,18.5468
2007-02-16,18.5194
2007-02-15,18.499
2007-02-14,18.477
2007-02-13,18.4692
2007-02-12,18.486
2007-02-09,18.5088
2007-02-08,18.5253
2007-02-07,18.5221
2007-02-06,18.5155
2007-02-05,18.5119
2007-02-02,18.5045
2007-02-01,18.5021
2007-01-31,18.4903
2007-01-30,18.4727
2007-01-29,18.4625
2007-01-26,18.4582
2007-01-25,18.4511
2007-01-24,18.4393
2007-01-23,18.4233
2007-01-22,18.428
2007-01-19,18.4323
2007-01-18,18.4358
2007-01-17,18.4425
2007-01-16,18.4329
2007-01-12,18.4088
2007-01-11,18.3812
2007-01-10,18.3591
2007-01-09,18.3409
2007-01-08,18.3275
2007-01-05,18.3187
2007-01-04,18.3185
2007-01-03,18.3105
2006-12-29,18.3049
2006-12-28,18.3091
2006-12-27,18.3093
2006-12-26,18.3033
2006-12-22,18.2993
2006-12-21,18.3222
2006-12-20,18.3401
2006-12-19,18.3466
2006-12-18,18.3538
2006-12-15,18.3552
2006-12-14,18.3515
2006-12-13,18.35
2006-12-12,18.3488
2006-12-11,18.3425
2006-12-08,18.3254
2006-12-07,18.3113
2006-12-06,18.2977
2006-12-05,18.2797
2006-12-04,18.2513
2006-12-01,18.2126
2006-11-30,18.1857
2006-11-29,18.1565
2006-11-28,18.1339
2006-11-27,18.1151
2006-11-24,18.098
2006-11-22,18.0707
2006-11-21,18.0367
2006-11-20,18.002
2006-11-17,17.9731
2006-11-16,17.9388
2006-11-15,17.9006
2006-11-14,17.8631
2006-11-13,17.83
2006-11-10,17.8109
2006-11-09,17.7999
2006-11-08,17.7871
2006-11-07,17.7609
2006-11-06,17.736
2006-11-03,17.7149
2006-11-02,17.702
2006-11-01,17.6888
2006-10-31,17.6704
2006-10-30,17.6341
2006-10-27,17.5951
2006-10-26,17.5655
2006-10-25,17.5269
2006-10-24,17.4886
2006-10-23,17.4648
2006-10-20,17.4293
2006-10-19,17.3841
2006-10-18,17.3494
2006-10-17,17.3256
2006-10-16,17.2858
2006-10-13,17.2425
2006-10-12,17.1992
2006-10-11,17.1526
2006-10-10,17.1189
2006-10-09,17.0848
2006-10-06,17.0372
2006-10-05,16.9849
2006-10-04,16.9264
2006-10-03,16.8722
2006-10-02,16.8448
2006-09-29,16.8178
2006-09-28,16.7811
2006-09-27,16.7448
2006-09-26,16.7069
2006-09-25,16.6551
2006-09-22,16.6013
2006-09-21,16.5605
2006-09-20,16.5114
2006-09-19,16.4581
2006-09-18,16.418
2006-09-15,16.3794
2006-09-14,16.3373
2006-09-13,16.2993
2006-09-12,16.2489
2006-09-11,16.1807
2006-09-08,16.1202
2006-09-07,16.071
2006-09-06,16.0252
2006-09-05,15.9702
2006-09-01,15.9043
2006-08-31,15.8454
2006-08-30,15.7922
2006-08-29,15.7337
2006-08-28,15.6717
2006-08-25,15.6279
2006-08-24,15.5926
2006-08-23,15.5465
2006-08-22,15.5057
2006-08-21,15.4592
2006-08-18,15.405
2006-08-17,15.334
2006-08-16,15.2739
2006-08-15,15.2282
2006-08-14,15.184
2006-08-11,15.1561
2006-08-10,15.1324
2006-08-09,15.1064
2006-08-08,15.096
2006-08-07,15.1041
2006-08-04,15.1064
2006-08-03,15.115
2006-08-02,15.1289
2006-08-01,15.1444
2006-07-31,15.1816
2006-07-28,15.2022
2006-07-27,15.2258
2006-07-26,15.2429
2006-07-25,15.2526
2006-07-24,15.2747
2006-07-21,15.3034
2006-07-20,15.3456
2006-07-19,15.3894
2006-07-18,15.4123
2006-07-17,15.4472
2006-07-14,15.4871
2006-07-13,15.5306
2006-07-12,15.5527
2006-07-11,15.5573
2006-07-10,15.5472
2006-07-07,15.5577
2006-07-06,15.5592
2006-07-05,15.5569
2006-07-03,15.5662
2006-06-30,15.5631
2006-06-29,15.5779
2006-06-28,15.591
2006-06-27,15.6104
2006-06-26,15.6317
2006-06-23,15.6585
2006-06-22,15.6829
2006-06-21,15.6977
2006-06-20,15.6953
2006-06-19,15.7089
2006-06-16,15.7283
2006-06-15,15.7384
2006-06-14,15.75
2006-06-13,15.7919
2006-06-12,15.8465
2006-06-09,15.9012
2006-06-08,15.9462
2006-06-07,16.0086
2006-06-06,16.076
2006-06-05,16.1361
2006-06-02,16.195
2006-06-01,16.2373
2006-05-31,16.2737
2006-05-30,16.3257
2006-05-26,16.3769
2006-05-25,16.4191
2006-05-24,16.4835
2006-05-23,16.5467
2006-05-22,16.6145
2006-05-19,16.6769
2006-05-18,16.7335
2006-05-17,16.8053
2006-05-16,16.8735
2006-05-15,16.9316
2006-05-12,16.9661
2006-05-11,17.0096
2006-05-10,17.0441
2006-05-09,17.0596
2006-05-08,17.0739
2006-05-05,17.0859
2006-05-04,17.1092
2006-05-03,17.1379
2006-05-02,17.1623
2006-05-01,17.1817
2006-04-28,17.1999
2006-04-27,17.2162
2006-04-26,17.2116
2006-04-25,17.2026
2006-04-24,17.2065
2006-04-21,17.2088
2006-04-20,17.2073
2006-04-19,17.1984
2006-04-18,17.1898
2006-04-17,17.184
2006-04-13,17.1926
2006-04-12,17.1902
2006-04-11,17.1945
2006-04-10,17.1953
2006-04-07,17.1786
2006-04-06,17.1577
2006-04-05,17.1228
2006-04-04,17.0921
2006-04-03,17.0697
2006-03-31,17.0557
2006-03-30,17.0503
2006-03-29,17.0448
2006-03-28,17.0402
2006-03-27,17.0317
2006-03-24,17.0231
2006-03-23,17.008
2006-03-22,16.9952
2006-03-21,16.9848
2006-03-20,16.9704
2006-03-17,16.9619
2006-03-16,16.9596
2006-03-15,16.9522
2006-03-14,16.9347
2006-03-13,16.9111
2006-03-10,16.9049
2006-03-09,16.8952
2006-03-08,16.8933
2006-03-07,16.8704
2006-03-06,16.8491
2006-03-03,16.8246
2006-03-02,16.8025
2006-03-01,16.787
2006-02-28,16.7684
2006-02-27,16.7735
2006-02-24,16.7661
2006-02-23,16.7572
2006-02-22,16.7432
2006-02-21,16.7223
2006-02-17,16.7029
2006-02-16,16.6773
2006-02-15,16.6692
2006-02-14,16.6595
2006-02-13,16.6665
2006-02-10,16.6932
2006-02-09,16.7126
2006-02-08,16.7432
2006-02-07,16.7618
2006-02-06,16.7971
2006-02-03,16.8274
2006-02-02,16.8421
2006-02-01,16.8471
2006-01-31,16.8308
2006-01-30,16.8037
2006-01-27,16.775
2006-01-26,16.7537
2006-01-25,16.7436
2006-01-24,16.7459
2006-01-23,16.7494
2006-01-20,16.7518
2006-01-19,16.7502
2006-01-18,16.7297
2006-01-17,16.7285
2006-01-13,16.7165
2006-01-12,16.6995
2006-01-11,16.681
2006-01-10,16.6605
2006-01-09,16.6458
2006-01-06,16.6272
2006-01-05,16.6176
2006-01-04,16.6226
2006-01-03,16.6304
2005-12-30,16.6521
2005-12-29,16.6905
2005-12-28,16.7107
2005-12-27,16.729
2005-12-23,16.7453
2005-12-22,16.7578
2005-12-21,16.7694
2005-12-20,16.7804
2005-12-19,16.7867
2005-12-16,16.7903
2005-12-15,16.7792
2005-12-14,16.7573
2005-12-13,16.7288
2005-12-12,16.7041
2005-12-09,16.676
2005-12-08,16.6483
2005-12-07,16.6167
2005-12-06,16.5798
2005-12-05,16.5409
2005-12-02,16.5016
2005-12-01,16.4546
2005-11-30,16.3996
2005-11-29,16.3484
2005-11-28,16.296
2005-11-25,16.2355
2005-11-23,16.1647
2005-11-22,16.1046
2005-11-21,16.0511
2005-11-18,16.0084
2005-11-17,15.9552
2005-11-16,15.9021
2005-11-15,15.8644
2005-11-14,15.8201
2005-11-11,15.7747
2005-11-10,15.7308
2005-11-09,15.6857
2005-11-08,15.6422
2005-11-07,15.6029
2005-11-04,15.5698
2005-11-03,15.5436
2005-11-02,15.519
2005-11-01,15.5105
2005-10-31,15.5221
2005-10-28,15.5394
2005-10-27,15.566
2005-10-26,15.5945
2005-10-25,15.6083
2005-10-24,15.6152
2005-10-21,15.6195
2005-10-20,15.6349
2005-10-19,15.6545
2005-10-18,15.6653
2005-10-17,15.6953
2005-10-14,15.7269
2005-10-13,15.7643
2005-10-12,15.7997
2005-10-11,15.8424
2005-10-10,15.8886
2005-10-07,15.9283
2005-10-06,15.9606
2005-10-05,15.9941
2005-10-04,16.0168
2005-10-03,16.0284
2005-09-30,16.0234
2005-09-29,16.0195
2005-09-28,16.023
2005-09-27,16.0284
2005-09-26,16.0388
2005-09-23,16.0411
2005-09-22,16.045
2005-09-21,16.0488
2005-09-20,16.0607
2005-09-19,16.0634
2005-09-16,16.0615
2005-09-15,16.0523
2005-09-14,16.0534
2005-09-13,16.0457
2005-09-12,16.0373
2005-09-09,16.0253
2005-09-08,16.0261
2005-09-07,16.0215
2005-09-06,16.028
2005-09-02,16.0284
2005-09-01,16.0446
2005-08-31,16.0604
2005-08-30,16.0819
2005-08-29,16.1023
2005-08-26,16.1146
2005-08-25,16.132
2005-08-24,16.1508
2005-08-23,16.1697
2005-08-22,16.1782
2005-08-19,16.1801
2005-08-18,16.1878
2005-08-17,16.1982
2005-08-16,16.2086
2005-08-15,16.2286
2005-08-12,16.229
2005-08-11,16.2382
2005-08-10,16.2371
2005-08-09,16.2352
2005-08-08,16.2205
2005-08-05,16.2078
2005-08-04,16.1805
2005-08-03,16.1374
2005-08-02,16.085
2005-08-01,16.0399
2005-07-29,15.998
2005-07-28,15.9545
2005-07-27,15.914
2005-07-26,15.8728
2005-07-25,15.8274
2005-07-22,15.7943
2005-07-21,15.7666
2005-07-20,15.7431
2005-07-19,15.7127
2005-07-18,15.6761
2005-07-15,15.6526
2005-07-14,15.6241
2005-07-13,15.5937
2005-07-12,15.5656
2005-07-11,15.5456
2005-07-08,15.5267
2005-07-07,15.5201
2005-07-06,15.5236
2005-07-05,15.5272
2005-07-01,15.5318
2005-06-30,15.5426
2005-06-29,15.5637
2005-06-28,15.5741
2005-06-27,15.5779
2005-06-24,15.5964
2005-06-23,15.6099
2005-06-22,15.6049
2005-06-21,15.5972
2005-06-20,15.5872
2005-06-17,15.5779
2005-06-16,15.5664
2005-06-15,15.551
2005-06-14,15.5264
2005-06-13,15.5036
2005-06-10,15.4694
2005-06-09,15.4289
2005-06-08,15.3835
2005-06-07,15.3385
2005-06-06,15.3026
2005-06-03,15.2606
2005-06-02,15.2155
2005-06-01,15.1632
2005-05-31,15.1093
2005-05-27,15.0581
2005-05-26,15.0027
2005-05-25,14.9395
2005-05-24,14.8925
2005-05-23,14.8394
2005-05-20,14.7951
2005-05-19,14.7485
2005-05-18,14.7116
2005-05-17,14.66
2005-05-16,14.6257
2005-05-13,14.5853
2005-05-12,14.551
2005-05-11,14.5483
2005-05-10,14.5568
2005-05-09,14.5795
2005-05-06,14.5899
2005-05-05,14.6076
2005-05-04,14.6326
2005-05-03,14.6465
2005-05-02,14.6665
2005-04-29,14.69
2005-04-28,14.71
2005-04-27,14.7431
2005-04-26,14.7678
2005-04-25,14.7839
2005-04-22,14.8009
2005-04-21,14.8221
2005-04-20,14.8344
2005-04-19,14.8625
2005-04-18,14.8906
2005-04-15,14.9276
2005-04-14,14.9695
2005-04-13,14.9896
2005-04-12,15.0069
2005-04-11,15.0211
2005-04-08,15.0369
2005-04-07,15.0585
2005-04-06,15.0712
2005-04-05,15.0954
2005-04-04,15.1251
2005-04-01,15.1505
2005-03-31,15.1736
2005-03-30,15.1959
2005-03-29,15.2214
2005-03-28,15.2487
2005-03-24,15.2726
2005-03-23,15.2922
2005-03-22,15.3057
2005-03-21,15.3245
2005-03-18,15.3411
2005-03-17,15.3592
2005-03-16,15.3858
2005-03-15,15.4146
2005-03-14,15.432
2005-03-11,15.4401
2005-03-10,15.4439
2005-03-09,15.4362
2005-03-08,15.4454
2005-03-07,15.4493
2005-03-04,15.4489
2005-03-03,15.4416
2005-03-02,15.4439
2005-03-01,15.4401
2005-02-28,15.4297
2005-02-25,15.4231
2005-02-24,15.4143
2005-02-23,15.4112
2005-02-22,15.4069
2005-02-18,15.3992
2005-02-17,15.3935
2005-02-16,15.3915
2005-02-15,15.3823
2005-02-14,15.3869
2005-02-11,15.3869
2005-02-10,15.3862
2005-02-09,15.4005
2005-02-08,15.4121
2005-02-07,15.4178
2005-02-04,15.4275
2005-02-03,15.4332
2005-02-02,15.454
2005-02-01,15.4729
2005-01-31,15.5072
2005-01-28,15.553
2005-01-27,15.6057
2005-01-26,15.6581
2005-01-25,15.7097
2005-01-24,15.7648
2005-01-21,15.826
2005-01-20,15.8791
2005-01-19,15.9253
2005-01-18,15.9573
2005-01-14,15.9773
2005-01-13,16.0097
2005-01-12,16.0477
2005-01-11,16.078
2005-01-10,16.1111
2005-01-07,16.127
2005-01-06,16.1471
2005-01-05,16.1691
2005-01-04,16.1896
2005-01-03,16.2183
2004-12-31,16.2286
2004-12-30,16.2263
2004-12-29,16.2202
2004-12-28,16.1983
2004-12-27,16.1809
2004-12-23,16.1673
2004-12-22,16.1499
2004-12-21,16.128
2004-12-20,16.111
2004-12-17,16.1017
2004-12-16,16.1003
2004-12-15,16.092
2004-12-14,16.0712
2004-12-13,16.0565
2004-12-10,16.0388
2004-12-09,16.0195
2004-12-08,15.9863
2004-12-07,15.9595
2004-12-06,15.9323
2004-12-03,15.8931
2004-12-02,15.8504
2004-12-01,15.8047
2004-11-30,15.7571
2004-11-29,15.7247
2004-11-26,15.6816
2004-11-24,15.6386
2004-11-23,15.5926
2004-11-22,15.5352
2004-11-19,15.4729
2004-11-18,15.4129
2004-11-17,15.3566
2004-11-16,15.297
2004-11-15,15.2452
2004-11-12,15.1875
2004-11-11,15.1267
2004-11-10,15.0723
2004-11-09,15.0335
2004-11-08,14.9904
2004-11-05,14.9489
2004-11-04,14.9062
2004-11-03,14.8809
2004-11-02,14.8723
2004-11-01,14.8628
2004-10-29,14.8492
2004-10-28,14.8356
2004-10-27,14.8043
2004-10-26,14.7722
2004-10-25,14.7503
2004-10-22,14.728
2004-10-21,14.7111
2004-10-20,14.6839
2004-10-19,14.6612
2004-10-18,14.6518
2004-10-15,14.6397
2004-10-14,14.631
2004-10-13,14.6235
2004-10-12,14.6087
2004-10-11,14.6031
2004-10-08,14.5925
2004-10-07,14.5808
2004-10-06,14.5465
2004-10-05,14.4936
2004-10-04,14.4449
2004-10-01,14.3985
2004-09-30,14.3736
2004-09-29,14.3585
2004-09-28,14.3407
2004-09-27,14.3332
2004-09-24,14.3347
2004-09-23,14.3267
2004-09-22,14.3165
2004-09-21,14.3003
2004-09-20,14.2758
2004-09-17,14.2505
2004-09-16,14.2259
2004-09-15,14.2071
2004-09-14,14.1784
2004-09-13,14.1335
2004-09-10,14.0855
2004-09-09,14.0372
2004-09-08,14.0145
2004-09-07,14.0202
2004-09-03,14.0145
2004-09-02,14.0074
2004-09-01,14.0062
2004-08-31,14.0243
2004-08-30,14.0466
2004-08-27,14.0783
2004-08-26,14.101
2004-08-25,14.1251
2004-08-24,14.1353
2004-08-23,14.1538
2004-08-20,14.1618
2004-08-19,14.1689
2004-08-18,14.192
2004-08-17,14.2052
2004-08-16,14.2407
2004-08-13,14.269
2004-08-12,14.3011
2004-08-11,14.3445
2004-08-10,14.3781
2004-08-09,14.4056
2004-08-06,14.4487
2004-08-05,14.4974
2004-08-04,14.5185
2004-08-03,14.5412
2004-08-02,14.56
2004-07-30,14.5831
2004-07-29,14.6163
2004-07-28,14.6654
2004-07-27,14.7194
2004-07-26,14.765
2004-07-23,14.8236
2004-07-22,14.8832
2004-07-21,14.9342
2004-07-20,14.9821
2004-07-19,15.0112
2004-07-16,15.0553
2004-07-15,15.1003
2004-07-14,15.1463
2004-07-13,15.192
2004-07-12,15.2147
2004-07-09,15.2445
2004-07-08,15.269
2004-07-07,15.3083
2004-07-06,15.3309
2004-07-02,15.3411
2004-07-01,15.3279
2004-06-30,15.3162
2004-06-29,15.2902
2004-06-28,15.2747
2004-06-25,15.2634
2004-06-24,15.2415
2004-06-23,15.2241
2004-06-22,15.189
2004-06-21,15.1633
2004-06-18,15.1433
2004-06-17,15.1203
2004-06-16,15.0954
2004-06-15,15.0546
2004-06-14,15.0183
2004-06-10,15.0036
2004-06-09,14.9783
2004-06-08,14.9595
2004-06-07,14.9221
2004-06-04,14.8919
2004-06-03,14.8828
2004-06-02,14.8843
2004-06-01,14.8723
2004-05-28,14.853
2004-05-27,14.8243
2004-05-26,14.8149
2004-05-25,14.8213
2004-05-24,14.8394
2004-05-21,14.8738
2004-05-20,14.9187
2004-05-19,14.9557
2004-05-18,14.9806
2004-05-17,14.9976
2004-05-14,15.0384
2004-05-13,15.0625
2004-05-12,15.0837
2004-05-11,15.1139
2004-05-10,15.1426
2004-05-07,15.1909
2004-05-06,15.2343
2004-05-05,15.2724
2004-05-04,15.3121
2004-05-03,15.3638
2004-04-30,15.4159
2004-04-29,15.4529
2004-04-28,15.4665
2004-04-27,15.4736
2004-04-26,15.4665
2004-04-23,15.4472
2004-04-22,15.423
2004-04-21,15.3857
2004-04-20,15.3562
2004-04-19,15.3392
2004-04-16,15.3177
2004-04-15,15.3151
2004-04-14,15.3102
2004-04-13,15.2868
2004-04-12,15.2581
2004-04-08,15.2339
2004-04-07,15.1969
2004-04-06,15.1697
2004-04-05,15.1512
2004-04-02,15.1244
2004-04-01,15.1214
2004-03-31,15.1437
2004-03-30,15.1671
2004-03-29,15.1894
2004-03-26,15.2158
2004-03-25,15.2426
2004-03-24,15.269
2004-03-23,15.317
2004-03-22,15.3626
2004-03-19,15.4064
2004-03-18,15.4487
2004-03-17,15.4846
2004-03-16,15.5276
2004-03-15,15.5839
2004-03-12,15.6329
2004-03-11,15.6726
2004-03-10,15.7345
2004-03-09,15.7817
2004-03-08,15.8089
2004-03-05,15.8421
2004-03-04,15.8417
2004-03-03,15.8342
2004-03-02,15.853
2004-03-01,15.867
2004-02-27,15.878
2004-02-26,15.898
2004-02-25,15.918
2004-02-24,15.9535
2004-02-23,16.0078
2004-02-20,16.0478
2004-02-19,16.0799
2004-02-18,16.1162
2004-02-17,16.1467
2004-02-13,16.1717
2004-02-12,16.1977
2004-02-11,16.2155
2004-02-10,16.2158
2004-02-09,16.2343
2004-02-06,16.2468
2004-02-05,16.2642
2004-02-04,16.2823
2004-02-03,16.2978
2004-02-02,16.2864
2004-01-30,16.2574
2004-01-29,16.2245
2004-01-28,16.1932
2004-01-27,16.1588
2004-01-26,16.0973
2004-01-23,16.0214
2004-01-22,15.9621
2004-01-21,15.8942
2004-01-20,15.8172
2004-01-16,15.7363
2004-01-15,15.645
2004-01-14,15.5654
2004-01-13,15.4854
2004-01-12,15.4246
2004-01-09,15.3513
2004-01-08,15.2767
2004-01-07,15.1869
2004-01-06,15.1292
2004-01-05,15.0733
2004-01-02,15.0381
2003-12-31,15.0124
2003-12-30,14.9931
2003-12-29,14.9761
2003-12-26,14.9504
2003-12-24,14.9357
2003-12-23,14.9195
2003-12-22,14.9026
2003-12-19,14.8733
2003-12-18,14.8391
2003-12-17,14.8136
2003-12-16,14.7926
2003-12-15,14.7795
2003-12-12,14.7803
2003-12-11,14.7818
2003-12-10,14.7904
2003-12-09,14.7971
2003-12-08,14.8099
2003-12-05,14.8163
2003-12-04,14.8275
2003-12-03,14.8192
2003-12-02,14.8181
2003-12-01,14.8207
2003-11-28,14.8028
2003-11-26,14.7915
2003-11-25,14.7836
2003-11-24,14.7776
2003-11-21,14.7536
2003-11-20,14.7443
2003-11-19,14.7518
2003-11-18,14.7536
2003-11-17,14.7743
2003-11-14,14.7818
2003-11-13,14.7705
2003-11-12,14.7611
2003-11-11,14.7428
2003-11-10,14.7357
2003-11-07,14.7285
2003-11-06,14.7094
2003-11-05,14.6813
2003-11-04,14.6562
2003-11-03,14.6386
2003-10-31,14.6097
2003-10-30,14.5943
2003-10-29,14.5583
2003-10-28,14.5231
2003-10-27,14.474
2003-10-24,14.4579
2003-10-23,14.4343
2003-10-22,14.4035
2003-10-21,14.3724
2003-10-20,14.3552
2003-10-17,14.3379
2003-10-16,14.3432
2003-10-15,14.3357
2003-10-14,14.3207
2003-10-13,14.3113
2003-10-10,14.2821
2003-10-09,14.2592
2003-10-08,14.2416
2003-10-07,14.2187
2003-10-06,14.212
2003-10-03,14.218
2003-10-02,14.2146
2003-10-01,14.2363
2003-09-30,14.2498
2003-09-29,14.2708
2003-09-26,14.2611
2003-09-25,14.2603
2003-09-24,14.2517
2003-09-23,14.2333
2003-09-22,14.1865
2003-09-19,14.1479
2003-09-18,14.0965
2003-09-17,14.0395
2003-09-16,13.9964
2003-09-15,13.9432
2003-09-12,13.8889
2003-09-11,13.8334
2003-09-10,13.773
2003-09-09,13.722
2003-09-08,13.6399
2003-09-05,13.547
2003-09-04,13.4679
2003-09-03,13.3869
2003-09-02,13.3187
2003-08-29,13.2745
2003-08-28,13.2396
2003-08-27,13.2104
2003-08-26,13.1807
2003-08-25,13.1605
2003-08-22,13.1504
2003-08-21,13.135
2003-08-20,13.1047
2003-08-19,13.09
2003-08-18,13.0679
2003-08-15,13.0409
2003-08-14,13.0477
2003-08-13,13.0499
2003-08-12,13.0784
2003-08-11,13.108
2003-08-08,13.1463
2003-08-07,13.1845
2003-08-06,13.2126
2003-08-05,13.2546
2003-08-04,13.2913
2003-08-01,13.3063
2003-07-31,13.3044
2003-07-30,13.3071
2003-07-29,13.3007
2003-07-28,13.2805
2003-07-25,13.2557
2003-07-24,13.237
2003-07-23,13.2201
2003-07-22,13.2002
2003-07-21,13.1867
2003-07-18,13.2002
2003-07-17,13.1999
2003-07-16,13.2059
2003-07-15,13.1849
2003-07-14,13.1586
2003-07-11,13.1178
2003-07-10,13.0942
2003-07-09,13.0769
2003-07-08,13.0398
2003-07-07,12.9929
2003-07-03,12.9607
2003-07-02,12.9573
2003-07-01,12.9461
2003-06-30,12.9348
2003-06-27,12.927
2003-06-26,12.9206
2003-06-25,12.9004
2003-06-24,12.8906
2003-06-23,12.8704
2003-06-20,12.8318
2003-06-19,12.7793
2003-06-18,12.7197
2003-06-17,12.6544
2003-06-16,12.5945
2003-06-13,12.56
2003-06-12,12.5469
2003-06-11,12.5131
2003-06-10,12.4846
2003-06-09,12.4614
2003-06-06,12.4378
2003-06-05,12.3883
2003-06-04,12.3422
2003-06-03,12.3036
2003-06-02,12.2676
2003-05-30,12.2387
2003-05-29,12.1941
2003-05-28,12.1529
2003-05-27,12.1199
2003-05-23,12.085
2003-05-22,12.0539
2003-05-21,12.0344
2003-05-20,12.0266
2003-05-19,12.0097
2003-05-16,11.9816
2003-05-15,11.9332
2003-05-14,11.8676
2003-05-13,11.8043
2003-05-12,11.7375
2003-05-09,11.6566
2003-05-08,11.5899
2003-05-07,11.5362
2003-05-06,11.4849
2003-05-05,11.4317
2003-05-02,11.3878
2003-05-01,11.3488
2003-04-30,11.3237
2003-04-29,11.281
2003-04-28,11.2251
2003-04-25,11.1903
2003-04-24,11.1745
2003-04-23,11.1543
2003-04-22,11.1307
2003-04-21,11.1089
2003-04-17,11.1232
2003-04-16,11.1265
2003-04-15,11.1423
2003-04-14,11.1633
2003-04-11,11.1828
2003-04-10,11.1903
2003-04-09,11.191
2003-04-08,11.1674
2003-04-07,11.125
2003-04-04,11.0797
2003-04-03,11.0467
2003-04-02,11.0099
2003-04-01,10.9785
2003-03-31,10.965
2003-03-28,10.9638
2003-03-27,10.9571
2003-03-26,10.935
2003-03-25,10.9012
2003-03-24,10.8799
2003-03-21,10.8649
2003-03-20,10.8356
2003-03-19,10.8083
2003-03-18,10.7888
2003-03-17,10.7719
2003-03-14,10.74
2003-03-13,10.7168
2003-03-12,10.6939
2003-03-11,10.7059
2003-03-10,10.7266
2003-03-07,10.7389
2003-03-06,10.7464
2003-03-05,10.7543
2003-03-04,10.7573
2003-03-03,10.7749
2003-02-28,10.7817
2003-02-27,10.7798
2003-02-26,10.7955
2003-02-25,10.8165
2003-02-24,10.8158
2003-02-21,10.8225
2003-02-20,10.8424
2003-02-19,10.8593
2003-02-18,10.8712
2003-02-14,10.8832
2003-02-13,10.9421
2003-02-12,11.0306
2003-02-11,11.1329
2003-02-10,11.2195
2003-02-07,11.3076
2003-02-06,11.3979
2003-02-05,11.4646
2003-02-04,11.5486
2003-02-03,11.6243
2003-01-31,11.6648
2003-01-30,11.7079
2003-01-29,11.7203
2003-01-28,11.7263
2003-01-27,11.7379
2003-01-24,11.7672
2003-01-23,11.7934
2003-01-22,11.8031
2003-01-21,11.8155
2003-01-17,11.8181
2003-01-16,11.8192
2003-01-15,11.8072
2003-01-14,11.785
2003-01-13,11.731
2003-01-10,11.6987
2003-01-09,11.6657
2003-01-08,11.6315
2003-01-07,11.6056
2003-01-06,11.5879
2003-01-03,11.5709
2003-01-02,11.5933
2002-12-31,11.6273
2002-12-30,11.7137
2002-12-27,11.7952
2002-12-26,11.8748
2002-12-24,11.9193
2002-12-23,11.9791
2002-12-20,12.0235
2002-12-19,12.0773
2002-12-18,12.1061
2002-12-17,12.1087
2002-12-16,12.1046
2002-12-13,12.1043
2002-12-12,12.1222
2002-12-11,12.1043
2002-12-10,12.0811
2002-12-09,12.0471
2002-12-06,12.0422
2002-12-05,12.013
2002-12-04,12.013
2002-12-03,11.9902
2002-12-02,11.9618
2002-11-29,11.8889
2002-11-27,11.8014
2002-11-26,11.7098
2002-11-25,11.625
2002-11-22,11.5308
2002-11-21,11.447
2002-11-20,11.3468
2002-11-19,11.2862
2002-11-18,11.2354
2002-11-15,11.1774
2002-11-14,11.1023
2002-11-13,11.0215
2002-11-12,10.943
2002-11-11,10.8952
2002-11-08,10.832
2002-11-07,10.7483
2002-11-06,10.6316
2002-11-05,10.4686
2002-11-04,10.3191
2002-11-01,10.1658
2002-10-31,10.0424
2002-10-30,9.9452
2002-10-29,9.8495
2002-10-28,9.7826
2002-10-25,9.6827
2002-10-24,9.5971
2002-10-23,9.5373
2002-10-22,9.4745
2002-10-21,9.4083
2002-10-18,9.3474
2002-10-17,9.3119
2002-10-16,9.2805
2002-10-15,9.292
2002-10-14,9.2808
2002-10-11,9.3066
2002-10-10,9.3418
2002-10-09,9.4035
2002-10-08,9.5078
2002-10-07,9.605
2002-10-04,9.6932
2002-10-03,9.768
2002-10-02,9.8162
2002-10-01,9.8809
2002-09-30,9.9194
2002-09-27,10.008
2002-09-26,10.0951
2002-09-25,10.1632
2002-09-24,10.2409
2002-09-23,10.3553
2002-09-20,10.4585
2002-09-19,10.568
2002-09-18,10.6735
2002-09-17,10.7389
2002-09-16,10.8155
2002-09-13,10.8653
2002-09-12,10.8933
2002-09-11,10.9161
2002-09-10,10.8877
2002-09-09,10.8739
2002-09-06,10.8739
2002-09-05,10.8813
2002-09-04,10.887
2002-09-03,10.866
2002-08-30,10.8406
2002-08-29,10.8107
2002-08-28,10.7778
2002-08-27,10.7759
2002-08-26,10.7617
2002-08-23,10.7202
2002-08-22,10.6529
2002-08-21,10.5576
2002-08-20,10.5004
2002-08-19,10.435
2002-08-16,10.3792
2002-08-15,10.3733
2002-08-14,10.3983
2002-08-13,10.4432
2002-08-12,10.5153
2002-08-09,10.5826
2002-08-08,10.6338
2002-08-07,10.6858
2002-08-06,10.7359
2002-08-05,10.8103
2002-08-02,10.9135
2002-08-01,11.0129
2002-07-31,11.0709
2002-07-30,11.0851
2002-07-29,11.1131
2002-07-26,11.1745
2002-07-25,11.2661
2002-07-24,11.3491
2002-07-23,11.4003
2002-07-22,11.4979
2002-07-19,11.5592
2002-07-18,11.6085
2002-07-17,11.6541
2002-07-16,11.7128
2002-07-15,11.7827
2002-07-12,11.8246
2002-07-11,11.8788
2002-07-10,11.9413
2002-07-09,12.0115
2002-07-08,12.0807
2002-07-05,12.1473
2002-07-03,12.2104
2002-07-02,12.3207
2002-07-01,12.443
2002-06-28,12.5391
2002-06-27,12.6303
2002-06-26,12.7286
2002-06-25,12.8389
2002-06-24,12.9627
2002-06-21,13.0722
2002-06-20,13.2075
2002-06-19,13.3201
2002-06-18,13.4098
2002-06-17,13.492
2002-06-14,13.5866
2002-06-13,13.6988
2002-06-12,13.799
2002-06-11,13.8906
2002-06-10,13.9612
2002-06-07,13.9912
2002-06-06,14.039
2002-06-05,14.0958
2002-06-04,14.0685
2002-06-03,14.0495
2002-05-31,14.0588
2002-05-30,14.0644
2002-05-29,14.0801
2002-05-28,14.1052
2002-05-24,14.1033
2002-05-23,14.0996
2002-05-22,14.1048
2002-05-21,14.1108
2002-05-20,14.1366
2002-05-17,14.1598
2002-05-16,14.1826
2002-05-15,14.2114
2002-05-14,14.2592
2002-05-13,14.3018
2002-05-10,14.3445
2002-05-09,14.4118
2002-05-08,14.4428
2002-05-07,14.4753
2002-05-06,14.5733
2002-05-03,14.6907
2002-05-02,14.7927
2002-05-01,14.8907
2002-04-30,14.9673
2002-04-29,15.0503
2002-04-26,15.1711
2002-04-25,15.2784
2002-04-24,15.3513
2002-04-23,15.4294
2002-04-22,15.4904
2002-04-19,15.5543
2002-04-18,15.6111
2002-04-17,15.6496
2002-04-16,15.7053
2002-04-15,15.7607
2002-04-12,15.847
2002-04-11,15.9293
2002-04-10,16.0336
2002-04-09,16.1353
2002-04-08,16.2579
2002-04-05,16.3585
2002-04-04,16.4329
2002-04-03,16.4979
2002-04-02,16.5581
2002-04-01,16.6034
2002-03-28,16.5951
2002-03-27,16.5574
2002-03-26,16.5379
2002-03-25,16.5237
2002-03-22,16.5204
2002-03-21,16.4729
2002-03-20,16.4086
2002-03-19,16.3974
2002-03-18,16.351
2002-03-15,16.3368
2002-03-14,16.3495
2002-03-13,16.3772
2002-03-12,16.3817
2002-03-11,16.3775
2002-03-08,16.336
2002-03-07,16.2815
2002-03-06,16.2616
2002-03-05,16.2437
2002-03-04,16.2471
2002-03-01,16.2777
2002-02-28,16.3544
2002-02-27,16.4568
2002-02-26,16.5394
2002-02-25,16.6482
2002-02-22,16.7458
2002-02-21,16.8725
2002-02-20,16.9911
2002-02-19,17.0595
2002-02-15,17.1698
2002-02-14,17.2823
2002-02-13,17.3481
2002-02-12,17.4277
2002-02-11,17.5148
2002-02-08,17.6027
2002-02-07,17.7182
2002-02-06,17.8573
2002-02-05,17.9915
2002-02-04,18.1138
2002-02-01,18.2334
2002-01-31,18.3224
2002-01-30,18.3545
2002-01-29,18.377
2002-01-28,18.4316
2002-01-25,18.4525
2002-01-24,18.4719
2002-01-23,18.4809
2002-01-22,18.5063
2002-01-18,18.5329
2002-01-17,18.559
2002-01-16,18.5676
2002-01-15,18.5949
2002-01-14,18.5818
2002-01-11,18.571
2002-01-10,18.5792
2002-01-09,18.5747
2002-01-08,18.5557
2002-01-07,18.5501
2002-01-04,18.5695
2002-01-03,18.5811
2002-01-02,18.5538
2001-12-31,18.5385
2001-12-28,18.5587
2001-12-27,18.5598
2001-12-26,18.5389
2001-12-24,18.5538
2001-12-21,18.58
2001-12-20,18.5871
2001-12-19,18.5923
2001-12-18,18.5747
2001-12-17,18.5699
2001-12-14,18.5497
2001-12-13,18.5501
2001-12-12,18.5598
2001-12-11,18.531
2001-12-10,18.4745
2001-12-07,18.4181
2001-12-06,18.3441
2001-12-05,18.2476
2001-12-04,18.1523
2001-12-03,18.0719
2001-11-30,17.9945
2001-11-29,17.9029
2001-11-28,17.7818
2001-11-27,17.6737
2001-11-26,17.5541
2001-11-23,17.4707
2001-11-21,17.4019
2001-11-20,17.3272
2001-11-19,17.2333
2001-11-16,17.1126
2001-11-15,16.9922
2001-11-14,16.8583
2001-11-13,16.7207
2001-11-12,16.6254
2001-11-09,16.5529
2001-11-08,16.4927
2001-11-07,16.431
2001-11-06,16.336
2001-11-05,16.2138
2001-11-02,16.1394
2001-11-01,16.0852
2001-10-31,16.0325
2001-10-30,15.9913
2001-10-29,15.9136
2001-10-26,15.8201
2001-10-25,15.6956
2001-10-24,15.5532
2001-10-23,15.4361
2001-10-22,15.3539
2001-10-19,15.2657
2001-10-18,15.1576
2001-10-17,15.0802
2001-10-16,15.0331
2001-10-15,14.9554
2001-10-12,14.8929
2001-10-11,14.8761
2001-10-10,14.8406
2001-10-09,14.8522
2001-10-08,14.9269
2001-10-05,14.9909
2001-10-04,15.0787
2001-10-03,15.1591
2001-10-02,15.29
2001-10-01,15.4855
2001-09-28,15.7061
2001-09-27,15.9196
2001-09-26,16.1087
2001-09-25,16.293
2001-09-24,16.4437
2001-09-21,16.6277
2001-09-20,16.8441
2001-09-19,17.0681
2001-09-18,17.255
2001-09-17,17.4565
2001-09-10,17.6636
2001-09-07,17.8158
2001-09-06,17.9863
2001-09-05,18.147
2001-09-04,18.3
2001-08-31,18.4514
2001-08-30,18.5964
2001-08-29,18.7632
2001-08-28,18.8817
2001-08-27,18.9568
2001-08-24,19.0066
2001-08-23,19.057
2001-08-22,19.1524
2001-08-21,19.2286
2001-08-20,19.2937
2001-08-17,19.3449
2001-08-16,19.426
2001-08-15,19.4851
2001-08-14,19.5311
2001-08-13,19.5943
2001-08-10,19.6332
2001-08-09,19.7005
2001-08-08,19.7633
2001-08-07,19.7629
2001-08-06,19.7259
2001-08-03,19.7132
2001-08-02,19.6758
2001-08-01,19.6705
2001-07-31,19.7128
2001-07-30,19.7849
2001-07-27,19.8575
2001-07-26,19.9027
2001-07-25,19.9266
2001-07-24,19.9666
2001-07-23,20.0212
2001-07-20,20.0489
2001-07-19,20.062
2001-07-18,20.0511
2001-07-17,20.0481
2001-07-16,20.0029
2001-07-13,19.9943
2001-07-12,19.9704
2001-07-11,19.9865
2001-07-10,20.09
2001-07-09,20.2067
2001-07-06,20.3113
2001-07-05,20.453
2001-07-03,20.5173
2001-07-02,20.5585
2001-06-29,20.5544
2001-06-28,20.5517
2001-06-27,20.5559
2001-06-26,20.5704
2001-06-25,20.6306
2001-06-22,20.7379
2001-06-21,20.8807
2001-06-20,21.0056
2001-06-19,21.1768
2001-06-18,21.3604
2001-06-15,21.4987
2001-06-14,21.6075
2001-06-13,21.7006
2001-06-12,21.7141
2001-06-11,21.7055
2001-06-08,21.7036
2001-06-07,21.6954
2001-06-06,21.6786
2001-06-05,21.7077
2001-06-04,21.7216
2001-06-01,21.778
2001-05-31,21.8165
2001-05-30,21.9085
2001-05-29,21.9878
2001-05-25,21.9979
2001-05-24,21.95
2001-05-23,21.8666
2001-05-22,21.8068
2001-05-21,21.7006
2001-05-18,21.6087
2001-05-17,21.6277
2001-05-16,21.6647
2001-05-15,21.6408
2001-05-14,21.5705
2001-05-11,21.4883
2001-05-10,21.415
2001-05-09,21.3058
2001-05-08,21.1466
2001-05-07,20.9133
2001-05-04,20.6826
2001-05-03,20.4934
2001-05-02,20.2325
2001-05-01,19.9517
2001-04-30,19.7535
2001-04-27,19.6036
2001-04-26,19.4758
2001-04-25,19.3744
2001-04-24,19.3337
2001-04-23,19.2795
2001-04-20,19.2219
2001-04-19,19.0813
2001-04-18,18.8847
2001-04-17,18.7508
2001-04-16,18.7531
2001-04-12,18.7359
2001-04-11,18.7161
2001-04-10,18.7321
2001-04-09,18.8069
2001-04-06,18.8925
2001-04-05,19.0346
2001-04-04,19.2051
2001-04-03,19.4851
2001-04-02,19.7476
2001-03-30,19.9046
2001-03-29,20.0167
2001-03-28,20.1607
2001-03-27,20.2627
2001-03-26,20.3136
2001-03-23,20.4388
2001-03-22,20.5334
2001-03-21,20.6572
2001-03-20,20.822
2001-03-19,21.0202
2001-03-16,21.2355
2001-03-15,21.5593
2001-03-14,21.8244
2001-03-13,22.0494
2001-03-12,22.2708
2001-03-09,22.5295
2001-03-08,22.7931
2001-03-07,23.0047
2001-03-06,23.2286
2001-03-05,23.4462
2001-03-02,23.7169
2001-03-01,24.0713
2001-02-28,24.3891
2001-02-27,24.7719
2001-02-26,25.1271
2001-02-23,25.4105
2001-02-22,25.7021
2001-02-21,26.0356
2001-02-20,26.3534
2001-02-16,26.6192
2001-02-15,26.8469
2001-02-14,26.9762
2001-02-13,27.0731
2001-02-12,27.1587
2001-02-09,27.2383
2001-02-08,27.3482
2001-02-07,27.3456
2001-02-06,27.2866
2001-02-05,27.1662
2001-02-02,27.057
2001-02-01,27.0177
2001-01-31,26.9045
2001-01-30,26.6128
2001-01-29,26.3534
2001-01-26,26.1358
2001-01-25,25.9533
2001-01-24,25.7687
2001-01-23,25.5541
2001-01-22,25.2785
2001-01-19,25.0224
2001-01-18,24.8325
2001-01-17,24.6994
2001-01-16,24.662
2001-01-12,24.7181
2001-01-11,24.7802
2001-01-10,24.883
2001-01-09,25.0692
2001-01-08,25.2396
2001-01-05,25.3746
2001-01-04,25.5522
2001-01-03,25.6913
2001-01-02,25.7193
2000-12-29,25.9324
2000-12-28,26.061
2000-12-27,26.2237
2000-12-26,26.3867
2000-12-22,26.6192
2000-12-21,26.8398
2000-12-20,27.0839
2000-12-19,27.3841
2000-12-18,27.5853
2000-12-15,27.8096
2000-12-14,27.9965
2000-12-13,28.1786
2000-12-12,28.3293
2000-12-11,28.3412
2000-12-08,28.3278
2000-12-07,28.4523
2000-12-06,28.662
2000-12-05,28.9121
2000-12-04,29.111
2000-12-01,29.4591
2000-11-30,29.7873
2000-11-29,30.0913
2000-11-28,30.3541
2000-11-27,30.5381
2000-11-24,30.6857
2000-11-22,30.8117
2000-11-21,30.956
2000-11-20,31.1643
2000-11-17,31.4118
2000-11-16,31.6092
2000-11-15,31.7931
2000-11-14,31.792
2000-11-13,31.826
2000-11-10,31.9801
2000-11-09,32.1554
2000-11-08,32.1195
2000-11-07,32.1146
2000-11-06,32.075
2000-11-03,32.0952
2000-11-02,32.0993
2000-11-01,32.1509
2000-10-31,32.2683
2000-10-30,32.3091
2000-10-27,32.4679
2000-10-26,32.6182
2000-10-25,32.8613
2000-10-24,33.0803
2000-10-23,33.1951
2000-10-20,33.3155
2000-10-19,33.4639
2000-10-18,33.6912
2000-10-17,34.0943
2000-10-16,34.4655
2000-10-13,34.7227
2000-10-12,34.9968
2000-10-11,35.4305
2000-10-10,35.7998
2000-10-09,36.0989
2000-10-06,36.3778
2000-10-05,36.6986
2000-10-04,37.0497
2000-10-03,37.3435
2000-10-02,37.735
2000-09-29,38.1286
2000-09-28,38.5081
2000-09-27,38.7676
2000-09-26,39.1014
2000-09-25,39.4211
2000-09-22,39.6858
2000-09-21,39.9187
2000-09-20,40.0787
2000-09-19,40.1793
2000-09-18,40.287
2000-09-15,40.4574
2000-09-14,40.5831
2000-09-13,40.6485
2000-09-12,40.7113
2000-09-11,40.7883
2000-09-08,40.7977
2000-09-07,40.7487
2000-09-06,40.6762
2000-09-05,40.6294
2000-09-01,40.5266
2000-08-31,40.3363
2000-08-30,40.1471
2000-08-29,39.9625
2000-08-28,39.7722
2000-08-25,39.6062
2000-08-24,39.4185
2000-08-23,39.2966
2000-08-22,39.2521
2000-08-21,39.2544
2000-08-18,39.2226
2000-08-17,39.2506
2000-08-16,39.3265
2000-08-15,39.386
2000-08-14,39.5052
2000-08-11,39.6723
2000-08-10,39.8615
2000-08-09,40.0193
2000-08-08,40.0952
2000-08-07,40.1266
2000-08-04,40.1782
2000-08-03,40.2915
2000-08-02,40.3722
2000-08-01,40.4586
2000-07-31,40.6021
2000-07-28,40.7098
2000-07-27,40.8164
2000-07-26,40.89
2000-07-25,40.8855
2000-07-24,40.8739
2000-07-21,40.8829
2000-07-20,40.8852
2000-07-19,40.9072
2000-07-18,40.9539
2000-07-17,40.948
2000-07-14,40.8347
2000-07-13,40.7319
2000-07-12,40.6279
2000-07-11,40.6014
2000-07-10,40.5838
2000-07-07,40.592
2000-07-06,40.5733
2000-07-05,40.5965
2000-07-03,40.613
2000-06-30,40.592
2000-06-29,40.579
2000-06-28,40.518
2000-06-27,40.3344
2000-06-26,40.207
2000-06-23,39.9453
2000-06-22,39.691
2000-06-21,39.4222
2000-06-20,39.0203
2000-06-19,38.7246
2000-06-16,38.4431
2000-06-15,38.2991
2000-06-14,38.2113
2000-06-13,38.1911
2000-06-12,38.0763
2000-06-09,37.969
2000-06-08,37.7952
2000-06-07,37.5757
2000-06-06,37.4385
2000-06-05,37.3742
2000-06-02,37.3525
2000-06-01,37.2837
2000-05-31,37.3166
2000-05-30,37.5211
2000-05-26,37.7279
2000-05-25,38.0198
2000-05-24,38.3118
2000-05-23,38.513
2000-05-22,38.8203
2000-05-19,38.9291
2000-05-18,39.0906
2000-05-17,39.1957
2000-05-16,39.3198
2000-05-15,39.3048
2000-05-12,39.2465
2000-05-11,39.325
2000-05-10,39.466
2000-05-09,39.7953
2000-05-08,40.0869
2000-05-05,40.4245
2000-05-04,40.6167
2000-05-03,40.8339
2000-05-02,41.0231
2000-05-01,41.1446
2000-04-28,41.3233
2000-04-27,41.4893
2000-04-26,41.723
2000-04-25,42.0875
2000-04-24,42.4718
2000-04-20,42.9478
2000-04-19,43.3426
2000-04-18,43.6757
2000-04-17,43.9011
2000-04-14,44.1793
2000-04-13,44.5673
2000-04-12,44.8018
2000-04-11,44.9244
2000-04-10,44.9464
2000-04-07,44.9651
2000-04-06,44.9349
2000-04-05,44.9749
2000-04-04,44.9775
2000-04-03,44.9565
2000-03-31,44.9745
2000-03-30,44.9005
2000-03-29,44.8092
2000-03-28,44.6354
2000-03-27,44.3714
2000-03-24,44.0024
2000-03-23,43.6772
2000-03-22,43.3919
2000-03-21,43.1257
2000-03-20,42.8382
2000-03-17,42.6139
2000-03-16,42.4502
2000-03-15,42.2924
2000-03-14,42.2187
2000-03-13,42.1021
2000-03-10,41.9338
2000-03-09,41.7884
2000-03-08,41.5989
2000-03-07,41.5005
2000-03-06,41.4209
2000-03-03,41.2579
2000-03-02,41.068
2000-03-01,40.881
2000-02-29,40.7012
2000-02-28,40.5023
2000-02-25,40.2896
2000-02-24,40.1202
2000-02-23,39.9497
2000-02-22,39.8694
2000-02-18,39.8088
2000-02-17,39.8088
2000-02-16,39.7363
2000-02-15,39.6978
2000-02-14,39.6454
2000-02-11,39.5882
2000-02-10,39.4876
2000-02-09,39.3142
2000-02-08,39.1975
2000-02-07,39.1112
2000-02-04,38.971
2000-02-03,38.8218
2000-02-02,38.7904
2000-02-01,38.8139
2000-01-31,38.9564
2000-01-28,39.0805
2000-01-27,39.2719
2000-01-26,39.3975
2000-01-25,39.4723
2000-01-24,39.5011
2000-01-21,39.5557
2000-01-20,39.5344
2000-01-19,39.5157
2000-01-18,39.4712
2000-01-14,39.4114
2000-01-13,39.341
2000-01-12,39.2801
2000-01-11,39.1992
2000-01-10,39.1461
2000-01-07,39.0246
2000-01-06,38.9662
2000-01-05,38.9448
2000-01-04,38.8487
2000-01-03,38.7492
1999-12-31,38.5319
1999-12-30,38.3214
1999-12-29,38.0623
1999-12-28,37.7841
1999-12-27,37.5919
1999-12-23,37.3967
1999-12-22,37.2029
1999-12-21,36.992
1999-12-20,36.7968
1999-12-17,36.6282
1999-12-16,36.4618
1999-12-15,36.2584
1999-12-14,36.1066
1999-12-13,35.9567
1999-12-10,35.7784
1999-12-09,35.603
1999-12-08,35.4142
1999-12-07,35.1925
1999-12-06,34.969
1999-12-03,34.7334
1999-12-02,34.493
1999-12-01,34.2923
1999-11-30,34.1098
1999-11-29,33.9517
