date,RSI
2024-10-04,45.0962
2024-10-03,44.6261
2024-10-02,49.2309
2024-10-01,50.3395
2024-09-30,53.3196
2024-09-27,49.8366
2024-09-26,50.1208
2024-09-25,48.3364
2024-09-24,53.7046
2024-09-23,54.9017
2024-09-20,56.0567
2024-09-19,58.5295
2024-09-18,56.951
2024-09-17,57.9234
2024-09-16,64.4362
2024-09-13,61.7095
2024-09-12,60.8649
2024-09-11,59.3752
2024-09-10,61.193
2024-09-09,59.369
2024-09-06,56.4083
2024-09-05,58.392
2024-09-04,67.5459
2024-09-03,68.8332
2024-08-30,70.2464
2024-08-29,67.9995
2024-08-28,67.2823
2024-08-27,66.8979
2024-08-26,66.3977
2024-08-23,66.7169
2024-08-22,65.3933
2024-08-21,65.197
2024-08-20,64.7026
2024-08-19,63.5289
2024-08-16,61.7147
2024-08-15,61.4009
2024-08-14,59.5298
2024-08-13,58.4419
2024-08-12,54.5519
2024-08-09,56.1236
2024-08-08,54.5071
2024-08-07,46.3038
2024-08-06,50.3057
2024-08-05,48.3845
2024-08-02,61.8464
2024-08-01,63.0877
2024-07-31,59.1116
2024-07-30,61.3691
2024-07-29,61.035
2024-07-26,60.812
2024-07-25,58.7178
2024-07-24,61.5058
2024-07-23,58.4036
2024-07-22,58.73
2024-07-19,56.5517
2024-07-18,54.5404
2024-07-17,68.221
2024-07-16,66.6405
2024-07-15,60.9092
2024-07-12,63.4618
2024-07-11,60.6931
2024-07-10,57.2475
2024-07-09,51.9222
2024-07-08,48.8282
2024-07-05,49.5202
2024-07-03,44.3195
2024-07-02,49.0799
2024-07-01,51.6176
2024-06-28,55.8632
2024-06-27,56.5093
2024-06-26,57.7792
2024-06-25,60.5812
2024-06-24,63.1552
2024-06-21,60.1886
2024-06-20,58.6682
2024-06-18,56.8347
2024-06-17,56.1025
2024-06-14,56.8255
2024-06-13,57.0583
2024-06-12,57.5964
2024-06-11,58.961
2024-06-10,61.6934
2024-06-07,60.1399
2024-06-06,59.6797
2024-06-05,58.3076
2024-06-04,56.3682
2024-06-03,55.1057
2024-05-31,51.928
2024-05-30,44.2439
2024-05-29,43.9561
2024-05-28,47.6622
2024-05-24,54.5507
2024-05-23,56.7317
2024-05-22,64.7641
2024-05-21,63.9768
2024-05-20,63.2261
2024-05-17,64.8171
2024-05-16,64.0407
2024-05-15,64.8664
2024-05-14,58.4618
2024-05-13,56.3048
2024-05-10,56.9496
2024-05-09,55.9571
2024-05-08,51.4872
2024-05-07,53.5613
2024-05-06,48.8911
2024-05-03,46.3961
2024-05-02,44.8249
2024-05-01,45.1843
2024-04-30,44.12
2024-04-29,44.4479
2024-04-26,42.5409
2024-04-25,42.381
2024-04-24,45.1888
2024-04-23,46.5606
2024-04-22,39.3228
2024-04-19,36.9608
2024-04-18,34.5874
2024-04-17,34.6112
2024-04-16,35.163
2024-04-15,34.9578
2024-04-12,35.5566
2024-04-11,40.4992
2024-04-10,42.0322
2024-04-09,46.9194
2024-04-08,45.0777
2024-04-05,46.4589
2024-04-04,41.7801
2024-04-03,48.3547
2024-04-02,48.9173
2024-04-01,58.0611
2024-03-28,64.3789
2024-03-27,64.3203
2024-03-26,57.9521
2024-03-25,55.9097
2024-03-22,56.9005
2024-03-21,57.8749
2024-03-20,57.2137
2024-03-19,58.7349
2024-03-18,55.4622
2024-03-15,55.5363
2024-03-14,58.0405
2024-03-13,60.3586
2024-03-12,62.9778
2024-03-11,61.0628
2024-03-08,61.4179
2024-03-07,62.5847
2024-03-06,60.8031
2024-03-05,58.0396
2024-03-04,62.6603
2024-03-01,63.6317
2024-02-29,59.5121
2024-02-28,64.9871
2024-02-27,68.6687
2024-02-26,70.5409
2024-02-23,74.6212
2024-02-22,73.2683
2024-02-21,69.4941
2024-02-20,68.7087
2024-02-16,71.3821
2024-02-15,70.3301
2024-02-14,67.8196
2024-02-13,64.4442
2024-02-12,72.221
2024-02-09,71.762
2024-02-08,72.4201
2024-02-07,73.8832
2024-02-06,73.0771
2024-02-05,69.526
2024-02-02,68.4021
2024-02-01,69.5654
2024-01-31,64.61
2024-01-30,65.6704
2024-01-29,64.7446
2024-01-26,61.7428
2024-01-25,59.0742
2024-01-24,60.1334
2024-01-23,67.1003
2024-01-22,67.6823
2024-01-19,65.972
2024-01-18,65.7461
2024-01-17,65.8499
2024-01-16,67.2623
2024-01-12,71.6418
2024-01-11,73.5371
2024-01-10,74.0689
2024-01-09,72.8762
2024-01-08,72.9758
2024-01-05,70.6295
2024-01-04,71.2024
2024-01-03,69.8671
2024-01-02,70.9083
2023-12-29,65.8657
2023-12-28,65.5347
2023-12-27,64.722
2023-12-26,63.3865
2023-12-22,62.68
2023-12-21,61.087
2023-12-20,56.857
2023-12-19,64.9279
2023-12-18,62.6001
2023-12-15,62.0234
2023-12-14,67.2249
2023-12-13,70.4459
2023-12-12,64.4073
2023-12-11,62.731
2023-12-08,59.9995
2023-12-07,59.2826
2023-12-06,60.0259
2023-12-05,59.7261
2023-12-04,60.4584
2023-12-01,59.7693
2023-11-30,58.3343
2023-11-29,53.383
2023-11-28,53.2535
2023-11-27,55.7165
2023-11-24,58.8829
2023-11-22,56.8964
2023-11-21,55.0698
2023-11-20,52.6728
2023-11-17,50.1461
2023-11-16,51.0084
2023-11-15,49.2547
2023-11-14,48.939
2023-11-13,46.2046
2023-11-10,43.7767
2023-11-09,41.186
2023-11-08,48.7221
2023-11-07,49.3042
2023-11-06,49.0149
2023-11-03,46.2629
2023-11-02,44.1399
2023-11-01,36.6696
2023-10-31,35.5952
2023-10-30,32.63
2023-10-27,29.6393
2023-10-26,34.0515
2023-10-25,37.1492
2023-10-24,40.3276
2023-10-23,38.6208
2023-10-20,40.9005
2023-10-19,42.4169
2023-10-18,46.5299
2023-10-17,50.6886
2023-10-16,51.3774
2023-10-13,47.7017
2023-10-12,44.4014
2023-10-11,48.4146
2023-10-10,50.6676
2023-10-09,48.2207
2023-10-06,46.3871
2023-10-05,40.3688
2023-10-04,36.8785
2023-10-03,34.0495
2023-10-02,37.4123
2023-09-29,37.9749
2023-09-28,41.1775
2023-09-27,38.0368
2023-09-26,40.1731
2023-09-25,44.2004
2023-09-22,40.5807
2023-09-21,41.5546
2023-09-20,46.0235
2023-09-19,45.9755
2023-09-18,45.4688
2023-09-15,46.2163
2023-09-14,50.3332
2023-09-13,48.5931
2023-09-12,48.5115
2023-09-11,49.1414
2023-09-08,45.5455
2023-09-07,45.5455
2023-09-06,43.1955
2023-09-05,45.4705
2023-09-01,50.2935
2023-08-31,48.9516
2023-08-30,55.2937
2023-08-29,55.7197
2023-08-28,51.4565
2023-08-25,50.2818
2023-08-24,46.4281
2023-08-23,50.9113
2023-08-22,49.3077
2023-08-21,51.1737
2023-08-18,50.6452
2023-08-17,50.4632
2023-08-16,54.5514
2023-08-15,58.9161
2023-08-14,61.1734
2023-08-11,59.9789
2023-08-10,57.43
2023-08-09,57.8047
2023-08-08,57.9644
2023-08-07,54.9177
2023-08-04,49.7814
2023-08-03,51.4935
2023-08-02,54.009
2023-08-01,53.7205
2023-07-31,56.3316
2023-07-28,60.4806
2023-07-27,59.3876
2023-07-26,63.5627
2023-07-25,63.9471
2023-07-24,64.1929
2023-07-21,65.387
2023-07-20,62.3727
2023-07-19,56.5589
2023-07-18,54.7158
2023-07-17,51.6147
2023-07-14,53.7789
2023-07-13,46.9056
2023-07-12,46.7126
2023-07-11,47.8699
2023-07-10,47.7645
2023-07-07,44.1157
2023-07-06,48.9571
2023-07-05,52.7565
2023-07-03,53.0171
2023-06-30,57.1964
2023-06-29,52.8205
2023-06-28,49.7475
2023-06-27,51.3165
2023-06-26,52.4387
2023-06-23,55.3115
2023-06-22,57.0536
2023-06-21,54.2539
2023-06-20,54.1909
2023-06-16,54.7172
2023-06-15,54.7515
2023-06-14,48.5767
2023-06-13,53.1846
2023-06-12,51.027
2023-06-09,49.451
2023-06-08,48.1005
2023-06-07,45.2155
2023-06-06,46.7319
2023-06-05,50.1466
2023-06-02,48.6084
2023-06-01,42.7132
2023-05-31,39.3483
2023-05-30,34.6139
2023-05-26,36.5799
2023-05-25,37.2413
2023-05-24,40.799
2023-05-23,43.4582
2023-05-22,48.2968
2023-05-19,47.7983
2023-05-18,45.4541
2023-05-17,46.4947
2023-05-16,45.9065
2023-05-15,49.4575
2023-05-12,50.2292
2023-05-11,50.8188
2023-05-10,52.1433
2023-05-09,51.0496
2023-05-08,53.8625
2023-05-05,54.7972
2023-05-04,51.5175
2023-05-03,54.8874
2023-05-02,55.4728
2023-05-01,57.3449
2023-04-28,55.6535
2023-04-27,52.7377
2023-04-26,50.8636
2023-04-25,56.7503
2023-04-24,61.9092
2023-04-21,60.1152
2023-04-20,57.8523
2023-04-19,59.8228
2023-04-18,58.8297
2023-04-17,62.1019
2023-04-14,62.4968
2023-04-13,66.4755
2023-04-12,62.893
2023-04-11,62.8062
2023-04-10,61.8524
2023-04-06,62.1553
2023-04-05,61.4987
2023-04-04,56.5998
2023-04-03,56.5533
2023-03-31,53.0937
2023-03-30,49.4831
2023-03-29,47.5514
2023-03-28,46.5668
2023-03-27,48.4685
2023-03-24,47.0821
2023-03-23,42.1331
2023-03-22,42.6558
2023-03-21,47.1221
2023-03-20,44.937
2023-03-17,40.1026
2023-03-16,43.8796
2023-03-15,40.018
2023-03-14,40.2634
2023-03-13,36.4975
2023-03-10,32.298
2023-03-09,33.9917
2023-03-08,36.5231
2023-03-07,37.9495
2023-03-06,42.8074
2023-03-03,42.9581
2023-03-02,38.0177
2023-03-01,35.1053
2023-02-28,35.5323
2023-02-27,37.4923
2023-02-24,38.3166
2023-02-23,42.105
2023-02-22,40.9495
2023-02-21,41.9494
2023-02-17,46.1059
2023-02-16,42.3959
2023-02-15,45.7731
2023-02-14,47.5731
2023-02-13,49.8001
2023-02-10,46.4865
2023-02-09,42.4159
2023-02-08,45.4911
2023-02-07,46.5695
2023-02-06,43.8116
2023-02-03,45.7653
2023-02-02,46.8105
2023-02-01,49.3064
2023-01-31,47.4641
2023-01-30,42.0667
2023-01-27,45.1793
2023-01-26,47.7232
2023-01-25,46.9435
2023-01-24,46.8229
2023-01-23,49.1852
2023-01-20,47.8944
2023-01-19,45.9964
2023-01-18,45.0888
2023-01-17,49.8107
2023-01-13,51.5099
2023-01-12,49.9656
2023-01-11,51.073
2023-01-10,49.1819
2023-01-09,46.2746
2023-01-06,52.0029
2023-01-05,48.7079
2023-01-04,52.5496
2023-01-03,51.6106
2022-12-30,52.6836
2022-12-29,54.0243
2022-12-28,50.4292
2022-12-27,52.7761
2022-12-23,53.7208
2022-12-22,53.5402
2022-12-21,54.0158
2022-12-20,50.0928
2022-12-19,50.1617
2022-12-16,51.2826
2022-12-15,56.0014
2022-12-14,63.0879
2022-12-13,62.7041
2022-12-12,61.9699
2022-12-09,59.3723
2022-12-08,64.466
2022-12-07,62.3215
2022-12-06,60.262
2022-12-05,63.3172
2022-12-02,67.4639
2022-12-01,66.9108
2022-11-30,66.3062
2022-11-29,60.7939
2022-11-28,61.8019
2022-11-25,64.8986
2022-11-23,63.5335
2022-11-22,62.6126
2022-11-21,60.5627
2022-11-18,60.4571
2022-11-17,57.5596
2022-11-16,57.7093
2022-11-15,57.8522
2022-11-14,58.2406
2022-11-11,58.0517
2022-11-10,61.6956
2022-11-09,56.4373
2022-11-08,59.7748
2022-11-07,58.7041
2022-11-04,56.3633
2022-11-03,54.9958
2022-11-02,56.1598
2022-11-01,61.2178
2022-10-31,61.1
2022-10-28,61.3434
2022-10-27,58.2552
2022-10-26,59.7096
2022-10-25,57.6115
2022-10-24,56.1348
2022-10-21,52.1955
2022-10-20,47.0484
2022-10-19,48.9578
2022-10-18,52.3265
2022-10-17,51.0614
2022-10-14,47.2831
2022-10-13,48.7937
2022-10-12,42.9384
2022-10-11,43.947
2022-10-10,42.5583
2022-10-07,43.7789
2022-10-06,48.3086
2022-10-05,51.397
2022-10-04,50.6194
2022-10-03,44.8968
2022-09-30,39.0777
2022-09-29,41.933
2022-09-28,43.8041
2022-09-27,36.9991
2022-09-26,37.6031
2022-09-23,39.5422
2022-09-22,40.6136
2022-09-21,38.9935
2022-09-20,42.5013
2022-09-19,45.2672
2022-09-16,46.5936
2022-09-15,47.2862
2022-09-14,45.776
2022-09-13,45.6302
2022-09-12,54.2226
2022-09-09,52.5199
2022-09-08,50.2148
2022-09-07,45.3265
2022-09-06,40.1753
2022-09-02,39.8587
2022-09-01,43.1493
2022-08-31,37.6404
2022-08-30,39.043
2022-08-29,40.5502
2022-08-26,42.1896
2022-08-25,50.0776
2022-08-24,46.3438
2022-08-23,45.9139
2022-08-22,50.293
2022-08-19,55.0342
2022-08-18,54.1853
2022-08-17,55.8263
2022-08-16,58.0336
2022-08-15,59.0574
2022-08-12,57.7392
2022-08-11,54.2061
2022-08-10,56.4892
2022-08-09,53.388
2022-08-08,54.4187
2022-08-05,53.7615
2022-08-04,53.8805
2022-08-03,55.3953
2022-08-02,53.0819
2022-08-01,54.1264
2022-07-29,56.3218
2022-07-28,57.3133
2022-07-27,55.9055
2022-07-26,54.5142
2022-07-25,53.3723
2022-07-22,52.2156
2022-07-21,53.2114
2022-07-20,49.7917
2022-07-19,52.0715
2022-07-18,48.2559
2022-07-15,53.3712
2022-07-14,47.4651
2022-07-13,48.1636
2022-07-12,50.5511
2022-07-11,53.9233
2022-07-08,54.6113
2022-07-07,53.9516
2022-07-06,53.0372
2022-07-05,51.5927
2022-07-01,52.9259
2022-06-30,50.5974
2022-06-29,51.0808
2022-06-28,49.3202
2022-06-27,53.0105
2022-06-24,52.2902
2022-06-23,49.0273
2022-06-22,44.2368
2022-06-21,41.0286
2022-06-17,34.2634
2022-06-16,34.3449
2022-06-15,36.4517
2022-06-14,33.8233
2022-06-13,35.1359
2022-06-10,39.9626
2022-06-09,42.9892
2022-06-08,47.9541
2022-06-07,49.8836
2022-06-06,46.5645
2022-06-03,46.5246
2022-06-02,49.2068
2022-06-01,47.2755
2022-05-31,50.6504
2022-05-27,54.1075
2022-05-26,50.1531
2022-05-25,49.0874
2022-05-24,49.1587
2022-05-23,48.4652
2022-05-20,46.4363
2022-05-19,43.547
2022-05-18,43.0229
2022-05-17,48.1657
2022-05-16,44.879
2022-05-13,43.0481
2022-05-12,40.3743
2022-05-11,37.8701
2022-05-10,38.9398
2022-05-09,38.0492
2022-05-06,42.44
2022-05-05,43.0155
2022-05-04,46.8096
2022-05-03,41.3209
2022-05-02,40.4904
2022-04-29,41.5953
2022-04-28,46.7413
2022-04-27,43.21
2022-04-26,43.6481
2022-04-25,47.3773
2022-04-22,45.7038
2022-04-21,55.0557
2022-04-20,58.5416
2022-04-19,55.3163
2022-04-18,52.8627
2022-04-14,56.2923
2022-04-13,57.8538
2022-04-12,56.6956
2022-04-11,59.8189
2022-04-08,67.1583
2022-04-07,65.9712
2022-04-06,61.8395
2022-04-05,58.0676
2022-04-04,57.5141
2022-04-01,60.5241
2022-03-31,58.5906
2022-03-30,62.2089
2022-03-29,61.7602
2022-03-28,60.4209
2022-03-25,58.7432
2022-03-24,57.6582
2022-03-23,54.7894
2022-03-22,60.7798
2022-03-21,60.7298
2022-03-18,60.9839
2022-03-17,59.6852
2022-03-16,56.1887
2022-03-15,53.303
2022-03-14,48.0031
2022-03-11,45.9558
2022-03-10,47.8642
2022-03-09,47.9617
2022-03-08,42.6065
2022-03-07,47.7601
2022-03-04,53.0544
2022-03-03,51.598
2022-03-02,50.1053
2022-03-01,45.4542
2022-02-28,46.9907
2022-02-25,49.1615
2022-02-24,38.5682
2022-02-23,36.9314
2022-02-22,38.143
2022-02-18,38.7468
2022-02-17,40.5774
2022-02-16,44.9951
2022-02-15,44.4479
2022-02-14,40.3616
2022-02-11,43.1258
2022-02-10,47.3662
2022-02-09,53.0531
2022-02-08,50.2711
2022-02-07,47.1516
2022-02-04,47.7577
2022-02-03,49.0066
2022-02-02,50.4964
2022-02-01,45.6197
2022-01-31,44.5944
2022-01-28,42.3828
2022-01-27,33.6239
2022-01-26,32.3894
2022-01-25,33.5945
2022-01-24,35.133
2022-01-21,35.9432
2022-01-20,38.5344
2022-01-19,40.3342
2022-01-18,41.4902
2022-01-14,45.8348
2022-01-13,46.3994
2022-01-12,52.0104
2022-01-11,53.1333
2022-01-10,50.311
2022-01-07,46.3924
2022-01-06,48.1979
2022-01-05,52.6558
2022-01-04,55.6909
2022-01-03,62.0727
2021-12-31,67.8976
2021-12-30,70.4982
2021-12-29,69.97
2021-12-28,68.4918
2021-12-27,70.0059
2021-12-23,67.2756
2021-12-22,66.1402
2021-12-21,62.6879
2021-12-20,61.3544
2021-12-17,64.5426
2021-12-16,68.4816
2021-12-15,66.8572
2021-12-14,60.2892
2021-12-13,62.6304
2021-12-10,59.1507
2021-12-09,57.7682
2021-12-08,56.8532
2021-12-07,53.7846
2021-12-06,47.8274
2021-12-03,44.8714
2021-12-02,43.8919
2021-12-01,41.2907
2021-11-30,41.9655
2021-11-29,50.8978
2021-11-26,49.4834
2021-11-24,51.3978
2021-11-23,51.5913
2021-11-22,51.1016
2021-11-19,53.2964
2021-11-18,56.4032
2021-11-17,56.2536
2021-11-16,55.7051
2021-11-15,54.0935
2021-11-12,57.0143
2021-11-11,55.1864
2021-11-10,56.536
2021-11-09,55.5293
2021-11-08,57.1508
2021-11-05,55.1447
2021-11-04,60.2313
2021-11-03,63.6917
2021-11-02,61.9265
2021-11-01,59.9602
2021-10-29,60.5258
2021-10-28,57.4515
2021-10-27,54.5863
2021-10-26,58.1363
2021-10-25,56.4715
2021-10-22,56.0629
2021-10-21,54.7255
2021-10-20,53.3774
2021-10-19,48.2999
2021-10-18,42.9421
2021-10-15,45.2636
2021-10-14,43.1493
2021-10-13,36.4906
2021-10-12,35.6956
2021-10-11,37.039
2021-10-08,39.3207
2021-10-07,40.8668
2021-10-06,34.4806
2021-10-05,34.9748
2021-10-04,31.9535
2021-10-01,36.072
2021-09-30,35.9508
2021-09-29,39.721
2021-09-28,35.6209
2021-09-27,41.5487
2021-09-24,47.9378
2021-09-23,50.0375
2021-09-22,46.0913
2021-09-21,45.138
2021-09-20,44.2872
2021-09-17,49.2931
2021-09-16,48.7762
2021-09-15,50.0436
2021-09-14,46.7167
2021-09-13,46.7855
2021-09-10,49.6342
2021-09-09,54.3497
2021-09-08,61.4264
2021-09-07,61.7182
2021-09-03,65.669
2021-09-02,65.273
2021-09-01,61.159
2021-08-31,61.038
2021-08-30,61.8616
2021-08-27,59.6793
2021-08-26,60.3265
2021-08-25,62.6056
2021-08-24,64.2146
2021-08-23,66.315
2021-08-20,66.2056
2021-08-19,64.52
2021-08-18,63.1362
2021-08-17,72.2665
2021-08-16,68.9893
2021-08-13,65.2874
2021-08-12,62.9958
2021-08-11,59.8401
2021-08-10,66.6987
2021-08-09,68.4491
2021-08-06,67.0997
2021-08-05,67.6929
2021-08-04,70.6602
2021-08-03,73.8473
2021-08-02,69.6492
2021-07-30,69.1896
2021-07-29,68.8912
2021-07-28,68.1088
2021-07-27,66.9489
2021-07-26,65.3973
2021-07-23,69.7309
2021-07-22,65.9479
2021-07-21,63.1792
2021-07-20,62.5396
2021-07-19,57.3439
2021-07-16,64.778
2021-07-15,63.6163
2021-07-14,66.2867
2021-07-13,66.9992
2021-07-12,67.6904
2021-07-09,67.017
2021-07-08,65.826
2021-07-07,69.6832
2021-07-06,67.6273
2021-07-02,68.279
2021-07-01,65.0237
2021-06-30,61.5856
2021-06-29,61.9991
2021-06-28,61.5701
2021-06-25,61.0025
2021-06-24,59.2887
2021-06-23,57.2864
2021-06-22,59.547
2021-06-21,58.7439
2021-06-18,54.005
2021-06-17,60.3663
2021-06-16,57.1833
2021-06-15,59.476
2021-06-14,59.347
2021-06-11,59.0059
2021-06-10,63.0727
2021-06-09,56.2872
2021-06-08,51.5581
2021-06-07,53.323
2021-06-04,51.4967
2021-06-03,49.8442
2021-06-02,48.2554
2021-06-01,49.2161
2021-05-28,58.5892
2021-05-27,56.7385
2021-05-26,58.1267
2021-05-25,61.9676
2021-05-24,64.0333
2021-05-21,63.6601
2021-05-20,63.6003
2021-05-19,59.5179
2021-05-18,60.5684
2021-05-17,60.4421
2021-05-14,61.5188
2021-05-13,59.6794
2021-05-12,56.146
2021-05-11,61.5495
2021-05-10,68.8175
2021-05-07,68.3942
2021-05-06,66.0693
2021-05-05,65.617
2021-05-04,65.0077
2021-05-03,64.6561
2021-04-30,60.6712
2021-04-29,62.4152
2021-04-28,64.8246
2021-04-27,66.6709
2021-04-26,70.3221
2021-04-23,72.555
2021-04-22,70.8597
2021-04-21,73.8003
2021-04-20,70.7848
2021-04-19,69.7035
2021-04-16,69.6354
2021-04-15,67.5556
2021-04-14,61.9748
2021-04-13,62.0247
2021-04-12,60.545
2021-04-09,60.1841
2021-04-08,56.1161
2021-04-07,55.5088
2021-04-06,56.5833
2021-04-05,58.4434
2021-04-01,55.9682
2021-03-31,57.3709
2021-03-30,56.6933
2021-03-29,60.9337
2021-03-26,59.4383
2021-03-25,52.6436
2021-03-24,50.9157
2021-03-23,51.3982
2021-03-22,55.9299
2021-03-19,52.5534
2021-03-18,51.0902
2021-03-17,51.9817
2021-03-16,53.5347
2021-03-15,53.7891
2021-03-12,51.3079
2021-03-11,50.509
2021-03-10,48.2842
2021-03-09,47.4384
2021-03-08,45.2802
2021-03-05,46.0422
2021-03-04,38.2108
2021-03-03,42.1653
2021-03-02,46.5276
2021-03-01,47.5997
2021-02-26,41.9379
2021-02-25,45.0186
2021-02-24,49.0339
2021-02-23,45.8839
2021-02-22,46.5412
2021-02-19,47.4589
2021-02-18,52.5646
2021-02-17,55.5235
2021-02-16,54.1116
2021-02-12,59.028
2021-02-11,56.1921
2021-02-10,55.4513
2021-02-09,54.7576
2021-02-08,54.2092
2021-02-05,53.7709
2021-02-04,53.1315
2021-02-03,51.6803
2021-02-02,54.4146
2021-02-01,53.4735
2021-01-29,52.2241
2021-01-28,55.3702
2021-01-27,50.5473
2021-01-26,64.8106
2021-01-25,67.0187
2021-01-22,65.0384
2021-01-21,66.7696
2021-01-20,69.5848
2021-01-19,68.1018
2021-01-15,65.9675
2021-01-14,65.0589
2021-01-13,66.8002
2021-01-12,66.0537
2021-01-11,72.2248
2021-01-08,71.1236
2021-01-07,69.972
2021-01-06,66.5805
2021-01-05,62.3829
2021-01-04,59.8656
2020-12-31,62.2296
2020-12-30,58.4785
2020-12-29,58.5722
2020-12-28,56.8315
2020-12-24,55.9016
2020-12-23,54.8455
2020-12-22,54.5872
2020-12-21,55.8778
2020-12-18,60.3463
2020-12-17,60.104
2020-12-16,56.7565
2020-12-15,58.0285
2020-12-14,54.5063
2020-12-11,57.7279
2020-12-10,59.4772
2020-12-09,60.2258
2020-12-08,61.7413
2020-12-07,59.6385
2020-12-04,62.2782
2020-12-03,59.3287
2020-12-02,59.8518
2020-12-01,57.7541
2020-11-30,55.2945
2020-11-27,54.4734
2020-11-25,51.6619
2020-11-24,52.9034
2020-11-23,52.0273
2020-11-20,52.8444
2020-11-19,53.558
2020-11-18,53.7787
2020-11-17,59.8416
2020-11-16,62.1905
2020-11-13,62.8
2020-11-12,60.0599
2020-11-11,61.3165
2020-11-10,61.7355
2020-11-09,61.1592
2020-11-06,59.284
2020-11-05,59.2114
2020-11-04,58.8275
2020-11-03,49.2095
2020-11-02,45.2742
2020-10-30,39.9141
2020-10-29,39.975
2020-10-28,41.6683
2020-10-27,49.6619
2020-10-26,51.7094
2020-10-23,55.2677
2020-10-22,54.2712
2020-10-21,50.0423
2020-10-20,51.5423
2020-10-19,51.175
2020-10-16,56.1094
2020-10-15,53.4672
2020-10-14,55.8161
2020-10-13,57.7632
2020-10-12,60.4004
2020-10-09,58.8075
2020-10-08,56.6354
2020-10-07,55.4387
2020-10-06,50.497
2020-10-05,54.5927
2020-10-02,48.5794
2020-10-01,51.4851
2020-09-30,52.606
2020-09-29,47.6093
2020-09-28,47.9857
2020-09-25,45.0323
2020-09-24,39.293
2020-09-23,40.5515
2020-09-22,43.2893
2020-09-21,43.8733
2020-09-18,49.4434
2020-09-17,49.9397
2020-09-16,51.0037
2020-09-15,51.5402
2020-09-14,51.1606
2020-09-11,46.9292
2020-09-10,45.7078
2020-09-09,50.0299
2020-09-08,44.3521
2020-09-04,49.3941
2020-09-03,51.8394
2020-09-02,63.5608
2020-09-01,56.8779
2020-08-31,61.7303
2020-08-28,60.8804
2020-08-27,60.1035
2020-08-26,57.2828
2020-08-25,57.8845
2020-08-24,55.4207
2020-08-21,57.5992
2020-08-20,57.2408
2020-08-19,58.6979
2020-08-18,60.1965
2020-08-17,60.3219
2020-08-14,58.6013
2020-08-13,59.4172
2020-08-12,59.9458
2020-08-11,55.154
2020-08-10,57.6335
2020-08-07,58.987
2020-08-06,58.1042
2020-08-05,60.1669
2020-08-04,58.9776
2020-08-03,60.627
2020-07-31,58.0417
2020-07-30,60.1412
2020-07-29,62.7574
2020-07-28,60.2962
2020-07-27,60.7082
2020-07-24,58.954
2020-07-23,62.9054
2020-07-22,64.5928
2020-07-21,62.7122
2020-07-20,62.9462
2020-07-17,63.0101
2020-07-16,60.2741
2020-07-15,60.7818
2020-07-14,58.1414
2020-07-13,53.6993
2020-07-10,52.3367
2020-07-09,52.9601
2020-07-08,55.0363
2020-07-07,55.0153
2020-07-06,57.2705
2020-07-02,55.2539
2020-07-01,53.7229
2020-06-30,52.147
2020-06-29,48.5129
2020-06-26,46.4908
2020-06-25,48.983
2020-06-24,46.8162
2020-06-23,52.6093
2020-06-22,51.677
2020-06-19,52.5531
2020-06-18,50.569
2020-06-17,51.2906
2020-06-16,51.496
2020-06-15,46.6016
2020-06-12,46.1301
2020-06-11,44.8045
2020-06-10,56.8498
2020-06-09,57.2596
2020-06-08,60.0345
2020-06-05,58.7872
2020-06-04,55.757
2020-06-03,57.7493
2020-06-02,58.2374
2020-06-01,57.2242
2020-05-29,59.599
2020-05-28,57.5823
2020-05-27,55.3261
2020-05-26,53.4778
2020-05-22,53.8477
2020-05-21,53.4911
2020-05-20,54.9112
2020-05-19,54.726
2020-05-18,56.9861
2020-05-15,55.8065
2020-05-14,54.6097
2020-05-13,53.057
2020-05-12,54.8392
2020-05-11,57.4534
2020-05-08,55.2006
2020-05-07,54.5182
2020-05-06,54.5337
2020-05-05,56.0292
2020-05-04,53.4313
2020-05-01,53.5021
2020-04-30,56.1909
2020-04-29,56.848
2020-04-28,56.1491
2020-04-27,58.9675
2020-04-24,57.6981
2020-04-23,56.3763
2020-04-22,55.8442
2020-04-21,54.3956
2020-04-20,58.1159
2020-04-17,59.1269
2020-04-16,57.3194
2020-04-15,55.3906
2020-04-14,55.9599
2020-04-13,53.1025
2020-04-09,53.9877
2020-04-08,53.5266
2020-04-07,50.1202
2020-04-06,50.8319
2020-04-03,46.4494
2020-04-02,47.1425
2020-04-01,44.8052
2020-03-31,47.6644
2020-03-30,48.0012
2020-03-27,44.1774
2020-03-26,45.6684
2020-03-25,40.0806
2020-03-24,38.8999
2020-03-23,32.066
2020-03-20,34.6719
2020-03-19,36.8723
2020-03-18,38.1234
2020-03-17,40.2984
2020-03-16,33.9187
2020-03-13,41.2091
2020-03-12,32.0887
2020-03-11,38.7281
2020-03-10,43.2525
2020-03-09,37.202
2020-03-06,44.387
2020-03-05,45.2418
2020-03-04,49.2625
2020-03-03,36.71
2020-03-02,40.9678
2020-02-28,26.3546
2020-02-27,28.2038
2020-02-26,34.4703
2020-02-25,34.4923
2020-02-24,42.3136
2020-02-21,55.0248
2020-02-20,54.7873
2020-02-19,58.0382
2020-02-18,56.2723
2020-02-14,58.0617
2020-02-13,57.7859
2020-02-12,60.0845
2020-02-11,59.6803
2020-02-10,57.7413
2020-02-07,55.9564
2020-02-06,59.4708
2020-02-05,59.2003
2020-02-04,52.6645
2020-02-03,45.172
2020-01-31,40.6048
2020-01-30,49.3744
2020-01-29,53.3871
2020-01-28,54.9937
2020-01-27,52.5725
2020-01-24,57.127
2020-01-23,69.9741
2020-01-22,74.8446
2020-01-21,74.4299
2020-01-17,74.0865
2020-01-16,74.0865
2020-01-15,72.4469
2020-01-14,69.4174
2020-01-13,67.0173
2020-01-10,70.0497
2020-01-09,69.9421
2020-01-08,68.357
2020-01-07,65.7861
2020-01-06,67.3617
2020-01-03,64.8419
2020-01-02,72.3368
2019-12-31,71.3835
2019-12-30,70.6723
2019-12-27,76.1565
2019-12-26,76.0703
2019-12-24,76.6848
2019-12-23,77.7935
2019-12-20,76.788
2019-12-19,74.894
2019-12-18,73.7675
2019-12-17,73.3702
2019-12-16,74.2091
2019-12-13,71.0981
2019-12-12,71.6252
2019-12-11,68.6961
2019-12-10,68.3962
2019-12-09,67.677
2019-12-06,72.6761
2019-12-05,70.7402
2019-12-04,70.7402
2019-12-03,67.8769
2019-12-02,69.4201
2019-11-29,72.5544
2019-11-27,75.1173
2019-11-26,73.838
2019-11-25,74.4081
2019-11-22,71.3918
2019-11-21,70.3825
2019-11-20,69.6561
2019-11-19,70.5104
2019-11-18,68.6564
2019-11-15,70.7699
2019-11-14,64.3579
2019-11-13,64.3213
2019-11-12,63.934
2019-11-11,61.8979
2019-11-08,64.2558
2019-11-07,61.8107
2019-11-06,61.0401
2019-11-05,59.8679
2019-11-04,63.6788
2019-11-01,65.3904
2019-10-31,65.0208
2019-10-30,65.6312
2019-10-29,64.0882
2019-10-28,59.8202
2019-10-25,56.2665
2019-10-24,55.8763
2019-10-23,58.1949
2019-10-22,56.0959
2019-10-21,55.3486
2019-10-18,55.7998
2019-10-17,57.3086
2019-10-16,54.9965
2019-10-15,55.5004
2019-10-14,49.492
2019-10-11,49.6473
2019-10-10,46.7079
2019-10-09,44.8907
2019-10-08,42.1656
2019-10-07,48.2177
2019-10-04,49.3994
2019-10-03,43.2807
2019-10-02,39.3189
2019-10-01,44.1386
2019-09-30,47.9157
2019-09-27,43.7593
2019-09-26,45.4834
2019-09-25,47.7158
2019-09-24,49.7576
2019-09-23,53.9439
2019-09-20,56.582
2019-09-19,54.3876
2019-09-18,52.4612
2019-09-17,52.5102
2019-09-16,51.9129
2019-09-13,52.8144
2019-09-12,53.0332
2019-09-11,53.1587
2019-09-10,49.7713
2019-09-09,48.7543
2019-09-06,51.985
2019-09-05,51.0682
2019-09-04,47.6904
2019-09-03,47.4581
2019-08-30,49.2951
2019-08-29,48.9051
2019-08-28,46.4883
2019-08-27,44.0865
2019-08-26,45.6745
2019-08-23,42.2043
2019-08-22,48.9057
2019-08-21,50.5394
2019-08-20,48.0866
2019-08-19,50.877
2019-08-16,47.6586
2019-08-15,43.1877
2019-08-14,41.8581
2019-08-13,51.227
2019-08-12,45.9042
2019-08-09,49.7983
2019-08-08,49.2932
2019-08-07,43.3909
2019-08-06,43.2339
2019-08-05,36.8596
2019-08-02,45.9889
2019-08-01,47.0759
2019-07-31,46.388
2019-07-30,51.1802
2019-07-29,53.4877
2019-07-26,51.5149
2019-07-25,49.7568
2019-07-24,52.2093
2019-07-23,51.9593
2019-07-22,49.0749
2019-07-19,50.026
2019-07-18,55.1575
2019-07-17,52.6586
2019-07-16,52.562
2019-07-15,55.0146
2019-07-12,54.1305
2019-07-11,59.9503
2019-07-10,59.8715
2019-07-09,58.6341
2019-07-08,58.2904
2019-07-05,62.1026
2019-07-03,65.9047
2019-07-02,63.2759
2019-07-01,61.5139
2019-06-28,59.8295
2019-06-27,58.6715
2019-06-26,56.1947
2019-06-25,62.7229
2019-06-24,65.0547
2019-06-21,68.1588
2019-06-20,66.7869
2019-06-19,65.4956
2019-06-18,62.707
2019-06-17,59.8071
2019-06-14,58.1833
2019-06-13,59.35
2019-06-12,59.9482
2019-06-11,58.3532
2019-06-10,59.1156
2019-06-07,58.1812
2019-06-06,54.7618
2019-06-05,52.9742
2019-06-04,50.2542
2019-06-03,43.5401
2019-05-31,42.4718
2019-05-30,44.8927
2019-05-29,42.5213
2019-05-28,45.8397
2019-05-24,51.6007
2019-05-23,51.0066
2019-05-22,52.4655
2019-05-21,50.2411
2019-05-20,46.3605
2019-05-17,46.5266
2019-05-16,47.2913
2019-05-15,44.1229
2019-05-14,42.8941
2019-05-13,40.801
2019-05-10,47.0141
2019-05-09,46.8761
2019-05-08,47.6227
2019-05-07,46.818
2019-05-06,54.0407
2019-05-03,52.1882
2019-05-02,49.3195
2019-05-01,47.652
2019-04-30,48.2875
2019-04-29,46.5523
2019-04-26,47.1387
2019-04-25,43.4144
2019-04-24,39.2564
2019-04-23,39.5633
2019-04-22,32.7736
2019-04-18,32.5088
2019-04-17,31.7941
2019-04-16,38.8925
2019-04-15,45.9983
2019-04-12,44.1106
2019-04-11,47.7679
2019-04-10,53.5057
2019-04-09,53.3644
2019-04-08,54.626
2019-04-05,54.7284
2019-04-04,52.0372
2019-04-03,52.9388
2019-04-02,53.495
2019-04-01,54.4459
2019-03-29,53.9272
2019-03-28,49.6903
2019-03-27,48.7455
2019-03-26,51.7993
2019-03-25,49.3396
2019-03-22,49.5333
2019-03-21,56.6276
2019-03-20,55.3251
2019-03-19,58.2811
2019-03-18,55.7173
2019-03-15,56.3482
2019-03-14,54.8948
2019-03-13,55.5207
2019-03-12,52.1337
2019-03-11,49.6822
2019-03-08,45.5911
2019-03-07,46.2566
2019-03-06,48.7848
2019-03-05,54.0848
2019-03-04,54.2939
2019-03-01,59.8313
2019-02-28,55.3698
2019-02-27,56.6104
2019-02-26,58.5968
2019-02-25,60.1352
2019-02-22,59.7396
2019-02-21,57.1283
2019-02-20,60.7371
2019-02-19,61.2362
2019-02-15,62.2074
2019-02-14,58.2628
2019-02-13,57.6234
2019-02-12,57.0278
2019-02-11,53.1832
2019-02-08,53.5906
2019-02-07,53.0628
2019-02-06,56.6641
2019-02-05,55.4874
2019-02-04,55.945
2019-02-01,56.8355
2019-01-31,56.6337
2019-01-30,53.7588
2019-01-29,50.3829
2019-01-28,49.129
2019-01-25,52.0649
2019-01-24,51.7666
2019-01-23,53.9403
2019-01-22,53.694
2019-01-18,55.44
2019-01-17,52.9553
2019-01-16,51.0471
2019-01-15,51.4538
2019-01-14,47.5859
2019-01-11,49.9361
2019-01-10,49.2239
2019-01-09,48.8183
2019-01-08,47.9117
2019-01-07,46.361
2019-01-04,45.6033
2019-01-03,39.4743
2019-01-02,42.6458
2018-12-31,45.2617
2018-12-28,42.0115
2018-12-27,41.7507
2018-12-26,39.3406
2018-12-24,28.7389
2018-12-21,31.6994
2018-12-20,33.4098
2018-12-19,35.509
2018-12-18,37.6237
2018-12-17,39.112
2018-12-14,42.8633
2018-12-13,51.0026
2018-12-12,50.7446
2018-12-11,48.5128
2018-12-10,47.7047
2018-12-07,46.7115
2018-12-06,53.2125
2018-12-04,54.2722
2018-12-03,61.3336
2018-11-30,63.0157
2018-11-29,58.5292
2018-11-28,57.7388
2018-11-27,51.507
2018-11-26,48.4197
2018-11-23,45.3612
2018-11-21,44.8974
2018-11-20,46.3642
2018-11-19,48.8934
2018-11-16,52.6491
2018-11-15,49.7667
2018-11-14,47.1069
2018-11-13,49.3731
2018-11-12,51.434
2018-11-09,55.7893
2018-11-08,56.7679
2018-11-07,56.6341
2018-11-06,48.5918
2018-11-05,46.9763
2018-11-02,44.1109
2018-11-01,45.7768
2018-10-31,41.5852
2018-10-30,41.1219
2018-10-29,37.4291
2018-10-26,36.5442
2018-10-25,38.921
2018-10-24,34.3363
2018-10-23,42.2889
2018-10-22,43.8764
2018-10-19,46.4095
2018-10-18,49.447
2018-10-17,53.657
2018-10-16,51.8569
2018-10-15,40.8009
2018-10-12,43.1948
2018-10-11,35.2945
2018-10-10,46.3423
2018-10-09,63.1638
2018-10-08,62.2293
2018-10-05,62.6065
2018-10-04,63.6139
2018-10-03,73.0557
2018-10-02,75.1053
2018-10-01,76.3489
2018-09-28,74.6448
2018-09-27,73.5267
2018-09-26,71.5543
2018-09-25,70.6453
2018-09-24,73.7366
2018-09-21,73.0012
2018-09-20,72.5141
2018-09-19,68.6689
2018-09-18,69.9979
2018-09-17,67.5171
2018-09-14,71.0302
2018-09-13,74.3825
2018-09-12,69.2715
2018-09-11,66.7507
2018-09-10,67.6679
2018-09-07,70.4256
2018-09-06,69.7422
2018-09-05,69.7422
2018-09-04,67.9774
2018-08-31,76.4496
2018-08-30,76.6951
2018-08-29,77.5226
2018-08-28,75.3576
2018-08-27,75.1682
2018-08-24,73.9113
2018-08-23,72.124
2018-08-22,72.4455
2018-08-21,72.091
2018-08-20,72.091
2018-08-17,70.9672
2018-08-16,69.8924
2018-08-15,66.1506
2018-08-14,67.5092
2018-08-13,65.6317
2018-08-10,65.4964
2018-08-09,68.8435
2018-08-08,69.7112
2018-08-07,69.1948
2018-08-06,69.1591
2018-08-03,68.6064
2018-08-02,66.7299
2018-08-01,65.5106
2018-07-31,65.4376
2018-07-30,61.9185
2018-07-27,61.7172
2018-07-26,65.9557
2018-07-25,67.6806
2018-07-24,63.6328
2018-07-23,60.3011
2018-07-20,59.498
2018-07-19,60.598
2018-07-18,63.8292
2018-07-17,63.5655
2018-07-16,61.7492
2018-07-13,65.1564
2018-07-12,64.5962
2018-07-11,61.0239
2018-07-10,65.5393
2018-07-09,64.3405
2018-07-06,61.9391
2018-07-05,56.5571
2018-07-03,51.9545
2018-07-02,50.8165
2018-06-29,49.3344
2018-06-28,48.368
2018-06-27,47.7554
2018-06-26,51.5022
2018-06-25,52.9473
2018-06-22,57.5497
2018-06-21,55.7703
2018-06-20,58.7889
2018-06-19,57.9955
2018-06-18,57.0351
2018-06-15,62.0597
2018-06-14,61.4083
2018-06-13,59.6643
2018-06-12,59.5855
2018-06-11,59.8635
2018-06-08,59.2861
2018-06-07,57.5075
2018-06-06,57.1079
2018-06-05,53.5629
2018-06-04,54.3344
2018-06-01,53.1657
2018-05-31,49.3953
2018-05-30,53.3001
2018-05-29,48.0242
2018-05-25,51.8714
2018-05-24,52.4348
2018-05-23,53.966
2018-05-22,52.8968
2018-05-21,53.5976
2018-05-18,53.3038
2018-05-17,52.5545
2018-05-16,52.4509
2018-05-15,50.8897
2018-05-14,54.9111
2018-05-11,53.1188
2018-05-10,48.8328
2018-05-09,44.5712
2018-05-08,42.638
2018-05-07,44.5975
2018-05-04,44.9838
2018-05-03,42.4582
2018-05-02,44.6808
2018-05-01,48.4073
2018-04-30,48.5434
2018-04-27,53.0819
2018-04-26,51.9483
2018-04-25,48.3196
2018-04-24,46.966
2018-04-23,49.0094
2018-04-20,47.8979
2018-04-19,49.3017
2018-04-18,51.5868
2018-04-17,51.3726
2018-04-16,49.4301
2018-04-13,47.4028
2018-04-12,47.5142
2018-04-11,45.8526
2018-04-10,47.5963
2018-04-09,43.4493
2018-04-06,40.8669
2018-04-05,45.8241
2018-04-04,45.9855
2018-04-03,42.2841
2018-04-02,38.04
2018-03-29,42.5887
2018-03-28,40.3546
2018-03-27,38.7586
2018-03-26,41.0906
2018-03-23,34.6729
2018-03-22,38.7841
2018-03-21,46.2064
2018-03-20,47.4963
2018-03-19,47.028
2018-03-16,52.1051
2018-03-15,52.1064
2018-03-14,52.6247
2018-03-13,54.1603
2018-03-12,53.825
2018-03-09,55.1129
2018-03-08,51.4437
2018-03-07,49.631
2018-03-06,48.2464
2018-03-05,48.6006
2018-03-02,46.2253
2018-03-01,43.483
2018-02-28,47.125
2018-02-27,51.2982
2018-02-26,54.2991
2018-02-23,51.0336
2018-02-22,46.5302
2018-02-21,46.9279
2018-02-20,47.977
2018-02-16,50.8788
2018-02-15,48.9763
2018-02-14,45.9438
2018-02-13,42.6723
2018-02-12,42.4611
2018-02-09,39.7557
2018-02-08,35.4495
2018-02-07,42.8046
2018-02-06,43.0965
2018-02-05,39.4899
2018-02-02,52.7924
2018-02-01,58.8591
2018-01-31,58.7501
2018-01-30,65.7529
2018-01-29,79.3341
2018-01-26,81.4143
2018-01-25,76.9894
2018-01-24,74.7397
2018-01-23,73.9107
2018-01-22,77.9289
2018-01-19,76.2762
2018-01-18,75.2755
2018-01-17,75.2153
2018-01-16,72.5487
2018-01-12,71.0331
2018-01-11,68.497
2018-01-10,66.9562
2018-01-09,68.2416
2018-01-08,63.8456
2018-01-05,66.5589
2018-01-04,63.0988
2018-01-03,62.4841
2018-01-02,58.0601
2017-12-29,51.7804
2017-12-28,56.1613
2017-12-27,55.3162
2017-12-26,54.3407
2017-12-22,54.2051
2017-12-21,56.3527
2017-12-20,57.8859
2017-12-19,60.0932
2017-12-18,60.9104
2017-12-15,60.7583
2017-12-14,55.8216
2017-12-13,62.8314
2017-12-12,61.2544
2017-12-11,59.3918
2017-12-08,57.3249
2017-12-07,51.1107
2017-12-06,50.9633
2017-12-05,51.4796
2017-12-04,52.4899
2017-12-01,60.7412
2017-11-30,62.2917
2017-11-29,58.6333
2017-11-28,55.9485
2017-11-27,51.5794
2017-11-24,51.0412
2017-11-22,49.5966
2017-11-21,49.8171
2017-11-20,44.2442
2017-11-17,46.5984
2017-11-16,48.926
2017-11-15,41.6587
2017-11-14,43.2598
2017-11-13,45.6514
2017-11-10,44.9505
2017-11-09,48.9213
2017-11-08,48.8403
2017-11-07,47.3327
2017-11-06,45.9795
2017-11-03,47.6914
2017-11-02,42.2139
2017-11-01,44.6678
2017-10-31,42.9653
2017-10-30,43.9283
2017-10-27,50.1992
2017-10-26,50.3544
2017-10-25,57.3441
2017-10-24,58.4587
2017-10-23,63.9708
2017-10-20,66.1943
2017-10-19,65.709
2017-10-18,62.8372
2017-10-17,62.1282
2017-10-16,54.5829
2017-10-13,58.1872
2017-10-12,60.3974
2017-10-11,61.3461
2017-10-10,60.2927
2017-10-09,59.0333
2017-10-06,64.3392
2017-10-05,65.5226
2017-10-04,65.1909
2017-10-03,62.9316
2017-10-02,63.1262
2017-09-29,58.0063
2017-09-28,54.5383
2017-09-27,54.0121
2017-09-26,54.2678
2017-09-25,55.3466
2017-09-22,57.3458
2017-09-21,57.3458
2017-09-20,60.8152
2017-09-19,60.3815
2017-09-18,66.0224
2017-09-15,66.2032
2017-09-14,68.5597
2017-09-13,68.1125
2017-09-12,70.8089
2017-09-11,70.1573
2017-09-08,67.7234
2017-09-07,66.2098
2017-09-06,62.1033
2017-09-05,60.1075
2017-09-01,62.9332
2017-08-31,63.4187
2017-08-30,56.1306
2017-08-29,53.4759
2017-08-28,52.4764
2017-08-25,49.5961
2017-08-24,49.4575
2017-08-23,47.8923
2017-08-22,51.8733
2017-08-21,44.996
2017-08-18,42.1001
2017-08-17,44.3834
2017-08-16,51.7102
2017-08-15,49.9666
2017-08-14,49.9666
2017-08-11,45.7039
2017-08-10,43.8164
2017-08-09,51.4649
2017-08-08,50.722
2017-08-07,53.9469
2017-08-04,52.6324
2017-08-03,54.1882
2017-08-02,53.2398
2017-08-01,54.7302
2017-07-31,56.2254
2017-07-28,56.7987
2017-07-27,54.2674
2017-07-26,58.7652
2017-07-25,61.1279
2017-07-24,66.592
2017-07-21,66.8857
2017-07-20,67.7374
2017-07-19,65.2629
2017-07-18,61.8541
2017-07-17,61.523
2017-07-14,64.0768
2017-07-13,61.2299
2017-07-12,60.8478
2017-07-11,57.7998
2017-07-10,58.5211
2017-07-07,59.7008
2017-07-06,57.5321
2017-07-05,66.2545
2017-07-03,63.8806
2017-06-30,63.147
2017-06-29,64.1191
2017-06-28,71.0107
2017-06-27,69.2014
2017-06-26,77.1524
2017-06-23,78.0865
2017-06-22,79.4573
2017-06-21,76.7787
2017-06-20,72.7052
2017-06-19,71.4689
2017-06-16,67.0524
2017-06-15,66.2728
2017-06-14,67.2184
2017-06-13,65.0257
2017-06-12,64.0375
2017-06-09,65.1301
2017-06-08,61.9203
2017-06-07,64.2992
2017-06-06,63.0106
2017-06-05,65.0281
2017-06-02,67.4021
2017-06-01,64.6128
2017-05-31,59.0159
2017-05-30,56.6919
2017-05-26,57.8342
2017-05-25,59.2784
2017-05-24,56.6329
2017-05-23,55.1728
2017-05-22,53.2032
2017-05-19,51.5866
2017-05-18,49.8587
2017-05-17,47.0369
2017-05-16,56.0223
2017-05-15,59.1677
2017-05-12,55.1233
2017-05-11,56.5346
2017-05-10,56.2069
2017-05-09,58.5122
2017-05-08,57.8402
2017-05-05,62.8944
2017-05-04,63.3419
2017-05-03,59.9587
2017-05-02,64.1187
2017-05-01,62.7243
2017-04-28,61.5758
2017-04-27,60.2055
2017-04-26,59.097
2017-04-25,56.1212
2017-04-24,53.6194
2017-04-21,47.0802
2017-04-20,51.2148
2017-04-19,46.5531
2017-04-18,44.1273
2017-04-17,52.4544
2017-04-13,49.4327
2017-04-12,51.6261
2017-04-11,51.6261
2017-04-10,52.7377
2017-04-07,54.2924
2017-04-06,53.072
2017-04-05,51.8507
2017-04-04,54.2225
2017-04-03,54.6354
2017-03-31,54.1378
2017-03-30,56.1873
2017-03-29,56.1122
2017-03-28,55.9686
2017-03-27,55.624
2017-03-24,54.2635
2017-03-23,53.9956
2017-03-22,55.7808
2017-03-21,55.6597
2017-03-20,60.1674
2017-03-17,61.1818
2017-03-16,64.6409
2017-03-15,71.4664
2017-03-14,67.2488
2017-03-13,70.1522
2017-03-10,70.7743
2017-03-09,69.5339
2017-03-08,67.6921
2017-03-07,66.275
2017-03-06,71.5418
2017-03-03,74.6245
2017-03-02,73.5024
2017-03-01,76.0585
2017-02-28,73.3022
2017-02-27,74.9415
2017-02-24,73.5952
2017-02-23,72.175
2017-02-22,69.8654
2017-02-21,71.0059
2017-02-17,69.5911
2017-02-16,69.1578
2017-02-15,70.1068
2017-02-14,66.675
2017-02-13,63.8288
2017-02-10,61.4118
2017-02-09,60.6164
2017-02-08,59.13
2017-02-07,60.0408
2017-02-06,59.6652
2017-02-03,59.2493
2017-02-02,57.6417
2017-02-01,57.7814
2017-01-31,54.5924
2017-01-30,47.7727
2017-01-27,49.9559
2017-01-26,46.0275
2017-01-25,49.5265
2017-01-24,44.7211
2017-01-23,47.9219
2017-01-20,49.9748
2017-01-19,51.2699
2017-01-18,54.6323
2017-01-17,55.3217
2017-01-13,58.1079
2017-01-12,57.7145
2017-01-11,57.3339
2017-01-10,62.8631
2017-01-09,61.6429
2017-01-06,60.1503
2017-01-05,59.1433
2017-01-04,57.2982
2017-01-03,54.303
2016-12-30,48.7103
2016-12-29,50.336
2016-12-28,49.5685
2016-12-27,53.0054
2016-12-23,52.1732
2016-12-22,48.9857
2016-12-21,48.4205
2016-12-20,50.7346
2016-12-19,51.0316
2016-12-16,52.7328
2016-12-15,52.4463
2016-12-14,50.1135
2016-12-13,52.0542
2016-12-12,49.1437
2016-12-09,47.3547
2016-12-08,42.5235
2016-12-07,41.7278
2016-12-06,44.3765
2016-12-05,43.2749
2016-12-02,43.7953
2016-12-01,42.926
2016-11-30,44.992
2016-11-29,47.882
2016-11-28,45.6195
2016-11-25,47.9023
2016-11-23,46.5838
2016-11-22,45.2679
2016-11-21,49.6111
2016-11-18,48.448
2016-11-17,51.8595
2016-11-16,50.6265
2016-11-15,51.9817
2016-11-14,51.1536
2016-11-11,52.0924
2016-11-10,56.9191
2016-11-09,53.9652
2016-11-08,42.3656
2016-11-07,41.257
2016-11-04,29.7756
2016-11-03,26.0607
2016-11-02,27.987
2016-11-01,29.1231
2016-10-31,30.326
2016-10-28,31.781
2016-10-27,37.96
2016-10-26,35.4151
2016-10-25,37.3241
2016-10-24,38.257
2016-10-21,38.8567
2016-10-20,41.6222
2016-10-19,39.2866
2016-10-18,40.4994
2016-10-17,34.3537
2016-10-14,35.3139
2016-10-13,37.34
2016-10-12,37.1212
2016-10-11,38.5268
2016-10-10,47.9966
2016-10-07,45.6842
2016-10-06,45.9785
2016-10-05,47.5498
2016-10-04,45.7223
2016-10-03,46.4918
2016-09-30,46.8125
2016-09-29,42.2039
2016-09-28,49.3229
2016-09-27,50.0116
2016-09-26,46.7357
2016-09-23,52.1464
2016-09-22,53.7459
2016-09-21,50.2815
2016-09-20,45.1745
2016-09-19,43.4895
2016-09-16,45.0437
2016-09-15,44.6948
2016-09-14,39.0895
2016-09-13,39.0895
2016-09-12,44.4149
2016-09-09,35.2583
2016-09-08,44.9464
2016-09-07,44.3494
2016-09-06,44.3494
2016-09-02,41.8849
2016-09-01,41.1227
2016-08-31,42.3766
2016-08-30,43.8474
2016-08-29,45.5542
2016-08-26,44.2344
2016-08-25,41.8926
2016-08-24,45.9518
2016-08-23,55.6119
2016-08-22,55.0751
2016-08-19,53.9412
2016-08-18,54.4636
2016-08-17,54.2532
2016-08-16,53.2265
2016-08-15,58.8289
2016-08-12,58.0143
2016-08-11,59.6531
2016-08-10,57.0119
2016-08-09,59.1689
2016-08-08,58.106
2016-08-05,63.7077
2016-08-04,62.7482
2016-08-03,63.7263
2016-08-02,65.5804
2016-08-01,68.1829
2016-07-29,66.0654
2016-07-28,65.3814
2016-07-27,65.9709
2016-07-26,64.4937
2016-07-25,65.5269
2016-07-22,66.1464
2016-07-21,65.5666
2016-07-20,64.7246
2016-07-19,62.0393
2016-07-18,63.1296
2016-07-15,63.0138
2016-07-14,63.392
2016-07-13,62.2438
2016-07-12,62.4182
2016-07-11,61.1785
2016-07-08,62.2624
2016-07-07,59.1697
2016-07-06,59.7382
2016-07-05,56.8374
2016-07-01,57.1756
2016-06-30,55.5421
2016-06-29,53.0558
2016-06-28,47.4748
2016-06-27,40.787
2016-06-24,44.4672
2016-06-23,55.367
2016-06-22,50.2693
2016-06-21,49.0372
2016-06-20,50.4565
2016-06-17,47.8829
2016-06-16,52.1645
2016-06-15,50.7408
2016-06-14,53.7177
2016-06-13,53.1313
2016-06-10,56.6657
2016-06-09,60.56
2016-06-08,61.3892
2016-06-07,60.3102
2016-06-06,63.3381
2016-06-03,61.7598
2016-06-02,63.351
2016-06-01,59.5563
2016-05-31,58.3999
2016-05-27,57.6477
2016-05-26,56.2326
2016-05-25,56.1891
2016-05-24,54.2919
2016-05-23,49.5775
2016-05-20,50.9761
2016-05-19,47.7772
2016-05-18,50.6729
2016-05-17,49.2362
2016-05-16,52.9224
2016-05-13,48.1762
2016-05-12,48.9746
2016-05-11,51.0334
2016-05-10,55.6403
2016-05-09,52.8326
2016-05-06,48.7026
2016-05-05,50.9
2016-05-04,49.3692
2016-05-03,53.0308
2016-05-02,54.2497
2016-04-29,52.3164
2016-04-28,58.8847
2016-04-27,61.1192
2016-04-26,61.6421
2016-04-25,63.3806
2016-04-22,65.1919
2016-04-21,64.6782
2016-04-20,63.2348
2016-04-19,61.8964
2016-04-18,61.0094
2016-04-15,58.6304
2016-04-14,58.893
2016-04-13,58.7526
2016-04-12,56.4568
2016-04-11,54.3785
2016-04-08,56.8167
2016-04-07,57.6978
2016-04-06,61.3653
2016-04-05,54.8549
2016-04-04,59.5129
2016-04-01,56.3011
2016-03-31,52.9732
2016-03-30,54.0394
2016-03-29,53.9975
2016-03-28,50.6657
2016-03-24,51.5294
2016-03-23,51.6615
2016-03-22,53.756
2016-03-21,51.1286
2016-03-18,49.5432
2016-03-17,46.2565
2016-03-16,49.3216
2016-03-15,49.9669
2016-03-14,54.4499
2016-03-11,55.75
2016-03-10,50.6986
2016-03-09,50.5348
2016-03-08,50.0651
2016-03-07,53.4204
2016-03-04,51.4044
2016-03-03,52.0374
2016-03-02,52.7736
2016-03-01,52.4021
2016-02-29,47.3576
2016-02-26,51.2462
2016-02-25,51.6982
2016-02-24,48.727
2016-02-23,47.9203
2016-02-22,49.6054
2016-02-19,46.2284
2016-02-18,46.4486
2016-02-17,47.7132
2016-02-16,44.8242
2016-02-12,40.2523
2016-02-11,36.755
2016-02-10,39.4383
2016-02-09,37.0488
2016-02-08,35.0347
2016-02-05,37.145
2016-02-04,40.5175
2016-02-03,41.5249
2016-02-02,39.8273
2016-02-01,42.4404
2016-01-29,42.0643
2016-01-28,37.9417
2016-01-27,42.0899
2016-01-26,44.3643
2016-01-25,42.4061
2016-01-22,44.2332
2016-01-21,40.1086
2016-01-20,40.6474
2016-01-19,40.1509
2016-01-15,40.1755
2016-01-14,42.5231
2016-01-13,35.8926
2016-01-12,41.0234
2016-01-11,37.4043
2016-01-08,39.5774
2016-01-07,42.5959
2016-01-06,47.309
2016-01-05,49.4158
2016-01-04,48.1294
2015-12-31,53.0278
2015-12-30,55.7215
2015-12-29,57.0342
2015-12-28,54.1194
2015-12-24,55.5014
2015-12-23,55.2781
2015-12-22,52.8022
2015-12-21,51.2024
2015-12-18,49.0133
2015-12-17,52.633
2015-12-16,55.5646
2015-12-15,52.5724
2015-12-14,49.3682
2015-12-11,47.6895
2015-12-10,51.3837
2015-12-09,49.5082
2015-12-08,52.1023
2015-12-07,51.5665
2015-12-04,52.9738
2015-12-03,47.3423
2015-12-02,53.0891
2015-12-01,55.5794
2015-11-30,51.3112
2015-11-27,55.4444
2015-11-25,54.9519
2015-11-24,53.5946
2015-11-23,52.8329
2015-11-20,53.5156
2015-11-19,51.4979
2015-11-18,56.0855
2015-11-17,51.3941
2015-11-16,50.2975
2015-11-13,47.0035
2015-11-12,47.589
2015-11-11,52.0448
2015-11-10,54.8617
2015-11-09,53.2361
2015-11-06,55.4083
2015-11-05,56.605
2015-11-04,57.5098
2015-11-03,58.7509
2015-11-02,59.7462
2015-10-30,55.5656
2015-10-29,57.2375
2015-10-28,56.3502
2015-10-27,54.7041
2015-10-26,50.8869
2015-10-23,50.0432
2015-10-22,45.2445
2015-10-21,46.4428
2015-10-20,48.2799
2015-10-19,51.7286
2015-10-16,50.9725
2015-10-15,49.0938
2015-10-14,44.1413
2015-10-13,44.4954
2015-10-12,46.8573
2015-10-09,46.2904
2015-10-08,45.3364
2015-10-07,44.7347
2015-10-06,41.4599
2015-10-05,45.2967
2015-10-02,44.7536
2015-10-01,40.4144
2015-09-30,38.1915
2015-09-29,33.4381
2015-09-28,31.2426
2015-09-25,36.2255
2015-09-24,40.7018
2015-09-23,42.59
2015-09-22,42.7759
2015-09-21,43.8937
2015-09-18,46.4125
2015-09-17,49.5606
2015-09-16,47.5627
2015-09-15,46.9484
2015-09-14,43.7895
2015-09-11,44.3358
2015-09-10,42.9529
2015-09-09,40.8752
2015-09-08,43.3132
2015-09-04,37.028
2015-09-03,38.8839
2015-09-02,39.9779
2015-09-01,35.085
2015-08-31,39.0531
2015-08-28,42.2691
2015-08-27,43.33
2015-08-26,38.5017
2015-08-25,25.5585
2015-08-24,26.8351
2015-08-21,33.9576
2015-08-20,41.7599
2015-08-19,50.3121
2015-08-18,52.0974
2015-08-17,52.7282
2015-08-14,48.6475
2015-08-13,47.4569
2015-08-12,48.3185
2015-08-11,48.055
2015-08-10,51.2311
2015-08-07,48.1267
2015-08-06,48.755
2015-08-05,58.0613
2015-08-04,54.9492
2015-08-03,55.1924
2015-07-31,55.5427
2015-07-30,53.4862
2015-07-29,54.0803
2015-07-28,53.5004
2015-07-27,46.8824
2015-07-24,47.2134
2015-07-23,57.8574
2015-07-22,59.7228
2015-07-21,58.9596
2015-07-20,61.1615
2015-07-17,60.1212
2015-07-16,61.1798
2015-07-15,59.7541
2015-07-14,59.3603
2015-07-13,56.2705
2015-07-10,53.4385
2015-07-09,48.4865
2015-07-08,46.3169
2015-07-07,53.1789
2015-07-06,51.2647
2015-07-02,51.4311
2015-07-01,53.3512
2015-06-30,49.236
2015-06-29,47.8147
2015-06-26,59.0513
2015-06-25,59.8414
2015-06-24,57.793
2015-06-23,63.4279
2015-06-22,62.7558
2015-06-19,60.01
2015-06-18,60.4289
2015-06-17,55.0348
2015-06-16,54.6469
2015-06-15,52.5936
2015-06-12,52.0924
2015-06-11,58.125
2015-06-10,55.4364
2015-06-09,49.9942
2015-06-08,50.122
2015-06-05,52.4798
2015-06-04,52.6707
2015-06-03,56.0256
2015-06-02,55.2973
2015-06-01,58.5199
2015-05-29,57.0646
2015-05-28,58.2951
2015-05-27,58.0691
2015-05-26,53.9944
2015-05-22,58.7907
2015-05-21,59.9897
2015-05-20,59.9466
2015-05-19,59.5323
2015-05-18,58.0912
2015-05-15,56.2295
2015-05-14,55.5906
2015-05-13,51.0172
2015-05-12,50.6347
2015-05-11,52.9423
2015-05-08,52.7683
2015-05-07,47.3584
2015-05-06,45.6394
2015-05-05,46.8359
2015-05-04,51.0102
2015-05-01,48.8446
2015-04-30,43.8687
2015-04-29,48.5899
2015-04-28,52.0844
2015-04-27,50.2584
2015-04-24,58.1535
2015-04-23,59.7385
2015-04-22,58.4844
2015-04-21,57.9512
2015-04-20,55.7462
2015-04-17,53.6246
2015-04-16,57.3388
2015-04-15,57.5755
2015-04-14,56.77
2015-04-13,56.2718
2015-04-10,58.4031
2015-04-09,55.9041
2015-04-08,53.5919
2015-04-07,50.8779
2015-04-06,50.1054
2015-04-02,49.6183
2015-04-01,48.6662
2015-03-31,51.7489
2015-03-30,57.8533
2015-03-27,54.9336
2015-03-26,52.7484
2015-03-25,53.5549
2015-03-24,60.5376
2015-03-23,64.3769
2015-03-20,65.6549
2015-03-19,63.9148
2015-03-18,62.4724
2015-03-17,59.0355
2015-03-16,60.1932
2015-03-13,53.6566
2015-03-12,54.4039
2015-03-11,49.9585
2015-03-10,50.1561
2015-03-09,54.2335
2015-03-06,52.2033
2015-03-05,60.4876
2015-03-04,59.3741
2015-03-03,57.8551
2015-03-02,62.0085
2015-02-27,59.2729
2015-02-26,61.5396
2015-02-25,60.7243
2015-02-24,60.9083
2015-02-23,61.4388
2015-02-20,60.2321
2015-02-19,57.3506
2015-02-18,56.8756
2015-02-17,56.5693
2015-02-13,54.617
2015-02-12,53.5274
2015-02-11,52.5614
2015-02-10,52.2976
2015-02-09,47.7214
2015-02-06,51.0074
2015-02-05,53.7519
2015-02-04,48.9849
2015-02-03,52.8794
2015-02-02,50.8987
2015-01-30,49.2159
2015-01-29,54.1925
2015-01-28,51.7041
2015-01-27,56.7689
2015-01-26,59.5393
2015-01-23,58.1311
2015-01-22,60.342
2015-01-21,57.1716
2015-01-20,56.6225
2015-01-16,56.6225
2015-01-15,51.4013
2015-01-14,55.0318
2015-01-13,55.5787
2015-01-12,57.0981
2015-01-09,56.99
2015-01-08,60.0062
2015-01-07,55.8093
2015-01-06,48.9694
2015-01-05,50.0268
2015-01-02,51.6388
2014-12-31,50.5578
2014-12-30,53.7056
2014-12-29,55.1233
2014-12-26,54.2046
2014-12-24,52.311
2014-12-23,50.3196
2014-12-22,57.636
2014-12-19,61.1744
2014-12-18,60.5943
2014-12-17,53.2437
2014-12-16,46.9421
2014-12-15,51.0394
2014-12-12,54.6534
2014-12-11,61.7028
2014-12-10,60.8051
2014-12-09,69.2039
2014-12-08,71.7969
2014-12-05,70.9348
2014-12-04,68.9125
2014-12-03,69.6524
2014-12-02,69.2693
2014-12-01,66.4529
2014-11-28,67.7553
2014-11-26,66.1617
2014-11-25,64.5353
2014-11-24,64.1848
2014-11-21,62.8279
2014-11-20,61.563
2014-11-19,63.421
2014-11-18,65.8967
2014-11-17,61.8372
2014-11-14,60.4843
2014-11-13,64.1505
2014-11-12,64.482
2014-11-11,65.1214
2014-11-10,64.2802
2014-11-07,61.906
2014-11-06,66.013
2014-11-05,64.6496
2014-11-04,65.073
2014-11-03,65.0419
2014-10-31,64.804
2014-10-30,64.0187
2014-10-29,60.2421
2014-10-28,60.1435
2014-10-27,58.5833
2014-10-24,58.3575
2014-10-23,55.3861
2014-10-22,51.4356
2014-10-21,52.7504
2014-10-20,46.0342
2014-10-17,42.5326
2014-10-16,37.5378
2014-10-15,38.5661
2014-10-14,40.2558
2014-10-13,41.8587
2014-10-10,47.7036
2014-10-09,49.4195
2014-10-08,55.9937
2014-10-07,48.1155
2014-10-06,53.9259
2014-10-03,55.809
2014-10-02,48.3898
2014-10-01,49.1741
2014-09-30,53.4128
2014-09-29,55.7997
2014-09-26,56.7637
2014-09-25,55.7257
2014-09-24,63.4702
2014-09-23,57.6124
2014-09-22,60.7525
2014-09-19,63.7949
2014-09-18,63.4442
2014-09-17,61.0129
2014-09-16,60.7546
2014-09-15,55.9281
2014-09-12,57.2347
2014-09-11,60.9764
2014-09-10,62.4621
2014-09-09,60.1565
2014-09-08,61.5124
2014-09-05,61.4639
2014-09-04,59.6763
2014-09-03,62.0408
2014-09-02,60.7002
2014-08-29,60.9116
2014-08-28,59.8943
2014-08-27,60.0233
2014-08-26,60.3321
2014-08-25,59.4199
2014-08-22,57.4815
2014-08-21,57.2389
2014-08-20,56.8884
2014-08-19,56.9377
2014-08-18,55.4347
2014-08-15,53.6348
2014-08-14,53.4113
2014-08-13,50.7031
2014-08-12,47.7791
2014-08-11,47.9643
2014-08-08,65.389
2014-08-07,41.3422
2014-08-06,46.9652
2014-08-05,47.1997
2014-08-04,52.0574
2014-08-01,49.8987
2014-07-31,49.4832
2014-07-30,61.9866
2014-07-29,60.1167
2014-07-28,59.7404
2014-07-25,59.3027
2014-07-24,61.7474
2014-07-23,63.1452
2014-07-22,59.822
2014-07-21,55.8095
2014-07-18,58.423
2014-07-17,58.423
2014-07-16,56.045
2014-07-15,58.0158
2014-07-14,63.6508
2014-07-11,62.3395
2014-07-10,61.4814
2014-07-09,61.8936
2014-07-08,60.2478
2014-07-07,66.3178
2014-07-03,71.8939
2014-07-02,70.6467
2014-07-01,68.1202
2014-06-30,63.189
2014-06-27,66.2221
2014-06-26,68.2984
2014-06-25,67.8191
2014-06-24,63.4935
2014-06-23,63.2088
2014-06-20,66.0216
2014-06-19,60.7273
2014-06-18,61.0958
2014-06-17,57.1424
2014-06-16,57.4893
2014-06-13,56.4855
2014-06-12,57.0184
2014-06-11,60.2589
2014-06-10,61.0278
2014-06-09,59.6297
2014-06-06,62.9552
2014-06-05,63.6074
2014-06-04,63.1847
2014-06-03,62.1709
2014-06-02,61.5195
2014-05-30,61.0561
2014-05-29,60.1444
2014-05-28,57.3584
2014-05-27,58.77
2014-05-23,56.872
2014-05-22,56.6944
2014-05-21,54.6239
2014-05-20,51.5426
2014-05-19,54.182
2014-05-16,51.9056
2014-05-15,50.6105
2014-05-14,54.7416
2014-05-13,54.5024
2014-05-12,53.9825
2014-05-09,50.4572
2014-05-08,48.2218
2014-05-07,50.1248
2014-05-06,49.1407
2014-05-05,52.2635
2014-05-02,50.0151
2014-05-01,53.144
2014-04-30,52.4086
2014-04-29,52.1341
2014-04-28,50.2816
2014-04-25,48.3839
2014-04-24,50.7094
2014-04-23,51.1987
2014-04-22,52.757
2014-04-21,49.5906
2014-04-17,45.8704
2014-04-16,45.9178
2014-04-15,44.3911
2014-04-14,41.0008
2014-04-11,39.1808
2014-04-10,41.2474
2014-04-09,50.5122
2014-04-08,42.8422
2014-04-07,45.4185
2014-04-04,48.8632
2014-04-03,55.6367
2014-04-02,56.6258
2014-04-01,55.0792
2014-03-31,52.8807
2014-03-28,47.6824
2014-03-27,49.1348
2014-03-26,49.9896
2014-03-25,49.8622
2014-03-24,46.5622
2014-03-21,50.5941
2014-03-20,58.5319
2014-03-19,58.5319
2014-03-18,59.9529
2014-03-17,56.4364
2014-03-14,52.8802
2014-03-13,55.2872
2014-03-12,62.0829
2014-03-11,62.1725
2014-03-10,63.2129
2014-03-07,61.9528
2014-03-06,63.1865
2014-03-05,66.2792
2014-03-04,67.5527
2014-03-03,62.4328
2014-02-28,66.3395
2014-02-27,66.3395
2014-02-26,64.8036
2014-02-25,64.8036
2014-02-24,66.0027
2014-02-21,64.1544
2014-02-20,64.9936
2014-02-19,62.764
2014-02-18,65.4541
2014-02-14,63.2069
2014-02-13,62.3009
2014-02-12,60.4968
2014-02-11,60.4968
2014-02-10,57.0097
2014-02-07,54.6905
2014-02-06,49.4543
2014-02-05,47.5762
2014-02-04,49.317
2014-02-03,46.0504
2014-01-31,52.6127
2014-01-30,55.989
2014-01-29,49.6636
2014-01-28,53.3412
2014-01-27,48.0371
2014-01-24,51.4136
2014-01-23,64.1735
2014-01-22,69.032
2014-01-21,68.7511
2014-01-17,66.8664
2014-01-16,67.5703
2014-01-15,66.7955
2014-01-14,67.3414
2014-01-13,63.2946
2014-01-10,68.5205
2014-01-09,67.2936
2014-01-08,64.8058
2014-01-07,61.5657
2014-01-06,57.1274
2014-01-03,59.7257
2014-01-02,58.7175
2013-12-31,62.2475
2013-12-30,62.5935
2013-12-27,61.9915
2013-12-26,62.5226
2013-12-24,59.8425
2013-12-23,60.8508
2013-12-20,59.489
2013-12-19,57.6646
2013-12-18,58.7616
2013-12-17,48.4318
2013-12-16,50.7948
2013-12-13,49.9017
2013-12-12,49.5537
2013-12-11,52.9606
2013-12-10,62.9807
2013-12-09,65.716
2013-12-06,64.9939
2013-12-05,59.8017
2013-12-04,61.0125
2013-12-03,63.327
2013-12-02,69.6697
2013-11-29,69.549
2013-11-27,69.9457
2013-11-26,70.1993
2013-11-25,72.1886
2013-11-22,71.1196
2013-11-21,67.1438
2013-11-20,65.7874
2013-11-19,64.7876
2013-11-18,64.4172
2013-11-15,67.0997
2013-11-14,65.2978
2013-11-13,62.5449
2013-11-12,60.54
2013-11-11,60.8495
2013-11-08,60.008
2013-11-07,54.5061
2013-11-06,59.2313
2013-11-05,60.5036
2013-11-04,62.4139
2013-11-01,62.1299
2013-10-31,59.9246
2013-10-30,62.0128
2013-10-29,64.9837
2013-10-28,62.9485
2013-10-25,61.8657
2013-10-24,61.4494
2013-10-23,61.4585
2013-10-22,62.327
2013-10-21,59.6457
2013-10-18,61.9539
2013-10-17,63.7776
2013-10-16,61.5232
2013-10-15,55.2024
2013-10-14,58.0496
2013-10-11,55.611
2013-10-10,53.9618
2013-10-09,44.4927
2013-10-08,45.1776
2013-10-07,51.2575
2013-10-04,56.9417
2013-10-03,51.921
2013-10-02,57.0063
2013-10-01,58.4405
2013-09-30,52.3693
2013-09-27,53.649
2013-09-26,53.649
2013-09-25,51.9636
2013-09-24,56.3577
2013-09-23,59.504
2013-09-20,64.2201
2013-09-19,65.5453
2013-09-18,67.8757
2013-09-17,65.6946
2013-09-16,65.4859
2013-09-13,62.13
2013-09-12,61.1549
2013-09-11,62.1893
2013-09-10,59.5921
2013-09-09,56.948
2013-09-06,54.1892
2013-09-05,54.0086
2013-09-04,53.3976
2013-09-03,48.0599
2013-08-30,44.6807
2013-08-29,46.3829
2013-08-28,44.8059
2013-08-27,42.5589
2013-08-26,50.0208
2013-08-23,49.2909
2013-08-22,47.9497
2013-08-21,44.5182
2013-08-20,47.2952
2013-08-19,45.7962
2013-08-16,44.8381
2013-08-15,46.8485
2013-08-14,55.6013
2013-08-13,60.6687
2013-08-12,58.9818
2013-08-09,61.7632
2013-08-08,64.2297
2013-08-07,64.2297
2013-08-06,63.9409
2013-08-05,67.0253
2013-08-02,67.9333
2013-08-01,67.815
2013-07-31,65.9021
2013-07-30,65.7814
2013-07-29,65.7237
2013-07-26,67.3406
2013-07-25,65.5703
2013-07-24,64.1727
2013-07-23,64.9745
2013-07-22,66.7575
2013-07-19,65.5087
2013-07-18,61.921
2013-07-17,61.1058
2013-07-16,60.3571
2013-07-15,62.924
2013-07-12,62.664
2013-07-11,61.1089
2013-07-10,57.5845
2013-07-09,55.6132
2013-07-08,54.7839
2013-07-05,53.1197
2013-07-03,48.811
2013-07-02,49.2744
2013-07-01,49.9174
2013-06-28,49.097
2013-06-27,51.3724
2013-06-26,50.3684
2013-06-25,46.1429
2013-06-24,44.5604
2013-06-21,46.7062
2013-06-20,43.7404
2013-06-19,51.062
2013-06-18,56.7372
2013-06-17,54.195
2013-06-14,53.4985
2013-06-13,54.0665
2013-06-12,49.3402
2013-06-11,52.7548
2013-06-10,54.2095
2013-06-07,53.7858
2013-06-06,51.0829
2013-06-05,46.4137
2013-06-04,51.1159
2013-06-03,53.3151
2013-05-31,51.6007
2013-05-30,60.3458
2013-05-29,58.1628
2013-05-28,65.8357
2013-05-24,62.8514
2013-05-23,64.456
2013-05-22,64.6652
2013-05-21,64.6652
2013-05-20,61.6927
2013-05-17,65.0264
2013-05-16,63.4826
2013-05-15,68.7326
2013-05-14,67.428
2013-05-13,64.7984
2013-05-10,62.4472
2013-05-09,59.4219
2013-05-08,59.0215
2013-05-07,58.1052
2013-05-06,57.1295
2013-05-03,59.867
2013-05-02,57.8882
2013-05-01,54.4187
2013-04-30,58.8474
2013-04-29,62.3162
2013-04-26,61.3852
2013-04-25,61.5249
2013-04-24,60.4412
2013-04-23,68.4413
2013-04-22,66.9387
2013-04-19,65.427
2013-04-18,61.6342
2013-04-17,67.8482
2013-04-16,70.406
2013-04-15,66.7222
2013-04-12,78.6167
2013-04-11,78.2354
2013-04-10,76.1968
2013-04-09,71.8799
2013-04-08,70.9226
2013-04-05,70.6697
2013-04-04,74.6814
2013-04-03,73.5283
2013-04-02,78.0295
2013-04-01,74.4778
2013-03-28,74.1159
2013-03-27,71.1962
2013-03-26,69.5618
2013-03-25,65.3373
2013-03-22,67.5644
2013-03-21,64.5632
2013-03-20,69.0245
2013-03-19,65.6913
2013-03-18,65.4045
2013-03-15,70.8419
2013-03-14,72.7323
2013-03-13,72.4407
2013-03-12,72.3706
2013-03-11,70.9662
2013-03-08,69.2591
2013-03-07,68.65
2013-03-06,69.138
2013-03-05,68.4998
2013-03-04,65.6507
2013-03-01,63.6796
2013-02-28,60.7365
2013-02-27,61.3086
2013-02-26,56.7628
2013-02-25,55.6031
2013-02-22,62.5593
2013-02-21,60.7109
2013-02-20,63.7809
2013-02-19,68.597
2013-02-15,66.3073
2013-02-14,65.4019
2013-02-13,64.6227
2013-02-12,65.0975
2013-02-11,65.8637
2013-02-08,67.2165
2013-02-07,64.7725
2013-02-06,67.1504
2013-02-05,67.2971
2013-02-04,63.7625
2013-02-01,71.232
2013-01-31,68.7702
2013-01-30,70.8017
2013-01-29,73.0217
2013-01-28,69.8431
2013-01-25,72.4888
2013-01-24,70.1235
2013-01-23,67.9839
2013-01-22,68.8513
2013-01-18,67.918
2013-01-17,66.8159
2013-01-16,63.6839
2013-01-15,65.1038
2013-01-14,65.8791
2013-01-11,65.5675
2013-01-10,65.71
2013-01-09,63.5257
2013-01-08,59.7457
2013-01-07,59.6574
2013-01-04,58.5345
2013-01-03,56.9588
2013-01-02,56.4787
2012-12-31,48.7293
2012-12-28,43.6171
2012-12-27,47.8181
2012-12-26,48.5009
2012-12-24,50.0861
2012-12-21,51.9287
2012-12-20,56.0852
2012-12-19,55.4899
2012-12-18,61.2771
2012-12-17,58.2702
2012-12-14,54.9466
2012-12-13,57.107
2012-12-12,62.1884
2012-12-11,63.1028
2012-12-10,58.9981
2012-12-07,57.2103
2012-12-06,55.8105
2012-12-05,56.0786
2012-12-04,54.6825
2012-12-03,53.8031
2012-11-30,54.8741
2012-11-29,54.3955
2012-11-28,51.6686
2012-11-27,48.425
2012-11-26,50.9614
2012-11-23,52.8974
2012-11-21,47.7015
2012-11-20,48.0095
2012-11-19,45.5605
2012-11-16,40.6071
2012-11-15,36.7394
2012-11-14,37.6222
2012-11-13,41.6885
2012-11-12,43.1009
2012-11-09,40.5496
2012-11-08,39.1234
2012-11-07,43.3442
2012-11-06,50.7604
2012-11-05,50.2779
2012-11-02,50.0453
2012-11-01,52.6166
2012-10-31,48.8599
2012-10-26,52.3249
2012-10-25,54.337
2012-10-24,50.7378
2012-10-23,49.9174
2012-10-22,56.8562
2012-10-19,56.5373
2012-10-18,68.3797
2012-10-17,68.2944
2012-10-16,68.2944
2012-10-15,64.4927
2012-10-12,58.219
2012-10-11,59.2477
2012-10-10,58.9028
2012-10-09,64.0537
2012-10-08,74.3477
2012-10-05,75.0351
2012-10-04,74.7393
2012-10-03,72.8276
2012-10-02,69.8828
2012-10-01,68.1465
2012-09-28,65.6373
2012-09-27,69.4257
2012-09-26,67.0513
2012-09-25,71.7683
2012-09-24,72.4799
2012-09-21,71.4988
2012-09-20,70.1403
2012-09-19,68.5079
2012-09-18,68.1182
2012-09-17,66.8521
2012-09-14,64.4812
2012-09-13,67.6803
2012-09-12,63.3633
2012-09-11,63.1294
2012-09-10,62.9043
2012-09-07,65.5653
2012-09-06,65.9439
2012-09-05,58.9662
2012-09-04,58.837
2012-08-31,57.8276
2012-08-30,56.3006
2012-08-29,58.4798
2012-08-28,56.8947
2012-08-27,57.8633
2012-08-24,57.404
2012-08-23,53.4256
2012-08-22,54.1536
2012-08-21,53.7947
2012-08-20,55.5861
2012-08-17,54.7043
2012-08-16,57.4114
2012-08-15,58.7934
2012-08-14,57.9275
2012-08-13,56.9731
2012-08-10,58.2279
2012-08-09,56.781
2012-08-08,57.0155
2012-08-07,55.8016
2012-08-06,56.7809
2012-08-03,56.7007
2012-08-02,52.9692
2012-08-01,56.7922
2012-07-31,56.6315
2012-07-30,59.1395
2012-07-27,61.2882
2012-07-26,54.0757
2012-07-25,50.6179
2012-07-24,48.7862
2012-07-23,53.1567
2012-07-20,58.49
2012-07-19,65.4182
2012-07-18,65.4182
2012-07-17,64.9688
2012-07-16,61.041
2012-07-13,60.439
2012-07-12,56.6182
2012-07-11,55.7481
2012-07-10,56.1044
2012-07-09,58.2257
2012-07-06,56.4892
2012-07-05,59.4224
2012-07-03,62.3764
2012-07-02,62.4378
2012-06-29,61.575
2012-06-28,55.9245
2012-06-27,57.8741
2012-06-26,54.314
2012-06-25,53.2826
2012-06-22,58.4698
2012-06-21,54.9439
2012-06-20,61.6611
2012-06-19,63.0698
2012-06-18,60.1275
2012-06-15,57.7778
2012-06-14,56.4322
2012-06-13,50.4858
2012-06-12,50.9665
2012-06-11,46.8833
2012-06-08,50.6548
2012-06-07,47.9185
2012-06-06,47.6678
2012-06-05,39.9857
2012-06-04,36.84
2012-06-01,35.5564
2012-05-31,42.0514
2012-05-30,44.2091
2012-05-29,46.8749
2012-05-25,45.0771
2012-05-24,46.1908
2012-05-23,40.7856
2012-05-22,42.646
2012-05-21,43.8332
2012-05-18,38.1041
2012-05-17,41.8081
2012-05-16,46.3565
2012-05-15,45.36
2012-05-14,48.4984
2012-05-11,50.3019
2012-05-10,50.9013
2012-05-09,47.0016
2012-05-08,50.6784
2012-05-07,50.5314
2012-05-04,49.3845
2012-05-03,57.0857
2012-05-02,59.6088
2012-05-01,60.887
2012-04-30,59.2257
2012-04-27,59.5691
2012-04-26,59.3452
2012-04-25,59.5017
2012-04-24,55.1152
2012-04-23,53.521
2012-04-20,57.8774
2012-04-19,55.5045
2012-04-18,54.5312
2012-04-17,56.2857
2012-04-16,49.3141
2012-04-13,49.1715
2012-04-12,54.5681
2012-04-11,51.8547
2012-04-10,50.0111
2012-04-09,56.6717
2012-04-05,66.0189
2012-04-04,66.1291
2012-04-03,70.7289
2012-04-02,71.1879
2012-03-30,69.9852
2012-03-29,67.1824
2012-03-28,66.329
2012-03-27,68.0092
2012-03-26,67.321
2012-03-23,59.8131
2012-03-22,58.2468
2012-03-21,60.8052
2012-03-20,61.1112
2012-03-19,65.0506
2012-03-16,65.261
2012-03-15,65.331
2012-03-14,64.7157
2012-03-13,64.8981
2012-03-12,59.2206
2012-03-09,59.2206
2012-03-08,57.428
2012-03-07,52.093
2012-03-06,49.6976
2012-03-05,57.7567
2012-03-02,59.312
2012-03-01,60.4722
2012-02-29,58.0007
2012-02-28,62.2846
2012-02-27,60.5218
2012-02-24,59.6255
2012-02-23,57.2546
2012-02-22,56.8534
2012-02-21,56.8534
2012-02-17,61.3574
2012-02-16,63.5654
2012-02-15,61.364
2012-02-14,62.6221
2012-02-13,60.9942
2012-02-10,57.8555
2012-02-09,60.4215
2012-02-08,63.8281
2012-02-07,63.8281
2012-02-06,62.5233
2012-02-03,66.0029
2012-02-02,64.0047
2012-02-01,66.4794
2012-01-31,63.09
2012-01-30,62.7836
2012-01-27,63.6199
2012-01-26,63.4348
2012-01-25,65.986
2012-01-24,63.7344
2012-01-23,63.6465
2012-01-20,66.0818
2012-01-19,66.0818
2012-01-18,66.0818
2012-01-17,64.6314
2012-01-13,62.977
2012-01-12,65.0803
2012-01-11,64.3016
2012-01-10,64.0942
2012-01-09,62.29
2012-01-06,61.87
2012-01-05,61.4622
2012-01-04,60.7984
2012-01-03,62.5381
2011-12-30,59.6334
2011-12-29,60.2249
2011-12-28,58.5995
2011-12-27,62.2743
2011-12-23,61.7951
2011-12-22,60.453
2011-12-21,58.9618
2011-12-20,57.5978
2011-12-19,52.862
2011-12-16,52.862
2011-12-15,53.7207
2011-12-14,51.226
2011-12-13,51.3681
2011-12-12,51.7778
2011-12-09,54.5318
2011-12-08,51.5316
2011-12-07,56.0488
2011-12-06,54.5468
2011-12-05,53.7051
2011-12-02,53.3534
2011-12-01,56.1921
2011-11-30,55.9269
2011-11-29,49.0057
2011-11-28,48.0868
2011-11-25,42.0655
2011-11-23,42.7302
2011-11-22,45.3995
2011-11-21,44.8424
2011-11-18,48.5486
2011-11-17,48.9759
2011-11-16,51.1127
2011-11-15,55.3752
2011-11-14,54.9358
2011-11-11,56.454
2011-11-10,53.3094
2011-11-09,50.6103
2011-11-08,57.1552
2011-11-07,54.8337
2011-11-04,52.5084
2011-11-03,54.6323
2011-11-02,52.5133
2011-11-01,51.1897
2011-10-31,55.4619
2011-10-28,60.3191
2011-10-27,60.1662
2011-10-26,55.7955
2011-10-25,53.1423
2011-10-24,58.2778
2011-10-21,55.2575
2011-10-20,50.8647
2011-10-19,51.0846
2011-10-18,51.5078
2011-10-17,49.9319
2011-10-14,53.8826
2011-10-13,51.917
2011-10-12,52.1212
2011-10-11,52.0017
2011-10-10,52.312
2011-10-07,48.0088
2011-10-06,48.1785
2011-10-05,45.876
2011-10-04,42.6931
2011-10-03,40.4992
2011-09-30,45.5719
2011-09-29,47.8849
2011-09-28,46.5653
2011-09-27,49.7571
2011-09-26,46.7214
2011-09-23,43.2654
2011-09-22,43.198
2011-09-21,46.6131
2011-09-20,51.956
2011-09-19,50.1253
2011-09-16,52.0731
2011-09-15,51.0449
2011-09-14,49.2966
2011-09-13,47.4545
2011-09-12,45.4503
2011-09-09,44.7833
2011-09-08,49.9523
2011-09-07,52.0489
2011-09-06,47.5147
2011-09-02,47.0266
2011-09-01,51.1499
2011-08-31,52.4669
2011-08-30,51.2194
2011-08-29,50.6308
2011-08-26,46.0172
2011-08-25,43.5735
2011-08-24,46.3119
2011-08-23,44.0654
2011-08-22,37.2569
2011-08-19,37.3424
2011-08-18,37.6709
2011-08-17,42.3624
2011-08-16,42.1687
2011-08-15,42.3037
2011-08-12,39.0272
2011-08-11,37.0404
2011-08-10,27.0624
2011-08-09,31.6543
2011-08-08,21.049
2011-08-05,26.932
2011-08-04,23.9592
2011-08-03,30.3654
2011-08-02,29.5457
2011-08-01,34.1249
2011-07-29,38.717
2011-07-28,40.3165
2011-07-27,40.582
2011-07-26,46.4402
2011-07-25,49.6475
2011-07-22,54.2701
2011-07-21,55.0599
2011-07-20,48.8084
2011-07-19,50.3138
2011-07-18,46.2447
2011-07-15,49.473
2011-07-14,51.8537
2011-07-13,52.6561
2011-07-12,50.9744
2011-07-11,50.9744
2011-07-08,57.4165
2011-07-07,59.7592
2011-07-06,60.0502
2011-07-05,59.1044
2011-07-01,60.4643
2011-06-30,56.3628
2011-06-29,55.2342
2011-06-28,54.5232
2011-06-27,49.1522
2011-06-24,46.9664
2011-06-23,51.7833
2011-06-22,52.2802
2011-06-21,54.9083
2011-06-20,52.5336
2011-06-17,48.4287
2011-06-16,47.4477
2011-06-15,46.7249
2011-06-14,52.1794
2011-06-13,48.618
2011-06-10,46.4061
2011-06-09,54.7931
2011-06-08,49.9377
2011-06-07,49.3934
2011-06-06,48.4236
2011-06-03,51.1794
2011-06-02,56.0891
2011-06-01,57.3182
2011-05-31,65.8913
2011-05-27,61.2684
2011-05-26,61.0294
2011-05-25,60.45
2011-05-24,59.8833
2011-05-23,61.5592
2011-05-20,68.2754
2011-05-19,74.5397
2011-05-18,76.3134
2011-05-17,74.2783
2011-05-16,74.2783
2011-05-13,73.8436
2011-05-12,76.0827
2011-05-11,73.8203
2011-05-10,75.0465
2011-05-09,73.5141
2011-05-06,72.0307
2011-05-05,70.0379
2011-05-04,74.6672
2011-05-03,75.3074
2011-05-02,77.1311
2011-04-29,74.8133
2011-04-28,75.2156
2011-04-27,74.021
2011-04-26,71.1598
2011-04-25,67.6929
2011-04-21,67.3197
2011-04-20,66.3978
2011-04-19,63.1377
2011-04-18,60.0104
2011-04-15,67.3805
2011-04-14,64.0711
2011-04-13,61.8658
2011-04-12,62.4729
2011-04-11,63.2593
2011-04-08,61.0468
2011-04-07,61.4166
2011-04-06,62.4957
2011-04-05,61.7509
2011-04-04,64.3526
2011-04-01,62.3429
2011-03-31,60.5468
2011-03-30,60.3354
2011-03-29,57.7543
2011-03-28,55.5805
2011-03-25,55.7238
2011-03-24,54.7253
2011-03-23,50.2224
2011-03-22,50.4734
2011-03-21,50.684
2011-03-18,47.5039
2011-03-17,45.7075
2011-03-16,40.8014
2011-03-15,46.8944
2011-03-14,51.8896
2011-03-11,54.1989
2011-03-10,52.8598
2011-03-09,61.0185
2011-03-08,60.4583
2011-03-07,58.4145
2011-03-04,62.7818
2011-03-03,63.5786
2011-03-02,55.6089
2011-03-01,54.2241
2011-02-28,58.809
2011-02-25,53.5915
2011-02-24,50.2567
2011-02-23,48.3163
2011-02-22,53.9508
2011-02-18,65.6887
2011-02-17,64.5152
2011-02-16,62.3759
2011-02-15,59.5638
2011-02-14,61.3578
2011-02-11,59.5385
2011-02-10,58.3532
2011-02-09,58.1869
2011-02-08,59.8319
2011-02-07,58.4067
2011-02-04,59.4906
2011-02-03,57.2681
2011-02-02,56.6166
2011-02-01,58.8217
2011-01-31,49.0538
2011-01-28,47.6037
2011-01-27,61.3481
2011-01-26,59.8283
2011-01-25,60.967
2011-01-24,60.967
2011-01-21,61.9649
2011-01-20,61.5262
2011-01-19,60.2594
2011-01-18,65.9306
2011-01-14,64.1839
2011-01-13,63.5929
2011-01-12,68.1325
2011-01-11,65.8141
2011-01-10,63.4357
2011-01-07,65.8852
2011-01-06,66.4267
2011-01-05,64.6317
2011-01-04,63.6372
2011-01-03,62.1571
2010-12-31,57.553
2010-12-30,57.7853
2010-12-29,60.33
2010-12-28,60.1786
2010-12-27,59.8876
2010-12-23,61.1613
2010-12-22,61.5238
2010-12-21,60.409
2010-12-20,61.9685
2010-12-17,62.159
2010-12-16,61.5521
2010-12-15,59.0234
2010-12-14,60.66
2010-12-13,56.895
2010-12-10,56.2639
2010-12-09,52.281
2010-12-08,51.5829
2010-12-07,51.1758
2010-12-06,50.9144
2010-12-03,53.6429
2010-12-02,53.6429
2010-12-01,50.7866
2010-11-30,42.678
2010-11-29,46.1665
2010-11-26,46.5539
2010-11-24,50.0797
2010-11-23,45.8929
2010-11-22,52.4974
2010-11-19,52.3163
2010-11-18,51.9333
2010-11-17,45.4221
2010-11-16,44.593
2010-11-15,51.2495
2010-11-12,51.0954
2010-11-11,57.874
2010-11-10,56.6121
2010-11-09,56.7916
2010-11-08,59.1071
2010-11-05,60.5503
2010-11-04,64.1003
2010-11-03,62.4467
2010-11-02,62.2278
2010-11-01,58.8058
2010-10-29,58.8058
2010-10-28,60.9659
2010-10-27,58.9841
2010-10-26,62.1481
2010-10-25,63.6854
2010-10-22,61.9986
2010-10-21,61.8998
2010-10-20,61.131
2010-10-19,58.2284
2010-10-18,68.0502
2010-10-15,65.3185
2010-10-14,64.008
2010-10-13,65.0864
2010-10-12,62.9098
2010-10-11,62.1975
2010-10-08,61.9994
2010-10-07,61.2272
2010-10-06,60.6577
2010-10-05,62.3992
2010-10-04,56.9152
2010-10-01,61.4786
2010-09-30,61.4786
2010-09-29,62.6882
2010-09-28,64.3419
2010-09-27,62.1883
2010-09-24,65.6539
2010-09-23,62.0748
2010-09-22,64.5693
2010-09-21,64.1632
2010-09-20,63.9773
2010-09-17,60.5198
2010-09-16,60.6027
2010-09-15,62.2134
2010-09-14,59.8478
2010-09-13,58.9765
2010-09-10,58.3758
2010-09-09,55.7371
2010-09-08,52.7997
2010-09-07,51.2122
2010-09-03,53.0119
2010-09-02,50.381
2010-09-01,48.87
2010-08-31,41.542
2010-08-30,42.5218
2010-08-27,45.8866
2010-08-26,42.3984
2010-08-25,44.0736
2010-08-24,40.6056
2010-08-23,46.6968
2010-08-20,45.055
2010-08-19,46.0925
2010-08-18,52.2667
2010-08-17,52.764
2010-08-16,48.0695
2010-08-13,49.8339
2010-08-12,51.1417
2010-08-11,49.7757
2010-08-10,60.0014
2010-08-09,59.2789
2010-08-06,58.4644
2010-08-05,57.8638
2010-08-04,57.7672
2010-08-03,54.9174
2010-08-02,52.3916
2010-07-30,45.9148
2010-07-29,44.4524
2010-07-28,44.661
2010-07-27,48.9127
2010-07-26,48.5548
2010-07-23,43.4074
2010-07-22,43.5083
2010-07-21,41.1706
2010-07-20,45.88
2010-07-19,46.7447
2010-07-16,45.1489
2010-07-15,52.1093
2010-07-14,51.0516
2010-07-13,51.0516
2010-07-12,48.5445
2010-07-09,49.0873
2010-07-08,48.3187
2010-07-07,45.646
2010-07-06,38.7498
2010-07-02,36.8112
2010-07-01,35.8466
2010-06-30,37.7221
2010-06-29,39.6087
2010-06-28,44.4785
2010-06-25,44.974
2010-06-24,43.4169
2010-06-23,45.388
2010-06-22,46.5348
2010-06-21,49.4006
2010-06-18,49.904
2010-06-17,51.4781
2010-06-16,51.109
2010-06-15,50.1175
2010-06-14,45.3303
2010-06-11,44.8273
2010-06-10,42.411
2010-06-09,36.4633
2010-06-08,37.3454
2010-06-07,36.5604
2010-06-04,36.8108
2010-06-03,42.7973
2010-06-02,40.9953
2010-06-01,33.766
2010-05-28,35.9241
2010-05-27,36.9045
2010-05-26,29.3124
2010-05-25,30.3906
2010-05-24,31.1154
2010-05-21,31.5321
2010-05-20,30.6497
2010-05-19,36.6039
2010-05-18,37.1195
2010-05-17,38.9045
2010-05-14,38.9045
2010-05-13,42.02
2010-05-12,44.7607
2010-05-11,42.04
2010-05-10,42.5174
2010-05-07,32.8583
2010-05-06,35.7084
2010-05-05,43.0735
2010-05-04,41.6971
2010-05-03,43.4954
2010-04-30,41.4979
2010-04-29,45.5797
2010-04-28,39.6594
2010-04-27,36.536
2010-04-26,40.084
2010-04-23,43.7868
2010-04-22,38.7363
2010-04-21,42.9983
2010-04-20,51.347
2010-04-19,50.1988
2010-04-16,45.6746
2010-04-15,48.7491
2010-04-14,50.2718
2010-04-13,52.1637
2010-04-12,51.6927
2010-04-09,53.1853
2010-04-08,51.0987
2010-04-07,53.0231
2010-04-06,55.3326
2010-04-05,55.6616
2010-04-01,57.1135
2010-03-31,54.8772
2010-03-30,56.5904
2010-03-29,56.5904
2010-03-26,52.4495
2010-03-25,56.0339
2010-03-24,58.0762
2010-03-23,64.0468
2010-03-22,62.3666
2010-03-19,60.0379
2010-03-18,60.2391
2010-03-17,57.7684
2010-03-16,57.6548
2010-03-15,56.6578
2010-03-12,54.2711
2010-03-11,57.722
2010-03-10,54.8831
2010-03-09,54.6516
2010-03-08,54.9193
2010-03-05,57.4587
2010-03-04,52.641
2010-03-03,53.9604
2010-03-02,55.684
2010-03-01,54.5162
2010-02-26,51.183
2010-02-25,51.0694
2010-02-24,50.8522
2010-02-23,48.3473
2010-02-22,51.6065
2010-02-19,52.6175
2010-02-18,52.6175
2010-02-17,51.1789
2010-02-16,48.817
2010-02-12,46.0262
2010-02-11,46.6527
2010-02-10,44.4996
2010-02-09,46.0988
2010-02-08,43.6695
2010-02-05,44.8702
2010-02-04,45.2643
2010-02-03,52.2385
2010-02-02,56.6994
2010-02-01,50.6473
2010-01-29,48.7633
2010-01-28,51.0249
2010-01-27,53.1541
2010-01-26,51.0182
2010-01-25,52.8926
2010-01-22,52.8926
2010-01-21,56.5378
2010-01-20,65.1967
2010-01-19,69.1653
2010-01-15,63.2443
2010-01-14,66.6749
2010-01-13,64.2463
2010-01-12,60.2617
2010-01-11,63.9706
2010-01-08,62.2429
2010-01-07,61.759
2010-01-06,60.7064
2010-01-05,57.4715
2010-01-04,62.1829
2009-12-31,56.2474
2009-12-30,63.6262
2009-12-29,65.3719
2009-12-28,66.1381
2009-12-24,64.5597
2009-12-23,64.5597
2009-12-22,66.303
2009-12-21,65.0477
2009-12-18,62.2827
2009-12-17,60.5395
2009-12-16,65.3975
2009-12-15,68.2689
2009-12-14,68.186
2009-12-11,65.7173
2009-12-10,65.7173
2009-12-09,62.8462
2009-12-08,60.2785
2009-12-07,64.1673
2009-12-04,64.8295
2009-12-03,65.1489
2009-12-02,67.5188
2009-12-01,68.6255
2009-11-30,64.3421
2009-11-27,66.0882
2009-11-25,71.2659
2009-11-24,69.8924
2009-11-23,68.0605
2009-11-20,65.7508
2009-11-19,63.8902
2009-11-18,66.3355
2009-11-17,64.8887
2009-11-16,64.2008
2009-11-13,61.5149
2009-11-12,60.9584
2009-11-11,63.4273
2009-11-10,63.0932
2009-11-09,61.4189
2009-11-06,56.8644
2009-11-05,55.5416
2009-11-04,50.3077
2009-11-03,45.6521
2009-11-02,45.5174
2009-10-30,43.9332
2009-10-29,48.5116
2009-10-28,45.2037
2009-10-27,48.6479
2009-10-26,47.0623
2009-10-23,50.9209
2009-10-22,55.072
2009-10-21,52.8188
2009-10-20,58.6324
2009-10-19,63.4582
2009-10-16,60.7156
2009-10-15,61.0639
2009-10-14,60.1962
2009-10-13,54.9506
2009-10-12,59.7076
2009-10-09,57.9797
2009-10-08,54.3968
2009-10-07,53.9826
2009-10-06,53.7164
2009-10-05,50.5937
2009-10-02,47.9845
2009-10-01,49.5022
2009-09-30,55.7455
2009-09-29,59.3902
2009-09-28,58.904
2009-09-25,54.9313
2009-09-24,54.6627
2009-09-23,55.1309
2009-09-22,62.0295
2009-09-21,63.6915
2009-09-18,60.569
2009-09-17,62.8102
2009-09-16,63.1718
2009-09-15,60.3531
2009-09-14,65.0854
2009-09-11,63.9493
2009-09-10,63.8477
2009-09-09,61.585
2009-09-08,57.8233
2009-09-04,60.0229
2009-09-03,55.0214
2009-09-02,57.2322
2009-09-01,56.4652
2009-08-31,64.9482
2009-08-28,65.9716
2009-08-27,70.3978
2009-08-26,70.6121
2009-08-25,70.5268
2009-08-24,70.5268
2009-08-21,68.8985
2009-08-20,66.3367
2009-08-19,64.4164
2009-08-18,60.2116
2009-08-17,60.5603
2009-08-14,62.4496
2009-08-13,62.4496
2009-08-12,62.9328
2009-08-11,61.5184
2009-08-10,62.1189
2009-08-07,60.083
2009-08-06,58.9395
2009-08-05,61.7399
2009-08-04,67.8663
2009-08-03,67.3273
2009-07-31,66.012
2009-07-30,69.4493
2009-07-29,69.172
2009-07-28,69.4715
2009-07-27,68.2301
2009-07-24,68.5087
2009-07-23,65.2762
2009-07-22,60.9976
2009-07-21,62.3491
2009-07-20,58.9817
2009-07-17,58.4385
2009-07-16,59.4356
2009-07-15,57.9885
2009-07-14,55.9696
2009-07-13,54.8952
2009-07-10,50.6012
2009-07-09,51.8517
2009-07-08,55.4306
2009-07-07,53.1988
2009-07-06,54.2746
2009-07-02,52.4475
2009-07-01,59.5705
2009-06-30,58.9825
2009-06-29,61.6601
2009-06-26,60.4186
2009-06-25,60.4186
2009-06-24,54.521
2009-06-23,53.3109
2009-06-22,54.1532
2009-06-19,59.3908
2009-06-18,57.6648
2009-06-17,53.2517
2009-06-16,47.1653
2009-06-15,45.9934
2009-06-12,55.1787
2009-06-11,54.1885
2009-06-10,51.1104
2009-06-09,52.475
2009-06-08,54.0967
2009-06-05,57.7482
2009-06-04,57.2588
2009-06-03,62.1859
2009-06-02,63.0449
2009-06-01,61.7049
2009-05-29,60.25
2009-05-28,56.1541
2009-05-27,54.8482
2009-05-26,58.1381
2009-05-22,55.9159
2009-05-21,55.624
2009-05-20,58.4424
2009-05-19,57.5541
2009-05-18,59.8639
2009-05-15,57.7441
2009-05-14,60.1588
2009-05-13,59.92
2009-05-12,60.6103
2009-05-11,57.4262
2009-05-08,62.584
2009-05-07,59.2664
2009-05-06,54.7263
2009-05-05,56.5217
2009-05-04,53.8359
2009-05-01,49.6117
2009-04-30,50.0467
2009-04-29,50.2561
2009-04-28,49.3504
2009-04-27,48.4589
2009-04-24,45.8428
2009-04-23,46.0993
2009-04-22,45.9076
2009-04-21,48.0163
2009-04-20,49.9443
2009-04-17,54.2641
2009-04-16,51.9616
2009-04-15,51.0417
2009-04-14,49.8813
2009-04-13,50.7797
2009-04-09,49.2808
2009-04-08,48.4168
2009-04-07,47.1733
2009-04-06,49.0696
2009-04-03,47.3571
2009-04-02,50.1427
2009-04-01,49.4364
2009-03-31,49.503
2009-03-30,48.9143
2009-03-27,49.7718
2009-03-26,51.3602
2009-03-25,49.779
2009-03-24,48.8428
2009-03-23,50.6363
2009-03-20,45.5295
2009-03-19,45.4909
2009-03-18,48.586
2009-03-17,48.3597
2009-03-16,46.282
2009-03-13,47.5594
2009-03-12,43.0823
2009-03-11,35.8067
2009-03-10,37.5206
2009-03-09,31.5208
2009-03-06,33.0873
2009-03-05,30.5273
2009-03-04,32.7598
2009-03-03,27.4686
2009-03-02,27.6325
2009-02-27,31.1271
2009-02-26,35.2317
2009-02-25,42.1642
2009-02-24,45.689
2009-02-23,42.4362
2009-02-20,46.0475
2009-02-19,48.1065
2009-02-18,48.4879
2009-02-17,48.561
2009-02-13,51.9887
2009-02-12,55.2935
2009-02-11,53.1546
2009-02-10,50.7727
2009-02-09,58.5747
2009-02-06,59.3362
2009-02-05,57.9065
2009-02-04,56.3835
2009-02-03,57.4131
2009-02-02,52.7703
2009-01-30,51.5149
2009-01-29,53.7504
2009-01-28,56.936
2009-01-27,54.1508
2009-01-26,50.1138
2009-01-23,51.2247
2009-01-22,51.2247
2009-01-21,50.4457
2009-01-20,46.4581
2009-01-16,51.0073
2009-01-15,49.3624
2009-01-14,48.0055
2009-01-13,50.6562
2009-01-12,49.0676
2009-01-09,51.502
2009-01-08,53.5817
2009-01-07,52.6077
2009-01-06,54.3408
2009-01-05,57.6486
2009-01-02,58.6507
2008-12-31,55.6055
2008-12-30,54.1808
2008-12-29,51.0732
2008-12-26,51.3378
2008-12-24,51.2177
2008-12-23,51.7637
2008-12-22,51.7094
2008-12-19,52.725
2008-12-18,51.9433
2008-12-17,51.0172
2008-12-16,51.816
2008-12-15,46.9319
2008-12-12,47.1612
2008-12-11,46.9148
2008-12-10,46.1995
2008-12-09,46.4772
2008-12-08,48.0444
2008-12-05,47.1986
2008-12-04,43.5778
2008-12-03,45.2469
2008-12-02,42.6727
2008-12-01,39.847
2008-11-28,44.1889
2008-11-26,42.7062
2008-11-25,40.9361
2008-11-24,40.197
2008-11-21,38.0331
2008-11-20,37.8969
2008-11-19,39.8096
2008-11-18,42.8465
2008-11-17,42.1477
2008-11-14,43.454
2008-11-13,46.6039
2008-11-12,41.1908
2008-11-11,42.9367
2008-11-10,44.4113
2008-11-07,45.0049
2008-11-06,43.9944
2008-11-05,45.1024
2008-11-04,47.6529
2008-11-03,46.4508
2008-10-31,46.7818
2008-10-30,45.8591
2008-10-29,41.9348
2008-10-28,46.5698
2008-10-27,35.6011
2008-10-24,39.0995
2008-10-23,39.1852
2008-10-22,39.1852
2008-10-21,42.4928
2008-10-20,43.4676
2008-10-17,39.4274
2008-10-16,40.2113
2008-10-15,34.9124
2008-10-14,39.7597
2008-10-13,41.4829
2008-10-10,21.9105
2008-10-09,23.8546
2008-10-08,28.4968
2008-10-07,30.3914
2008-10-06,33.5318
2008-10-03,39.8552
2008-10-02,41.4582
2008-10-01,43.5085
2008-09-30,43.3647
2008-09-29,38.1266
2008-09-26,45.9748
2008-09-25,45.1866
2008-09-24,41.5407
2008-09-23,37.5976
2008-09-22,40.0499
2008-09-19,45.0483
2008-09-18,42.4697
2008-09-17,36.0335
2008-09-16,41.4386
2008-09-15,44.1576
2008-09-12,50.0395
2008-09-11,49.5559
2008-09-10,45.4421
2008-09-09,45.4421
2008-09-08,50.2201
2008-09-05,44.5799
2008-09-04,45.0287
2008-09-03,53.1635
2008-09-02,52.2414
2008-08-29,53.1246
2008-08-28,56.7719
2008-08-27,54.0562
2008-08-26,54.732
2008-08-25,54.5521
2008-08-22,60.3644
2008-08-21,55.9007
2008-08-20,57.2212
2008-08-19,59.655
2008-08-18,62.43
2008-08-15,66.7184
2008-08-14,64.5496
2008-08-13,64.4763
2008-08-12,64.6032
2008-08-11,65.2129
2008-08-08,64.8346
2008-08-07,61.1555
2008-08-06,65.9205
2008-08-05,65.0804
2008-08-04,57.0307
2008-08-01,54.4404
2008-07-31,57.3604
2008-07-30,57.087
2008-07-29,57.2031
2008-07-28,54.3825
2008-07-25,57.2974
2008-07-24,55.647
2008-07-23,55.9715
2008-07-22,54.8031
2008-07-21,51.0097
2008-07-18,56.9202
2008-07-17,57.0323
2008-07-16,54.3866
2008-07-15,52.4111
2008-07-14,51.0375
2008-07-11,49.0828
2008-07-10,55.0476
2008-07-09,53.5275
2008-07-08,52.1717
2008-07-07,43.876
2008-07-03,45.7611
2008-07-02,44.2829
2008-07-01,46.2158
2008-06-30,46.2158
2008-06-27,42.6666
2008-06-26,40.4023
2008-06-25,45.72
2008-06-24,41.7241
2008-06-23,40.375
2008-06-20,37.6317
2008-06-19,41.1074
2008-06-18,40.62
2008-06-17,43.6208
2008-06-16,44.332
2008-06-13,43.233
2008-06-12,37.617
2008-06-11,39.6348
2008-06-10,42.1986
2008-06-09,44.8667
2008-06-06,46.4477
2008-06-05,54.8765
2008-06-04,51.8998
2008-06-03,51.7919
2008-06-02,49.5334
2008-05-30,53.872
2008-05-29,54.4684
2008-05-28,46.8695
2008-05-27,47.1997
2008-05-23,45.6229
2008-05-22,51.463
2008-05-21,47.2703
2008-05-20,50.6964
2008-05-19,51.8438
2008-05-16,49.4274
2008-05-15,47.9384
2008-05-14,48.9656
2008-05-13,45.7769
2008-05-12,49.1427
2008-05-09,46.1326
2008-05-08,47.467
2008-05-07,47.7954
2008-05-06,50.9186
2008-05-05,51.6051
2008-05-02,52.616
2008-05-01,52.5178
2008-04-30,46.6357
2008-04-29,48.3635
2008-04-28,52.142
2008-04-25,50.1328
2008-04-24,45.4369
2008-04-23,44.2198
2008-04-22,43.0122
2008-04-21,46.144
2008-04-18,47.132
2008-04-17,43.6964
2008-04-16,45.572
2008-04-15,43.6177
2008-04-14,43.8819
2008-04-11,45.0925
2008-04-10,48.9406
2008-04-09,46.3517
2008-04-08,47.7312
2008-04-07,48.7417
2008-04-04,45.1298
2008-04-03,42.4547
2008-04-02,43.2561
2008-04-01,45.0327
2008-03-31,39.6841
2008-03-28,40.8937
2008-03-27,41.4945
2008-03-26,39.8145
2008-03-25,42.0363
2008-03-24,41.4354
2008-03-20,37.2095
2008-03-19,36.7968
2008-03-18,39.3657
2008-03-17,28.2185
2008-03-14,28.4253
2008-03-13,31.6181
2008-03-12,31.8525
2008-03-11,31.8525
2008-03-10,28.2522
2008-03-07,32.244
2008-03-06,34.5637
2008-03-05,39.3624
2008-03-04,39.8402
2008-03-03,39.3742
2008-02-29,39.4467
2008-02-28,42.902
2008-02-27,46.1586
2008-02-26,44.6227
2008-02-25,47.1799
2008-02-22,42.7094
2008-02-21,41.9495
2008-02-20,44.7699
2008-02-19,45.6021
2008-02-15,41.2444
2008-02-14,40.9233
2008-02-13,41.9395
2008-02-12,42.2959
2008-02-11,37.4486
2008-02-08,38.0817
2008-02-07,39.411
2008-02-06,40.237
2008-02-05,39.4017
2008-02-04,43.3686
2008-02-01,42.3005
2008-01-31,40.8883
2008-01-30,35.3447
2008-01-29,37.5565
2008-01-28,36.6879
2008-01-25,32.5272
2008-01-24,35.3089
2008-01-23,36.0269
2008-01-22,33.6611
2008-01-18,41.2735
2008-01-17,45.2045
2008-01-16,51.5099
2008-01-15,50.6571
2008-01-14,54.8307
2008-01-11,57.9271
2008-01-10,57.0213
2008-01-09,57.5564
2008-01-08,52.0892
2008-01-07,49.2766
2008-01-04,41.5163
2008-01-03,44.9229
2008-01-02,42.2992
2007-12-31,45.9641
2007-12-28,47.333
2007-12-27,48.8206
2007-12-26,53.0026
2007-12-24,53.4731
2007-12-21,52.2656
2007-12-20,50.0107
2007-12-19,47.7772
2007-12-18,47.9711
2007-12-17,45.1139
2007-12-14,48.6888
2007-12-13,54.6425
2007-12-12,54.8743
2007-12-11,54.6917
2007-12-10,61.4206
2007-12-07,60.8587
2007-12-06,61.1002
2007-12-05,59.1764
2007-12-04,56.8232
2007-12-03,56.9307
2007-11-30,59.3856
2007-11-29,59.0206
2007-11-28,57.4215
2007-11-27,50.4008
2007-11-26,45.8573
2007-11-23,48.3836
2007-11-21,42.0985
2007-11-20,50.3082
2007-11-19,49.4789
2007-11-16,51.8266
2007-11-15,50.0244
2007-11-14,52.5946
2007-11-13,51.075
2007-11-12,45.6351
2007-11-09,44.4879
2007-11-08,45.398
2007-11-07,42.5444
2007-11-06,51.5596
2007-11-05,49.1589
2007-11-02,49.4037
2007-11-01,50.6009
2007-10-31,57.1826
2007-10-30,54.7208
2007-10-29,55.2696
2007-10-26,53.612
2007-10-25,52.2676
2007-10-24,49.8514
2007-10-23,53.0074
2007-10-22,48.0837
2007-10-19,48.0837
2007-10-18,53.3773
2007-10-17,53.2636
2007-10-16,52.9366
2007-10-15,56.3052
2007-10-12,61.6923
2007-10-11,59.8194
2007-10-10,64.4599
2007-10-09,63.9457
2007-10-08,61.2846
2007-10-05,65.0877
2007-10-04,60.8398
2007-10-03,61.4575
2007-10-02,60.1109
2007-10-01,63.1031
2007-09-28,57.7025
2007-09-27,61.6727
2007-09-26,60.2165
2007-09-25,58.0535
2007-09-24,59.9101
2007-09-21,60.9911
2007-09-20,59.2742
2007-09-19,59.8536
2007-09-18,58.5049
2007-09-17,51.6746
2007-09-14,52.0686
2007-09-13,54.4342
2007-09-12,53.543
2007-09-11,51.8662
2007-09-10,48.8245
2007-09-07,48.4676
2007-09-06,52.7811
2007-09-05,51.5636
2007-09-04,52.3801
2007-08-31,49.0985
2007-08-30,47.257
2007-08-29,47.257
2007-08-28,44.4215
2007-08-27,47.8423
2007-08-24,50.369
2007-08-23,48.0901
2007-08-22,45.6043
2007-08-21,43.6224
2007-08-20,42.57
2007-08-17,40.7006
2007-08-16,39.7693
2007-08-15,39.6568
2007-08-14,40.228
2007-08-13,42.2517
2007-08-10,41.2489
2007-08-09,42.5112
2007-08-08,49.0006
2007-08-07,45.1182
2007-08-06,43.4833
2007-08-03,36.0137
2007-08-02,39.5499
2007-08-01,35.8581
2007-07-31,32.7642
2007-07-30,35.3716
2007-07-27,29.3046
2007-07-26,35.4828
2007-07-25,43.0542
2007-07-24,43.2981
2007-07-23,47.9404
2007-07-20,43.6345
2007-07-19,48.2702
2007-07-18,51.2482
2007-07-17,52.8794
2007-07-16,54.6988
2007-07-13,54.1539
2007-07-12,55.583
2007-07-11,45.5774
2007-07-10,43.3741
2007-07-09,47.9882
2007-07-06,49.8349
2007-07-05,48.4647
2007-07-03,48.6224
2007-07-02,47.6515
2007-06-29,44.3193
2007-06-28,45.7011
2007-06-27,45.2143
2007-06-26,40.2989
2007-06-25,36.964
2007-06-22,37.6296
2007-06-21,44.4775
2007-06-20,44.6203
2007-06-19,49.7851
2007-06-18,49.7851
2007-06-15,53.2188
2007-06-14,48.8831
2007-06-13,47.1816
2007-06-12,41.8486
2007-06-11,45.786
2007-06-08,45.599
2007-06-07,43.372
2007-06-06,52.5724
2007-06-05,60.2124
2007-06-04,62.4963
2007-06-01,64.2984
2007-05-31,63.7306
2007-05-30,62.6007
2007-05-29,62.4618
2007-05-25,62.195
2007-05-24,62.6177
2007-05-23,65.5817
2007-05-22,64.0819
2007-05-21,64.4926
2007-05-18,63.6062
2007-05-17,61.9126
2007-05-16,64.5772
2007-05-15,59.7588
2007-05-14,60.5218
2007-05-11,61.2649
2007-05-10,59.6162
2007-05-09,73.3955
2007-05-08,72.2715
2007-05-07,75.822
2007-05-04,75.1595
2007-05-03,73.4305
2007-05-02,72.7086
2007-05-01,70.5212
2007-04-30,69.7192
2007-04-27,72.5311
2007-04-26,75.4208
2007-04-25,75.1067
2007-04-24,74.247
2007-04-23,74.247
2007-04-20,73.9518
2007-04-19,72.9197
2007-04-18,71.7815
2007-04-17,71.9731
2007-04-16,71.169
2007-04-13,68.5167
2007-04-12,63.7667
2007-04-11,59.3066
2007-04-10,62.0996
2007-04-09,61.5259
2007-04-05,61.4149
2007-04-04,58.6983
2007-04-03,56.2605
2007-04-02,51.5013
2007-03-30,48.7783
2007-03-29,48.9233
2007-03-28,46.5067
2007-03-27,49.7191
2007-03-26,53.3738
2007-03-23,52.6854
2007-03-22,55.3235
2007-03-21,53.7712
2007-03-20,49.0019
2007-03-19,46.374
2007-03-16,42.0341
2007-03-15,39.0844
2007-03-14,39.6677
2007-03-13,37.3585
2007-03-12,44.1505
2007-03-09,44.1505
2007-03-08,42.9594
2007-03-07,41.0834
2007-03-06,40.9156
2007-03-05,34.7344
2007-03-02,37.0489
2007-03-01,39.9205
2007-02-28,41.3832
2007-02-27,37.7733
2007-02-26,54.5191
2007-02-23,51.8132
2007-02-22,55.1532
2007-02-21,56.3025
2007-02-20,60.1104
2007-02-16,59.7874
2007-02-15,63.1896
2007-02-14,60.7656
2007-02-13,57.6171
2007-02-12,55.2846
2007-02-09,58.8337
2007-02-08,61.3271
2007-02-07,62.077
2007-02-06,61.3283
2007-02-05,63.7182
2007-02-02,63.955
2007-02-01,65.5753
2007-01-31,61.7625
2007-01-30,59.4059
2007-01-29,56.7131
2007-01-26,57.7841
2007-01-25,62.0117
2007-01-24,64.8588
2007-01-23,61.1912
2007-01-22,65.701
2007-01-19,71.5451
2007-01-18,71.4302
2007-01-17,70.2898
2007-01-16,67.8519
2007-01-12,66.8171
2007-01-11,64.6557
2007-01-10,58.7534
2007-01-09,57.6643
2007-01-08,58.645
2007-01-05,57.9658
2007-01-04,62.6054
2007-01-03,55.8987
2006-12-29,55.7
2006-12-28,57.9309
2006-12-27,58.9274
2006-12-26,56.0549
2006-12-22,55.6869
2006-12-21,58.971
2006-12-20,61.1743
2006-12-19,60.8656
2006-12-18,58.1809
2006-12-15,57.0277
2006-12-14,55.2394
2006-12-13,52.2433
2006-12-12,53.648
2006-12-11,53.4782
2006-12-08,52.3169
2006-12-07,51.3276
2006-12-06,52.5357
2006-12-05,51.7653
2006-12-04,49.7507
2006-12-01,52.305
2006-11-30,52.7877
2006-11-29,50.4716
2006-11-28,46.9153
2006-11-27,45.7899
2006-11-24,48.8842
2006-11-22,50.9664
2006-11-21,49.9539
2006-11-20,50.6638
2006-11-17,51.7823
2006-11-16,50.4841
2006-11-15,48.6452
2006-11-14,46.4875
2006-11-13,42.6227
2006-11-10,41.7344
2006-11-09,41.0113
2006-11-08,50.2532
2006-11-07,58.4324
2006-11-06,54.8753
2006-11-03,48.4251
2006-11-02,51.391
2006-11-01,48.1997
2006-10-31,52.5716
2006-10-30,55.354
2006-10-27,59.4077
2006-10-26,62.6177
2006-10-25,60.7467
2006-10-24,65.5411
2006-10-23,68.3601
2006-10-20,67.2658
2006-10-19,63.8326
2006-10-18,64.5749
2006-10-17,59.1602
2006-10-16,57.6217
2006-10-13,56.7621
2006-10-12,59.2751
2006-10-11,55.903
2006-10-10,56.1238
2006-10-09,59.2345
2006-10-06,60.8362
2006-10-05,63.8838
2006-10-04,63.8838
2006-10-03,59.8327
2006-10-02,58.3005
2006-09-29,62.6115
2006-09-28,61.0265
2006-09-27,62.3972
2006-09-26,61.1539
2006-09-25,60.7428
2006-09-22,58.9548
2006-09-21,63.3851
2006-09-20,68.258
2006-09-19,66.7549
2006-09-18,66.1696
2006-09-15,66.3917
2006-09-14,64.3874
2006-09-13,67.8602
2006-09-12,69.4164
2006-09-11,65.3144
2006-09-08,62.687
2006-09-07,59.0375
2006-09-06,64.5762
2006-09-05,67.5882
2006-09-01,71.5512
2006-08-31,69.6342
2006-08-30,72.3589
2006-08-29,72.1519
2006-08-28,70.5819
2006-08-25,68.1973
2006-08-24,67.9624
2006-08-23,65.2819
2006-08-22,65.7571
2006-08-21,64.5308
2006-08-18,67.0395
2006-08-17,66.4768
2006-08-16,65.5836
2006-08-15,62.2383
2006-08-14,58.5471
2006-08-11,57.5246
2006-08-10,60.5661
2006-08-09,61.1807
2006-08-08,60.8028
2006-08-07,60.9908
2006-08-04,62.8366
2006-08-03,62.7295
2006-08-02,67.9403
2006-08-01,66.0252
2006-07-31,66.0252
2006-07-28,68.0428
2006-07-27,66.5417
2006-07-26,69.4588
2006-07-25,68.2179
2006-07-24,65.8449
2006-07-21,59.4539
2006-07-20,57.6994
2006-07-19,57.3234
2006-07-18,46.6664
2006-07-17,46.6664
2006-07-14,44.5545
2006-07-13,47.3764
2006-07-12,52.7187
2006-07-11,54.7343
2006-07-10,53.6633
2006-07-07,51.9667
2006-07-06,51.5067
2006-07-05,49.833
2006-07-03,50.2827
2006-06-30,49.4155
2006-06-29,46.9237
2006-06-28,38.2553
2006-06-27,38.2553
2006-06-26,42.02
2006-06-23,43.4618
2006-06-22,42.9547
2006-06-21,45.1341
2006-06-20,42.697
2006-06-19,44.0605
2006-06-16,47.0445
2006-06-15,45.8249
2006-06-14,41.8897
2006-06-13,41.0764
2006-06-12,41.9692
2006-06-09,47.4841
2006-06-08,48.5619
2006-06-07,47.2831
2006-06-06,45.8625
2006-06-05,45.1605
2006-06-02,51.2171
2006-06-01,49.6122
2006-05-31,43.2572
2006-05-30,40.0853
2006-05-26,45.131
2006-05-25,42.1931
2006-05-24,36.9073
2006-05-23,35.095
2006-05-22,36.6507
2006-05-19,38.1423
2006-05-18,40.1733
2006-05-17,41.7899
2006-05-16,46.1309
2006-05-15,44.7683
2006-05-12,36.5765
2006-05-11,37.4351
2006-05-10,38.1647
2006-05-09,38.5213
2006-05-08,41.2034
2006-05-05,41.3276
2006-05-04,35.8108
2006-05-03,33.8409
2006-05-02,37.5645
2006-05-01,37.5645
2006-04-28,40.7805
2006-04-27,34.681
2006-04-26,36.6475
2006-04-25,36.6475
2006-04-24,38.8706
2006-04-21,40.3388
2006-04-20,41.2012
2006-04-19,36.0019
2006-04-18,38.0571
2006-04-17,31.4478
2006-04-13,33.6888
2006-04-12,34.4666
2006-04-11,29.851
2006-04-10,33.4776
2006-04-07,34.1736
2006-04-06,39.0597
2006-04-05,42.725
2006-04-04,44.3731
2006-04-03,43.5456
2006-03-31,43.8555
2006-03-30,46.697
2006-03-29,47.6752
2006-03-28,46.0652
2006-03-27,51.0381
2006-03-24,55.8075
2006-03-23,56.8163
2006-03-22,60.5601
2006-03-21,55.447
2006-03-20,59.9196
2006-03-17,58.9765
2006-03-16,57.7763
2006-03-15,57.7763
2006-03-14,56.111
2006-03-13,52.3802
2006-03-10,52.7506
2006-03-09,50.766
2006-03-08,52.6934
2006-03-07,49.0157
2006-03-06,48.8439
2006-03-03,51.6539
2006-03-02,53.5475
2006-03-01,54.5844
2006-02-28,54.1628
2006-02-27,62.0001
2006-02-24,58.6993
2006-02-23,58.6993
2006-02-22,60.9945
2006-02-21,57.2929
2006-02-17,60.6105
2006-02-16,61.0053
2006-02-15,58.2955
2006-02-14,55.6462
2006-02-13,50.8021
2006-02-10,51.4914
2006-02-09,52.6798
2006-02-08,52.231
2006-02-07,45.5214
2006-02-06,46.2744
2006-02-03,50.9151
2006-02-02,51.9389
2006-02-01,56.6262
2006-01-31,53.5637
2006-01-30,53.744
2006-01-27,56.451
2006-01-26,50.623
2006-01-25,47.7506
2006-01-24,48.4195
2006-01-23,50.9632
2006-01-20,51.3045
2006-01-19,63.9132
2006-01-18,61.1338
2006-01-17,60.6778
2006-01-13,62.7699
2006-01-12,63.2301
2006-01-11,63.8977
2006-01-10,65.6538
2006-01-09,68.3299
2006-01-06,66.719
2006-01-05,64.3042
2006-01-04,66.0383
2006-01-03,62.1607
2005-12-30,56.3965
2005-12-29,60.9174
2005-12-28,63.5804
2005-12-27,63.5804
2005-12-23,70.1194
2005-12-22,69.6634
2005-12-21,67.1642
2005-12-20,65.8931
2005-12-19,66.8768
2005-12-16,63.2258
2005-12-15,62.1888
2005-12-14,60.9078
2005-12-13,59.6077
2005-12-12,54.1333
2005-12-09,53.9589
2005-12-08,53.2841
2005-12-07,51.4241
2005-12-06,53.8304
2005-12-05,54.958
2005-12-02,54.0435
2005-12-01,52.3588
2005-11-30,47.1742
2005-11-29,50.5456
2005-11-28,50.0367
2005-11-25,56.0646
2005-11-23,55.4465
2005-11-22,54.223
2005-11-21,57.6044
2005-11-18,56.7503
2005-11-17,54.8794
2005-11-16,52.4756
2005-11-15,53.4908
2005-11-14,51.0939
2005-11-11,54.6026
2005-11-10,54.4611
2005-11-09,48.3441
2005-11-08,47.8449
2005-11-07,48.8922
2005-11-04,47.9647
2005-11-03,45.4572
2005-11-02,42.3217
2005-11-01,42.3217
2005-10-31,43.388
2005-10-28,41.1986
2005-10-27,33.325
2005-10-26,34.3945
2005-10-25,38.4435
2005-10-24,40.7205
2005-10-21,35.9806
2005-10-20,38.1851
2005-10-19,47.497
2005-10-18,41.1008
2005-10-17,41.745
2005-10-14,41.901
2005-10-13,38.8629
2005-10-12,35.426
2005-10-11,33.7755
2005-10-10,37.1237
2005-10-07,37.6694
2005-10-06,38.0682
2005-10-05,40.9509
2005-10-04,49.8265
2005-10-03,47.1037
2005-09-30,46.4667
2005-09-29,46.0554
2005-09-28,44.6409
2005-09-27,44.2441
2005-09-26,47.1327
2005-09-23,47.959
2005-09-22,47.61
2005-09-21,46.4151
2005-09-20,48.675
2005-09-19,52.5653
2005-09-16,56.6903
2005-09-15,52.9573
2005-09-14,53.3129
2005-09-13,54.8883
2005-09-12,61.4002
2005-09-09,63.7238
2005-09-08,62.371
2005-09-07,62.7753
2005-09-06,60.2016
2005-09-02,52.8237
2005-09-01,53.1985
2005-08-31,53.0402
2005-08-30,47.6602
2005-08-29,48.3175
2005-08-26,42.4762
2005-08-25,44.1586
2005-08-24,43.3839
2005-08-23,44.862
2005-08-22,47.9672
2005-08-19,47.9672
2005-08-18,51.5064
2005-08-17,51.3514
2005-08-16,50.4486
2005-08-15,53.935
2005-08-12,53.6584
2005-08-11,56.5621
2005-08-10,54.0697
2005-08-09,54.8566
2005-08-08,49.8661
2005-08-05,51.6751
2005-08-04,55.1602
2005-08-03,60.8292
2005-08-02,59.8492
2005-08-01,58.3648
2005-07-29,56.3192
2005-07-28,60.1814
2005-07-27,56.2991
2005-07-26,52.0015
2005-07-25,49.5642
2005-07-22,52.7898
2005-07-21,53.486
2005-07-20,59.8604
2005-07-19,52.7852
2005-07-18,52.6089
2005-07-15,56.412
2005-07-14,53.9133
2005-07-13,50.4985
2005-07-12,53.8927
2005-07-11,54.3006
2005-07-08,52.5963
2005-07-07,45.445
2005-07-06,45.6217
2005-07-05,49.2612
2005-07-01,47.0543
2005-06-30,47.7721
2005-06-29,51.7061
2005-06-28,52.4883
2005-06-27,46.5337
2005-06-24,48.9792
2005-06-23,51.9732
2005-06-22,56.5725
2005-06-21,59.1785
2005-06-20,60.3795
2005-06-17,61.3255
2005-06-16,58.9495
2005-06-15,55.6302
2005-06-14,58.3181
2005-06-13,53.5176
2005-06-10,50.9327
2005-06-09,52.424
2005-06-08,49.8325
2005-06-07,54.6152
2005-06-06,54.4264
2005-06-03,54.2455
2005-06-02,56.5929
2005-06-01,56.5929
2005-05-31,55.3239
2005-05-27,57.3136
2005-05-26,59.341
2005-05-25,57.6325
2005-05-24,61.7403
2005-05-23,61.215
2005-05-20,60.4411
2005-05-19,60.8255
2005-05-18,61.0097
2005-05-17,60.2081
2005-05-16,60.546
2005-05-13,56.2287
2005-05-12,59.7543
2005-05-11,60.44
2005-05-10,58.9868
2005-05-09,62.3333
2005-05-06,59.8444
2005-05-05,62.2219
2005-05-04,62.3901
2005-05-03,59.1372
2005-05-02,59.4524
2005-04-29,58.0726
2005-04-28,52.7898
2005-04-27,54.9836
2005-04-26,52.0829
2005-04-25,54.857
2005-04-22,53.9994
2005-04-21,55.7233
2005-04-20,50.4654
2005-04-19,56.2019
2005-04-18,56.5231
2005-04-15,59.9408
2005-04-14,58.2269
2005-04-13,60.1839
2005-04-12,58.6433
2005-04-11,56.3513
2005-04-08,56.7998
2005-04-07,60.1348
2005-04-06,56.7342
2005-04-05,56.5069
2005-04-04,48.8446
2005-04-01,46.6107
2005-03-31,50.222
2005-03-30,54.7138
2005-03-29,47.4818
2005-03-28,49.0656
2005-03-24,49.3785
2005-03-23,49.2247
2005-03-22,44.0567
2005-03-21,43.8872
2005-03-18,45.4578
2005-03-17,45.8387
2005-03-16,44.3329
2005-03-15,48.0101
2005-03-14,53.0556
2005-03-11,52.3764
2005-03-10,56.0762
2005-03-09,54.6824
2005-03-08,57.6862
2005-03-07,61.0393
2005-03-04,60.2715
2005-03-03,57.0554
2005-03-02,57.5294
2005-03-01,57.1915
2005-02-28,54.4367
2005-02-25,61.662
2005-02-24,58.8414
2005-02-23,56.0131
2005-02-22,54.1928
2005-02-18,60.2872
2005-02-17,54.1664
2005-02-16,54.8807
2005-02-15,55.577
2005-02-14,55.7449
2005-02-11,55.4893
2005-02-10,51.4978
2005-02-09,50.7992
2005-02-08,55.6747
2005-02-07,54.7727
2005-02-04,54.5214
2005-02-03,51.0332
2005-02-02,52.3036
2005-02-01,50.7506
2005-01-31,46.9198
2005-01-28,46.21
2005-01-27,49.2107
2005-01-26,49.9815
2005-01-25,47.6443
2005-01-24,44.9279
2005-01-21,47.8777
2005-01-20,50.3922
2005-01-19,52.3512
2005-01-18,54.9204
2005-01-14,52.0995
2005-01-13,50.6321
2005-01-12,56.8347
2005-01-11,54.4802
2005-01-10,57.6149
2005-01-07,54.5383
2005-01-06,54.8291
2005-01-05,52.1632
2005-01-04,52.8365
2005-01-03,56.1407
2004-12-31,61.466
2004-12-30,63.4256
2004-12-29,63.24
2004-12-28,62.7007
2004-12-27,59.8062
2004-12-23,60.3806
2004-12-22,59.2657
2004-12-21,57.1663
2004-12-20,54.3198
2004-12-17,59.1185
2004-12-16,68.8248
2004-12-15,65.0522
2004-12-14,64.1695
2004-12-13,61.501
2004-12-10,59.9761
2004-12-09,60.3003
2004-12-08,58.2647
2004-12-07,53.2285
2004-12-06,57.9757
2004-12-03,58.9751
2004-12-02,62.3801
2004-12-01,59.251
2004-11-30,52.8662
2004-11-29,51.3578
2004-11-26,51.5144
2004-11-24,49.0028
2004-11-23,47.948
2004-11-22,49.1907
2004-11-19,48.4861
2004-11-18,53.4119
2004-11-17,54.6167
2004-11-16,54.7634
2004-11-15,56.7922
2004-11-12,55.0991
2004-11-11,54.6489
2004-11-10,52.969
2004-11-09,53.9821
2004-11-08,53.8774
2004-11-05,53.9942
2004-11-04,52.3254
2004-11-03,51.7384
2004-11-02,42.556
2004-11-01,44.6216
2004-10-29,47.3231
2004-10-28,46.3741
2004-10-27,46.8755
2004-10-26,37.6532
2004-10-25,29.4066
2004-10-22,30.5351
2004-10-21,32.0952
2004-10-20,34.2568
2004-10-19,34.3414
2004-10-18,38.4908
2004-10-15,34.2232
2004-10-14,33.5493
2004-10-13,35.1754
2004-10-12,37.9333
2004-10-11,38.4101
2004-10-08,35.4825
2004-10-07,39.1074
2004-10-06,46.7927
2004-10-05,47.1932
2004-10-04,48.3731
2004-10-01,46.5389
2004-09-30,42.5089
2004-09-29,49.9242
2004-09-28,47.9207
2004-09-27,44.3405
2004-09-24,46.6971
2004-09-23,45.3998
2004-09-22,48.3333
2004-09-21,54.1946
2004-09-20,51.9504
2004-09-17,57.8767
2004-09-16,56.6162
2004-09-15,56.7981
2004-09-14,58.9583
2004-09-13,55.9047
2004-09-10,55.4944
2004-09-09,56.1563
2004-09-08,58.1323
2004-09-07,59.2885
2004-09-03,57.451
2004-09-02,57.7605
2004-09-01,54.2472
2004-08-31,52.7539
2004-08-30,50.7164
2004-08-27,56.0242
2004-08-26,53.3943
2004-08-25,53.9784
2004-08-24,50.3676
2004-08-23,50.1019
2004-08-20,50.8781
2004-08-19,47.8056
2004-08-18,49.0192
2004-08-17,43.8756
2004-08-16,43.3036
2004-08-13,37.5601
2004-08-12,39.7763
2004-08-11,41.4667
2004-08-10,33.5906
2004-08-09,25.2559
2004-08-06,26.2482
2004-08-05,29.558
2004-08-04,35.3055
2004-08-03,36.0596
2004-08-02,36.4292
2004-07-30,36.7874
2004-07-29,34.5456
2004-07-28,31.8312
2004-07-27,32.5211
2004-07-26,30.0522
2004-07-23,32.808
2004-07-22,34.6834
2004-07-21,31.803
2004-07-20,35.2877
2004-07-19,32.7418
2004-07-16,34.2346
2004-07-15,37.2292
2004-07-14,41.6188
2004-07-13,39.3545
2004-07-12,34.0528
2004-07-09,35.6568
2004-07-08,36.5372
2004-07-07,37.4148
2004-07-06,38.2885
2004-07-02,41.158
2004-07-01,41.4262
2004-06-30,47.7845
2004-06-29,45.7614
2004-06-28,42.6932
2004-06-25,44.9583
2004-06-24,49.444
2004-06-23,49.2659
2004-06-22,46.0136
2004-06-21,48.1305
2004-06-18,51.7867
2004-06-17,52.0373
2004-06-16,51.2397
2004-06-15,51.0852
2004-06-14,50.4889
2004-06-10,53.9237
2004-06-09,53.7879
2004-06-08,60.0021
2004-06-07,59.5218
2004-06-04,55.5962
2004-06-03,54.79
2004-06-02,56.0797
2004-06-01,53.6163
2004-05-28,51.4373
2004-05-27,51.5812
2004-05-26,47.2346
2004-05-25,44.8051
2004-05-24,40.0525
2004-05-21,41.822
2004-05-20,40.8286
2004-05-19,43.1625
2004-05-18,46.9901
2004-05-17,47.1224
2004-05-14,48.285
2004-05-13,49.0515
2004-05-12,49.5496
2004-05-11,48.1747
2004-05-10,47.8061
2004-05-07,52.5387
2004-05-06,55.2674
2004-05-05,56.8709
2004-05-04,55.0109
2004-05-03,55.6441
2004-04-30,51.3915
2004-04-29,51.0571
2004-04-28,53.2613
2004-04-27,56.6873
2004-04-26,55.5225
2004-04-23,57.6076
2004-04-22,58.7166
2004-04-21,56.5071
2004-04-20,53.0711
2004-04-19,59.5239
2004-04-16,61.2939
2004-04-15,59.2576
2004-04-14,53.613
2004-04-13,49.9677
2004-04-12,53.4427
2004-04-08,50.4091
2004-04-07,53.174
2004-04-06,55.0876
2004-04-05,56.4665
2004-04-02,52.5143
2004-04-01,47.8917
2004-03-31,44.9203
2004-03-30,42.3941
2004-03-29,43.1686
2004-03-26,36.912
2004-03-25,34.8684
2004-03-24,32.0817
2004-03-23,33.4409
2004-03-22,31.7233
2004-03-19,34.8879
2004-03-18,39.7089
2004-03-17,40.0407
2004-03-16,40.3612
2004-03-15,37.009
2004-03-12,39.7371
2004-03-11,38.4602
2004-03-10,45.1651
2004-03-09,52.1982
2004-03-08,58.7124
2004-03-05,59.2982
2004-03-04,57.1309
2004-03-03,55.1455
2004-03-02,53.2349
2004-03-01,56.769
2004-02-27,55.5063
2004-02-26,57.0905
2004-02-25,57.7869
2004-02-24,57.292
2004-02-23,55.5596
2004-02-20,56.4926
2004-02-19,59.1668
2004-02-18,60.9401
2004-02-17,63.2315
2004-02-13,61.2543
2004-02-12,63.5259
2004-02-11,66.8926
2004-02-10,64.2853
2004-02-09,62.9471
2004-02-06,68.3333
2004-02-05,66.2066
2004-02-04,69.1477
2004-02-03,68.3119
2004-02-02,66.5923
2004-01-30,62.7517
2004-01-29,65.8061
2004-01-28,61.0369
2004-01-27,66.3085
2004-01-26,70.5993
2004-01-23,66.5949
2004-01-22,70.0826
2004-01-21,69.4751
2004-01-20,63.4884
2004-01-16,65.8958
2004-01-15,65.0135
2004-01-14,64.0025
2004-01-13,61.7725
2004-01-12,64.6836
2004-01-09,65.8169
2004-01-08,70.2608
2004-01-07,73.4859
2004-01-06,71.6811
2004-01-05,70.7862
2004-01-02,69.3551
2003-12-31,68.6251
2003-12-30,67.2485
2003-12-29,66.3863
2003-12-26,63.6599
2003-12-24,62.7019
2003-12-23,61.6206
2003-12-22,61.3843
2003-12-19,61.5643
2003-12-18,62.3853
2003-12-17,60.0345
2003-12-16,59.3767
2003-12-15,58.1778
2003-12-12,58.9288
2003-12-11,58.0018
2003-12-10,54.0616
2003-12-09,56.8779
2003-12-08,58.6185
2003-12-05,56.2887
2003-12-04,59.4694
2003-12-03,58.9689
2003-12-02,58.2836
2003-12-01,58.0936
2003-11-28,53.4631
2003-11-26,54.2053
2003-11-25,54.2053
2003-11-24,55.8376
2003-11-21,51.2558
2003-11-20,55.4112
2003-11-19,60.4675
2003-11-18,57.5633
2003-11-17,59.9336
2003-11-14,61.201
2003-11-13,57.1871
2003-11-12,49.5069
2003-11-11,41.7131
2003-11-10,40.69
2003-11-07,43.2121
2003-11-06,46.4698
2003-11-05,44.2332
2003-11-04,44.6127
2003-11-03,46.9063
2003-10-31,47.947
2003-10-30,44.4331
2003-10-29,47.7506
2003-10-28,48.816
2003-10-27,45.6479
2003-10-24,46.5182
2003-10-23,45.3877
2003-10-22,41.2591
2003-10-21,51.2494
2003-10-20,47.0854
2003-10-17,44.6677
2003-10-16,49.5874
2003-10-15,46.9873
2003-10-14,47.9266
2003-10-13,47.2589
2003-10-10,45.9418
2003-10-09,46.9157
2003-10-08,46.2977
2003-10-07,48.3009
2003-10-06,48.5671
2003-10-03,50.007
2003-10-02,51.7288
2003-10-01,49.3052
2003-09-30,42.0286
2003-09-29,43.5735
2003-09-26,41.5318
2003-09-25,43.0102
2003-09-24,45.2465
2003-09-23,52.1626
2003-09-22,48.6539
2003-09-19,54.8663
2003-09-18,59.1494
2003-09-17,57.8095
2003-09-16,59.0985
2003-09-15,56.7422
2003-09-12,58.1568
2003-09-11,57.4001
2003-09-10,55.3547
2003-09-09,54.8397
2003-09-08,53.6981
2003-09-05,46.5695
2003-09-04,47.543
2003-09-03,46.4801
2003-09-02,47.9299
2003-08-29,41.2871
2003-08-28,39.8997
2003-08-27,39.5605
2003-08-26,39.2347
2003-08-25,38.922
2003-08-22,35.7817
2003-08-21,39.8713
2003-08-20,41.5917
2003-08-19,42.462
2003-08-18,44.1059
2003-08-15,41.3748
2003-08-14,41.9903
2003-08-13,42.1891
2003-08-12,46.473
2003-08-11,45.4462
2003-08-08,46.076
2003-08-07,44.7423
2003-08-06,38.8662
2003-08-05,39.0414
2003-08-04,43.4127
2003-08-01,42.765
2003-07-31,47.2897
2003-07-30,48.9677
2003-07-29,47.5534
2003-07-28,48.9495
2003-07-25,49.6958
2003-07-24,47.1821
2003-07-23,49.5336
2003-07-22,47.2533
2003-07-21,47.7412
2003-07-18,52.4771
2003-07-17,49.6945
2003-07-16,51.7189
2003-07-15,53.5741
2003-07-14,54.7819
2003-07-11,55.1038
2003-07-10,52.0717
2003-07-09,55.4182
2003-07-08,57.389
2003-07-07,57.3089
2003-07-03,55.6449
2003-07-02,57.4689
2003-07-01,55.3038
2003-06-30,54.0335
2003-06-27,55.8233
2003-06-26,60.4269
2003-06-25,57.378
2003-06-24,59.0237
2003-06-23,58.8837
2003-06-20,64.0854
2003-06-19,62.7391
2003-06-18,70.4041
2003-06-17,71.4088
2003-06-16,68.173
2003-06-13,62.134
2003-06-12,64.4849
2003-06-11,64.0542
2003-06-10,61.6226
2003-06-09,59.9048
2003-06-06,63.5922
2003-06-05,61.6486
2003-06-04,59.5164
2003-06-03,55.2247
2003-06-02,53.1042
2003-05-30,55.606
2003-05-29,52.6179
2003-05-28,55.2385
2003-05-27,55.8125
2003-05-23,52.0232
2003-05-22,53.2154
2003-05-21,50.1573
2003-05-20,48.0771
2003-05-19,51.5518
2003-05-16,64.1099
2003-05-15,65.1987
2003-05-14,62.8892
2003-05-13,63.6321
2003-05-12,63.1356
2003-05-09,60.7609
2003-05-08,57.9091
2003-05-07,59.2282
2003-05-06,62.4729
2003-05-05,62.0616
2003-05-02,61.7429
2003-05-01,58.2439
2003-04-30,57.5412
2003-04-29,57.5412
2003-04-28,56.1252
2003-04-25,54.2494
2003-04-24,58.3424
2003-04-23,56.9624
2003-04-22,55.0484
2003-04-21,50.9979
2003-04-17,50.3366
2003-04-16,47.8533
2003-04-15,54.1896
2003-04-14,56.0628
2003-04-11,51.9814
2003-04-10,53.373
2003-04-09,53.9002
2003-04-08,57.8061
2003-04-07,57.5626
2003-04-04,60.2025
2003-04-03,59.3916
2003-04-02,60.1323
2003-04-01,57.2371
2003-03-31,54.3222
2003-03-28,57.4386
2003-03-27,57.1371
2003-03-26,56.4039
2003-03-25,58.3969
2003-03-24,54.546
2003-03-21,62.5352
2003-03-20,57.1993
2003-03-19,57.537
2003-03-18,55.0143
2003-03-17,52.5128
2003-03-14,45.0484
2003-03-13,47.0998
2003-03-12,42.8624
2003-03-11,41.8796
2003-03-10,45.0052
2003-03-07,49.5518
2003-03-06,46.6422
2003-03-05,46.051
2003-03-04,43.1803
2003-03-03,45.8865
2003-02-28,47.191
2003-02-27,46.4117
2003-02-26,42.7422
2003-02-25,43.9943
2003-02-24,42.0355
2003-02-21,45.0277
2003-02-20,42.0299
2003-02-19,44.6075
2003-02-18,45.7095
2003-02-14,38.2183
2003-02-13,34.478
2003-02-12,36.8317
2003-02-11,39.2952
2003-02-10,42.0598
2003-02-07,39.4987
2003-02-06,39.9401
2003-02-05,40.3686
2003-02-04,41.9952
2003-02-03,44.7927
2003-01-31,45.8216
2003-01-30,39.5896
2003-01-29,41.6923
2003-01-28,41.6923
2003-01-27,36.0744
2003-01-24,41.0242
2003-01-23,47.2956
2003-01-22,46.2369
2003-01-21,47.022
2003-01-17,49.2941
2003-01-16,49.5214
2003-01-15,50.4046
2003-01-14,53.9467
2003-01-13,54.18
2003-01-10,53.9909
2003-01-09,54.097
2003-01-08,51.5669
2003-01-07,53.6748
2003-01-06,57.9621
2003-01-03,55.4253
2003-01-02,52.9054
2002-12-31,45.3598
2002-12-30,43.9375
2002-12-27,41.0207
2002-12-26,44.2072
2002-12-24,48.9553
2002-12-23,47.1985
2002-12-20,45.1665
2002-12-19,42.3398
2002-12-18,44.8349
2002-12-17,45.6207
2002-12-16,49.3159
2002-12-13,46.2117
2002-12-12,47.7553
2002-12-11,50.7623
2002-12-10,51.1998
2002-12-09,50.18
2002-12-06,51.4046
2002-12-05,50.2512
2002-12-04,51.8088
2002-12-03,49.4846
2002-12-02,51.1727
2002-11-29,53.5847
2002-11-27,54.6616
2002-11-26,50.1635
2002-11-25,54.5108
2002-11-22,55.3392
2002-11-21,57.4112
2002-11-20,56.2439
2002-11-19,54.2588
2002-11-18,54.5409
2002-11-15,55.9218
2002-11-14,54.0041
2002-11-13,50.6294
2002-11-12,53.3993
2002-11-11,53.2474
2002-11-08,56.5754
2002-11-07,58.2126
2002-11-06,59.2994
2002-11-05,55.6266
2002-11-04,53.1902
2002-11-01,52.9012
2002-10-31,50.9595
2002-10-30,52.482
2002-10-29,51.2363
2002-10-28,53.7656
2002-10-25,54.6705
2002-10-24,51.5043
2002-10-23,54.8466
2002-10-22,56.2332
2002-10-21,60.426
2002-10-18,59.9348
2002-10-17,59.8822
2002-10-16,58.1072
2002-10-15,57.6887
2002-10-14,55.1341
2002-10-11,51.1024
2002-10-10,49.1522
2002-10-09,47.0825
2002-10-08,48.6705
2002-10-07,43.7291
2002-10-04,44.0558
2002-10-03,48.7879
2002-10-02,49.4026
2002-10-01,49.2812
2002-09-30,44.2616
2002-09-27,44.9029
2002-09-26,50.5895
2002-09-25,47.6322
2002-09-24,42.5163
2002-09-23,42.6262
2002-09-20,44.2562
2002-09-19,42.8831
2002-09-18,47.8917
2002-09-17,46.8987
2002-09-16,49.2777
2002-09-13,49.2777
2002-09-12,48.0894
2002-09-11,50.9828
2002-09-10,50.7066
2002-09-09,50.1731
2002-09-06,48.5872
2002-09-05,48.5872
2002-09-04,50.0735
2002-09-03,46.0258
2002-08-30,51.6441
2002-08-29,52.0716
2002-08-28,51.7396
2002-08-27,52.8325
2002-08-26,56.9914
2002-08-23,55.7079
2002-08-22,59.7517
2002-08-21,56.2007
2002-08-20,54.1697
2002-08-19,56.0483
2002-08-16,54.4178
2002-08-15,55.5513
2002-08-14,54.7785
2002-08-13,51.9817
2002-08-12,55.1237
2002-08-09,54.9646
2002-08-08,55.1504
2002-08-07,51.3204
2002-08-06,47.6358
2002-08-05,44.7867
2002-08-02,49.4366
2002-08-01,50.3767
2002-07-31,53.8509
2002-07-30,50.6154
2002-07-29,49.7678
2002-07-26,44.4792
2002-07-25,41.6396
2002-07-24,37.1127
2002-07-23,27.5727
2002-07-22,28.7913
2002-07-19,29.3488
2002-07-18,32.3906
2002-07-17,36.7557
2002-07-16,32.862
2002-07-15,33.4903
2002-07-12,35.1818
2002-07-11,32.892
2002-07-10,29.4906
2002-07-09,33.6065
2002-07-08,38.9469
2002-07-05,40.6193
2002-07-03,33.4636
2002-07-02,33.1115
2002-07-01,35.8118
2002-06-28,42.1206
2002-06-27,45.5369
2002-06-26,39.234
2002-06-25,34.6127
2002-06-24,37.1795
2002-06-21,34.9411
2002-06-20,38.5674
2002-06-19,44.2504
2002-06-18,45.0807
2002-06-17,43.7778
2002-06-14,34.9862
2002-06-13,36.4437
2002-06-12,40.4035
2002-06-11,45.8661
2002-06-10,48.133
2002-06-07,47.4602
2002-06-06,45.092
2002-06-05,49.0964
2002-06-04,46.263
2002-06-03,46.9582
2002-05-31,52.4099
2002-05-30,50.0326
2002-05-29,50.6887
2002-05-28,50.9
2002-05-24,51.2043
2002-05-23,52.3943
2002-05-22,49.9057
2002-05-21,51.6145
2002-05-20,54.1592
2002-05-17,56.9281
2002-05-16,57.0307
2002-05-15,56.434
2002-05-14,54.4825
2002-05-13,50.1592
2002-05-10,47.0968
2002-05-09,50.4764
2002-05-08,53.6658
2002-05-07,47.6594
2002-05-06,47.0576
2002-05-03,52.3999
2002-05-02,54.3902
2002-05-01,55.4431
2002-04-30,50.631
2002-04-29,47.6947
2002-04-26,54.979
2002-04-25,61.3982
2002-04-24,60.5954
2002-04-23,58.7859
2002-04-22,61.7491
2002-04-19,63.6899
2002-04-18,61.731
2002-04-17,59.0181
2002-04-16,58.3852
2002-04-15,56.5647
2002-04-12,56.8007
2002-04-11,55.927
2002-04-10,61.8708
2002-04-09,59.6721
2002-04-08,59.3422
2002-04-05,58.3714
2002-04-04,55.4224
2002-04-03,51.6072
2002-04-02,55.8131
2002-04-01,57.8156
2002-03-28,61.1246
2002-03-27,58.9767
2002-03-26,55.077
2002-03-25,57.1162
2002-03-22,62.8367
2002-03-21,65.0887
2002-03-20,67.8312
2002-03-19,67.7632
2002-03-18,68.1734
2002-03-15,66.504
2002-03-14,62.6986
2002-03-13,61.1228
2002-03-12,62.3745
2002-03-11,63.612
2002-03-08,65.336
2002-03-07,63.3118
2002-03-06,65.9967
2002-03-05,63.3091
2002-03-04,63.7881
2002-03-01,61.7975
2002-02-28,57.7667
2002-02-27,57.118
2002-02-26,58.1793
2002-02-25,59.0127
2002-02-22,55.3686
2002-02-21,53.3149
2002-02-20,55.2469
2002-02-19,49.6088
2002-02-15,54.0907
2002-02-14,58.923
2002-02-13,58.264
2002-02-12,54.3504
2002-02-11,57.1803
2002-02-08,54.952
2002-02-07,49.4548
2002-02-06,43.3668
2002-02-05,44.7731
2002-02-04,43.0176
2002-02-01,48.3347
2002-01-31,48.8976
2002-01-30,45.6505
2002-01-29,46.8015
2002-01-28,52.6481
2002-01-25,52.0907
2002-01-24,51.767
2002-01-23,49.385
2002-01-22,50.4611
2002-01-18,51.2031
2002-01-17,53.4426
2002-01-16,51.822
2002-01-15,59.7214
2002-01-14,56.5774
2002-01-11,59.1579
2002-01-10,61.5584
2002-01-09,60.8883
2002-01-08,62.8395
2002-01-07,61.6727
2002-01-04,61.4427
2002-01-03,58.9459
2002-01-02,57.9765
2001-12-31,56.0884
2001-12-28,60.8295
2001-12-27,58.6973
2001-12-26,56.1795
2001-12-24,54.4198
2001-12-21,53.352
2001-12-20,53.778
2001-12-19,57.1196
2001-12-18,58.5868
2001-12-17,55.5663
2001-12-14,53.501
2001-12-13,53.9777
2001-12-12,59.8547
2001-12-11,61.1636
2001-12-10,59.8427
2001-12-07,67.0234
2001-12-06,69.0216
2001-12-05,68.4633
2001-12-04,62.4914
2001-12-03,59.8508
2001-11-30,59.6923
2001-11-29,58.8429
2001-11-28,58.3886
2001-11-27,62.8959
2001-11-26,63.925
2001-11-23,61.6746
2001-11-21,60.9253
2001-11-20,63.7225
2001-11-19,63.7225
2001-11-16,60.9199
2001-11-15,60.9199
2001-11-14,59.0149
2001-11-13,57.0247
2001-11-12,51.6746
2001-11-09,51.1935
2001-11-08,52.4331
2001-11-07,50.8503
2001-11-06,51.945
2001-11-05,49.7425
2001-11-02,46.8905
2001-11-01,45.865
2001-10-31,43.2214
2001-10-30,40.6342
2001-10-29,42.5971
2001-10-26,46.6164
2001-10-25,44.9449
2001-10-24,43.831
2001-10-23,46.3106
2001-10-22,45.1774
2001-10-19,39.8725
2001-10-18,40.3218
2001-10-17,42.4819
2001-10-16,47.1553
2001-10-15,45.3013
2001-10-12,44.609
2001-10-11,45.9599
2001-10-10,41.6075
2001-10-09,37.3164
2001-10-08,38.4751
2001-10-05,39.4266
2001-10-04,40.8117
2001-10-03,41.1817
2001-10-02,34.1303
2001-10-01,31.4377
2001-09-28,33.3364
2001-09-27,29.0824
2001-09-26,25.6531
2001-09-25,23.5458
2001-09-24,24.0389
2001-09-21,17.0217
2001-09-20,16.2752
2001-09-19,18.2372
2001-09-18,19.1975
2001-09-17,20.3494
2001-09-10,28.4612
2001-09-07,30.2742
2001-09-06,33.3619
2001-09-05,39.2063
2001-09-04,38.9523
2001-08-31,39.9026
2001-08-30,36.7253
2001-08-29,41.2694
2001-08-28,43.5127
2001-08-27,47.4317
2001-08-24,51.3889
2001-08-23,45.2403
2001-08-22,43.2342
2001-08-21,44.3665
2001-08-20,42.2774
2001-08-17,39.442
2001-08-16,42.3601
2001-08-15,40.4705
2001-08-14,44.3151
2001-08-13,48.4646
2001-08-10,45.5866
2001-08-09,44.9225
2001-08-08,46.3188
2001-08-07,48.5231
2001-08-06,47.575
2001-08-03,49.6376
2001-08-02,52.3619
2001-08-01,49.0407
2001-07-31,49.3677
2001-07-30,51.658
2001-07-27,51.658
2001-07-26,51.2694
2001-07-25,42.0924
2001-07-24,40.0239
2001-07-23,41.1587
2001-07-20,46.5611
2001-07-19,45.715
2001-07-18,47.4483
2001-07-17,50.5547
2001-07-16,48.3388
2001-07-13,49.8236
2001-07-12,47.6409
2001-07-11,44.4255
2001-07-10,44.6114
2001-07-09,44.6114
2001-07-06,46.0012
2001-07-05,51.2113
2001-07-03,54.9755
2001-07-02,54.9755
2001-06-29,53.1091
2001-06-28,51.9375
2001-06-27,49.926
2001-06-26,45.2778
2001-06-25,49.4532
2001-06-22,48.7549
2001-06-21,52.4952
2001-06-20,49.2854
2001-06-19,42.3304
2001-06-18,41.3443
2001-06-15,45.4003
2001-06-14,46.1635
2001-06-13,52.0143
2001-06-12,53.6588
2001-06-11,54.477
2001-06-08,56.2221
2001-06-07,58.1083
2001-06-06,56.64
2001-06-05,59.4339
2001-06-04,57.0878
2001-06-01,56.7483
2001-05-31,57.7244
2001-05-30,57.8294
2001-05-29,58.8463
2001-05-25,61.1975
2001-05-24,63.5032
2001-05-23,61.1655
2001-05-22,66.7652
2001-05-21,66.537
2001-05-18,63.8224
2001-05-17,63.3309
2001-05-16,61.7256
2001-05-15,56.1087
2001-05-14,55.0913
2001-05-11,56.3318
2001-05-10,55.3021
2001-05-09,53.9007
2001-05-08,52.5621
2001-05-07,56.7357
2001-05-04,56.2545
2001-05-03,55.6519
2001-05-02,60.6805
2001-05-01,60.1402
2001-04-30,57.3572
2001-04-27,57.3572
2001-04-26,59.6978
2001-04-25,57.5836
2001-04-24,55.5532
2001-04-23,55.0577
2001-04-20,60.4161
2001-04-19,59.9742
2001-04-18,59.8144
2001-04-17,53.254
2001-04-16,49.9685
2001-04-12,48.5805
2001-04-11,48.7157
2001-04-10,50.9368
2001-04-09,47.2686
2001-04-06,44.8287
2001-04-05,45.5569
2001-04-04,40.5909
2001-04-03,39.2961
2001-04-02,42.5443
2001-03-30,44.4988
2001-03-29,44.3517
2001-03-28,41.938
2001-03-27,45.0909
2001-03-26,39.025
2001-03-23,35.0953
2001-03-22,29.6385
2001-03-21,32.2112
2001-03-20,35.8408
2001-03-19,39.2633
2001-03-16,39.2633
2001-03-15,41.5554
2001-03-14,33.5802
2001-03-13,36.7129
2001-03-12,36.6049
2001-03-09,47.658
2001-03-08,50.1743
2001-03-07,48.5218
2001-03-06,47.1693
2001-03-05,46.1352
2001-03-02,47.55
2001-03-01,47.0681
2001-02-28,47.9043
2001-02-27,51.1874
2001-02-26,46.5137
2001-02-23,45.0434
2001-02-22,45.6796
2001-02-21,50.3218
2001-02-20,51.6826
2001-02-16,51.9495
2001-02-15,53.078
2001-02-14,52.1668
2001-02-13,54.8659
2001-02-12,54.6569
2001-02-09,53.0034
2001-02-08,56.9492
2001-02-07,55.7764
2001-02-06,53.9213
2001-02-05,53.7237
2001-02-02,53.87
2001-02-01,56.4244
2001-01-31,54.1215
2001-01-30,55.4054
2001-01-29,55.8247
2001-01-26,53.1285
2001-01-25,55.1263
2001-01-24,55.4564
2001-01-23,57.2816
2001-01-22,53.8272
2001-01-19,55.0905
2001-01-18,60.0439
2001-01-17,60.6742
2001-01-16,59.6916
2001-01-12,58.2966
2001-01-11,56.4973
2001-01-10,53.3603
2001-01-09,52.2355
2001-01-08,50.4286
2001-01-05,52.6449
2001-01-04,57.1871
2001-01-03,53.0961
2001-01-02,39.4552
2000-12-29,46.3564
2000-12-28,48.6123
2000-12-27,44.7389
2000-12-26,43.9706
2000-12-22,43.5564
2000-12-21,39.7486
2000-12-20,38.0728
2000-12-19,46.0836
2000-12-18,45.8237
2000-12-15,46.9708
2000-12-14,52.0769
2000-12-13,54.1935
2000-12-12,53.0328
2000-12-11,52.605
2000-12-08,50.4616
2000-12-07,45.8896
2000-12-06,49.3354
2000-12-05,46.9185
2000-12-04,40.6415
2000-12-01,40.4504
2000-11-30,38.6681
2000-11-29,40.171
2000-11-28,39.636
2000-11-27,41.6403
2000-11-24,40.2041
2000-11-22,39.2007
2000-11-21,40.6031
2000-11-20,44.4367
2000-11-17,45.4244
2000-11-16,46.5298
2000-11-15,48.7197
2000-11-14,47.7859
2000-11-13,42.9958
2000-11-10,46.6423
2000-11-09,47.33
2000-11-08,57.4193
2000-11-07,59.6061
2000-11-06,58.8316
2000-11-03,57.6446
2000-11-02,58.5263
2000-11-01,56.9924
2000-10-31,55.8432
2000-10-30,51.8059
2000-10-27,48.1188
2000-10-26,46.3124
2000-10-25,43.3912
2000-10-24,46.4708
2000-10-23,45.9607
2000-10-20,43.0128
2000-10-19,38.5547
2000-10-18,35.8296
2000-10-17,31.9784
2000-10-16,39.0766
2000-10-13,40.771
2000-10-12,35.6673
2000-10-11,41.9394
2000-10-10,48.2135
2000-10-09,47.9134
2000-10-06,49.5501
2000-10-05,56.8237
2000-10-04,54.4058
2000-10-03,52.2414
2000-10-02,51.1886
2000-09-29,47.382
2000-09-28,48.1327
2000-09-27,38.5339
2000-09-26,42.9966
2000-09-25,42.9966
2000-09-22,37.3871
2000-09-21,39.5902
2000-09-20,35.7029
2000-09-19,40.8869
2000-09-18,42.8944
2000-09-15,43.4275
2000-09-14,44.6938
2000-09-13,48.1388
2000-09-12,44.0412
2000-09-11,44.2555
2000-09-08,42.8012
2000-09-07,42.5422
2000-09-06,44.8571
2000-09-05,46.0472
2000-09-01,52.6871
2000-08-31,53.0505
2000-08-30,55.2213
2000-08-29,53.1999
2000-08-28,51.7514
2000-08-25,55.2312
2000-08-24,49.8971
2000-08-23,50.8174
2000-08-22,50.3827
2000-08-21,54.75
2000-08-18,53.8499
2000-08-17,53.8499
2000-08-16,55.1705
2000-08-15,55.4937
2000-08-14,57.1912
2000-08-11,54.2851
2000-08-10,52.7169
2000-08-09,52.1099
2000-08-08,54.8826
2000-08-07,54.0823
2000-08-04,56.3619
2000-08-03,51.4173
2000-08-02,50.0057
2000-08-01,48.9489
2000-07-31,46.7197
2000-07-28,44.0263
2000-07-27,46.4899
2000-07-26,44.7459
2000-07-25,46.4883
2000-07-24,46.4021
2000-07-21,48.4796
2000-07-20,54.7128
2000-07-19,50.959
2000-07-18,49.3466
2000-07-17,53.4787
2000-07-14,57.1547
2000-07-13,53.3902
2000-07-12,52.5474
2000-07-11,47.696
2000-07-10,50.7056
2000-07-07,53.1178
2000-07-06,50.8987
2000-07-05,51.454
2000-07-03,49.8066
2000-06-30,50.3189
2000-06-29,49.5799
2000-06-28,45.8383
2000-06-27,46.8134
2000-06-26,47.2542
2000-06-23,49.3124
2000-06-22,53.7616
2000-06-21,54.3438
2000-06-20,55.4856
2000-06-19,55.8038
2000-06-16,54.693
2000-06-15,57.2763
2000-06-14,51.9494
2000-06-13,48.3046
2000-06-12,51.2597
2000-06-09,53.4334
2000-06-08,50.3624
2000-06-07,52.1086
2000-06-06,52.7126
2000-06-05,54.5909
2000-06-02,55.2644
2000-06-01,50.636
2000-05-31,51.9843
2000-05-30,49.9172
2000-05-26,40.8678
2000-05-25,42.243
2000-05-24,43.6381
2000-05-23,42.0684
2000-05-22,43.5229
2000-05-19,45.5163
2000-05-18,50.9938
2000-05-17,51.2161
2000-05-16,53.739
2000-05-15,51.1149
2000-05-12,47.6425
2000-05-11,43.6838
2000-05-10,43.8729
2000-05-09,44.1148
2000-05-08,45.362
2000-05-05,44.8684
2000-05-04,45.0895
2000-05-03,45.5696
2000-05-02,50.2571
2000-05-01,54.1459
2000-04-28,53.5866
2000-04-27,52.0302
2000-04-26,53.1798
2000-04-25,51.5195
2000-04-24,47.2798
2000-04-20,49.6195
2000-04-19,48.9336
2000-04-18,44.4425
2000-04-17,39.2298
2000-04-14,37.5676
2000-04-13,47.0242
2000-04-12,52.45
2000-04-11,56.9935
2000-04-10,55.2166
2000-04-07,56.9553
2000-04-06,56.4591
2000-04-05,52.704
2000-04-04,54.2363
2000-04-03,56.991
2000-03-31,57.0696
2000-03-30,53.7976
2000-03-29,57.0892
2000-03-28,60.9623
2000-03-27,60.801
2000-03-24,62.6026
2000-03-23,61.2644
2000-03-22,60.6702
2000-03-21,56.613
2000-03-20,55.5958
2000-03-17,52.2261
2000-03-16,52.0441
2000-03-15,41.9645
2000-03-14,40.8156
2000-03-13,40.2538
2000-03-10,41.3184
2000-03-09,42.5478
2000-03-08,37.6431
2000-03-07,38.323
2000-03-06,40.9316
2000-03-03,43.9954
2000-03-02,41.0774
2000-03-01,41.7665
2000-02-29,40.0012
2000-02-28,37.6831
2000-02-25,33.8451
2000-02-24,37.819
2000-02-23,38.9039
2000-02-22,35.382
2000-02-18,36.2852
2000-02-17,40.1832
2000-02-16,40.286
2000-02-15,44.865
2000-02-14,46.2319
2000-02-11,49.8042
2000-02-10,49.6746
2000-02-09,51.3761
2000-02-08,55.0944
2000-02-07,53.1382
2000-02-04,56.6552
2000-02-03,56.0593
2000-02-02,54.5482
2000-02-01,50.1894
2000-01-31,47.7123
2000-01-28,48.5354
2000-01-27,52.4001
2000-01-26,53.5576
2000-01-25,54.4462
2000-01-24,53.2892
2000-01-21,59.5606
2000-01-20,59.9797
2000-01-19,61.6982
2000-01-18,58.2924
2000-01-14,62.4418
2000-01-13,64.5887
2000-01-12,60.3957
2000-01-11,64.4856
2000-01-10,72.0994
2000-01-07,54.1156
2000-01-06,50.5282
2000-01-05,51.4842
2000-01-04,52.3201
2000-01-03,60.3485
1999-12-31,68.9421
1999-12-30,66.6479
1999-12-29,65.7671
1999-12-28,66.0685
1999-12-27,65.6195
1999-12-23,65.6195
1999-12-22,60.6899
1999-12-21,60.4333
1999-12-20,62.9042
1999-12-17,64.2603
1999-12-16,60.1757
1999-12-15,58.1668
1999-12-14,61.3632
1999-12-13,60.8729
1999-12-10,63.4211
1999-12-09,65.9112
1999-12-08,62.608
1999-12-07,60.2498
1999-12-06,61.2623
1999-12-03,59.9019
1999-12-02,54.9512
1999-12-01,52.4619
1999-11-30,53.1313
