date,EMA
2024-10-04,153.4766
2024-10-03,153.6699
2024-10-02,153.8962
2024-10-01,154.0011
2024-09-30,154.0843
2024-09-27,154.0911
2024-09-26,154.2039
2024-09-25,154.32
2024-09-24,154.5022
2024-09-23,154.5455
2024-09-20,154.5609
2024-09-19,154.546
2024-09-18,154.4625
2024-09-17,154.429
2024-09-16,154.3646
2024-09-13,154.1236
2024-09-12,153.9705
2024-09-11,153.8348
2024-09-10,153.7435
2024-09-09,153.5945
2024-09-06,153.5041
2024-09-05,153.5175
2024-09-04,153.4768
2024-09-03,153.2063
2024-08-30,152.879
2024-08-29,152.4858
2024-08-28,152.1645
2024-08-27,151.8439
2024-08-26,151.5085
2024-08-23,151.1629
2024-08-22,150.7726
2024-08-21,150.4114
2024-08-20,150.0228
2024-08-19,149.6204
2024-08-16,149.2408
2024-08-15,148.9187
2024-08-14,148.5795
2024-08-13,148.3042
2024-08-12,148.0566
2024-08-09,147.9727
2024-08-08,147.8202
2024-08-07,147.7292
2024-08-06,147.9674
2024-08-05,148.0734
2024-08-02,148.2619
2024-08-01,148.0475
2024-07-31,147.7792
2024-07-30,147.643
2024-07-29,147.4349
2024-07-26,147.2184
2024-07-25,146.9886
2024-07-24,146.8227
2024-07-23,146.5607
2024-07-22,146.4012
2024-07-19,146.2154
2024-07-18,146.0992
2024-07-17,146.0494
2024-07-16,145.6357
2024-07-15,145.2498
2024-07-12,145.0446
2024-07-11,144.7632
2024-07-10,144.5487
2024-07-09,144.4196
2024-07-08,144.4206
2024-07-05,144.4951
2024-07-03,144.5607
2024-07-02,144.7496
2024-07-01,144.843
2024-06-28,144.8906
2024-06-27,144.8573
2024-06-26,144.8079
2024-06-25,144.7281
2024-06-24,144.5854
2024-06-21,144.3795
2024-06-20,144.2409
2024-06-18,144.1305
2024-06-17,144.0587
2024-06-14,143.9992
2024-06-13,143.9177
2024-06-12,143.8224
2024-06-11,143.7046
2024-06-10,143.542
2024-06-07,143.2985
2024-06-06,143.0859
2024-06-05,142.8675
2024-06-04,142.6763
2024-06-03,142.534
2024-05-31,142.4205
2024-05-30,142.4006
2024-05-29,142.5948
2024-05-28,142.8168
2024-05-24,142.9462
2024-05-23,142.9064
2024-05-22,142.8112
2024-05-21,142.5389
2024-05-20,142.265
2024-05-17,141.9885
2024-05-16,141.6505
2024-05-15,141.3061
2024-05-14,140.9077
2024-05-13,140.6909
2024-05-10,140.5151
2024-05-09,140.3061
2024-05-08,140.1054
2024-05-07,140.011
2024-05-06,139.8555
2024-05-03,139.8059
2024-05-02,139.8106
2024-05-01,139.8523
2024-04-30,139.888
2024-04-29,139.9535
2024-04-26,140.0155
2024-04-25,140.1332
2024-04-24,140.2674
2024-04-23,140.3175
2024-04-22,140.3269
2024-04-19,140.5275
2024-04-18,140.8045
2024-04-17,141.165
2024-04-16,141.5624
2024-04-15,141.9766
2024-04-12,142.4396
2024-04-11,142.9221
2024-04-10,143.236
2024-04-09,143.5223
2024-04-08,143.6633
2024-04-05,143.8724
2024-04-04,144.0554
2024-04-03,144.3904
2024-04-02,144.5434
2024-04-01,144.6958
2024-03-28,144.626
2024-03-27,144.4173
2024-03-26,144.1886
2024-03-25,144.1386
2024-03-22,144.1387
2024-03-21,144.1178
2024-03-20,144.0739
2024-03-19,144.0452
2024-03-18,143.9791
2024-03-15,144.0062
2024-03-14,144.0344
2024-03-13,144.0053
2024-03-12,143.9189
2024-03-11,143.7641
2024-03-08,143.6638
2024-03-07,143.5446
2024-03-06,143.3848
2024-03-05,143.2789
2024-03-04,143.2649
2024-03-01,143.136
2024-02-29,142.9706
2024-02-28,142.946
2024-02-27,142.795
2024-02-26,142.5521
2024-02-23,142.2462
2024-02-22,141.8289
2024-02-21,141.4406
2024-02-20,141.1894
2024-02-16,140.945
2024-02-15,140.624
2024-02-14,140.318
2024-02-13,140.0892
2024-02-12,139.9653
2024-02-09,139.6889
2024-02-08,139.4032
2024-02-07,139.076
2024-02-06,138.6883
2024-02-05,138.3004
2024-02-02,138.0329
2024-02-01,137.7832
2024-01-31,137.4853
2024-01-30,137.3455
2024-01-29,137.1711
2024-01-26,137.0118
2024-01-25,136.9376
2024-01-24,136.9379
2024-01-23,136.9164
2024-01-22,136.7594
2024-01-19,136.5754
2024-01-18,136.4356
2024-01-17,136.2893
2024-01-16,136.1256
2024-01-12,135.9156
2024-01-11,135.5959
2024-01-10,135.2062
2024-01-09,134.7651
2024-01-08,134.3441
2024-01-05,133.8768
2024-01-04,133.4883
2024-01-03,133.0464
2024-01-02,132.6298
2023-12-29,132.1454
2023-12-28,131.8598
2023-12-27,131.5588
2023-12-26,131.2625
2023-12-22,130.9943
2023-12-21,130.7291
2023-12-20,130.5058
2023-12-19,130.4275
2023-12-18,130.1381
2023-12-15,129.9119
2023-12-14,129.6844
2023-12-13,129.3138
2023-12-12,128.8358
2023-12-11,128.5624
2023-12-08,128.3193
2023-12-07,128.1407
2023-12-06,127.9662
2023-12-05,127.7567
2023-12-04,127.5355
2023-12-01,127.2735
2023-11-30,127.0097
2023-11-29,126.7721
2023-11-28,126.6783
2023-11-27,126.5789
2023-11-24,126.3995
2023-11-22,126.1163
2023-11-21,125.8758
2023-11-20,125.6742
2023-11-17,125.5323
2023-11-16,125.4562
2023-11-15,125.3452
2023-11-14,125.2795
2023-11-13,125.2173
2023-11-10,125.2376
2023-11-09,125.3357
2023-11-08,125.5218
2023-11-07,125.4529
2023-11-06,125.3581
2023-11-03,125.2627
2023-11-02,125.2453
2023-11-01,125.2914
2023-10-31,125.5475
2023-10-30,125.8575
2023-10-27,126.2737
2023-10-26,126.8052
2023-10-25,127.1729
2023-10-24,127.4499
2023-10-23,127.6379
2023-10-20,127.886
2023-10-19,128.0774
2023-10-18,128.2361
2023-10-17,128.2789
2023-10-16,128.208
2023-10-13,128.111
2023-10-12,128.1053
2023-10-11,128.183
2023-10-10,128.1528
2023-10-09,128.0593
2023-10-06,128.0203
2023-10-05,128.0237
2023-10-04,128.1674
2023-10-03,128.3988
2023-10-02,128.7105
2023-09-29,128.9369
2023-09-28,129.1684
2023-09-27,129.3228
2023-09-26,129.5576
2023-09-25,129.7498
2023-09-22,129.8473
2023-09-21,130.0285
2023-09-20,130.2009
2023-09-19,130.2722
2023-09-18,130.3521
2023-09-15,130.4518
2023-09-14,130.5413
2023-09-13,130.5318
2023-09-12,130.5647
2023-09-11,130.6031
2023-09-08,130.6281
2023-09-07,130.7495
2023-09-06,130.8838
2023-09-05,131.093
2023-09-01,131.25
2023-08-31,131.2811
2023-08-30,131.3526
2023-08-29,131.2655
2023-08-28,131.1589
2023-08-25,131.165
2023-08-24,131.2036
2023-08-23,131.3464
2023-08-22,131.3846
2023-08-21,131.468
2023-08-18,131.5118
2023-08-17,131.5745
2023-08-16,131.6491
2023-08-15,131.621
2023-08-14,131.4838
2023-08-11,131.2804
2023-08-10,131.098
2023-08-09,130.983
2023-08-08,130.8467
2023-08-07,130.6919
2023-08-04,130.6271
2023-08-03,130.7134
2023-08-02,130.7602
2023-08-01,130.7429
2023-07-31,130.733
2023-07-28,130.6498
2023-07-27,130.4505
2023-07-26,130.2715
2023-07-25,129.9705
2023-07-24,129.6285
2023-07-21,129.2443
2023-07-20,128.7888
2023-07-19,128.4256
2023-07-18,128.2512
2023-07-17,128.1215
2023-07-14,128.0781
2023-07-13,127.9683
2023-07-12,128.0482
2023-07-11,128.1417
2023-07-10,128.2089
2023-07-07,128.2862
2023-07-06,128.4769
2023-07-05,128.5309
2023-07-03,128.4822
2023-06-30,128.4211
2023-06-29,128.2411
2023-06-28,128.1815
2023-06-27,128.2033
2023-06-26,128.1841
2023-06-23,128.1319
2023-06-22,127.9968
2023-06-21,127.802
2023-06-20,127.6797
2023-06-16,127.5465
2023-06-15,127.3842
2023-06-14,127.2037
2023-06-13,127.2119
2023-06-12,127.0821
2023-06-09,127.0065
2023-06-08,126.9713
2023-06-07,126.9735
2023-06-06,127.0613
2023-06-05,127.1058
2023-06-02,127.043
2023-06-01,127.0219
2023-05-31,127.1682
2023-05-30,127.4162
2023-05-26,127.8023
2023-05-25,128.1479
2023-05-24,128.5031
2023-05-23,128.76
2023-05-22,128.9526
2023-05-19,129.0174
2023-05-18,129.1024
2023-05-17,129.259
2023-05-16,129.3992
2023-05-15,129.5706
2023-05-12,129.647
2023-05-11,129.7078
2023-05-10,129.7565
2023-05-09,129.7682
2023-05-08,129.8192
2023-05-05,129.7841
2023-05-04,129.7154
2023-05-03,129.7618
2023-05-02,129.7042
2023-05-01,129.622
2023-04-28,129.4715
2023-04-27,129.3762
2023-04-26,129.3869
2023-04-25,129.4696
2023-04-24,129.3658
2023-04-21,129.1031
2023-04-20,128.8898
2023-04-19,128.7466
2023-04-18,128.5317
2023-04-17,128.3364
2023-04-14,128.0259
2023-04-13,127.6715
2023-04-12,127.1677
2023-04-11,126.7897
2023-04-10,126.376
2023-04-06,125.9651
2023-04-05,125.5016
2023-04-04,125.0233
2023-04-03,124.7269
2023-03-31,124.4014
2023-03-30,124.1906
2023-03-29,124.0985
2023-03-28,124.0675
2023-03-27,124.0693
2023-03-24,123.9921
2023-03-23,123.9603
2023-03-22,124.1039
2023-03-21,124.238
2023-03-20,124.1878
2023-03-17,124.2115
2023-03-16,124.4004
2023-03-15,124.4412
2023-03-14,124.6072
2023-03-13,124.7794
2023-03-10,125.0843
2023-03-09,125.5402
2023-03-08,125.9498
2023-03-07,126.2715
2023-03-06,126.5575
2023-03-03,126.6605
2023-03-02,126.7683
2023-03-01,127.0339
2023-02-28,127.4072
2023-02-27,127.7984
2023-02-24,128.1334
2023-02-23,128.4638
2023-02-22,128.657
2023-02-21,128.9063
2023-02-17,129.1369
2023-02-16,129.2166
2023-02-15,129.4245
2023-02-14,129.5192
2023-02-13,129.5562
2023-02-10,129.5163
2023-02-09,129.5848
2023-02-08,129.7874
2023-02-07,129.8926
2023-02-06,129.969
2023-02-03,130.1404
2023-02-02,130.2541
2023-02-01,130.3399
2023-01-31,130.3415
2023-01-30,130.4077
2023-01-27,130.655
2023-01-26,130.8055
2023-01-25,130.8786
2023-01-24,130.985
2023-01-23,131.1068
2023-01-20,131.1502
2023-01-19,131.2452
2023-01-18,131.4189
2023-01-17,131.6437
2023-01-13,131.6975
2023-01-12,131.6926
2023-01-11,131.7485
2023-01-10,131.7663
2023-01-09,131.8638
2023-01-06,132.0862
2023-01-05,132.0996
2023-01-04,132.2414
2023-01-03,132.2558
2022-12-30,132.3085
2022-12-29,132.3269
2022-12-28,132.2971
2022-12-27,132.4146
2022-12-23,132.4544
2022-12-22,132.4626
2022-12-21,132.4798
2022-12-20,132.4793
2022-12-19,132.66
2022-12-16,132.8567
2022-12-15,133.0227
2022-12-14,133.0023
2022-12-13,132.7176
2022-12-12,132.4255
2022-12-09,132.1464
2022-12-08,131.9878
2022-12-07,131.6301
2022-12-06,131.3621
2022-12-05,131.1811
2022-12-02,130.874
2022-12-01,130.398
2022-11-30,129.9085
2022-11-29,129.4084
2022-11-28,129.1859
2022-11-25,128.9054
2022-11-23,128.4902
2022-11-22,128.114
2022-11-21,127.7533
2022-11-18,127.4739
2022-11-17,127.1711
2022-11-16,127.0007
2022-11-15,126.8062
2022-11-14,126.5851
2022-11-11,126.3234
2022-11-10,126.0464
2022-11-09,125.572
2022-11-08,125.3883
2022-11-07,125.0393
2022-11-04,124.721
2022-11-03,124.5119
2022-11-02,124.3613
2022-11-01,124.1387
2022-10-31,123.6624
2022-10-28,123.144
2022-10-27,122.5599
2022-10-26,122.1335
2022-10-25,121.5918
2022-10-24,121.14
2022-10-21,120.7405
2022-10-20,120.5477
2022-10-19,120.6181
2022-10-18,120.5879
2022-10-17,120.374
2022-10-14,120.2089
2022-10-13,120.2294
2022-10-12,120.1664
2022-10-11,120.3863
2022-10-10,120.5682
2022-10-07,120.8355
2022-10-06,121.0525
2022-10-05,121.0221
2022-10-04,120.8233
2022-10-03,120.6464
2022-09-30,120.7435
2022-09-29,121.1047
2022-09-28,121.3316
2022-09-27,121.4764
2022-09-26,121.9066
2022-09-23,122.3444
2022-09-22,122.709
2022-09-21,123.0477
2022-09-20,123.4883
2022-09-19,123.7643
2022-09-16,123.9184
2022-09-15,124.0192
2022-09-14,124.0941
2022-09-13,124.249
2022-09-12,124.4272
2022-09-09,124.1835
2022-09-08,124.0025
2022-09-07,123.9183
2022-09-06,124.0496
2022-09-02,124.4018
2022-09-01,124.8034
2022-08-31,125.0624
2022-08-30,125.5568
2022-08-29,126.0221
2022-08-26,126.451
2022-08-25,126.8347
2022-08-24,126.8881
2022-08-23,127.0923
2022-08-22,127.3343
2022-08-19,127.4159
2022-08-18,127.3294
2022-08-17,127.2703
2022-08-16,127.1451
2022-08-15,126.9275
2022-08-12,126.6505
2022-08-11,126.4123
2022-08-10,126.3207
2022-08-09,126.1321
2022-08-08,126.0689
2022-08-05,125.9584
2022-08-04,125.8677
2022-08-03,125.7624
2022-08-02,125.5801
2022-08-01,125.5004
2022-07-29,125.3646
2022-07-28,125.1149
2022-07-27,124.7943
2022-07-26,124.5253
2022-07-25,124.3112
2022-07-22,124.1427
2022-07-21,124.0254
2022-07-20,123.841
2022-07-19,123.8433
2022-07-18,123.7158
2022-07-15,123.7953
2022-07-14,123.6039
2022-07-13,123.7042
2022-07-12,123.7774
2022-07-11,123.7314
2022-07-08,123.5119
2022-07-07,123.2358
2022-07-06,122.9703
2022-07-05,122.7327
2022-07-01,122.5584
2022-06-30,122.2896
2022-06-29,122.1388
2022-06-28,121.9426
2022-06-27,121.8385
2022-06-24,121.494
2022-06-23,121.1619
2022-06-22,121.0091
2022-06-21,121.1236
2022-06-17,121.4228
2022-06-16,122.0786
2022-06-15,122.7963
2022-06-14,123.4086
2022-06-13,124.2086
2022-06-10,124.9756
2022-06-09,125.439
2022-06-08,125.7438
2022-06-07,125.7823
2022-06-06,125.7197
2022-06-03,125.8215
2022-06-02,125.9359
2022-06-01,125.9067
2022-05-31,125.9786
2022-05-27,125.8658
2022-05-26,125.5602
2022-05-25,125.4439
2022-05-24,125.372
2022-05-23,125.2884
2022-05-20,125.2356
2022-05-19,125.2924
2022-05-18,125.513
2022-05-17,125.7852
2022-05-16,125.7431
2022-05-13,125.8766
2022-05-12,126.1203
2022-05-11,126.5261
2022-05-10,127.0981
2022-05-09,127.6453
2022-05-06,128.2957
2022-05-05,128.6746
2022-05-04,129.052
2022-05-03,129.2082
2022-05-02,129.6721
2022-04-29,130.2263
2022-04-28,130.7569
2022-04-27,130.9954
2022-04-26,131.4431
2022-04-25,131.9087
2022-04-22,132.1835
2022-04-21,132.5783
2022-04-20,132.5028
2022-04-19,132.2627
2022-04-18,132.1854
2022-04-14,132.2324
2022-04-13,132.1297
2022-04-12,131.9484
2022-04-11,131.8168
2022-04-08,131.5338
2022-04-07,130.9337
2022-04-06,130.3565
2022-04-05,129.9895
2022-04-04,129.7953
2022-04-01,129.61
2022-03-31,129.2889
2022-03-30,129.0432
2022-03-29,128.6351
2022-03-28,128.2113
2022-03-25,127.8249
2022-03-24,127.4979
2022-03-23,127.2002
2022-03-22,127.033
2022-03-21,126.6004
2022-03-18,126.1253
2022-03-17,125.5897
2022-03-16,125.0825
2022-03-15,124.7356
2022-03-14,124.5125
2022-03-11,124.5271
2022-03-10,124.6349
2022-03-09,124.6563
2022-03-08,124.6749
2022-03-07,124.9385
2022-03-04,124.9616
2022-03-03,124.7542
2022-03-02,124.5916
2022-03-01,124.4794
2022-02-28,124.5519
2022-02-25,124.5596
2022-02-24,124.4682
2022-02-23,124.7594
2022-02-22,125.1326
2022-02-18,125.4807
2022-02-17,125.8331
2022-02-16,126.1258
2022-02-15,126.2376
2022-02-14,126.3813
2022-02-11,126.6863
2022-02-10,126.8894
2022-02-09,126.9293
2022-02-08,126.7617
2022-02-07,126.6803
2022-02-04,126.6992
2022-02-03,126.6969
2022-02-02,126.646
2022-02-01,126.5323
2022-01-31,126.585
2022-01-28,126.6786
2022-01-27,126.8576
2022-01-26,127.3187
2022-01-25,127.8615
2022-01-24,128.394
2022-01-21,128.8988
2022-01-20,129.4134
2022-01-19,129.849
2022-01-18,130.2438
2022-01-14,130.6258
2022-01-13,130.8584
2022-01-12,131.0922
2022-01-11,131.137
2022-01-10,131.1471
2022-01-07,131.2672
2022-01-06,131.5391
2022-01-05,131.77
2022-01-04,131.866
2022-01-03,131.8732
2021-12-31,131.6956
2021-12-30,131.3532
2021-12-29,130.9143
2021-12-28,130.4583
2021-12-27,130.0351
2021-12-23,129.53
2021-12-22,129.1199
2021-12-21,128.7241
2021-12-20,128.448
2021-12-17,128.2003
2021-12-16,127.8429
2021-12-15,127.3505
2021-12-14,126.8886
2021-12-13,126.6563
2021-12-10,126.3443
2021-12-09,126.1269
2021-12-08,125.934
2021-12-07,125.7518
2021-12-06,125.6509
2021-12-03,125.7091
2021-12-02,125.8478
2021-12-01,126.0252
2021-11-30,126.2845
2021-11-29,126.548
2021-11-26,126.5782
2021-11-24,126.6476
2021-11-23,126.6752
2021-11-22,126.7006
2021-11-19,126.7428
2021-11-18,126.7291
2021-11-17,126.6327
2021-11-16,126.5311
2021-11-15,126.4379
2021-11-12,126.3911
2021-11-11,126.2561
2021-11-10,126.1732
2021-11-09,126.0423
2021-11-08,125.9358
2021-11-05,125.7689
2021-11-04,125.6638
2021-11-03,125.397
2021-11-02,125.0086
2021-11-01,124.6588
2021-10-29,124.3564
2021-10-28,124.0062
2021-10-27,123.7487
2021-10-26,123.5745
2021-10-25,123.2766
2021-10-22,123.0126
2021-10-21,122.7368
2021-10-20,122.4853
2021-10-19,122.2605
2021-10-18,122.1969
2021-10-15,122.2943
2021-10-14,122.3145
2021-10-13,122.4002
2021-10-12,122.6757
2021-10-11,123.0003
2021-10-08,123.2977
2021-10-07,123.527
2021-10-06,123.7162
2021-10-05,124.0931
2021-10-04,124.4865
2021-10-01,124.9966
2021-09-30,125.3656
2021-09-29,125.7765
2021-09-28,126.0719
2021-09-27,126.4999
2021-09-24,126.7489
2021-09-23,126.8353
2021-09-22,126.8766
2021-09-21,127.0176
2021-09-20,127.1956
2021-09-17,127.4124
2021-09-16,127.5136
2021-09-15,127.6384
2021-09-14,127.7424
2021-09-13,127.9433
2021-09-10,128.1634
2021-09-09,128.3247
2021-09-08,128.3797
2021-09-07,128.2835
2021-09-03,128.1711
2021-09-02,127.9668
2021-09-01,127.7561
2021-08-31,127.6682
2021-08-30,127.5751
2021-08-27,127.4542
2021-08-26,127.3967
2021-08-25,127.3181
2021-08-24,127.1781
2021-08-23,126.9864
2021-08-20,126.7265
2021-08-19,126.4442
2021-08-18,126.2093
2021-08-17,126.0107
2021-08-16,125.583
2021-08-13,125.2704
2021-08-12,125.077
2021-08-11,124.9464
2021-08-10,124.906
2021-08-09,124.7294
2021-08-06,124.5031
2021-08-05,124.304
2021-08-04,124.073
2021-08-03,123.7626
2021-08-02,123.3625
2021-07-30,123.1044
2021-07-29,122.8371
2021-07-28,122.5538
2021-07-27,122.2726
2021-07-26,122.0089
2021-07-23,121.7785
2021-07-22,121.4387
2021-07-21,121.2133
2021-07-20,121.0593
2021-07-19,120.91
2021-07-16,120.9002
2021-07-15,120.7542
2021-07-14,120.6279
2021-07-13,120.4433
2021-07-12,120.2272
2021-07-09,119.9763
2021-07-08,119.7241
2021-07-07,119.4893
2021-07-06,119.1588
2021-07-02,118.8746
2021-07-01,118.5484
2021-06-30,118.31
2021-06-29,118.1586
2021-06-28,117.9832
2021-06-25,117.8034
2021-06-24,117.6237
2021-06-23,117.4821
2021-06-22,117.3897
2021-06-21,117.2354
2021-06-18,117.092
2021-06-17,117.0811
2021-06-16,116.9265
2021-06-15,116.8503
2021-06-14,116.7183
2021-06-11,116.5764
2021-06-10,116.4304
2021-06-09,116.1804
2021-06-08,116.1144
2021-06-07,116.1592
2021-06-04,116.1707
2021-06-03,116.2273
2021-06-02,116.3288
2021-06-01,116.4778
2021-05-28,116.6186
2021-05-27,116.5718
2021-05-26,116.568
2021-05-25,116.5368
2021-05-24,116.4306
2021-05-21,116.2763
2021-05-20,116.1178
2021-05-19,115.9445
2021-05-18,115.8816
2021-05-17,115.7912
2021-05-14,115.6952
2021-05-13,115.5662
2021-05-12,115.4854
2021-05-11,115.5058
2021-05-10,115.4126
2021-05-07,115.1761
2021-05-06,114.9307
2021-05-05,114.7441
2021-05-04,114.5538
2021-05-03,114.3655
2021-04-30,114.1703
2021-04-29,114.0921
2021-04-28,113.9698
2021-04-27,113.7858
2021-04-26,113.5455
2021-04-23,113.2092
2021-04-22,112.7955
2021-04-21,112.4191
2021-04-20,111.9483
2021-04-19,111.5714
2021-04-16,111.2017
2021-04-15,110.7961
2021-04-14,110.4375
2021-04-13,110.2435
2021-04-12,110.0282
2021-04-09,109.839
2021-04-08,109.6419
2021-04-07,109.5516
2021-04-06,109.4698
2021-04-05,109.3534
2021-04-01,109.18
2021-03-31,109.069
2021-03-30,108.9114
2021-03-29,108.7602
2021-03-26,108.4874
2021-03-25,108.2407
2021-03-24,108.1844
2021-03-23,108.17
2021-03-22,108.1412
2021-03-19,107.9926
2021-03-18,107.9276
2021-03-17,107.8964
2021-03-16,107.8381
2021-03-15,107.7319
2021-03-12,107.6076
2021-03-11,107.5486
2021-03-10,107.5084
2021-03-09,107.5324
2021-03-08,107.5848
2021-03-05,107.7083
2021-03-04,107.817
2021-03-03,108.1577
2021-03-02,108.3842
2021-03-01,108.4915
2021-02-26,108.5773
2021-02-25,108.8181
2021-02-24,108.987
2021-02-23,109.0594
2021-02-22,109.2179
2021-02-19,109.3742
2021-02-18,109.5201
2021-02-17,109.5423
2021-02-16,109.4943
2021-02-12,109.483
2021-02-11,109.3552
2021-02-10,109.3004
2021-02-09,109.2617
2021-02-08,109.2399
2021-02-05,109.2325
2021-02-04,109.2384
2021-02-03,109.2657
2021-02-02,109.3436
2021-02-01,109.3482
2021-01-29,109.386
2021-01-28,109.4716
2021-01-27,109.4688
2021-01-26,109.6316
2021-01-25,109.4559
2021-01-22,109.218
2021-01-21,109.0316
2021-01-20,108.7907
2021-01-19,108.4689
2021-01-15,108.1777
2021-01-14,107.9433
2021-01-13,107.7201
2021-01-12,107.4365
2021-01-11,107.1549
2021-01-08,106.7166
2021-01-07,106.2867
2021-01-06,105.8671
2021-01-05,105.5525
2021-01-04,105.3597
2020-12-31,105.2281
2020-12-30,105.034
2020-12-29,104.9367
2020-12-28,104.8271
2020-12-24,104.7587
2020-12-23,104.7109
2020-12-22,104.6898
2020-12-21,104.6745
2020-12-18,104.6238
2020-12-17,104.4564
2020-12-16,104.2802
2020-12-15,104.2043
2020-12-14,104.0877
2020-12-11,104.0775
2020-12-10,103.9832
2020-12-09,103.8354
2020-12-08,103.6533
2020-12-07,103.4134
2020-12-04,103.2323
2020-12-03,102.9639
2020-12-02,102.785
2020-12-01,102.5735
2020-11-30,102.4217
2020-11-27,102.3451
2020-11-25,102.29
2020-11-24,102.3281
2020-11-23,102.3306
2020-11-20,102.3651
2020-11-19,102.3755
2020-11-18,102.3622
2020-11-17,102.3396
2020-11-16,102.1098
2020-11-13,101.7836
2020-11-12,101.4043
2020-11-11,101.1236
2020-11-10,100.7727
2020-11-09,100.3711
2020-11-06,99.9589
2020-11-05,99.6051
2020-11-04,99.2181
2020-11-03,98.8121
2020-11-02,98.8245
2020-10-30,98.9876
2020-10-29,99.3488
2020-10-28,99.7452
2020-10-27,100.1002
2020-10-26,100.16
2020-10-23,100.154
2020-10-22,100.0286
2020-10-21,99.9295
2020-10-20,99.9784
2020-10-19,99.9799
2020-10-16,99.9955
2020-10-15,99.8435
2020-10-14,99.7804
2020-10-13,99.6335
2020-10-12,99.4087
2020-10-09,99.0782
2020-10-08,98.7862
2020-10-07,98.5593
2020-10-06,98.36
2020-10-05,98.3357
2020-10-02,98.1693
2020-10-01,98.1971
2020-09-30,98.1328
2020-09-29,98.0262
2020-09-28,98.0725
2020-09-25,98.1109
2020-09-24,98.2454
2020-09-23,98.5552
2020-09-22,98.8473
2020-09-21,99.0652
2020-09-18,99.2843
2020-09-17,99.335
2020-09-16,99.3754
2020-09-15,99.3856
2020-09-14,99.379
2020-09-11,99.3856
2020-09-10,99.5407
2020-09-09,99.7525
2020-09-08,99.8269
2020-09-04,100.0905
2020-09-03,100.2104
2020-09-02,100.2681
2020-09-01,100.0381
2020-08-31,99.9958
2020-08-28,99.8535
2020-08-27,99.7218
2020-08-26,99.5998
2020-08-25,99.5479
2020-08-24,99.4776
2020-08-21,99.4709
2020-08-20,99.4152
2020-08-19,99.3645
2020-08-18,99.2749
2020-08-17,99.1415
2020-08-14,98.991
2020-08-13,98.8868
2020-08-12,98.7508
2020-08-11,98.5868
2020-08-10,98.58
2020-08-07,98.5064
2020-08-06,98.3896
2020-08-05,98.294
2020-08-04,98.1321
2020-08-03,98.0015
2020-07-31,97.8109
2020-07-30,97.7076
2020-07-29,97.5333
2020-07-28,97.2677
2020-07-27,97.0836
2020-07-24,96.8682
2020-07-23,96.708
2020-07-22,96.4157
2020-07-21,96.0453
2020-07-20,95.7296
2020-07-17,95.3737
2020-07-16,94.9783
2020-07-15,94.6823
2020-07-14,94.3383
2020-07-13,94.0902
2020-07-10,94.0141
2020-07-09,93.9861
2020-07-08,93.9315
2020-07-07,93.7923
2020-07-06,93.6394
2020-07-02,93.3828
2020-07-01,93.2006
2020-06-30,93.0742
2020-06-29,93.0103
2020-06-26,93.1053
2020-06-25,93.297
2020-06-24,93.3906
2020-06-23,93.5886
2020-06-22,93.5494
2020-06-19,93.5483
2020-06-18,93.5094
2020-06-17,93.5605
2020-06-16,93.5837
2020-06-15,93.5995
2020-06-12,93.8534
2020-06-11,94.1557
2020-06-10,94.5516
2020-06-09,94.4289
2020-06-08,94.2776
2020-06-05,94.0043
2020-06-04,93.772
2020-06-03,93.6761
2020-06-02,93.4907
2020-06-01,93.2661
2020-05-29,93.0758
2020-05-28,92.7653
2020-05-27,92.5429
2020-05-26,92.4256
2020-05-22,92.397
2020-05-21,92.3477
2020-05-20,92.3139
2020-05-19,92.2039
2020-05-18,92.094
2020-05-15,91.8529
2020-05-14,91.6679
2020-05-13,91.5458
2020-05-12,91.5169
2020-05-11,91.3789
2020-05-08,91.0753
2020-05-07,90.9075
2020-05-06,90.7721
2020-05-05,90.6215
2020-05-04,90.3579
2020-05-01,90.2745
2020-04-30,90.1775
2020-04-29,89.8838
2020-04-28,89.5141
2020-04-27,89.1702
2020-04-24,88.5889
2020-04-23,88.0731
2020-04-22,87.6334
2020-04-21,87.2005
2020-04-20,86.8672
2020-04-17,86.2005
2020-04-16,85.3852
2020-04-15,84.6852
2020-04-14,84.1185
2020-04-13,83.4431
2020-04-09,83.0028
2020-04-08,82.4347
2020-04-07,81.8579
2020-04-06,81.5863
2020-04-03,81.2125
2020-04-02,81.2459
2020-04-01,81.2052
2020-03-31,81.3919
2020-03-30,81.2675
2020-03-27,81.0918
2020-03-26,81.288
2020-03-25,81.3225
2020-03-24,81.8914
2020-03-23,82.6252
2020-03-20,84.0005
2020-03-19,85.1214
2020-03-18,86.0519
2020-03-17,86.9123
2020-03-16,87.5822
2020-03-13,88.8234
2020-03-12,89.3225
2020-03-11,90.4482
2020-03-10,91.0246
2020-03-09,91.3063
2020-03-06,91.9261
2020-03-05,92.1182
2020-03-04,92.2798
2020-03-03,92.2318
2020-03-02,92.7109
2020-02-28,93.0051
2020-02-27,93.754
2020-02-26,94.4636
2020-02-25,94.9258
2020-02-24,95.4356
2020-02-21,95.7023
2020-02-20,95.6788
2020-02-19,95.6586
2020-02-18,95.571
2020-02-14,95.521
2020-02-13,95.4296
2020-02-12,95.3364
2020-02-11,95.1855
2020-02-10,95.0315
2020-02-07,94.9218
2020-02-06,94.8542
2020-02-05,94.7004
2020-02-04,94.5392
2020-02-03,94.5524
2020-01-31,94.7388
2020-01-30,95.0327
2020-01-29,95.1603
2020-01-28,95.2292
2020-01-27,95.2779
2020-01-24,95.3806
2020-01-23,95.4179
2020-01-22,95.2893
2020-01-21,95.0954
2020-01-17,94.8938
2020-01-16,94.6817
2020-01-15,94.4473
2020-01-14,94.2409
2020-01-13,94.0997
2020-01-10,94.0041
2020-01-09,93.8634
2020-01-08,93.7108
2020-01-07,93.585
2020-01-06,93.5105
2020-01-03,93.4085
2020-01-02,93.3574
2019-12-31,93.214
2019-12-30,93.0818
2019-12-27,92.9553
2019-12-26,92.7559
2019-12-24,92.5384
2019-12-23,92.2912
2019-12-20,92.0054
2019-12-19,91.7293
2019-12-18,91.4938
2019-12-17,91.2722
2019-12-16,91.0408
2019-12-13,90.7744
2019-12-12,90.5853
2019-12-11,90.3695
2019-12-10,90.2208
2019-12-09,90.0651
2019-12-06,89.9143
2019-12-05,89.6801
2019-12-04,89.4849
2019-12-03,89.2691
2019-12-02,89.1196
2019-11-29,88.933
2019-11-27,88.6843
2019-11-26,88.3756
2019-11-25,88.0837
2019-11-22,87.7533
2019-11-21,87.4992
2019-11-20,87.2522
2019-11-19,87.0033
2019-11-18,86.7157
2019-11-15,86.4615
2019-11-14,86.1488
2019-11-13,85.9992
2019-11-12,85.8348
2019-11-11,85.6637
2019-11-08,85.5297
2019-11-07,85.3439
2019-11-06,85.2051
2019-11-05,85.0721
2019-11-04,84.956
2019-11-01,84.7629
2019-10-31,84.5215
2019-10-30,84.2663
2019-10-29,83.9736
2019-10-28,83.7012
2019-10-25,83.5277
2019-10-24,83.4278
2019-10-23,83.3269
2019-10-22,83.17
2019-10-21,83.0517
2019-10-18,82.9402
2019-10-17,82.8074
2019-10-16,82.6277
2019-10-15,82.4948
2019-10-14,82.3363
2019-10-11,82.3195
2019-10-10,82.2971
2019-10-09,82.3438
2019-10-08,82.438
2019-10-07,82.6038
2019-10-04,82.622
2019-10-03,82.6131
2019-10-02,82.7375
2019-10-01,82.9513
2019-09-30,83.0621
2019-09-27,83.0995
2019-09-26,83.2181
2019-09-25,83.3106
2019-09-24,83.3645
2019-09-23,83.3816
2019-09-20,83.3194
2019-09-19,83.2032
2019-09-18,83.1239
2019-09-17,83.0776
2019-09-16,83.0254
2019-09-13,82.9812
2019-09-12,82.9131
2019-09-11,82.833
2019-09-10,82.7417
2019-09-09,82.7272
2019-09-06,82.7363
2019-09-05,82.6655
2019-09-04,82.6114
2019-09-03,82.6371
2019-08-30,82.6713
2019-08-29,82.6581
2019-08-28,82.6542
2019-08-27,82.7152
2019-08-26,82.8452
2019-08-23,82.9378
2019-08-22,83.1297
2019-08-21,83.1398
2019-08-20,83.1077
2019-08-19,83.1366
2019-08-16,83.0935
2019-08-15,83.1296
2019-08-14,83.2753
2019-08-13,83.4662
2019-08-12,83.4318
2019-08-09,83.5074
2019-08-08,83.5052
2019-08-07,83.5135
2019-08-06,83.638
2019-08-05,83.7786
2019-08-02,84.0445
2019-08-01,84.1326
2019-07-31,84.2098
2019-07-30,84.3066
2019-07-29,84.3261
2019-07-26,84.3092
2019-07-25,84.327
2019-07-24,84.3784
2019-07-23,84.392
2019-07-22,84.4118
2019-07-19,84.4886
2019-07-18,84.5551
2019-07-17,84.5363
2019-07-16,84.5655
2019-07-15,84.5998
2019-07-12,84.5934
2019-07-11,84.6055
2019-07-10,84.5189
2019-07-09,84.4251
2019-07-08,84.3522
2019-07-05,84.2803
2019-07-03,84.1335
2019-07-02,83.9087
2019-07-01,83.7372
2019-06-28,83.5957
2019-06-27,83.4836
2019-06-26,83.3896
2019-06-25,83.3471
2019-06-24,83.1877
2019-06-21,82.9749
2019-06-20,82.6926
2019-06-19,82.4236
2019-06-18,82.1655
2019-06-17,81.9597
2019-06-14,81.807
2019-06-13,81.6774
2019-06-12,81.5142
2019-06-11,81.3232
2019-06-10,81.1542
2019-06-07,80.9531
2019-06-06,80.7567
2019-06-05,80.6296
2019-06-04,80.5333
2019-06-03,80.4909
2019-05-31,80.5831
2019-05-30,80.705
2019-05-29,80.7794
2019-05-28,80.9076
2019-05-24,80.9679
2019-05-23,80.912
2019-05-22,80.8626
2019-05-21,80.7783
2019-05-20,80.7339
2019-05-17,80.7645
2019-05-16,80.7944
2019-05-15,80.8092
2019-05-14,80.8917
2019-05-13,81.0078
2019-05-10,81.1783
2019-05-09,81.2068
2019-05-08,81.2411
2019-05-07,81.2608
2019-05-06,81.3008
2019-05-03,81.1784
2019-05-02,81.0871
2019-05-01,81.0513
2019-04-30,81.0482
2019-04-29,81.0294
2019-04-26,81.048
2019-04-25,81.0531
2019-04-24,81.1431
2019-04-23,81.3288
2019-04-22,81.5244
2019-04-18,81.8709
2019-04-17,82.2587
2019-04-16,82.7007
2019-04-15,82.9459
2019-04-12,83.0397
2019-04-11,83.1779
2019-04-10,83.2511
2019-04-09,83.2237
2019-04-08,83.1964
2019-04-05,83.1432
2019-04-04,83.0825
2019-04-03,83.0758
2019-04-02,83.0501
2019-04-01,83.0102
2019-03-29,82.9461
2019-03-28,82.8886
2019-03-27,82.9294
2019-03-26,82.9966
2019-03-25,82.998
2019-03-22,83.059
2019-03-21,83.1216
2019-03-20,83.0299
2019-03-19,82.963
2019-03-18,82.8278
2019-03-15,82.7483
2019-03-14,82.6469
2019-03-13,82.5751
2019-03-12,82.4814
2019-03-11,82.4714
2019-03-08,82.5233
2019-03-07,82.678
2019-03-06,82.8308
2019-03-05,82.932
2019-03-04,82.916
2019-03-01,82.8935
2019-02-28,82.7483
2019-02-27,82.712
2019-02-26,82.6461
2019-02-25,82.5322
2019-02-22,82.3748
2019-02-21,82.2132
2019-02-20,82.1149
2019-02-19,81.9288
2019-02-15,81.7127
2019-02-14,81.4528
2019-02-13,81.2973
2019-02-12,81.1454
2019-02-11,80.9967
2019-02-08,80.9496
2019-02-07,80.8871
2019-02-06,80.8343
2019-02-05,80.6805
2019-02-04,80.5496
2019-02-01,80.3925
2019-01-31,80.1941
2019-01-30,79.9824
2019-01-29,79.8554
2019-01-28,79.8304
2019-01-25,79.8438
2019-01-24,79.7623
2019-01-23,79.6827
2019-01-22,79.5231
2019-01-18,79.3563
2019-01-17,79.1127
2019-01-16,78.9447
2019-01-15,78.8334
2019-01-14,78.6951
2019-01-11,78.6912
2019-01-10,78.5943
2019-01-09,78.5148
2019-01-08,78.4432
2019-01-07,78.4013
2019-01-04,78.4189
2019-01-03,78.4699
2019-01-02,78.7639
2018-12-31,78.9237
2018-12-28,78.9753
2018-12-27,79.1526
2018-12-26,79.358
2018-12-24,79.6739
2018-12-21,80.359
2018-12-20,80.9272
2018-12-19,81.4564
2018-12-18,81.9273
2018-12-17,82.3404
2018-12-14,82.7248
2018-12-13,82.9814
2018-12-12,82.9707
2018-12-11,82.9673
2018-12-10,83.0377
2018-12-07,83.1421
2018-12-06,83.2907
2018-12-04,83.2298
2018-12-03,83.1293
2018-11-30,82.8158
2018-11-29,82.4256
2018-11-28,82.1758
2018-11-27,81.9292
2018-11-26,81.8656
2018-11-23,81.8846
2018-11-21,81.9882
2018-11-20,82.1152
2018-11-19,82.207
2018-11-16,82.2277
2018-11-15,82.1395
2018-11-14,82.1294
2018-11-13,82.1942
2018-11-12,82.1965
2018-11-09,82.1383
2018-11-08,81.9542
2018-11-07,81.7251
2018-11-06,81.4766
2018-11-05,81.4547
2018-11-02,81.4741
2018-11-01,81.5707
2018-10-31,81.6242
2018-10-30,81.7897
2018-10-29,81.9841
2018-10-26,82.2882
2018-10-25,82.6453
2018-10-24,82.9449
2018-10-23,83.3834
2018-10-22,83.585
2018-10-19,83.7612
2018-10-18,83.8848
2018-10-17,83.9415
2018-10-16,83.9036
2018-10-15,83.9082
2018-10-12,84.1488
2018-10-11,84.355
2018-10-10,84.7139
2018-10-09,84.8741
2018-10-08,84.8393
2018-10-05,84.816
2018-10-04,84.7865
2018-10-03,84.7434
2018-10-02,84.6075
2018-10-01,84.4401
2018-09-28,84.2446
2018-09-27,84.0733
2018-09-26,83.9114
2018-09-25,83.7781
2018-09-24,83.6508
2018-09-21,83.4824
2018-09-20,83.3144
2018-09-19,83.1408
2018-09-18,83.035
2018-09-17,82.9057
2018-09-14,82.814
2018-09-13,82.6804
2018-09-12,82.5034
2018-09-11,82.4166
2018-09-10,82.3642
2018-09-07,82.2987
2018-09-06,82.2036
2018-09-05,82.1117
2018-09-04,82.0102
2018-08-31,81.933
2018-08-30,81.7776
2018-08-29,81.604
2018-08-28,81.4055
2018-08-27,81.2429
2018-08-24,81.0679
2018-08-23,80.9057
2018-08-22,80.768
2018-08-21,80.6131
2018-08-20,80.4503
2018-08-17,80.2704
2018-08-16,80.1
2018-08-15,79.9381
2018-08-14,79.8424
2018-08-13,79.7225
2018-08-10,79.6298
2018-08-09,79.53
2018-08-08,79.3829
2018-08-07,79.2109
2018-08-06,79.0339
2018-08-03,78.8393
2018-08-02,78.6394
2018-08-01,78.4685
2018-07-31,78.3109
2018-07-30,78.1386
2018-07-27,78.0352
2018-07-26,77.9257
2018-07-25,77.7441
2018-07-24,77.5197
2018-07-23,77.3777
2018-07-20,77.2955
2018-07-19,77.2216
2018-07-18,77.1239
2018-07-17,76.9696
2018-07-16,76.8056
2018-07-13,76.6698
2018-07-12,76.4695
2018-07-11,76.2633
2018-07-10,76.1263
2018-07-09,75.9095
2018-07-06,75.7011
2018-07-05,75.5304
2018-07-03,75.4572
2018-07-02,75.4586
2018-06-29,75.4791
2018-06-28,75.5264
2018-06-27,75.5947
2018-06-26,75.6806
2018-06-25,75.7083
2018-06-22,75.7144
2018-06-21,75.6473
2018-06-20,75.6092
2018-06-19,75.5206
2018-06-18,75.4397
2018-06-15,75.3711
2018-06-14,75.2178
2018-06-13,75.0639
2018-06-12,74.9353
2018-06-11,74.7951
2018-06-08,74.6354
2018-06-07,74.4739
2018-06-06,74.3417
2018-06-05,74.2059
2018-06-04,74.1445
2018-06-01,74.0606
2018-05-31,73.997
2018-05-30,74.0163
2018-05-29,73.9519
2018-05-25,73.9967
2018-05-24,73.966
2018-05-23,73.9208
2018-05-22,73.8397
2018-05-21,73.7755
2018-05-18,73.6895
2018-05-17,73.602
2018-05-16,73.5251
2018-05-15,73.4429
2018-05-14,73.3954
2018-05-11,73.2411
2018-05-10,73.1224
2018-05-09,73.1062
2018-05-08,73.1901
2018-05-07,73.3263
2018-05-04,73.4193
2018-05-03,73.5108
2018-05-02,73.6722
2018-05-01,73.7818
2018-04-30,73.7964
2018-04-27,73.8087
2018-04-26,73.7017
2018-04-25,73.6155
2018-04-24,73.6182
2018-04-23,73.6561
2018-04-20,73.6395
2018-04-19,73.6514
2018-04-18,73.6231
2018-04-17,73.5257
2018-04-16,73.4247
2018-04-13,73.3735
2018-04-12,73.3781
2018-04-11,73.3794
2018-04-10,73.4327
2018-04-09,73.4285
2018-04-06,73.552
2018-04-05,73.763
2018-04-04,73.8105
2018-04-03,73.8574
2018-04-02,74.0176
2018-03-29,74.3087
2018-03-28,74.4561
2018-03-27,74.6765
2018-03-26,74.9606
2018-03-23,75.1841
2018-03-22,75.5867
2018-03-21,75.8724
2018-03-20,75.9609
2018-03-19,76.0248
2018-03-16,76.1068
2018-03-15,76.0672
2018-03-14,76.0235
2018-03-13,75.962
2018-03-12,75.8545
2018-03-09,75.7461
2018-03-08,75.5915
2018-03-07,75.5362
2018-03-06,75.5287
2018-03-05,75.5607
2018-03-02,75.5848
2018-03-01,75.6829
2018-02-28,75.8703
2018-02-27,75.9514
2018-02-26,75.9124
2018-02-23,75.7847
2018-02-22,75.745
2018-02-21,75.8271
2018-02-20,75.9056
2018-02-16,75.9594
2018-02-15,75.9307
2018-02-14,75.9562
2018-02-13,76.0717
2018-02-12,76.2877
2018-02-09,76.5322
2018-02-08,76.8747
2018-02-07,77.3612
2018-02-06,77.6256
2018-02-05,77.9085
2018-02-02,78.3075
2018-02-01,78.3869
2018-01-31,78.358
2018-01-30,78.329
2018-01-29,78.1776
2018-01-26,77.8299
2018-01-25,77.422
2018-01-24,77.1526
2018-01-23,76.9262
2018-01-22,76.7005
2018-01-19,76.4105
2018-01-18,76.1445
2018-01-17,75.8816
2018-01-16,75.5928
2018-01-12,75.3525
2018-01-11,75.1274
2018-01-10,74.9406
2018-01-09,74.7688
2018-01-08,74.5649
2018-01-05,74.4335
2018-01-04,74.2591
2018-01-03,74.134
2018-01-02,74.007
2017-12-29,73.9419
2017-12-28,73.9572
2017-12-27,73.9262
2017-12-26,73.9033
2017-12-22,73.8911
2017-12-21,73.8794
2017-12-20,73.8412
2017-12-19,73.7811
2017-12-18,73.6893
2017-12-15,73.5785
2017-12-14,73.4588
2017-12-13,73.4117
2017-12-12,73.2802
2017-12-11,73.1619
2017-12-08,73.062
2017-12-07,72.9844
2017-12-06,72.9847
2017-12-05,72.9869
2017-12-04,72.9828
2017-12-01,72.9652
2017-11-30,72.8503
2017-11-29,72.7073
2017-11-28,72.6074
2017-11-27,72.5352
2017-11-24,72.5117
2017-11-22,72.4921
2017-11-21,72.4884
2017-11-20,72.4814
2017-11-17,72.5401
2017-11-16,72.5732
2017-11-15,72.5798
2017-11-14,72.6658
2017-11-13,72.7392
2017-11-10,72.7896
2017-11-09,72.8527
2017-11-08,72.8728
2017-11-07,72.896
2017-11-06,72.9394
2017-11-03,73.0033
2017-11-02,73.0505
2017-11-01,73.1654
2017-10-31,73.2578
2017-10-30,73.3786
2017-10-27,73.498
2017-10-26,73.5477
2017-10-25,73.6008
2017-10-24,73.5818
2017-10-23,73.5495
2017-10-20,73.4614
2017-10-19,73.3445
2017-10-18,73.2236
2017-10-17,73.1377
2017-10-16,73.054
2017-10-13,73.0645
2017-10-12,73.0423
2017-10-11,72.9982
2017-10-10,72.941
2017-10-09,72.8928
2017-10-06,72.8573
2017-10-05,72.7693
2017-10-04,72.6618
2017-10-03,72.5487
2017-10-02,72.461
2017-09-29,72.3622
2017-09-28,72.3307
2017-09-27,72.3408
2017-09-26,72.3586
2017-09-25,72.3754
2017-09-22,72.3818
2017-09-21,72.3664
2017-09-20,72.3493
2017-09-19,72.2912
2017-09-18,72.2345
2017-09-15,72.111
2017-09-14,71.9725
2017-09-13,71.7948
2017-09-12,71.6086
2017-09-11,71.374
2017-09-08,71.1314
2017-09-07,70.9229
2017-09-06,70.727
2017-09-05,70.5944
2017-09-01,70.4842
2017-08-31,70.3298
2017-08-30,70.1535
2017-08-29,70.0854
2017-08-28,70.0485
2017-08-25,70.0216
2017-08-24,70.031
2017-08-23,70.0434
2017-08-22,70.0784
2017-08-21,70.0612
2017-08-18,70.1308
2017-08-17,70.2403
2017-08-16,70.3278
2017-08-15,70.3322
2017-08-14,70.3575
2017-08-11,70.3856
2017-08-10,70.466
2017-08-09,70.5754
2017-08-08,70.6039
2017-08-07,70.6439
2017-08-04,70.6536
2017-08-03,70.6802
2017-08-02,70.6928
2017-08-01,70.7188
2017-07-31,70.7308
2017-07-28,70.7272
2017-07-27,70.7168
2017-07-26,70.7426
2017-07-25,70.7198
2017-07-24,70.6694
2017-07-21,70.5596
2017-07-20,70.4355
2017-07-19,70.2899
2017-07-18,70.1784
2017-07-17,70.1158
2017-07-14,70.0522
2017-07-13,69.9548
2017-07-12,69.8976
2017-07-11,69.8408
2017-07-10,69.8285
2017-07-07,69.8064
2017-07-06,69.768
2017-07-05,69.7629
2017-07-03,69.6612
2017-06-30,69.5926
2017-06-29,69.5299
2017-06-28,69.4503
2017-06-27,69.2943
2017-06-26,69.161
2017-06-23,68.9456
2017-06-22,68.7
2017-06-21,68.4174
2017-06-20,68.1825
2017-06-19,68.0161
2017-06-16,67.8564
2017-06-15,67.7554
2017-06-14,67.6557
2017-06-13,67.538
2017-06-12,67.4423
2017-06-09,67.3514
2017-06-08,67.2417
2017-06-07,67.1686
2017-06-06,67.0675
2017-06-05,66.9752
2017-06-02,66.8556
2017-06-01,66.7029
2017-05-31,66.5806
2017-05-30,66.5235
2017-05-26,66.4881
2017-05-25,66.4389
2017-05-24,66.3714
2017-05-23,66.3303
2017-05-22,66.3026
2017-05-19,66.2951
2017-05-18,66.3054
2017-05-17,66.3362
2017-05-16,66.401
2017-05-15,66.3807
2017-05-12,66.3313
2017-05-11,66.3221
2017-05-10,66.3
2017-05-09,66.2792
2017-05-08,66.2359
2017-05-05,66.1963
2017-05-04,66.1089
2017-05-03,66.0085
2017-05-02,65.9441
2017-05-01,65.8385
2017-04-28,65.7413
2017-04-27,65.6497
2017-04-26,65.5669
2017-04-25,65.4904
2017-04-24,65.4438
2017-04-21,65.4221
2017-04-20,65.4659
2017-04-19,65.4734
2017-04-18,65.5244
2017-04-17,65.6013
2017-04-13,65.611
2017-04-12,65.6468
2017-04-11,65.6687
2017-04-10,65.6929
2017-04-07,65.7104
2017-04-06,65.7168
2017-04-05,65.7358
2017-04-04,65.769
2017-04-03,65.7843
2017-03-31,65.7975
2017-03-30,65.8176
2017-03-29,65.8204
2017-03-28,65.8243
2017-03-27,65.8306
2017-03-24,65.8421
2017-03-23,65.8735
2017-03-22,65.9118
2017-03-21,65.9329
2017-03-20,65.958
2017-03-17,65.9322
2017-03-16,65.8923
2017-03-15,65.8096
2017-03-14,65.6497
2017-03-13,65.5609
2017-03-10,65.4369
2017-03-09,65.2942
2017-03-08,65.1634
2017-03-07,65.0567
2017-03-06,64.9666
2017-03-03,64.8179
2017-03-02,64.6267
2017-03-01,64.4432
2017-02-28,64.2182
2017-02-27,64.0389
2017-02-24,63.8268
2017-02-23,63.6257
2017-02-22,63.4367
2017-02-21,63.2779
2017-02-17,63.0921
2017-02-16,62.9173
2017-02-15,62.7334
2017-02-14,62.5208
2017-02-13,62.359
2017-02-10,62.2329
2017-02-09,62.1342
2017-02-08,62.0381
2017-02-07,61.9559
2017-02-06,61.8549
2017-02-03,61.7498
2017-02-02,61.641
2017-02-01,61.5494
2017-01-31,61.4463
2017-01-30,61.3888
2017-01-27,61.428
2017-01-26,61.4399
2017-01-25,61.5057
2017-01-24,61.5285
2017-01-23,61.6139
2017-01-20,61.6638
2017-01-19,61.6922
2017-01-18,61.7068
2017-01-17,61.6814
2017-01-13,61.645
2017-01-12,61.5714
2017-01-11,61.4965
2017-01-10,61.4203
2017-01-09,61.2694
2017-01-06,61.1257
2017-01-05,60.9947
2017-01-04,60.8684
2017-01-03,60.7622
2016-12-30,60.6956
2016-12-29,60.7053
2016-12-28,60.6929
2016-12-27,60.6903
2016-12-23,60.6384
2016-12-22,60.5939
2016-12-21,60.5929
2016-12-20,60.6002
2016-12-19,60.5721
2016-12-16,60.5364
2016-12-15,60.4701
2016-12-14,60.402
2016-12-13,60.3681
2016-12-12,60.2975
2016-12-09,60.2711
2016-12-08,60.2723
2016-12-07,60.3501
2016-12-06,60.448
2016-12-05,60.5019
2016-12-02,60.579
2016-12-01,60.6531
2016-11-30,60.7498
2016-11-29,60.8106
2016-11-28,60.817
2016-11-25,60.8655
2016-11-23,60.8713
2016-11-22,60.9025
2016-11-21,60.9618
2016-11-18,60.9344
2016-11-17,60.9271
2016-11-16,60.8499
2016-11-15,60.7904
2016-11-14,60.697
2016-11-11,60.6122
2016-11-10,60.4982
2016-11-09,60.2737
2016-11-08,60.0973
2016-11-07,60.1244
2016-11-04,60.1719
2016-11-03,60.381
2016-11-02,60.6545
2016-11-01,60.8988
2016-10-31,61.1365
2016-10-28,61.366
2016-10-27,61.581
2016-10-26,61.6805
2016-10-25,61.8199
2016-10-24,61.9353
2016-10-21,62.0445
2016-10-20,62.1531
2016-10-19,62.2197
2016-10-18,62.3238
2016-10-17,62.4148
2016-10-14,62.5919
2016-10-13,62.7664
2016-10-12,62.9161
2016-10-11,63.0842
2016-10-10,63.2396
2016-10-07,63.2447
2016-10-06,63.2806
2016-10-05,63.3158
2016-10-04,63.3297
2016-10-03,63.371
2016-09-30,63.4036
2016-09-29,63.4342
2016-09-28,63.5353
2016-09-27,63.5291
2016-09-26,63.5121
2016-09-23,63.5403
2016-09-22,63.4931
2016-09-21,63.4198
2016-09-20,63.3894
2016-09-19,63.4222
2016-09-16,63.4787
2016-09-15,63.5172
2016-09-14,63.5642
2016-09-13,63.684
2016-09-12,63.8165
2016-09-09,63.8739
2016-09-08,64.0346
2016-09-07,64.0783
2016-09-06,64.132
2016-09-02,64.1914
2016-09-01,64.2809
2016-08-31,64.3872
2016-08-30,64.4872
2016-08-29,64.5776
2016-08-26,64.6546
2016-08-25,64.7543
2016-08-24,64.8902
2016-08-23,64.9835
2016-08-22,64.9793
2016-08-19,64.981
2016-08-18,64.9967
2016-08-17,65.0086
2016-08-16,65.0244
2016-08-15,65.0557
2016-08-12,65.0288
2016-08-11,65.0109
2016-08-10,64.9738
2016-08-09,64.9727
2016-08-08,64.948
2016-08-05,64.9373
2016-08-04,64.8667
2016-08-03,64.8052
2016-08-02,64.7271
2016-08-01,64.6216
2016-07-29,64.4783
2016-07-28,64.364
2016-07-27,64.2514
2016-07-26,64.1205
2016-07-25,64.0071
2016-07-22,63.8698
2016-07-21,63.7107
2016-07-20,63.5487
2016-07-19,63.3897
2016-07-18,63.2755
2016-07-15,63.1346
2016-07-14,62.9817
2016-07-13,62.8071
2016-07-12,62.6435
2016-07-11,62.46
2016-07-08,62.2902
2016-07-07,62.0841
2016-07-06,61.9389
2016-07-05,61.7684
2016-07-01,61.6543
2016-06-30,61.5217
2016-06-29,61.4169
2016-06-28,61.3621
2016-06-27,61.4236
2016-06-24,61.6137
2016-06-23,61.7402
2016-06-22,61.6883
2016-06-21,61.7153
2016-06-20,61.7639
2016-06-17,61.7952
2016-06-16,61.8702
2016-06-15,61.8859
2016-06-14,61.9262
2016-06-13,61.9258
2016-06-10,61.9355
2016-06-09,61.8941
2016-06-08,61.7954
2016-06-07,61.6752
2016-06-06,61.5654
2016-06-03,61.4027
2016-06-02,61.2586
2016-06-01,61.0774
2016-05-31,60.9612
2016-05-27,60.8566
2016-05-26,60.7564
2016-05-25,60.675
2016-05-24,60.5859
2016-05-23,60.5277
2016-05-20,60.5548
2016-05-19,60.559
2016-05-18,60.6223
2016-05-17,60.6383
2016-05-16,60.6824
2016-05-13,60.6645
2016-05-12,60.7306
2016-05-11,60.7891
2016-05-10,60.8162
2016-05-09,60.7685
2016-05-06,60.7697
2016-05-05,60.8433
2016-05-04,60.8871
2016-05-03,60.9619
2016-05-02,60.983
2016-04-29,60.9867
2016-04-28,61.0273
2016-04-27,60.9707
2016-04-26,60.8771
2016-04-25,60.7664
2016-04-22,60.6193
2016-04-21,60.4311
2016-04-20,60.2368
2016-04-19,60.0605
2016-04-18,59.9003
2016-04-15,59.7462
2016-04-14,59.6352
2016-04-13,59.5079
2016-04-12,59.371
2016-04-11,59.279
2016-04-08,59.2285
2016-04-07,59.1243
2016-04-06,58.9917
2016-04-05,58.7747
2016-04-04,58.7032
2016-04-01,58.5418
2016-03-31,58.4384
2016-03-30,58.3945
2016-03-29,58.3268
2016-03-28,58.2529
2016-03-24,58.2424
2016-03-23,58.2136
2016-03-22,58.1789
2016-03-21,58.0967
2016-03-18,58.0671
2016-03-17,58.0701
2016-03-16,58.144
2016-03-15,58.1548
2016-03-14,58.1521
2016-03-11,58.0525
2016-03-10,57.9161
2016-03-09,57.8846
2016-03-08,57.8535
2016-03-07,57.8299
2016-03-04,57.7283
2016-03-03,57.6652
2016-03-02,57.5809
2016-03-01,57.4703
2016-02-29,57.3582
2016-02-26,57.3637
2016-02-25,57.2723
2016-02-24,57.1603
2016-02-23,57.1121
2016-02-22,57.0789
2016-02-19,56.9966
2016-02-18,56.9913
2016-02-17,56.9791
2016-02-16,56.9282
2016-02-12,56.9476
2016-02-11,57.0792
2016-02-10,57.3021
2016-02-09,57.4537
2016-02-08,57.6732
2016-02-05,57.9586
2016-02-04,58.1939
2016-02-03,58.3374
2016-02-02,58.4632
2016-02-01,58.6414
2016-01-29,58.7509
2016-01-28,58.8811
2016-01-27,59.1225
2016-01-26,59.2471
2016-01-25,59.3148
2016-01-22,59.436
2016-01-21,59.5126
2016-01-20,59.6938
2016-01-19,59.8758
2016-01-15,60.0889
2016-01-14,60.3235
2016-01-13,60.4962
2016-01-12,60.8484
2016-01-11,61.0536
2016-01-08,61.3588
2016-01-07,61.6223
2016-01-06,61.8188
2016-01-05,61.9058
2016-01-04,61.9491
2015-12-31,62.0279
2015-12-30,61.9966
2015-12-29,61.9028
2015-12-28,61.7709
2015-12-24,61.7053
2015-12-23,61.6018
2015-12-22,61.4938
2015-12-21,61.4445
2015-12-18,61.4338
2015-12-17,61.4803
2015-12-16,61.4375
2015-12-15,61.3196
2015-12-14,61.2735
2015-12-11,61.3061
2015-12-10,61.3838
2015-12-09,61.3744
2015-12-08,61.4121
2015-12-07,61.3885
2015-12-04,61.3769
2015-12-03,61.3278
2015-12-02,61.4232
2015-12-01,61.3863
2015-11-30,61.2901
2015-11-27,61.2927
2015-11-25,61.2066
2015-11-24,61.1242
2015-11-23,61.0685
2015-11-20,61.0269
2015-11-19,60.9645
2015-11-18,60.9509
2015-11-17,60.8262
2015-11-16,60.8134
2015-11-13,60.8266
2015-11-12,60.92
2015-11-11,61.0078
2015-11-10,60.9934
2015-11-09,60.913
2015-11-06,60.8677
2015-11-05,60.7677
2015-11-04,60.63
2015-11-03,60.457
2015-11-02,60.2367
2015-10-30,59.9697
2015-10-29,59.8124
2015-10-28,59.5977
2015-10-27,59.3894
2015-10-26,59.2128
2015-10-23,59.1336
2015-10-22,59.0706
2015-10-21,59.1324
2015-10-20,59.1636
2015-10-19,59.1418
2015-10-16,59.018
2015-10-15,58.9038
2015-10-14,58.8339
2015-10-13,58.8935
2015-10-12,58.9475
2015-10-09,58.9293
2015-10-08,58.9255
2015-10-07,58.9494
2015-10-06,58.994
2015-10-05,59.1403
2015-10-02,59.1559
2015-10-01,59.1896
2015-09-30,59.3528
2015-09-29,59.594
2015-09-28,59.983
2015-09-25,60.4665
2015-09-24,60.766
2015-09-23,60.9265
2015-09-22,61.0395
2015-09-21,61.1581
2015-09-18,61.2501
2015-09-17,61.2666
2015-09-16,61.1854
2015-09-15,61.1545
2015-09-14,61.1384
2015-09-11,61.2119
2015-09-10,61.2732
2015-09-09,61.3816
2015-09-08,61.562
2015-09-04,61.6628
2015-09-03,61.9478
2015-09-02,62.1842
2015-09-01,62.4002
2015-08-31,62.7665
2015-08-28,63.0041
2015-08-27,63.1483
2015-08-26,63.2707
2015-08-25,63.5279
2015-08-24,64.0743
2015-08-21,64.6158
2015-08-20,64.9388
2015-08-19,65.0915
2015-08-18,65.1013
2015-08-17,65.084
2015-08-14,65.0551
2015-08-13,65.0917
2015-08-12,65.1512
2015-08-11,65.2016
2015-08-10,65.2618
2015-08-07,65.2705
2015-08-06,65.3353
2015-08-05,65.3951
2015-08-04,65.3094
2015-08-03,65.2725
2015-07-31,65.2281
2015-07-30,65.1737
2015-07-29,65.1533
2015-07-28,65.1207
2015-07-27,65.0965
2015-07-24,65.1917
2015-07-23,65.2907
2015-07-22,65.2265
2015-07-21,65.1303
2015-07-20,65.0394
2015-07-17,64.9081
2015-07-16,64.7856
2015-07-15,64.6349
2015-07-14,64.5008
2015-07-13,64.3616
2015-07-10,64.2765
2015-07-09,64.2403
2015-07-08,64.2905
2015-07-07,64.3822
2015-07-06,64.367
2015-07-02,64.3828
2015-07-01,64.3975
2015-06-30,64.3821
2015-06-29,64.4373
2015-06-26,64.5219
2015-06-25,64.4473
2015-06-24,64.3549
2015-06-23,64.2908
2015-06-22,64.1503
2015-06-19,64.0086
2015-06-18,63.9053
2015-06-17,63.7858
2015-06-16,63.7492
2015-06-15,63.715
2015-06-12,63.7106
2015-06-11,63.7138
2015-06-10,63.6336
2015-06-09,63.5909
2015-06-08,63.6256
2015-06-05,63.6622
2015-06-04,63.6694
2015-06-03,63.6745
2015-06-02,63.6334
2015-06-01,63.6006
2015-05-29,63.5202
2015-05-28,63.4583
2015-05-27,63.3729
2015-05-26,63.2829
2015-05-22,63.2609
2015-05-21,63.1682
2015-05-20,63.0494
2015-05-19,62.9191
2015-05-18,62.7841
2015-05-15,62.6664
2015-05-14,62.5759
2015-05-13,62.4893
2015-05-12,62.4847
2015-05-11,62.4867
2015-05-08,62.4466
2015-05-07,62.4059
2015-05-06,62.4663
2015-05-05,62.5637
2015-05-04,62.646
2015-05-01,62.6543
2015-04-30,62.7048
2015-04-29,62.848
2015-04-28,62.9144
2015-04-27,62.9275
2015-04-24,62.9743
2015-04-23,62.9045
2015-04-22,62.8058
2015-04-21,62.7218
2015-04-20,62.6399
2015-04-17,62.5934
2015-04-16,62.5826
2015-04-15,62.513
2015-04-14,62.4325
2015-04-13,62.3606
2015-04-10,62.2919
2015-04-09,62.18
2015-04-08,62.113
2015-04-07,62.0886
2015-04-06,62.1164
2015-04-02,62.1625
2015-04-01,62.2234
2015-03-31,62.3105
2015-03-30,62.341
2015-03-27,62.2595
2015-03-26,62.2361
2015-03-25,62.2569
2015-03-24,62.2647
2015-03-23,62.1518
2015-03-20,61.9684
2015-03-19,61.7468
2015-03-18,61.5502
2015-03-17,61.3715
2015-03-16,61.2594
2015-03-13,61.1166
2015-03-12,61.1015
2015-03-11,61.0723
2015-03-10,61.1244
2015-03-09,61.1784
2015-03-06,61.1662
2015-03-05,61.1923
2015-03-04,61.0927
2015-03-03,61.0059
2015-03-02,60.9415
2015-02-27,60.811
2015-02-26,60.7252
2015-02-25,60.5989
2015-02-24,60.4772
2015-02-23,60.3401
2015-02-20,60.1804
2015-02-19,60.0335
2015-02-18,59.9386
2015-02-17,59.8444
2015-02-13,59.7475
2015-02-12,59.6862
2015-02-11,59.6436
2015-02-10,59.619
2015-02-09,59.598
2015-02-06,59.679
2015-02-05,59.6949
2015-02-04,59.655
2015-02-03,59.716
2015-02-02,59.7043
2015-01-30,59.7336
2015-01-29,59.8011
2015-01-28,59.7768
2015-01-27,59.803
2015-01-26,59.7404
2015-01-23,59.6254
2015-01-22,59.5315
2015-01-21,59.3908
2015-01-20,59.3108
2015-01-16,59.235
2015-01-15,59.1512
2015-01-14,59.1753
2015-01-13,59.1346
2015-01-12,59.0797
2015-01-09,58.9912
2015-01-08,58.896
2015-01-07,58.7343
2015-01-06,58.6625
2015-01-05,58.7267
2015-01-02,58.7771
2014-12-31,58.8013
2014-12-30,58.8505
2014-12-29,58.8429
2014-12-26,58.8077
2014-12-24,58.7902
2014-12-23,58.8149
2014-12-22,58.8871
2014-12-19,58.8232
2014-12-18,58.6925
2014-12-17,58.5631
2014-12-16,58.5884
2014-12-15,58.729
2014-12-12,58.8138
2014-12-11,58.8511
2014-12-10,58.7966
2014-12-09,58.7543
2014-12-08,58.61
2014-12-05,58.4237
2014-12-04,58.2401
2014-12-03,58.0873
2014-12-02,57.9103
2014-12-01,57.7246
2014-11-28,57.5882
2014-11-26,57.4223
2014-11-25,57.2774
2014-11-24,57.1547
2014-11-21,57.0273
2014-11-20,56.9177
2014-11-19,56.8252
2014-11-18,56.697
2014-11-17,56.5214
2014-11-14,56.4247
2014-11-13,56.3475
2014-11-12,56.2119
2014-11-11,56.0577
2014-11-10,55.8783
2014-11-07,55.7023
2014-11-06,55.5687
2014-11-05,55.361
2014-11-04,55.1682
2014-11-03,54.9488
2014-10-31,54.7072
2014-10-30,54.4474
2014-10-29,54.1843
2014-10-28,54.0018
2014-10-27,53.8028
2014-10-24,53.6258
2014-10-23,53.4364
2014-10-22,53.3076
2014-10-21,53.2619
2014-10-20,53.1827
2014-10-17,53.2419
2014-10-16,53.3736
2014-10-15,53.605
2014-10-14,53.833
2014-10-13,54.0403
2014-10-10,54.2283
2014-10-09,54.3027
2014-10-08,54.3501
2014-10-07,54.2826
2014-10-06,54.352
2014-10-03,54.3375
2014-10-02,54.2946
2014-10-01,54.3635
2014-09-30,54.428
2014-09-29,54.4393
2014-09-26,54.4206
2014-09-25,54.3873
2014-09-24,54.3685
2014-09-23,54.2519
2014-09-22,54.2232
2014-09-19,54.1576
2014-09-18,54.0537
2014-09-17,53.9452
2014-09-16,53.868
2014-09-15,53.7872
2014-09-12,53.7755
2014-09-11,53.7474
2014-09-10,53.6744
2014-09-09,53.5776
2014-09-08,53.5108
2014-09-05,53.4219
2014-09-04,53.3244
2014-09-03,53.2497
2014-09-02,53.1386
2014-08-29,53.0416
2014-08-28,52.9317
2014-08-27,52.8308
2014-08-26,52.7175
2014-08-25,52.5878
2014-08-22,52.465
2014-08-21,52.372
2014-08-20,52.2746
2014-08-19,52.175
2014-08-18,52.0639
2014-08-15,51.9778
2014-08-14,51.9253
2014-08-13,51.8727
2014-08-12,51.8788
2014-08-11,51.9505
2014-08-08,52.0254
2014-08-07,51.7854
2014-08-06,51.9035
2014-08-05,51.9645
2014-08-04,52.0292
2014-08-01,52.0481
2014-07-31,52.0922
2014-07-30,52.1455
2014-07-29,52.0902
2014-07-28,52.0513
2014-07-25,52.0129
2014-07-24,51.9757
2014-07-23,51.9142
2014-07-22,51.8345
2014-07-21,51.7911
2014-07-18,51.7903
2014-07-17,51.7672
2014-07-16,51.7416
2014-07-15,51.7419
2014-07-14,51.7243
2014-07-11,51.6577
2014-07-10,51.6019
2014-07-09,51.5518
2014-07-08,51.4928
2014-07-07,51.4509
2014-07-03,51.3528
2014-07-02,51.2024
2014-07-01,51.0586
2014-06-30,50.9415
2014-06-27,50.8807
2014-06-26,50.7921
2014-06-25,50.68
2014-06-24,50.5631
2014-06-23,50.4928
2014-06-20,50.4187
2014-06-19,50.3162
2014-06-18,50.2684
2014-06-17,50.2129
2014-06-16,50.1941
2014-06-13,50.1707
2014-06-12,50.1555
2014-06-11,50.1343
2014-06-10,50.0842
2014-06-09,50.0226
2014-06-06,49.9723
2014-06-05,49.8891
2014-06-04,49.7919
2014-06-03,49.6906
2014-06-02,49.5938
2014-05-30,49.4965
2014-05-29,49.3962
2014-05-28,49.2994
2014-05-27,49.2343
2014-05-23,49.1472
2014-05-22,49.0793
2014-05-21,49.0069
2014-05-20,48.9581
2014-05-19,48.9476
2014-05-16,48.9031
2014-05-15,48.8859
2014-05-14,48.8847
2014-05-13,48.8309
2014-05-12,48.7751
2014-05-09,48.7213
2014-05-08,48.7144
2014-05-07,48.7377
2014-05-06,48.736
2014-05-05,48.7483
2014-05-02,48.7166
2014-05-01,48.7153
2014-04-30,48.6695
2014-04-29,48.6304
2014-04-28,48.5916
2014-04-25,48.579
2014-04-24,48.5952
2014-04-23,48.5749
2014-04-22,48.5445
2014-04-21,48.4851
2014-04-17,48.4755
2014-04-16,48.5252
2014-04-15,48.5793
2014-04-14,48.6639
2014-04-11,48.8108
2014-04-10,49.0006
2014-04-09,49.1633
2014-04-08,49.1709
2014-04-07,49.2876
2014-04-04,49.3748
2014-04-03,49.4197
2014-04-02,49.3823
2014-04-01,49.3295
2014-03-31,49.2945
2014-03-28,49.2884
2014-03-27,49.3508
2014-03-26,49.4003
2014-03-25,49.4435
2014-03-24,49.493
2014-03-21,49.593
2014-03-20,49.6457
2014-03-19,49.6089
2014-03-18,49.5682
2014-03-17,49.5072
2014-03-14,49.4956
2014-03-13,49.5333
2014-03-12,49.5465
2014-03-11,49.4895
2014-03-10,49.4256
2014-03-07,49.3443
2014-03-06,49.2766
2014-03-05,49.1886
2014-03-04,49.0585
2014-03-03,48.9014
2014-02-28,48.8269
2014-02-27,48.7056
2014-02-26,48.5716
2014-02-25,48.4535
2014-02-24,48.3231
2014-02-21,48.1656
2014-02-20,48.0305
2014-02-19,47.8714
2014-02-18,47.7425
2014-02-14,47.5681
2014-02-13,47.4232
2014-02-12,47.2816
2014-02-11,47.1615
2014-02-10,47.0286
2014-02-07,46.9499
2014-02-06,46.9046
2014-02-05,46.9386
2014-02-04,47.0035
2014-02-03,47.0479
2014-01-31,47.1447
2014-01-30,47.1544
2014-01-29,47.1217
2014-01-28,47.175
2014-01-27,47.1888
2014-01-24,47.2694
2014-01-23,47.3188
2014-01-22,47.2547
2014-01-21,47.1485
2014-01-17,47.0356
2014-01-16,46.9399
2014-01-15,46.8289
2014-01-14,46.7186
2014-01-13,46.5923
2014-01-10,46.5155
2014-01-09,46.3899
2014-01-08,46.2705
2014-01-07,46.1758
2014-01-06,46.1144
2014-01-03,46.098
2014-01-02,46.0594
2013-12-31,46.0283
2013-12-30,45.9665
2013-12-27,45.8955
2013-12-26,45.825
2013-12-24,45.7427
2013-12-23,45.6879
2013-12-20,45.6186
2013-12-19,45.5606
2013-12-18,45.5207
2013-12-17,45.466
2013-12-16,45.5228
2013-12-13,45.5626
2013-12-12,45.6155
2013-12-11,45.6775
2013-12-10,45.7115
2013-12-09,45.6655
2013-12-06,45.5952
2013-12-05,45.5272
2013-12-04,45.5146
2013-12-03,45.4919
2013-12-02,45.4501
2013-11-29,45.3615
2013-11-27,45.2654
2013-11-26,45.1565
2013-11-25,45.0344
2013-11-22,44.8854
2013-11-21,44.74
2013-11-20,44.6436
2013-11-19,44.5565
2013-11-18,44.4744
2013-11-15,44.3889
2013-11-14,44.2733
2013-11-13,44.1733
2013-11-12,44.1019
2013-11-11,44.0495
2013-11-08,43.9889
2013-11-07,43.9334
2013-11-06,43.94
2013-11-05,43.9058
2013-11-04,43.8574
2013-11-01,43.788
2013-10-31,43.7154
2013-10-30,43.6654
2013-10-29,43.5918
2013-10-28,43.4848
2013-10-25,43.3974
2013-10-24,43.3166
2013-10-23,43.2335
2013-10-22,43.1416
2013-10-21,43.0313
2013-10-18,42.9526
2013-10-17,42.8418
2013-10-16,42.7008
2013-10-15,42.5838
2013-10-14,42.547
2013-10-11,42.4772
2013-10-10,42.4327
2013-10-09,42.4047
2013-10-08,42.4759
2013-10-07,42.5468
2013-10-04,42.5607
2013-10-03,42.5259
2013-10-02,42.5372
2013-10-01,42.5096
2013-09-30,42.4685
2013-09-27,42.4795
2013-09-26,42.482
2013-09-25,42.4847
2013-09-24,42.5032
2013-09-23,42.4887
2013-09-20,42.4499
2013-09-19,42.3752
2013-09-18,42.2841
2013-09-17,42.1685
2013-09-16,42.0688
2013-09-13,41.9613
2013-09-12,41.8828
2013-09-11,41.807
2013-09-10,41.7158
2013-09-09,41.6449
2013-09-06,41.5946
2013-09-05,41.5662
2013-09-04,41.5365
2013-09-03,41.5099
2013-08-30,41.5305
2013-08-29,41.5814
2013-08-28,41.6209
2013-08-27,41.6778
2013-08-26,41.7591
2013-08-23,41.7779
2013-08-22,41.8048
2013-08-21,41.8459
2013-08-20,41.9194
2013-08-19,41.9744
2013-08-16,42.0474
2013-08-15,42.136
2013-08-14,42.2138
2013-08-13,42.2251
2013-08-12,42.2024
2013-08-09,42.1941
2013-08-08,42.1665
2013-08-07,42.1202
2013-08-06,42.069
2013-08-05,42.0159
2013-08-02,41.9361
2013-08-01,41.8418
2013-07-31,41.7394
2013-07-30,41.6542
2013-07-29,41.5619
2013-07-26,41.4607
2013-07-25,41.3357
2013-07-24,41.2265
2013-07-23,41.1277
2013-07-22,41.0115
2013-07-19,40.8673
2013-07-18,40.7299
2013-07-17,40.6359
2013-07-16,40.5443
2013-07-15,40.4545
2013-07-12,40.3298
2013-07-11,40.1963
2013-07-10,40.0752
2013-07-09,39.9965
2013-07-08,39.9382
2013-07-05,39.8855
2013-07-03,39.851
2013-07-02,39.87
2013-07-01,39.8848
2013-06-28,39.8923
2013-06-27,39.9121
2013-06-26,39.9015
2013-06-25,39.9046
2013-06-24,39.9678
2013-06-21,40.0587
2013-06-20,40.1246
2013-06-19,40.2373
2013-06-18,40.2535
2013-06-17,40.2032
2013-06-14,40.1835
2013-06-13,40.1713
2013-06-12,40.1508
2013-06-11,40.1929
2013-06-10,40.1965
2013-06-07,40.1831
2013-06-06,40.1744
2013-06-05,40.2032
2013-06-04,40.2953
2013-06-03,40.336
2013-05-31,40.3547
2013-05-30,40.3981
2013-05-29,40.3517
2013-05-28,40.331
2013-05-24,40.24
2013-05-23,40.1831
2013-05-22,40.1071
2013-05-21,40.0213
2013-05-20,39.9265
2013-05-17,39.868
2013-05-16,39.7737
2013-05-15,39.6939
2013-05-14,39.5611
2013-05-13,39.4371
2013-05-10,39.3429
2013-05-09,39.2736
2013-05-08,39.2382
2013-05-07,39.2043
2013-05-06,39.1791
2013-05-03,39.1643
2013-05-02,39.1208
2013-05-01,39.1008
2013-04-30,39.1241
2013-04-29,39.1061
2013-04-26,39.0548
2013-04-25,39.0117
2013-04-24,38.9626
2013-04-23,38.9251
2013-04-22,38.811
2013-04-19,38.7112
2013-04-18,38.6261
2013-04-17,38.5899
2013-04-16,38.4991
2013-04-15,38.3795
2013-04-12,38.3067
2013-04-11,38.1503
2013-04-10,37.9853
2013-04-09,37.8427
2013-04-08,37.7536
2013-04-05,37.6683
2013-04-04,37.5775
2013-04-03,37.4544
2013-04-02,37.3367
2013-04-01,37.1822
2013-03-28,37.07
2013-03-27,36.9512
2013-03-26,36.8601
2013-03-25,36.7795
2013-03-22,36.7358
2013-03-21,36.6762
2013-03-20,36.6401
2013-03-19,36.5782
2013-03-18,36.5422
2013-03-15,36.5051
2013-03-14,36.4386
2013-03-13,36.3569
2013-03-12,36.27
2013-03-11,36.1748
2013-03-08,36.0871
2013-03-07,36.0101
2013-03-06,35.9319
2013-03-05,35.843
2013-03-04,35.7525
2013-03-01,35.6855
2013-02-28,35.6324
2013-02-27,35.6023
2013-02-26,35.5657
2013-02-25,35.5661
2013-02-22,35.5761
2013-02-21,35.5453
2013-02-20,35.5279
2013-02-19,35.4917
2013-02-15,35.4269
2013-02-14,35.3787
2013-02-13,35.3344
2013-02-12,35.293
2013-02-11,35.2447
2013-02-08,35.1869
2013-02-07,35.1152
2013-02-06,35.0638
2013-02-05,34.9931
2013-02-04,34.9141
2013-02-01,34.8676
2013-01-31,34.7745
2013-01-30,34.7012
2013-01-29,34.6097
2013-01-28,34.4973
2013-01-25,34.413
2013-01-24,34.3069
2013-01-23,34.2182
2013-01-22,34.1438
2013-01-18,34.0572
2013-01-17,33.9718
2013-01-16,33.8897
2013-01-15,33.8312
2013-01-14,33.7586
2013-01-11,33.6741
2013-01-10,33.5841
2013-01-09,33.4838
2013-01-08,33.3982
2013-01-07,33.3427
2013-01-04,33.2822
2013-01-03,33.2267
2013-01-02,33.181
2012-12-31,33.1353
2012-12-28,33.153
2012-12-27,33.2092
2012-12-26,33.2374
2012-12-24,33.2633
2012-12-21,33.2798
2012-12-20,33.2841
2012-12-19,33.2593
2012-12-18,33.237
2012-12-17,33.1744
2012-12-14,33.1329
2012-12-13,33.1147
2012-12-12,33.0807
2012-12-11,33.0129
2012-12-10,32.9327
2012-12-07,32.8813
2012-12-06,32.8392
2012-12-05,32.8039
2012-12-04,32.7632
2012-12-03,32.7299
2012-11-30,32.7004
2012-11-29,32.6601
2012-11-28,32.6198
2012-11-27,32.5995
2012-11-26,32.6039
2012-11-23,32.5878
2012-11-21,32.5546
2012-11-20,32.5603
2012-11-19,32.5641
2012-11-16,32.5872
2012-11-15,32.6483
2012-11-14,32.741
2012-11-13,32.8338
2012-11-12,32.8958
2012-11-09,32.9513
2012-11-08,33.0299
2012-11-07,33.1264
2012-11-06,33.1923
2012-11-05,33.2071
2012-11-02,33.227
2012-11-01,33.2508
2012-10-31,33.2579
2012-10-26,33.2945
2012-10-25,33.3098
2012-10-24,33.3128
2012-10-23,33.3438
2012-10-22,33.3842
2012-10-19,33.382
2012-10-18,33.3822
2012-10-17,33.3185
2012-10-16,33.2488
2012-10-15,33.1718
2012-10-12,33.1248
2012-10-11,33.1231
2012-10-10,33.116
2012-10-09,33.1107
2012-10-08,33.0789
2012-10-05,33.0005
2012-10-04,32.9112
2012-10-03,32.816
2012-10-02,32.7325
2012-10-01,32.6695
2012-09-28,32.6155
2012-09-27,32.5766
2012-09-26,32.5184
2012-09-25,32.4741
2012-09-24,32.4073
2012-09-21,32.3309
2012-09-20,32.2559
2012-09-19,32.1859
2012-09-18,32.1231
2012-09-17,32.0572
2012-09-14,31.9955
2012-09-13,31.9471
2012-09-12,31.8799
2012-09-11,31.8401
2012-09-10,31.7977
2012-09-07,31.7527
2012-09-06,31.6908
2012-09-05,31.6207
2012-09-04,31.5966
2012-08-31,31.5708
2012-08-30,31.5492
2012-08-29,31.5357
2012-08-28,31.5096
2012-08-27,31.4919
2012-08-24,31.4671
2012-08-23,31.4432
2012-08-22,31.4453
2012-08-21,31.4432
2012-08-20,31.4435
2012-08-17,31.4326
2012-08-16,31.4274
2012-08-15,31.4045
2012-08-14,31.3706
2012-08-13,31.3409
2012-08-10,31.3166
2012-08-09,31.2812
2012-08-08,31.2558
2012-08-07,31.226
2012-08-06,31.2052
2012-08-03,31.1744
2012-08-02,31.1412
2012-08-01,31.1433
2012-07-31,31.1137
2012-07-30,31.0827
2012-07-27,31.0279
2012-07-26,30.95
2012-07-25,30.9423
2012-07-24,30.9648
2012-07-23,31.0051
2012-07-20,31.0135
2012-07-19,30.9841
2012-07-18,30.9085
2012-07-17,30.8249
2012-07-16,30.7377
2012-07-13,30.6836
2012-07-12,30.6297
2012-07-11,30.6064
2012-07-10,30.5884
2012-07-09,30.5658
2012-07-06,30.5254
2012-07-05,30.498
2012-07-03,30.4462
2012-07-02,30.3682
2012-06-29,30.2816
2012-06-28,30.1962
2012-06-27,30.1626
2012-06-26,30.1107
2012-06-25,30.0879
2012-06-22,30.0721
2012-06-21,30.0155
2012-06-20,29.986
2012-06-19,29.9087
2012-06-18,29.8146
2012-06-15,29.74
2012-06-14,29.6789
2012-06-13,29.6234
2012-06-12,29.6091
2012-06-11,29.5898
2012-06-08,29.5977
2012-06-07,29.579
2012-06-06,29.5771
2012-06-05,29.5768
2012-06-04,29.6244
2012-06-01,29.6942
2012-05-31,29.7781
2012-05-30,29.8161
2012-05-29,29.8426
2012-05-25,29.854
2012-05-24,29.8768
2012-05-23,29.8943
2012-05-22,29.9437
2012-05-21,29.9845
2012-05-18,30.021
2012-05-17,30.0914
2012-05-16,30.1418
2012-05-15,30.1684
2012-05-14,30.2029
2012-05-11,30.2222
2012-05-10,30.2332
2012-05-09,30.242
2012-05-08,30.274
2012-05-07,30.2879
2012-05-04,30.3041
2012-05-03,30.3289
2012-05-02,30.3144
2012-05-01,30.2863
2012-04-30,30.2493
2012-04-27,30.2203
2012-04-26,30.1866
2012-04-25,30.1511
2012-04-24,30.111
2012-04-23,30.1
2012-04-20,30.0991
2012-04-19,30.0731
2012-04-18,30.0616
2012-04-17,30.0558
2012-04-16,30.039
2012-04-13,30.0668
2012-04-12,30.0983
2012-04-11,30.1014
2012-04-10,30.122
2012-04-09,30.1559
2012-04-05,30.1574
2012-04-04,30.1188
2012-04-03,30.0757
2012-04-02,30.0105
2012-03-30,29.9368
2012-03-29,29.8664
2012-03-28,29.8126
2012-03-27,29.7599
2012-03-26,29.6949
2012-03-23,29.629
2012-03-22,29.611
2012-03-21,29.6006
2012-03-20,29.5783
2012-03-19,29.5524
2012-03-16,29.5075
2012-03-15,29.457
2012-03-14,29.4009
2012-03-13,29.344
2012-03-12,29.2803
2012-03-09,29.2542
2012-03-08,29.2253
2012-03-07,29.2062
2012-03-06,29.2191
2012-03-05,29.2471
2012-03-02,29.2379
2012-03-01,29.221
2012-02-29,29.1971
2012-02-28,29.187
2012-02-27,29.157
2012-02-24,29.1358
2012-02-23,29.1183
2012-02-22,29.1143
2012-02-21,29.1125
2012-02-17,29.1105
2012-02-16,29.0861
2012-02-15,29.0489
2012-02-14,29.0249
2012-02-13,28.9923
2012-02-10,28.9691
2012-02-09,28.9665
2012-02-08,28.9508
2012-02-07,28.9173
2012-02-06,28.8802
2012-02-03,28.8503
2012-02-02,28.8003
2012-02-01,28.7628
2012-01-31,28.7095
2012-01-30,28.6804
2012-01-27,28.6508
2012-01-26,28.6138
2012-01-25,28.5746
2012-01-24,28.5177
2012-01-23,28.4769
2012-01-20,28.4327
2012-01-19,28.3702
2012-01-18,28.3012
2012-01-17,28.2248
2012-01-13,28.1575
2012-01-12,28.1018
2012-01-11,28.0266
2012-01-10,27.9529
2012-01-09,27.874
2012-01-06,27.809
2012-01-05,27.7422
2012-01-04,27.6735
2012-01-03,27.606
2011-12-30,27.517
2011-12-29,27.457
2011-12-28,27.3856
2011-12-27,27.3279
2011-12-23,27.2318
2011-12-22,27.1324
2011-12-21,27.0416
2011-12-20,26.9623
2011-12-19,26.8933
2011-12-16,26.8767
2011-12-15,26.8584
2011-12-14,26.8286
2011-12-13,26.8271
2011-12-12,26.8238
2011-12-09,26.815
2011-12-08,26.7714
2011-12-07,26.7647
2011-12-06,26.704
2011-12-05,26.658
2011-12-02,26.619
2011-12-01,26.5811
2011-11-30,26.5035
2011-11-29,26.422
2011-11-28,26.432
2011-11-25,26.4549
2011-11-23,26.5522
2011-11-22,26.6495
2011-11-21,26.7173
2011-11-18,26.799
2011-11-17,26.8359
2011-11-16,26.8708
2011-11-15,26.8797
2011-11-14,26.8344
2011-11-11,26.7912
2011-11-10,26.7238
2011-11-09,26.6995
2011-11-08,26.7123
2011-11-07,26.6435
2011-11-04,26.6022
2011-11-03,26.5896
2011-11-02,26.5493
2011-11-01,26.5354
2011-10-31,26.5386
2011-10-28,26.488
2011-10-27,26.3769
2011-10-26,26.2566
2011-10-25,26.1924
2011-10-24,26.1587
2011-10-21,26.0638
2011-10-20,26.0013
2011-10-19,25.9872
2011-10-18,25.9692
2011-10-17,25.9442
2011-10-14,25.9369
2011-10-13,25.8805
2011-10-12,25.8445
2011-10-11,25.8021
2011-10-10,25.757
2011-10-07,25.7029
2011-10-06,25.7049
2011-10-05,25.7046
2011-10-04,25.7365
2011-10-03,25.8141
2011-09-30,25.9279
2011-09-29,25.968
2011-09-28,25.9776
2011-09-27,26.0061
2011-09-26,25.99
2011-09-23,26.0138
2011-09-22,26.0842
2011-09-21,26.1628
2011-09-20,26.1946
2011-09-19,26.1543
2011-09-16,26.1353
2011-09-15,26.0879
2011-09-14,26.0505
2011-09-13,26.0345
2011-09-12,26.0428
2011-09-09,26.0799
2011-09-08,26.1302
2011-09-07,26.1032
2011-09-06,26.0429
2011-09-02,26.0421
2011-09-01,26.0479
2011-08-31,25.9928
2011-08-30,25.9134
2011-08-29,25.845
2011-08-26,25.7787
2011-08-25,25.7745
2011-08-24,25.8035
2011-08-23,25.7893
2011-08-22,25.8048
2011-08-19,25.907
2011-08-18,26.0183
2011-08-17,26.1346
2011-08-16,26.1738
2011-08-15,26.2196
2011-08-12,26.2677
2011-08-11,26.3656
2011-08-10,26.4999
2011-08-09,26.7638
2011-08-08,26.9442
2011-08-05,27.2363
2011-08-04,27.4218
2011-08-03,27.6471
2011-08-02,27.7856
2011-08-01,27.9438
2011-07-29,28.0579
2011-07-28,28.1351
2011-07-27,28.2053
2011-07-26,28.2804
2011-07-25,28.3123
2011-07-22,28.3236
2011-07-21,28.3049
2011-07-20,28.2792
2011-07-19,28.2954
2011-07-18,28.3033
2011-07-15,28.338
2011-07-14,28.3546
2011-07-13,28.3577
2011-07-12,28.356
2011-07-11,28.366
2011-07-08,28.3771
2011-07-07,28.348
2011-07-06,28.3024
2011-07-05,28.2502
2011-07-01,28.201
2011-06-30,28.1382
2011-06-29,28.1051
2011-06-28,28.0777
2011-06-27,28.0533
2011-06-24,28.0677
2011-06-23,28.0988
2011-06-22,28.0986
2011-06-21,28.095
2011-06-20,28.0733
2011-06-17,28.0678
2011-06-16,28.0913
2011-06-15,28.124
2011-06-14,28.1651
2011-06-13,28.1703
2011-06-10,28.2012
2011-06-09,28.2501
2011-06-08,28.2491
2011-06-07,28.2791
2011-06-06,28.3155
2011-06-03,28.3618
2011-06-02,28.3952
2011-06-01,28.4037
2011-05-31,28.4063
2011-05-27,28.3673
2011-05-26,28.3593
2011-05-25,28.3523
2011-05-24,28.3487
2011-05-23,28.3489
2011-05-20,28.3407
2011-05-19,28.3006
2011-05-18,28.2312
2011-05-17,28.1477
2011-05-16,28.0789
2011-05-13,28.0029
2011-05-12,27.924
2011-05-11,27.8274
2011-05-10,27.7484
2011-05-09,27.6561
2011-05-06,27.5725
2011-05-05,27.4969
2011-05-04,27.4342
2011-05-03,27.3458
2011-05-02,27.2455
2011-04-29,27.127
2011-04-28,27.0263
2011-04-27,26.9133
2011-04-26,26.8036
2011-04-25,26.7149
2011-04-21,26.6505
2011-04-20,26.5827
2011-04-19,26.5161
2011-04-18,26.4702
2011-04-15,26.443
2011-04-14,26.381
2011-04-13,26.3377
2011-04-12,26.3049
2011-04-11,26.2661
2011-04-08,26.2199
2011-04-07,26.1848
2011-04-06,26.1442
2011-04-05,26.0944
2011-04-04,26.0453
2011-04-01,25.9783
2011-03-31,25.9211
2011-03-30,25.8721
2011-03-29,25.8197
2011-03-28,25.7819
2011-03-25,25.756
2011-03-24,25.7265
2011-03-23,25.7015
2011-03-22,25.7058
2011-03-21,25.7088
2011-03-18,25.7107
2011-03-17,25.7352
2011-03-16,25.7744
2011-03-15,25.8486
2011-03-14,25.8839
2011-03-11,25.8912
2011-03-10,25.8859
2011-03-09,25.889
2011-03-08,25.8492
2011-03-07,25.8093
2011-03-04,25.7804
2011-03-03,25.727
2011-03-02,25.6643
2011-03-01,25.651
2011-02-28,25.6444
2011-02-25,25.6157
2011-02-24,25.6139
2011-02-23,25.6287
2011-02-22,25.6542
2011-02-18,25.6564
2011-02-17,25.6172
2011-02-16,25.5805
2011-02-15,25.5517
2011-02-14,25.534
2011-02-11,25.5086
2011-02-10,25.4898
2011-02-09,25.4747
2011-02-08,25.459
2011-02-07,25.4355
2011-02-04,25.4173
2011-02-03,25.393
2011-02-02,25.3784
2011-02-01,25.3659
2011-01-31,25.3428
2011-01-28,25.3649
2011-01-27,25.3952
2011-01-26,25.3803
2011-01-25,25.3704
2011-01-24,25.3562
2011-01-21,25.3405
2011-01-20,25.32
2011-01-19,25.2997
2011-01-18,25.2838
2011-01-14,25.248
2011-01-13,25.2184
2011-01-12,25.189
2011-01-11,25.1423
2011-01-10,25.1049
2011-01-07,25.0769
2011-01-06,25.0385
2011-01-05,24.9944
2011-01-04,24.9564
2011-01-03,24.9203
2010-12-31,24.889
2010-12-30,24.8784
2010-12-29,24.8658
2010-12-28,24.8428
2010-12-27,24.8181
2010-12-23,24.7925
2010-12-22,24.7592
2010-12-21,24.7209
2010-12-20,24.6859
2010-12-17,24.6406
2010-12-16,24.5896
2010-12-15,24.5378
2010-12-14,24.4988
2010-12-13,24.4479
2010-12-10,24.4177
2010-12-09,24.3885
2010-12-08,24.3811
2010-12-07,24.3772
2010-12-06,24.3753
2010-12-03,24.3748
2010-12-02,24.3577
2010-12-01,24.3388
2010-11-30,24.3379
2010-11-29,24.385
2010-11-26,24.4139
2010-11-24,24.4432
2010-11-23,24.4537
2010-11-22,24.4889
2010-11-19,24.4905
2010-11-18,24.4933
2010-11-17,24.4986
2010-11-16,24.5402
2010-11-15,24.5904
2010-11-12,24.6084
2010-11-11,24.6292
2010-11-10,24.6198
2010-11-09,24.6169
2010-11-08,24.6128
2010-11-05,24.5975
2010-11-04,24.5739
2010-11-03,24.532
2010-11-02,24.4982
2010-11-01,24.4625
2010-10-29,24.448
2010-10-28,24.432
2010-10-27,24.4034
2010-10-26,24.3869
2010-10-25,24.3528
2010-10-22,24.3076
2010-10-21,24.2718
2010-10-20,24.233
2010-10-19,24.1969
2010-10-18,24.181
2010-10-15,24.1144
2010-10-14,24.0649
2010-10-13,24.021
2010-10-12,23.9675
2010-10-11,23.9266
2010-10-08,23.8872
2010-10-07,23.8454
2010-10-06,23.8058
2010-10-05,23.767
2010-10-04,23.7142
2010-10-01,23.7023
2010-09-30,23.6643
2010-09-29,23.6222
2010-09-28,23.5691
2010-09-27,23.5012
2010-09-24,23.447
2010-09-23,23.368
2010-09-22,23.3147
2010-09-21,23.2425
2010-09-20,23.1666
2010-09-17,23.0847
2010-09-16,23.0273
2010-09-15,22.9634
2010-09-14,22.8829
2010-09-13,22.817
2010-09-10,22.7524
2010-09-09,22.6869
2010-09-08,22.6392
2010-09-07,22.6122
2010-09-03,22.5955
2010-09-02,22.563
2010-09-01,22.5494
2010-08-31,22.5467
2010-08-30,22.5976
2010-08-27,22.6446
2010-08-26,22.6669
2010-08-25,22.7155
2010-08-24,22.7543
2010-08-23,22.8204
2010-08-20,22.8422
2010-08-19,22.877
2010-08-18,22.9072
2010-08-17,22.8959
2010-08-16,22.8802
2010-08-13,22.8958
2010-08-12,22.9007
2010-08-11,22.8971
2010-08-10,22.9029
2010-08-09,22.8458
2010-08-06,22.7884
2010-08-05,22.7316
2010-08-04,22.6737
2010-08-03,22.6106
2010-08-02,22.5649
2010-07-30,22.5341
2010-07-29,22.5447
2010-07-28,22.5656
2010-07-27,22.587
2010-07-26,22.5784
2010-07-23,22.5714
2010-07-22,22.5975
2010-07-21,22.6256
2010-07-20,22.6715
2010-07-19,22.6833
2010-07-16,22.6899
2010-07-15,22.7078
2010-07-14,22.6772
2010-07-13,22.6509
2010-07-12,22.6217
2010-07-09,22.6077
2010-07-08,22.588
2010-07-07,22.5721
2010-07-06,22.5744
2010-07-02,22.6223
2010-07-01,22.6869
2010-06-30,22.764
2010-06-29,22.8294
2010-06-28,22.8827
2010-06-25,22.8978
2010-06-24,22.9104
2010-06-23,22.935
2010-06-22,22.9449
2010-06-21,22.9459
2010-06-18,22.923
2010-06-17,22.8936
2010-06-16,22.848
2010-06-15,22.8009
2010-06-14,22.7579
2010-06-11,22.7515
2010-06-10,22.7486
2010-06-09,22.765
2010-06-08,22.8276
2010-06-07,22.8861
2010-06-04,22.9565
2010-06-03,23.0311
2010-06-02,23.0427
2010-06-01,23.0696
2010-05-28,23.1502
2010-05-27,23.2131
2010-05-26,23.2711
2010-05-25,23.3828
2010-05-24,23.4915
2010-05-21,23.6018
2010-05-20,23.718
2010-05-19,23.8521
2010-05-18,23.9238
2010-05-17,23.9974
2010-05-14,24.059
2010-05-13,24.127
2010-05-12,24.1685
2010-05-11,24.1873
2010-05-10,24.2286
2010-05-07,24.2692
2010-05-06,24.38
2010-05-05,24.4695
2010-05-04,24.5002
2010-05-03,24.5423
2010-04-30,24.5741
2010-04-29,24.6215
2010-04-28,24.6411
2010-04-27,24.6972
2010-04-26,24.7757
2010-04-23,24.8328
2010-04-22,24.8689
2010-04-21,24.9342
2010-04-20,24.9768
2010-04-19,24.9778
2010-04-16,24.9847
2010-04-15,25.0137
2010-04-14,25.0301
2010-04-13,25.0409
2010-04-12,25.0437
2010-04-09,25.0493
2010-04-08,25.0481
2010-04-07,25.0583
2010-04-06,25.0597
2010-04-05,25.0497
2010-04-01,25.037
2010-03-31,25.0156
2010-03-30,25.0067
2010-03-29,24.9879
2010-03-26,24.967
2010-03-25,24.972
2010-03-24,24.9577
2010-03-23,24.9312
2010-03-22,24.8732
2010-03-19,24.8222
2010-03-18,24.7831
2010-03-17,24.7389
2010-03-16,24.7081
2010-03-15,24.6748
2010-03-12,24.6455
2010-03-11,24.6302
2010-03-10,24.5937
2010-03-09,24.5738
2010-03-08,24.5535
2010-03-05,24.5294
2010-03-04,24.4872
2010-03-03,24.4766
2010-03-02,24.4567
2010-03-01,24.4241
2010-02-26,24.397
2010-02-25,24.3917
2010-02-24,24.3866
2010-02-23,24.3826
2010-02-22,24.3971
2010-02-19,24.3885
2010-02-18,24.3716
2010-02-17,24.3529
2010-02-16,24.3446
2010-02-12,24.355
2010-02-11,24.3887
2010-02-10,24.4202
2010-02-09,24.4723
2010-02-08,24.5142
2010-02-05,24.5802
2010-02-04,24.6408
2010-02-03,24.7038
2010-02-02,24.7078
2010-02-01,24.677
2010-01-29,24.6962
2010-01-28,24.7322
2010-01-27,24.754
2010-01-26,24.7616
2010-01-25,24.7881
2010-01-22,24.8027
2010-01-21,24.8187
2010-01-20,24.8078
2010-01-19,24.7375
2010-01-15,24.6369
2010-01-14,24.5896
2010-01-13,24.5193
2010-01-12,24.4654
2010-01-11,24.4402
2010-01-08,24.3935
2010-01-07,24.3567
2010-01-06,24.32
2010-01-05,24.2886
2010-01-04,24.28
2009-12-31,24.2452
2009-12-30,24.2509
2009-12-29,24.2228
2009-12-28,24.1844
2009-12-24,24.1386
2009-12-23,24.1012
2009-12-22,24.0598
2009-12-21,24.0058
2009-12-18,23.9577
2009-12-17,23.9282
2009-12-16,23.9097
2009-12-15,23.8655
2009-12-14,23.8036
2009-12-11,23.7361
2009-12-10,23.685
2009-12-09,23.6286
2009-12-08,23.5924
2009-12-07,23.5735
2009-12-04,23.5331
2009-12-03,23.4851
2009-12-02,23.4305
2009-12-01,23.3579
2009-11-30,23.2719
2009-11-27,23.221
2009-11-25,23.1556
2009-11-24,23.0582
2009-11-23,22.9659
2009-11-20,22.8836
2009-11-19,22.8153
2009-11-18,22.7571
2009-11-17,22.6804
2009-11-16,22.6095
2009-11-13,22.5377
2009-11-12,22.4828
2009-11-11,22.427
2009-11-10,22.3515
2009-11-09,22.2713
2009-11-06,22.1989
2009-11-05,22.1588
2009-11-04,22.1252
2009-11-03,22.1263
2009-11-02,22.1568
2009-10-30,22.1914
2009-10-29,22.2394
2009-10-28,22.2591
2009-10-27,22.3012
2009-10-26,22.3241
2009-10-23,22.3592
2009-10-22,22.3727
2009-10-21,22.3631
2009-10-20,22.3677
2009-10-19,22.3413
2009-10-16,22.2894
2009-10-15,22.2524
2009-10-14,22.2098
2009-10-13,22.1693
2009-10-12,22.1603
2009-10-09,22.1276
2009-10-08,22.1029
2009-10-07,22.0976
2009-10-06,22.0942
2009-10-05,22.092
2009-10-02,22.1084
2009-10-01,22.1411
2009-09-30,22.1683
2009-09-29,22.165
2009-09-28,22.1442
2009-09-25,22.1245
2009-09-24,22.128
2009-09-23,22.1334
2009-09-22,22.137
2009-09-21,22.1076
2009-09-18,22.0677
2009-09-17,22.0465
2009-09-16,22.013
2009-09-15,21.9744
2009-09-14,21.9529
2009-09-11,21.908
2009-09-10,21.8672
2009-09-09,21.823
2009-09-08,21.792
2009-09-04,21.7845
2009-09-03,21.7657
2009-09-02,21.7774
2009-09-01,21.7797
2009-08-31,21.7871
2009-08-28,21.758
2009-08-27,21.7218
2009-08-26,21.6647
2009-08-25,21.6008
2009-08-24,21.531
2009-08-21,21.4538
2009-08-20,21.3848
2009-08-19,21.332
2009-08-18,21.2899
2009-08-17,21.275
2009-08-14,21.2569
2009-08-13,21.2279
2009-08-12,21.196
2009-08-11,21.1582
2009-08-10,21.1286
2009-08-07,21.0927
2009-08-06,21.0708
2009-08-05,21.0564
2009-08-04,21.0242
2009-08-03,20.9561
2009-07-31,20.8866
2009-07-30,20.8236
2009-07-29,20.7361
2009-07-28,20.6426
2009-07-27,20.5377
2009-07-24,20.4371
2009-07-23,20.3243
2009-07-22,20.2386
2009-07-21,20.1877
2009-07-20,20.1233
2009-07-17,20.0838
2009-07-16,20.045
2009-07-15,19.9956
2009-07-14,19.9548
2009-07-13,19.9284
2009-07-10,19.909
2009-07-09,19.924
2009-07-08,19.9308
2009-07-07,19.9117
2009-07-06,19.9099
2009-07-02,19.8999
2009-07-01,19.905
2009-06-30,19.8596
2009-06-29,19.815
2009-06-26,19.7479
2009-06-25,19.6867
2009-06-24,19.6191
2009-06-23,19.602
2009-06-22,19.5937
2009-06-19,19.5779
2009-06-18,19.5224
2009-06-17,19.4779
2009-06-16,19.4684
2009-06-15,19.5038
2009-06-12,19.5511
2009-06-11,19.5395
2009-06-10,19.534
2009-06-09,19.5497
2009-06-08,19.5582
2009-06-05,19.5571
2009-06-04,19.5332
2009-06-03,19.5109
2009-06-02,19.4572
2009-06-01,19.393
2009-05-29,19.3349
2009-05-28,19.2844
2009-05-27,19.2642
2009-05-26,19.2523
2009-05-22,19.2182
2009-05-21,19.199
2009-05-20,19.1803
2009-05-19,19.141
2009-05-18,19.1056
2009-05-15,19.0512
2009-05-14,19.0113
2009-05-13,18.951
2009-05-12,18.8867
2009-05-11,18.8109
2009-05-08,18.7602
2009-05-07,18.6686
2009-05-06,18.6013
2009-05-05,18.5673
2009-05-04,18.5175
2009-05-01,18.4852
2009-04-30,18.4818
2009-04-29,18.4747
2009-04-28,18.4654
2009-04-27,18.4622
2009-04-24,18.4661
2009-04-23,18.4913
2009-04-22,18.5168
2009-04-21,18.5465
2009-04-20,18.5584
2009-04-17,18.553
2009-04-16,18.5082
2009-04-15,18.4814
2009-04-14,18.4606
2009-04-13,18.4489
2009-04-09,18.4271
2009-04-08,18.4184
2009-04-07,18.4176
2009-04-06,18.4296
2009-04-03,18.4211
2009-04-02,18.4303
2009-04-01,18.4082
2009-03-31,18.3918
2009-03-30,18.3729
2009-03-27,18.3592
2009-03-26,18.3328
2009-03-25,18.2827
2009-03-24,18.249
2009-03-23,18.2248
2009-03-20,18.1721
2009-03-19,18.1833
2009-03-18,18.1963
2009-03-17,18.1632
2009-03-16,18.1299
2009-03-13,18.1227
2009-03-12,18.094
2009-03-11,18.1248
2009-03-10,18.2463
2009-03-09,18.3477
2009-03-06,18.5232
2009-03-05,18.6842
2009-03-04,18.8879
2009-03-03,19.0648
2009-03-02,19.311
2009-02-27,19.579
2009-02-26,19.7959
2009-02-25,19.9585
2009-02-24,20.0371
2009-02-23,20.0822
2009-02-20,20.1618
2009-02-19,20.2089
2009-02-18,20.2392
2009-02-17,20.2687
2009-02-13,20.3005
2009-02-12,20.2988
2009-02-11,20.2639
2009-02-10,20.2503
2009-02-09,20.2617
2009-02-06,20.2013
2009-02-05,20.1281
2009-02-04,20.0649
2009-02-03,20.0134
2009-02-02,19.947
2009-01-30,19.9281
2009-01-29,19.9208
2009-01-28,19.8903
2009-01-27,19.8261
2009-01-26,19.7881
2009-01-23,19.7894
2009-01-22,19.7796
2009-01-21,19.7687
2009-01-20,19.7656
2009-01-16,19.8054
2009-01-15,19.7989
2009-01-14,19.8093
2009-01-13,19.8353
2009-01-12,19.8343
2009-01-09,19.8509
2009-01-08,19.842
2009-01-07,19.8096
2009-01-06,19.7859
2009-01-05,19.7404
2009-01-02,19.6548
2008-12-31,19.5497
2008-12-30,19.477
2008-12-29,19.4158
2008-12-26,19.3884
2008-12-24,19.3548
2008-12-23,19.3193
2008-12-22,19.2728
2008-12-19,19.2223
2008-12-18,19.152
2008-12-17,19.0868
2008-12-16,19.03
2008-12-15,18.9545
2008-12-12,18.9499
2008-12-11,18.9409
2008-12-10,18.9349
2008-12-09,18.9403
2008-12-08,18.9406
2008-12-05,18.9091
2008-12-04,18.8902
2008-12-03,18.9355
2008-12-02,18.9481
2008-12-01,19.0083
2008-11-28,19.1235
2008-11-26,19.1487
2008-11-25,19.2021
2008-11-24,19.2914
2008-11-21,19.4029
2008-11-20,19.5636
2008-11-19,19.7437
2008-11-18,19.8876
2008-11-17,19.9653
2008-11-14,20.0648
2008-11-13,20.1396
2008-11-12,20.1418
2008-11-11,20.2518
2008-11-10,20.328
2008-11-07,20.3747
2008-11-06,20.4112
2008-11-05,20.4731
2008-11-04,20.5111
2008-11-03,20.4854
2008-10-31,20.4852
2008-10-30,20.4759
2008-10-29,20.4887
2008-10-28,20.5978
2008-10-27,20.5812
2008-10-24,20.7854
2008-10-23,20.9089
2008-10-22,21.0431
2008-10-21,21.1914
2008-10-20,21.2612
2008-10-17,21.3121
2008-10-16,21.4488
2008-10-15,21.5768
2008-10-14,21.818
2008-10-13,21.9401
2008-10-10,22.0297
2008-10-09,22.4055
2008-10-08,22.7499
2008-10-07,22.9933
2008-10-06,23.2161
2008-10-03,23.3937
2008-10-02,23.4791
2008-10-01,23.5496
2008-09-30,23.598
2008-09-29,23.6531
2008-09-26,23.7699
2008-09-25,23.7904
2008-09-24,23.8211
2008-09-23,23.8909
2008-09-22,24.004
2008-09-19,24.0946
2008-09-18,24.1334
2008-09-17,24.1995
2008-09-16,24.3249
2008-09-15,24.3992
2008-09-12,24.4536
2008-09-11,24.4613
2008-09-10,24.4737
2008-09-09,24.52
2008-09-08,24.5712
2008-09-05,24.5857
2008-09-04,24.6446
2008-09-03,24.7057
2008-09-02,24.7098
2008-08-29,24.7214
2008-08-28,24.7279
2008-08-27,24.7096
2008-08-26,24.7125
2008-08-25,24.7109
2008-08-22,24.7107
2008-08-21,24.67
2008-08-20,24.6655
2008-08-19,24.6518
2008-08-18,24.6208
2008-08-15,24.569
2008-08-14,24.4864
2008-08-13,24.4189
2008-08-12,24.3451
2008-08-11,24.2628
2008-08-08,24.1678
2008-08-07,24.0675
2008-08-06,24.0004
2008-08-05,23.8945
2008-08-04,23.7877
2008-08-01,23.7523
2008-07-31,23.7346
2008-07-30,23.696
2008-07-29,23.6557
2008-07-28,23.6103
2008-07-25,23.5856
2008-07-24,23.5376
2008-07-23,23.4997
2008-07-22,23.4554
2008-07-21,23.4175
2008-07-18,23.4099
2008-07-17,23.3569
2008-07-16,23.2976
2008-07-15,23.2566
2008-07-14,23.2288
2008-07-11,23.21
2008-07-10,23.2058
2008-07-09,23.1536
2008-07-08,23.1094
2008-07-07,23.0725
2008-07-03,23.0952
2008-07-02,23.1044
2008-07-01,23.1249
2008-06-30,23.1309
2008-06-27,23.1375
2008-06-26,23.171
2008-06-25,23.2239
2008-06-24,23.2331
2008-06-23,23.2703
2008-06-20,23.3202
2008-06-19,23.3928
2008-06-18,23.4392
2008-06-17,23.4937
2008-06-16,23.5263
2008-06-13,23.5559
2008-06-12,23.5966
2008-06-11,23.6795
2008-06-10,23.7506
2008-06-09,23.8047
2008-06-06,23.8407
2008-06-05,23.8671
2008-06-04,23.8347
2008-06-03,23.8209
2008-06-02,23.8065
2008-05-30,23.8072
2008-05-29,23.7779
2008-05-28,23.7416
2008-05-27,23.7552
2008-05-23,23.7679
2008-05-22,23.7922
2008-05-21,23.7779
2008-05-20,23.789
2008-05-19,23.7792
2008-05-16,23.7612
2008-05-15,23.7571
2008-05-14,23.762
2008-05-13,23.7604
2008-05-12,23.7791
2008-05-09,23.7761
2008-05-08,23.7918
2008-05-07,23.7996
2008-05-06,23.8059
2008-05-05,23.7907
2008-05-02,23.7692
2008-05-01,23.7383
2008-04-30,23.7049
2008-04-29,23.7123
2008-04-28,23.707
2008-04-25,23.6735
2008-04-24,23.6515
2008-04-23,23.6596
2008-04-22,23.6764
2008-04-21,23.7029
2008-04-18,23.7061
2008-04-17,23.7017
2008-04-16,23.7206
2008-04-15,23.7257
2008-04-14,23.7447
2008-04-11,23.7634
2008-04-10,23.773
2008-04-09,23.7504
2008-04-08,23.7452
2008-04-07,23.7275
2008-04-04,23.6993
2008-04-03,23.6967
2008-04-02,23.7134
2008-04-01,23.7241
2008-03-31,23.7184
2008-03-28,23.7517
2008-03-27,23.7759
2008-03-26,23.7963
2008-03-25,23.8314
2008-03-24,23.8458
2008-03-20,23.8664
2008-03-19,23.9216
2008-03-18,23.9857
2008-03-17,24.0243
2008-03-14,24.1425
2008-03-13,24.2699
2008-03-12,24.3652
2008-03-11,24.4673
2008-03-10,24.5802
2008-03-07,24.7286
2008-03-06,24.8343
2008-03-05,24.9221
2008-03-04,24.9672
2008-03-03,25.0123
2008-02-29,25.0654
2008-02-28,25.1232
2008-02-27,25.1509
2008-02-26,25.1508
2008-02-25,25.1626
2008-02-22,25.1519
2008-02-21,25.174
2008-02-20,25.2039
2008-02-19,25.2094
2008-02-15,25.2077
2008-02-14,25.2388
2008-02-13,25.2755
2008-02-12,25.3051
2008-02-11,25.3339
2008-02-08,25.4034
2008-02-07,25.4724
2008-02-06,25.5322
2008-02-05,25.588
2008-02-04,25.6568
2008-02-01,25.684
2008-01-31,25.7235
2008-01-30,25.7798
2008-01-29,25.8884
2008-01-28,25.9778
2008-01-25,26.0837
2008-01-24,26.2337
2008-01-23,26.3579
2008-01-22,26.4849
2008-01-18,26.6441
2008-01-17,26.721
2008-01-16,26.7658
2008-01-15,26.7611
2008-01-14,26.7629
2008-01-11,26.7327
2008-01-10,26.6773
2008-01-09,26.6247
2008-01-08,26.5626
2008-01-07,26.5444
2008-01-04,26.547
2008-01-03,26.6042
2008-01-02,26.6391
2007-12-31,26.6942
2007-12-28,26.726
2007-12-27,26.7509
2007-12-26,26.7674
2007-12-24,26.7566
2007-12-21,26.7414
2007-12-20,26.7341
2007-12-19,26.7433
2007-12-18,26.77
2007-12-17,26.7978
2007-12-14,26.8498
2007-12-13,26.8774
2007-12-12,26.8649
2007-12-11,26.8494
2007-12-10,26.8339
2007-12-07,26.7721
2007-12-06,26.7093
2007-12-05,26.6383
2007-12-04,26.5794
2007-12-03,26.537
2007-11-30,26.4894
2007-11-29,26.4188
2007-11-28,26.3446
2007-11-27,26.2799
2007-11-26,26.2742
2007-11-23,26.3032
2007-11-21,26.3141
2007-11-20,26.37
2007-11-19,26.3699
2007-11-16,26.3753
2007-11-15,26.3655
2007-11-14,26.3673
2007-11-13,26.352
2007-11-12,26.346
2007-11-09,26.3755
2007-11-08,26.4152
2007-11-07,26.4519
2007-11-06,26.5106
2007-11-05,26.512
2007-11-02,26.5284
2007-11-01,26.5449
2007-10-31,26.5554
2007-10-30,26.5278
2007-10-29,26.5144
2007-10-26,26.4966
2007-10-25,26.4887
2007-10-24,26.4893
2007-10-23,26.5064
2007-10-22,26.505
2007-10-19,26.5355
2007-10-18,26.5693
2007-10-17,26.5729
2007-10-16,26.5777
2007-10-15,26.5853
2007-10-12,26.5726
2007-10-11,26.5279
2007-10-10,26.4943
2007-10-09,26.4327
2007-10-08,26.3695
2007-10-05,26.323
2007-10-04,26.2521
2007-10-03,26.2098
2007-10-02,26.1599
2007-10-01,26.1157
2007-09-28,26.0512
2007-09-27,26.0222
2007-09-26,25.9706
2007-09-25,25.9245
2007-09-24,25.8893
2007-09-21,25.8409
2007-09-20,25.782
2007-09-19,25.7303
2007-09-18,25.6701
2007-09-17,25.6145
2007-09-14,25.6014
2007-09-13,25.5847
2007-09-12,25.5521
2007-09-11,25.5223
2007-09-10,25.5012
2007-09-07,25.4981
2007-09-06,25.497
2007-09-05,25.4669
2007-09-04,25.4423
2007-08-31,25.4095
2007-08-30,25.3968
2007-08-29,25.3952
2007-08-28,25.3935
2007-08-27,25.4111
2007-08-24,25.4032
2007-08-23,25.3757
2007-08-22,25.3618
2007-08-21,25.3635
2007-08-20,25.3788
2007-08-17,25.4026
2007-08-16,25.4415
2007-08-15,25.4907
2007-08-14,25.5459
2007-08-13,25.6006
2007-08-10,25.6393
2007-08-09,25.6898
2007-08-08,25.7315
2007-08-07,25.7136
2007-08-06,25.7251
2007-08-03,25.7503
2007-08-02,25.8297
2007-08-01,25.8807
2007-07-31,25.9597
2007-07-30,26.065
2007-07-27,26.1526
2007-07-26,26.2821
2007-07-25,26.3612
2007-07-24,26.3924
2007-07-23,26.4253
2007-07-20,26.4336
2007-07-19,26.4638
2007-07-18,26.4714
2007-07-17,26.465
2007-07-16,26.45
2007-07-13,26.425
2007-07-12,26.4004
2007-07-11,26.3661
2007-07-10,26.3799
2007-07-09,26.4045
2007-07-06,26.4082
2007-07-05,26.4037
2007-07-03,26.405
2007-07-02,26.4056
2007-06-29,26.411
2007-06-28,26.4326
2007-06-27,26.4486
2007-06-26,26.4687
2007-06-25,26.5136
2007-06-22,26.5772
2007-06-21,26.6429
2007-06-20,26.6732
2007-06-19,26.706
2007-06-18,26.7157
2007-06-15,26.7264
2007-06-14,26.7218
2007-06-13,26.738
2007-06-12,26.7636
2007-06-11,26.8145
2007-06-08,26.8505
2007-06-07,26.8911
2007-06-06,26.9453
2007-06-05,26.9632
2007-06-04,26.9566
2007-06-01,26.9424
2007-05-31,26.9211
2007-05-30,26.9008
2007-05-29,26.8845
2007-05-25,26.8673
2007-05-24,26.8498
2007-05-23,26.829
2007-05-22,26.795
2007-05-21,26.7676
2007-05-18,26.7358
2007-05-17,26.7068
2007-05-16,26.6864
2007-05-15,26.653
2007-05-14,26.6479
2007-05-11,26.6392
2007-05-10,26.6265
2007-05-09,26.6233
2007-05-08,26.5693
2007-05-07,26.5189
2007-05-04,26.4523
2007-05-03,26.3849
2007-05-02,26.326
2007-05-01,26.2671
2007-04-30,26.2199
2007-04-27,26.1739
2007-04-26,26.1137
2007-04-25,26.0379
2007-04-24,25.9572
2007-04-23,25.8766
2007-04-20,25.7875
2007-04-19,25.6921
2007-04-18,25.5976
2007-04-17,25.5047
2007-04-16,25.4013
2007-04-13,25.2956
2007-04-12,25.2051
2007-04-11,25.1448
2007-04-10,25.1084
2007-04-09,25.0566
2007-04-05,25.0031
2007-04-04,24.9448
2007-04-03,24.899
2007-04-02,24.864
2007-03-30,24.8525
2007-03-29,24.8537
2007-03-28,24.8543
2007-03-27,24.8673
2007-03-26,24.8639
2007-03-23,24.8415
2007-03-22,24.8206
2007-03-21,24.7843
2007-03-20,24.7534
2007-03-19,24.7458
2007-03-16,24.7506
2007-03-15,24.776
2007-03-14,24.8169
2007-03-13,24.8582
2007-03-12,24.914
2007-03-09,24.933
2007-03-08,24.954
2007-03-07,24.9826
2007-03-06,25.0228
2007-03-05,25.068
2007-03-02,25.145
2007-03-01,25.2131
2007-02-28,25.269
2007-02-27,25.3215
2007-02-26,25.395
2007-02-23,25.395
2007-02-22,25.4058
2007-02-21,25.4062
2007-02-20,25.4027
2007-02-16,25.3864
2007-02-15,25.37
2007-02-14,25.341
2007-02-13,25.3214
2007-02-12,25.3144
2007-02-09,25.3167
2007-02-08,25.3077
2007-02-07,25.2899
2007-02-06,25.268
2007-02-05,25.2476
2007-02-02,25.2174
2007-02-01,25.1832
2007-01-31,25.1399
2007-01-30,25.1146
2007-01-29,25.099
2007-01-26,25.0949
2007-01-25,25.0865
2007-01-24,25.0625
2007-01-23,25.0267
2007-01-22,25.0073
2007-01-19,24.9718
2007-01-18,24.9164
2007-01-17,24.856
2007-01-16,24.7969
2007-01-12,24.747
2007-01-11,24.6982
2007-01-10,24.6565
2007-01-09,24.6391
2007-01-08,24.6246
2007-01-05,24.6054
2007-01-04,24.5873
2007-01-03,24.5525
2006-12-29,24.5436
2006-12-28,24.5344
2006-12-27,24.5173
2006-12-26,24.4954
2006-12-22,24.4835
2006-12-21,24.4719
2006-12-20,24.4482
2006-12-19,24.4151
2006-12-18,24.3801
2006-12-15,24.3545
2006-12-14,24.3317
2006-12-13,24.3147
2006-12-12,24.309
2006-12-11,24.2974
2006-12-08,24.2852
2006-12-07,24.2773
2006-12-06,24.2731
2006-12-05,24.263
2006-12-04,24.2558
2006-12-01,24.2578
2006-11-30,24.2477
2006-11-29,24.2342
2006-11-28,24.2317
2006-11-27,24.2466
2006-11-24,24.2685
2006-11-22,24.2757
2006-11-21,24.2728
2006-11-20,24.2751
2006-11-17,24.2738
2006-11-16,24.2661
2006-11-15,24.2654
2006-11-14,24.2754
2006-11-13,24.2987
2006-11-10,24.3454
2006-11-09,24.4016
2006-11-08,24.4676
2006-11-07,24.4803
2006-11-06,24.4551
2006-11-03,24.4472
2006-11-02,24.4694
2006-11-01,24.4808
2006-10-31,24.5073
2006-10-30,24.518
2006-10-27,24.5191
2006-10-26,24.5057
2006-10-25,24.48
2006-10-24,24.4616
2006-10-23,24.4259
2006-10-20,24.378
2006-10-19,24.3319
2006-10-18,24.3011
2006-10-17,24.2647
2006-10-16,24.2522
2006-10-13,24.2454
2006-10-12,24.2417
2006-10-11,24.2291
2006-10-10,24.2306
2006-10-09,24.2315
2006-10-06,24.2218
2006-10-05,24.2055
2006-10-04,24.1776
2006-10-03,24.1467
2006-10-02,24.1349
2006-09-29,24.1296
2006-09-28,24.1091
2006-09-27,24.0949
2006-09-26,24.0746
2006-09-25,24.0591
2006-09-22,24.0443
2006-09-21,24.038
2006-09-20,24.0148
2006-09-19,23.9729
2006-09-18,23.9367
2006-09-15,23.9005
2006-09-14,23.8597
2006-09-13,23.8282
2006-09-12,23.7812
2006-09-11,23.7238
2006-09-08,23.6896
2006-09-07,23.6679
2006-09-06,23.6639
2006-09-05,23.641
2006-09-01,23.6066
2006-08-31,23.5569
2006-08-30,23.5151
2006-08-29,23.4612
2006-08-28,23.4032
2006-08-25,23.3506
2006-08-24,23.3086
2006-08-23,23.2638
2006-08-22,23.2311
2006-08-21,23.1934
2006-08-18,23.1595
2006-08-17,23.1135
2006-08-16,23.0666
2006-08-15,23.0208
2006-08-14,22.9918
2006-08-11,22.9804
2006-08-10,22.9733
2006-08-09,22.9538
2006-08-08,22.9301
2006-08-07,22.9061
2006-08-04,22.8788
2006-08-03,22.8409
2006-08-02,22.7999
2006-08-01,22.733
2006-07-31,22.6744
2006-07-28,22.6097
2006-07-27,22.5296
2006-07-26,22.4543
2006-07-25,22.3587
2006-07-24,22.2645
2006-07-21,22.1813
2006-07-20,22.1353
2006-07-19,22.0953
2006-07-18,22.0535
2006-07-17,22.0617
2006-07-14,22.0709
2006-07-13,22.0902
2006-07-12,22.097
2006-07-11,22.0798
2006-07-10,22.0524
2006-07-07,22.0275
2006-07-06,22.0085
2006-07-05,21.9897
2006-07-03,21.9775
2006-06-30,21.9616
2006-06-29,21.9486
2006-06-28,21.9474
2006-06-27,21.9853
2006-06-26,22.0271
2006-06-23,22.0495
2006-06-22,22.0658
2006-06-21,22.0862
2006-06-20,22.0956
2006-06-19,22.1175
2006-06-16,22.1333
2006-06-15,22.1331
2006-06-14,22.139
2006-06-13,22.1647
2006-06-12,22.1969
2006-06-09,22.2264
2006-06-08,22.2246
2006-06-07,22.2164
2006-06-06,22.2142
2006-06-05,22.2195
2006-06-02,22.2292
2006-06-01,22.2031
2006-05-31,22.1835
2006-05-30,22.1947
2006-05-26,22.2216
2006-05-25,22.2208
2006-05-24,22.2329
2006-05-23,22.2677
2006-05-22,22.3131
2006-05-19,22.3525
2006-05-18,22.3862
2006-05-17,22.4103
2006-05-16,22.427
2006-05-15,22.421
2006-05-12,22.4205
2006-05-11,22.4528
2006-05-10,22.4832
2006-05-09,22.5122
2006-05-08,22.542
2006-05-05,22.558
2006-05-04,22.575
2006-05-03,22.6167
2006-05-02,22.6704
2006-05-01,22.7038
2006-04-28,22.7407
2006-04-27,22.7608
2006-04-26,22.8068
2006-04-25,22.8446
2006-04-24,22.8864
2006-04-21,22.918
2006-04-20,22.9437
2006-04-19,22.9668
2006-04-18,23.0137
2006-04-17,23.0519
2006-04-13,23.1185
2006-04-12,23.1761
2006-04-11,23.2343
2006-04-10,23.3148
2006-04-07,23.3778
2006-04-06,23.4427
2006-04-05,23.4854
2006-04-04,23.5142
2006-04-03,23.5383
2006-03-31,23.5681
2006-03-30,23.5995
2006-03-29,23.6203
2006-03-28,23.6388
2006-03-27,23.6661
2006-03-24,23.6734
2006-03-23,23.6622
2006-03-22,23.646
2006-03-21,23.6144
2006-03-20,23.6046
2006-03-17,23.5786
2006-03-16,23.5544
2006-03-15,23.5335
2006-03-14,23.5103
2006-03-13,23.4932
2006-03-10,23.4918
2006-03-09,23.4887
2006-03-08,23.4945
2006-03-07,23.4925
2006-03-06,23.507
2006-03-03,23.5239
2006-03-02,23.5296
2006-03-01,23.5274
2006-02-28,23.5204
2006-02-27,23.515
2006-02-24,23.4763
2006-02-23,23.4525
2006-02-22,23.4262
2006-02-21,23.3879
2006-02-17,23.3671
2006-02-16,23.331
2006-02-15,23.2896
2006-02-14,23.26
2006-02-13,23.2416
2006-02-10,23.2451
2006-02-09,23.2458
2006-02-08,23.2413
2006-02-07,23.2385
2006-02-06,23.2668
2006-02-03,23.2943
2006-02-02,23.3025
2006-02-01,23.307
2006-01-31,23.2921
2006-01-30,23.2909
2006-01-27,23.2888
2006-01-26,23.2751
2006-01-25,23.2881
2006-01-24,23.3148
2006-01-23,23.3412
2006-01-20,23.3589
2006-01-19,23.377
2006-01-18,23.3496
2006-01-17,23.3338
2006-01-13,23.3187
2006-01-12,23.2951
2006-01-11,23.2676
2006-01-10,23.2348
2006-01-09,23.1924
2006-01-06,23.1365
2006-01-05,23.0861
2006-01-04,23.0464
2006-01-03,22.9965
2005-12-30,22.9657
2005-12-29,22.9614
2005-12-28,22.9415
2005-12-27,22.911
2005-12-23,22.8773
2005-12-22,22.8203
2005-12-21,22.7603
2005-12-20,22.71
2005-12-19,22.662
2005-12-16,22.6059
2005-12-15,22.5654
2005-12-14,22.5261
2005-12-13,22.4896
2005-12-12,22.456
2005-12-09,22.4448
2005-12-08,22.4332
2005-12-07,22.4234
2005-12-06,22.4209
2005-12-05,22.4083
2005-12-02,22.3898
2005-12-01,22.374
2005-11-30,22.3648
2005-11-29,22.3782
2005-11-28,22.3779
2005-11-25,22.3797
2005-11-23,22.3567
2005-11-22,22.3343
2005-11-21,22.3156
2005-11-18,22.2813
2005-11-17,22.2479
2005-11-16,22.2208
2005-11-15,22.2031
2005-11-14,22.179
2005-11-11,22.1645
2005-11-10,22.1326
2005-11-09,22.098
2005-11-08,22.0902
2005-11-07,22.0838
2005-11-04,22.0715
2005-11-03,22.0624
2005-11-02,22.0646
2005-11-01,22.0815
2005-10-31,22.1001
2005-10-28,22.1138
2005-10-27,22.1396
2005-10-26,22.2024
2005-10-25,22.2635
2005-10-24,22.302
2005-10-21,22.3302
2005-10-20,22.3803
2005-10-19,22.4212
2005-10-18,22.4178
2005-10-17,22.4368
2005-10-14,22.4548
2005-10-13,22.4739
2005-10-12,22.5057
2005-10-11,22.5522
2005-10-10,22.609
2005-10-07,22.6519
2005-10-06,22.6964
2005-10-05,22.7432
2005-10-04,22.779
2005-10-03,22.7789
2005-09-30,22.7888
2005-09-29,22.802
2005-09-28,22.818
2005-09-27,22.8411
2005-09-26,22.8682
2005-09-23,22.8844
2005-09-22,22.8985
2005-09-21,22.9156
2005-09-20,22.9399
2005-09-19,22.9553
2005-09-16,22.954
2005-09-15,22.9351
2005-09-14,22.9329
2005-09-13,22.9288
2005-09-12,22.9176
2005-09-09,22.8793
2005-09-08,22.8287
2005-09-07,22.7811
2005-09-06,22.727
2005-09-02,22.6831
2005-09-01,22.6726
2005-08-31,22.6594
2005-08-30,22.6455
2005-08-29,22.6545
2005-08-26,22.6614
2005-08-25,22.6926
2005-08-24,22.7187
2005-08-23,22.7506
2005-08-22,22.7782
2005-08-19,22.7936
2005-08-18,22.8105
2005-08-17,22.8126
2005-08-16,22.8157
2005-08-15,22.8236
2005-08-12,22.8157
2005-08-11,22.8085
2005-08-10,22.7868
2005-08-09,22.7773
2005-08-08,22.763
2005-08-05,22.7745
2005-08-04,22.7781
2005-08-03,22.7654
2005-08-02,22.727
2005-08-01,22.6907
2005-07-29,22.6597
2005-07-28,22.6376
2005-07-27,22.5964
2005-07-26,22.5737
2005-07-25,22.5706
2005-07-22,22.5785
2005-07-21,22.5729
2005-07-20,22.5636
2005-07-19,22.5275
2005-07-18,22.5218
2005-07-15,22.5163
2005-07-14,22.4958
2005-07-13,22.4844
2005-07-12,22.4863
2005-07-11,22.4755
2005-07-08,22.4621
2005-07-07,22.4548
2005-07-06,22.4748
2005-07-05,22.4962
2005-07-01,22.5046
2005-06-30,22.5223
2005-06-29,22.5388
2005-06-28,22.5411
2005-06-27,22.5406
2005-06-24,22.5636
2005-06-23,22.5792
2005-06-22,22.585
2005-06-21,22.5755
2005-06-20,22.5566
2005-06-17,22.5319
2005-06-16,22.5017
2005-06-15,22.48
2005-06-14,22.4712
2005-06-13,22.4524
2005-06-10,22.452
2005-06-09,22.4614
2005-06-08,22.4665
2005-06-07,22.482
2005-06-06,22.4825
2005-06-03,22.4837
2005-06-02,22.4859
2005-06-01,22.48
2005-05-31,22.4734
2005-05-27,22.4722
2005-05-26,22.4634
2005-05-25,22.446
2005-05-24,22.4359
2005-05-23,22.4096
2005-05-20,22.3835
2005-05-19,22.3592
2005-05-18,22.3309
2005-05-17,22.2988
2005-05-16,22.2687
2005-05-13,22.2338
2005-05-12,22.2233
2005-05-11,22.1958
2005-05-10,22.1624
2005-05-09,22.1352
2005-05-06,22.0901
2005-05-05,22.0577
2005-05-04,22.0112
2005-05-03,21.9591
2005-05-02,21.9249
2005-04-29,21.8857
2005-04-28,21.8521
2005-04-27,21.8491
2005-04-26,21.8344
2005-04-25,21.8355
2005-04-22,21.8224
2005-04-21,21.8132
2005-04-20,21.794
2005-04-19,21.8045
2005-04-18,21.7873
2005-04-15,21.7669
2005-04-14,21.7284
2005-04-13,21.6972
2005-04-12,21.6536
2005-04-11,21.616
2005-04-08,21.5896
2005-04-07,21.5582
2005-04-06,21.5068
2005-04-05,21.4735
2005-04-04,21.4381
2005-04-01,21.4445
2005-03-31,21.4628
2005-03-30,21.4634
2005-03-29,21.4421
2005-03-28,21.4542
2005-03-24,21.4599
2005-03-23,21.4647
2005-03-22,21.4708
2005-03-21,21.5018
2005-03-18,21.5367
2005-03-17,21.5663
2005-03-16,21.5967
2005-03-15,21.6379
2005-03-14,21.6616
2005-03-11,21.6614
2005-03-10,21.6649
2005-03-09,21.6507
2005-03-08,21.6433
2005-03-07,21.6208
2005-03-04,21.5809
2005-03-03,21.542
2005-03-02,21.5202
2005-03-01,21.4938
2005-02-28,21.4668
2005-02-25,21.4551
2005-02-24,21.4076
2005-02-23,21.3738
2005-02-22,21.3538
2005-02-18,21.3423
2005-02-17,21.3025
2005-02-16,21.2924
2005-02-15,21.2781
2005-02-14,21.2594
2005-02-11,21.238
2005-02-10,21.2158
2005-02-09,21.2138
2005-02-08,21.2155
2005-02-07,21.1932
2005-02-04,21.1738
2005-02-03,21.1539
2005-02-02,21.1523
2005-02-01,21.1437
2005-01-31,21.1432
2005-01-28,21.1638
2005-01-27,21.1903
2005-01-26,21.2016
2005-01-25,21.2094
2005-01-24,21.2317
2005-01-21,21.2714
2005-01-20,21.2965
2005-01-19,21.3091
2005-01-18,21.3117
2005-01-14,21.3003
2005-01-13,21.3058
2005-01-12,21.3209
2005-01-11,21.3036
2005-01-10,21.2997
2005-01-07,21.2794
2005-01-06,21.2767
2005-01-05,21.2721
2005-01-04,21.2837
2005-01-03,21.2927
2004-12-31,21.2845
2004-12-30,21.2491
2004-12-29,21.201
2004-12-28,21.1492
2004-12-27,21.0966
2004-12-23,21.0618
2004-12-22,21.0203
2004-12-21,20.9835
2004-12-20,20.9593
2004-12-17,20.9538
2004-12-16,20.9205
2004-12-15,20.8382
2004-12-14,20.7787
2004-12-13,20.7197
2004-12-10,20.6741
2004-12-09,20.6341
2004-12-08,20.5885
2004-12-07,20.5523
2004-12-06,20.5439
2004-12-03,20.5121
2004-12-02,20.4724
2004-12-01,20.4135
2004-11-30,20.3694
2004-11-29,20.3568
2004-11-26,20.3504
2004-11-24,20.3425
2004-11-23,20.3466
2004-11-22,20.3563
2004-11-19,20.3604
2004-11-18,20.3686
2004-11-17,20.3513
2004-11-16,20.3263
2004-11-15,20.2979
2004-11-12,20.2559
2004-11-11,20.2208
2004-11-10,20.185
2004-11-09,20.1567
2004-11-08,20.1194
2004-11-05,20.079
2004-11-04,20.0335
2004-11-03,19.9961
2004-11-02,19.9592
2004-11-01,19.98
2004-10-29,19.9873
2004-10-28,19.9757
2004-10-27,19.969
2004-10-26,19.9578
2004-10-25,19.9996
2004-10-22,20.084
2004-10-21,20.1661
2004-10-20,20.2418
2004-10-19,20.3059
2004-10-18,20.376
2004-10-15,20.4189
2004-10-14,20.4859
2004-10-13,20.5629
2004-10-12,20.6338
2004-10-11,20.6896
2004-10-08,20.7475
2004-10-07,20.8258
2004-10-06,20.883
2004-10-05,20.8966
2004-10-04,20.9094
2004-10-01,20.9168
2004-09-30,20.9347
2004-09-29,20.9748
2004-09-28,20.977
2004-09-27,20.9893
2004-09-24,21.0194
2004-09-23,21.0398
2004-09-22,21.0685
2004-09-21,21.0843
2004-09-20,21.0741
2004-09-17,21.074
2004-09-16,21.0491
2004-09-15,21.0282
2004-09-14,21.0044
2004-09-13,20.9691
2004-09-10,20.9474
2004-09-09,20.9255
2004-09-08,20.8984
2004-09-07,20.8594
2004-09-03,20.8111
2004-09-02,20.7697
2004-09-01,20.7224
2004-08-31,20.6927
2004-08-30,20.6688
2004-08-27,20.6543
2004-08-26,20.6106
2004-08-25,20.5781
2004-08-24,20.5391
2004-08-23,20.517
2004-08-20,20.4941
2004-08-19,20.4643
2004-08-18,20.4493
2004-08-17,20.4253
2004-08-16,20.4272
2004-08-13,20.4322
2004-08-12,20.4663
2004-08-11,20.4875
2004-08-10,20.499
2004-08-09,20.5468
2004-08-06,20.6305
2004-08-05,20.7131
2004-08-04,20.7753
2004-08-03,20.8043
2004-08-02,20.8318
2004-07-30,20.86
2004-07-29,20.889
2004-07-28,20.9292
2004-07-27,20.9834
2004-07-26,21.038
2004-07-23,21.1074
2004-07-22,21.1624
2004-07-21,21.2096
2004-07-20,21.2723
2004-07-19,21.3169
2004-07-16,21.3752
2004-07-15,21.4292
2004-07-14,21.4693
2004-07-13,21.4889
2004-07-12,21.5188
2004-07-09,21.5699
2004-07-08,21.6166
2004-07-07,21.663
2004-07-06,21.709
2004-07-02,21.7546
2004-07-01,21.7885
2004-06-30,21.8245
2004-06-29,21.8321
2004-06-28,21.8487
2004-06-25,21.879
2004-06-24,21.9013
2004-06-23,21.9057
2004-06-22,21.9114
2004-06-21,21.9311
2004-06-18,21.9431
2004-06-17,21.9407
2004-06-16,21.937
2004-06-15,21.9366
2004-06-14,21.9369
2004-06-10,21.9402
2004-06-09,21.9275
2004-06-08,21.9142
2004-06-07,21.8718
2004-06-04,21.8279
2004-06-03,21.8026
2004-06-02,21.7791
2004-06-01,21.7471
2004-05-28,21.726
2004-05-27,21.7146
2004-05-26,21.7013
2004-05-25,21.7097
2004-05-24,21.731
2004-05-21,21.7762
2004-05-20,21.8149
2004-05-19,21.8622
2004-05-18,21.8995
2004-05-17,21.9184
2004-05-14,21.9384
2004-05-13,21.9539
2004-05-12,21.9665
2004-05-11,21.9774
2004-05-10,21.9977
2004-05-07,22.0224
2004-05-06,22.0198
2004-05-05,22.0013
2004-05-04,21.9718
2004-05-03,21.9526
2004-04-30,21.9277
2004-04-29,21.9301
2004-04-28,21.935
2004-04-27,21.9262
2004-04-26,21.8955
2004-04-23,21.8706
2004-04-22,21.8303
2004-04-21,21.7791
2004-04-20,21.7412
2004-04-19,21.7262
2004-04-16,21.6707
2004-04-15,21.5997
2004-04-14,21.5384
2004-04-13,21.5125
2004-04-12,21.5071
2004-04-08,21.4809
2004-04-07,21.4706
2004-04-06,21.4435
2004-04-05,21.4031
2004-04-02,21.351
2004-04-01,21.3196
2004-03-31,21.3117
2004-03-30,21.3188
2004-03-29,21.3392
2004-03-26,21.3566
2004-03-25,21.4057
2004-03-24,21.469
2004-03-23,21.5508
2004-03-22,21.6294
2004-03-19,21.7236
2004-03-18,21.8001
2004-03-17,21.8493
2004-03-16,21.9014
2004-03-15,21.9568
2004-03-12,22.0336
2004-03-11,22.0984
2004-03-10,22.176
2004-03-09,22.2178
2004-03-08,22.2282
2004-03-05,22.2128
2004-03-04,22.1936
2004-03-03,22.1843
2004-03-02,22.1845
2004-03-01,22.1944
2004-02-27,22.1904
2004-02-26,22.1927
2004-02-25,22.1886
2004-02-24,22.181
2004-02-23,22.1756
2004-02-20,22.1801
2004-02-19,22.1805
2004-02-18,22.1684
2004-02-17,22.1468
2004-02-13,22.1124
2004-02-12,22.0894
2004-02-11,22.0535
2004-02-10,21.9989
2004-02-09,21.9601
2004-02-06,21.9278
2004-02-05,21.8689
2004-02-04,21.8217
2004-02-03,21.7576
2004-02-02,21.6942
2004-01-30,21.6391
2004-01-29,21.608
2004-01-28,21.5609
2004-01-27,21.5424
2004-01-26,21.5018
2004-01-23,21.4421
2004-01-22,21.4051
2004-01-21,21.3531
2004-01-20,21.3
2004-01-16,21.2794
2004-01-15,21.2491
2004-01-14,21.2209
2004-01-13,21.1957
2004-01-12,21.1805
2004-01-09,21.154
2004-01-08,21.121
2004-01-07,21.0704
2004-01-06,21.0047
2004-01-05,20.9463
2004-01-02,20.8885
2003-12-31,20.835
2003-12-30,20.781
2003-12-29,20.7311
2003-12-26,20.6819
2003-12-24,20.6454
2003-12-23,20.6111
2003-12-22,20.5798
2003-12-19,20.5467
2003-12-18,20.5094
2003-12-17,20.4646
2003-12-16,20.4315
2003-12-15,20.3994
2003-12-12,20.372
2003-12-11,20.338
2003-12-10,20.3072
2003-12-09,20.2998
2003-12-08,20.2768
2003-12-05,20.2425
2003-12-04,20.2208
2003-12-03,20.1806
2003-12-02,20.1399
2003-12-01,20.1001
2003-11-28,20.0575
2003-11-26,20.0447
2003-11-25,20.026
2003-11-24,20.0054
2003-11-21,19.9722
2003-11-20,19.9697
2003-11-19,19.9409
2003-11-18,19.8808
2003-11-17,19.8368
2003-11-14,19.7754
2003-11-13,19.7009
2003-11-12,19.6498
2003-11-11,19.6416
2003-11-10,19.6704
2003-11-07,19.7066
2003-11-06,19.7311
2003-11-05,19.7396
2003-11-04,19.7594
2003-11-03,19.779
2003-10-31,19.7874
2003-10-30,19.7906
2003-10-29,19.8121
2003-10-28,19.8165
2003-10-27,19.8154
2003-10-24,19.8305
2003-10-23,19.842
2003-10-22,19.8607
2003-10-21,19.9022
2003-10-20,19.8915
2003-10-17,19.8991
2003-10-16,19.9179
2003-10-15,19.9148
2003-10-14,19.9226
2003-10-13,19.9267
2003-10-10,19.9343
2003-10-09,19.9486
2003-10-08,19.9591
2003-10-07,19.9738
2003-10-06,19.9789
2003-10-03,19.983
2003-10-02,19.9794
2003-10-01,19.9658
2003-09-30,19.9648
2003-09-29,20.0008
2003-09-26,20.031
2003-09-25,20.0741
2003-09-24,20.112
2003-09-23,20.1398
2003-09-22,20.1326
2003-09-19,20.1425
2003-09-18,20.1245
2003-09-17,20.0873
2003-09-16,20.0536
2003-09-15,20.0112
2003-09-12,19.9776
2003-09-11,19.9345
2003-09-10,19.8914
2003-09-09,19.8556
2003-09-08,19.8189
2003-09-05,19.7851
2003-09-04,19.7847
2003-09-03,19.7792
2003-09-02,19.7782
2003-08-29,19.7689
2003-08-28,19.7898
2003-08-27,19.8189
2003-08-26,19.8524
2003-08-25,19.891
2003-08-22,19.9351
2003-08-21,19.9986
2003-08-20,20.0378
2003-08-19,20.0692
2003-08-18,20.098
2003-08-15,20.1187
2003-08-14,20.1557
2003-08-13,20.1921
2003-08-12,20.2309
2003-08-11,20.2434
2003-08-08,20.2632
2003-08-07,20.2806
2003-08-06,20.3079
2003-08-05,20.3715
2003-08-04,20.4402
2003-08-01,20.4815
2003-07-31,20.5307
2003-07-30,20.5525
2003-07-29,20.5656
2003-07-28,20.5889
2003-07-25,20.605
2003-07-24,20.6176
2003-07-23,20.6486
2003-07-22,20.6658
2003-07-21,20.7004
2003-07-18,20.735
2003-07-17,20.7391
2003-07-16,20.7636
2003-07-15,20.7766
2003-07-14,20.7785
2003-07-11,20.7723
2003-07-10,20.7633
2003-07-09,20.7786
2003-07-08,20.7717
2003-07-07,20.7508
2003-07-03,20.7284
2003-07-02,20.7192
2003-07-01,20.6958
2003-06-30,20.6906
2003-06-27,20.6966
2003-06-26,20.6893
2003-06-25,20.6471
2003-06-24,20.6316
2003-06-23,20.6026
2003-06-20,20.5721
2003-06-19,20.5013
2003-06-18,20.439
2003-06-17,20.3213
2003-06-16,20.1855
2003-06-13,20.0796
2003-06-12,20.0282
2003-06-11,19.9582
2003-06-10,19.8852
2003-06-09,19.829
2003-06-06,19.783
2003-06-05,19.7101
2003-06-04,19.6486
2003-06-03,19.6007
2003-06-02,19.5839
2003-05-30,19.5815
2003-05-29,19.5627
2003-05-28,19.5648
2003-05-27,19.5501
2003-05-23,19.5301
2003-05-22,19.5376
2003-05-21,19.5378
2003-05-20,19.5609
2003-05-19,19.6012
2003-05-16,19.6206
2003-05-15,19.5704
2003-05-14,19.5098
2003-05-13,19.4627
2003-05-12,19.407
2003-05-09,19.3499
2003-05-08,19.3074
2003-05-07,19.2833
2003-05-06,19.2493
2003-05-05,19.194
2003-05-02,19.1366
2003-05-01,19.0761
2003-04-30,19.0403
2003-04-29,19.0065
2003-04-28,18.9693
2003-04-25,18.9406
2003-04-24,18.9252
2003-04-23,18.8801
2003-04-22,18.8428
2003-04-21,18.8186
2003-04-17,18.825
2003-04-16,18.8373
2003-04-15,18.8701
2003-04-14,18.8591
2003-04-11,18.8344
2003-04-10,18.8395
2003-04-09,18.8356
2003-04-08,18.8276
2003-04-07,18.7921
2003-04-04,18.7552
2003-04-03,18.6966
2003-04-02,18.64
2003-04-01,18.5723
2003-03-31,18.527
2003-03-28,18.5042
2003-03-27,18.4561
2003-03-26,18.406
2003-03-25,18.3579
2003-03-24,18.2893
2003-03-21,18.2525
2003-03-20,18.1551
2003-03-19,18.0983
2003-03-18,18.0334
2003-03-17,17.9837
2003-03-14,17.9494
2003-03-13,17.9645
2003-03-12,17.9658
2003-03-11,17.9937
2003-03-10,18.0304
2003-03-07,18.0459
2003-03-06,18.0307
2003-03-05,18.0323
2003-03-04,18.0377
2003-03-03,18.0614
2003-02-28,18.0669
2003-02-27,18.0635
2003-02-26,18.0649
2003-02-25,18.0899
2003-02-24,18.1073
2003-02-21,18.1391
2003-02-20,18.1491
2003-02-19,18.1793
2003-02-18,18.1914
2003-02-14,18.1959
2003-02-13,18.2466
2003-02-12,18.3224
2003-02-11,18.3842
2003-02-10,18.4311
2003-02-07,18.4608
2003-02-06,18.5077
2003-02-05,18.5558
2003-02-04,18.6053
2003-02-03,18.646
2003-01-31,18.6681
2003-01-30,18.6845
2003-01-29,18.7409
2003-01-28,18.7856
2003-01-27,18.835
2003-01-24,18.922
2003-01-23,18.9754
2003-01-22,18.991
2003-01-21,19.0141
2003-01-17,19.0345
2003-01-16,19.0423
2003-01-15,19.0495
2003-01-14,19.0515
2003-01-13,19.0309
2003-01-10,19.0067
2003-01-09,18.9814
2003-01-08,18.9527
2003-01-07,18.9416
2003-01-06,18.9139
2003-01-03,18.8538
2003-01-02,18.8095
2002-12-31,18.7811
2002-12-30,18.8027
2002-12-27,18.8355
2002-12-26,18.8894
2002-12-24,18.9232
2002-12-23,18.9267
2002-12-20,18.9416
2002-12-19,18.9705
2002-12-18,19.0193
2002-12-17,19.0542
2002-12-16,19.0869
2002-12-13,19.0966
2002-12-12,19.1271
2002-12-11,19.1498
2002-12-10,19.1544
2002-12-09,19.1565
2002-12-06,19.1662
2002-12-05,19.1681
2002-12-04,19.179
2002-12-03,19.1794
2002-12-02,19.1981
2002-11-29,19.2055
2002-11-27,19.1954
2002-11-26,19.1762
2002-11-25,19.1931
2002-11-22,19.1795
2002-11-21,19.1586
2002-11-20,19.1208
2002-11-19,19.09
2002-11-18,19.0743
2002-11-15,19.0548
2002-11-14,19.0223
2002-11-13,19.0054
2002-11-12,19.0182
2002-11-11,19.0089
2002-11-08,19.0001
2002-11-07,18.9626
2002-11-06,18.9078
2002-11-05,18.8385
2002-11-04,18.803
2002-11-01,18.7886
2002-10-31,18.7757
2002-10-30,18.7813
2002-10-29,18.7728
2002-10-28,18.7765
2002-10-25,18.7558
2002-10-24,18.724
2002-10-23,18.7249
2002-10-22,18.6928
2002-10-21,18.6441
2002-10-18,18.5522
2002-10-17,18.4572
2002-10-16,18.3529
2002-10-15,18.2626
2002-10-14,18.1686
2002-10-11,18.1
2002-10-10,18.0748
2002-10-09,18.0697
2002-10-08,18.0875
2002-10-07,18.0874
2002-10-04,18.1415
2002-10-03,18.197
2002-10-02,18.1981
2002-10-01,18.192
2002-09-30,18.1868
2002-09-27,18.2389
2002-09-26,18.2878
2002-09-25,18.2699
2002-09-24,18.2838
2002-09-23,18.352
2002-09-20,18.426
2002-09-19,18.4857
2002-09-18,18.5663
2002-09-17,18.5903
2002-09-16,18.6277
2002-09-13,18.6399
2002-09-12,18.6533
2002-09-11,18.6827
2002-09-10,18.678
2002-09-09,18.6764
2002-09-06,18.682
2002-09-05,18.7101
2002-09-04,18.7411
2002-09-03,18.7528
2002-08-30,18.8241
2002-08-29,18.8204
2002-08-28,18.8104
2002-08-27,18.8044
2002-08-26,18.7818
2002-08-23,18.6982
2002-08-22,18.6285
2002-08-21,18.4974
2002-08-20,18.4161
2002-08-19,18.3599
2002-08-16,18.2721
2002-08-15,18.2029
2002-08-14,18.1104
2002-08-13,18.022
2002-08-12,17.9733
2002-08-09,17.8719
2002-08-08,17.7628
2002-08-07,17.6393
2002-08-06,17.5745
2002-08-05,17.565
2002-08-02,17.5991
2002-08-01,17.5556
2002-07-31,17.4922
2002-07-30,17.3673
2002-07-29,17.2841
2002-07-26,17.206
2002-07-25,17.2008
2002-07-24,17.2347
2002-07-23,17.3306
2002-07-22,17.5412
2002-07-19,17.7433
2002-07-18,17.9527
2002-07-17,18.1133
2002-07-16,18.2051
2002-07-15,18.3454
2002-07-12,18.488
2002-07-11,18.6127
2002-07-10,18.774
2002-07-09,18.9859
2002-07-08,19.1345
2002-07-05,19.2102
2002-07-03,19.2697
2002-07-02,19.3992
2002-07-01,19.5452
2002-06-28,19.6627
2002-06-27,19.7077
2002-06-26,19.7194
2002-06-25,19.7836
2002-06-24,19.8874
2002-06-21,19.9707
2002-06-20,20.0781
2002-06-19,20.1542
2002-06-18,20.1827
2002-06-17,20.2069
2002-06-14,20.2431
2002-06-13,20.3402
2002-06-12,20.4321
2002-06-11,20.4957
2002-06-10,20.5221
2002-06-07,20.5352
2002-06-06,20.5541
2002-06-05,20.5903
2002-06-04,20.6011
2002-06-03,20.6312
2002-05-31,20.6595
2002-05-30,20.6534
2002-05-29,20.6628
2002-05-28,20.6688
2002-05-24,20.6739
2002-05-23,20.6774
2002-05-22,20.6724
2002-05-21,20.6867
2002-05-20,20.6894
2002-05-17,20.6733
2002-05-16,20.6358
2002-05-15,20.5935
2002-05-14,20.5527
2002-05-13,20.5266
2002-05-10,20.5366
2002-05-09,20.5724
2002-05-08,20.5835
2002-05-07,20.5709
2002-05-06,20.6045
2002-05-03,20.646
2002-05-02,20.6509
2002-05-01,20.6425
2002-04-30,20.6258
2002-04-29,20.6462
2002-04-26,20.6899
2002-04-25,20.6885
2002-04-24,20.6511
2002-04-23,20.6163
2002-04-22,20.5925
2002-04-19,20.5502
2002-04-18,20.4931
2002-04-17,20.4475
2002-04-16,20.4199
2002-04-15,20.3944
2002-04-12,20.3809
2002-04-11,20.3645
2002-04-10,20.3537
2002-04-09,20.3052
2002-04-08,20.2714
2002-04-05,20.2369
2002-04-04,20.2075
2002-04-03,20.2007
2002-04-02,20.2231
2002-04-01,20.2201
2002-03-28,20.2043
2002-03-27,20.1671
2002-03-26,20.1451
2002-03-25,20.1521
2002-03-22,20.1475
2002-03-21,20.1102
2002-03-20,20.0573
2002-03-19,19.9849
2002-03-18,19.9056
2002-03-15,19.8158
2002-03-14,19.7355
2002-03-13,19.6857
2002-03-12,19.6453
2002-03-11,19.5933
2002-03-08,19.5286
2002-03-07,19.4468
2002-03-06,19.3783
2002-03-05,19.2865
2002-03-04,19.2143
2002-03-01,19.1316
2002-02-28,19.0614
2002-02-27,19.0225
2002-02-26,18.9854
2002-02-25,18.937
2002-02-22,18.8778
2002-02-21,18.8473
2002-02-20,18.832
2002-02-19,18.8004
2002-02-15,18.813
2002-02-14,18.794
2002-02-13,18.7416
2002-02-12,18.6896
2002-02-11,18.6649
2002-02-08,18.6194
2002-02-07,18.5874
2002-02-06,18.5922
2002-02-05,18.6348
2002-02-04,18.6716
2002-02-01,18.7226
2002-01-31,18.7416
2002-01-30,18.759
2002-01-29,18.7979
2002-01-28,18.8329
2002-01-25,18.8343
2002-01-24,18.8395
2002-01-23,18.8475
2002-01-22,18.8723
2002-01-18,18.8925
2002-01-17,18.9097
2002-01-16,18.9133
2002-01-15,18.9298
2002-01-14,18.8982
2002-01-11,18.8882
2002-01-10,18.8626
2002-01-09,18.821
2002-01-08,18.781
2002-01-07,18.7258
2002-01-04,18.6757
2002-01-03,18.6225
2002-01-02,18.5872
2001-12-31,18.5569
2001-12-28,18.5402
2001-12-27,18.491
2001-12-26,18.4564
2001-12-24,18.4402
2001-12-21,18.4368
2001-12-20,18.4418
2001-12-19,18.4442
2001-12-18,18.4228
2001-12-17,18.389
2001-12-14,18.38
2001-12-13,18.3883
2001-12-12,18.3939
2001-12-11,18.3577
2001-12-10,18.309
2001-12-07,18.269
2001-12-06,18.1788
2001-12-05,18.0675
2001-12-04,17.9517
2001-12-03,17.8916
2001-11-30,17.8499
2001-11-29,17.8054
2001-11-28,17.7642
2001-11-27,17.723
2001-11-26,17.6476
2001-11-23,17.5577
2001-11-21,17.4831
2001-11-20,17.4087
2001-11-19,17.3075
2001-11-16,17.1957
2001-11-15,17.1049
2001-11-14,17.0045
2001-11-13,16.9155
2001-11-12,16.839
2001-11-09,16.807
2001-11-08,16.776
2001-11-07,16.7308
2001-11-06,16.6961
2001-11-05,16.6476
2001-11-02,16.6159
2001-11-01,16.6078
2001-10-31,16.6083
2001-10-30,16.633
2001-10-29,16.683
2001-10-26,16.7141
2001-10-25,16.7032
2001-10-24,16.7065
2001-10-23,16.7204
2001-10-22,16.7072
2001-10-19,16.7037
2001-10-18,16.7479
2001-10-17,16.7909
2001-10-16,16.8108
2001-10-15,16.7787
2001-10-12,16.7608
2001-10-11,16.7475
2001-10-10,16.7168
2001-10-09,16.7245
2001-10-08,16.7702
2001-10-05,16.8046
2001-10-04,16.8295
2001-10-03,16.8381
2001-10-02,16.8425
2001-10-01,16.9108
2001-09-28,17.0082
2001-09-27,17.0838
2001-09-26,17.2008
2001-09-25,17.3558
2001-09-24,17.5423
2001-09-21,17.7368
2001-09-20,18.0015
2001-09-19,18.299
2001-09-18,18.5643
2001-09-17,18.8299
2001-09-10,19.0921
2001-09-07,19.2251
2001-09-06,19.3472
2001-09-05,19.4443
2001-09-04,19.4933
2001-08-31,19.5489
2001-08-30,19.6015
2001-08-29,19.6787
2001-08-28,19.7224
2001-08-27,19.7525
2001-08-24,19.7566
2001-08-23,19.7348
2001-08-22,19.748
2001-08-21,19.7735
2001-08-20,19.7936
2001-08-17,19.8276
2001-08-16,19.8804
2001-08-15,19.9162
2001-08-14,19.9659
2001-08-13,19.9925
2001-08-10,19.9948
2001-08-09,20.0135
2001-08-08,20.0377
2001-08-07,20.0551
2001-08-06,20.0596
2001-08-03,20.0705
2001-08-02,20.0687
2001-08-01,20.0492
2001-07-31,20.0495
2001-07-30,20.0476
2001-07-27,20.0302
2001-07-26,20.011
2001-07-25,19.9927
2001-07-24,20.033
2001-07-23,20.0892
2001-07-20,20.1419
2001-07-19,20.1593
2001-07-18,20.1835
2001-07-17,20.198
2001-07-16,20.1928
2001-07-13,20.2017
2001-07-12,20.2012
2001-07-11,20.2153
2001-07-10,20.2514
2001-07-09,20.2897
2001-07-06,20.3321
2001-07-05,20.3673
2001-07-03,20.3661
2001-07-02,20.3392
2001-06-29,20.3095
2001-06-28,20.292
2001-06-27,20.2821
2001-06-26,20.2872
2001-06-25,20.3271
2001-06-22,20.3384
2001-06-21,20.3561
2001-06-20,20.3478
2001-06-19,20.3628
2001-06-18,20.4245
2001-06-15,20.4986
2001-06-14,20.5484
2001-06-13,20.5978
2001-06-12,20.6122
2001-06-11,20.618
2001-06-08,20.6192
2001-06-07,20.6097
2001-06-06,20.5875
2001-06-05,20.5753
2001-06-04,20.5444
2001-06-01,20.5306
2001-05-31,20.5183
2001-05-30,20.4981
2001-05-29,20.475
2001-05-25,20.4423
2001-05-24,20.3893
2001-05-23,20.3148
2001-05-22,20.2593
2001-05-21,20.1608
2001-05-18,20.0549
2001-05-17,19.9714
2001-05-16,19.8849
2001-05-15,19.8083
2001-05-14,19.7819
2001-05-11,19.7622
2001-05-10,19.731
2001-05-09,19.7067
2001-05-08,19.6937
2001-05-07,19.6924
2001-05-04,19.656
2001-05-03,19.6209
2001-05-02,19.5886
2001-05-01,19.5114
2001-04-30,19.4327
2001-04-27,19.3784
2001-04-26,19.3185
2001-04-25,19.2318
2001-04-24,19.1622
2001-04-23,19.1094
2001-04-20,19.0569
2001-04-19,18.9499
2001-04-18,18.8376
2001-04-17,18.7156
2001-04-16,18.6617
2001-04-12,18.6363
2001-04-11,18.6222
2001-04-10,18.6052
2001-04-09,18.5622
2001-04-06,18.5534
2001-04-05,18.5677
2001-04-04,18.5748
2001-04-03,18.6301
2001-04-02,18.7028
2001-03-30,18.7401
2001-03-29,18.7573
2001-03-28,18.7778
2001-03-27,18.8245
2001-03-26,18.8353
2001-03-23,18.9041
2001-03-22,19.0129
2001-03-21,19.1747
2001-03-20,19.3121
2001-03-19,19.4128
2001-03-16,19.4826
2001-03-15,19.5598
2001-03-14,19.6184
2001-03-13,19.7409
2001-03-12,19.8383
2001-03-09,19.9467
2001-03-08,19.9622
2001-03-07,19.9612
2001-03-06,19.9717
2001-03-05,19.9928
2001-03-02,20.0234
2001-03-01,20.0456
2001-02-28,20.0738
2001-02-27,20.0976
2001-02-26,20.0963
2001-02-23,20.132
2001-02-22,20.1823
2001-02-21,20.2322
2001-02-20,20.2472
2001-02-16,20.2528
2001-02-15,20.2569
2001-02-14,20.2519
2001-02-13,20.2551
2001-02-12,20.2354
2001-02-09,20.2157
2001-02-08,20.2115
2001-02-07,20.1718
2001-02-06,20.1411
2001-02-05,20.1275
2001-02-02,20.1147
2001-02-01,20.0992
2001-01-31,20.0564
2001-01-30,20.0376
2001-01-29,20.0037
2001-01-26,19.9618
2001-01-25,19.9506
2001-01-24,19.9162
2001-01-23,19.8746
2001-01-22,19.8083
2001-01-19,19.7838
2001-01-18,19.7421
2001-01-17,19.6421
2001-01-16,19.525
2001-01-12,19.4116
2001-01-11,19.3088
2001-01-10,19.2237
2001-01-09,19.1763
2001-01-08,19.1399
2001-01-05,19.1253
2001-01-04,19.0791
2001-01-03,18.9713
2001-01-02,18.9126
2000-12-29,18.9979
2000-12-28,19.0113
2000-12-27,19.0035
2000-12-26,19.0291
2000-12-22,19.064
2000-12-21,19.1062
2000-12-20,19.1856
2000-12-19,19.2873
2000-12-18,19.3085
2000-12-15,19.3342
2000-12-14,19.3509
2000-12-13,19.3213
2000-12-12,19.2703
2000-12-11,19.2257
2000-12-08,19.1807
2000-12-07,19.1528
2000-12-06,19.1648
2000-12-05,19.144
2000-12-04,19.1428
2000-12-01,19.1924
2000-11-30,19.2486
2000-11-29,19.3246
2000-11-28,19.3904
2000-11-27,19.4675
2000-11-24,19.528
2000-11-22,19.6072
2000-11-21,19.7034
2000-11-20,19.7909
2000-11-17,19.8396
2000-11-16,19.8818
2000-11-15,19.9153
2000-11-14,19.9269
2000-11-13,19.95
2000-11-10,20.0248
2000-11-09,20.0633
2000-11-08,20.0977
2000-11-07,20.0354
2000-11-06,19.9483
2000-11-03,19.8616
2000-11-02,19.7802
2000-11-01,19.6823
2000-10-31,19.5937
2000-10-30,19.5104
2000-10-27,19.4662
2000-10-26,19.4568
2000-10-25,19.4645
2000-10-24,19.5013
2000-10-23,19.5057
2000-10-20,19.5157
2000-10-19,19.5558
2000-10-18,19.6408
2000-10-17,19.7581
2000-10-16,19.919
2000-10-13,19.9972
2000-10-12,20.0639
2000-10-11,20.1756
2000-10-10,20.2298
2000-10-09,20.236
2000-10-06,20.245
2000-10-05,20.2418
2000-10-04,20.1866
2000-10-03,20.1453
2000-10-02,20.1164
2000-09-29,20.0924
2000-09-28,20.0936
2000-09-27,20.089
2000-09-26,20.1444
2000-09-25,20.1699
2000-09-22,20.1981
2000-09-21,20.2598
2000-09-20,20.3099
2000-09-19,20.3848
2000-09-18,20.427
2000-09-15,20.4597
2000-09-14,20.4922
2000-09-13,20.5194
2000-09-12,20.527
2000-09-11,20.5579
2000-09-08,20.5905
2000-09-07,20.6347
2000-09-06,20.6849
2000-09-05,20.7229
2000-09-01,20.7563
2000-08-31,20.7494
2000-08-30,20.7397
2000-08-29,20.7159
2000-08-28,20.7041
2000-08-25,20.7013
2000-08-24,20.6763
2000-08-23,20.6851
2000-08-22,20.689
2000-08-21,20.6962
2000-08-18,20.6765
2000-08-17,20.6613
2000-08-16,20.6445
2000-08-15,20.6172
2000-08-14,20.5848
2000-08-11,20.5374
2000-08-10,20.5105
2000-08-09,20.4938
2000-08-08,20.4805
2000-08-07,20.4446
2000-08-04,20.4123
2000-08-03,20.3591
2000-08-02,20.3447
2000-08-01,20.3404
2000-07-31,20.3443
2000-07-28,20.3669
2000-07-27,20.4129
2000-07-26,20.4405
2000-07-25,20.4849
2000-07-24,20.5171
2000-07-21,20.5535
2000-07-20,20.5734
2000-07-19,20.5408
2000-07-18,20.5389
2000-07-17,20.5507
2000-07-14,20.5295
2000-07-13,20.4785
2000-07-12,20.4563
2000-07-11,20.439
2000-07-10,20.4592
2000-07-07,20.4574
2000-07-06,20.4374
2000-07-05,20.4333
2000-07-03,20.4246
2000-06-30,20.4287
2000-06-29,20.4288
2000-06-28,20.4356
2000-06-27,20.475
2000-06-26,20.5091
2000-06-23,20.5425
2000-06-22,20.559
2000-06-21,20.5365
2000-06-20,20.5066
2000-06-19,20.4633
2000-06-16,20.4126
2000-06-15,20.3696
2000-06-14,20.2974
2000-06-13,20.2786
2000-06-12,20.2943
2000-06-09,20.2825
2000-06-08,20.2491
2000-06-07,20.2434
2000-06-06,20.2205
2000-06-05,20.1893
2000-06-02,20.1366
2000-06-01,20.0718
2000-05-31,20.0526
2000-05-30,20.0176
2000-05-26,20.0014
2000-05-25,20.0679
2000-05-24,20.1254
2000-05-23,20.1729
2000-05-22,20.2392
2000-05-19,20.2951
2000-05-18,20.3336
2000-05-17,20.3187
2000-05-16,20.3
2000-05-15,20.2546
2000-05-12,20.2328
2000-05-11,20.2436
2000-05-10,20.292
2000-05-09,20.3432
2000-05-08,20.397
2000-05-05,20.4411
2000-05-04,20.4949
2000-05-03,20.5515
2000-05-02,20.6075
2000-05-01,20.6091
2000-04-28,20.5664
2000-04-27,20.5265
2000-04-26,20.5028
2000-04-25,20.4628
2000-04-24,20.4411
2000-04-20,20.4709
2000-04-19,20.4734
2000-04-18,20.4848
2000-04-17,20.552
2000-04-14,20.6822
2000-04-13,20.8429
2000-04-12,20.891
2000-04-11,20.8882
2000-04-10,20.8444
2000-04-07,20.8156
2000-04-06,20.7685
2000-04-05,20.7222
2000-04-04,20.7133
2000-04-03,20.6888
2000-03-31,20.6364
2000-03-30,20.5777
2000-03-29,20.5521
2000-03-28,20.4925
2000-03-27,20.3925
2000-03-24,20.2841
2000-03-23,20.1483
2000-03-22,20.0178
2000-03-21,19.8823
2000-03-20,19.7886
2000-03-17,19.6981
2000-03-16,19.6396
2000-03-15,19.5771
2000-03-14,19.6127
2000-03-13,19.6623
2000-03-10,19.7222
2000-03-09,19.7738
2000-03-08,19.8142
2000-03-07,19.9053
2000-03-06,19.9959
2000-03-03,20.0582
2000-03-02,20.0863
2000-03-01,20.1457
2000-02-29,20.2019
2000-02-28,20.2815
2000-02-25,20.392
2000-02-24,20.5498
2000-02-23,20.6602
2000-02-22,20.7662
2000-02-18,20.9154
2000-02-17,21.0657
2000-02-16,21.1736
2000-02-15,21.2915
2000-02-14,21.3607
2000-02-11,21.4204
2000-02-10,21.4449
2000-02-09,21.4735
2000-02-08,21.4855
2000-02-07,21.458
2000-02-04,21.4523
2000-02-03,21.4089
2000-02-02,21.3689
2000-02-01,21.3451
2000-01-31,21.3734
2000-01-28,21.433
2000-01-27,21.4887
2000-01-26,21.5044
2000-01-25,21.5087
2000-01-24,21.5033
2000-01-21,21.5133
2000-01-20,21.4545
2000-01-19,21.3852
2000-01-18,21.2904
2000-01-14,21.2401
2000-01-13,21.1417
2000-01-12,21.0118
2000-01-11,20.9366
2000-01-10,20.8149
2000-01-07,20.6171
2000-01-06,20.6197
2000-01-05,20.6487
2000-01-04,20.6742
2000-01-03,20.6966
1999-12-31,20.6711
1999-12-30,20.6
1999-12-29,20.5433
1999-12-28,20.4886
1999-12-27,20.4267
1999-12-23,20.3627
1999-12-22,20.2919
1999-12-21,20.2595
1999-12-20,20.2259
1999-12-17,20.1749
1999-12-16,20.111
1999-12-15,20.078
1999-12-14,20.0581
1999-12-13,20.0181
1999-12-10,19.9782
1999-12-09,19.9197
1999-12-08,19.8412
1999-12-07,19.7871
1999-12-06,19.7482
1999-12-03,19.6994
1999-12-02,19.6578
1999-12-01,19.6523
1999-11-30,19.6643
1999-11-29,19.6732
