date,ADX
2024-10-04,18.9057
2024-10-03,19.1707
2024-10-02,19.5818
2024-10-01,20.2524
2024-09-30,21.2623
2024-09-27,22.2009
2024-09-26,23.3592
2024-09-25,24.1976
2024-09-24,25.191
2024-09-23,26.4724
2024-09-20,27.5044
2024-09-19,28.5064
2024-09-18,29.2978
2024-09-17,30.1309
2024-09-16,30.8777
2024-09-13,30.9496
2024-09-12,31.2885
2024-09-11,31.8402
2024-09-10,32.5801
2024-09-09,32.4637
2024-09-06,32.4293
2024-09-05,32.393
2024-09-04,32.3053
2024-09-03,31.036
2024-08-30,30.0545
2024-08-29,29.1482
2024-08-28,28.2995
2024-08-27,27.5003
2024-08-26,26.7543
2024-08-23,25.876
2024-08-22,25.0707
2024-08-21,24.2715
2024-08-20,23.4913
2024-08-19,22.67
2024-08-16,22.0953
2024-08-15,21.6945
2024-08-14,21.3145
2024-08-13,21.1665
2024-08-12,21.1795
2024-08-09,21.4918
2024-08-08,21.7388
2024-08-07,22.2968
2024-08-06,23.2957
2024-08-05,23.7785
2024-08-02,24.4828
2024-08-01,24.0365
2024-07-31,23.0437
2024-07-30,22.1726
2024-07-29,21.2192
2024-07-26,20.3571
2024-07-25,19.4496
2024-07-24,18.4944
2024-07-23,17.8677
2024-07-22,17.3896
2024-07-19,17.0127
2024-07-18,16.7381
2024-07-17,16.449
2024-07-16,15.2642
2024-07-15,14.3948
2024-07-12,13.7521
2024-07-11,12.9628
2024-07-10,12.4924
2024-07-09,12.5138
2024-07-08,13.1181
2024-07-05,13.6655
2024-07-03,14.3018
2024-07-02,14.9715
2024-07-01,15.4443
2024-06-28,15.3878
2024-06-27,15.5173
2024-06-26,15.9724
2024-06-25,16.0535
2024-06-24,15.8493
2024-06-21,15.533
2024-06-20,15.6194
2024-06-18,15.9401
2024-06-17,16.0996
2024-06-14,16.4564
2024-06-13,16.7989
2024-06-12,17.1593
2024-06-11,16.9868
2024-06-10,16.8689
2024-06-07,16.7447
2024-06-06,16.4722
2024-06-05,16.3697
2024-06-04,16.4718
2024-06-03,16.7204
2024-05-31,17.1175
2024-05-30,17.9976
2024-05-29,18.2009
2024-05-28,18.2126
2024-05-24,18.6385
2024-05-23,19.0876
2024-05-22,19.2876
2024-05-21,18.8922
2024-05-20,18.403
2024-05-17,18.0851
2024-05-16,17.7562
2024-05-15,17.3025
2024-05-14,16.852
2024-05-13,17.2632
2024-05-10,17.7523
2024-05-09,18.1595
2024-05-08,18.9112
2024-05-07,19.8687
2024-05-06,20.7859
2024-05-03,21.0809
2024-05-02,21.2725
2024-05-01,21.4743
2024-04-30,21.6866
2024-04-29,22.1667
2024-04-26,22.4855
2024-04-25,22.5638
2024-04-24,22.6462
2024-04-23,23.0806
2024-04-22,23.5378
2024-04-19,23.5513
2024-04-18,22.8833
2024-04-17,22.1283
2024-04-16,21.3348
2024-04-15,20.5908
2024-04-12,19.8076
2024-04-11,18.8161
2024-04-10,18.2975
2024-04-09,17.894
2024-04-08,17.8275
2024-04-05,17.841
2024-04-04,17.8552
2024-04-03,17.9483
2024-04-02,18.646
2024-04-01,19.2026
2024-03-28,19.6171
2024-03-27,19.1033
2024-03-26,18.7424
2024-03-25,19.0832
2024-03-22,19.4789
2024-03-21,19.7501
2024-03-20,19.9936
2024-03-19,20.5315
2024-03-18,21.0977
2024-03-15,21.8179
2024-03-14,22.7576
2024-03-13,23.6193
2024-03-12,24.1662
2024-03-11,24.8578
2024-03-08,25.8885
2024-03-07,26.561
2024-03-06,27.3436
2024-03-05,28.3511
2024-03-04,29.4677
2024-03-01,30.0867
2024-02-29,30.8199
2024-02-28,31.4948
2024-02-27,31.9256
2024-02-26,32.0307
2024-02-23,31.6553
2024-02-22,31.0552
2024-02-21,30.6134
2024-02-20,30.6624
2024-02-16,30.4186
2024-02-15,30.1313
2024-02-14,30.1535
2024-02-13,30.5861
2024-02-12,31.0414
2024-02-09,30.9839
2024-02-08,30.6895
2024-02-07,30.3956
2024-02-06,29.7441
2024-02-05,29.2876
2024-02-02,29.0117
2024-02-01,28.908
2024-01-31,28.9285
2024-01-30,28.6933
2024-01-29,28.709
2024-01-26,28.8948
2024-01-25,29.3122
2024-01-24,30.1145
2024-01-23,30.1769
2024-01-22,30.4483
2024-01-19,30.5824
2024-01-18,30.9283
2024-01-17,31.3959
2024-01-16,31.0117
2024-01-12,30.3098
2024-01-11,29.1647
2024-01-10,27.9891
2024-01-09,26.7516
2024-01-08,25.449
2024-01-05,24.3245
2024-01-04,23.2971
2024-01-03,22.0896
2024-01-02,20.9225
2023-12-29,19.8023
2023-12-28,19.2804
2023-12-27,18.6404
2023-12-26,18.1896
2023-12-22,17.8132
2023-12-21,17.4924
2023-12-20,17.4886
2023-12-19,17.4846
2023-12-18,16.9631
2023-12-15,16.5851
2023-12-14,16.1871
2023-12-13,15.1742
2023-12-12,14.2418
2023-12-11,13.9982
2023-12-08,13.9375
2023-12-07,14.2054
2023-12-06,14.4999
2023-12-05,14.5599
2023-12-04,14.7503
2023-12-01,14.7842
2023-11-30,14.9515
2023-11-29,15.3462
2023-11-28,16.1413
2023-11-27,16.9577
2023-11-24,17.6013
2023-11-22,18.0166
2023-11-21,18.6044
2023-11-20,19.4739
2023-11-17,20.3081
2023-11-16,21.056
2023-11-15,21.7588
2023-11-14,22.3759
2023-11-13,23.0255
2023-11-10,23.1245
2023-11-09,22.8738
2023-11-08,22.8218
2023-11-07,23.3763
2023-11-06,24.1267
2023-11-03,24.8333
2023-11-02,25.4709
2023-11-01,25.5749
2023-10-31,24.9413
2023-10-30,23.8762
2023-10-27,22.4694
2023-10-26,20.9886
2023-10-25,19.9888
2023-10-24,19.0428
2023-10-23,18.4095
2023-10-20,17.8316
2023-10-19,17.5123
2023-10-18,17.1762
2023-10-17,17.4987
2023-10-16,18.1927
2023-10-13,18.9977
2023-10-12,19.351
2023-10-11,19.6755
2023-10-10,20.279
2023-10-09,20.9348
2023-10-06,21.0745
2023-10-05,21.136
2023-10-04,20.3023
2023-10-03,18.9127
2023-10-02,17.4499
2023-09-29,15.954
2023-09-28,14.7768
2023-09-27,13.7789
2023-09-26,12.7285
2023-09-25,12.1431
2023-09-22,11.5307
2023-09-21,11.0124
2023-09-20,10.6023
2023-09-19,10.6602
2023-09-18,10.345
2023-09-15,10.1256
2023-09-14,10.1543
2023-09-13,10.5275
2023-09-12,10.7666
2023-09-11,10.9137
2023-09-08,11.1234
2023-09-07,10.9601
2023-09-06,10.7959
2023-09-05,10.3892
2023-09-01,10.4816
2023-08-31,11.0276
2023-08-30,11.6023
2023-08-29,11.4379
2023-08-28,11.5899
2023-08-25,12.0393
2023-08-24,12.6194
2023-08-23,13.2397
2023-08-22,13.6026
2023-08-21,14.2214
2023-08-18,14.8728
2023-08-17,15.5379
2023-08-16,16.097
2023-08-15,16.157
2023-08-14,15.7305
2023-08-11,15.2032
2023-08-10,14.8767
2023-08-09,14.4161
2023-08-08,14.2315
2023-08-07,14.2265
2023-08-04,14.6455
2023-08-03,15.2235
2023-08-02,15.5842
2023-08-01,15.6891
2023-07-31,15.8216
2023-07-28,15.7088
2023-07-27,15.2048
2023-07-26,14.4953
2023-07-25,13.8199
2023-07-24,13.1089
2023-07-21,11.8819
2023-07-20,10.6342
2023-07-19,9.6269
2023-07-18,9.1378
2023-07-17,8.9555
2023-07-14,9.1269
2023-07-13,9.3074
2023-07-12,9.3302
2023-07-11,9.3542
2023-07-10,9.3658
2023-07-07,9.2491
2023-07-06,9.1263
2023-07-05,9.4459
2023-07-03,9.7591
2023-06-30,10.0815
2023-06-29,10.1171
2023-06-28,10.5481
2023-06-27,10.7878
2023-06-26,11.0401
2023-06-23,11.3057
2023-06-22,11.5965
2023-06-21,11.9025
2023-06-20,12.4506
2023-06-16,13.0276
2023-06-15,13.2136
2023-06-14,13.6907
2023-06-13,14.112
2023-06-12,14.8345
2023-06-09,15.2744
2023-06-08,15.7177
2023-06-07,15.9216
2023-06-06,15.9636
2023-06-05,16.0457
2023-06-02,16.5342
2023-06-01,16.732
2023-05-31,16.2423
2023-05-30,15.3079
2023-05-26,14.4155
2023-05-25,13.6982
2023-05-24,12.8454
2023-05-23,12.4726
2023-05-22,12.3684
2023-05-19,12.773
2023-05-18,13.1264
2023-05-17,12.9182
2023-05-16,12.6991
2023-05-15,12.9181
2023-05-12,13.3651
2023-05-11,13.9174
2023-05-10,14.389
2023-05-09,15.0551
2023-05-08,15.801
2023-05-05,16.4713
2023-05-04,17.1223
2023-05-03,17.8706
2023-05-02,18.4415
2023-05-01,19.0592
2023-04-28,19.4106
2023-04-27,20.0493
2023-04-26,21.0284
2023-04-25,22.1038
2023-04-24,22.1962
2023-04-21,21.9549
2023-04-20,21.8013
2023-04-19,22.0008
2023-04-18,22.0178
2023-04-17,21.9445
2023-04-14,21.6794
2023-04-13,21.2504
2023-04-12,20.7407
2023-04-11,20.4331
2023-04-10,20.2482
2023-04-06,20.2896
2023-04-05,20.0745
2023-04-04,20.0322
2023-04-03,20.5032
2023-03-31,21.2085
2023-03-30,22.1357
2023-03-29,22.5054
2023-03-28,22.7591
2023-03-27,23.0261
2023-03-24,23.6071
2023-03-23,23.5914
2023-03-22,23.4058
2023-03-21,23.4908
2023-03-20,23.8716
2023-03-17,23.9148
2023-03-16,23.8889
2023-03-15,23.8616
2023-03-14,23.3189
2023-03-13,22.8299
2023-03-10,22.3153
2023-03-09,21.2254
2023-03-08,20.2672
2023-03-07,19.5589
2023-03-06,19.067
2023-03-03,19.1712
2023-03-02,19.0382
2023-03-01,18.2885
2023-02-28,16.97
2023-02-27,15.7519
2023-02-24,14.6854
2023-02-23,13.6504
2023-02-22,12.9065
2023-02-21,12.2364
2023-02-17,11.7099
2023-02-16,11.1558
2023-02-15,10.7277
2023-02-14,10.6975
2023-02-13,10.8398
2023-02-10,10.7931
2023-02-09,10.2546
2023-02-08,9.6879
2023-02-07,9.5052
2023-02-06,9.3129
2023-02-03,9.3879
2023-02-02,9.654
2023-02-01,9.7868
2023-01-31,10.0118
2023-01-30,9.6112
2023-01-27,9.1894
2023-01-26,9.1715
2023-01-25,9.1672
2023-01-24,8.992
2023-01-23,8.9445
2023-01-20,9.2722
2023-01-19,9.1568
2023-01-18,8.9309
2023-01-17,8.8716
2023-01-13,9.1709
2023-01-12,9.4859
2023-01-11,9.9821
2023-01-10,10.3377
2023-01-09,10.8399
2023-01-06,11.392
2023-01-05,11.8707
2023-01-04,12.343
2023-01-03,12.7792
2022-12-30,13.3185
2022-12-29,13.9881
2022-12-28,14.3753
2022-12-27,14.8392
2022-12-23,15.197
2022-12-22,15.641
2022-12-21,16.1548
2022-12-20,16.5194
2022-12-19,17.3558
2022-12-16,18.1931
2022-12-15,18.9719
2022-12-14,19.1019
2022-12-13,18.556
2022-12-12,17.9815
2022-12-09,17.9021
2022-12-08,17.8185
2022-12-07,17.5341
2022-12-06,17.4689
2022-12-05,17.4696
2022-12-02,17.0375
2022-12-01,16.5632
2022-11-30,15.8379
2022-11-29,15.2767
2022-11-28,15.3834
2022-11-25,15.2163
2022-11-23,14.8155
2022-11-22,14.5604
2022-11-21,14.4438
2022-11-18,14.4884
2022-11-17,14.6355
2022-11-16,15.1209
2022-11-15,15.3501
2022-11-14,15.5914
2022-11-11,15.4692
2022-11-10,15.3863
2022-11-09,14.9037
2022-11-08,14.7065
2022-11-07,14.4833
2022-11-04,14.5341
2022-11-03,14.8843
2022-11-02,15.3831
2022-11-01,15.3929
2022-10-31,15.1201
2022-10-28,14.6874
2022-10-27,14.2921
2022-10-26,14.1217
2022-10-25,13.9424
2022-10-24,14.2883
2022-10-21,14.8266
2022-10-20,15.1696
2022-10-19,15.1186
2022-10-18,15.0939
2022-10-17,15.6021
2022-10-14,15.6238
2022-10-13,15.6467
2022-10-12,15.326
2022-10-11,15.4305
2022-10-10,15.5406
2022-10-07,15.4316
2022-10-06,15.4365
2022-10-05,16.2074
2022-10-04,17.0305
2022-10-03,17.6618
2022-09-30,17.515
2022-09-29,17.209
2022-09-28,17.1234
2022-09-27,17.0644
2022-09-26,16.5564
2022-09-23,15.7934
2022-09-22,15.0255
2022-09-21,14.3733
2022-09-20,13.8231
2022-09-19,13.5234
2022-09-16,13.3068
2022-09-15,13.4259
2022-09-14,13.8139
2022-09-13,13.9773
2022-09-12,14.2515
2022-09-09,14.3165
2022-09-08,14.7224
2022-09-07,15.3905
2022-09-06,15.3368
2022-09-02,14.9941
2022-09-01,14.6333
2022-08-31,13.9231
2022-08-30,13.2594
2022-08-29,12.6831
2022-08-26,12.1952
2022-08-25,12.0565
2022-08-24,12.5054
2022-08-23,12.6141
2022-08-22,12.7285
2022-08-19,13.373
2022-08-18,13.4136
2022-08-17,13.5153
2022-08-16,13.1485
2022-08-15,12.5532
2022-08-12,11.9265
2022-08-11,11.4811
2022-08-10,11.0122
2022-08-09,10.7358
2022-08-08,10.5361
2022-08-05,10.3116
2022-08-04,10.3799
2022-08-03,10.1286
2022-08-02,9.8624
2022-08-01,9.5822
2022-07-29,9.3873
2022-07-28,9.0729
2022-07-27,8.7418
2022-07-26,8.6608
2022-07-25,8.7136
2022-07-22,9.0611
2022-07-21,9.4269
2022-07-20,9.9067
2022-07-19,10.2344
2022-07-18,10.6725
2022-07-15,11.1337
2022-07-14,11.5188
2022-07-13,11.6744
2022-07-12,12.2608
2022-07-11,12.699
2022-07-08,12.7324
2022-07-07,12.7676
2022-07-06,13.1161
2022-07-05,13.4934
2022-07-01,14.1978
2022-06-30,14.7996
2022-06-29,15.5392
2022-06-28,16.2926
2022-06-27,17.0856
2022-06-24,17.5927
2022-06-23,18.3113
2022-06-22,19.0876
2022-06-21,19.5832
2022-06-17,19.5172
2022-06-16,18.9573
2022-06-15,17.8632
2022-06-14,16.8631
2022-06-13,15.4583
2022-06-10,14.1689
2022-06-09,13.3831
2022-06-08,13.0297
2022-06-07,13.2634
2022-06-06,13.5095
2022-06-03,13.5807
2022-06-02,13.692
2022-06-01,13.8092
2022-05-31,14.1762
2022-05-27,14.8387
2022-05-26,15.4486
2022-05-25,16.0121
2022-05-24,16.5545
2022-05-23,16.9755
2022-05-20,17.5625
2022-05-19,17.8424
2022-05-18,17.8613
2022-05-17,18.0848
2022-05-16,18.8243
2022-05-13,19.3619
2022-05-12,19.548
2022-05-11,19.259
2022-05-10,19.0649
2022-05-09,18.6019
2022-05-06,18.153
2022-05-05,18.0973
2022-05-04,18.1504
2022-05-03,18.2063
2022-05-02,17.6836
2022-04-29,17.0667
2022-04-28,16.8779
2022-04-27,16.9761
2022-04-26,16.8223
2022-04-25,16.8038
2022-04-22,16.7844
2022-04-21,17.0992
2022-04-20,17.3572
2022-04-19,17.5631
2022-04-18,18.2402
2022-04-14,18.9759
2022-04-13,19.1645
2022-04-12,19.526
2022-04-11,19.8681
2022-04-08,19.6889
2022-04-07,18.7917
2022-04-06,18.0449
2022-04-05,17.84
2022-04-04,17.8207
2022-04-01,18.0189
2022-03-31,18.2275
2022-03-30,18.3473
2022-03-29,18.1733
2022-03-28,17.9901
2022-03-25,18.167
2022-03-24,18.5467
2022-03-23,19.162
2022-03-22,19.8097
2022-03-21,19.8937
2022-03-18,19.9821
2022-03-17,20.2788
2022-03-16,20.8057
2022-03-15,21.9001
2022-03-14,22.6311
2022-03-11,23.1361
2022-03-10,23.4456
2022-03-09,23.5006
2022-03-08,23.6466
2022-03-07,23.7011
2022-03-04,24.2167
2022-03-03,24.8796
2022-03-02,25.7167
2022-03-01,26.3922
2022-02-28,26.6367
2022-02-25,26.8229
2022-02-24,27.0189
2022-02-23,25.8759
2022-02-22,25.0353
2022-02-18,24.1303
2022-02-17,23.2979
2022-02-16,22.6259
2022-02-15,22.1131
2022-02-14,21.6427
2022-02-11,20.9159
2022-02-10,20.5496
2022-02-09,20.4787
2022-02-08,20.9227
2022-02-07,21.0007
2022-02-04,21.2439
2022-02-03,21.4998
2022-02-02,22.0766
2022-02-01,22.6837
2022-01-31,22.6966
2022-01-28,22.5813
2022-01-27,22.1135
2022-01-26,21.3555
2022-01-25,20.4576
2022-01-24,19.409
2022-01-21,18.2889
2022-01-20,17.9029
2022-01-19,17.84
2022-01-18,17.9815
2022-01-14,17.9427
2022-01-13,18.1147
2022-01-12,18.6668
2022-01-11,19.4985
2022-01-10,20.3739
2022-01-07,21.2767
2022-01-06,21.947
2022-01-05,22.8666
2022-01-04,23.734
2022-01-03,24.4903
2021-12-31,24.8297
2021-12-30,24.0095
2021-12-29,22.8974
2021-12-28,21.8253
2021-12-27,20.7661
2021-12-23,19.7286
2021-12-22,18.8527
2021-12-21,18.1457
2021-12-20,17.8205
2021-12-17,17.4782
2021-12-16,16.42
2021-12-15,15.086
2021-12-14,14.0124
2021-12-13,13.4841
2021-12-10,12.928
2021-12-09,12.801
2021-12-08,12.78
2021-12-07,13.004
2021-12-06,13.5455
2021-12-03,13.7502
2021-12-02,13.897
2021-12-01,13.6055
2021-11-30,13.5349
2021-11-29,13.4829
2021-11-26,13.7663
2021-11-24,14.0646
2021-11-23,14.7414
2021-11-22,15.426
2021-11-19,15.9005
2021-11-18,16.0382
2021-11-17,16.4122
2021-11-16,16.8058
2021-11-15,17.2202
2021-11-12,17.5928
2021-11-11,17.8798
2021-11-10,18.3744
2021-11-09,18.7729
2021-11-08,19.2898
2021-11-05,19.8339
2021-11-04,20.4468
2021-11-03,20.4457
2021-11-02,20.3034
2021-11-01,20.2025
2021-10-29,20.2859
2021-10-28,20.518
2021-10-27,21.049
2021-10-26,21.6731
2021-10-25,22.3227
2021-10-22,23.2712
2021-10-21,24.347
2021-10-20,25.6248
2021-10-19,26.845
2021-10-18,27.5768
2021-10-15,27.7651
2021-10-14,28.266
2021-10-13,28.5119
2021-10-12,28.0074
2021-10-11,27.5318
2021-10-08,27.2237
2021-10-07,27.0763
2021-10-06,26.9211
2021-10-05,25.6366
2021-10-04,24.5086
2021-10-01,23.3212
2021-09-30,22.1675
2021-09-29,21.3479
2021-09-28,20.7222
2021-09-27,19.9603
2021-09-24,19.8075
2021-09-23,20.32
2021-09-22,20.8874
2021-09-21,20.951
2021-09-20,21.1596
2021-09-17,21.1821
2021-09-16,21.841
2021-09-15,22.5347
2021-09-14,23.2728
2021-09-13,23.8006
2021-09-10,24.3561
2021-09-09,25.4795
2021-09-08,26.4352
2021-09-07,26.8852
2021-09-03,27.359
2021-09-02,27.4498
2021-09-01,27.6543
2021-08-31,28.3368
2021-08-30,28.629
2021-08-27,28.9981
2021-08-26,29.5423
2021-08-25,30.0573
2021-08-24,30.4815
2021-08-23,30.648
2021-08-20,30.3678
2021-08-19,30.1979
2021-08-18,30.1526
2021-08-17,29.6312
2021-08-16,29.0109
2021-08-13,28.7639
2021-08-12,28.9776
2021-08-11,29.4737
2021-08-10,29.996
2021-08-09,30.0329
2021-08-06,29.8303
2021-08-05,29.7968
2021-08-04,29.7615
2021-08-03,28.8808
2021-08-02,28.0168
2021-07-30,27.4679
2021-07-29,26.9522
2021-07-28,26.5268
2021-07-27,26.1193
2021-07-26,25.9431
2021-07-23,25.7044
2021-07-22,25.3606
2021-07-21,25.4975
2021-07-20,25.8507
2021-07-19,26.202
2021-07-16,26.9926
2021-07-15,26.727
2021-07-14,26.6169
2021-07-13,25.8152
2021-07-12,24.9464
2021-07-09,23.9737
2021-07-08,23.0835
2021-07-07,22.3569
2021-07-06,21.1932
2021-07-02,20.1886
2021-07-01,19.1312
2021-06-30,18.392
2021-06-29,17.9445
2021-06-28,17.2995
2021-06-25,16.7494
2021-06-24,16.1704
2021-06-23,15.5854
2021-06-22,15.2648
2021-06-21,14.9272
2021-06-18,14.6436
2021-06-17,14.7067
2021-06-16,14.5732
2021-06-15,14.4462
2021-06-14,14.4733
2021-06-11,14.6029
2021-06-10,14.6805
2021-06-09,14.7621
2021-06-08,15.5359
2021-06-07,16.1036
2021-06-04,16.8352
2021-06-03,17.4789
2021-06-02,17.8705
2021-06-01,18.4353
2021-05-28,19.1823
2021-05-27,19.5719
2021-05-26,20.3149
2021-05-25,21.097
2021-05-24,21.4176
2021-05-21,21.5313
2021-05-20,21.651
2021-05-19,22.0353
2021-05-18,23.0968
2021-05-17,23.6586
2021-05-14,24.0616
2021-05-13,24.493
2021-05-12,25.1152
2021-05-11,25.9707
2021-05-10,26.4015
2021-05-07,25.985
2021-05-06,25.6898
2021-05-05,25.8929
2021-05-04,25.4115
2021-05-03,25.0804
2021-04-30,24.7636
2021-04-29,24.7637
2021-04-28,24.7639
2021-04-27,24.1614
2021-04-26,23.2552
2021-04-23,21.8022
2021-04-22,20.2727
2021-04-21,18.7483
2021-04-20,17.17
2021-04-19,15.8099
2021-04-16,14.5916
2021-04-15,13.3091
2021-04-14,12.1596
2021-04-13,11.6191
2021-04-12,11.107
2021-04-09,10.808
2021-04-08,10.6175
2021-04-07,10.7968
2021-04-06,11.0336
2021-04-05,11.0736
2021-04-01,11.0035
2021-03-31,11.1507
2021-03-30,11.0244
2021-03-29,10.9711
2021-03-26,10.7782
2021-03-25,10.8891
2021-03-24,10.9041
2021-03-23,11.4084
2021-03-22,11.9392
2021-03-19,12.4979
2021-03-18,12.888
2021-03-17,13.2239
2021-03-16,13.5147
2021-03-15,14.1145
2021-03-12,14.6116
2021-03-11,14.8257
2021-03-10,15.051
2021-03-09,15.2068
2021-03-08,15.3707
2021-03-05,15.2498
2021-03-04,14.5827
2021-03-03,13.5857
2021-03-02,13.1617
2021-03-01,13.3213
2021-02-26,13.4893
2021-02-25,13.3512
2021-02-24,13.4749
2021-02-23,13.9018
2021-02-22,14.0541
2021-02-19,14.0774
2021-02-18,14.5992
2021-02-17,15.0959
2021-02-16,15.4772
2021-02-12,15.8102
2021-02-11,16.0156
2021-02-10,16.5211
2021-02-09,17.0531
2021-02-08,17.9312
2021-02-05,18.8555
2021-02-04,19.8285
2021-02-03,20.6947
2021-02-02,21.5792
2021-02-01,22.4878
2021-01-29,23.6657
2021-01-28,24.9057
2021-01-27,25.8416
2021-01-26,27.1232
2021-01-25,26.6163
2021-01-22,26.2514
2021-01-21,25.9226
2021-01-20,25.5177
2021-01-19,25.0915
2021-01-15,24.7692
2021-01-14,24.7197
2021-01-13,24.3256
2021-01-12,23.9749
2021-01-11,23.6056
2021-01-08,22.6169
2021-01-07,21.6255
2021-01-06,20.7924
2021-01-05,20.272
2021-01-04,20.1788
2020-12-31,20.1663
2020-12-30,19.7409
2020-12-29,19.5234
2020-12-28,19.3264
2020-12-24,19.2754
2020-12-23,19.4261
2020-12-22,19.5757
2020-12-21,19.8949
2020-12-18,20.2309
2020-12-17,19.6884
2020-12-16,19.1957
2020-12-15,18.8528
2020-12-14,18.5083
2020-12-11,18.1457
2020-12-10,18.0752
2020-12-09,17.5738
2020-12-08,17.046
2020-12-07,16.5807
2020-12-04,16.1561
2020-12-03,15.7091
2020-12-02,15.4167
2020-12-01,15.1344
2020-11-30,14.8372
2020-11-27,14.9974
2020-11-25,15.2478
2020-11-24,15.6272
2020-11-23,15.885
2020-11-20,16.1979
2020-11-19,16.3661
2020-11-18,16.561
2020-11-17,16.5342
2020-11-16,16.0603
2020-11-13,15.3526
2020-11-12,14.7132
2020-11-11,14.2396
2020-11-10,13.5703
2020-11-09,12.9442
2020-11-06,12.0859
2020-11-05,11.8136
2020-11-04,11.3994
2020-11-03,10.9634
2020-11-02,11.4569
2020-10-30,11.2826
2020-10-29,10.5719
2020-10-28,9.987
2020-10-27,9.6817
2020-10-26,10.0289
2020-10-23,10.3942
2020-10-22,10.2097
2020-10-21,10.3113
2020-10-20,10.7305
2020-10-19,10.9589
2020-10-16,11.1993
2020-10-15,10.9737
2020-10-14,11.24
2020-10-13,11.065
2020-10-12,10.588
2020-10-09,9.8689
2020-10-08,9.3445
2020-10-07,9.0695
2020-10-06,8.9472
2020-10-05,8.9892
2020-10-02,9.1126
2020-10-01,9.5458
2020-09-30,9.754
2020-09-29,9.9958
2020-09-28,10.2205
2020-09-25,10.5697
2020-09-24,10.3829
2020-09-23,9.5708
2020-09-22,9.0171
2020-09-21,8.5027
2020-09-18,7.9613
2020-09-17,8.1843
2020-09-16,8.483
2020-09-15,8.59
2020-09-14,8.6884
2020-09-11,8.9397
2020-09-10,9.0109
2020-09-09,9.1248
2020-09-08,9.5405
2020-09-04,9.5344
2020-09-03,9.7953
2020-09-02,10.0387
2020-09-01,9.7203
2020-08-31,9.9538
2020-08-28,9.6626
2020-08-27,9.6566
2020-08-26,9.6503
2020-08-25,10.121
2020-08-24,10.3432
2020-08-21,10.5771
2020-08-20,11.0065
2020-08-19,11.2472
2020-08-18,11.3093
2020-08-17,11.3651
2020-08-14,11.3775
2020-08-13,11.5978
2020-08-12,11.8893
2020-08-11,12.196
2020-08-10,12.7855
2020-08-07,13.1613
2020-08-06,13.5876
2020-08-05,14.0364
2020-08-04,14.1156
2020-08-03,14.2582
2020-07-31,14.2208
2020-07-30,14.4246
2020-07-29,14.3289
2020-07-28,13.8644
2020-07-27,13.5904
2020-07-24,13.3829
2020-07-23,13.1644
2020-07-22,12.3792
2020-07-21,11.6873
2020-07-20,11.0262
2020-07-17,10.361
2020-07-16,9.7117
2020-07-15,9.4094
2020-07-14,9.0562
2020-07-13,9.0328
2020-07-10,9.0846
2020-07-09,9.4521
2020-07-08,9.8389
2020-07-07,10.0882
2020-07-06,10.199
2020-07-02,10.1609
2020-07-01,10.3667
2020-06-30,10.8107
2020-06-29,11.3138
2020-06-26,11.2854
2020-06-25,11.2555
2020-06-24,11.224
2020-06-23,11.2322
2020-06-22,11.6872
2020-06-19,12.1491
2020-06-18,12.727
2020-06-17,12.9999
2020-06-16,13.4279
2020-06-15,13.8686
2020-06-12,13.6838
2020-06-11,13.5888
2020-06-10,13.6306
2020-06-09,13.5816
2020-06-08,13.3686
2020-06-05,13.2036
2020-06-04,13.03
2020-06-03,13.2014
2020-06-02,13.0763
2020-06-01,13.0217
2020-05-29,12.9965
2020-05-28,12.9699
2020-05-27,12.7925
2020-05-26,13.0797
2020-05-22,13.0651
2020-05-21,13.3909
2020-05-20,13.7337
2020-05-19,13.8199
2020-05-18,13.8855
2020-05-15,13.6589
2020-05-14,13.8542
2020-05-13,14.2433
2020-05-12,14.6199
2020-05-11,14.5641
2020-05-08,14.5831
2020-05-07,14.8642
2020-05-06,15.1734
2020-05-05,15.4815
2020-05-04,15.8057
2020-05-01,16.6188
2020-04-30,17.4633
2020-04-29,17.91
2020-04-28,18.3129
2020-04-27,18.737
2020-04-24,18.9065
2020-04-23,19.3117
2020-04-22,19.7382
2020-04-21,20.4034
2020-04-20,21.1331
2020-04-17,21.3543
2020-04-16,21.6241
2020-04-15,22.1984
2020-04-14,23.0612
2020-04-13,23.9317
2020-04-09,25.1419
2020-04-08,26.3115
2020-04-07,27.6144
2020-04-06,28.9989
2020-04-03,30.1615
2020-04-02,30.764
2020-04-01,31.3361
2020-03-31,31.6943
2020-03-30,32.4476
2020-03-27,33.173
2020-03-26,33.6025
2020-03-25,34.0546
2020-03-24,33.9474
2020-03-23,33.0995
2020-03-20,31.6956
2020-03-19,30.5347
2020-03-18,29.5272
2020-03-17,28.4667
2020-03-16,27.5554
2020-03-13,26.4782
2020-03-12,25.6546
2020-03-11,24.5073
2020-03-10,24.1244
2020-03-09,23.7887
2020-03-06,23.1386
2020-03-05,23.1193
2020-03-04,23.4505
2020-03-03,23.9171
2020-03-02,24.0773
2020-02-28,23.7374
2020-02-27,21.7847
2020-02-26,20.2119
2020-02-25,19.1189
2020-02-24,17.9683
2020-02-21,17.4677
2020-02-20,18.0093
2020-02-19,18.5795
2020-02-18,19.3157
2020-02-14,20.1519
2020-02-13,20.9334
2020-02-12,21.649
2020-02-11,22.2671
2020-02-10,23.135
2020-02-07,24.3497
2020-02-06,25.4969
2020-02-05,26.4728
2020-02-04,27.5465
2020-02-03,28.4871
2020-01-31,28.6831
2020-01-30,28.8895
2020-01-29,29.6812
2020-01-28,31.184
2020-01-27,32.7985
2020-01-24,34.2722
2020-01-23,35.7012
2020-01-22,36.3186
2020-01-21,35.9969
2020-01-17,35.7539
2020-01-16,35.574
2020-01-15,35.4201
2020-01-14,35.3919
2020-01-13,35.8731
2020-01-10,36.26
2020-01-09,36.199
2020-01-08,36.2533
2020-01-07,36.4224
2020-01-06,37.0966
2020-01-03,37.8063
2020-01-02,38.5933
2019-12-31,38.6027
2019-12-30,38.7584
2019-12-27,38.7001
2019-12-26,38.1229
2019-12-24,37.5154
2019-12-23,36.7337
2019-12-20,35.9165
2019-12-19,35.1383
2019-12-18,34.5746
2019-12-17,34.0828
2019-12-16,33.5651
2019-12-13,33.0202
2019-12-12,32.7234
2019-12-11,32.475
2019-12-10,32.5801
2019-12-09,32.7892
2019-12-06,32.7134
2019-12-05,32.2645
2019-12-04,32.0832
2019-12-03,31.7231
2019-12-02,31.6984
2019-11-29,31.1036
2019-11-27,29.9786
2019-11-26,28.7125
2019-11-25,27.4974
2019-11-22,26.2542
2019-11-21,25.2529
2019-11-20,24.3384
2019-11-19,23.3511
2019-11-18,22.1999
2019-11-15,20.9882
2019-11-14,19.7979
2019-11-13,19.2546
2019-11-12,18.6447
2019-11-11,18.0027
2019-11-08,17.5925
2019-11-07,17.1609
2019-11-06,16.868
2019-11-05,16.6925
2019-11-04,16.5079
2019-11-01,15.8003
2019-10-31,14.8553
2019-10-30,14.1519
2019-10-29,13.4116
2019-10-28,12.7769
2019-10-25,12.5972
2019-10-24,12.8036
2019-10-23,12.9375
2019-10-22,12.9694
2019-10-21,13.0031
2019-10-18,13.3164
2019-10-17,13.663
2019-10-16,13.8727
2019-10-15,14.278
2019-10-14,14.7162
2019-10-11,15.17
2019-10-10,15.7037
2019-10-09,15.55
2019-10-08,15.1251
2019-10-07,14.6778
2019-10-04,14.7487
2019-10-03,14.7011
2019-10-02,13.8649
2019-10-01,13.1028
2019-09-30,12.8585
2019-09-27,12.7341
2019-09-26,12.3016
2019-09-25,11.8615
2019-09-24,11.8205
2019-09-23,11.8839
2019-09-20,12.4707
2019-09-19,13.0617
2019-09-18,13.5545
2019-09-17,13.6975
2019-09-16,13.9975
2019-09-13,14.2312
2019-09-12,14.6552
2019-09-11,15.1821
2019-09-10,15.3724
2019-09-09,15.089
2019-09-06,15.2126
2019-09-05,15.7813
2019-09-04,16.2176
2019-09-03,16.4028
2019-08-30,16.4834
2019-08-29,16.7556
2019-08-28,16.8649
2019-08-27,16.5709
2019-08-26,16.399
2019-08-23,15.7682
2019-08-22,15.1042
2019-08-21,15.2195
2019-08-20,15.5863
2019-08-19,15.9725
2019-08-16,16.6242
2019-08-15,16.8542
2019-08-14,16.5003
2019-08-13,16.2148
2019-08-12,16.4868
2019-08-09,16.2801
2019-08-08,16.2683
2019-08-07,15.8488
2019-08-06,14.6045
2019-08-05,13.5535
2019-08-02,12.4472
2019-08-01,12.4204
2019-07-31,12.5564
2019-07-30,12.6994
2019-07-29,13.3534
2019-07-26,13.5622
2019-07-25,13.9788
2019-07-24,14.4173
2019-07-23,14.939
2019-07-22,15.3807
2019-07-19,16.0751
2019-07-18,16.6772
2019-07-17,17.3719
2019-07-16,17.8054
2019-07-15,18.2616
2019-07-12,18.7038
2019-07-11,19.1693
2019-07-10,18.9838
2019-07-09,18.9869
2019-07-08,19.2125
2019-07-05,19.4499
2019-07-03,19.0881
2019-07-02,18.5214
2019-07-01,18.2624
2019-06-28,18.0726
2019-06-27,18.1864
2019-06-26,18.4061
2019-06-25,18.6373
2019-06-24,18.0384
2019-06-21,17.1855
2019-06-20,16.2876
2019-06-19,15.2827
2019-06-18,14.518
2019-06-17,13.9883
2019-06-14,13.8828
2019-06-13,13.7717
2019-06-12,13.6723
2019-06-11,13.6228
2019-06-10,13.5707
2019-06-07,13.67
2019-06-06,13.9142
2019-06-05,14.5111
2019-06-04,15.1325
2019-06-03,15.4317
2019-05-31,15.2957
2019-05-30,14.8384
2019-05-29,14.6335
2019-05-28,14.3106
2019-05-24,14.5627
2019-05-23,15.3042
2019-05-22,15.7661
2019-05-21,16.3576
2019-05-20,16.7988
2019-05-17,16.7126
2019-05-16,16.6865
2019-05-15,16.7309
2019-05-14,16.0548
2019-05-13,15.591
2019-05-10,15.1027
2019-05-09,14.6302
2019-05-08,14.466
2019-05-07,14.4957
2019-05-06,14.5354
2019-05-03,14.7175
2019-05-02,15.2942
2019-05-01,15.583
2019-04-30,15.9298
2019-04-29,16.1437
2019-04-26,16.2537
2019-04-25,16.2909
2019-04-24,16.0062
2019-04-23,15.2529
2019-04-22,14.4599
2019-04-18,12.8692
2019-04-17,11.1827
2019-04-16,9.5643
2019-04-15,8.696
2019-04-12,8.439
2019-04-11,8.1684
2019-04-10,8.1531
2019-04-09,8.2887
2019-04-08,8.4741
2019-04-05,8.6692
2019-04-04,8.7657
2019-04-03,9.0634
2019-04-02,9.1406
2019-04-01,9.1052
2019-03-29,8.9791
2019-03-28,9.1083
2019-03-27,9.5074
2019-03-26,9.9275
2019-03-25,10.1797
2019-03-22,10.5636
2019-03-21,10.945
2019-03-20,11.1244
2019-03-19,11.03
2019-03-18,10.7911
2019-03-15,10.8098
2019-03-14,10.8417
2019-03-13,11.0071
2019-03-12,11.1811
2019-03-11,11.7672
2019-03-08,12.0375
2019-03-07,11.8134
2019-03-06,11.8255
2019-03-05,12.1531
2019-03-04,12.5752
2019-03-01,13.0196
2019-02-28,12.947
2019-02-27,13.2201
2019-02-26,13.4771
2019-02-25,13.4259
2019-02-22,13.1762
2019-02-21,13.1431
2019-02-20,13.2583
2019-02-19,12.9915
2019-02-15,12.4241
2019-02-14,11.8567
2019-02-13,11.6137
2019-02-12,11.4871
2019-02-11,11.5109
2019-02-08,11.8958
2019-02-07,12.4042
2019-02-06,12.9394
2019-02-05,13.1646
2019-02-04,13.2929
2019-02-01,13.5642
2019-01-31,13.6801
2019-01-30,13.828
2019-01-29,14.3437
2019-01-28,14.7875
2019-01-25,15.2508
2019-01-24,15.9456
2019-01-23,16.677
2019-01-22,17.3752
2019-01-18,18.2527
2019-01-17,19.1199
2019-01-16,19.9815
2019-01-15,20.7271
2019-01-14,21.3528
2019-01-11,21.6316
2019-01-10,21.9556
2019-01-09,22.2089
2019-01-08,22.6108
2019-01-07,22.8375
2019-01-04,23.0283
2019-01-03,23.0182
2019-01-02,22.7067
2018-12-31,22.5687
2018-12-28,22.7023
2018-12-27,22.797
2018-12-26,22.5112
2018-12-24,21.9161
2018-12-21,20.6305
2018-12-20,19.5528
2018-12-19,18.5153
2018-12-18,17.5918
2018-12-17,16.8043
2018-12-14,16.1553
2018-12-13,15.8964
2018-12-12,16.3085
2018-12-11,16.8753
2018-12-10,17.1829
2018-12-07,17.1521
2018-12-06,17.5048
2018-12-04,17.8829
2018-12-03,18.4421
2018-11-30,18.3361
2018-11-29,18.2247
2018-11-28,18.5027
2018-11-27,19.0607
2018-11-26,19.6387
2018-11-23,19.9368
2018-11-21,19.9863
2018-11-20,20.2043
2018-11-19,20.5389
2018-11-16,21.1124
2018-11-15,21.8677
2018-11-14,22.1336
2018-11-13,22.773
2018-11-12,23.7779
2018-11-09,24.9429
2018-11-08,25.7263
2018-11-07,26.3807
2018-11-06,27.1788
2018-11-05,28.0771
2018-11-02,28.9414
2018-11-01,29.8512
2018-10-31,30.3746
2018-10-30,30.7581
2018-10-29,30.6503
2018-10-26,30.5367
2018-10-25,29.924
2018-10-24,29.279
2018-10-23,28.82
2018-10-22,28.8167
2018-10-19,29.3238
2018-10-18,30.2946
2018-10-17,31.4144
2018-10-16,32.9554
2018-10-15,34.2851
2018-10-12,34.5856
2018-10-11,34.902
2018-10-10,35.235
2018-10-09,37.0508
2018-10-08,37.6265
2018-10-05,38.3657
2018-10-04,38.9043
2018-10-03,39.2585
2018-10-02,38.0908
2018-10-01,36.9676
2018-09-28,35.7715
2018-09-27,34.8405
2018-09-26,33.8992
2018-09-25,32.9084
2018-09-24,32.0293
2018-09-21,31.1385
2018-09-20,30.2732
2018-09-19,29.4825
2018-09-18,28.9848
2018-09-17,28.461
2018-09-14,28.1309
2018-09-13,27.4679
2018-09-12,26.8081
2018-09-11,26.6376
2018-09-10,26.7454
2018-09-07,26.421
2018-09-06,26.2722
2018-09-05,26.1407
2018-09-04,26.1198
2018-08-31,26.0769
2018-08-30,25.3979
2018-08-29,24.4487
2018-08-28,23.5144
2018-08-27,22.8163
2018-08-24,22.1333
2018-08-23,21.6275
2018-08-22,21.2174
2018-08-21,20.7856
2018-08-20,20.2052
2018-08-17,19.6434
2018-08-16,19.1443
2018-08-15,18.8393
2018-08-14,19.0244
2018-08-13,18.9233
2018-08-10,18.9037
2018-08-09,18.883
2018-08-08,18.3406
2018-08-07,17.8334
2018-08-06,17.2401
2018-08-03,16.6652
2018-08-02,16.1907
2018-08-01,15.8815
2018-07-31,15.2922
2018-07-30,14.7729
2018-07-27,14.6375
2018-07-26,14.495
2018-07-25,13.783
2018-07-24,13.0507
2018-07-23,12.7313
2018-07-20,12.8393
2018-07-19,13.0446
2018-07-18,13.2341
2018-07-17,13.0539
2018-07-16,12.8642
2018-07-13,12.6692
2018-07-12,12.305
2018-07-11,12.046
2018-07-10,12.093
2018-07-09,11.9281
2018-07-06,11.8426
2018-07-05,12.0475
2018-07-03,12.4284
2018-07-02,12.4902
2018-06-29,12.2092
2018-06-28,12.2425
2018-06-27,11.8054
2018-06-26,11.7617
2018-06-25,12.0897
2018-06-22,12.435
2018-06-21,12.6658
2018-06-20,13.0845
2018-06-19,13.2207
2018-06-18,13.5694
2018-06-15,13.6869
2018-06-14,13.4377
2018-06-13,13.256
2018-06-12,13.0648
2018-06-11,13.0779
2018-06-08,13.0397
2018-06-07,13.2529
2018-06-06,13.6476
2018-06-05,14.188
2018-06-04,14.7604
2018-06-01,15.4096
2018-05-31,15.8753
2018-05-30,16.278
2018-05-29,16.7837
2018-05-25,16.7889
2018-05-24,17.3602
2018-05-23,17.9616
2018-05-22,18.5628
2018-05-21,19.3424
2018-05-18,20.2403
2018-05-17,21.005
2018-05-16,21.6957
2018-05-15,22.4228
2018-05-14,23.135
2018-05-11,24.1786
2018-05-10,24.9593
2018-05-09,25.3038
2018-05-08,25.0938
2018-05-07,24.6879
2018-05-04,24.5219
2018-05-03,24.1766
2018-05-02,23.5111
2018-05-01,23.278
2018-04-30,23.2395
2018-04-27,23.4551
2018-04-26,23.9537
2018-04-25,24.4007
2018-04-24,24.1318
2018-04-23,23.865
2018-04-20,23.8981
2018-04-19,23.933
2018-04-18,24.1099
2018-04-17,24.5079
2018-04-16,24.837
2018-04-13,24.9227
2018-04-12,24.7815
2018-04-11,24.7239
2018-04-10,24.4685
2018-04-09,24.1996
2018-04-06,23.6463
2018-04-05,22.9575
2018-04-04,22.8398
2018-04-03,22.6529
2018-04-02,21.8312
2018-03-29,20.9662
2018-03-28,20.5544
2018-03-27,19.8987
2018-03-26,19.2086
2018-03-23,18.2688
2018-03-22,17.2795
2018-03-21,16.6286
2018-03-20,16.7152
2018-03-19,16.6578
2018-03-16,16.5975
2018-03-15,17.3054
2018-03-14,18.0506
2018-03-13,18.835
2018-03-12,19.7911
2018-03-09,20.798
2018-03-08,21.8088
2018-03-07,22.4039
2018-03-06,22.7975
2018-03-05,23.3163
2018-03-02,23.8303
2018-03-01,24.0349
2018-02-28,24.2502
2018-02-27,25.0481
2018-02-26,26.3612
2018-02-23,27.6839
2018-02-22,28.6351
2018-02-21,29.4864
2018-02-20,30.483
2018-02-16,31.413
2018-02-15,32.4354
2018-02-14,33.0612
2018-02-13,33.387
2018-02-12,33.3385
2018-02-09,33.2895
2018-02-08,32.93
2018-02-07,32.8144
2018-02-06,33.3098
2018-02-05,33.5003
2018-02-02,33.959
2018-02-01,35.2936
2018-01-31,36.3155
2018-01-30,37.2428
2018-01-29,37.2674
2018-01-26,35.3977
2018-01-25,33.4707
2018-01-24,31.8596
2018-01-23,30.3175
2018-01-22,28.6942
2018-01-19,27.0178
2018-01-18,25.438
2018-01-17,23.8645
2018-01-16,22.2082
2018-01-12,20.5721
2018-01-11,19.2345
2018-01-10,18.1665
2018-01-09,17.2341
2018-01-08,16.2525
2018-01-05,15.7073
2018-01-04,14.992
2018-01-03,14.545
2018-01-02,14.3266
2017-12-29,14.747
2017-12-28,15.36
2017-12-27,15.6661
2017-12-26,15.9376
2017-12-22,16.429
2017-12-21,16.9463
2017-12-20,17.1032
2017-12-19,17.0286
2017-12-18,16.704
2017-12-15,16.2698
2017-12-14,16.1066
2017-12-13,15.9348
2017-12-12,15.1537
2017-12-11,14.5661
2017-12-08,14.2072
2017-12-07,14.0955
2017-12-06,14.5826
2017-12-05,15.0953
2017-12-04,15.2958
2017-12-01,15.3001
2017-11-30,15.4104
2017-11-29,14.8119
2017-11-28,14.5823
2017-11-27,14.8708
2017-11-24,15.6124
2017-11-22,16.2001
2017-11-21,16.8188
2017-11-20,17.347
2017-11-17,17.3632
2017-11-16,17.6721
2017-11-15,17.9974
2017-11-14,17.5209
2017-11-13,17.1254
2017-11-10,16.8
2017-11-09,16.4574
2017-11-08,16.5092
2017-11-07,16.6543
2017-11-06,16.6337
2017-11-03,16.5263
2017-11-02,16.4132
2017-11-01,16.1174
2017-10-31,16.0287
2017-10-30,15.7486
2017-10-27,15.5235
2017-10-26,15.8017
2017-10-25,16.0945
2017-10-24,16.6548
2017-10-23,17.2445
2017-10-20,16.8383
2017-10-19,16.6735
2017-10-18,16.6041
2017-10-17,16.399
2017-10-16,16.445
2017-10-13,17.0932
2017-10-12,17.4457
2017-10-11,17.4644
2017-10-10,17.4923
2017-10-09,17.7239
2017-10-06,17.8285
2017-10-05,17.3445
2017-10-04,16.9769
2017-10-03,16.6181
2017-10-02,16.361
2017-09-29,16.2499
2017-09-28,16.7725
2017-09-27,17.5509
2017-09-26,18.4627
2017-09-25,19.0935
2017-09-22,19.7236
2017-09-21,20.5102
2017-09-20,20.9767
2017-09-19,21.4677
2017-09-18,21.5791
2017-09-15,21.0353
2017-09-14,20.3939
2017-09-13,19.7614
2017-09-12,18.9066
2017-09-11,17.8529
2017-09-08,16.8236
2017-09-07,15.9965
2017-09-06,15.3007
2017-09-05,15.1836
2017-09-01,15.0603
2017-08-31,14.5279
2017-08-30,14.0963
2017-08-29,14.5557
2017-08-28,15.1042
2017-08-25,15.8505
2017-08-24,16.5405
2017-08-23,16.9124
2017-08-22,17.3329
2017-08-21,17.7756
2017-08-18,17.2487
2017-08-17,16.7825
2017-08-16,16.5607
2017-08-15,17.0284
2017-08-14,17.3985
2017-08-11,17.6389
2017-08-10,17.5919
2017-08-09,17.5424
2017-08-08,17.9656
2017-08-07,18.5627
2017-08-04,19.3868
2017-08-03,20.295
2017-08-02,21.0541
2017-08-01,21.7399
2017-07-31,22.7591
2017-07-28,23.8469
2017-07-27,25.0715
2017-07-26,26.3605
2017-07-25,27.2077
2017-07-24,27.7411
2017-07-21,27.9351
2017-07-20,27.8902
2017-07-19,27.843
2017-07-18,28.2038
2017-07-17,28.9943
2017-07-14,29.3384
2017-07-13,29.7007
2017-07-12,30.4078
2017-07-11,30.8337
2017-07-10,31.7223
2017-07-07,32.3401
2017-07-06,32.9575
2017-07-05,33.6073
2017-07-03,33.7494
2017-06-30,34.0209
2017-06-29,34.3613
2017-06-28,34.7196
2017-06-27,33.9305
2017-06-26,33.0998
2017-06-23,31.3758
2017-06-22,29.5787
2017-06-21,27.6871
2017-06-20,26.1207
2017-06-19,24.7349
2017-06-16,23.6021
2017-06-15,22.8801
2017-06-14,22.2933
2017-06-13,21.2853
2017-06-12,20.5949
2017-06-09,19.8681
2017-06-08,19.103
2017-06-07,18.615
2017-06-06,17.833
2017-06-05,17.0135
2017-06-02,15.9435
2017-06-01,14.7439
2017-05-31,13.8551
2017-05-30,13.5493
2017-05-26,13.5152
2017-05-25,13.2487
2017-05-24,12.9779
2017-05-23,13.1577
2017-05-22,13.4527
2017-05-19,14.135
2017-05-18,14.7926
2017-05-17,15.5018
2017-05-16,16.1968
2017-05-15,16.2007
2017-05-12,16.2048
2017-05-11,16.5483
2017-05-10,16.9584
2017-05-09,17.3529
2017-05-08,17.2645
2017-05-05,17.1716
2017-05-04,16.7118
2017-05-03,16.3845
2017-05-02,16.3001
2017-05-01,16.2111
2017-04-28,15.8684
2017-04-27,15.7326
2017-04-26,15.5896
2017-04-25,15.6091
2017-04-24,16.0642
2017-04-21,16.8912
2017-04-20,17.2097
2017-04-19,17.5449
2017-04-18,17.4156
2017-04-17,17.242
2017-04-13,17.6592
2017-04-12,18.249
2017-04-11,18.8304
2017-04-10,19.4424
2017-04-07,20.4228
2017-04-06,21.4962
2017-04-05,22.4514
2017-04-04,23.595
2017-04-03,24.3649
2017-03-31,25.1752
2017-03-30,25.7979
2017-03-29,26.4534
2017-03-28,27.2312
2017-03-27,27.9589
2017-03-24,28.7073
2017-03-23,29.7359
2017-03-22,30.9081
2017-03-21,32.0646
2017-03-20,33.282
2017-03-17,33.2618
2017-03-16,32.9551
2017-03-15,32.4184
2017-03-14,31.6135
2017-03-13,31.1717
2017-03-10,30.627
2017-03-09,29.9502
2017-03-08,29.3925
2017-03-07,28.94
2017-03-06,28.5625
2017-03-03,27.5429
2017-03-02,26.3057
2017-03-01,24.8411
2017-02-28,23.2994
2017-02-27,21.9542
2017-02-24,20.5595
2017-02-23,19.2457
2017-02-22,17.9862
2017-02-21,16.8521
2017-02-17,15.6584
2017-02-16,14.6624
2017-02-15,13.6141
2017-02-14,12.5106
2017-02-13,11.8329
2017-02-10,11.443
2017-02-09,11.2433
2017-02-08,11.0931
2017-02-07,11.2029
2017-02-06,11.0263
2017-02-03,11.062
2017-02-02,11.1063
2017-02-01,11.3803
2017-01-31,11.6821
2017-01-30,12.1733
2017-01-27,12.0544
2017-01-26,12.0591
2017-01-25,11.9739
2017-01-24,11.8842
2017-01-23,11.6199
2017-01-20,11.6519
2017-01-19,11.9905
2017-01-18,12.4303
2017-01-17,13.002
2017-01-13,13.6524
2017-01-12,13.8792
2017-01-11,14.2833
2017-01-10,14.7086
2017-01-09,14.2889
2017-01-06,14.147
2017-01-05,14.1258
2017-01-04,14.3312
2017-01-03,14.6637
2016-12-30,15.3862
2016-12-29,15.7113
2016-12-28,16.2904
2016-12-27,16.8999
2016-12-23,17.7242
2016-12-22,18.3723
2016-12-21,18.6428
2016-12-20,19.0817
2016-12-19,19.7654
2016-12-16,20.5619
2016-12-15,21.5139
2016-12-14,22.3325
2016-12-13,23.1942
2016-12-12,23.9354
2016-12-09,24.3437
2016-12-08,24.5621
2016-12-07,24.1228
2016-12-06,23.5393
2016-12-05,23.4023
2016-12-02,23.2582
2016-12-01,23.0231
2016-11-30,22.7756
2016-11-29,22.7973
2016-11-28,22.9949
2016-11-25,23.0353
2016-11-23,23.2311
2016-11-22,23.2293
2016-11-21,23.5183
2016-11-18,24.4655
2016-11-17,25.4626
2016-11-16,26.7024
2016-11-15,28.0421
2016-11-14,29.4048
2016-11-11,30.9087
2016-11-10,32.4672
2016-11-09,33.6621
2016-11-08,35.149
2016-11-07,35.6533
2016-11-04,35.8207
2016-11-03,34.7449
2016-11-02,33.6125
2016-11-01,32.6301
2016-10-31,31.596
2016-10-28,30.7922
2016-10-27,29.998
2016-10-26,29.8628
2016-10-25,29.3159
2016-10-24,29.048
2016-10-21,28.9243
2016-10-20,28.6238
2016-10-19,28.5156
2016-10-18,28.2568
2016-10-17,27.9844
2016-10-14,26.9366
2016-10-13,25.9824
2016-10-12,24.8784
2016-10-11,23.9543
2016-10-10,23.0208
2016-10-07,23.1307
2016-10-06,23.0019
2016-10-05,22.6406
2016-10-04,22.6011
2016-10-03,22.4661
2016-09-30,22.067
2016-09-29,21.6468
2016-09-28,21.2045
2016-09-27,21.4866
2016-09-26,21.7085
2016-09-23,22.0011
2016-09-22,23.1574
2016-09-21,24.3746
2016-09-20,25.1159
2016-09-19,25.1996
2016-09-16,25.2877
2016-09-15,25.1003
2016-09-14,24.9031
2016-09-13,24.0984
2016-09-12,23.2514
2016-09-09,22.3598
2016-09-08,21.6374
2016-09-07,21.6284
2016-09-06,21.6904
2016-09-02,21.6374
2016-09-01,21.3443
2016-08-31,21.0122
2016-08-30,20.8212
2016-08-29,20.8406
2016-08-26,20.9458
2016-08-25,21.0565
2016-08-24,21.1729
2016-08-23,21.8223
2016-08-22,22.2219
2016-08-19,22.8278
2016-08-18,23.8089
2016-08-17,24.6797
2016-08-16,25.7139
2016-08-15,26.478
2016-08-12,26.6638
2016-08-11,27.0323
2016-08-10,27.314
2016-08-09,27.8349
2016-08-08,28.107
2016-08-05,28.3934
2016-08-04,28.1283
2016-08-03,27.6745
2016-08-02,27.123
2016-08-01,26.5424
2016-07-29,25.5291
2016-07-28,24.7866
2016-07-27,24.0577
2016-07-26,23.2928
2016-07-25,22.6644
2016-07-22,22.003
2016-07-21,21.1349
2016-07-20,20.2621
2016-07-19,19.4544
2016-07-18,18.7774
2016-07-15,18.1241
2016-07-14,17.3072
2016-07-13,16.4473
2016-07-12,15.7513
2016-07-11,15.1166
2016-07-08,14.4486
2016-07-07,13.9135
2016-07-06,13.5104
2016-07-05,13.2224
2016-07-01,13.2403
2016-06-30,13.2838
2016-06-29,13.6195
2016-06-28,14.2444
2016-06-27,14.1605
2016-06-24,13.5434
2016-06-23,13.3989
2016-06-22,13.7347
2016-06-21,14.197
2016-06-20,14.8484
2016-06-17,15.4627
2016-06-16,16.1646
2016-06-15,16.7527
2016-06-14,16.9449
2016-06-13,17.3652
2016-06-10,17.4041
2016-06-09,17.1985
2016-06-08,16.2509
2016-06-07,15.3771
2016-06-06,14.5459
2016-06-03,13.5982
2016-06-02,12.7398
2016-06-01,11.8447
2016-05-31,11.3265
2016-05-27,10.9299
2016-05-26,10.6229
2016-05-25,10.5132
2016-05-24,10.4039
2016-05-23,10.5869
2016-05-20,10.9355
2016-05-19,11.3025
2016-05-18,11.4038
2016-05-17,11.8909
2016-05-16,12.4037
2016-05-13,12.9567
2016-05-12,13.144
2016-05-11,13.3411
2016-05-10,14.0379
2016-05-09,14.524
2016-05-06,15.2866
2016-05-05,15.6374
2016-05-04,16.3659
2016-05-03,17.1047
2016-05-02,17.7205
2016-04-29,18.4849
2016-04-28,19.2895
2016-04-27,19.2944
2016-04-26,18.9304
2016-04-25,18.3973
2016-04-22,17.6147
2016-04-21,16.7207
2016-04-20,15.8785
2016-04-19,15.0936
2016-04-18,14.4135
2016-04-15,13.9486
2016-04-14,13.7057
2016-04-13,13.2584
2016-04-12,12.8961
2016-04-11,12.7809
2016-04-08,12.6621
2016-04-07,12.3638
2016-04-06,11.8893
2016-04-05,11.3898
2016-04-04,11.5301
2016-04-01,11.4341
2016-03-31,11.757
2016-03-30,12.3649
2016-03-29,12.9575
2016-03-28,13.4356
2016-03-24,13.7016
2016-03-23,13.9816
2016-03-22,14.5167
2016-03-21,15.08
2016-03-18,15.2702
2016-03-17,15.3047
2016-03-16,15.177
2016-03-15,15.4191
2016-03-14,15.8982
2016-03-11,16.5179
2016-03-10,17.1703
2016-03-09,18.0096
2016-03-08,18.6333
2016-03-07,19.4069
2016-03-04,20.2213
2016-03-03,20.9146
2016-03-02,21.5533
2016-03-01,22.384
2016-02-29,23.2095
2016-02-26,23.9022
2016-02-25,25.029
2016-02-24,25.9819
2016-02-23,26.6304
2016-02-22,27.6969
2016-02-19,28.7479
2016-02-18,29.5061
2016-02-17,30.4196
2016-02-16,31.2595
2016-02-12,31.7333
2016-02-11,31.6036
2016-02-10,31.2608
2016-02-09,31.2561
2016-02-08,30.7029
2016-02-05,29.6822
2016-02-04,28.9203
2016-02-03,28.4047
2016-02-02,27.6516
2016-02-01,27.1004
2016-01-29,26.5988
2016-01-28,25.8011
2016-01-27,24.9615
2016-01-26,24.4911
2016-01-25,23.6952
2016-01-22,22.9706
2016-01-21,22.2882
2016-01-20,21.2349
2016-01-19,20.1263
2016-01-15,19.3013
2016-01-14,18.0054
2016-01-13,16.6412
2016-01-12,15.2462
2016-01-11,14.0241
2016-01-08,12.6703
2016-01-07,11.7002
2016-01-06,10.9971
2016-01-05,10.681
2016-01-04,10.6705
2015-12-31,10.4475
2015-12-30,10.7766
2015-12-29,10.7653
2015-12-28,10.7534
2015-12-24,11.189
2015-12-23,11.5311
2015-12-22,11.9642
2015-12-21,12.313
2015-12-18,12.3305
2015-12-17,12.3489
2015-12-16,12.8628
2015-12-15,13.3534
2015-12-14,13.4663
2015-12-11,12.8052
2015-12-10,12.3509
2015-12-09,12.1317
2015-12-08,11.9009
2015-12-07,11.8005
2015-12-04,11.7753
2015-12-03,11.6836
2015-12-02,11.5642
2015-12-01,12.0385
2015-11-30,12.6668
2015-11-27,13.253
2015-11-25,13.6018
2015-11-24,14.0536
2015-11-23,14.7397
2015-11-20,15.3215
2015-11-19,15.8569
2015-11-18,16.4746
2015-11-17,17.1248
2015-11-16,17.7992
2015-11-13,18.1275
2015-11-12,18.3914
2015-11-11,18.7695
2015-11-10,19.6743
2015-11-09,20.6775
2015-11-06,21.6374
2015-11-05,22.7007
2015-11-04,23.7893
2015-11-03,24.742
2015-11-02,25.6417
2015-10-30,26.5888
2015-10-29,27.8262
2015-10-28,29.074
2015-10-27,30.2871
2015-10-26,31.3193
2015-10-23,32.0733
2015-10-22,32.7063
2015-10-21,32.8406
2015-10-20,33.0144
2015-10-19,33.5809
2015-10-16,34.3306
2015-10-15,34.9743
2015-10-14,35.3379
2015-10-13,35.5147
2015-10-12,35.757
2015-10-09,36.0936
2015-10-08,36.4033
2015-10-07,36.5788
2015-10-06,36.7288
2015-10-05,36.8866
2015-10-02,37.4152
2015-10-01,37.7107
2015-09-30,37.5029
2015-09-29,37.0702
2015-09-28,36.437
2015-09-25,35.7705
2015-09-24,35.449
2015-09-23,35.3932
2015-09-22,35.548
2015-09-21,35.5313
2015-09-18,35.6505
2015-09-17,36.0332
2015-09-16,36.5341
2015-09-15,36.4992
2015-09-14,36.4007
2015-09-11,35.9838
2015-09-10,35.4988
2015-09-09,34.9883
2015-09-08,34.4522
2015-09-04,33.623
2015-09-03,32.2352
2015-09-02,30.8907
2015-09-01,29.1807
2015-08-31,27.2729
2015-08-28,25.4266
2015-08-27,23.5637
2015-08-26,21.6028
2015-08-25,19.0342
2015-08-24,16.3304
2015-08-21,13.391
2015-08-20,12.0968
2015-08-19,11.4318
2015-08-18,11.2167
2015-08-17,11.3229
2015-08-14,11.2712
2015-08-13,10.7695
2015-08-12,10.3197
2015-08-11,9.6888
2015-08-10,9.4416
2015-08-07,9.4858
2015-08-06,9.1212
2015-08-05,9.1391
2015-08-04,9.2391
2015-08-03,9.5243
2015-07-31,9.8532
2015-07-30,9.9671
2015-07-29,10.4199
2015-07-28,10.664
2015-07-27,11.179
2015-07-24,11.026
2015-07-23,11.0416
2015-07-22,10.8449
2015-07-21,10.789
2015-07-20,10.7301
2015-07-17,10.2902
2015-07-16,10.0237
2015-07-15,9.5943
2015-07-14,9.1424
2015-07-13,8.9366
2015-07-10,9.155
2015-07-09,9.3834
2015-07-08,9.2248
2015-07-07,9.0004
2015-07-06,8.7793
2015-07-02,8.6977
2015-07-01,8.9587
2015-06-30,9.1284
2015-06-29,9.0887
2015-06-26,9.0469
2015-06-25,8.9579
2015-06-24,8.8895
2015-06-23,8.8417
2015-06-22,8.4172
2015-06-19,7.9476
2015-06-18,7.8154
2015-06-17,7.6761
2015-06-16,7.9418
2015-06-15,8.0659
2015-06-12,8.0187
2015-06-11,8.4396
2015-06-10,8.4375
2015-06-09,8.7937
2015-06-08,8.7894
2015-06-05,8.9988
2015-06-04,9.1194
2015-06-03,9.4988
2015-06-02,9.6794
2015-06-01,9.8695
2015-05-29,9.8608
2015-05-28,9.8516
2015-05-27,10.0074
2015-05-26,10.2782
2015-05-22,10.761
2015-05-21,10.7002
2015-05-20,10.6947
2015-05-19,10.689
2015-05-18,10.8039
2015-05-15,11.1671
2015-05-14,11.7124
2015-05-13,12.1657
2015-05-12,12.3488
2015-05-11,12.3466
2015-05-08,12.7174
2015-05-07,12.9961
2015-05-06,12.571
2015-05-05,12.0681
2015-05-04,11.8729
2015-05-01,11.9906
2015-04-30,11.6344
2015-04-29,11.2594
2015-04-28,11.3255
2015-04-27,11.3952
2015-04-24,11.8734
2015-04-23,11.901
2015-04-22,11.9299
2015-04-21,12.1285
2015-04-20,12.2675
2015-04-17,12.6865
2015-04-16,13.2883
2015-04-15,13.2962
2015-04-14,13.298
2015-04-13,13.538
2015-04-10,13.5056
2015-04-09,13.6085
2015-04-08,14.0288
2015-04-07,14.6597
2015-04-06,15.3232
2015-04-02,15.8406
2015-04-01,16.2893
2015-03-31,16.7615
2015-03-30,17.4302
2015-03-27,17.513
2015-03-26,17.8781
2015-03-25,18.3629
2015-03-24,18.4021
2015-03-23,17.4192
2015-03-20,16.0588
2015-03-19,14.5604
2015-03-18,13.5841
2015-03-17,12.654
2015-03-16,12.2451
2015-03-13,11.8147
2015-03-12,12.0706
2015-03-11,12.5813
2015-03-10,13.026
2015-03-09,13.5213
2015-03-06,14.2006
2015-03-05,14.9126
2015-03-04,14.6249
2015-03-03,14.6473
2015-03-02,14.4163
2015-02-27,13.7013
2015-02-26,13.1049
2015-02-25,12.4949
2015-02-24,11.8054
2015-02-23,11.0339
2015-02-20,10.2121
2015-02-19,9.6212
2015-02-18,9.3787
2015-02-17,9.2458
2015-02-13,9.1604
2015-02-12,9.367
2015-02-11,9.674
2015-02-10,10.04
2015-02-09,10.4757
2015-02-06,10.5861
2015-02-05,11.0953
2015-02-04,11.5768
2015-02-03,11.4789
2015-02-02,11.4935
2015-01-30,11.1505
2015-01-29,11.2182
2015-01-28,11.2136
2015-01-27,11.4825
2015-01-26,11.8315
2015-01-23,12.1398
2015-01-22,12.2232
2015-01-21,12.311
2015-01-20,12.7556
2015-01-16,13.2991
2015-01-15,13.9733
2015-01-14,14.5578
2015-01-13,15.0391
2015-01-12,15.6972
2015-01-09,16.2345
2015-01-08,16.8088
2015-01-07,17.2641
2015-01-06,17.8936
2015-01-05,18.1733
2015-01-02,18.7553
2014-12-31,19.4823
2014-12-30,20.2587
2014-12-29,21.2223
2014-12-26,22.2366
2014-12-24,23.3846
2014-12-23,24.4809
2014-12-22,25.6349
2014-12-19,26.2319
2014-12-18,26.4472
2014-12-17,26.9838
2014-12-16,28.2793
2014-12-15,29.6493
2014-12-12,30.9486
2014-12-11,31.728
2014-12-10,31.706
2014-12-09,31.6828
2014-12-08,31.4659
2014-12-05,30.3413
2014-12-04,29.3653
2014-12-03,28.4297
2014-12-02,27.5154
2014-12-01,26.5977
2014-11-28,25.7749
2014-11-26,24.9088
2014-11-25,24.3125
2014-11-24,23.7899
2014-11-21,23.3686
2014-11-20,22.9251
2014-11-19,22.7027
2014-11-18,22.194
2014-11-17,21.6585
2014-11-14,21.5172
2014-11-13,21.3684
2014-11-12,20.8171
2014-11-11,20.3318
2014-11-10,19.7453
2014-11-07,19.3175
2014-11-06,18.8673
2014-11-05,17.9943
2014-11-04,17.0752
2014-11-03,16.2605
2014-10-31,15.4301
2014-10-30,14.4404
2014-10-29,13.7134
2014-10-28,13.3529
2014-10-27,13.0445
2014-10-24,12.9044
2014-10-23,12.8021
2014-10-22,12.9351
2014-10-21,13.4959
2014-10-20,14.1526
2014-10-17,14.0834
2014-10-16,13.7651
2014-10-15,13.013
2014-10-14,12.1384
2014-10-13,11.7729
2014-10-10,11.772
2014-10-09,12.0955
2014-10-08,12.1917
2014-10-07,12.2931
2014-10-06,12.8319
2014-10-03,12.8725
2014-10-02,13.1685
2014-10-01,13.4836
2014-09-30,14.1418
2014-09-29,14.271
2014-09-26,14.4276
2014-09-25,14.5594
2014-09-24,14.4096
2014-09-23,14.1771
2014-09-22,14.4463
2014-09-19,14.351
2014-09-18,13.7929
2014-09-17,13.4856
2014-09-16,13.325
2014-09-15,13.3161
2014-09-12,13.7804
2014-09-11,14.1002
2014-09-10,14.1531
2014-09-09,14.2004
2014-09-08,14.4096
2014-09-05,14.5676
2014-09-04,14.8063
2014-09-03,14.6646
2014-09-02,14.2746
2014-08-29,14.0544
2014-08-28,13.8919
2014-08-27,13.7996
2014-08-26,13.5898
2014-08-25,13.4395
2014-08-22,13.3456
2014-08-21,13.4534
2014-08-20,13.5908
2014-08-19,13.8151
2014-08-18,14.078
2014-08-15,14.5181
2014-08-14,15.096
2014-08-13,15.8713
2014-08-12,16.4162
2014-08-11,16.6703
2014-08-08,17.0146
2014-08-07,16.5246
2014-08-06,16.222
2014-08-05,16.2417
2014-08-04,16.4956
2014-08-01,16.9684
2014-07-31,17.3951
2014-07-30,18.2012
2014-07-29,18.2359
2014-07-28,18.561
2014-07-25,19.0181
2014-07-24,19.5892
2014-07-23,19.6211
2014-07-22,19.7585
2014-07-21,20.2873
2014-07-18,21.2194
2014-07-17,22.2006
2014-07-16,23.2335
2014-07-15,24.2585
2014-07-14,24.9535
2014-07-11,25.0089
2014-07-10,25.3432
2014-07-09,25.7462
2014-07-08,25.7545
2014-07-07,25.7632
2014-07-03,24.633
2014-07-02,23.2137
2014-07-01,21.8778
2014-06-30,20.6957
2014-06-27,19.7971
2014-06-26,18.6812
2014-06-25,17.5065
2014-06-24,16.3762
2014-06-23,15.351
2014-06-20,14.4204
2014-06-19,13.5024
2014-06-18,12.964
2014-06-17,12.5722
2014-06-16,12.4946
2014-06-13,12.3995
2014-06-12,12.7418
2014-06-11,13.0143
2014-06-10,13.0078
2014-06-09,13.0157
2014-06-06,12.6779
2014-06-05,11.8958
2014-06-04,11.0725
2014-06-03,10.4083
2014-06-02,9.8191
2014-05-30,9.2595
2014-05-29,8.7661
2014-05-28,8.3989
2014-05-27,8.159
2014-05-23,7.9671
2014-05-22,7.9772
2014-05-21,7.9877
2014-05-20,8.403
2014-05-19,8.7321
2014-05-16,9.1072
2014-05-15,9.2029
2014-05-14,9.3037
2014-05-13,9.6978
2014-05-12,10.0141
2014-05-09,10.5359
2014-05-08,10.6149
2014-05-07,10.845
2014-05-06,10.8048
2014-05-05,11.1747
2014-05-02,11.5641
2014-05-01,12.0484
2014-04-30,12.4309
2014-04-29,13.0702
2014-04-28,13.6756
2014-04-25,14.3128
2014-04-24,14.7508
2014-04-23,15.2372
2014-04-22,16.0232
2014-04-21,16.7582
2014-04-17,17.1222
2014-04-16,17.19
2014-04-15,17.2614
2014-04-14,16.9719
2014-04-11,16.3389
2014-04-10,15.7508
2014-04-09,15.3943
2014-04-08,15.5318
2014-04-07,15.115
2014-04-04,14.9903
2014-04-03,15.3975
2014-04-02,16.1049
2014-04-01,16.674
2014-03-31,17.2952
2014-03-28,18.0064
2014-03-27,18.7551
2014-03-26,19.2127
2014-03-25,20.1133
2014-03-24,20.7935
2014-03-21,21.5096
2014-03-20,22.2782
2014-03-19,22.2492
2014-03-18,22.2187
2014-03-17,22.3713
2014-03-14,22.8867
2014-03-13,23.708
2014-03-12,24.3618
2014-03-11,24.576
2014-03-10,24.4385
2014-03-07,24.4698
2014-03-06,24.5026
2014-03-05,24.111
2014-03-04,23.2263
2014-03-03,22.3148
2014-02-28,21.8845
2014-02-27,21.0428
2014-02-26,20.5031
2014-02-25,19.9166
2014-02-24,19.3236
2014-02-21,18.6993
2014-02-20,18.2561
2014-02-19,17.9175
2014-02-18,17.6033
2014-02-14,17.3136
2014-02-13,17.3569
2014-02-12,17.5796
2014-02-11,17.6083
2014-02-10,17.8125
2014-02-07,18.5851
2014-02-06,19.346
2014-02-05,19.2977
2014-02-04,19.2469
2014-02-03,19.4362
2014-01-31,19.6355
2014-01-30,20.5603
2014-01-29,21.5114
2014-01-28,22.2397
2014-01-27,23.2516
2014-01-24,23.892
2014-01-23,25.1475
2014-01-22,25.3042
2014-01-21,24.5408
2014-01-17,23.775
2014-01-16,23.1297
2014-01-15,22.4969
2014-01-14,21.8837
2014-01-13,21.2641
2014-01-10,20.6154
2014-01-09,20.1611
2014-01-08,19.8255
2014-01-07,19.7757
2014-01-06,20.0688
2014-01-03,20.5476
2014-01-02,20.8095
2013-12-31,21.1563
2013-12-30,21.2405
2013-12-27,21.4024
2013-12-26,21.3614
2013-12-24,21.4393
2013-12-23,21.7391
2013-12-20,22.0226
2013-12-19,22.4267
2013-12-18,23.1612
2013-12-17,23.9342
2013-12-16,24.7678
2013-12-13,26.025
2013-12-12,27.0027
2013-12-11,28.1826
2013-12-10,29.5783
2013-12-09,30.1715
2013-12-06,30.271
2013-12-05,30.5776
2013-12-04,31.2859
2013-12-03,32.0315
2013-12-02,32.1025
2013-11-29,31.4921
2013-11-27,30.7808
2013-11-26,29.9655
2013-11-25,28.9612
2013-11-22,27.7272
2013-11-21,26.6717
2013-11-20,25.9129
2013-11-19,25.2115
2013-11-18,24.7125
2013-11-15,23.8984
2013-11-14,23.1829
2013-11-13,22.6153
2013-11-12,22.4442
2013-11-11,22.5107
2013-11-08,22.4608
2013-11-07,22.577
2013-11-06,22.6993
2013-11-05,22.1834
2013-11-04,21.8038
2013-11-01,21.0106
2013-10-31,20.285
2013-10-30,19.5211
2013-10-29,18.5384
2013-10-28,17.6532
2013-10-25,16.8987
2013-10-24,16.3066
2013-10-23,15.4619
2013-10-22,14.691
2013-10-21,13.8796
2013-10-18,13.2229
2013-10-17,12.3576
2013-10-16,11.4733
2013-10-15,10.8658
2013-10-14,10.7425
2013-10-11,10.6958
2013-10-10,10.9192
2013-10-09,11.4148
2013-10-08,11.0885
2013-10-07,11.0427
2013-10-04,11.3717
2013-10-03,11.718
2013-10-02,12.3073
2013-10-01,12.5047
2013-09-30,12.7126
2013-09-27,13.2148
2013-09-26,13.8656
2013-09-25,14.4807
2013-09-24,15.1041
2013-09-23,15.2847
2013-09-20,15.3425
2013-09-19,14.6599
2013-09-18,13.9072
2013-09-17,13.1725
2013-09-16,12.7555
2013-09-13,12.2748
2013-09-12,12.3108
2013-09-11,12.3224
2013-09-10,12.4303
2013-09-09,12.8897
2013-09-06,13.3458
2013-09-05,13.802
2013-09-04,14.3266
2013-09-03,14.9626
2013-08-30,15.5337
2013-08-29,15.6546
2013-08-28,15.7818
2013-08-27,15.5242
2013-08-26,15.37
2013-08-23,16.0896
2013-08-22,16.4164
2013-08-21,16.6118
2013-08-20,16.8174
2013-08-19,17.3026
2013-08-16,17.6977
2013-08-15,17.9471
2013-08-14,18.512
2013-08-13,18.8215
2013-08-12,19.1643
2013-08-09,19.676
2013-08-08,19.9657
2013-08-07,20.0136
2013-08-06,20.2133
2013-08-05,20.2561
2013-08-02,19.8326
2013-08-01,19.4722
2013-07-31,18.9836
2013-07-30,18.5165
2013-07-29,18.0249
2013-07-26,17.7124
2013-07-25,17.4257
2013-07-24,17.3871
2013-07-23,17.0958
2013-07-22,16.6381
2013-07-19,16.1599
2013-07-18,15.8794
2013-07-17,15.9705
2013-07-16,16.1227
2013-07-15,16.2829
2013-07-12,16.2641
2013-07-11,16.3217
2013-07-10,16.5589
2013-07-09,17.2105
2013-07-08,18.0378
2013-07-05,18.8066
2013-07-03,19.2655
2013-07-02,19.269
2013-07-01,19.4613
2013-06-28,19.6636
2013-06-27,20.1417
2013-06-26,20.9043
2013-06-25,21.473
2013-06-24,21.4335
2013-06-21,21.36
2013-06-20,21.5678
2013-06-19,21.7865
2013-06-18,22.7923
2013-06-17,23.495
2013-06-14,24.2966
2013-06-13,25.2924
2013-06-12,26.4749
2013-06-11,27.3939
2013-06-10,28.4701
2013-06-07,29.2129
2013-06-06,30.0054
2013-06-05,31.3626
2013-06-04,32.6851
2013-06-03,33.5931
2013-05-31,34.6516
2013-05-30,35.6151
2013-05-29,35.8605
2013-05-28,36.1246
2013-05-24,35.3989
2013-05-23,35.0735
2013-05-22,34.7309
2013-05-21,33.9149
2013-05-20,33.6425
2013-05-17,33.4855
2013-05-16,33.3406
2013-05-15,33.0755
2013-05-14,32.4551
2013-05-13,32.0954
2013-05-10,32.0754
2013-05-09,32.3376
2013-05-08,32.8903
2013-05-07,33.5807
2013-05-06,34.5254
2013-05-03,35.4814
2013-05-02,36.1866
2013-05-01,37.3417
2013-04-30,38.7229
2013-04-29,39.8078
2013-04-26,40.2492
2013-04-25,40.8874
2013-04-24,41.5149
2013-04-23,42.1471
2013-04-22,42.2879
2013-04-19,42.7332
2013-04-18,43.4541
2013-04-17,44.3203
2013-04-16,44.6605
2013-04-15,44.8908
2013-04-12,45.1332
2013-04-11,44.3114
2013-04-10,43.4463
2013-04-09,42.818
2013-04-08,42.5211
2013-04-05,42.4775
2013-04-04,42.194
2013-04-03,41.1743
2013-04-02,40.1329
2013-04-01,39.0786
2013-03-28,38.3822
2013-03-27,37.6985
2013-03-26,37.3369
2013-03-25,37.164
2013-03-22,37.2299
2013-03-21,37.4815
2013-03-20,37.8513
2013-03-19,37.9665
2013-03-18,38.4485
2013-03-15,38.8674
2013-03-14,38.6461
2013-03-13,38.0999
2013-03-12,37.5941
2013-03-11,36.9571
2013-03-08,36.4716
2013-03-07,36.0449
2013-03-06,35.4422
2013-03-05,34.8539
2013-03-04,34.3268
2013-03-01,34.1555
2013-02-28,34.211
2013-02-27,33.8362
2013-02-26,33.5851
2013-02-25,33.8579
2013-02-22,33.7617
2013-02-21,34.0161
2013-02-20,34.4101
2013-02-19,33.9923
2013-02-15,33.6065
2013-02-14,33.4727
2013-02-13,33.4038
2013-02-12,33.4025
2013-02-11,33.0971
2013-02-08,32.7757
2013-02-07,32.4373
2013-02-06,32.1901
2013-02-05,31.3539
2013-02-04,30.4737
2013-02-01,29.7495
2013-01-31,28.5002
2013-01-30,27.3933
2013-01-29,26.0105
2013-01-28,24.5983
2013-01-25,23.3166
2013-01-24,22.0396
2013-01-23,20.8707
2013-01-22,19.846
2013-01-18,18.881
2013-01-17,17.981
2013-01-16,17.0624
2013-01-15,16.4611
2013-01-14,15.807
2013-01-11,15.0815
2013-01-10,14.3002
2013-01-09,13.5237
2013-01-08,13.0334
2013-01-07,12.8275
2013-01-04,12.746
2013-01-03,12.7735
2013-01-02,13.0956
2012-12-31,13.4705
2012-12-28,13.4582
2012-12-27,13.6862
2012-12-26,14.0035
2012-12-24,14.6983
2012-12-21,15.211
2012-12-20,15.617
2012-12-19,15.6152
2012-12-18,15.4099
2012-12-17,15.0879
2012-12-14,15.1568
2012-12-13,15.4304
2012-12-12,15.52
2012-12-11,15.0206
2012-12-10,14.6229
2012-12-07,14.7498
2012-12-06,15.1683
2012-12-05,15.4476
2012-12-04,15.7415
2012-12-03,16.2761
2012-11-30,16.8388
2012-11-29,17.6601
2012-11-28,18.5887
2012-11-27,19.1205
2012-11-26,20.0425
2012-11-23,21.0906
2012-11-21,22.1948
2012-11-20,22.9028
2012-11-19,23.511
2012-11-16,23.8572
2012-11-15,23.7315
2012-11-14,23.2146
2012-11-13,22.8153
2012-11-12,22.9153
2012-11-09,22.8396
2012-11-08,22.5783
2012-11-07,22.4449
2012-11-06,22.4097
2012-11-05,23.2731
2012-11-02,23.8665
2012-11-01,24.734
2012-10-31,25.5388
2012-10-26,26.386
2012-10-25,27.6455
2012-10-24,29.0344
2012-10-23,30.356
2012-10-22,31.6641
2012-10-19,32.8785
2012-10-18,33.9386
2012-10-17,34.2098
2012-10-16,34.18
2012-10-15,34.217
2012-10-12,34.6927
2012-10-11,35.5606
2012-10-10,36.3405
2012-10-09,37.1614
2012-10-08,37.2343
2012-10-05,36.5385
2012-10-04,35.4722
2012-10-03,34.3999
2012-10-02,33.5517
2012-10-01,32.8939
2012-09-28,32.2396
2012-09-27,31.9458
2012-09-26,31.2705
2012-09-25,30.5596
2012-09-24,29.2239
2012-09-21,28.0799
2012-09-20,26.9267
2012-09-19,25.9882
2012-09-18,24.8339
2012-09-17,23.7479
2012-09-14,22.7941
2012-09-13,21.8008
2012-09-12,20.7552
2012-09-11,20.0551
2012-09-10,19.3419
2012-09-07,18.5453
2012-09-06,17.6404
2012-09-05,16.7861
2012-09-04,16.4504
2012-08-31,16.1764
2012-08-30,15.787
2012-08-29,15.6941
2012-08-28,15.3184
2012-08-27,15.1039
2012-08-24,14.7816
2012-08-23,14.567
2012-08-22,14.7853
2012-08-21,14.9801
2012-08-20,15.0655
2012-08-17,15.3398
2012-08-16,15.6285
2012-08-15,15.648
2012-08-14,15.5233
2012-08-13,15.5211
2012-08-10,15.6722
2012-08-09,15.7879
2012-08-08,15.9741
2012-08-07,16.2224
2012-08-06,16.5655
2012-08-03,16.8165
2012-08-02,17.0808
2012-08-01,17.7665
2012-07-31,17.8068
2012-07-30,17.7968
2012-07-27,17.5381
2012-07-26,17.2657
2012-07-25,17.7074
2012-07-24,18.5603
2012-07-23,19.4581
2012-07-20,20.0633
2012-07-19,19.8245
2012-07-18,18.9987
2012-07-17,18.1295
2012-07-16,17.2724
2012-07-13,16.8529
2012-07-12,16.4612
2012-07-11,16.4275
2012-07-10,16.5509
2012-07-09,16.5147
2012-07-06,16.6514
2012-07-05,16.9172
2012-07-03,16.6525
2012-07-02,16.166
2012-06-29,15.7197
2012-06-28,15.3617
2012-06-27,15.64
2012-06-26,15.633
2012-06-25,16.1227
2012-06-22,16.723
2012-06-21,16.9855
2012-06-20,17.2619
2012-06-19,17.0594
2012-06-18,16.7168
2012-06-15,16.8342
2012-06-14,17.1503
2012-06-13,17.6415
2012-06-12,18.5628
2012-06-11,19.1095
2012-06-08,19.8289
2012-06-07,20.3789
2012-06-06,20.9943
2012-06-05,21.2728
2012-06-04,20.7718
2012-06-01,19.8412
2012-05-31,18.9408
2012-05-30,18.4619
2012-05-29,18.2672
2012-05-25,18.3146
2012-05-24,18.1324
2012-05-23,17.7326
2012-05-22,16.9808
2012-05-21,16.6525
2012-05-18,15.8642
2012-05-17,15.0344
2012-05-16,14.6183
2012-05-15,14.6418
2012-05-14,14.6666
2012-05-11,14.7714
2012-05-10,15.4053
2012-05-09,15.9
2012-05-08,16.0831
2012-05-07,16.4025
2012-05-04,16.8426
2012-05-03,17.6126
2012-05-02,17.8539
2012-05-01,17.9213
2012-04-30,17.9922
2012-04-27,17.7701
2012-04-26,17.5165
2012-04-25,17.4271
2012-04-24,17.2032
2012-04-23,17.4452
2012-04-20,17.9299
2012-04-19,17.9637
2012-04-18,18.1224
2012-04-17,18.6504
2012-04-16,19.2061
2012-04-13,20.0054
2012-04-12,21.0097
2012-04-11,21.8412
2012-04-10,22.7663
2012-04-09,23.7401
2012-04-05,24.0272
2012-04-04,23.7043
2012-04-03,23.1162
2012-04-02,22.22
2012-03-30,21.4404
2012-03-29,20.8149
2012-03-28,20.5105
2012-03-27,20.1245
2012-03-26,19.247
2012-03-23,18.5725
2012-03-22,18.7237
2012-03-21,19.0045
2012-03-20,18.897
2012-03-19,18.6862
2012-03-16,18.1943
2012-03-15,17.4766
2012-03-14,16.8183
2012-03-13,16.1791
2012-03-12,15.5753
2012-03-09,15.6033
2012-03-08,15.6327
2012-03-07,15.9708
2012-03-06,16.4112
2012-03-05,16.8749
2012-03-02,17.0692
2012-03-01,17.1701
2012-02-29,17.3136
2012-02-28,17.4645
2012-02-27,17.6576
2012-02-24,18.0655
2012-02-23,18.2358
2012-02-22,18.7027
2012-02-21,19.1941
2012-02-17,19.5708
2012-02-16,19.4346
2012-02-15,19.2912
2012-02-14,19.2501
2012-02-13,19.3026
2012-02-10,19.4693
2012-02-09,20.113
2012-02-08,20.3285
2012-02-07,20.3712
2012-02-06,20.4162
2012-02-03,20.3669
2012-02-02,19.9611
2012-02-01,19.6245
2012-01-31,19.0554
2012-01-30,18.6575
2012-01-27,18.6447
2012-01-26,18.2198
2012-01-25,17.7328
2012-01-24,17.3088
2012-01-23,17.091
2012-01-20,16.8616
2012-01-19,16.4022
2012-01-18,15.9873
2012-01-17,15.5806
2012-01-13,15.0879
2012-01-12,14.9785
2012-01-11,14.5916
2012-01-10,14.264
2012-01-09,13.7529
2012-01-06,13.5174
2012-01-05,13.1969
2012-01-04,12.9554
2012-01-03,12.5112
2011-12-30,11.7914
2011-12-29,11.3773
2011-12-28,10.9968
2011-12-27,10.5963
2011-12-23,9.7756
2011-12-22,9.0076
2011-12-21,8.4029
2011-12-20,7.9471
2011-12-19,7.6552
2011-12-16,7.6825
2011-12-15,7.611
2011-12-14,7.6644
2011-12-13,8.0054
2011-12-12,8.3545
2011-12-09,8.7368
2011-12-08,9.109
2011-12-07,9.518
2011-12-06,9.7114
2011-12-05,10.075
2011-12-02,10.4577
2011-12-01,10.8368
2011-11-30,10.9412
2011-11-29,11.1884
2011-11-28,11.3105
2011-11-25,11.1876
2011-11-23,10.4009
2011-11-22,9.6412
2011-11-21,9.05
2011-11-18,8.4277
2011-11-17,8.248
2011-11-16,8.0588
2011-11-15,8.3098
2011-11-14,8.619
2011-11-11,8.8864
2011-11-10,9.1035
2011-11-09,9.4305
2011-11-08,9.6714
2011-11-07,9.9787
2011-11-04,10.4115
2011-11-03,10.6441
2011-11-02,11.043
2011-11-01,11.265
2011-10-31,11.4986
2011-10-28,11.9413
2011-10-27,12.0636
2011-10-26,12.2259
2011-10-25,12.7837
2011-10-24,13.3709
2011-10-21,13.9646
2011-10-20,14.4739
2011-10-19,14.5971
2011-10-18,14.8982
2011-10-17,15.1523
2011-10-14,15.592
2011-10-13,16.3406
2011-10-12,16.9366
2011-10-11,17.7409
2011-10-10,18.3942
2011-10-07,19.0818
2011-10-06,19.4335
2011-10-05,19.6532
2011-10-04,19.6224
2011-10-03,19.2154
2011-09-30,19.0642
2011-09-29,19.4601
2011-09-28,19.8768
2011-09-27,20.4356
2011-09-26,21.2948
2011-09-23,21.6013
2011-09-22,21.6409
2011-09-21,21.6511
2011-09-20,22.217
2011-09-19,23.1627
2011-09-16,23.7598
2011-09-15,24.5525
2011-09-14,25.1986
2011-09-13,25.8788
2011-09-12,26.137
2011-09-09,26.1061
2011-09-08,26.2355
2011-09-07,26.9683
2011-09-06,27.6526
2011-09-02,27.7412
2011-09-01,28.2613
2011-08-31,29.3034
2011-08-30,30.2965
2011-08-29,31.1158
2011-08-26,31.7278
2011-08-25,31.6416
2011-08-24,31.9465
2011-08-23,32.3428
2011-08-22,32.3847
2011-08-19,31.9033
2011-08-18,31.278
2011-08-17,30.6515
2011-08-16,30.5301
2011-08-15,30.185
2011-08-12,29.6869
2011-08-11,28.7933
2011-08-10,27.6074
2011-08-09,25.5514
2011-08-08,23.3872
2011-08-05,21.2606
2011-08-04,19.3188
2011-08-03,17.4929
2011-08-02,15.8729
2011-08-01,14.5139
2011-07-29,13.3548
2011-07-28,12.6162
2011-07-27,12.287
2011-07-26,11.9823
2011-07-25,12.3739
2011-07-22,12.8742
2011-07-21,13.0028
2011-07-20,13.1381
2011-07-19,13.7206
2011-07-18,14.3337
2011-07-15,14.6578
2011-07-14,15.3825
2011-07-13,15.7181
2011-07-12,15.989
2011-07-11,16.4487
2011-07-08,17.0659
2011-07-07,17.1232
2011-07-06,16.7697
2011-07-05,16.5276
2011-07-01,16.2956
2011-06-30,16.0624
2011-06-29,16.2169
2011-06-28,16.489
2011-06-27,16.8968
2011-06-24,17.586
2011-06-23,18.4217
2011-06-22,19.3147
2011-06-21,19.7122
2011-06-20,20.0514
2011-06-17,20.7334
2011-06-16,21.5685
2011-06-15,22.5781
2011-06-14,23.7628
2011-06-13,24.3828
2011-06-10,25.4147
2011-06-09,26.501
2011-06-08,27.1264
2011-06-07,28.4631
2011-06-06,29.7221
2011-06-03,31.2662
2011-06-02,32.6111
2011-06-01,33.5719
2011-05-31,34.221
2011-05-27,34.4299
2011-05-26,35.1638
2011-05-25,35.9504
2011-05-24,36.6137
2011-05-23,37.0619
2011-05-20,37.5337
2011-05-19,37.0967
2011-05-18,36.0128
2011-05-17,34.9652
2011-05-16,34.094
2011-05-13,33.0694
2011-05-12,31.9909
2011-05-11,30.9644
2011-05-10,30.005
2011-05-09,29.0951
2011-05-06,28.3028
2011-05-05,27.5314
2011-05-04,26.8275
2011-05-03,25.7671
2011-05-02,24.5738
2011-04-29,23.0891
2011-04-28,21.7562
2011-04-27,20.4064
2011-04-26,19.0927
2011-04-25,18.0474
2011-04-21,17.3729
2011-04-20,16.6213
2011-04-19,16.0145
2011-04-18,15.9205
2011-04-15,16.0186
2011-04-14,15.2752
2011-04-13,14.9497
2011-04-12,14.7763
2011-04-11,14.5937
2011-04-08,14.2953
2011-04-07,14.1074
2011-04-06,13.9443
2011-04-05,13.5185
2011-04-04,13.1715
2011-04-01,12.6155
2011-03-31,12.2679
2011-03-30,12.0545
2011-03-29,11.8299
2011-03-28,12.1262
2011-03-25,12.6142
2011-03-24,13.128
2011-03-23,13.7094
2011-03-22,13.7477
2011-03-21,14.1351
2011-03-18,14.5429
2011-03-17,14.4985
2011-03-16,13.891
2011-03-15,13.2515
2011-03-14,13.0628
2011-03-11,13.7323
2011-03-10,14.3466
2011-03-09,14.8301
2011-03-08,14.5718
2011-03-07,14.3593
2011-03-04,14.1356
2011-03-03,13.4345
2011-03-02,12.734
2011-03-01,12.9367
2011-02-28,12.9542
2011-02-25,13.1448
2011-02-24,13.6719
2011-02-23,13.7996
2011-02-22,14.1655
2011-02-18,14.7617
2011-02-17,14.258
2011-02-16,13.9049
2011-02-15,13.6383
2011-02-14,13.9261
2011-02-11,14.1724
2011-02-10,14.5003
2011-02-09,15.0762
2011-02-08,15.6327
2011-02-07,16.0966
2011-02-04,16.6055
2011-02-03,17.2218
2011-02-02,18.0568
2011-02-01,18.3719
2011-01-31,18.7036
2011-01-28,19.1776
2011-01-27,19.7199
2011-01-26,19.9973
2011-01-25,20.1943
2011-01-24,20.4018
2011-01-21,20.3473
2011-01-20,20.1984
2011-01-19,20.254
2011-01-18,20.284
2011-01-14,19.7024
2011-01-13,19.3152
2011-01-12,18.9077
2011-01-11,18.0804
2011-01-10,17.4845
2011-01-07,17.1051
2011-01-06,16.6758
2011-01-05,15.988
2011-01-04,15.4111
2011-01-03,14.9723
2010-12-31,14.5105
2010-12-30,14.8239
2010-12-29,14.9951
2010-12-28,14.9051
2010-12-27,14.8686
2010-12-23,14.9063
2010-12-22,14.6388
2010-12-21,14.4091
2010-12-20,14.0771
2010-12-17,13.7275
2010-12-16,13.4952
2010-12-15,13.3182
2010-12-14,12.9398
2010-12-13,12.5832
2010-12-10,12.5709
2010-12-09,12.8276
2010-12-08,13.4158
2010-12-07,13.9416
2010-12-06,14.6336
2010-12-03,15.1663
2010-12-02,15.8586
2010-12-01,16.5538
2010-11-30,16.9619
2010-11-29,16.5222
2010-11-26,16.0594
2010-11-24,16.1314
2010-11-23,16.4301
2010-11-22,16.4996
2010-11-19,16.8247
2010-11-18,17.3474
2010-11-17,17.8975
2010-11-16,17.7153
2010-11-15,17.5234
2010-11-12,18.0951
2010-11-11,18.697
2010-11-10,19.5238
2010-11-09,20.2813
2010-11-08,21.1801
2010-11-05,21.8745
2010-11-04,22.5471
2010-11-03,22.8129
2010-11-02,23.3367
2010-11-01,23.4175
2010-10-29,23.5025
2010-10-28,23.9245
2010-10-27,24.202
2010-10-26,24.7296
2010-10-25,24.8085
2010-10-22,24.3886
2010-10-21,24.3747
2010-10-20,24.36
2010-10-19,24.4598
2010-10-18,24.6989
2010-10-15,23.8833
2010-10-14,23.2895
2010-10-13,22.744
2010-10-12,22.091
2010-10-11,21.7216
2010-10-08,21.4757
2010-10-07,21.2168
2010-10-06,20.9544
2010-10-05,20.7432
2010-10-04,20.5208
2010-10-01,20.6195
2010-09-30,20.2644
2010-09-29,19.7826
2010-09-28,19.5059
2010-09-27,19.2146
2010-09-24,18.6883
2010-09-23,18.055
2010-09-22,17.6228
2010-09-21,16.9763
2010-09-20,16.311
2010-09-17,15.7305
2010-09-16,15.3922
2010-09-15,15.1962
2010-09-14,14.9899
2010-09-13,14.9563
2010-09-10,15.0082
2010-09-09,15.2614
2010-09-08,15.8059
2010-09-07,16.5072
2010-09-03,17.1001
2010-09-02,17.7829
2010-09-01,18.1909
2010-08-31,18.4186
2010-08-30,17.9486
2010-08-27,17.6125
2010-08-26,17.2283
2010-08-25,16.9783
2010-08-24,16.6728
2010-08-23,16.2414
2010-08-20,16.4165
2010-08-19,16.161
2010-08-18,16.0786
2010-08-17,16.4682
2010-08-16,16.7801
2010-08-13,16.4733
2010-08-12,16.4012
2010-08-11,16.3253
2010-08-10,16.5225
2010-08-09,17.2189
2010-08-06,18.0693
2010-08-05,18.8643
2010-08-04,19.8345
2010-08-03,20.8557
2010-08-02,21.7023
2010-07-30,22.1502
2010-07-29,21.9459
2010-07-28,21.9644
2010-07-27,22.0988
2010-07-26,22.5824
2010-07-23,22.9716
2010-07-22,22.7565
2010-07-21,22.6855
2010-07-20,22.6108
2010-07-19,22.6494
2010-07-16,23.061
2010-07-15,23.4942
2010-07-14,24.3609
2010-07-13,25.1375
2010-07-12,26.1772
2010-07-09,26.8655
2010-07-08,27.5342
2010-07-07,28.2247
2010-07-06,28.5719
2010-07-02,28.3953
2010-07-01,27.9474
2010-06-30,27.3646
2010-06-29,27.2574
2010-06-28,27.2595
2010-06-25,27.76
2010-06-24,28.2262
2010-06-23,28.7773
2010-06-22,29.4567
2010-06-21,30.4052
2010-06-18,31.5937
2010-06-17,32.6292
2010-06-16,33.6661
2010-06-15,34.7456
2010-06-14,35.7287
2010-06-11,36.4628
2010-06-10,36.8943
2010-06-09,37.0583
2010-06-08,36.8488
2010-06-07,36.397
2010-06-04,36.0758
2010-06-03,35.7376
2010-06-02,35.835
2010-06-01,35.6171
2010-05-28,35.115
2010-05-27,34.7383
2010-05-26,34.128
2010-05-25,33.3293
2010-05-24,32.0678
2010-05-21,30.9799
2010-05-20,29.5902
2010-05-19,28.3354
2010-05-18,27.4217
2010-05-17,26.5966
2010-05-14,25.5202
2010-05-13,24.5105
2010-05-12,23.8828
2010-05-11,23.2517
2010-05-10,22.5873
2010-05-07,21.8879
2010-05-06,20.0789
2010-05-05,18.1746
2010-05-04,17.5046
2010-05-03,17.1776
2010-04-30,17.015
2010-04-29,16.8696
2010-04-28,16.8973
2010-04-27,15.9466
2010-04-26,14.9568
2010-04-23,14.3652
2010-04-22,13.5174
2010-04-21,12.325
2010-04-20,11.6187
2010-04-19,11.8589
2010-04-16,11.7867
2010-04-15,11.5824
2010-04-14,11.8729
2010-04-13,12.3219
2010-04-12,12.9024
2010-04-09,13.3306
2010-04-08,13.9089
2010-04-07,14.5483
2010-04-06,15.2362
2010-04-05,15.4815
2010-04-01,15.6194
2010-03-31,15.8565
2010-03-30,16.2722
2010-03-29,16.4422
2010-03-26,16.6904
2010-03-25,16.9853
2010-03-24,16.6971
2010-03-23,15.9994
2010-03-22,15.0603
2010-03-19,14.0718
2010-03-18,13.3358
2010-03-17,12.6956
2010-03-16,12.3564
2010-03-15,12.107
2010-03-12,12.0158
2010-03-11,11.9198
2010-03-10,11.893
2010-03-09,12.0746
2010-03-08,12.3414
2010-03-05,12.3949
2010-03-04,12.4651
2010-03-03,12.9383
2010-03-02,13.1546
2010-03-01,13.2466
2010-02-26,13.5204
2010-02-25,14.1614
2010-02-24,14.7072
2010-02-23,15.4593
2010-02-22,16.2511
2010-02-19,16.8973
2010-02-18,17.4228
2010-02-17,18.0394
2010-02-16,18.7008
2010-02-12,19.5148
2010-02-11,20.0202
2010-02-10,20.5521
2010-02-09,20.9878
2010-02-08,21.6542
2010-02-05,22.0086
2010-02-04,22.3817
2010-02-03,23.4265
2010-02-02,23.7506
2010-02-01,24.0917
2010-01-29,25.1976
2010-01-28,26.2359
2010-01-27,27.1227
2010-01-26,28.1755
2010-01-25,29.4301
2010-01-22,30.2554
2010-01-21,31.1241
2010-01-20,31.3978
2010-01-19,30.6858
2010-01-15,30.074
2010-01-14,29.9533
2010-01-13,29.6881
2010-01-12,29.6382
2010-01-11,30.029
2010-01-08,29.9473
2010-01-07,30.1153
2010-01-06,30.4043
2010-01-05,30.8649
2010-01-04,31.3498
2009-12-31,31.928
2009-12-30,32.6579
2009-12-29,32.7297
2009-12-28,32.4782
2009-12-24,32.3453
2009-12-23,32.3408
2009-12-22,32.1568
2009-12-21,31.9735
2009-12-18,31.8004
2009-12-17,32.1304
2009-12-16,32.4777
2009-12-15,31.8381
2009-12-14,31.3396
2009-12-11,30.7912
2009-12-10,30.4424
2009-12-09,30.1477
2009-12-08,30.2816
2009-12-07,30.4349
2009-12-04,30.0162
2009-12-03,29.5755
2009-12-02,29.1965
2009-12-01,28.647
2009-11-30,28.133
2009-11-27,27.9817
2009-11-25,27.8224
2009-11-24,26.5404
2009-11-23,25.2706
2009-11-20,24.0397
2009-11-19,23.1618
2009-11-18,22.421
2009-11-17,21.2671
2009-11-16,20.2041
2009-11-13,19.0851
2009-11-12,18.2459
2009-11-11,17.3625
2009-11-10,16.3654
2009-11-09,15.4624
2009-11-06,14.7325
2009-11-05,14.6038
2009-11-04,14.6032
2009-11-03,14.8999
2009-11-02,14.8695
2009-10-30,14.8508
2009-10-29,14.8312
2009-10-28,15.0658
2009-10-27,15.3471
2009-10-26,15.941
2009-10-23,16.5661
2009-10-22,17.1538
2009-10-21,17.7724
2009-10-20,17.9896
2009-10-19,17.468
2009-10-16,16.8451
2009-10-15,16.5428
2009-10-14,16.2011
2009-10-13,16.0008
2009-10-12,16.2324
2009-10-09,16.1209
2009-10-08,16.2917
2009-10-07,16.6179
2009-10-06,17.3057
2009-10-05,18.0296
2009-10-02,18.7063
2009-10-01,19.213
2009-09-30,20.0708
2009-09-29,20.8653
2009-09-28,21.0169
2009-09-25,21.1764
2009-09-24,22.0762
2009-09-23,23.0233
2009-09-22,23.7009
2009-09-21,23.7777
2009-09-18,23.9907
2009-09-17,23.974
2009-09-16,24.0688
2009-09-15,24.2339
2009-09-14,24.2609
2009-09-11,24.3342
2009-09-10,24.1741
2009-09-09,24.108
2009-09-08,24.2492
2009-09-04,24.6202
2009-09-03,25.117
2009-09-02,25.9737
2009-09-01,26.6751
2009-08-31,27.3333
2009-08-28,27.4344
2009-08-27,27.3362
2009-08-26,26.9545
2009-08-25,26.1656
2009-08-24,25.1872
2009-08-21,24.3316
2009-08-20,23.4705
2009-08-19,23.0341
2009-08-18,22.8584
2009-08-17,22.9724
2009-08-14,23.0924
2009-08-13,23.1976
2009-08-12,23.2473
2009-08-11,23.2207
2009-08-10,23.3381
2009-08-07,23.5846
2009-08-06,23.7538
2009-08-05,23.9778
2009-08-04,23.7107
2009-08-03,22.9758
2009-07-31,22.2023
2009-07-30,21.1972
2009-07-29,19.7682
2009-07-28,18.5388
2009-07-27,17.2699
2009-07-24,15.9958
2009-07-23,14.739
2009-07-22,13.7196
2009-07-21,13.0896
2009-07-20,12.5108
2009-07-17,12.3322
2009-07-16,12.0306
2009-07-15,11.713
2009-07-14,11.6756
2009-07-13,11.817
2009-07-10,12.1512
2009-07-09,12.7676
2009-07-08,13.3704
2009-07-07,13.5556
2009-07-06,13.834
2009-07-02,14.3811
2009-07-01,14.6704
2009-06-30,14.218
2009-06-29,13.7418
2009-06-26,13.2405
2009-06-25,12.7889
2009-06-24,12.3135
2009-06-23,12.5419
2009-06-22,12.8078
2009-06-19,12.983
2009-06-18,12.5667
2009-06-17,12.5042
2009-06-16,13.0638
2009-06-15,13.3402
2009-06-12,13.6313
2009-06-11,13.9535
2009-06-10,14.4195
2009-06-09,15.0949
2009-06-08,15.4837
2009-06-05,15.8929
2009-06-04,16.0302
2009-06-03,15.832
2009-06-02,15.2038
2009-06-01,14.5425
2009-05-29,14.0786
2009-05-28,13.8735
2009-05-27,13.9533
2009-05-26,13.9116
2009-05-22,13.8677
2009-05-21,14.1201
2009-05-20,14.3857
2009-05-19,14.0323
2009-05-18,13.8841
2009-05-15,13.7282
2009-05-14,13.5138
2009-05-13,12.8772
2009-05-12,12.2071
2009-05-11,11.6322
2009-05-08,11.268
2009-05-07,10.6806
2009-05-06,10.3231
2009-05-05,10.322
2009-05-04,10.5008
2009-05-01,10.9069
2009-04-30,11.1678
2009-04-29,11.5363
2009-04-28,11.7836
2009-04-27,11.9948
2009-04-24,12.0198
2009-04-23,11.7899
2009-04-22,11.3468
2009-04-21,11.178
2009-04-20,11.1992
2009-04-17,11.4967
2009-04-16,12.0791
2009-04-15,12.5039
2009-04-14,12.7547
2009-04-13,13.1901
2009-04-09,13.607
2009-04-08,14.046
2009-04-07,14.1905
2009-04-06,14.3026
2009-04-03,14.4585
2009-04-02,14.6592
2009-04-01,15.2171
2009-03-31,15.4846
2009-03-30,16.2095
2009-03-27,16.55
2009-03-26,17.2845
2009-03-25,18.0576
2009-03-24,18.7931
2009-03-23,19.694
2009-03-20,20.6384
2009-03-19,21.1351
2009-03-18,21.6579
2009-03-17,22.5946
2009-03-16,23.2053
2009-03-13,23.9736
2009-03-12,24.6331
2009-03-11,24.5385
2009-03-10,24.0296
2009-03-09,23.1383
2009-03-06,21.7408
2009-03-05,20.2339
2009-03-04,18.6742
2009-03-03,17.1505
2009-03-02,15.1551
2009-02-27,13.1194
2009-02-26,11.3338
2009-02-25,9.9288
2009-02-24,9.1952
2009-02-23,8.613
2009-02-20,8.0002
2009-02-19,7.7127
2009-02-18,7.8311
2009-02-17,7.7712
2009-02-13,7.7717
2009-02-12,7.9999
2009-02-11,8.25
2009-02-10,8.5906
2009-02-09,8.9492
2009-02-06,8.8205
2009-02-05,8.675
2009-02-04,8.7844
2009-02-03,8.7556
2009-02-02,8.8885
2009-01-30,9.1197
2009-01-29,9.4937
2009-01-28,9.8291
2009-01-27,9.965
2009-01-26,10.4447
2009-01-23,10.652
2009-01-22,10.7354
2009-01-21,10.8232
2009-01-20,10.758
2009-01-16,10.7896
2009-01-15,11.0668
2009-01-14,11.0332
2009-01-13,11.2104
2009-01-12,11.6597
2009-01-09,12.1327
2009-01-08,12.6541
2009-01-07,13.2575
2009-01-06,13.8307
2009-01-05,14.2569
2009-01-02,14.4198
2008-12-31,14.5913
2008-12-30,15.1073
2008-12-29,15.8699
2008-12-26,16.4279
2008-12-24,17.2332
2008-12-23,18.053
2008-12-22,18.9353
2008-12-19,19.7939
2008-12-18,20.7032
2008-12-17,21.737
2008-12-16,22.7565
2008-12-15,23.8165
2008-12-12,24.5488
2008-12-11,25.108
2008-12-10,25.8253
2008-12-09,26.3741
2008-12-08,26.9518
2008-12-05,27.728
2008-12-04,28.2002
2008-12-03,28.4665
2008-12-02,28.7468
2008-12-01,28.5986
2008-11-28,28.4425
2008-11-26,28.6422
2008-11-25,28.604
2008-11-24,28.6489
2008-11-21,28.5992
2008-11-20,27.9491
2008-11-19,27.3622
2008-11-18,27.2764
2008-11-17,27.2937
2008-11-14,27.5271
2008-11-13,27.9729
2008-11-12,28.3523
2008-11-11,28.2748
2008-11-10,28.4072
2008-11-07,28.7065
2008-11-06,28.7117
2008-11-05,28.7171
2008-11-04,29.0156
2008-11-03,29.5552
2008-10-31,29.8835
2008-10-30,30.2292
2008-10-29,30.4094
2008-10-28,30.594
2008-10-27,30.7883
2008-10-24,30.0702
2008-10-23,29.3385
2008-10-22,28.7292
2008-10-21,28.1836
2008-10-20,28.0296
2008-10-17,27.7451
2008-10-16,27.4457
2008-10-15,26.7112
2008-10-14,26.0523
2008-10-13,25.8514
2008-10-10,25.2406
2008-10-09,23.0718
2008-10-08,21.1887
2008-10-07,19.6128
2008-10-06,18.2291
2008-10-03,16.7794
2008-10-02,16.2457
2008-10-01,15.8464
2008-09-30,15.5313
2008-09-29,15.172
2008-09-26,14.7938
2008-09-25,15.4006
2008-09-24,16.0394
2008-09-23,16.1847
2008-09-22,16.3376
2008-09-19,16.7694
2008-09-18,17.621
2008-09-17,16.5905
2008-09-16,15.5057
2008-09-15,15.0302
2008-09-12,14.9813
2008-09-11,15.4847
2008-09-10,15.9741
2008-09-09,16.7209
2008-09-08,17.5069
2008-09-05,18.3162
2008-09-04,18.6278
2008-09-03,19.3906
2008-09-02,19.7877
2008-08-29,20.06
2008-08-28,20.6607
2008-08-27,20.9891
2008-08-26,21.5876
2008-08-25,22.1079
2008-08-22,22.5865
2008-08-21,22.6886
2008-08-20,23.1126
2008-08-19,23.3001
2008-08-18,23.1951
2008-08-15,22.5999
2008-08-14,21.8617
2008-08-13,21.1965
2008-08-12,20.6741
2008-08-11,19.7502
2008-08-08,18.7777
2008-08-07,17.8716
2008-08-06,17.1623
2008-08-05,16.4156
2008-08-04,15.6949
2008-08-01,15.722
2008-07-31,15.9108
2008-07-30,15.7105
2008-07-29,15.7542
2008-07-28,15.4501
2008-07-25,15.13
2008-07-24,15.11
2008-07-23,15.0888
2008-07-22,15.1396
2008-07-21,15.6232
2008-07-18,16.0068
2008-07-17,15.9301
2008-07-16,16.0386
2008-07-15,16.3261
2008-07-14,16.8642
2008-07-11,17.4306
2008-07-10,18.3163
2008-07-09,19.0347
2008-07-08,19.6296
2008-07-07,20.5521
2008-07-03,20.6845
2008-07-02,21.1444
2008-07-01,21.6286
2008-06-30,21.8418
2008-06-27,22.0661
2008-06-26,21.4554
2008-06-25,20.8125
2008-06-24,20.5347
2008-06-23,19.5358
2008-06-20,18.6124
2008-06-19,17.6403
2008-06-18,16.775
2008-06-17,16.0773
2008-06-16,15.6431
2008-06-13,14.9663
2008-06-12,14.2819
2008-06-11,12.9208
2008-06-10,11.9872
2008-06-09,11.3953
2008-06-06,10.9637
2008-06-05,10.775
2008-06-04,11.2393
2008-06-03,11.6368
2008-06-02,11.9656
2008-05-30,12.3116
2008-05-29,12.5768
2008-05-28,12.8559
2008-05-27,12.9586
2008-05-23,12.985
2008-05-22,13.0437
2008-05-21,13.2734
2008-05-20,13.5761
2008-05-19,14.1248
2008-05-16,14.5862
2008-05-15,14.7299
2008-05-14,14.7632
2008-05-13,14.9034
2008-05-12,15.0182
2008-05-09,15.1879
2008-05-08,15.0363
2008-05-07,15.1554
2008-05-06,15.2808
2008-05-05,15.6483
2008-05-02,16.2824
2008-05-01,17.1157
2008-04-30,17.8235
2008-04-29,18.3006
2008-04-28,18.8941
2008-04-25,19.8618
2008-04-24,20.6524
2008-04-23,21.2077
2008-04-22,21.5738
2008-04-21,21.779
2008-04-18,22.457
2008-04-17,23.2492
2008-04-16,23.6502
2008-04-15,24.1545
2008-04-14,24.6456
2008-04-11,25.2197
2008-04-10,25.9565
2008-04-09,26.8948
2008-04-08,27.6639
2008-04-07,28.6579
2008-04-04,29.7408
2008-04-03,30.7107
2008-04-02,31.3315
2008-04-01,32.0632
2008-03-31,32.7792
2008-03-28,32.9019
2008-03-27,33.397
2008-03-26,33.785
2008-03-25,34.037
2008-03-24,34.3879
2008-03-20,34.7573
2008-03-19,34.9374
2008-03-18,35.1269
2008-03-17,35.4703
2008-03-14,34.7859
2008-03-13,34.2803
2008-03-12,33.4105
2008-03-11,32.7236
2008-03-10,32.0006
2008-03-07,31.2992
2008-03-06,30.9845
2008-03-05,30.9048
2008-03-04,31.091
2008-03-03,31.1051
2008-02-29,31.1836
2008-02-28,31.2848
2008-02-27,31.7401
2008-02-26,32.4312
2008-02-25,33.1728
2008-02-22,33.8338
2008-02-21,34.0857
2008-02-20,34.5514
2008-02-19,34.4892
2008-02-15,34.5292
2008-02-14,34.0904
2008-02-13,33.7066
2008-02-12,33.3958
2008-02-11,32.8867
2008-02-08,31.766
2008-02-07,30.646
2008-02-06,29.5415
2008-02-05,28.4619
2008-02-04,27.3255
2008-02-01,26.3015
2008-01-31,24.9977
2008-01-30,23.4202
2008-01-29,21.8551
2008-01-28,20.2988
2008-01-25,18.4553
2008-01-24,16.5149
2008-01-23,14.6837
2008-01-22,12.6296
2008-01-18,10.4675
2008-01-17,10.2116
2008-01-16,10.6101
2008-01-15,10.8646
2008-01-14,11.3448
2008-01-11,11.261
2008-01-10,11.116
2008-01-09,11.0129
2008-01-08,11.0315
2008-01-07,11.0895
2008-01-04,11.3095
2008-01-03,10.9702
2008-01-02,10.899
2007-12-31,10.824
2007-12-28,11.3047
2007-12-27,11.6929
2007-12-26,11.9691
2007-12-24,11.933
2007-12-21,11.9595
2007-12-20,12.0083
2007-12-19,12.4235
2007-12-18,12.8606
2007-12-17,13.2637
2007-12-14,13.8509
2007-12-13,14.078
2007-12-12,14.165
2007-12-11,14.0686
2007-12-10,14.5057
2007-12-07,14.8546
2007-12-06,15.137
2007-12-05,15.4569
2007-12-04,16.0202
2007-12-03,16.8527
2007-11-30,17.0705
2007-11-29,17.5944
2007-11-28,18.3314
2007-11-27,19.1814
2007-11-26,19.3598
2007-11-23,19.2125
2007-11-21,18.6655
2007-11-20,17.9989
2007-11-19,17.7506
2007-11-16,17.6615
2007-11-15,17.6726
2007-11-14,17.6843
2007-11-13,17.8185
2007-11-12,17.6835
2007-11-09,17.2878
2007-11-08,16.9769
2007-11-07,16.2675
2007-11-06,16.0937
2007-11-05,15.4052
2007-11-02,14.8125
2007-11-01,13.9932
2007-10-31,13.3469
2007-10-30,12.6665
2007-10-29,12.867
2007-10-26,13.0453
2007-10-25,13.039
2007-10-24,13.473
2007-10-23,13.7234
2007-10-22,14.2947
2007-10-19,14.2036
2007-10-18,14.6355
2007-10-17,15.1694
2007-10-16,15.955
2007-10-15,16.5411
2007-10-12,16.8604
2007-10-11,16.6179
2007-10-10,16.3626
2007-10-09,15.6433
2007-10-08,14.9546
2007-10-05,14.3318
2007-10-04,13.6762
2007-10-03,13.2205
2007-10-02,12.9916
2007-10-01,12.7161
2007-09-28,12.5313
2007-09-27,12.6801
2007-09-26,12.5316
2007-09-25,12.4566
2007-09-24,12.5727
2007-09-21,12.6092
2007-09-20,12.4517
2007-09-19,12.2996
2007-09-18,12.1118
2007-09-17,12.2875
2007-09-14,12.7747
2007-09-13,13.2931
2007-09-12,13.592
2007-09-11,14.1523
2007-09-10,14.7675
2007-09-07,15.1566
2007-09-06,15.6016
2007-09-05,16.3867
2007-09-04,17.0676
2007-08-31,17.8441
2007-08-30,18.4617
2007-08-29,18.8274
2007-08-28,19.0804
2007-08-27,19.3661
2007-08-24,20.137
2007-08-23,20.9484
2007-08-22,21.6414
2007-08-21,22.0871
2007-08-20,22.374
2007-08-17,22.6522
2007-08-16,22.9449
2007-08-15,22.4173
2007-08-14,22.3316
2007-08-13,22.3501
2007-08-10,22.6397
2007-08-09,22.632
2007-08-08,23.0087
2007-08-07,23.8114
2007-08-06,24.5177
2007-08-03,24.8685
2007-08-02,24.9892
2007-08-01,25.3056
2007-07-31,25.2171
2007-07-30,25.2421
2007-07-27,24.5202
2007-07-26,23.7604
2007-07-25,23.4955
2007-07-24,23.9208
2007-07-23,23.5548
2007-07-20,23.5947
2007-07-19,23.18
2007-07-18,23.1202
2007-07-17,23.1487
2007-07-16,23.5676
2007-07-13,24.1734
2007-07-12,24.811
2007-07-11,25.4643
2007-07-10,24.9619
2007-07-09,24.433
2007-07-06,24.2178
2007-07-05,23.9243
2007-07-03,23.5721
2007-07-02,23.3856
2007-06-29,23.1892
2007-06-28,22.4924
2007-06-27,22.1368
2007-06-26,21.4116
2007-06-25,20.733
2007-06-22,19.8679
2007-06-21,19.0457
2007-06-20,18.4717
2007-06-19,18.0954
2007-06-18,18.3264
2007-06-15,18.5695
2007-06-14,19.0451
2007-06-13,18.9991
2007-06-12,18.6806
2007-06-11,18.3955
2007-06-08,18.3523
2007-06-07,18.0473
2007-06-06,18.0667
2007-06-05,18.9827
2007-06-04,19.5488
2007-06-01,19.7629
2007-05-31,19.8958
2007-05-30,20.0678
2007-05-29,20.4885
2007-05-25,20.5622
2007-05-24,20.5956
2007-05-23,20.5234
2007-05-22,20.2551
2007-05-21,20.1405
2007-05-18,20.1519
2007-05-17,20.2566
2007-05-16,20.5686
2007-05-15,20.897
2007-05-14,21.4978
2007-05-11,22.0308
2007-05-10,22.8332
2007-05-09,23.5684
2007-05-08,23.3034
2007-05-07,23.1277
2007-05-04,22.6186
2007-05-03,22.0827
2007-05-02,22.0808
2007-05-01,22.1933
2007-04-30,22.6041
2007-04-27,22.8981
2007-04-26,23.0981
2007-04-25,23.0704
2007-04-24,23.1918
2007-04-23,22.7306
2007-04-20,22.1652
2007-04-19,21.6185
2007-04-18,21.1786
2007-04-17,20.9279
2007-04-16,20.1424
2007-04-13,19.5365
2007-04-12,19.239
2007-04-11,19.5397
2007-04-10,20.3204
2007-04-09,21.0148
2007-04-05,21.8234
2007-04-04,22.6746
2007-04-03,23.7804
2007-04-02,24.7312
2007-03-30,25.0401
2007-03-29,25.3262
2007-03-28,25.2924
2007-03-27,25.3036
2007-03-26,25.5169
2007-03-23,25.8137
2007-03-22,26.1261
2007-03-21,27.0909
2007-03-20,27.9904
2007-03-19,28.2539
2007-03-16,28.1468
2007-03-15,27.624
2007-03-14,26.8628
2007-03-13,25.9957
2007-03-12,25.2499
2007-03-09,24.862
2007-03-08,24.5186
2007-03-07,24.1572
2007-03-06,23.016
2007-03-05,21.6788
2007-03-02,20.0688
2007-03-01,18.5824
2007-02-28,17.0177
2007-02-27,15.7333
2007-02-26,14.3814
2007-02-23,14.5398
2007-02-22,14.589
2007-02-21,14.8969
2007-02-20,15.4317
2007-02-16,16.2129
2007-02-15,16.9748
2007-02-14,17.8334
2007-02-13,18.4466
2007-02-12,18.6747
2007-02-09,18.872
2007-02-08,19.2369
2007-02-07,19.6013
2007-02-06,19.5152
2007-02-05,19.4245
2007-02-02,19.1999
2007-02-01,18.7567
2007-01-31,18.3935
2007-01-30,18.4251
2007-01-29,18.8012
2007-01-26,19.35
2007-01-25,19.9277
2007-01-24,19.7983
2007-01-23,19.662
2007-01-22,19.6784
2007-01-19,19.1639
2007-01-18,17.9955
2007-01-17,16.8155
2007-01-16,15.6599
2007-01-12,14.8512
2007-01-11,14.0741
2007-01-10,13.585
2007-01-09,13.644
2007-01-08,13.3504
2007-01-05,13.2778
2007-01-04,12.9523
2007-01-03,12.6096
2006-12-29,12.5095
2006-12-28,12.842
2006-12-27,12.7174
2006-12-26,12.4472
2006-12-22,12.5306
2006-12-21,12.592
2006-12-20,12.1962
2006-12-19,11.5495
2006-12-18,11.0296
2006-12-15,10.7256
2006-12-14,10.5818
2006-12-13,10.4446
2006-12-12,10.5945
2006-12-11,11.0025
2006-12-08,11.3423
2006-12-07,11.7803
2006-12-06,11.9369
2006-12-05,12.3927
2006-12-04,12.9318
2006-12-01,13.5078
2006-11-30,14.0454
2006-11-29,14.4049
2006-11-28,15.08
2006-11-27,15.4265
2006-11-24,15.7912
2006-11-22,16.5053
2006-11-21,17.1732
2006-11-20,17.8762
2006-11-17,18.5183
2006-11-16,19.2977
2006-11-15,20.1859
2006-11-14,21.2376
2006-11-13,21.8888
2006-11-10,22.2856
2006-11-09,22.3795
2006-11-08,22.5053
2006-11-07,23.4029
2006-11-06,23.4618
2006-11-03,24.1154
2006-11-02,25.1737
2006-11-01,26.4845
2006-10-31,27.7485
2006-10-30,28.5314
2006-10-27,28.6957
2006-10-26,28.4453
2006-10-25,28.1817
2006-10-24,27.8702
2006-10-23,27.0928
2006-10-20,26.2394
2006-10-19,25.4653
2006-10-18,24.7638
2006-10-17,24.2173
2006-10-16,24.2357
2006-10-13,24.4812
2006-10-12,24.8239
2006-10-11,25.1254
2006-10-10,25.7756
2006-10-09,26.4323
2006-10-06,26.544
2006-10-05,26.4431
2006-10-04,26.4969
2006-10-03,26.5536
2006-10-02,26.9397
2006-09-29,27.2624
2006-09-28,27.3507
2006-09-27,27.6683
2006-09-26,28.0026
2006-09-25,28.4733
2006-09-22,28.9687
2006-09-21,29.4435
2006-09-20,29.4105
2006-09-19,29.0354
2006-09-18,28.9597
2006-09-15,28.7205
2006-09-14,28.2832
2006-09-13,28.0474
2006-09-12,27.5637
2006-09-11,27.0663
2006-09-08,27.0482
2006-09-07,27.3193
2006-09-06,27.8009
2006-09-05,27.8267
2006-09-01,27.292
2006-08-31,26.7293
2006-08-30,26.2652
2006-08-29,25.471
2006-08-28,24.7171
2006-08-25,23.97
2006-08-24,23.5305
2006-08-23,22.9905
2006-08-22,22.7289
2006-08-21,22.4535
2006-08-18,21.9967
2006-08-17,21.5159
2006-08-16,20.943
2006-08-15,20.5477
2006-08-14,20.4321
2006-08-11,20.3891
2006-08-10,20.6141
2006-08-09,20.6757
2006-08-08,20.3783
2006-08-07,20.2898
2006-08-04,20.1224
2006-08-03,19.7898
2006-08-02,19.4397
2006-08-01,18.5026
2006-07-31,17.83
2006-07-28,16.8933
2006-07-27,15.9074
2006-07-26,15.1162
2006-07-25,14.0671
2006-07-24,13.0678
2006-07-21,12.3208
2006-07-20,12.2877
2006-07-19,12.1967
2006-07-18,12.2838
2006-07-17,12.2586
2006-07-14,12.3485
2006-07-13,12.4432
2006-07-12,12.9623
2006-07-11,13.1575
2006-07-10,13.4507
2006-07-07,13.7371
2006-07-06,14.2225
2006-07-05,14.7667
2006-07-03,15.3731
2006-06-30,16.0943
2006-06-29,16.8535
2006-06-28,17.1543
2006-06-27,16.7044
2006-06-26,16.3092
2006-06-23,16.2978
2006-06-22,16.3152
2006-06-21,16.4195
2006-06-20,16.6577
2006-06-19,16.6689
2006-06-16,16.7605
2006-06-15,17.2339
2006-06-14,17.7298
2006-06-13,17.4737
2006-06-12,17.3053
2006-06-09,17.255
2006-06-08,17.6856
2006-06-07,18.1389
2006-06-06,18.8795
2006-06-05,19.1927
2006-06-02,19.6493
2006-06-01,20.6161
2006-05-31,21.377
2006-05-30,21.3564
2006-05-26,21.3347
2006-05-25,21.7429
2006-05-24,21.7708
2006-05-23,21.2655
2006-05-22,21.0313
2006-05-19,20.9745
2006-05-18,20.9147
2006-05-17,21.3126
2006-05-16,21.9526
2006-05-15,23.0308
2006-05-12,23.7898
2006-05-11,23.9778
2006-05-10,24.2422
2006-05-09,24.6877
2006-05-08,25.1732
2006-05-05,26.0059
2006-05-04,26.8825
2006-05-03,27.8052
2006-05-02,27.2274
2006-05-01,27.018
2006-04-28,26.9073
2006-04-27,26.7059
2006-04-26,26.0601
2006-04-25,25.5996
2006-04-24,25.1287
2006-04-21,24.633
2006-04-20,24.6193
2006-04-19,24.2146
2006-04-18,23.309
2006-04-17,22.42
2006-04-13,21.1154
2006-04-12,19.93
2006-04-11,18.6821
2006-04-10,17.3686
2006-04-07,16.3341
2006-04-06,15.5667
2006-04-05,15.1817
2006-04-04,15.4618
2006-04-03,15.7566
2006-03-31,16.313
2006-03-30,16.8987
2006-03-29,17.7837
2006-03-28,18.5534
2006-03-27,19.3636
2006-03-24,19.8904
2006-03-23,19.8772
2006-03-22,19.8633
2006-03-21,19.7123
2006-03-20,19.7268
2006-03-17,19.2178
2006-03-16,18.7774
2006-03-15,18.436
2006-03-14,18.1402
2006-03-13,18.0385
2006-03-10,17.9638
2006-03-09,18.1149
2006-03-08,18.2738
2006-03-07,18.4411
2006-03-06,18.8842
2006-03-03,19.3507
2006-03-02,19.386
2006-03-01,19.612
2006-02-28,19.8499
2006-02-27,19.9089
2006-02-24,19.3753
2006-02-23,19.1526
2006-02-22,18.8758
2006-02-21,18.5844
2006-02-17,18.3131
2006-02-16,18.1321
2006-02-15,17.9416
2006-02-14,17.9561
2006-02-13,17.9715
2006-02-10,18.7904
2006-02-09,19.6523
2006-02-08,20.0765
2006-02-07,20.8958
2006-02-06,21.9167
2006-02-03,23.0211
2006-02-02,23.9178
2006-02-01,24.6538
2006-01-31,25.0598
2006-01-30,25.7689
2006-01-27,25.5658
2006-01-26,25.531
2006-01-25,25.8867
2006-01-24,26.359
2006-01-23,26.679
2006-01-20,26.8582
2006-01-19,26.7454
2006-01-18,25.8475
2006-01-17,25.12
2006-01-13,24.4476
2006-01-12,23.6019
2006-01-11,23.3324
2006-01-10,22.9783
2006-01-09,22.5144
2006-01-06,22.2816
2006-01-05,22.1777
2006-01-04,22.0683
2006-01-03,22.3637
2005-12-30,23.0843
2005-12-29,24.1529
2005-12-28,25.1219
2005-12-27,25.8891
2005-12-23,26.6968
2005-12-22,27.0741
2005-12-21,27.5623
2005-12-20,28.0763
2005-12-19,29.0823
2005-12-16,30.0421
2005-12-15,31.3789
2005-12-14,32.5899
2005-12-13,33.7601
2005-12-12,34.5341
2005-12-09,34.7084
2005-12-08,35.1372
2005-12-07,35.5886
2005-12-06,35.7103
2005-12-05,36.0963
2005-12-02,36.1089
2005-12-01,35.9876
2005-11-30,35.6457
2005-11-29,35.1252
2005-11-28,34.7636
2005-11-25,34.3829
2005-11-23,34.3253
2005-11-22,34.165
2005-11-21,33.9963
2005-11-18,34.8928
2005-11-17,35.7624
2005-11-16,36.2995
2005-11-15,36.8136
2005-11-14,37.3548
2005-11-11,37.7574
2005-11-10,38.2453
2005-11-09,38.6688
2005-11-08,38.3142
2005-11-07,38.0103
2005-11-04,37.6904
2005-11-03,37.0599
2005-11-02,36.3963
2005-11-01,36.3047
2005-10-31,36.2761
2005-10-28,36.3711
2005-10-27,35.8175
2005-10-26,34.5537
2005-10-25,33.3237
2005-10-24,32.1507
2005-10-21,31.0176
2005-10-20,29.8249
2005-10-19,28.7403
2005-10-18,27.8357
2005-10-17,26.3746
2005-10-14,24.6011
2005-10-13,22.7342
2005-10-12,21.2668
2005-10-11,19.7222
2005-10-10,18.1058
2005-10-07,16.5569
2005-10-06,15.0889
2005-10-05,13.5437
2005-10-04,12.4307
2005-10-03,11.2591
2005-09-30,11.4217
2005-09-29,11.2821
2005-09-28,11.1068
2005-09-27,11.2474
2005-09-26,11.4855
2005-09-23,11.7933
2005-09-22,12.021
2005-09-21,12.0926
2005-09-20,12.3246
2005-09-19,12.8323
2005-09-16,13.1838
2005-09-15,13.364
2005-09-14,13.7026
2005-09-13,14.0144
2005-09-12,14.1886
2005-09-09,13.4821
2005-09-08,12.7849
2005-09-07,12.1118
2005-09-06,11.478
2005-09-02,11.2434
2005-09-01,11.6778
2005-08-31,12.1352
2005-08-30,12.1069
2005-08-29,11.11
2005-08-26,10.0606
2005-08-25,9.4019
2005-08-24,8.9683
2005-08-23,8.5118
2005-08-22,8.179
2005-08-19,8.0462
2005-08-18,8.206
2005-08-17,8.5529
2005-08-16,8.9674
2005-08-15,9.3307
2005-08-12,9.4929
2005-08-11,9.615
2005-08-10,9.575
2005-08-09,9.5328
2005-08-08,9.991
2005-08-05,10.2939
2005-08-04,10.7101
2005-08-03,10.5319
2005-08-02,9.9845
2005-08-01,9.4452
2005-07-29,8.9309
2005-07-28,8.4593
2005-07-27,7.963
2005-07-26,8.0007
2005-07-25,8.3356
2005-07-22,8.6881
2005-07-21,9.0418
2005-07-20,9.2427
2005-07-19,9.1669
2005-07-18,9.5161
2005-07-15,9.9748
2005-07-14,10.325
2005-07-13,10.8336
2005-07-12,11.1534
2005-07-11,11.7039
2005-07-08,12.2834
2005-07-07,12.7453
2005-07-06,12.2714
2005-07-05,12.2408
2005-07-01,12.2086
2005-06-30,11.9469
2005-06-29,11.8553
2005-06-28,12.2203
2005-06-27,12.3373
2005-06-24,11.9898
2005-06-23,12.0245
2005-06-22,12.3717
2005-06-21,12.841
2005-06-20,13.1225
2005-06-17,13.4188
2005-06-16,13.7308
2005-06-15,14.2649
2005-06-14,14.8273
2005-06-13,15.3018
2005-06-10,15.2231
2005-06-09,14.8935
2005-06-08,14.5642
2005-06-07,14.2175
2005-06-06,14.2739
2005-06-03,13.841
2005-06-02,13.4022
2005-06-01,13.0395
2005-05-31,12.6578
2005-05-27,12.2868
2005-05-26,12.0809
2005-05-25,11.6451
2005-05-24,11.1863
2005-05-23,11.072
2005-05-20,10.9115
2005-05-19,10.585
2005-05-18,10.7125
2005-05-17,10.618
2005-05-16,10.8381
2005-05-13,11.0889
2005-05-12,11.5428
2005-05-11,11.179
2005-05-10,11.0318
2005-05-09,10.5732
2005-05-06,10.1419
2005-05-05,9.489
2005-05-04,9.0466
2005-05-03,8.6991
2005-05-02,8.6514
2005-04-29,8.7881
2005-04-28,9.2253
2005-04-27,9.1934
2005-04-26,9.1598
2005-04-25,9.4672
2005-04-22,9.9097
2005-04-21,10.3756
2005-04-20,10.672
2005-04-19,10.9839
2005-04-18,11.3621
2005-04-15,11.7601
2005-04-14,11.4126
2005-04-13,11.4599
2005-04-12,11.5096
2005-04-11,12.0092
2005-04-08,12.0026
2005-04-07,11.9957
2005-04-06,12.0218
2005-04-05,11.6406
2005-04-04,11.5917
2005-04-01,11.9555
2005-03-31,12.3385
2005-03-30,12.6244
2005-03-29,12.9254
2005-03-28,13.4372
2005-03-24,14.0476
2005-03-23,14.6901
2005-03-22,15.1915
2005-03-21,15.3921
2005-03-18,15.5318
2005-03-17,15.8064
2005-03-16,15.8898
2005-03-15,16.0453
2005-03-14,16.7981
2005-03-11,17.5256
2005-03-10,18.0774
2005-03-09,18.1006
2005-03-08,18.125
2005-03-07,17.6474
2005-03-04,16.8283
2005-03-03,16.2713
2005-03-02,15.7615
2005-03-01,15.2249
2005-02-28,14.9313
2005-02-25,14.6222
2005-02-24,13.6082
2005-02-23,12.8929
2005-02-22,12.391
2005-02-18,11.8627
2005-02-17,11.3524
2005-02-16,11.4789
2005-02-15,11.6121
2005-02-14,11.4609
2005-02-11,11.4395
2005-02-10,11.417
2005-02-09,11.9416
2005-02-08,12.4848
2005-02-07,12.5353
2005-02-04,12.6614
2005-02-03,12.9581
2005-02-02,13.5545
2005-02-01,14.2207
2005-01-31,14.7256
2005-01-28,14.9923
2005-01-27,15.2729
2005-01-26,16.0204
2005-01-25,16.8279
2005-01-24,17.5106
2005-01-21,18.2109
2005-01-20,18.9552
2005-01-19,19.4151
2005-01-18,19.5541
2005-01-14,19.8356
2005-01-13,20.4128
2005-01-12,21.0015
2005-01-11,21.1331
2005-01-10,21.4147
2005-01-07,21.7111
2005-01-06,22.2326
2005-01-05,22.8094
2005-01-04,23.6115
2005-01-03,24.4558
2004-12-31,24.7562
2004-12-30,24.366
2004-12-29,23.8285
2004-12-28,23.3649
2004-12-27,22.9381
2004-12-23,22.6108
2004-12-22,22.3067
2004-12-21,22.2127
2004-12-20,22.3668
2004-12-17,22.529
2004-12-16,22.6997
2004-12-15,21.5583
2004-12-14,20.7628
2004-12-13,20.0054
2004-12-10,19.4812
2004-12-09,18.9294
2004-12-08,18.4005
2004-12-07,18.0887
2004-12-06,17.7606
2004-12-03,17.5529
2004-12-02,16.9389
2004-12-01,16.38
2004-11-30,16.1093
2004-11-29,16.3201
2004-11-26,16.5546
2004-11-24,16.8377
2004-11-23,17.3161
2004-11-22,17.9164
2004-11-19,18.5483
2004-11-18,19.0457
2004-11-17,19.1487
2004-11-16,19.173
2004-11-15,19.1304
2004-11-12,19.0855
2004-11-11,19.2202
2004-11-10,19.2272
2004-11-09,19.3086
2004-11-08,19.2191
2004-11-05,19.2475
2004-11-04,19.2223
2004-11-03,19.3654
2004-11-02,19.1151
2004-11-01,19.279
2004-10-29,19.7386
2004-10-28,20.4033
2004-10-27,21.2
2004-10-26,22.0387
2004-10-25,21.675
2004-10-22,20.8189
2004-10-21,20.1795
2004-10-20,19.5949
2004-10-19,19.1188
2004-10-18,18.8798
2004-10-15,18.8066
2004-10-14,18.2642
2004-10-13,17.9389
2004-10-12,17.719
2004-10-11,17.694
2004-10-08,17.7374
2004-10-07,17.7831
2004-10-06,18.1763
2004-10-05,18.9081
2004-10-04,18.901
2004-10-01,18.9214
2004-09-30,18.4838
2004-09-29,17.7805
2004-09-28,17.7695
2004-09-27,17.7579
2004-09-24,18.1291
2004-09-23,18.5197
2004-09-22,19.3403
2004-09-21,20.2725
2004-09-20,20.7521
2004-09-17,21.257
2004-09-16,21.0775
2004-09-15,20.9744
2004-09-14,20.7741
2004-09-13,20.5633
2004-09-10,20.6407
2004-09-09,20.8511
2004-09-08,20.4929
2004-09-07,19.885
2004-09-03,19.2451
2004-09-02,19.0636
2004-09-01,19.0431
2004-08-31,19.5784
2004-08-30,20.375
2004-08-27,21.1742
2004-08-26,21.8207
2004-08-25,22.79
2004-08-24,23.8276
2004-08-23,24.9857
2004-08-20,26.2046
2004-08-19,27.3541
2004-08-18,28.344
2004-08-17,29.3524
2004-08-16,29.9256
2004-08-13,30.3439
2004-08-12,30.5978
2004-08-11,31.1931
2004-08-10,31.7658
2004-08-09,31.2786
2004-08-06,30.2362
2004-08-05,29.171
2004-08-04,28.4407
2004-08-03,28.1053
2004-08-02,27.9169
2004-07-30,27.8357
2004-07-29,27.631
2004-07-28,27.3456
2004-07-27,26.6687
2004-07-26,26.1708
2004-07-23,25.6467
2004-07-22,25.4624
2004-07-21,25.3051
2004-07-20,25.3894
2004-07-19,24.798
2004-07-16,24.1754
2004-07-15,23.7923
2004-07-14,23.7902
2004-07-13,23.974
2004-07-12,23.4242
2004-07-09,22.4703
2004-07-08,21.7176
2004-07-07,21.0009
2004-07-06,19.6949
2004-07-02,18.3955
2004-07-01,17.2909
2004-06-30,16.1282
2004-06-29,15.5384
2004-06-28,14.808
2004-06-25,13.986
2004-06-24,13.4305
2004-06-23,13.2844
2004-06-22,13.0303
2004-06-21,12.5107
2004-06-18,12.4545
2004-06-17,12.7798
2004-06-16,12.9114
2004-06-15,13.2333
2004-06-14,13.5721
2004-06-10,13.8623
2004-06-09,14.5599
2004-06-08,15.2103
2004-06-07,15.4815
2004-06-04,15.8409
2004-06-03,16.4044
2004-06-02,17.0906
2004-06-01,17.9421
2004-05-28,18.4637
2004-05-27,18.8238
2004-05-26,19.1613
2004-05-25,18.8545
2004-05-24,18.2898
2004-05-21,17.3712
2004-05-20,16.5642
2004-05-19,15.7147
2004-05-18,15.1651
2004-05-17,14.8874
2004-05-14,14.5952
2004-05-13,14.4317
2004-05-12,13.9845
2004-05-11,13.4288
2004-05-10,13.2095
2004-05-07,12.9786
2004-05-06,13.6053
2004-05-05,14.1876
2004-05-04,14.7248
2004-05-03,15.4644
2004-04-30,16.1369
2004-04-29,16.5323
2004-04-28,16.93
2004-04-27,17.7655
2004-04-26,18.1251
2004-04-23,18.5036
2004-04-22,19.0578
2004-04-21,19.6412
2004-04-20,20.4676
2004-04-19,21.3374
2004-04-16,21.4965
2004-04-15,21.6639
2004-04-14,22.1334
2004-04-13,23.0227
2004-04-12,24.2247
2004-04-08,25.1688
2004-04-07,26.1625
2004-04-06,27.3986
2004-04-05,28.6445
2004-04-02,29.956
2004-04-01,31.2894
2004-03-31,32.0282
2004-03-30,32.2868
2004-03-29,32.343
2004-03-26,32.4023
2004-03-25,31.6107
2004-03-24,30.6687
2004-03-23,29.2637
2004-03-22,27.9277
2004-03-19,26.5214
2004-03-18,25.4418
2004-03-17,24.5122
2004-03-16,23.7541
2004-03-15,22.9561
2004-03-12,22.116
2004-03-11,21.3885
2004-03-10,20.6794
2004-03-09,20.6643
2004-03-08,21.5195
2004-03-05,21.9202
2004-03-04,22.4993
2004-03-03,23.6786
2004-03-02,24.681
2004-03-01,25.8466
2004-02-27,27.0735
2004-02-26,28.0022
2004-02-25,29.0512
2004-02-24,30.0173
2004-02-23,31.0343
2004-02-20,32.1464
2004-02-19,33.09
2004-02-18,33.3261
2004-02-17,33.5141
2004-02-13,33.3452
2004-02-12,33.1675
2004-02-11,32.6775
2004-02-10,32.1985
2004-02-09,32.0938
2004-02-06,31.9544
2004-02-05,31.8075
2004-02-04,31.6659
2004-02-03,31.1725
2004-02-02,30.9294
2004-01-30,30.8025
2004-01-29,31.0973
2004-01-28,31.4694
2004-01-27,31.6604
2004-01-26,31.0332
2004-01-23,30.42
2004-01-22,29.9677
2004-01-21,28.9219
2004-01-20,28.0082
2004-01-16,27.3434
2004-01-15,26.8812
2004-01-14,26.3947
2004-01-13,26.0994
2004-01-12,25.7885
2004-01-09,25.2099
2004-01-08,24.432
2004-01-07,23.2697
2004-01-06,22.1099
2004-01-05,21.0643
2004-01-02,19.9637
2003-12-31,18.8694
2003-12-30,18.0131
2003-12-29,17.2343
2003-12-26,16.5137
2003-12-24,16.1142
2003-12-23,15.7358
2003-12-22,15.5058
2003-12-19,15.2637
2003-12-18,15.0089
2003-12-17,14.9139
2003-12-16,15.1164
2003-12-15,15.4004
2003-12-12,14.9484
2003-12-11,14.6806
2003-12-10,14.438
2003-12-09,14.5516
2003-12-08,14.2452
2003-12-05,14.0297
2003-12-04,13.8961
2003-12-03,13.6264
2003-12-02,13.1011
2003-12-01,12.8008
2003-11-28,12.5971
2003-11-26,12.9451
2003-11-25,13.3115
2003-11-24,13.381
2003-11-21,13.4541
2003-11-20,13.6857
2003-11-19,13.3443
2003-11-18,12.6728
2003-11-17,11.9658
2003-11-14,11.3919
2003-11-13,10.3577
2003-11-12,9.7203
2003-11-11,10.1719
2003-11-10,9.6571
2003-11-07,9.1825
2003-11-06,9.0722
2003-11-05,8.8864
2003-11-04,8.7612
2003-11-03,8.4082
2003-10-31,8.5142
2003-10-30,8.5616
2003-10-29,8.6115
2003-10-28,9.0243
2003-10-27,9.4588
2003-10-24,9.7704
2003-10-23,9.8955
2003-10-22,9.9349
2003-10-21,9.9764
2003-10-20,9.8272
2003-10-17,10.3063
2003-10-16,10.6673
2003-10-15,10.8612
2003-10-14,11.0653
2003-10-13,11.472
2003-10-10,11.8064
2003-10-09,12.3447
2003-10-08,12.8767
2003-10-07,13.4054
2003-10-06,13.9619
2003-10-03,14.5783
2003-10-02,15.0482
2003-10-01,15.6868
2003-09-30,16.0165
2003-09-29,15.7086
2003-09-26,15.3228
2003-09-25,14.734
2003-09-24,14.3332
2003-09-23,14.199
2003-09-22,14.5783
2003-09-19,14.8851
2003-09-18,15.4247
2003-09-17,15.4968
2003-09-16,15.7542
2003-09-15,16.1423
2003-09-12,16.6
2003-09-11,17.1949
2003-09-10,17.5655
2003-09-09,18.0156
2003-09-08,18.7799
2003-09-05,19.6945
2003-09-04,20.1121
2003-09-03,20.3392
2003-09-02,20.8575
2003-08-29,21.3475
2003-08-28,21.0098
2003-08-27,20.354
2003-08-26,19.7336
2003-08-25,19.0805
2003-08-22,18.1998
2003-08-21,17.2727
2003-08-20,16.662
2003-08-19,16.2034
2003-08-18,15.7323
2003-08-15,15.4443
2003-08-14,15.0327
2003-08-13,14.5995
2003-08-12,14.2713
2003-08-11,14.2893
2003-08-08,14.3082
2003-08-07,14.4306
2003-08-06,14.3403
2003-08-05,13.6964
2003-08-04,13.1856
2003-08-01,12.7173
2003-07-31,12.5221
2003-07-30,12.9104
2003-07-29,12.9883
2003-07-28,13.0702
2003-07-25,13.4352
2003-07-24,13.6341
2003-07-23,14.1766
2003-07-22,14.5097
2003-07-21,14.689
2003-07-18,15.0759
2003-07-17,15.8563
2003-07-16,16.6776
2003-07-15,17.4449
2003-07-14,17.8521
2003-07-11,18.1732
2003-07-10,19.0116
2003-07-09,19.9424
2003-07-08,20.4707
2003-07-07,20.9595
2003-07-03,21.3554
2003-07-02,21.9653
2003-07-01,22.6073
2003-06-30,23.5562
2003-06-27,24.1226
2003-06-26,24.408
2003-06-25,24.7174
2003-06-24,25.0771
2003-06-23,25.2373
2003-06-20,25.406
2003-06-19,24.9346
2003-06-18,24.4383
2003-06-17,23.0713
2003-06-16,21.6325
2003-06-13,20.5791
2003-06-12,19.9068
2003-06-11,18.8684
2003-06-10,17.977
2003-06-09,17.3659
2003-06-06,16.7226
2003-06-05,15.6125
2003-06-04,15.1565
2003-06-03,14.9076
2003-06-02,15.1414
2003-05-30,15.372
2003-05-29,15.9052
2003-05-28,16.4665
2003-05-27,16.848
2003-05-23,17.3548
2003-05-22,18.2152
2003-05-21,19.1082
2003-05-20,19.6674
2003-05-19,20.256
2003-05-16,21.2066
2003-05-15,20.5686
2003-05-14,19.9811
2003-05-13,19.4463
2003-05-12,18.8834
2003-05-09,18.4312
2003-05-08,18.3357
2003-05-07,18.376
2003-05-06,18.0344
2003-05-05,17.5673
2003-05-02,17.0409
2003-05-01,16.6643
2003-04-30,16.5968
2003-04-29,16.3649
2003-04-28,16.1937
2003-04-25,16.181
2003-04-24,16.0947
2003-04-23,15.7713
2003-04-22,15.5723
2003-04-21,15.6499
2003-04-17,16.02
2003-04-16,16.757
2003-04-15,17.5327
2003-04-14,17.56
2003-04-11,17.6199
2003-04-10,17.6829
2003-04-09,18.042
2003-04-08,18.0837
2003-04-07,17.8003
2003-04-04,17.3711
2003-04-03,17.301
2003-04-02,17.2752
2003-04-01,17.0994
2003-03-31,17.4074
2003-03-28,17.8046
2003-03-27,17.8715
2003-03-26,17.9893
2003-03-25,17.6856
2003-03-24,17.3659
2003-03-21,17.2831
2003-03-20,16.7386
2003-03-19,16.769
2003-03-18,16.8011
2003-03-17,17.2682
2003-03-14,17.9732
2003-03-13,18.4827
2003-03-12,18.8672
2003-03-11,18.7439
2003-03-10,18.8991
2003-03-07,19.4467
2003-03-06,20.0231
2003-03-05,20.2547
2003-03-04,20.4985
2003-03-03,20.8168
2003-02-28,21.3804
2003-02-27,21.6375
2003-02-26,21.8122
2003-02-25,21.9426
2003-02-24,21.6124
2003-02-21,21.6453
2003-02-20,21.68
2003-02-19,21.8864
2003-02-18,22.2405
2003-02-14,22.7045
2003-02-13,22.4061
2003-02-12,21.8887
2003-02-11,21.7861
2003-02-10,22.1034
2003-02-07,22.1295
2003-02-06,22.157
2003-02-05,21.9999
2003-02-04,22.0461
2003-02-03,21.4861
2003-01-31,21.4389
2003-01-30,21.1125
2003-01-29,20.8151
2003-01-28,20.076
2003-01-27,19.298
2003-01-24,18.0802
2003-01-23,17.283
2003-01-22,17.0262
2003-01-21,16.882
2003-01-17,16.7302
2003-01-16,16.7598
2003-01-15,16.791
2003-01-14,16.9872
2003-01-13,17.4309
2003-01-10,17.9665
2003-01-09,18.4133
2003-01-08,18.8835
2003-01-07,19.256
2003-01-06,19.9263
2003-01-03,20.7972
2003-01-02,21.3797
2002-12-31,21.6348
2002-12-30,20.9209
2002-12-27,20.0065
2002-12-26,19.0281
2002-12-24,18.243
2002-12-23,17.8279
2002-12-20,17.1432
2002-12-19,16.0529
2002-12-18,14.9051
2002-12-17,13.8106
2002-12-16,12.789
2002-12-13,11.7136
2002-12-12,10.4854
2002-12-11,10.2298
2002-12-10,10.1204
2002-12-09,9.9783
2002-12-06,9.9722
2002-12-05,9.5579
2002-12-04,9.3372
2002-12-03,9.0
2002-12-02,8.3944
2002-11-29,8.0419
2002-11-27,8.067
2002-11-26,8.1039
2002-11-25,7.7977
2002-11-22,7.765
2002-11-21,8.0767
2002-11-20,8.4631
2002-11-19,8.5997
2002-11-18,8.8611
2002-11-15,9.264
2002-11-14,9.5125
2002-11-13,9.5264
2002-11-12,9.5411
2002-11-11,9.9788
2002-11-08,10.4596
2002-11-07,10.7424
2002-11-06,10.8513
2002-11-05,10.966
2002-11-04,11.4395
2002-11-01,11.9473
2002-10-31,11.9866
2002-10-30,12.0447
2002-10-29,12.324
2002-10-28,12.5795
2002-10-25,13.204
2002-10-24,13.829
2002-10-23,14.3715
2002-10-22,14.9994
2002-10-21,15.5496
2002-10-18,15.9441
2002-10-17,16.1068
2002-10-16,16.278
2002-10-15,16.6215
2002-10-14,17.2218
2002-10-11,18.0339
2002-10-10,18.563
2002-10-09,18.5509
2002-10-08,18.3836
2002-10-07,18.2074
2002-10-04,17.7321
2002-10-03,17.2693
2002-10-02,17.1114
2002-10-01,16.9452
2002-09-30,17.0501
2002-09-27,16.659
2002-09-26,16.4999
2002-09-25,16.7461
2002-09-24,16.5811
2002-09-23,15.8029
2002-09-20,15.0113
2002-09-19,14.3438
2002-09-18,13.6587
2002-09-17,13.1891
2002-09-16,12.8414
2002-09-13,12.1869
2002-09-12,12.145
2002-09-11,12.2282
2002-09-10,12.7373
2002-09-09,12.7812
2002-09-06,12.7043
2002-09-05,12.7802
2002-09-04,12.8601
2002-09-03,12.9443
2002-08-30,13.0329
2002-08-29,13.7074
2002-08-28,14.3365
2002-08-27,15.028
2002-08-26,15.5847
2002-08-23,15.8211
2002-08-22,15.9705
2002-08-21,16.1277
2002-08-20,16.8039
2002-08-19,17.6837
2002-08-16,18.6099
2002-08-15,19.4785
2002-08-14,20.4755
2002-08-13,21.2966
2002-08-12,22.3151
2002-08-09,23.2667
2002-08-08,24.2684
2002-08-07,25.3849
2002-08-06,26.355
2002-08-05,27.0859
2002-08-02,27.8552
2002-08-01,29.0577
2002-07-31,30.5208
2002-07-30,32.061
2002-07-29,33.4583
2002-07-26,34.6531
2002-07-25,35.2433
2002-07-24,35.6063
2002-07-23,35.328
2002-07-22,34.2391
2002-07-19,33.1796
2002-07-18,32.1289
2002-07-17,31.335
2002-07-16,30.7764
2002-07-15,30.0934
2002-07-12,29.1432
2002-07-11,28.2948
2002-07-10,27.093
2002-07-09,26.0004
2002-07-08,25.2871
2002-07-05,25.0713
2002-07-03,24.8442
2002-07-02,23.7491
2002-07-01,22.6631
2002-06-28,21.8469
2002-06-27,21.5626
2002-06-26,21.1265
2002-06-25,19.8701
2002-06-24,18.7964
2002-06-21,17.5685
2002-06-20,16.5415
2002-06-19,15.8071
2002-06-18,15.5619
2002-06-17,15.2446
2002-06-14,14.6131
2002-06-13,13.1546
2002-06-12,12.1875
2002-06-11,11.1695
2002-06-10,11.1694
2002-06-07,10.8962
2002-06-06,10.2912
2002-06-05,9.8883
2002-06-04,9.6653
2002-06-03,9.2323
2002-05-31,9.0421
2002-05-30,9.139
2002-05-29,9.0098
2002-05-28,9.0622
2002-05-24,9.1175
2002-05-23,9.4567
2002-05-22,9.7254
2002-05-21,9.858
2002-05-20,10.349
2002-05-17,10.7176
2002-05-16,10.6711
2002-05-15,10.5692
2002-05-14,10.4619
2002-05-13,10.9399
2002-05-10,10.9535
2002-05-09,10.9678
2002-05-08,11.5013
2002-05-07,12.063
2002-05-06,12.139
2002-05-03,12.2408
2002-05-02,12.694
2002-05-01,13.121
2002-04-30,13.6412
2002-04-29,13.7738
2002-04-26,13.9709
2002-04-25,14.2273
2002-04-24,13.8997
2002-04-23,13.4083
2002-04-22,13.1887
2002-04-19,12.6292
2002-04-18,12.0627
2002-04-17,11.7432
2002-04-16,11.8032
2002-04-15,12.0028
2002-04-12,12.3361
2002-04-11,12.6112
2002-04-10,12.9008
2002-04-09,12.9298
2002-04-08,13.1239
2002-04-05,13.6211
2002-04-04,14.2193
2002-04-03,14.5406
2002-04-02,14.8787
2002-04-01,15.6451
2002-03-28,16.4517
2002-03-27,16.9094
2002-03-26,17.6939
2002-03-25,18.5069
2002-03-22,19.095
2002-03-21,19.3341
2002-03-20,19.4451
2002-03-19,19.122
2002-03-18,18.7065
2002-03-15,18.3543
2002-03-14,18.2204
2002-03-13,18.6207
2002-03-12,19.1517
2002-03-11,19.6596
2002-03-08,20.0566
2002-03-07,20.4623
2002-03-06,21.0102
2002-03-05,21.439
2002-03-04,22.0316
2002-03-01,22.9684
2002-02-28,24.1141
2002-02-27,24.9835
2002-02-26,25.8341
2002-02-25,26.8086
2002-02-22,27.7242
2002-02-21,28.215
2002-02-20,28.7998
2002-02-19,29.202
2002-02-15,29.464
2002-02-14,30.0497
2002-02-13,30.9279
2002-02-12,31.8025
2002-02-11,32.3056
2002-02-08,32.8953
2002-02-07,33.216
2002-02-06,33.2299
2002-02-05,32.7124
2002-02-04,32.1081
2002-02-01,31.472
2002-01-31,31.103
2002-01-30,30.4899
2002-01-29,29.4991
2002-01-28,28.6883
2002-01-25,28.0603
2002-01-24,27.3993
2002-01-23,26.649
2002-01-22,25.6446
2002-01-18,24.6552
2002-01-17,23.702
2002-01-16,22.6985
2002-01-15,21.7187
2002-01-14,20.8477
2002-01-11,19.8152
2002-01-10,18.8182
2002-01-09,17.7688
2002-01-08,16.7243
2002-01-07,15.5174
2002-01-04,14.9213
2002-01-03,14.5409
2002-01-02,14.6036
2001-12-31,14.7697
2001-12-28,14.7551
2001-12-27,14.535
2001-12-26,14.6458
2001-12-24,14.8793
2001-12-21,15.3228
2001-12-20,15.9409
2001-12-19,16.402
2001-12-18,16.7437
2001-12-17,17.0491
2001-12-14,17.6827
2001-12-13,18.3678
2001-12-12,18.8923
2001-12-11,19.0294
2001-12-10,19.066
2001-12-07,19.1046
2001-12-06,18.4777
2001-12-05,17.7126
2001-12-04,17.0429
2001-12-03,17.0958
2001-11-30,17.2927
2001-11-29,17.4354
2001-11-28,17.8726
2001-11-27,18.1266
2001-11-26,18.0732
2001-11-23,17.9081
2001-11-21,17.9127
2001-11-20,18.0638
2001-11-19,17.8404
2001-11-16,17.6454
2001-11-15,17.6212
2001-11-14,17.6292
2001-11-13,17.8042
2001-11-12,18.3735
2001-11-09,19.0679
2001-11-08,20.0454
2001-11-07,20.9601
2001-11-06,21.9757
2001-11-05,23.0447
2001-11-02,24.1299
2001-11-01,24.9469
2001-10-31,25.5051
2001-10-30,25.9149
2001-10-29,26.1768
2001-10-26,26.6806
2001-10-25,27.439
2001-10-24,28.0276
2001-10-23,28.8655
2001-10-22,29.9149
2001-10-19,30.6135
2001-10-18,30.9059
2001-10-17,31.2909
2001-10-16,31.9517
2001-10-15,32.9548
2001-10-12,33.6672
2001-10-11,34.4172
2001-10-10,35.5024
2001-10-09,35.9641
2001-10-08,35.9579
2001-10-05,36.0658
2001-10-04,36.2748
2001-10-03,36.6913
2001-10-02,36.9972
2001-10-01,36.4979
2001-09-28,35.9614
2001-09-27,35.4783
2001-09-26,34.4887
2001-09-25,33.3816
2001-09-24,32.0134
2001-09-21,30.6246
2001-09-20,28.4536
2001-09-19,26.3185
2001-09-18,24.1629
2001-09-17,22.1059
2001-09-10,20.0192
2001-09-07,18.7911
2001-09-06,17.5938
2001-09-05,16.8765
2001-09-04,16.5608
2001-08-31,16.4925
2001-08-30,15.7263
2001-08-29,14.9197
2001-08-28,14.6957
2001-08-27,14.7503
2001-08-24,15.3341
2001-08-23,15.9485
2001-08-22,15.7376
2001-08-21,15.5155
2001-08-20,15.4741
2001-08-17,14.8887
2001-08-16,14.0206
2001-08-15,13.1779
2001-08-14,12.4666
2001-08-13,12.178
2001-08-10,12.1063
2001-08-09,12.0308
2001-08-08,11.5198
2001-08-07,11.2211
2001-08-06,11.3431
2001-08-03,11.4716
2001-08-02,11.6734
2001-08-01,12.1141
2001-07-31,12.4012
2001-07-30,12.8466
2001-07-27,13.1597
2001-07-26,13.4754
2001-07-25,13.7409
2001-07-24,13.0949
2001-07-23,12.2284
2001-07-20,11.693
2001-07-19,11.6698
2001-07-18,11.6454
2001-07-17,11.794
2001-07-16,12.2093
2001-07-13,12.4879
2001-07-12,12.767
2001-07-11,12.7783
2001-07-10,12.3994
2001-07-09,12.1916
2001-07-06,12.171
2001-07-05,12.1493
2001-07-03,12.5731
2001-07-02,12.7707
2001-06-29,12.9786
2001-06-28,13.3039
2001-06-27,13.7637
2001-06-26,14.1556
2001-06-25,14.2551
2001-06-22,14.644
2001-06-21,15.1015
2001-06-20,15.763
2001-06-19,15.9867
2001-06-18,15.6729
2001-06-15,15.3426
2001-06-14,14.9949
2001-06-13,15.1768
2001-06-12,15.9339
2001-06-11,16.7717
2001-06-08,17.2141
2001-06-07,17.5454
2001-06-06,17.6833
2001-06-05,17.7838
2001-06-04,17.9421
2001-06-01,18.3093
2001-05-31,18.7922
2001-05-30,19.199
2001-05-29,19.5402
2001-05-25,19.5837
2001-05-24,19.3935
2001-05-23,19.1148
2001-05-22,18.8215
2001-05-21,17.9411
2001-05-18,17.0994
2001-05-17,16.6266
2001-05-16,15.9701
2001-05-15,15.5685
2001-05-14,15.7873
2001-05-11,16.0781
2001-05-10,16.3361
2001-05-09,16.6542
2001-05-08,17.2725
2001-05-07,17.8273
2001-05-04,18.0602
2001-05-03,18.4003
2001-05-02,18.5842
2001-05-01,18.3566
2001-04-30,18.1316
2001-04-27,17.9369
2001-04-26,18.0123
2001-04-25,18.0092
2001-04-24,18.3482
2001-04-23,18.5772
2001-04-20,18.7798
2001-04-19,18.6738
2001-04-18,18.5623
2001-04-17,18.4449
2001-04-16,19.2616
2001-04-12,20.2167
2001-04-11,21.0121
2001-04-10,21.8808
2001-04-09,22.8869
2001-04-06,23.4882
2001-04-05,23.978
2001-04-04,24.4849
2001-04-03,24.3038
2001-04-02,24.1133
2001-03-30,24.3812
2001-03-29,24.4217
2001-03-28,24.4643
2001-03-27,24.1558
2001-03-26,23.9856
2001-03-23,23.2008
2001-03-22,21.6508
2001-03-21,19.8975
2001-03-20,18.5175
2001-03-19,17.4982
2001-03-16,16.6308
2001-03-15,15.7753
2001-03-14,14.8562
2001-03-13,13.3616
2001-03-12,11.983
2001-03-09,10.7671
2001-03-08,10.4181
2001-03-07,10.3151
2001-03-06,10.1556
2001-03-05,9.9134
2001-03-02,9.6585
2001-03-01,9.3902
2001-02-28,9.2905
2001-02-27,9.3207
2001-02-26,9.3525
2001-02-23,9.0074
2001-02-22,8.2692
2001-02-21,8.0019
2001-02-20,8.2066
2001-02-16,8.5186
2001-02-15,8.7976
2001-02-14,9.2
2001-02-13,9.6236
2001-02-12,9.6058
2001-02-09,9.7619
2001-02-08,10.0786
2001-02-07,9.978
2001-02-06,9.8722
2001-02-05,9.9771
2001-02-02,10.1736
2001-02-01,10.3804
2001-01-31,10.3957
2001-01-30,10.4946
2001-01-29,10.5987
2001-01-26,10.8317
2001-01-25,11.3865
2001-01-24,11.6131
2001-01-23,11.7229
2001-01-22,11.8876
2001-01-19,12.3614
2001-01-18,12.608
2001-01-17,12.5045
2001-01-16,12.3043
2001-01-12,12.3742
2001-01-11,12.5759
2001-01-10,12.8988
2001-01-09,13.4527
2001-01-08,13.8079
2001-01-05,14.1417
2001-01-04,14.8343
2001-01-03,15.4487
2001-01-02,16.1207
2000-12-29,15.8391
2000-12-28,16.2321
2000-12-27,16.5631
2000-12-26,16.5115
2000-12-22,16.4572
2000-12-21,16.1877
2000-12-20,15.4576
2000-12-19,14.7842
2000-12-18,14.909
2000-12-15,14.9596
2000-12-14,15.1198
2000-12-13,15.7616
2000-12-12,16.4772
2000-12-11,17.2626
2000-12-08,18.0426
2000-12-07,18.7725
2000-12-06,19.0882
2000-12-05,19.695
2000-12-04,20.0192
2000-12-01,19.7066
2000-11-30,19.3775
2000-11-29,18.702
2000-11-28,18.2342
2000-11-27,17.8294
2000-11-24,17.5761
2000-11-22,16.9389
2000-11-21,16.3826
2000-11-20,15.8278
2000-11-17,15.6338
2000-11-16,15.5761
2000-11-15,15.7204
2000-11-14,15.9025
2000-11-13,15.9504
2000-11-10,15.5584
2000-11-09,15.6209
2000-11-08,15.6866
2000-11-07,15.9772
2000-11-06,16.4246
2000-11-03,16.8955
2000-11-02,17.4685
2000-11-01,18.1475
2000-10-31,19.0484
2000-10-30,19.9658
2000-10-27,20.4414
2000-10-26,20.4944
2000-10-25,20.4555
2000-10-24,20.4253
2000-10-23,20.6103
2000-10-20,20.2933
2000-10-19,19.9596
2000-10-18,18.5952
2000-10-17,16.9607
2000-10-16,15.6062
2000-10-13,14.9996
2000-10-12,14.3611
2000-10-11,13.8758
2000-10-10,14.1841
2000-10-09,14.6202
2000-10-06,15.3847
2000-10-05,15.9084
2000-10-04,15.7793
2000-10-03,16.3948
2000-10-02,17.0027
2000-09-29,17.6859
2000-09-28,17.8575
2000-09-27,18.0381
2000-09-26,17.5075
2000-09-25,17.3508
2000-09-22,17.1349
2000-09-21,15.8465
2000-09-20,14.6165
2000-09-19,13.3217
2000-09-18,12.6109
2000-09-15,12.1107
2000-09-14,11.8373
2000-09-13,11.7169
2000-09-12,11.4402
2000-09-11,11.0375
2000-09-08,10.5591
2000-09-07,10.2113
2000-09-06,9.8452
2000-09-05,9.7981
2000-09-01,9.7485
2000-08-31,9.7243
2000-08-30,9.5235
2000-08-29,9.2949
2000-08-28,9.1949
2000-08-25,9.2449
2000-08-24,9.2216
2000-08-23,9.5879
2000-08-22,9.9734
2000-08-21,10.2566
2000-08-18,10.0964
2000-08-17,10.1402
2000-08-16,10.1863
2000-08-15,9.7388
2000-08-14,9.2678
2000-08-11,8.999
2000-08-10,8.8217
2000-08-09,9.1235
2000-08-08,9.2026
2000-08-07,9.0246
2000-08-04,8.8373
2000-08-03,8.6402
2000-08-02,8.7825
2000-08-01,8.9683
2000-07-31,9.1125
2000-07-28,8.6354
2000-07-27,8.1332
2000-07-26,8.0794
2000-07-25,7.9414
2000-07-24,7.9262
2000-07-21,7.9853
2000-07-20,8.3558
2000-07-19,8.2645
2000-07-18,8.5235
2000-07-17,8.8673
2000-07-14,8.6347
2000-07-13,8.4222
2000-07-12,8.5888
2000-07-11,8.8341
2000-07-10,8.8742
2000-07-07,9.1449
2000-07-06,9.5398
2000-07-05,9.8683
2000-07-03,10.141
2000-06-30,10.0785
2000-06-29,10.0945
2000-06-28,10.0011
2000-06-27,10.0176
2000-06-26,9.9196
2000-06-23,9.879
2000-06-22,9.9962
2000-06-21,10.2371
2000-06-20,10.4908
2000-06-19,10.7577
2000-06-16,10.8155
2000-06-15,10.8762
2000-06-14,10.9639
2000-06-13,11.4989
2000-06-12,11.6536
2000-06-09,12.0302
2000-06-08,12.6113
2000-06-07,13.0212
2000-06-06,13.4775
2000-06-05,14.1037
2000-06-02,14.6887
2000-06-01,15.3045
2000-05-31,15.7915
2000-05-30,16.1669
2000-05-26,16.3454
2000-05-25,15.8147
2000-05-24,15.4298
2000-05-23,15.0246
2000-05-22,14.7185
2000-05-19,14.4562
2000-05-18,14.4432
2000-05-17,14.946
2000-05-16,15.4973
2000-05-15,16.2586
2000-05-12,16.6442
2000-05-11,16.7005
2000-05-10,16.327
2000-05-09,15.9339
2000-05-08,15.6269
2000-05-05,15.2781
2000-05-04,15.0176
2000-05-03,14.7434
2000-05-02,14.4548
2000-05-01,14.6498
2000-04-28,15.2416
2000-04-27,15.8645
2000-04-26,16.2623
2000-04-25,16.8963
2000-04-24,17.1877
2000-04-20,17.0546
2000-04-19,17.1087
2000-04-18,17.1001
2000-04-17,16.4925
2000-04-14,15.2803
2000-04-13,14.2461
2000-04-12,14.0488
2000-04-11,14.5007
2000-04-10,15.153
2000-04-07,15.9065
2000-04-06,16.6997
2000-04-05,17.4796
2000-04-04,17.8944
2000-04-03,18.331
2000-03-31,18.8485
2000-03-30,19.5886
2000-03-29,20.3987
2000-03-28,20.8806
2000-03-27,20.9457
2000-03-24,20.8968
2000-03-23,20.8453
2000-03-22,20.9098
2000-03-21,21.0426
2000-03-20,21.7775
2000-03-17,22.6439
2000-03-16,23.8154
2000-03-15,24.8098
2000-03-14,24.7335
2000-03-13,24.7411
2000-03-10,24.4868
2000-03-09,24.5843
2000-03-08,24.6457
2000-03-07,24.2118
2000-03-06,23.8623
2000-03-03,23.8459
2000-03-02,23.9999
2000-03-01,23.8916
2000-02-29,23.7776
2000-02-28,23.487
2000-02-25,22.62
2000-02-24,21.7074
2000-02-23,21.1187
2000-02-22,20.6019
2000-02-18,19.8723
2000-02-17,19.2903
2000-02-16,19.0673
2000-02-15,18.9063
2000-02-14,19.1484
2000-02-11,19.6029
2000-02-10,20.6084
2000-02-09,21.6774
2000-02-08,22.6878
2000-02-07,23.3953
2000-02-04,24.1399
2000-02-03,24.4081
2000-02-02,24.8194
2000-02-01,25.4919
2000-01-31,26.7356
2000-01-28,28.1196
2000-01-27,29.3006
2000-01-26,29.9646
2000-01-25,30.5456
2000-01-24,31.1571
2000-01-21,31.8009
2000-01-20,31.8029
2000-01-19,31.6093
2000-01-18,31.5298
2000-01-14,31.6367
2000-01-13,31.3049
2000-01-12,31.026
2000-01-11,30.8359
2000-01-10,29.9493
2000-01-07,29.016
2000-01-06,29.9948
2000-01-05,31.2822
2000-01-04,32.5646
2000-01-03,33.527
1999-12-31,33.7828
1999-12-30,33.1322
1999-12-29,32.5474
1999-12-28,32.1347
